ref,category,part,manufacturer,description,package,qty,status,source,adr,notes
U-BUCK,controller,R-78E5.0-1.0,Recom,12V to 5V switching regulator module,SIP-3 THROUGH-HOLE,1,candidate,,0015,"3-pin SIP on a 7805 footprint - no inductor, no feedback network, no layout risk. ONE: the one dev board, the 8x8 matrix and the level shifter (ADR 0015 - there is no display board). Its share of the clamp-legal worst case is 68-78% of 1A (power-entry-instrument.md). IT IS 10.4mm TALL UPRIGHT, which fits anywhere on the main board, under the key boards included (mechanical/drc.echo 'main board parts room under the key boards' and 'regulator block fits where it stands') - no need to lay it flat. *** MINIMUM INPUT IS 8V FOR THE 5.0V PART, NOT THE 7V ON THE FEATURES LINE - THAT 7V IS THE 3.3V PART'S. *** The front page says 'Wide input range (7V - 28V)' and the selection table says R-78E3.3-1.0 = 7-28, R-78E5.0-1.0 = 8-28. Not binding here - worst case at the buck input is ~10.96V (rack at 11.4V, less ~0.28V of Schottky, ~36mV of R-ILIM and FET, ~121mV in 4m of Cat5 at 360mA), so ~3V of margin and even a 20% rack sag clears it - but anyone sizing the umbilical against '7V' is working to the wrong part. DERATING: 100% of rated load from -40C to +60C ambient, then linear to 60% at +85C with a hard cutoff, natural convection. At 65C ambient that permits 92% against the 69-78% actually drawn, ~14 points of margin, and 78% stays legal to ~73.8C. SWITCHING FREQUENCY 330kHz for the 3.3V and 5V outputs (570kHz for 12V) - the figure C-AA-ADC is sized against. Max capacitive load 220uF. No minimum load on the 5V part. Short-circuit protection is CONTINUOUS WITH AUTOMATIC RECOVERY, not latching. BUY RECOM'S OWN (LCSC C3033024, or a distributor): the in-stock parts LCSC lists under the same number from other makers switch at 520-850 kHz, not 330 kHz [web LCSC listings, 2026-09-29], and C-AA-ADC is sized against 330 kHz. Hand-soldered (THT)"
C-STRIP-BULK,controller,470uF 25V electrolytic,Nichicon,Bulk at the WS2815 feed point,SMD can 10 x 10mm,1,selected,,0016,"Bulk belongs at the load. A ferrite is a wire at the WS2815's ~2kHz PWM rate. ONE: one strip, fed on the main board beside J-LED (ADR 0016). UCW1E471MNL1GS (LCSC C340751): 25 V on the 12 V strip feed"
L-BUCK-IN,controller,"22uH shielded power inductor, >=1A",Sunlord,LC between the umbilical node and the buck input,SMD 6.0 x 6.0 x 2.8mm,1,selected,,0004,"A real inductor, not a bead. SWPA6028S220MT (LCSC C51349), 22 uH: the value the input LC's derivation uses (power-entry-instrument.md)"
D-USBOR,controller,SS14,Vishay,ORs USB VBUS with the umbilical-derived 5V rail for bench use,DO-214AC (SMA),1,selected,,0005,"One diode from the buck into the dev board's 5V node, which USB VBUS also feeds. Bench affordance for E5, explicitly not a standalone mode. SS14-E3/61T (LCSC C47460): SMA like D-REVSHUNT's SMC, so machine-placed with no hand step, and 2.29 max high [ds SS14.pdf p.3], inside the main board's SMD height. VF 0.50 V max at 1 A [ds p.2]; at 0.7-0.8 A it drops about 0.45 V, leaving about 4.55 V at the dev board's 5V pin - fine for its 3V3 LDO [calc]. Dissipation 0.78 A x 0.45 V = 0.35 W, +31 C at RthJA 88 C/W [calc, ds p.2]. The breath sensor is not on this rail"
C-BUCK-IN,controller,100uF 25V electrolytic,Nichicon,Bulk cap at the umbilical entry / buck input - the C of L-BUCK-IN's LC,SMD can 6.3 x 5.8mm,1,selected,,0004,"Completes the LC: L-BUCK-IN had an L and no C. One buck and one capacitor. Also the capacitance the module load switch's inrush ramp is sized against (ADR 0005). 25V part on a 12V rail for derating. UCM1E101MCL1GS (LCSC C729678): AN ELECTROLYTIC, NEVER A CERAMIC - its ESR is the LC's damping (power-entry-instrument.md, the input LC)"
D-TVS-PWR,controller,SMAJ15A,multiple,TVS across the umbilical power pair at the instrument,DO-214AC,1,candidate,,0005,"15V standoff on a 12V rail. The power pair is the one the old 6-channel array could never have covered - six channels against eight conductors, and the six non-power ones are the natural fit"
D-REVSHUNT,controller,SS34,multiple,Shunt diode across the umbilical power pair at the instrument,DO-214AB (SMC),1,candidate,,0004,"UNRETROFITTABLE. A rollover/console RJ45 lead swaps 3 and 6, which on the T568B map are +12V and PWR_GND - reverse polarity into the instrument, from a consumable patch lead that looks identical to a good one. Cathode to the +12V pin: reversed, it conducts hard, the module's LT1641-1 sees a short and LATCHES OFF, and the panel LED says so - the load switch becomes the fuse. *** PACKAGE IS DO-214AB (SMC), NOT DO-214AC *** [SS34.pdf p.1, 'MECHANICAL DATA / Case: SMC (DO-214AB)']. DO-214AC is the SS14's package, and the two are a footprint apart on unretrofittable reverse-polarity protection sitting on the +12V pin - check it against the drawing before the board goes out"
NT-AGND,controller,"Net tie, 2 pads, copper only",,The analog star's single tie: AGND_INST to PWR_GND at one point,net tie footprint (no part),1,decided,,0003,"COPPER, NOT A PART: nothing is bought or placed. The layout puts it at the analog star point, the one place AGND_INST meets PWR_GND (carrier.md section 2; dig-gnd-topology), and the net tie lets KiCad's DRC allow that join there and nowhere else. Assembly: none"
U-REF-BREATH,controller,REF5050AIDR,TI,5.000V precision series reference for the breath sensor supply,SOIC-8 (1.27mm pitch),1,candidate,,0003,"The MPXV4006DP is ratiometric, so ITS SUPPLY IS ITS SCALE FACTOR - that is the whole reason for a separate reference here. Buffered by half of U-BUF, and see R-ISO-REF for the network that makes that buffer stable. *** THE GRADE IS A LIVE, TRACKED DISPUTE: see ref5050-grade, and do not restate its numbers here. *** The short of it is that the A suffix is the WORSE grade [Table 4-2 p.3: REF50xxI = 'High', REF50xxAI = 'Standard'], which is the opposite of what a reader expects from a letter suffix, and the fix is one letter in the order code for the same package and pinout. FETCH NOTE for whoever needs the document again: ti.com/lit/ds/symlink/ref5050.pdf is a REAL 404 - TI renamed the folder REF50XX -> REF50/REF50E at rev O and broke the symlink - and the working URL is ti.com/lit/ds/sbos410/sbos410.pdf"
U-BUF,controller,OPA2197IDR,TI,Dual RRIO op-amp: breath buffer + reference buffer,SOIC-8 (1.27mm pitch),1,candidate,,0003,"SOIC-8, and it RUNS ON +12V, NOT 5V: a +12V fault on the BREATH conductor is then at the rail, so there is no clamp current and the >=3.3k protection-resistor requirement goes away. Same part as the module op-amps - DEVICE FACTS ARE ON U-OPA-PITCH and are not repeated here. STABILITY IS THE WHOLE OF THIS ROW. The reference half drives the sensor's 100nF decoupler ALONE - C-REF-OUT is on the REF5050, not on this output (see figures.yaml cref-out-node). Against the specified 375 ohm open-loop Zo that is 1.5 degrees of phase margin as a bare follower, so IT MUST BE COMPENSATED, with TI's own dual-feedback network [SBOS737C Figure 56]: R-ISO-REF 37.4R, R-FB-REF 10k taken at VS, R-FBX-REF 100R + C-FB-REF 1nF at this pin. That gives 85.9 degrees AND exactly zero DC error across R-ISO-REF, so the 2% ratiometric objection to an out-of-loop resistor never has to be paid - see figures.yaml riso-ref-topology"
C-REF-OUT,controller,10uF X7R,,Output and input capacitors on the REF5050,1206,2,candidate,,0003,"REF5050 VIN bypass and REF5050 VOUT load capacitor - one each, with a 100nF from C-DECOUPLE-CARRIER alongside each. *** NEITHER IS ON THE BUFFER'S OUTPUT *** (see figures.yaml cref-out-node); this is the rail that IS the breath scale factor. The VOUT one is not a choice - the part cannot be built without it [SBOS410O 8.4.1 p.26: 'Confirm that a output capacitor (CL) is connected from VOUT to GND. For output stability, verify that the ESR value of CL less than or equal to 1.5 ohm', with Figure 8-6 giving CL = 1uF to 50uF] - and the other is the 8.4.1 supply bypass (1-10uF). That accounts for both and leaves nothing for the buffer output, which is just as well: 10uF there would be 10000x the OPA2197's 1 nF capacitive-load limit. CONSEQUENCE WORTH KNOWING: the REF5050 now drives only the OPA2197's input bias current (+/-20 pA max at 25C), so its load regulation (20 ppm/mA typ, 30 max, 50 over temperature) contributes ZERO to the breath scale factor, where the other topology would have cost 300 ppm = 1.0 LSB. THE SERIES 1-1.5 OHM RESISTOR IS OPTIONAL, NOT REQUIRED - 8.4.1's 'ESR <= 1.5 ohm' is a stability CEILING an X7R satisfies trivially, and 9.4.1.1 p.29 says plainly 'A resistor in series with the output capacitor is optional.' FIT A 0R/1R0 FOOTPRINT and decide it at E13 with a scope; it is electrically free either way, being in series with a capacitor to ground rather than in the signal path. The TRIM/NR 1uF is DECLINED: 8.3.6 p.26 halves 4.5 uVrms to 2.25 uVrms and lengthens start-up, on a term already 325x below an ADC LSB (4.5 uVrms against 1.46 mV)"
R-ISO-REF,controller,37.4R 1%,,"Isolation resistor, reference buffer dual-feedback network (SBOS737C Fig. 56)",0805 (2.0 x 1.25mm),1,selected,,0003,"OPA2197 output to U-BREATH VS (pin 2). One of four parts in TI's dual-feedback reference-buffer network [SBOS737C 8.2.3 p.30, Figure 56 'Precision Reference Buffer']; the other three are R-FB-REF, R-FBX-REF and C-FB-REF. INSTRUMENT-SIDE AND UNRETROFITTABLE. *** TI'S FIGURE TRANSFERS TO OUR 100 nF DESPITE ITS 10uF BECAUSE R_ISO IS SET BY Zo, NOT BY C_L *** - the attenuation R_ISO/(Zo+R_ISO) and the pole-zero ratio both depend only on R_ISO/Zo, and C_L moves both corners together and cancels. 37.4R is Zo/10 against the specified 375 ohm (see U-OPA-PITCH). Simulated 85.9 degrees at 896 kHz; the same model run on Figure 56 as printed returns 87.4 against TI's published 89. *** DC ERROR ACROSS THIS RESISTOR IS EXACTLY ZERO BY TOPOLOGY *** - C-FB-REF blocks at DC so no current flows in R-FBX-REF, input current is pA so none flows in R-FB-REF, and the amplifier therefore forces V(VS) = 5.000 V. Its value and tolerance stop mattering; the 1% is bought for stock reasons. Power is (10mA)^2 x 37.4 = 3.74 mW in an 0805. DO NOT PUT R_ISO INSIDE THE LOOP: it buys nothing at ANY value - 1.5 degrees at 10R and 1.5 degrees at 37.4R, the same as fitting nothing. See figures.yaml riso-ref-topology"
R-FB-REF,controller,10k 1%,,"DC feedback resistor, reference buffer - taken at the sensor's VS pin",0805 (2.0 x 1.25mm),1,selected,,0003,"Part of the reference buffer's dual-feedback network - see R-ISO-REF and figures.yaml riso-ref-topology. INSTRUMENT-SIDE AND UNRETROFITTABLE: the carrier board is inside the sealed body and this network cannot be added later | 10k AND NOT TI'S 1M, deliberately. Two reasons TI's circuit does not have. (1) The guaranteed-over-temperature I_B of 5 nA through 1M is 5 mV = 1000 ppm = 3.4 LSB on a rail that IS the ratiometric scale factor; through 10k it is 50 uV = 0.034 LSB. (2) R_F x C_F sets the HANDOVER frequency above which the loop closes on the amplifier's own output instead of on VS. TI's load is a pure capacitor; ours draws 10 mA, so above the handover any load-current change appears at VS across R-ISO-REF. TI's 1M x 39nF puts it at 4.08 Hz, inside the breath channel. 10k x 1nF puts it at 15.9 kHz, well above the 500 Hz channel, and |Z_out| at VS is then 1.20 ohm at 500 Hz. The R-FB-REF:R-FBX-REF RATIO OF 100:1 IS WHAT MUST BE PRESERVED from TI, not the absolute values"
R-FBX-REF,controller,100R 1%,,"AC feedback resistor, reference buffer - taken at the OPA2197 output pin",0805 (2.0 x 1.25mm),1,selected,,0003,"Part of the reference buffer's dual-feedback network - see R-ISO-REF and figures.yaml riso-ref-topology. INSTRUMENT-SIDE AND UNRETROFITTABLE: the carrier board is inside the sealed body and this network cannot be added later | Scales with R-FB-REF to hold TI's 100:1 ratio, so that above the handover the loop closes on the amplifier output with only 1% of VS leaking in. R_Fx x C_F is 100 ns here against the 3.74 us TI's own rule (R_Fx C_F = R_ISO C_L) would give, and the simulation says it costs nothing - the binding condition is |R_Fx + 1/(2.pi.f C_F)| much less than R_F AT CROSSOVER, which at 896 kHz is 100 + 178 = 205 ohm against 10k, a 49x margin"
C-FB-REF,controller,1nF C0G,,"AC feedback capacitor, reference buffer",0805 (2.0 x 1.25mm),1,selected,,0003,"Part of the reference buffer's dual-feedback network - see R-ISO-REF and figures.yaml riso-ref-topology. INSTRUMENT-SIDE AND UNRETROFITTABLE: the carrier board is inside the sealed body and this network cannot be added later | C0G, because this capacitor sets the handover frequency and an X7R's DC-bias and temperature derating would move it. 1nF at R-FB-REF's 10k gives a 15.9 kHz handover. IT IS ALSO WHY THE DC ERROR IS ZERO: blocking at DC is what leaves R-FB-REF as the only feedback path, so the amplifier servos the SENSOR pin rather than its own output. NOTE FOR THE SPICE DECK: this network leaves the summing node with no DC path except through R-FB-REF, so a simulator needs a leak resistor there for convergence and a real board does not - the amplifier's input leakage provides it"
R-REF-IN,controller,330R 1%,,"Series resistor ahead of the REF5050 input, into the zener clamp",0805 (2.0 x 1.25mm),1,selected,,0003,"+12V to REF_VIN. THE RAIL'S TVS DOES NOT PROTECT THE REFERENCE: D-TVS-PWR clamps at up to 24.4 V [ds LITTELFUSE-SMAJ-SERIES-SMAJ15A.pdf p.2] and the REF5050's VIN abs max is 18 V [ds REF5050.pdf p.5]. This resistor limits the zener's current to (24.4 - 15.75)/330 = 26 mA [calc]. DC drop at the reference's 1.2 mA max [ds REF5050.pdf p.8] is 0.40 V, leaving >= 11.6 V against 5.2 V needed [ds p.7]. The REF5050's VIN capacitors sit on REF_VIN, after this resistor, so R and C filter ahead of the clamp. Same part as R-LED-SER (UNI-ROYAL 0805W8F3300T5E)."
D-REF-CLAMP,controller,15V zener,onsemi,15 V zener clamp on the REF5050 input (MMSZ5245BT1G),SOD-123,1,selected,,0003,"Cathode to REF_VIN, anode to AGND_INST. Vz 14.25-15.75 V at 8.5 mA, Zzt 16 ohm max [ds ONSEMI-MMSZ5221BT1-SERIES-MMSZ5245BT1G.pdf p.3]: at 26 mA it holds <= 16.1 V, under the REF5050's 18 V [calc]. Leakage is specified only at 11 V (0.1 uA); 1 uA through R-REF-IN would be 0.33 mV, so it cannot move the reference [calc]."
C-AA-ADC,controller,47nF C0G/NP0,,Anti-alias cap at the MCP3202 input pin,0805 (2.0 x 1.25mm),1,candidate,,0003,"564Hz with the divider's 6k Thevenin (10k||15k) - matches the 500Hz channel everywhere else. WAS 220nF, which is 121Hz and smears the breath band; the '~600Hz, 58dB at 496kHz' note was wrong twice over - wrong corner, and the R-78E5.0 switches at 330kHz not 496kHz. 55dB at 330kHz. C0G not X7R in a DC-accurate path"
C-ADC-BULK,controller,10uF X7R,,Bulk at MCP3202 VDD/VREF,1206,1,open,,0003,"DRAWN ON THE PAGE AND MISSING FROM THIS BOM UNTIL 2026-09-22. *** PROPOSED, NOT DECIDED *** - the page says so and this row says so. The MCP3202 has no VREF anti-alias and the WS2815 PWM is ~2 kHz against a 4 kHz sample rate, so reference ripple aliases straight into the breath reading. DECIDED AT E9, on the bench, by scoping VREF with the LEDs sweeping - that is the only measurement that settles whether this part is needed at all and whether 10uF is enough. IF FITTED, 1206: Samsung CL31B106KBHNNNE (LCSC C89632), 10 uF X7R 50 V - the same part as C-REF-OUT, so no new line"
R-ADCDIV-L,controller,15k 1% metal film,,Lower leg of the 0.6x divider from the breath buffer to the ADC,0805 (2.0 x 1.25mm),1,candidate,,0003,"LOWER LEG, to the instrument analog star. 15k against the 10k upper leg is the 0.6x that lands sensor-full-scale inside a 3V3 ADC's range. The RATIO is what matters, so buy both legs from one reel"
R-ADCDIV-U,controller,10k 1% metal film,,Upper leg of the 0.6x divider from the breath buffer to the ADC,0805 (2.0 x 1.25mm),1,candidate,,0003,"UPPER LEG, AND >=10k IS THE SPEC, NOT THE VALUE: below that, 5V-before-3V3 sequencing pushes about 2.5 mA into the ADC's ESD clamp on every power-up. It also has to leave C-AA-ADC time to settle, which is what stops the leg going higher still. Divide AFTER the buffer, never before"
U-ADC,controller,MCP3202-CI/SN,Microchip,12-bit 2-ch SAR ADC SPI,SOIC-8 (1.27mm pitch),1,candidate,,0003,"SOIC-8. VDD-referenced so no separate ref chip. 50ksps at 3V3 vs 4-8kHz needed. One spare channel | 2026-09-21, from Microchip DS21034F now at datasheets/analog/MCP3202-CI-SN.pdf: fCLK max is 1.8MHz at VDD=5V and 0.9MHz at VDD=2.7V, WITH NO 3.3V ROW. The 0.9MHz the design uses is therefore the GUARANTEED 2.7V MAXIMUM, not an interpolation - two documents called it an interpolation and it is strictly conservative at 3.3V, with ~25% of unclaimed headroom (straight-line to 3.3V gives ~1.14MHz). Both rows are characterised, not 100% tested. ALSO A MINIMUM NOBODY HAD: the sample cap holds charge for at least 1.2ms at 85C, so effective fCLK >= ~10kHz - which forecloses 'slow the ADC down' as a way to buy loop time. Sample cap 20pF with 1k switch resistance; tSAMPLE is 1.5 clock cycles and source impedance adds directly to it, so the buffer ahead of it is load-bearing"
U-LVLSHIFT,controller,74AHCT125,multiple,Quad buffer as LED data level shifter,SOIC-14 (1.27mm pitch),1,candidate,,0014,"SOIC-14. 5V rail TTL thresholds so 3.3V reads high. ONE GATE USED, THREE SPARE (ADR 0016 - one strip); tie every spare input. The WS2815 datasheet's own recommended application circuit GROUNDS the first pixel's BI (L1 pin 6 to pin 5), so only DI is driven. WS2815 THRESHOLD VERIFIED: V_IH = 0.7 x VDD in a table whose header declares VDD = 4.5-5.5V, so 3.15-3.85V, which this part clears at 5V. Do not read that VDD as the +12V LED rail"
C-DECOUPLE-CARRIER,controller,100nF X7R,,"HF decoupling at every carrier IC - ADC, reference, buffer, level shifter, sensor",0805 (2.0 x 1.25mm),8,candidate,,0013,"One per supply pin: MCP3202, REF5050 IN AND OUT, OPA2197 +12V, 74AHCT125, MPXV4006DP, and both R-78E5 inputs. ADR 0001 fixed only the shift registers (C-DECOUPLE-165) and stopped there | 2026-09-21: QTY 7 -> 8. The old enumeration gave the REF5050 one 100nF while carrier.md drew one at its OUTPUT and the prose claimed one at the sensor's VS pin - the same part spent twice across three files, and none drawn at VS at all. SBOS410O section 9.4.1.1 pp.29-30 wants both: a VIN bypass AND 'a high-frequency, 1uF capacitor in parallel between the output and ground'. Settled allocation is REF5050 VIN, REF5050 VOUT, and U-BREATH VS (pin 2) - and the VS one is the 100 nF the reference buffer's compensation is designed against. See figures.yaml cref-out-node"
R-LED-SER,controller,330R 1%,,Series resistor on the WS2815 data line at the driver,0805 (2.0 x 1.25mm),1,candidate,,0016,"Damps the fastest edge in the instrument at its source and protects the 74AHCT125 output. ONE: one strip (ADR 0016). BI is NOT driven - the datasheet (datasheets/led/WS2815.pdf) grounds the first pixel's BI (L1 pin 6 to pin 5), so it needs no gate and no resistor. The figure is a raster with no text layer and was read by rendering at 700dpi - confirm visually before wiring"
R-LED-PD,controller,10k 1%,,Pull-down on the LED data line at the MCU pin,0805 (2.0 x 1.25mm),1,open,,0016,"IO1 is high-impedance through the bootloader window, and a floating WS2815 data line is the classic source of intermittent LED behaviour. WHAT DECIDES IT: E1, where the strip first runs - if the boot window shows no spurious pixels without it, it is not needed. One part, one strip (ADR 0016)"
J-LED,controller,"4 solder pads, 2.54mm pitch - no connector",,"WS2815 strip: DI, BI, +12V, GND","4 plated holes, drill 1.0 (THT pads, no part)",1,selected,,0016,"Four conductors: DI through R-LED-SER, BI, and strip power. *** BI IS A GROUND CONNECTION, NOT A DRIVEN ONE *** - see the page; wiring it as a second data line is the mistake these pads invite. The +12V and GND pads carry strip power but that net belongs to carrier/power-entry-instrument, not to this circuit. PADS, NOT A CONNECTOR: the strip lies on the same board (ADR 0016), so its leads solder straight in. A plug would add 7-10 mm of height and a pigtail loop [ds JST-XH-SERIES.pdf p.1] to guard against a reversal that, with pads, can only happen once - at the build. SILKSCREEN EACH PAD 12V / DI / BI / GND, SQUARE PAD ON GND, AND CHECK 12V-TO-GND WITH A METER BEFORE FIRST POWER: reversed, 12V goes into the gate driver's output. Replacing the strip means desoldering four leads"
HDR-SERVICE,controller,1x5 2.54mm pin header,,"Service header: the real-time board's U0TXD, U0RXD, GND, EN and IO0",THROUGH-HOLE,1,candidate,,0018,"FIVE PINS (ADR 0018): 1 TXD (IO43, out), 2 RXD (IO44, in), 3 GND, 4 EN, 5 IO0 - the ground between the UART pair and the control pair. EN and IO0 reach it on two conductors of CBL-MCU-RIBBON, soldered on the Matrix to its Key1 (RESET/EN) and Key2 (BOOT/IO0) terminals. NOTHING IN SERIES: the Matrix pulls both up with 10k to its 3V3 (R8, R10) and its buttons pull them to GND [datasheets/mechanical/WAVESHARE-ESP32-S3-MATRIX-SCHEMATIC.pdf]. DRIVE THEM TO GROUND ONLY - a button, a jumper, or an adapter's open-collector reset circuit; never drive them high, least of all from a 5V adapter. Recovery order: USB-Serial-JTAG through the tail USB-C first, a reflash over the same port second, this header third - and with EN and IO0 here, download mode can be forced in place (firmware/README.md)"
U-MCU-RT,controller,ESP32-S3-Matrix,Waveshare,Real-time MCU: ESP32-S3 + onboard QMI8658C 6-axis IMU,"dev board, on the lid; CBL-MCU-RIBBON soldered to its pad rows",1,selected,,0007,"Mounted low for acceleration sensitivity. 17 GPIO on its two pad rows (1-7, 33-40, 43, 44) and 12 used; CBL-MCU-RIBBON takes them to J-MCU. Native USB - verified, not a UART bridge - so USB MIDI works. 4MB flash, 2MB QUAD PSRAM, both on-package: the vendor schematic marks U66 = ESP32-S3FH4R2 [datasheets/mechanical/WAVESHARE-ESP32-S3-MATRIX-SCHEMATIC.pdf; F=in-package flash, H4=4MB, R2=2MB quad PSRAM from Espressif's ordering code, from memory], so GPIO33-37 are free - octal PSRAM would have taken them. The 8x8 matrix is the instrument's only display, under a window in the top face (ADR 0015) - measure idle draw at E1 to size the shared lighting budget"
MECH-COAT,controller,Acrylic conformal coating,,Conformal coating for the in-body boards,aerosol or brush,1,open,,0009,"Breathed into for hours behind 18 unsealed switch cutouts, interior 10-20K above ambient. MASK BOTH SENSOR PORTS FIRST - a sealed reference chamber gains ~5.2kPa when warm and the output clips at zero, looking like a dead sensor (ADR 0003). THE SENSOR IS SOLDERED TO THE BOARD AND COATED WITH IT: a sensor swap breaks the coating at its eight joints - re-mask both ports before touching it up"
PCB-CARRIER,controller,"2-layer PCB - the main board: thumb switches, both thumb registers and the carrier circuits",,"Thumb switches and their registers, breath sensor, reference, ADC, umbilical, SPI egress, LED-strip drive and strip, the regulator, service header","long and narrow, sized in mechanical/drc.echo (main board), 1.6mm (config/body.yaml switch.pcb_t)",1,open,,0017,"ONE board at the thumb level, mouth cap to the end of the right hand (ADR 0017). A TONGUE runs on from its tail end to the etherCON's adapter and carries J-UMB, soldered into both (ADR 0021). The thumb switches solder into it; the key boards connect to it by 12-conductor IDC ribbons (CBL-CHAIN), a through-hole right-angle J-CHAIN header for each in its far band beside the LED strip. Parts face up - mechanical/drc.echo gives the room under the key boards and elsewhere. Holes over the U-bolt nuts, notches at the screws, and a hole at each mount - on a thumb plate the key boards' stud, spacer and nut, on the oak an insert, a spacer and a screw (ADR 0022). 1.6mm, as the key boards, its top pressed against the thumb switches' housing bottom (ADR 0020 Amendment 6). Long: check the board house's panel and price before M4. Nothing on it is fast or RF - 2 layers, hand-assembled"
J-MCU,controller,"2x12 1.27mm shrouded box header, right-angle, keyed",,The Matrix's connector on the main board: CBL-MCU-RIBBON plugs in here and unplugs when the lid comes off,envelope: config/body.yaml boards.mcu_conn_*,1,open,,0018,"WHERE: the main board's tail end beside the regulator block, side entry, the ribbon arriving level from the mouth side; the LED strip stops short of it (mechanical/DESIGN.md). PINOUT (ADR 0018), ribbon conductor n = pin n [IDC numbering, from memory - confirm on the socket's drawing]: 1 5V, 2 GND, 3 5V, 4 IO1, 5 IO2 (spare), 6 IO7, 7 IO3 (spare), 8 IO38, 9 GND, 10 IO35, 11 GND, 12 IO36, 13 3V3, 14 IO34, 15 GND, 16 IO39, 17 5V, 18 IO37, 19 IO33, 20 IO40, 21 IO44 (RX), 22 IO43 (TX), 23 IO0, 24 EN. hardware/carrier/netlist.yaml is authoritative. Every fast line - IO35 SCLK, IO36 MOSI, IO34 CS_MOD, IO38 chain SCK, IO7 SH/LD - has a ground, a supply or a static line on both sides; pin 9 is the ground between SCLK (IO35) and the chain clock (IO38). EN is on the edge with only IO0 beside it: the Matrix has no capacitor on EN (R8 10k to 3V3 and Key1 to GND, nothing else - datasheets/mechanical/WAVESHARE-ESP32-S3-MATRIX-SCHEMATIC.pdf). IO2 and IO3 are spare and reach no other part on the main board; bring them to two test pads beside J-MCU. KEYED AND SHROUDED: a reversed plug puts 5V on a GPIO. RATING: the 5V and GND contacts carry the whole Matrix draw, and fed from the 5V pad nothing on the Matrix limits it (its USB diode is bypassed - matrix-led-current, power_path), so rate them against U-BUCK's 1A (R-78E5.0-1.0), not against matrix-led-current: three 5V contacts at ~0.33A and four GND at ~0.25A each [calc, equal sharing], against ~1A per 1.27mm contact [from memory]. PART NUMBER OPEN [from memory: 1.27mm dual-row box headers with a 0.635mm-ribbon IDC mate are a stock family; the envelope is from memory too]. Decided at M4 with the part in hand: the envelope, the latch and the mating IDC socket"
CBL-MCU-RIBBON,controller,"24-way flat ribbon, 0.635mm pitch, with a 2x12 1.27mm IDC socket at one end",,"The Matrix's wiring: soldered to its two pad rows, two test pads and its two button pads on the lid, plugged into J-MCU on the main board","cable assembly, hand-built",1,open,,0018,"CONDUCTORS: 24, conductor n = J-MCU pin n (J-MCU row; hardware/carrier/netlist.yaml is authoritative). AT THE MATRIX END [datasheets/mechanical/WAVESHARE-ESP32-S3-MATRIX-SCHEMATIC.pdf; pad rows per WAVESHARE-ESP32-S3-MATRIX-pinout.png]: the 12 used GPIO and the spare IO2 and IO3 to their pads; 3V3 (13) to the 3V3 pad; 5V x3 - conductors 1 and 3 both on the 5V pad, 17 on TP2 (net VCC_5V); GND x4 - conductor 2 on the GND pad, 9, 11 and 15 on TP3 (net GND). IF TP3 WILL NOT TAKE THREE JOINTS, twist 9, 11 and 15 together and tin them as one joint - each is still its own path to J-MCU. EN (24) to Key1 and IO0 (23) to Key2, each on the terminal that goes to its 10k pull-up (R8 for RESET/EN, R10 for IO0), NOT the one on GND: with a meter, the right terminal reads ~10k to the 3V3 pad and the wrong one 0 ohm to the GND pad. Nothing in series on either: R8/R10 hold them up, the buttons still work, and whatever drives them from HDR-SERVICE pulls to ground only. CURRENT: at U-BUCK's 1A (R-78E5.0-1.0) the three 5V conductors carry ~0.33A each and the four GND ~0.25A [calc, equal sharing]; a 0.635mm conductor carries that without heating to speak of [from memory]. RESISTANCE IS WHAT THE FOUR GROUNDS ARE FOR: ~34mohm per 100mm [from memory, ~30AWG], four in parallel ~8.5mohm - ~1 LSB full scale on the breath ADC per 100mA and ~10 at 1A, against ~42 on one ground [calc, carrier.md]. The Matrix's 3V3 is the ADC's reference (carrier/breath-adc) and is regulated against the Matrix's ground, so LED return current in the ribbon's grounds moves it. E11 confirms it: breath output clean while the matrix is exercised. BUILD: split the ribbon at the Matrix end into its pad-row groups; separate each conductor only as far as it travels to its pad, solder, then fix the ribbon to the board so it flexes behind the joints rather than at them [from memory]. Crimp the IDC socket with pin 1 marked. LENGTH: mechanical/drc.echo 'Matrix ribbon length' plus build slack - enough to lift the lid far enough to reach J-MCU. A DEAD MATRIX: unplug at J-MCU, lid off, desolder the ribbon from the pads and solder it (or a new one) to the replacement - a bench job, with no main-board rework"
NT-DIG,controller,"Net tie, 2 pads, copper only",,"DIG_GND (J-UMB pin 8) to the main board's ground, at the pin",net tie footprint (no part),1,decided,,0018,"COPPER, NOT A PART: nothing is bought or placed. The layout puts it at J-UMB pin 8 - the short, wide connection ADR 0018 asks for - and the net tie lets KiCad's DRC allow that join there and nowhere else. Assembly: none"
U-KEYS,controller,SN74HCS165 (Schmitt-trigger inputs),multiple,8-bit parallel-in shift register,SOIC-16 (1.27mm pitch),4,candidate,,0001,"74HCS165: SCHMITT-TRIGGER INPUTS, NOT A PLAIN 74HC165. Every key input crosses its thresholds at the key network's RC rate, far slower than a plain HC165 allows; the HCS165 has no input transition-rate requirement (datasheets/logic/SN74HCS165-ti-scls828a.pdf p.15) and the same pinout and SOIC-16 (p.3). Thresholds at 3.3 V: TI publishes rows at 2, 4.5 and 6 V only, so key-release-time and key-press-time are taken at its extreme ratios (their threshold_note). HC-FAMILY OUTPUTS, NOT LVC: over an unterminated line stronger drive and faster edges are what ring, and HC drive is the weaker. A hop is NOT a lumped load (output transition is published as a maximum only, p.8, and a hop is longer than key-chain-loom.md's length rule allows even at that maximum); it does not need to be: QH to the next SER is data sampled a whole clock period later, into a Schmitt input (setup and hold, p.7), and the edge-sensitive SCK and SH/LD are the MCU's, behind R-CHAIN-SER (E14). LVC with source termination is the way back if E4 or E14 disagrees. ONE PER CLUSTER: right_thumb and left_thumb on the main board, right_hand and left_hand on the key boards (ADR 0017). Tie CLK INH low at all four. A board house substitute must have Schmitt-trigger inputs with no transition-rate limit: a 74HC165 or a 74LV165A (whose Schmitt action still carries a rate limit, datasheets/logic/74LV165A-nexperia.pdf p.5) is not one. The bought part is the sheet's (ADR 0019)"
C-DECOUPLE-165,controller,100nF X7R,,"Decoupling, one per shift register, beside it on its own board",0805 (2.0 x 1.25mm),4,candidate,,0001,"One per device, on its own board - which is where it belongs. A 74x165's output edges brown out a local rail that has no reservoir"
SW-THUMB,controller,KS-33 lighter variant - TBD at M1,Gateron,Optional lighter-spring switches for the four left-thumb keys,"switch, plate mount",4,open,,0002,"ADR 0002 leaves the spring weight to M1, decided by hand before anything is built. If taken, SW1-n drops by 4. Mixed weights cost nothing but a second line on the same order"
R-KEY-PU,controller,2k2 1%,,Pull-up on every 74x165 key input,0805 (2.0 x 1.25mm),24,candidate,,0001,"2k2, on the register input's node, placed beside its switch. Kept as cheap insurance: the cavity is breathed into for hours at 10-20K above ambient and the switch contacts are open. Its cost is the per-pressed-key draw (key-scan-current) on the rail that is also the ADC reference - a live trade, key-switch-network.md. TWENTY-FOUR: one per switch position including the reserved spare-switch bits (config/key-layout.yaml spare_bits_switches), PLUS one on each genuinely free bit (free-bits): a floating free bit is the ADR 0001 fix-6 fault, and unretrofittable. A free bit's pull-up draws only the input's leakage, since nothing pulls that node low. Why 2k2 and not 10k: notes.md"
R-KEY-SER,controller,100R 1%,,Series resistor between each switch and its 74x165 input,0805 (2.0 x 1.25mm),21,candidate,,0001,"With C-KEY: press crosses the register's lower threshold (VT-, at its minimum) at key-press-time so it stays instant, and release crosses its upper threshold (VT+, at its maximum) at key-release-time. Both are tracked figures and are not restated here - the network they are computed on is 2k2/47nF. The RC is a GLITCH filter, not the debounce: the switch's bounce (ks33-contact-bounce) is far longer, and firmware's release window rejects it. THIS RESISTOR'S JOB: it sets the pressed-node divider and LIMITS C-KEY'S DISCHARGE INTO THE SWITCH CONTACT on every press. It is not in front of the register input and protects nothing there. The press transient against the KS-33's contact rating, and the open trade to a larger value and the ceiling VT- min puts on it: key-switch-network.md"
C-KEY,controller,47nF X7R,,Filter cap at each 74x165 key input,0805 (2.0 x 1.25mm),21,candidate,,0001,"47nF with the 2k2 pull-up keeps tau at ~103us. Press crosses the register's lower threshold (VT-, at its minimum) at key-press-time - see that figure for the margin against the 250us scan period - and release crosses its upper threshold (VT+, at its maximum) at key-release-time. The thresholds are those figures' threshold_note, not restated here. *** DO NOT JUSTIFY THIS PART BY THE COUPLING ARGUMENT: IT IS WRONG (see ADR 0001). *** A capacitive divider cannot exceed the aggressor's swing, and on the real 5V data line an unfiltered wire sees 1.36V of swing, landing the idle node at 1.94V - above the register's VT- even at its maximum, which is at most 0.5 x VCC in every row TI publishes, 1.65V at 3.3V [calc; datasheets/logic/SN74HCS165-ti-scls828a.pdf p.6]: about 0.3V clear, so an unfiltered wire would not read as a press, but not by much. The filter is cheap insurance and a GLITCH filter, not the debounce (key-switch-network.md); it is not the thing that makes the topology safe"
PLATE-THUMB,mechanical,1.20mm aluminium,,"Thumb switch plate, mounted to the inside face of the oak bottom",n/a,1,selected,,0009,"Carries the 4 left-thumb and 4 right-thumb switches. Same 14.0 x 14.0mm cutout geometry, same vendor and same order as PLATE-TOP | 2026-09-21: follows PLATE-TOP to 1.20mm - same switch, same vendor drawing, same slot. The '~2mm' in this row's part field is 0.8mm outside Gateron's window and must change with it. GROUNDED THROUGH THE MAIN BOARD'S PLATE MOUNTS (ADR 0022): each MECH-MB-STUD's clinch and each MECH-MB-SPACER's face must be metal to metal with the plate, so ORDER IT UN-ANODISED, or mask a 6 mm spot round each stud hole on both faces before finishing. Meter each thumb plate to PWR_GND at bring-up: under 1 ohm"
SW1-n,controller,KS-33 Red (linear),Gateron,Low-profile mechanical switch MX stem,"switch, plate mount",21,purchased,Amazon,0002,"Binary. Plate cutout must be measured. Soldered. Thumb keys may want a lighter spring - decide at M1. 12.2mm tall, 1.70mm pretravel, 3.00mm total travel, 3-pin. Datasheet and STEP model published by Gateron - use them, do not caliper the housing. 19 keys + 2 spares (octave up/down) - the spares have no cutouts (ADR 0010), so fitting one means recutting the thumb plate and oak bottom. ORDER KS-33H10B050NN-Y24, the code the banked drawing is for (datasheets/mechanical/GATERON-KS-33-VENDOR-SPEC-DRAWING.pdf) and the MPN on hardware/cluster/key-switch-network/key-switch-network.kicad_sch. The -Y24 suffix is the BLACK-BOTTOM-HOUSING variant, not a year: -Y31 is the white-bottom one, and its spec gives a longer total travel (datasheets/mechanical/GATERON-KS-33-SPEC-WHITE-HOUSING-KS-33H10B050NN-Y31.pdf), so a -Y31 order breaks the flush rule, which the body derives from switch.total_travel. The switches in hand came from Amazon and their code is unknown: read it off the packaging before trusting them to the flush rule"
PLATE-TOP,mechanical,1.20mm aluminium,,Aluminium key plate laser or waterjet cut,n/a,1,selected,,0009,"*** PLATE THICKNESS IS 1.20 +/-0.05 mm, OFF THE VENDOR DRAWING *** (datasheets/mechanical/GATERON-KS-33-VENDOR-SPEC-DRAWING.pdf, the linear Red KS-33H10B050NN-Y24: sheet 6's elevation dimensions the plate slot, sheet 3 section 8 shows the same 1.20 against a hatched plate section). BOTH OF THE OBVIOUS ALTERNATIVES ARE OUTSIDE THAT WINDOW: MX-standard 1.5mm is 0.25mm over the upper limit, 2mm is 0.75mm over and defeats the retention clips entirely, and the third-party reference build's 1.10mm is 0.05mm under the lower limit - do not 'correct' this to an MX number. CUTOUT 14.00 +0.05/-0.02 x 14.00 +0.05/-0.02, not a bare 14.0 square. Also off this drawing: operating force 50 +/-15 gf, pre travel 1.7 +/-0.4, total travel 3.0 +/-0.2, and the contact bounce that is the tracked figure ks33-contact-bounce (cited, not restated). VENDOR CONTRADICTION - USE 60 M: sheet 6 states operation life 60,000,000 cycles min while sheet 3 sections 6.1/6.2 state 80,000,000. *** STRUCTURAL CONSEQUENCE, NOT DECIDED HERE: *** at 1.20mm the plate is thinner than either stiffening plan assumed, so ADR 0009's lamination-or-backer question is a REQUIREMENT rather than an option. GROUNDED AT ONE MOUNT OF THE LEFT-HAND KEY BOARD (ADR 0020, Amendment 5; key-board-lh/layout.yaml bond_mount): that stud's clinch and its spacer's face must be metal to metal with the plate, so ORDER IT UN-ANODISED, or mask a 6 mm spot round that stud hole on both faces before finishing. Meter the plate to PWR_GND at bring-up: under 1 ohm"
PCB-CLUSTER,controller,2-layer PCB - key board,,"Per key cluster: switches, one register (U-KEYS), its decoupling, and the per-key network",1.6mm (config/body.yaml boards.key_board_t) - outline mechanical/export/key-board-*.dxf,2,open,,0017,"Two - left hand (5) and right hand (6). The thumb clusters are on the main board (PCB-CARRIER, ADR 0017). The switches need a rigid PCB regardless (ADR 0002), so putting the register on it is nearly free: every switch-to-chip connection is a TRACE, and each key board connects to the main board by one 12-conductor IDC ribbon (CBL-CHAIN) into a through-hole right-angle J-CHAIN on its underside (ADR 0017)"
U-BREATH,controller,MPXV4006DP,NXP,"Pressure transducer 0-6kPa, conditioned, dual port","case 1351-01 SMT - 8-lead gull-wing SOP at 2.54mm pitch, both ports on one face",2,selected,,0003,"*** SOLDERED DIRECTLY TO THE MAIN BOARD - NO SOCKET. *** Case 1351-01 is Surface Mount [ds p.1 ordering table; outline p.7/p.20]. LAND PATTERN: 8 pads 2.80 x 1.52mm at 2.54mm pitch, rows 16.00mm apart centre to centre (outer pad edges 18.80mm apart) - derived on breath-sense-link.md from the 1351 outline, pads lengthened inward for a ~0.5mm heel; the datasheet's Figure 6 is drawn for case 482 [p.6], do not copy its 16.76mm. PINOUT Style 2: pin 2 VS, 3 GND, 4 VOUT, 1 and 5-8 N/C [p.4 Figure 1: 'Pins 1, 5, 6, 7, and 8 are NO CONNECTS for small outline package device'; Style 2 on p.8, p.20] - buzz it out on arrival as a check. Marked face up (P1), ports towards the tail. The spare goes in with an iron, lid off - procedure on breath-sense-link.md. AFTER ANY SWAP: re-mask both ports, power-cycle for the firmware zero and re-null TRIM-BREATH-ZERO (Note 5 p.3). The sheet gives NO soldering conditions: decided by banking NXP's soldering note for its pressure packages. ~1ms response = ~159Hz corner; the loop runs 4kHz and rate lives on the DAC side. DP NOT GP: identical transfer function (see breath-sensor-slope and sensor-full-scale) but in production to 2028 where the GP is obsolete. Full scale is sensor-full-scale, NOT the cover page's span. *** THE REFERENCE PORT IS THE OTHER FACE OF THE SAME DIAPHRAGM, NOT AN OUTLET. *** Left open to the cavity, and it must NEVER be blocked - mask before coating. *** P1 IS 'Side with Part Marking' [Table 3] AND THIS DIFFERS FROM THE GP, *** which is 'Side with Port Attached' on case 1369-01: same family, same transfer function, opposite convention, so a port assignment copied from a GP reference design is wrong. OPEN, AND SOMEBODY HAS TO PICK ONE: the datasheet's own Figure 3 output filter is a bare 470pF with NO series resistor and its accuracy curves were taken with THAT circuit, while companion note AN1646 recommends 750 ohm + 0.33uF (a 643 Hz corner). Fitting AN1646's network is therefore not automatically conservative - it changes the conditions the +/-2.46%VFSS was measured under. Decide which, and say which. AN1646 also gives averaging figures: 10 samples ~2.5mV pk-pk, 64 samples ~1mV, or 4 samples behind the RC ~1mV. *** THE AUTOZERO MUST BE RE-TAKEN AS THE SEALED BODY WARMS *** - Note 5, verbatim: 'the device output must be autozeroed after installation... The specified accuracy assumes a maximum temperature change of +-5 degC between autozero and measurement.' TcOffset IS UNSOURCED IN BOTH DIRECTIONS - the datasheet only defines it, never values it - so neither the design's 0.5mV/K nor a derived 2.34mV/K is a datasheet number, and the 2.34 derivation double-counts by assuming the full 50K window where the accuracy figure assumes +/-5C. NEEDS A BENCH MEASUREMENT. Operating range is only +10C to +60C, so a cold room plus a 20K warm-up can take it outside that range. BUY FROM A DISTRIBUTOR: LCSC held 3 on 2026-09-29 [web] against 2 per instrument. Footprint woody:NXP_Case1351-01_SOP-8_P2.54mm (hardware/lib/README.md). Hand-soldered with an iron; the datasheet publishes no soldering profile"
R-SER-BREATH-INST,controller,"1k 1%, 1206 >=250mW",,Series protection on the breath buffer output into the umbilical,1206 (3.2 x 1.6mm),2,candidate,,0003,"TWO, not one, and 1206 not 0805 - both changed with the schematic and this row did not follow. R1 in the BREATH leg, R1b its twin in the AGND leg: the return leg carries no signal current, so a matching resistor costs no differential gain and is what keeps the 1M bias pair from capping CMRR at 60dB on its own. 1206 because ADR 0003's designed-safe sustained +12V fault puts 11.8mA through R1: 139mW against an 0805's ~125mW. Both are instrument-side and UNRETROFITTABLE"
D-TVS-BREATH,controller,PESD12VS1UA or equivalent 12V-standoff ESD diode,Nexperia,ESD protection on the BREATH and AGND legs,SOD-323,2,selected,,0003,"*** 12V STANDOFF, NOT 5V. *** BREATH's normal top of range is sensor-full-scale, which leaves only 140mV of margin against a 5V array's V_RWM, on the project's DC-accurate output. Worse, ADR 0003's buffer-on-+12V decision exists precisely so a SUSTAINED +12V fault on BREATH is harmless - a 5V clamp turns that designed-safe case into a part that conducts until something fails. PESD12VS1UA,115 (LCSC C131084), SOD-323: VRWM 12 V, VBR 13.3 V min [ds NEXPERIA-PESD12VS1UA.pdf p.5], so a sustained +12 V does not conduct; leakage 100 nA max at 12 V, 0.1 mV across the 1k [calc]. NOT THE UB: PESD12VS1UB is SOD523 [ds NEXPERIA-PESD12VS1UB.pdf p.1], 0402-class. The UA's 180 pF max behind the 1k is a pole at 0.88 MHz, far above the breath band [calc]"
R-SER-BREATH,module,10k 0.1% thin film,,"Module-side series protection, one per leg",0805,2,candidate,,0003,"Matched. Gigaohm in-amp inputs make source impedance irrelevant to CMRR, so 10k is free"
R-SPI-PULL,module,10k 1%,,SPI idle-state pulls at the module,0805 (2.0 x 1.25mm),6,candidate,,0004,"SIX, not three - BOTH SIDES of the 74AHCT125. Cable side: CS pulled UP, SCLK and MOSI to ground, so the buffer's inputs do not float and crowbar when the instrument is absent. DAC side: same, because with OE disabled the buffer outputs are Hi-Z and it is then the DAC's SCLK/DIN/SYNC that float - which is the state these were bought for and the three cable-side pulls do not reach. Module-alive-instrument-off is the normal state, not a fault; a stray CS edge latches garbage into the pitch DAC. CABLE-SIDE CS PULLS TO 3V3: pulled to 5V it drives 430uA continuously through the unpowered ESP32's input clamp in the design's NORMAL resting state, and the node sits at ~0.7V so 'CS idle high' is not even achieved. DAC-SIDE CS PULLS TO AVDD (the LM317's 5.21V), not bus +5V - a pull-up belongs on its consumer's rail, and on the bus rail a reversed ribbon reaches the DAC's SYNC pin and turns a $0.30 buffer failure into a DAC failure *** ONE OF THE SIX IS NOT PLACEABLE YET: 3V3 EXISTS ONLY AT THE INSTRUMENT END. *** The module makes +/-12V, bus +5V and DAC AVDD, and the umbilical carries no 3V3, so the cable-side CS pull is either an instrument-end part or it needs a rail this board does not have. Lay out the other five; hold that one until digital-and-supervision.md's Still open settles which end it sits at"
R-SPI-SER,controller,100R 1%,,"Series termination on SCLK, MOSI and CS at the driving end",1206 (3.2 x 1.6mm),3,candidate,,0004,"THREE. 100R, not 220R. *** 2m OF CAT5 IS A 100-OHM TRANSMISSION LINE (20ns round trip against 2-5ns edges), NOT AN RC CORNER *** - three reviewers agreed independently that the old RC derivation was simply the wrong model, so do not re-derive this one from a corner frequency. At 220R the far end's first step is 1.83-1.86V against the 74AHCT125's 2.0V VIH, dwelling ~20ns per edge in the forbidden band on a part with no hysteresis. 100R gives a clean 2.75V single step and 33mA of fault current; 68R is electrically ideal but draws 48mA against a 40mA pad spec. 1206, 1/4 W: a sustained output fault puts 33 mA through it, 109 mW, which is 87 % of an 0805's 1/8 W and 44 % of this [calc; ds UNIROYAL-THICK-FILM-CHIP-RESISTOR-0805W8F.pdf, 1206 = 1/4 W, 200 V]. UNI-ROYAL 1206W4F1000T5E, LCSC C17901"
U-TVS-SPI,controller,SP0504BAHT or equivalent 4-channel 5V array,multiple,ESD protection on the umbilical's SPI lines,SOT-23-5 (0.95mm pitch),1,candidate,,0004,"SCLK, MOSI, CS (+ one spare channel) to PWR_GND. ORDER CODE IS SP0504BAHTG AND IT IS SOT-23-5, NOT SOT-23-6 [SP0504BAHT.pdf p.1 ordering table, package outlines pp.6-7]; SP0505BAHTG is the SOT-23-6 part and brings a fifth channel if one is wanted. *** THE PART HAS NO PULSE RATING AT ALL. *** Eight pages carry no I_PP, no 8/20us or 10/1000us waveform, no surge curve and no theta-JA: it is ESD-rated only (IEC 61000-4-2, 20kV contact / 30kV air). What it does specify is a steady-state ceiling - package dissipation 0.225 W [Abs Max p.2, corroborated 'PD@70degC .225W' p.7]. SO A SUSTAINED FAULT IS NOT SURVIVED BY A BIGGER ARRAY; the fix is a series resistor or a resettable element. ALL FOUR CHANNELS SHARE ONE COMMON PIN (pin 2), to PWR_GND at J-UMB. U-TVS-CHAIN is a second package because it clamps at the J-CHAIN, elsewhere on the main board. THE ARRAY IS EFFECTIVELY UNI-DIRECTIONAL: the -0.8V negative clamp is a forward diode drop, not an avalanche knee. Fine for 0-3.3V SPI; MUST NOT be reused on a bipolar CV node. 30 pF per channel is high for a modern array - against 2 m of Cat5 and R-SPI-SER that is ~29 ns of edge on a 250 ns half-period at 2 MHz, acceptable, and it is the only TVS term in the umbilical edge budget. DO NOT RE-PROPOSE onsemi ESD7104: it is a clean 4-channel 5V array on paper and ships only in UDFN10 and WDFNW10, leadless fine pitch, banned by the ADR 0013 package policy - as was SP3012-06UTG before it. Two parts have now been rejected for that one reason"
J-UMBILICAL-INST,controller,NE8FAV,Neutrik,"The instrument's umbilical connector: etherCON A-series, vertical PCB mount, soldered to the umbilical adapter behind the tail cap","vertical PCB mount, THT: 8 contacts d0.8, G d1.2, 4 x d1.7 pegs, one 6.6 x 2 slot",1,candidate,Neutrik,0021,"READ OFF THE BANKED DRAWING ST-NE8FAV rev B (datasheets/connectors/NEUTRIK-NE8FAV-DRAWING.pdf) and its data sheet. REAR MOUNTING, PANEL 3mm MAX [ds: 'Panel thickness max. 3 mm']: the oak tail cap is thicker, so it carries a recess from outside that leaves 3mm where the flange clamps - config/body.yaml ethercon.panel_max, mechanical/drc.echo 'tail cap recess for the etherCON inside the tail face'. Cutout (rear side): bore d22 min, two d3.2 min holes diagonally at 19.8 +/-0.1 x 19.8 +/-0.1. Flange 25 x 25, the axis 12.5 above its lower edge. The PCB's front face is 18.3 behind the flange's front face. LATCH UP: the PUSH tab on top, in the recess; the contacts above the axis, G below. CUT ITS TWO LOCATING PEGS OFF FLUSH before fitting: they stand below the flange and would go into the oak bottom (config/body.yaml ethercon.peg_below). FOOTPRINT (PCB layout, seen from the connector's back): contacts d0.8 on 2.54 in two rows 2.54 apart, staggered 1.27; G d1.2; four d1.7 pegs 16.85 apart; a 6.6 x 2 slot, R1. Mounted with Neutrik's A-series screws [ds: 'Mounting A-Screw'] - MECH-ETHERCON-SCREW. Ratings [ds]: 1.5A per contact, <=57V, 1kVdc, >1000 mating cycles, contacts 0.2um Au over Ni. MATES WITH 'NE8MC* or any standard RJ45 plug' [ds]; does NOT intermate with NE8MC6-MO or NKE6S* cables [ds]. NE8MX is not named - J-UMBILICAL-CABLE"
J-UMB,controller,"8-way 2.54mm right-angle pin header, single row, through-hole",hanxia,"Joins the umbilical adapter (PCB-UMB-ADAPTER) to the main board's tongue: soldered into both, no mated contacts","1 x 8, 2.54mm pitch, right-angle THT (config/body.yaml boards.umb_joint_*)",1,selected,,0021,"PINOUT IS umbilical-pinmap, PIN N = etherCON PIN N: the adapter runs each of J-UMBILICAL-INST's pins straight to the same-numbered pin here, so 'J-UMB pin N' on any page is the same conductor as J-UMBILICAL pin N. FITTED: the insulator on the tongue, the 3.00 mm tails down through the tongue, the 6.00 mm posts through the adapter from its rear face [ds HANXIA-HX-PZ2.54-1x8P-WZ.pdf]; solder both, then trim the posts that stand in front of the adapter. The row meets the adapter between the etherCON's G tab and its peg line - mechanical/drc.echo 'J-UMB's row lands on the adapter clear of the etherCON's footprint'. RATING: one pin carries +12V (umbilical-current) and one PWR_GND; rate them above the module's current-limit trip (R-ILIM, hardware/module/umbilical-load-switch/), not the typical draw - the worst case is an overload just under the trip, carried indefinitely. The header's pins are rated 3 A [ds HANXIA-HX-PZ2.54-1x8P-WZ.pdf], above the etherCON's own 1.5A per contact [ds], which is the limit here. D-REVSHUNT and U-TVS-SPI sit at it. PIN 8 (DIG_GND) TIES TO THE MAIN BOARD'S GROUND (PWR_GND) AT THIS HEADER (ADR 0018): a short, wide connection at the pin. Route SCLK, MOSI and CS_MOD from the MCU side of J-MCU to here over unbroken ground, and keep AGND_SENSE (pin 2) off this return. The module end is dig-gnd-topology, still disputed. hanxia HX PZ2.54-1x8P WZ (LCSC C32713267), hand-soldered: its insulator and row height are config/body.yaml boards.umb_joint_*. Samtec TSW-108-08-G-S-RA fits too (tail 2.29 [ds SAMTEC-TSW-HTSW-2.54MM-HEADER.pdf p.2])"
PCB-UMB-ADAPTER,controller,2-layer PCB - the umbilical adapter,,Carries J-UMBILICAL-INST behind the tail cap and joins it to the main board by J-UMB,"25 x 25mm, the etherCON's flange outline (mechanical/cad/woody_body.scad 'umbilical adapter'), 1.6mm (config/body.yaml boards.umb_adapter_t)",1,open,,0021,"EIGHT TRACKS AND NOTHING ELSE: J-UMBILICAL-INST pin N to J-UMB pin N, the pairs kept side by side as the cable keeps them (the pairing is the argument, spi-link.md). G, the etherCON's shield tab, goes nowhere: the housing is plastic and 'Isolated to panel ground' [ds], and no conductor of the umbilical is a shield. The clamps stay on the main board at J-UMB. Ordered with the main board, from the same fab rules"
J-CHAIN,controller,"12-way (2x6) 1.27mm shrouded IDC header, keyed, right-angle, through-hole",,"Key chain connector - one at each end of each key board's IDC ribbon (CBL-CHAIN), on the main board and on the key board","THROUGH-HOLE right-angle, 2x6, 1.27mm pitch - envelope config/body.yaml boards.chain_hdr_*",4,open,,0017,"Quantity is the tracked figure chain-connectors; do not restate it. STAND-IN: Samtec SHF-106-01-L-D-RA [datasheets/connectors/SAMTEC-SHF-1XX-01-X-D-XX-PRINT.pdf - full print]. THROUGH-HOLE, so the cable's pull goes into the board, not into SMT pads. PINOUT, NUMBERED AT THE MAIN-BOARD END: 1 GND, 2 SCK, 3 GND, 4 SH/LD, 5 GND, 6 SER, 7 GND, 8 QH, 9 GND, 10 3V3, 11 spare, 12 spare - a ground between every signal in the ribbon (ADR 0001 item 1). Pin 6 is the key board's own serial input and pin 8 its own serial output, on both ribbons, so both key boards are wired alike. THE SAME PART AT EVERY J-CHAIN POSITION (chain-connectors): standing on the main board's top, and on each key board hanging from its underside directly over the main board's, both mouths facing the same way along the body, in the far band beside the LED strip (mechanical/DESIGN.md). *** THE KEY BOARD'S PIN NUMBERS ARE NOT THE MAIN BOARD'S: key-board pin = 13 - main-board pin, SET BY THE CABLE (CBL-CHAIN's -RN2 option), not by the header - a keyed socket always mates its position n to header pin n. *** KEY-BOARD PINOUT: 11 SCK, 9 SH/LD, 7 SER, 5 QH, 3 3V3, 4/6/8/10/12 GND, 1 and 2 spare - signals and 3V3 in the odd row, grounds in the even row. The key boards' sheets carry that map; place the standard footprint on the bottom side - do not hand-mirror it [datasheet, key-chain-loom.md]. Pin rows sit behind the body's back face, the tails bending down behind it (config/body.yaml boards.chain_hdr_pin_back). The key board's header pin tails come up through the board toward the grounded key plate and stop short of it, with no window in the plate: mechanical/drc.echo 'J-CHAIN pin tails clear of the key plate' - seat the header flat. FITTED BY HAND WITH ITS MOUTH AT THE SILKSCREEN ARROW: the 2x6 pad grid takes it turned 180 degrees too, and backward puts the ribbon's 3V3 on a ground pin. Placed clear of the switches by mechanical/drc.echo 'chain headers on the left_hand boards clear of the switches' and its right_hand rule. OPEN, DECIDED AT M4: the part number SOURCING: none stocked at JLCPCB/LCSC on 2026-09-27 (C17202657, stock 0), so it is FITTED BY HAND with the switches (each board's fab/*-hand-assembly.csv) - order the stand-in from Samtec (samtec.com) and check the lead time at order. The one stocked right-angle 2x6 1.27 mm header at LCSC (hanxia HX JN1.27-2x6 WZ H4.9, C42372552) is NOT a drop-in: shorter body, tail rows further behind the mouth, pin 1 unmarked, fit to the FFSD unconfirmed [datasheets/connectors/HANXIA-HX-JN1.27-2x6-WZ-H4.9.pdf]."
CBL-CHAIN,controller,"12-conductor 1.27mm IDC flat ribbon cable assembly, 2x6 IDC socket each end, notch reversed on the key-board end",,"Key chain ribbon - one per key board, main board to key board, folded closed as a flat hairpin along the body",Assembled length - ordered by mechanical/drc.echo 'key-chain cable to order (FFSD length code)',2,open,,0017,"One per key board (PCB-CLUSTER): the key chain's only conductors off the main board. STAND-IN: Samtec FFSD-06-D-xx.xx-01-N-RN2, built to length, xx.xx the length code below (inches) [datasheets/connectors/SAMTEC-FFSD-XX-X-XX.XX-01-PRINT.pdf - full print]. ORDER -RN2 - NOTCH REVERSED ON THE 2ND (KEY-BOARD) CONNECTOR ONLY (print sheet 2 fig 3). The first socket's cable leaves on the side of its key and the second's on the side away from it; -RN2 reverses the second's notch, so BOTH sockets' cables leave on their key's side (sheet 1 fig 1, sheet 2 fig 3). The main board's header has its key slot facing up, so the MAIN-BOARD SOCKET'S CABLE LEAVES UPWARD; the key board's header is the same part upside down, so the KEY-BOARD SOCKET'S CABLE LEAVES DOWNWARD. The two face each other, the ribbon runs flat with no twist, either end may go on either board, and conductor n meets key-board J-CHAIN pin 13-n. A STANDARD CABLE (no -RN2) FITS AND LOOKS RIGHT: both its ends leave downward, with a half-twist, and conductor 10's 3V3 lands on key-board pin 10, a ground. A cable whose ends both leave downward is wrong. Conductor n is main-board J-CHAIN pin n. Both sockets plug in from the same side, because both headers' mouths face the same way. LENGTH: ORDER FFSD-06-D-<code>-01-N-RN2 where <code> is mechanical/drc.echo 'key-chain cable to order (FFSD length code)' - INCHES, overall, over both sockets, with the print's -0.125 in tolerance covered (print sheet 1, note 11). The free length it gives is drc.echo 'key-chain ribbon length (derived)', in mm: never type that into the part number. It lets the lid lie face down beside the body off its far edge, the body standing on its U-bolt, with both sockets plugged in (config/body.yaml routing.chain_service). CLOSED: a flat hairpin along the body, both legs between the two plugs' heights, running the same way to the fold, so it never stands across the LED strip's light (drc.echo 'key-chain ribbon closed: hairpin leg and fold radius', 'key-chain ribbon fold no tighter than its bend radius', 'key-chain ribbon hairpin clear of the lid screws'); which way each folds is routing.chain_fold. Width and thickness: routing.chain_ribbon_w and routing.chain_ribbon_t. TO TAKE THE LID OFF: lift it, lay it beside the body, unplug both sockets. METER EVERY CABLE BEFORE IT IS FIRST POWERED, spares and replacements included: conductor 10 reaches the far socket's position 3 and conductor 2 its position 11 (hardware/boards/key-board-lh/README.md, Bring-up). OPEN, DECIDED AT M4: the part number (with -RN2); boards.chain_plug_proud, measured on the first mated pair, decides whether the cable clears the shroud's mouth"
R-CHAIN-SER,controller,100R 1%,,"Series damping at the chain driving end on SCK, SH/LD and the chain-end SER",1206 (3.2 x 1.6mm),3,candidate,,0001,"On the main board where the MCU's pins arrive, before anything else on the net. SCK and SH/LD each reach four registers (U-KEYS): right_thumb and left_thumb on the main board, and one at the far end of each key board's ribbon, over up to the main board's length (mechanical/drc.echo 'main board (derived)'). At that length an MCU edge sees a line rather than a lump [calc, key-chain-loom.md]. Edge-rate damping at the source - NOT series termination, which ADR 0001 rejected (as R-TERM-CHAIN) for a line that drops on four registers. Same 100R as R-SPI-SER. FIT IT. SIMULATED (hardware/interfaces/key-chain-loom/sim): with it, SCK reaches the left-hand key board's register with no swing back through the register's hysteresis and no overshoot past its clamp at every corner of drive strength, edge rate and load ('sck-to-key-board'); without it, at the strong-drive, fast-edge, light-load corner, SCK swings back through the hysteresis (a double clock) and past the clamp both ways ('sck-without-series-resistor'). The GPIO's output impedance and edge are estimates (Espressif publishes neither, nor IBIS), so E14 still scopes SCK at that register. 1206, 1/4 W: a sustained output fault puts 33 mA through it, 109 mW, which is 87 % of an 0805's 1/8 W and 44 % of this [calc; ds UNIROYAL-THICK-FILM-CHIP-RESISTOR-0805W8F.pdf, 1206 = 1/4 W, 200 V]. UNI-ROYAL 1206W4F1000T5E, LCSC C17901"
U-TVS-CHAIN,controller,SP0504BAHTG 4-channel 5V array,,ESD protection on the MCU pins the key chain brings to the main board's ribbon headers,SOT-23-5 (0.95mm pitch),1,candidate,,0018,"FIT IT (ADR 0018). Channels: SCK, SH/LD and the chain-end SER (IO38, IO7, IO33, each on the connector side of its R-CHAIN-SER); the fourth is spare. The chain's QH into the MCU (IO40) comes from right_thumb on the main board and reaches no connector. Return to GND_CHAIN, the main board's ground pour. WHY: with the lid off and a socket unplugged, a main-board J-CHAIN header exposes three MCU pins behind 100R to a hand - and the sockets are plugged in every time the lid goes back on. It cannot be added once the board is made, and it costs pennies. PLACE IT at the left_hand J-CHAIN, which carries all three channels; SCK and SH/LD reach the right_hand J-CHAIN on the same nets. PACKAGE: SP0504BAHTG is SOT23-5 with 4 CH per the banked SP0504BAHT.pdf p.1 ordering table; SOT23-6 is SP0505BAHTG with 5 CH. All channels share one common pin. It and U-TVS-SPI are two packages because each clamps at its own connector, and J-UMB and the J-CHAIN are at different places on the main board"
FB-CHAIN,controller,"Ferrite bead 600R @ 100MHz or more, DCR 0.1R or less, rated 0.5A or more",Murata,"Series isolation on the 3V3 conductor of each key board's ribbon, on the main board",0805 (2.0 x 1.25mm),2,candidate,,0018,"ONE PER RIBBON, in series between the main board's 3V3 (DEV_3V3 - the Matrix's ME6217C33M5G LDO, reaching the main board on CBL-MCU-RIBBON) and that ribbon's conductor 10 (main-board J-CHAIN pin 10). right_thumb, left_thumb and R-SER-TERM stay on DEV_3V3 directly. IT IS ISOLATION, NOT PROTECTION: it keeps a key board's register edges off the rail that is also the MCP3202's reference. SHORT-CIRCUIT PROTECTION IS THE LDO'S OWN (ADR 0018): datasheets/discrete-and-power/ME6217C33M5G.pdf p.1 'a built-in overcurrent protector' and thermal shutdown at 160C; p.4 Ishort 350mA TYPICAL at VOUT = 0V, with no min or max. The short to expect is a socket forced or a ribbon pinched across conductors 9/10 (main-board J-CHAIN pins 9/10) at reassembly: the whole 3V3 rail collapses, the Matrix does not start, and it is seen on the bench before the lid is closed. VERIFY AT E1: short one ribbon's 3V3 to GND through 1 ohm at J-CHAIN, confirm the rail limits and the Matrix restarts when it is removed. RATINGS: rated current at or above 0.5A, because the bead carries the LDO's limit (350mA typ) for as long as a short lasts [calc]. DCR 0.1R or less: at the chain's whole key-scan-current (every key closed) that is under 3mV [calc]. THE PART: Murata BLM21SP601SN1D - 600R +/-25% at 100MHz, DCR 0.060R max, 1.5A at 125C [datasheets/discrete-and-power/MURATA-BLM21-SN1-REFERENCE-SPEC-JENF243A-0005.pdf], the one candidate with margin on both DCR and current; JLC C3716677 (Extended: JLC's Basic GZ2012D601TF fails DCR at 0.30R). Second source TDK MPZ2012S601AT000 (0.100R max, at the limit). SIMULATED (hardware/interfaces/key-chain-loom/sim, Murata's own model of this part, banked): below its resistive band it is several microhenries, not the ~1uH once assumed, and with the key board's C-DECOUPLE-165 it forms a lightly damped LC whose frequency and peak are in sim/results.yaml (rail-impedance-*); the key board's rail stays inside its limit with C-BULK-CHAIN NOT fitted (sim 'rail-as-ordered'), and the key board's clocking moves DEV_3V3 by under one MCP3202 LSB. Murata states the model for 1MHz-3GHz, so at the LC's frequency it is extrapolated: bring-up step 6 confirms on the real rail"
C-BULK-CHAIN,controller,"10uF X5R, 10V or more",,"The rail's reservoir, one on each key board's 3V3, beside J-CHAIN's 3V3 pin",0805 (2.0 x 1.25mm),2,candidate,,0018,"ONE PER KEY BOARD, on its root sheet (C7 on the left-hand board, C8 on the right), machine-placed; the sheet names the part bought. FB-CHAIN and C-DECOUPLE-165 form a lightly damped LC (FB-CHAIN row), and this part's ESR damps it. The simulation (hardware/interfaces/key-chain-loom/sim) holds the rail inside its limit with it fitted ('rail-as-ordered') and without it ('rail-without-bulk'), so a board built without it still works: it is fitted because it costs cents and makes the rail quieter, not because the rail needs it."
R-SER-TERM,controller,10k 0805,,"Pull-up on the chain-end serial input, on the main board",0805 (2.0 x 1.25mm),1,open,,0017,"left_hand's SER, which leaves on conductor 6 of its ribbon (main-board J-CHAIN pin 6, key-board pin 7). ON THE MAIN BOARD at that ribbon's J-CHAIN, on the connector side of R-CHAIN-SER - so the two key boards stay identical. Holds the chain-end input high when nothing drives it, which is the tied-off case ADR 0001 specified. If firmware DRIVES it from IO33, the 100R series wins against 10k to within 33mV of the rail (3.3V x 100/10100) - so an end-to-end self-test (shift a known pattern through all 32 bits, and through both ribbons in both directions) is a FIRMWARE choice rather than a board choice. Fit it. Whether firmware uses it is decided at E4"
J-PWR-EURO,module,2x8 2.54mm shrouded box header (16-pin),XFCN,Eurorack power inlet,"THROUGH-HOLE, Connector_IDC:IDC-Header_2x08_P2.54mm_Vertical",1,selected,,0005,"16-PIN, NOT 10, WHILE THE MODULE TAKES THE BUS +5V: only the 16-pin bus carries it [ds DOEPFER-A100-TECHNICAL-DETAILS-a100t_e.html]. Deriving +5V locally instead is still open (digital-and-supervision.md, 'the bus +5 V rail'), and would allow a 10-pin header. XFCN BH254V-16P, LCSC C492443 [ds XFCN-BH254V-16P-2x8-BOX-HEADER.pdf]. -12V IS THE RED STRIPE and pin 1: mark it on the silkscreen. A KEYED SHROUD DOES NOT MAKE A REVERSED RIBBON IMPOSSIBLE - Doepfer's own bus boards are unkeyed, 'red strip down'. D-REVPOL protects the +/-12V rails; the bus +5V branch has no reverse protection (digital-and-supervision.md)"
J-UMBILICAL,module,"Neutrik NE8FAV (etherCON A-series, vertical PCB, rear mount)",Neutrik,"8-conductor ruggedised connector, the module panel's end of the umbilical","THROUGH-HOLE, vertical PCB, rear panel mount (woody:Neutrik_NE8FAV_etherCON_Vertical)",1,selected,,0004,"THE MODULE END (ADR 0023): the same part as the instrument's J-UMBILICAL-INST (ADR 0021), soldered straight into the module's main board - no adapter, no patch lead. LCSC C368526 [web 2026-09-29]. Its flange face sets the main board's depth behind the panel (config/body.yaml ethercon.pcb_setback), which is why the module is two boards (PCB-MODULE, PCB-MODULE-JACK). PANEL: the 22 mm bore, the two screws and a slot for the PUSH tab, which stands in front of the flange above the bore (config/body.yaml ethercon.tab_*) - from the NE8FAV drawing and STEP, test-fitted on the first panel. Panel 3 mm thick at most [ds NEUTRIK-NE8FAV-DATASHEET.pdf]; the standard 2 mm is inside it. Two A-series screws, MECH-ETHERCON-SCREW-MOD. Ratings are the A-series'. See J-UMBILICAL-CABLE, whose shell has a 4.5mm lower bound on cable OD"
D-REVPOL,module,1N5817,,Schottky reverse polarity protection,DO-41 THROUGH-HOLE,3,candidate,,0005,"~0.3-0.4V drop; community standard for eurorack power entry. Vf is 0.24V at 245mA and 0.36V at 612mA, digitised off Fig.2 of the banked DS23001 Rev.8 and calibrated against the two guaranteed points (the method returns 0.454V at 1.0A and 0.746V at 3.0A against specified maxima of 0.450 and 0.750, so +/-0.01V - and THE CURVE SITS ON THE MAX SPEC, so read it typical-to-max). *** THE 1.0A RATING DERATES FROM A LEAD TEMPERATURE OF 90C, NOT AMBIENT, *** falling linearly to 0A at 125C [Fig.1]. With RthJL 15C/W, RthJA 50C/W and ~0.45W at 1.0A, a 65C ambient puts the lead near 81C - inside the knee with roughly 9C of headroom. BUT THAT RthJA IS SPECIFIED FOR THE DATASHEET'S OWN MOUNTING - vertical PCB, 9.5mm leads, 38x38mm copper pads - and a worse mount invalidates the margin. SS34 (Vishay 88751, 3A SMA) and 1N5822 (3A DO-27) are banked as alternatives if E6 measures hot. *** QTY 3, NOT 2: THE MODULE'S ANALOG +12V AND THE UMBILICAL FEED MUST NOT SHARE A DIODE. *** The reason is the tracked figure diode-split-rationale, owned by power-entry.md and deliberately not restated here - state it wrongly and the next reviewer who checks the arithmetic deletes the part. The reasons that hold independently of it: fault isolation between the exported rail and the analog rail, and HF isolation (r_d 69 mohm)"
U-REG-DAC,module,LM317LZ,multiple,Adjustable LDO set to 5.21V for the DAC AVDD,TO-92 THROUGH-HOLE,1,candidate,,0004,"Off protected +12V. ~13mA load including the divider, ~90mW. Decouples DAC full scale from the rack's +/-5% +5V rail. TOLERANCE IS A BENCH TASK, NOT A SPEC TASK: worst case spans 0.66V against a ~0.55V window and no nominal value fits on paper, but this is one unit with a TO-92 part, two through-hole resistors and a voltmeter. E7 measures where the DAC's top codes start compressing against AVDD and selects R2 from that - *** BUT NOT BELOW 5.00V, *** because the DAC8568's C grade is specified only for AVDD 5.0-5.5V. *** THE MANUFACTURER FIELD SAYS 'multiple' AND THAT IS DANGEROUS HERE. *** TI's SLCS144E gives minimum output current to maintain regulation as 1.5 typ / 2.5 MAX mA with Io 2.5-100mA - NOT the full LM317's 10mA - while ST's LM317L gives 3.5 typ / 5 MAX mA [ds ST-LM317L-DS2168-REV7.pdf p.7], so 5mA is the worst case to size any bleeder against. The classic Z suffix is an ST/ON TO-92 marking rather than a TI orderable; TI's document covers the LP package. A BLEEDER SIZED FOR TI'S 2.5mA UNDER-LOADS ST'S PART. Either name the manufacturer or size for the worst case across candidates. The ~13mA load clears every reading, so nothing is broken today - the hazard is a future reader trimming the divider current. Reference 1.20/1.25/1.30V confirms the +/-4% claim; line regulation 0.01%/V typ, 0.02%/V max at 25degC on TI's (0.04%/V max on ST's [p.7]); output noise 30uV PER VOLT of output over 10Hz-10kHz, so ~150uV RMS at 5.21V; ripple rejection 65dB typ, rising to 66 min / 80 typ WITH a 10uF cap on ADJUSTMENT - which C-REG-ADJ already fits. PROPOSED: ST LM317LZ, LCSC C5267874. MAP ITS PINS BY NAME: ST numbers the TO-92 1 = ADJ, 2 = IN, 3 = OUT and draws them in the physical order 1-3-2 [ds ST-LM317L-DS2168-REV7.pdf p.4]"
R-REG-SET-HI,module,475R 0.1% metal film,,"LM317 divider, ADJ to OUT",0805 or through-hole,1,candidate,,0004,"LM317 divider, ADJ to OUT. SPLIT OUT 2026-09-22 FROM AN AGGREGATE ROW THAT COULD NOT BE NETLISTED - two different values in one part field at qty 2, which is not a line item anybody can order and not something a net endpoint can name. Third and fourth instances of that shape after R-BREATH-SUM and C-FILT-BREATH. Connectivity is in netlist.yaml."
R-REG-SET-LO,module,150R 0.1% metal film,,"LM317 divider, ADJ to GND",0805 or through-hole,1,candidate,,0004,"LM317 divider, ADJ to GND. E7 SELECTS THIS ONE on the bench - but never below 5.00V, which is the DAC8568 C grade's specified floor. SPLIT OUT 2026-09-22 FROM AN AGGREGATE ROW THAT COULD NOT BE NETLISTED - two different values in one part field at qty 2, which is not a line item anybody can order and not something a net endpoint can name. Third and fourth instances of that shape after R-BREATH-SUM and C-FILT-BREATH. Connectivity is in netlist.yaml."
C-REG-ADJ,module,10uF ceramic or tantalum,,LM317 ADJUSTMENT pin bypass,0805 / 1206,1,candidate,,0004,"LM317 ADJUSTMENT pin bypass. THIS IS THE ONE THE RIPPLE-REJECTION CLAIM DEPENDS ON - 65dB typ rises to 66 min / 80 typ only with it fitted - and it is not drawn on the page. SPLIT OUT 2026-09-22 FROM AN AGGREGATE ROW THAT COULD NOT BE NETLISTED - two different values in one part field at qty 2, which is not a line item anybody can order and not something a net endpoint can name. Third and fourth instances of that shape after R-BREATH-SUM and C-FILT-BREATH. Connectivity is in netlist.yaml."
C-REG-OUT,module,1uF ceramic or tantalum,,LM317 output bypass,0805 / 1206,1,candidate,,0004,"LM317 output bypass. SPLIT OUT 2026-09-22 FROM AN AGGREGATE ROW THAT COULD NOT BE NETLISTED - two different values in one part field at qty 2, which is not a line item anybody can order and not something a net endpoint can name. Third and fourth instances of that shape after R-BREATH-SUM and C-FILT-BREATH. Connectivity is in netlist.yaml."
FB-IN,module,"Laird MI1206K601R-10 (600R @ 100MHz, 1206, 1.5A)",Laird / DuPont,Series bead per supply branch,1206 or 1210,4,candidate,,0004,"One per branch: +12V analog, +12V umbilical, -12V, +5V. Chosen on ONE criterion - it is the only >=1A 600R 1206 part found whose datasheet publishes an IMPEDANCE-UNDER-DC-BIAS curve (traces at 0 / 250 / 500 / 1000 / 1500 mA). Off the drawing: Z@100MHz 600 nominal / 450 min / 750 max, DCR 0.080 ohm max, rated 1500 mA, 3.20 x 1.60 x 1.10 mm, -40 to +125degC including self-heating. *** A BEAD'S CURRENT RATING IS THERMAL, NOT MAGNETIC, so it says nothing about saturation *** - read the bias curve instead. At 100 MHz this part gives ~614 ohm at 0 A, ~431 at 250 mA, ~157 at 500 mA, ~72 at 1000 mA and ~51 at its RATED 1500 mA. Doubling the rating does not help: a 3000 mA twin in the same package reads ~145 ohm at 500 mA, slightly WORSE, for 0.02 ohm more DCR. PER BRANCH: FB4 (+5V, mA), FB3 (-12V, 10-20mA) and FB1 (+12V analog, ~45mA) all sit on the flat part and get 580-614 ohm, essentially the nameplate. *** FB2 CARRIES THE UMBILICAL AT figures.yaml umbilical-current AND GETS ROUGHLY HALF THAT *** - ~280-310 ohm, falling to ~245-275 ohm at the module total. No 1206 600R bead of any rating fixes it; bias shifts the impedance peak UP IN FREQUENCY, so the bead does not die, its useful band slides off 100 MHz. EITHER restate FB2's requirement at its real operating current OR make FB2 a physically larger part. IR drop at 0.080 ohm max is 28.7 mV at the umbilical current (10.3 mW), 31.4 mV at the 392 mA module total, 3.6 mV at 45 mA. SECOND SOURCE: Murata BLM31PG601SN1L is an electrical twin and far better stocked, but its PDF carries no DC-bias curve either - that data lives only in SimSurfing - so it can be an alternate flagged 'bias assumed, not documented', never the characterised part. STOCK: the Laird part is out at LCSC (C2441375, 0). The named Murata twin BLM31PG601SN1L (LCSC C16902) is rated 1500 mA to 85 C and 1000 mA at 125 C [ds MURATA-BLM31-SN1-REFERENCE-SPEC-JENF243A-0006.pdf p.1] - fine at the module's currents - and publishes no DC-bias curve"
C-BULK-RAIL,module,"100uF (+12V) / 47uF (-12V, +5V) 25V electrolytic",,Entry bulk capacitance downstream of each bead,THROUGH-HOLE radial,4,candidate,,0004,"NOT 47uF on every rail. The +12V branch carries the LM317's divider, the DAC and the comparator, about 22mA against -12V's 10mA - so at 47uF each it collapses 2.2x faster and every rack power-down leaves the op-amps with V+ near 0 and V- at -6 to -8V for ~30ms, pulling all six jacks toward the surviving negative rail. 100uF on +12V balances the decay. 10-100uF per rail per ADR 0004; NOT the strip capacitance, which belongs at the load and is C-STRIP-BULK"
NT-AGND-MOD,module,"Net tie, 2 pads, copper only",,The module analog star's single tie: AGND_MOD to PWR_GND at one point,net tie footprint (no part),1,decided,,0004,"COPPER, NOT A PART: nothing is bought or placed. The layout puts it at the power header's ground pins, the star (power-entry.md, Grounding), and the net tie lets KiCad's DRC allow that join there and nowhere else. Assembly: none"
SW-POWER,module,NKK M2011SD4G01,NKK Switches,"Panel power switch - drives the load switch enable, carries no load current","PANEL MOUNT, wired: M6x0.75 bushing, solder-lug terminals (code 01) wired to the main board, where U-LOADSW is (which board each lug's wire lands on is open, ADR 0024)",1,selected,,0004,"Signal-level only - it drives the LT1641 ON pin and carries no load current. The only power switch in the system; SW-PWR-INST is deleted (ADR 0005). *** CONTACT MATERIAL G, GOLD - NEVER W. *** This drives ON at 1 uA max, three orders of magnitude below any silver contact's wetting current, so silver oxidises and goes intermittent after months - a reliability fault that passes every bench test. NKK's own catalogue example is M2012SS1W01, silver; do not copy it. M2011 is a true SPST ('M2011 model does not have terminal 1' - the M2012 SPDT with one throw omitted). D4 (D-FLAT) OVER S4 (KEYWAY): both need a non-round hole, but a 5.8mm D-flat can be filed by hand where a keyway needs a broach or a mill, and this is a one-off panel. THE PANEL HOLE IS THE TRACKED FIGURE panel-toggle-hole; do not restate it. Bushing thread 8.9mm against a 2mm panel leaves 6.9mm for the nut and washer; max panel thickness with the standard hardware is 2.6mm, so it fits with 0.6mm to spare. Body 7.9mm across, 9.4mm deep behind the bushing; toggle 10.5 x 2.8mm dia, 25 deg throw; solder lugs at 4.7mm pitch. M2RE/M6RE in the Multicomp sheet are TERMINAL style codes, not an M6 thread code - do not misread them. WIRED, NOT PCB-MOUNTED: terminal code 01 is a solder lug [ds NKK-SERIES-M-TOGGLE.pdf p.4], and the body is deeper behind the bushing than the gap to the jack board (ADR 0023), so two wires run to the jack board"
U-LOADSW,module,LT1641-1CS8,ADI (Linear Tech),Current-limited hot-swap controller on the umbilical +12V feed,SO-8,1,candidate,,0005,"Current-limited hot-swap controller on the umbilical +12V feed. Its two companions are separate rows: the pass FET is Q-LOADSW and the sense resistor is R-ILIM. SUFFIX MATTERS: the -1 LATCHES OFF and is restored only by interrupting power or pulsing ON low; the -2 auto-retries at a 3.75% duty cycle into a persistent short. PINOUT: 1 ON, 2 FB, 3 PWRGD, 4 GND, 5 TIMER, 6 GATE, 7 SENSE, 8 VCC. *** FB, PIN 2, MUST BE DIVIDED DOWN FROM THE OUTPUT - NEVER LEFT OPEN. *** Foldback keys off V_FB, not off V_OUT ('the current folds back as a function of the output voltage, which is sensed at the FB pin', p.8), so with FB at 0V the limit sits at 12mV/50mohm = 240mA permanently, the output never charges, the timer ramps forever and the -1 latches. That is 'the instrument never starts', and no C-TIMER value fixes it; R-FB-HI/R-FB-LO are what set it. From the banked 164112fc.pdf: VCC UVLO 7.5 / 8.3 / 8.8 V, which holds GATE low regardless of ON; I_GATE -5 / -10 / -20 uA [p.2]; I_TIMER pull-up -24 / -80 / -132 uA [p.2]; the 12mV-to-47mV-at-VFB=0.5V law [Figure 7, p.9]. Package S8, theta-JA 110 degC/W. OPEN, AND DECIDED BY TEMPERATURE RATHER THAN BY THIS DOCUMENT: the grade. This row orders the CS8 (0 to +70degC); the IS8 is -40 to +85degC and is the better part for a rack that may sit in a hot van. That is a part change, not a documentation fix - decide it before the order"
Q-LOADSW,module,"N-channel MOSFET, DPAK or SO-8 - NOT CHOSEN",,"Pass FET for U-LOADSW, on the umbilical +12V feed",DPAK or SO-8,1,open,,0005,"*** THE PART IS NOT CHOSEN, AND THE SINGLE-PULSE SOA CURVE DECIDES IT *** - see 'What sizes the FET - Q-LOADSW' in umbilical-load-switch.md, where the numbers live; they are deliberately not restated here. What to carry into the search, in the order it rules parts out: THE CRITERION IS SPIRITO / LINEAR-MODE DERATING AT V_DS = 12V. It is NOT R_DS(on), which is irrelevant at 360 mA, and NOT the thermal rise, which a DPAK handles with room to spare. THE SOA CHART MUST COVER 12V AT BOTH 10ms AND 100ms - a part whose chart stops short of 12V on the linear-mode lines cannot be qualified from its datasheet at all, and many trench parts derate to 2-3W there. NOT SOT-23, on the same SOA grounds"
C-DECOUPLE,module,100nF X7R 50V,,HF decoupling at every module IC supply pin,0805 (2.0 x 1.25mm),20,candidate,,0004,"One per supply pin, close to the pin, each netted on its circuit's sheet as C-DEC-*: 7 x OPA2197 on +/-12V = 14 (U-RESP's two included - it is on the sheet, proposed, and if E10 drops it this count falls by two), INA828 = 2, DAC8568 AVDD = 1 (its only supply pin), 74AHCT125 VCC, LT1641 VCC, LM317 in. Count from the parts on the sheets, not from this number"
R-ILIM,module,"Sense resistor, value from E6",,Sets the load switch current limit,0805 or 1206,1,open,,0005,"THE resistor that is the limit. 1.0A target. The stated 0.9-1.13A window is +-11% and is NARROWER THAN THE LT1641'S OWN SENSE-THRESHOLD TOLERANCE - the same mistake already found and fixed on the LM317 divider, one row down. So E6 measures the TRIP as well as the load, with a current probe, and the value is selected on the bench like R-REG-SET | 2026-09-21, from the banked 164112fc.pdf p.2: V_SENSETRIP is specified 39 / 47 / 55 mV (min/typ/max) at VFB=1V, i.e. +-17%. So R-ILIM at 50mohm gives a limit of 0.78 / 0.94 / 1.10 A. THE ROW'S OWN OBJECTION IS CONFIRMED BY THE DATASHEET: a +-11% window IS narrower than the part's own sense-threshold tolerance. E6 measures the trip with a current probe and selects the value. The foldback floor at VFB=0 is 8/12/17mV, i.e. 160/240/340 mA - the low corner is what a hot-plug has to climb out of, and the worked start in power-entry.md uses the 12mV typ"
R-FB-HI,module,35.7k 1% thin film,,"Upper leg of the LT1641 FB divider, umbilical +12V to FB",0805 (2.0 x 1.25mm),1,selected,,0005,"The FB divider. Its values and their derivation are the tracked figure loadswitch-fb-divider, owned by umbilical-load-switch.md and not restated here; what follows is what a reader of THIS row needs. FB must be divided down from the output at all - see U-LOADSW for why an open FB latches the part off. *** V_FB = 0.5V AND THE PWRGD THRESHOLD V_FBH = 1.313V ARE SET BY THE SAME DIVIDER, *** so V_OUT(full 47mV limit) = 0.381 x V_OUT(PWRGD) ALWAYS - 'cross 0.5V early in the ramp' and 'PWRGD means the output is good' are ONE decision, not two, and the ratio is fixed by the part, not by these resistors. It is therefore sized at the PWRGD end, which is the end with a hard requirement: PWRGD must release below the worst-case delivered output of ~11.36V (Eurorack +12V at -5%, less the sense and FET drops). The foldback law behind it, verbatim [p.5, drawn as Figure 7 p.9]: 'The current limit circuit will regulate the voltage across the sense resistor (VCC - VSENSE) to 47mV when VFB is 0.5V or higher. If VFB drops below 0.5V, the voltage across the sense resistor decreases linearly and stops at 12mV when VFB is 0V.' Divider current is 294uA at 12V, 294x the 1uA max FB input current [p.2], so leakage is <=0.34% of the ratio"
R-FB-LO,module,5.11k 1% thin film,,"Lower leg of the LT1641 FB divider, FB to PWR_GND",0805 (2.0 x 1.25mm),1,selected,,0005,"Partner to R-FB-HI. Same blocker: the divider ratio follows from the foldback law and the PWRGD threshold, both of which are search-index text until analog.com is reachable | 2026-09-21 VALUE SET. 5.11k against R-FB-HI's 35.7k is a ratio of 6.986 against the 7.00 the 10.5V PWRGD target wants. See R-FB-HI and power-entry.md for the derivation and the worst-case table"
R-GATE-SER,module,10R 5%,,Series gate resistor between LT1641 GATE and the N-FET gate,0805 (2.0 x 1.25mm),1,candidate,,0005,"NEW 2026-09-21, read straight off ADI's typical application [164112fc Figure 5, p.8] once the datasheet was banked. It is R5 there, and the text says what it is for: 'R5 prevents high frequency oscillations in Q1' [p.7]. This page drew GATE going straight to the FET. Not a judgement call - it is the manufacturer's reference circuit for the part, and the FET it damps is the one that has to hold 940mA steady for 47ms on every hot-plug"
R-GATE-COMP,module,1k 5%,,"Compensation resistor in series with C-GATE-LOADSW, GATE to PWR_GND",0805 (2.0 x 1.25mm),1,candidate,,0005,"NEW 2026-09-21, from ADI's typical application [164112fc Figure 5, p.8], where it is R6: 'Resistor R6 provides current control loop compensation' [p.7]. IT IS IN SERIES WITH THE GATE CAPACITOR, not in parallel with anything - the schematic here had C-GATE-LOADSW going straight to ground, which removes the compensation zero from the current-limit loop. C-GATE's ramp calculation is unaffected (the 1k sees 10uA, i.e. 10mV)"
C-TIMER-LOADSW,module,"10uF low-leakage, 16V or better",,Fault timer capacitor for U-LOADSW,THROUGH-HOLE radial or 1210 ceramic,1,selected,,0005,"Fault timer capacitor for U-LOADSW. The value is the tracked figure loadswitch-timer and its derivation is in umbilical-load-switch.md; neither is restated here. TWO THINGS BIND WHEN BUYING IT. *** SPECIFY A LOW-LEAKAGE PART *** - at this value it is electrolytic or large ceramic, where leakage is a meaningful fraction of the 3 uA TIMER pull-down, and a leaky part means the timer never resets. And the package is through-hole radial or 1210 ceramic: an 0805 C0G cannot hold it. Fault time over the pull-up's own bounds is 587 / 160 / 95.6 ms, so the worst case is 95.6 ms against a 47.5 ms hot-plug start - 2.01x, which is the margin that actually had to be met. Datasheet hard minimum is 1.5 nF [p.5], not binding here"
C-GATE-LOADSW,module,"82nF C0G/NP0 or film, 50V",,Gate capacitor programming the load switch ramp,"1206 C0G, 50V",1,selected,,0005,"Programs the LT1641's output ramp: C = I_GATE / (dV/dt). The value and the ramp window it produces are the tracked figure loadswitch-gate-cap; do not restate them. THE THING TO KNOW BEFORE SIZING ANYTHING AROUND IT IS THAT I_GATE IS A 4:1 WINDOW - I_GATEUP = -5 / -10 / -20 uA [164112fc p.2], corroborated independently by the DC1354A demo quick-start guide p.1. *** SO ADR 0005's '50-100ms RAMP' IS NOT ACHIEVABLE WITH THIS PART: *** no single capacitor can hold a 4:1 current spread inside a 2:1 time window. The chosen value centres the TYPICAL inside ADR 0005 and the guaranteed envelope is wider. RAISED AGAINST ADR 0005 AND NOT DECIDED - either ADR 0005 widens the spec, or the ramp is programmed by something other than the internal pull-up. BOTH CORNERS ARE SAFE either way: 537mA of charging at the fast corner still clears the 240mA foldback floor at 0.14V of output and never approaches 940mA. C0G/NP0 or film, 50V - the dielectric matters, because a Y5V here re-programs the ramp with temperature. 1206 C0G, the same part as C-FILT-MOD: Murata GRM31C5C1H823JA01L, LCSC C97947 [ds MURATA-GRM31C5C1H823JA01L-82NF-C0G-1206.pdf]"
LED-PANEL,module,3mm LED - diffused,,Panel power indicator,THROUGH-HOLE,1,candidate,,0004,"A PLAIN POWER LED off the module's own rail, like every other Eurorack module's. It used to be driven by a presence comparator that watched the breath line - that comparator is DELETED, and with it the only thing in the module that tried to know whether the instrument was there. Health reporting belongs in the instrument, which has a display, a web app and the actual data. With LT1641-1 latching off on a fault, this still says why the instrument went dark. PROPOSED: Lite-On LTL-4231N, LCSC C125082. ITS FLANGE IS D3.2, THE SAME AS THE PANEL HOLE [ds LITEON-LTL-4231N-3MM-GREEN-DIFFUSED.pdf p.2], so it does not stop against the panel: it needs MECH-LED-BEZEL-MOD"
R-LED-PANEL,module,2k2 1%,,Series resistor for LED-PANEL,0805 (2.0 x 1.25mm),1,candidate,,0004,~4mA from the module's +12V analog rail. Was 820R from bus +5V when it shared a node with the level shifter's OE pins; that node is gone with the comparator
LK-CLR,module,2-pad solder link,,Hand-asserts the DAC8568 CLR during bring-up,2-pad 0805-ish,1,candidate,,0004,"NORMALLY OPEN, AND IT IS COPPER - NOTHING IS ORDERED FOR THIS ROW, but the layout must carry the footprint. Two pads from CLR to AGND_MOD beside R-CLR-PU; shorting them pulls CLR low BY HAND, which is the only way to assert it - the watchdog that drove the net is not fitted and R-CLR-PU holds it inactive. E7-E10 pitch calibration wants a hand clear. Leave the DAC's clear-code register at its default so a manual assert parks every channel at zero scale"
R-CLR-PU,module,10k 1%,,"Pull-up holding the DAC8568 CLR inactive, with a bring-up pad",0805 (2.0 x 1.25mm),1,candidate,,0004,"THE WATCHDOG IS DELETED (U-WATCHDOG, R-WDT, C-WDT all gone), so CLR has no driver and is tied INACTIVE - pulled high. A solder pad to ground beside it lets CLR be asserted BY HAND, which E7-E10 want anyway: a 99ms watchdog would have fought every 'write a code, read the meter' step of pitch calibration. Leave the DAC's clear-code register at its default so a manual CLR still parks at zero scale. Do NOT write ClearIgnore"
R-LDAC,module,0R strap,,Straps the DAC8568 LDAC pin to GND,0805 (2.0 x 1.25mm),1,candidate,,0004,"*** LDAC MUST BE STRAPPED TO GND, NOT PULLED TO AVDD - PULLING IT HIGH GATES THE DAC. *** SBAS430E p.38, verbatim: 'For such synchronous updates, the LDAC pin is not required and it must be connected to GND permanently.' Same page: the internal LDAC register defaults to 0x00, and 'if the LDAC register bit is set to 0, the DAC channel is controlled by the LDAC pin'. So register at default plus pin high means the buffer-to-DAC-register transfer is BLOCKED - and with no MISO, firmware can never discover it. A module that accepts every word and moves no output. A hardware LDAC was considered and declined, so the six populated channels update as each word lands. WORTH REVISITING AT FIRMWARE TIME: SBAS430E Table 11 p.36 offers 'Write to DAC input register Ch X and update all DAC registers (SW LDAC)', so five plain writes then one update-all as the last word of each pass gives a SIMULTANEOUS update inside the six words already budgeted - taking the 100-200us CLR-exit window to zero for no parts and no ninth conductor"
U-DAC,module,DAC8568ICPWR,TI,"Octal 16-bit DAC SPI, internal reference",TSSOP-16 (0.65mm pitch),1,candidate,,0006,"*** THE ORDER CODE IS DAC8568ICPW(R), NOT DAC8568CIPW. *** Buy ICPWR, the reel of the same part: LCSC stocks it where it barely stocks ICPW [web 2026-09-29]. DAC8568CIPW appears ZERO times in SBAS430E; the Package Option Addendum [pp.54-57] enumerates DAC8568IAPW / IBPW / ICPW / IDPW and the R reel variants. The I and the grade letter are transposed in several places including the banked file's own NAME, datasheets/analog/DAC8568CIPW.pdf - the file and its SHA are correct and renaming it would mean editing another wave's manifest fragment, which CLAUDE.md 4 forbids, so the fact is recorded here per repo-maintenance.md 3. GRADE LOCKED TO C, and the letter selects REFERENCE GAIN as well as reset state: A/B are gain 1 (2.500V full scale), C/D gain 2 (5.000V). An A-grade part would halve everything - pitch -2 to +2.25V, mods +/-5V - and channel 7 could not reach 2.500V at all. C also clears to ZERO scale where B/D clear to midscale and would park pitch octaves up: 'For device grades A and C on power-up, all DAC registers are filled with zeros and the output voltages of all DAC channels are set to zero scale.' *** THE C GRADE REQUIRES AVDD 5.0V TO 5.5V *** - C/D are specified only over that range where A/B are 2.7-5.5V. The LM317 nominal 5.21V passes, but E7 SELECTS R-REG-SET ON THE BENCH over a 0.66V worst-case spread, so 5.00V IS A HARD FLOOR ON THAT BENCH STEP. External VREFIN must be <= AVDD/2 on C/D against <= AVDD on A/B - not binding while the internal reference is used, but it forecloses an external-reference retrofit above ~2.6V. Reference tempco is GRADE-DEPENDENT: C/D 2 typ / 5 max ppm/degC against A/B 5 typ / 25 max, so the 5 ppm/degC in the pitch error budget is the C-grade MAX and is the right number. Populate 6 of 8: pitch, 4 mods, mod offset; channels 6 and 8 spare. Static reference mode auto-powers the reference with the DACs and Flexible mode (DB19=1) keeps it up regardless, but BOTH default to reference OFF after any power cycle - enable at boot"
U-LVL-MOD,module,74AHCT125,,"Level shifter, 3V3 SPI up to 5V for the DAC",SOIC-14 (1.27mm pitch),1,candidate,,0004,"SAME part as the instrument LED shifter. Covers SCLK MOSI CS with a spare gate. Runs from bus +5V; the DAC runs from U-REG-DAC. *** NO INPUT CLAMP TO VCC, *** confirmed three independent ways in SCLS264O: abs-max lists 'Input clamp current, IIK (VI < 0): -20mA', NEGATIVE ONLY, against an output clamp specified BOTH ways; abs-max input voltage is -0.5 to 7V stated WITHOUT reference to VCC where the output is -0.5 to VCC+0.5; and input leakage is specified as +/-1uA max AT VI = 5.5V WITH VCC = 0V, which TI could not guarantee if a VCC clamp existed. THAT IS WHAT MAKES BACK-DRIVING AN UNPOWERED MODULE SAFE. V_IH 2.0V min and V_IL 0.8V max are TTL levels, NOT ratioed to VCC - the threshold the R-SPI-SER analysis is built on. Drive +/-8mA; input transition rate must be <= 20ns/V; TIE EVERY UNUSED INPUT TO VCC OR GND. *** OE IS TIED ENABLED AND MUST STAY THAT WAY. *** The presence-gated OE is deleted along with its comparator: the threshold sat inside the breath signal's own range, it locked out every standalone-module milestone, and it failed toward 'present'. What it was protecting against - floating CMOS at the DAC while the instrument is off - is what R-SPI-PULL's six resistors are for, and running the buffer unconditionally is what every surveyed Eurorack module does"
U-OPA-PITCH,module,OPA2197,TI,Dual low-drift RRIO op-amp,SOIC-8 (1.27mm pitch),6,candidate,,0006,"ONE op-amp part throughout the module, and THIS ROW IS WHERE THE OPA2197'S DEVICE FACTS LIVE - U-BUF and U-RESP cite it rather than repeat it. Six packages, twelve halves, TEN used: pitch, mod 1-4, mod offset follower, VREFOUT follower, breath REF-zero buffer, breath gain buffer, breath summer. TWO SPARE - and U-RESP claims both of them if it is fitted, so check that row before spending them. RRIO on +/-12V reaches ~11.9V. FROM THE BANKED SBOS737C: open-loop output impedance is SPECIFIED at 375 ohm [EC table p.8 and p.10, f = 1 MHz], with Figure 26 giving ~3.26k at 0.1Hz, 482 at 10Hz, a 375 plateau from 100Hz to 300kHz, 301 at 1MHz and ~73 at 10MHz - *** DO NOT SIZE A POLE OFF THE 10MHz VALUE, *** which is roughly 5x optimistic. Capacitive load is 1 nF max [p.1 Features, 7.3.5 p.22: 'in a unity-gain configuration, directly drives up to 1 nF of pure capacitive load'], and Figures 27/28 show that is a stable-but-RINGING limit, ~40% overshoot at unity gain - TI recommends a 10-20 ohm isolation resistor and tabulates R_ISO for 45/60 deg phase margin in Table 3 p.23. GBW 10MHz, SR 20V/us, Isc +/-65mA, IQ 1mA/amp, ~11.9V swing on +/-12V, SOIC-8 DUAL R-thJA 107.9 degC/W - note the SINGLE OPA197 is 115.8 and is a different table. PSRR is +/-1 uV/V typ and +/-3 uV/V max, i.e. 120 dB typ and 110.5 dB worst case; the '114 dB' figure is not in the document"
TRIM-BREATH-ZERO,module,10k multiturn cermet + divider from the LM317 5.21V rail,,Nulls the sensor's +0.265V pedestal at the INA828 REF pin,THROUGH-HOLE,1,candidate,,0003,"Buffered by a half of U-OPA-PITCH - REF needs a low source impedance or it degrades CMRR one-for-one. *** RANGE 0 TO +1.0V, AND THE REASON IS THAT THE PEDESTAL IS A SPEC BAND, NOT A TYPICAL *** - the datasheet's own table gives Voff 0.152 / 0.265 / 0.378 V, so the REF needed spans 0.332-0.826V. A 0.6V ceiling would leave a part at the top of its own spec UN-NULLABLE, with 1.4-5.6% of span standing at the jack; +1.0V covers the whole band with margin. The setting itself is the tracked figure breath-zero-ref; do not restate it. *** DERIVE IT FROM THE LM317'S 5.21V RAIL, NOT FROM VREFOUT. *** VREFOUT is the DAC's internal reference and is DISABLED at power-on until firmware writes an enable, so taking the breath zero from it would make the analog breath path depend on a DAC register - which three documents correctly say it does not. The LM317 rail is up whenever +12V is. THIS IS ALSO WHAT MAKES THE PANEL KNOBS INDEPENDENT: with REF grounded the pedestal sits upstream of the gain pot and gets multiplied. One zero authority per representation still holds - this is CALIBRATION, set once, where the panel OFFSET knob is PERFORMANCE"
U-DIFFRX,module,INA828IDR,TI,"Instrumentation amp - breath receiver, senses against AGND",SOIC-8 (1.27mm pitch),1,selected,,0003,"BREATH drives IN-, AGND drives IN+, and REF is driven by TRIM-BREATH-ZERO THROUGH A BUFFER - never a bare divider, because source impedance on an in-amp REF pin degrades CMRR one-for-one. *** THE NUMBER IS 5 OHMS *** [SBOS792A section 8.1, verbatim: 'For the best performance, keep the source impedance to the REF terminal, RREF, below 5 ohm'] - RREF sits in series with one of the internal 40k difference-amp resistors and unbalances the bridge. Output runs 0V at rest to inamp-full-scale: Vout = -2.16106*(V_BREATH - V_AGND) + V_REF, with TRIM-BREATH-ZERO nulling the sensor pedestal. *** NOTE THE GAIN: 2.16106 IS THE EFFECTIVE GAIN, *** the raw G = 1 + 50k/42.2k = 2.185 times the 1M/(1M+11k) bias divider - using the raw 2.185 is the recorded way to get this wrong. The DAC ch6 zero injection that originally justified the input swap is deleted (ADR 0003). EMI: the part HAS an integrated RFI filter, -3dB at 53MHz, and EMIRR is a TABULATED characteristic rather than just a curve. *** THE WORST CASES ARE 48dB DIFFERENTIAL AT 400MHz AND 51dB COMMON-MODE AT 1.8GHz, *** and the differential and common-mode columns INVERT between 900MHz (52/98) and 1.8GHz (94/51) - so any RF-rectification argument must use those two and not the 90-plus dB numbers. TI does not claim the internal filter is sufficient on its own. See breath-receive-stage.md"
R-GAIN-INAMP,module,42.2k 0.1% thin film,,INA828 gain-set resistor,0805,1,candidate,,0003,G = 1 + 50k/42.2k = 2.185. Effective 2.161 after the bias/series divider -> 9.94V jack span. The panel gain knob absorbs the 0.6%
D-CLAMP-BREATH,module,BAV99,,Clamp diodes on the BREATH and AGND legs at the in-amp inputs,SOT-23,2,candidate,,0003,"Drawn on hardware/module/breath-receive-stage/breath-receive-stage.md and had no row. Silicon, to +-12V, behind the 10k series resistors. Distinct from D-TVS-BREATH, which is the ESD part at the connector | 2026-09-21: moved out of unplaced.csv. It was drawn on breath-receive-stage.md TWICE and the drawing never wrote the refdes, so nothing joined the picture to this row. Drawn, named and placed are three different tests and it passed only the first."
C-DIFF-BREATH,module,15nF C0G,,Differential filter capacitor across the in-amp input pair,0805,1,candidate,,0003,"Differential filter capacitor across the in-amp input pair. SPLIT OUT 2026-09-22 FROM AN AGGREGATE ROW THAT COULD NOT BE NETLISTED. C-FILT-BREATH carried '15nF C0G (diff) + 1.5nF C0G +/-1% (cm x2)' at qty 3 - TWO DIFFERENT VALUES IN ONE part FIELD, so not a line item anybody can order and not something a net endpoint can name. Second instance of that shape; the first was R-BREATH-SUM. Connectivity is in netlist.yaml, which is authoritative."
C-CM-BREATH,module,1.5nF C0G +/-1%,,"Common-mode filter capacitors, one per leg to AGND",0805,2,candidate,,0003,"Common-mode filter capacitors, one per leg to AGND. *** THE +/-1% IS A REQUIREMENT, NOT A PREFERENCE: *** mismatch alone gives ~46 dB against a 60 dB CMRR budget, so the default tolerance misses it by 14 dB before anything else is counted. SPLIT OUT 2026-09-22 FROM AN AGGREGATE ROW THAT COULD NOT BE NETLISTED. C-FILT-BREATH carried '15nF C0G (diff) + 1.5nF C0G +/-1% (cm x2)' at qty 3 - TWO DIFFERENT VALUES IN ONE part FIELD, so not a line item anybody can order and not something a net endpoint can name. Second instance of that shape; the first was R-BREATH-SUM. Connectivity is in netlist.yaml, which is authoritative. The +/-1% C0G exists: Yageo CC0805FRNPO9BN152, LCSC C541572 [ds YAGEO-CC-NP0-1PCT-CC0805FRNPO9BN152.pdf p.17]"
C-OUT-BREATH,module,330nF film,,Breath output reconstruction cap,1206 or THT,1,candidate,,0006,"~480Hz with R-OUT-PROT. Film not X7R: DC bias coefficient moves the corner 30% at 10V. ON THE JACK SIDE of R-OUT-PROT, never the op-amp side - inside the loop it is a capacitive load and the stage can oscillate."
POT-GAIN,module,"50k, taper TBD at E10",Alpha,Panel breath GAIN - attenuator ahead of the summer,THROUGH-HOLE 9mm vertical,1,candidate,,0003,"Attenuator, NOT a feedback rheostat - a rheostat makes gain and offset share a resistor and the knobs fight, which is the coupling the REF trimmer removes one stage upstream. 0.125 to 1.000 against a fixed x4 = 0.5 to 4.0 at the jack. *** WIPER MUST BE BUFFERED: *** it drives R-IN, so an unbuffered wiper makes the gain depend on a source impedance that varies with rotation. Taper is a feel question and therefore a bench question, TBD at E10. THIS ROW OWNS THE RV09 ORDER-CODE TRAPS for all three pots; POT-OFFSET and POT-RESP cite it. FOUR THINGS THE ORDER CODE HAS TO CARRY [Taiwan Alpha RV09 series, datasheets/connectors/RV09AF-40.pdf]: (1) THE PLAIN -40 HAS NO BUSHING AT ALL - it is snap-in and the panel needs only shaft clearance; a bushing is a SUFFIX, E1 = metal M9x0.75 or E1N = plastic D9, and either takes the panel hole to ~9.5mm. (2) CENTRE DETENT IS SUFFIX 0C and it costs half the life - 5000 rotations with the click against 10000 without. (3) *** THE A/B LETTER IN RV09A / RV09B IS THE ROTATIONAL ANGLE *** (280 +/-5 deg vs 300 +/-5 deg), NOT THE TAPER; the taper is a separate A/B/C code, and this is a standing trap. (4) Body 9.8mm wide, 11.4mm across the snap-in lugs, 7.0mm board-to-shaft for every -40, shaft D6.0 0/-0.1 - three across 50.50mm is 34.2mm, so the pot body is nowhere near binding and the 14mm knob is the constraint. THE PART MAY NOT BE ALPHA: Thonk ships the Song Huei R0904N, dimensionally interchangeable (datasheets/connectors/R0904N.pdf)"
POT-OFFSET,module,10k linear,Alpha,"Panel breath OFFSET - bipolar, zero at centre",THROUGH-HOLE 9mm vertical,1,candidate,,0003,"*** THE WIPER IS UNBUFFERED AND ITS TRUE ZERO IS NOT AT CENTRE: it sits at +0.605V, about 20 degrees past, and the number that matters for a detent is that one. *** The often-quoted 'centre = +0.07V' omits the wiper's own R/4 = 2.5k source impedance and is wrong; panel.md derives +0.605V and this row agrees with panel.md. Endpoints are unaffected - source impedance is 0 at both ends - so CCW +5.04V and CW -4.89V stand, and it is only the middle that moves. CONSEQUENCE FOR THE PART CHOICE: a centre-detent variant would click 20 degrees away from actual zero, which is worse than no detent, so DO NOT order one unless U-RESP is fitted to buffer this wiper - see that row, which spends both of the module's remaining spare op-amp halves to do it. E10 decides whether that is worth a package. RV09 order-code traps are on POT-GAIN and are not repeated here"
R-GAIN-FLOOR,module,7.15k 1%,,Sets the 0.5x floor of POT-GAIN's attenuator,0805 (2.0 x 1.25mm),1,candidate,,0003,"7.15k under a 50k track gives 7.15/57.15 = 0.125, so the gain bottoms at 0.5x rather than zero. Without it the knob reaches a mute nobody asked for and an easy way to think the instrument is dead"
R-BREATH-IN,module,10k 1%,,Summer input; with R-BREATH-FB sets the fixed x4,0805 (2.0 x 1.25mm),1,selected,,0003,"SPLIT OUT 2026-09-22 FROM AN AGGREGATE ROW THAT COULD NOT BE NETLISTED. R-BREATH-SUM carried '10k / 40.2k 1%' at qty 2 and R-BREATH-OFF carried '21.0k / 95.3k 1%' at qty 2 - TWO DIFFERENT VALUES IN ONE part FIELD, which is not a line item anybody can order and not something a net endpoint can name. Both also sat in unplaced.csv as parts no page derives, while breath-output-stage.md derives all four. Value and connectivity are now in netlist.yaml, which is authoritative; this row follows it"
R-BREATH-FB,module,40.2k 1%,,"Summer feedback; the fixed x4. 40.2k, NOT 40k - 40k is not an E96 value",0805 (2.0 x 1.25mm),1,selected,,0003,"SPLIT OUT 2026-09-22 FROM AN AGGREGATE ROW THAT COULD NOT BE NETLISTED. R-BREATH-SUM carried '10k / 40.2k 1%' at qty 2 and R-BREATH-OFF carried '21.0k / 95.3k 1%' at qty 2 - TWO DIFFERENT VALUES IN ONE part FIELD, which is not a line item anybody can order and not something a net endpoint can name. Both also sat in unplaced.csv as parts no page derives, while breath-output-stage.md derives all four. Value and connectivity are now in netlist.yaml, which is authoritative; this row follows it"
R-BREATH-OFF,module,21.0k 1%,,"Offset positive leg, from the POT-OFFSET wiper",0805 (2.0 x 1.25mm),1,selected,,0003,"SPLIT OUT 2026-09-22 FROM AN AGGREGATE ROW THAT COULD NOT BE NETLISTED. R-BREATH-SUM carried '10k / 40.2k 1%' at qty 2 and R-BREATH-OFF carried '21.0k / 95.3k 1%' at qty 2 - TWO DIFFERENT VALUES IN ONE part FIELD, which is not a line item anybody can order and not something a net endpoint can name. Both also sat in unplaced.csv as parts no page derives, while breath-output-stage.md derives all four. Value and connectivity are now in netlist.yaml, which is authoritative; this row follows it"
R-BREATH-OFFNEG,module,95.3k 1%,,"Offset negative leg, a constant pull from -12 V",0805 (2.0 x 1.25mm),1,selected,,0003,"SPLIT OUT 2026-09-22 FROM AN AGGREGATE ROW THAT COULD NOT BE NETLISTED. R-BREATH-SUM carried '10k / 40.2k 1%' at qty 2 and R-BREATH-OFF carried '21.0k / 95.3k 1%' at qty 2 - TWO DIFFERENT VALUES IN ONE part FIELD, which is not a line item anybody can order and not something a net endpoint can name. Both also sat in unplaced.csv as parts no page derives, while breath-output-stage.md derives all four. Value and connectivity are now in netlist.yaml, which is authoritative; this row follows it"
D-RESP,module,"1N4148W (SOD-123) or 1N4148WS (SOD-323), x2 antiparallel",,Nonlinear element for the response shaper,SOD-123 or SOD-323,2,open,,0006,"Breath is unipolar so only one ever conducts in play; the second covers the power-on and fault excursions. Scaling is set at /2 so the knee lands at about a quarter of a hard blow - at /10 it would sit ABOVE the playing range and the control would do nothing until you overblow. *** THE 0.6 V KNEE THIS SHAPER DEPENDS ON IS NOT-IN-DOCUMENT AS A SPEC. *** Neither banked datasheet specifies V_F at 0.6V; it is readable only off Vishay's TYPICAL Fig.1 (~1mA at 25degC), and that curve shifts more than 100mV LEFT at 150degC - on a part whose entire behaviour is where the knee sits. The tightest SPECIFIED bound in the bank is Diotec's V_F < 0.855V at 10mA, still 250mV above the asserted knee. *** NAME THE MANUFACTURER WHEN ORDERING: *** Vishay's 1N4148W (Document 86356 Rev 1.0) is a true SOD-123 - 2.7 x 1.55mm body, 3.7mm overall, 1.175mm high, R-thJA 440 K/W, P_tot 280mW on the recommended footprint, I_F(AV) 250mA, V_F <=1V at 10mA, C_D 1.5pF max, t_rr 4ns - while Diotec's same-numbered part is SOD-123F, flat lead, no standoff. Use Vishay's 440 K/W / 280mW as the conservative thermal pair; Diotec's 312 K/W / 400mW assume 3mm2 of copper per terminal. The plain 1N4148 is NEITHER package: it is leaded glass SOD27 (DO-35) axial. Which of the two SMD sizes to use is open and is decided by the board - either is electrically identical here"
POT-RESP,module,"50k linear, 9mm vertical, centre detent",,Breath response: log (CCW) - linear (centre) - exponential (CW),PCB mount,1,open,,0006,"Same part as POT-GAIN; RV09 order-code traps are on that row and are not repeated here. *** THE CENTRE DETENT IS HONESTLY WARRANTED HERE AND NOT ELSEWHERE: *** at centre the wiper sits at exactly 0V by topology - it spans +Vin/2 and -Vin/2 - so the nonlinear branch carries no current and the stage is mathematically linear. POT-OFFSET's detent would land ~20 degrees off its true zero instead, which is why it gets one only if E10 decides feel beats accuracy there"
R-RESP,module,15k 1%,,Sets response curve strength,0805 (2.0 x 1.25mm),1,open,,0006,"PROPOSED 2026-09-21. First sizing, targeting ~1.5x gain ratio at a hard blow (4.64V at the in-amp). This is the knob that decides how strong 'fully exponential' feels and wants a bench pass with a player, not a spreadsheet"
R-RESP-DIV,module,10k 1%,,The 2 x 10k divider that makes V_in/2 for the pot's top end,0805 (2.0 x 1.25mm),2,open,,0006,"TWO, and they must MATCH rather than be accurate: the null at centre detent is exact only while the divider gives exactly half of what the inverting stage gives back. That null is the reason this pot earns a centre detent where POT-OFFSET's does not"
R-RESP-FB,module,10k 1%,,Feedback resistor (drawn R2) of the shaping stage,0805 (2.0 x 1.25mm),1,open,,0006,"The /2 comes from R-RESP-FB over R-RESP-IN, and the /2 is the whole design: at /10 the diode knee lands above a hard blow and the knob does nothing until you overblow. Do not rescale either without re-checking the knee against the playing range"
R-RESP-IN,module,20k 1%,,Input resistor (drawn R1) of the shaping stage,0805 (2.0 x 1.25mm),1,open,,0006,"DRAWN AND NEVER LISTED until 2026-09-23: the page's own cost table names R1 20k, R2 10k and a 2 x 10k divider and none of the three had a row. Sets the shaping stage's input current against R-RESP-FB, so the pair is what makes it divide by two. Open with the rest of this circuit"
U-RESP,module,OPA2197IDR,Texas Instruments,"Response shaper: 1/2 shapes at /2 inverting, 1/2 restores x2 inverting",SOIC-8,1,open,,0006,"Response-shaper op-amp. DEVICE FACTS ARE ON U-OPA-PITCH; not repeated here. *** THIS PACKAGE CONSUMES BOTH OF THE MODULE'S REMAINING SPARE OPA2197 HALVES, *** because the shaper needs one and POT-OFFSET's wiper needs the other - unbuffered, its zero sits ~20 degrees past centre at +0.605V. Fit this and the module has no spare op-amp capacity left; that is the cost to weigh, and it is why the row is open rather than selected"
R-BIAS-INAMP,module,1M 1%,,"Common-mode bias return, one per in-amp input",0805,2,candidate,,0003,"REPLACES R-PD-BREATH. Without these the in-amp floats when unplugged and saturates to a rail. ~60nA against a 350mA power return = 0.2ppm, so AGND's no-current rule survives"
TRIM-GAIN,module,200R multiturn cermet,,"Pitch gain trimmer, in series with R2 of the LT5400 pair",THROUGH-HOLE,1,candidate,,0006,"200R, not 1k. In series with R2 it is 0 to +2% of the ratio, and its ~100ppm/degC then contributes ~2ppm/degC - COMPARABLE to the LT5400 rather than 4-20x it, which was ADR 0006's own objection to its own trimmer. Two percent is enough now that pitch feedback is tapped at the jack and the load divider is gone; firmware's per-load affine covers the remainder"
TRIM-OFFSET,module,10k multiturn cermet,,"Pitch offset trimmer, AHEAD of the VREFOUT follower",THROUGH-HOLE,1,candidate,,0006,"MOVED. It now trims the reference the follower buffers, so it scales the intercept (k x V_ref) and touches the gain (1 + k) NOT AT ALL - a genuinely independent offset trim. R-OFFINJ is deleted with it: injecting into the inverting node was never a pure offset, because in a non-inverting stage that node sits at Vdac rather than at a virtual ground, so it added ~1% of gain and its span was one-sided. Range ~50mV on a 2.5V reference is ~60 cents of offset"
C-FB-PITCH,module,2.2nF C0G/NP0,,"Compensation cap, op-amp OUTPUT to the inverting input",0805 (2.0 x 1.25mm),1,candidate,,0006,"FROM THE OP-AMP OUTPUT TO THE (-) INPUT. NOT 'across the feedback resistor' - with the tap at the jack, R2 spans jack-to-(-), so a cap across R2 connects the same two nodes and leaves R-OUT-PROT inside the loop at every frequency: 18 degrees of phase margin with 2m of cable, under 10 with four destinations. Three documents said 'across R2' and were wrong. 2.2nF with C-FILT-PITCH restored is maximally flat, -3dB at 12.2kHz. IT IS NOT A FILTER: a cap in the feedback of a NON-INVERTING stage gives (2+sRC)/(1+sRC), a pole and a zero an octave up, flattening at unity - 6.02dB maximum for any value. Two independent reviews found this separately"
C-AA-PITCH,module,10nF C0G/NP0,,"Anti-alias/glitch filter on the pitch DAC input, ahead of the op-amp",0805 (2.0 x 1.25mm),1,candidate,,0006,"THE ACTUAL PITCH FILTER. 15.9kHz against R-OPAMP-IN's 1k, on a node with NO LOOP AROUND IT. C-FB-PITCH cannot do this job: a cap across the feedback resistor of a NON-INVERTING stage gives (2+sRC)/(1+sRC) - a pole at 15.9kHz and a zero an octave above, flattening at unity, so 6.02dB of attenuation maximum for any value. It is a shelf, not a pole. Filtering the DAC before the stage is also what the surveyed designs do"
R-TRIM-RANGE,module,Range-setting resistors for the two module trimmers,,Sets TRIM-OFFSET's and TRIM-BREATH-ZERO's spans,0805 (2.0 x 1.25mm),4,open,,0006,Both trimmers need a divider to set their span and neither had parts. TRIM-OFFSET wants ~+-50mV around 2.500V; TRIM-BREATH-ZERO wants 0 to +1.0V from the LM317 rail. Values with the stages at E10
C-FILT-PITCH,module,10nF C0G/NP0,,Reconstruction and RF shunt at the pitch jack,0805 (2.0 x 1.25mm),1,candidate,,0006,"RESTORED. It was deleted on the reasoning that a cap on the feedback node sits inside the DC loop at the handover; two independent loop analyses then put 10nF there and found phase margin UNCHANGED, because C-FB-PITCH ties the (-) input to the op-amp OUTPUT so beta(inf)=1 and R-OUT-PROT isolates the jack above the handover. The feedback network is a LEAD at every load tried - open, 200pF, 800pF, 10nF, dead short. Deleting it cost 30dB at 1MHz and left the connector with no low-impedance shunt at all"
R-BIAS-DAC,module,100k 1%,,DC bias path to ground at every DAC output pin,0805 (2.0 x 1.25mm),6,candidate,,0006,"AT THE DAC PIN, not after R-OPAMP-IN - 100k after the 1k would form a divider and cost 1% of gain. Without it the op-amp (+) inputs have no DC path to ground: their only connection is a DAC pin that may be high-Z before power-on reset, so outputs can sit at either rail during that window. The identical problem was already found and fixed on the breath in-amp (R-BIAS-INAMP); this is the same fix on the six DAC-driven nodes"
R-PRECISION,module,"LT5400 1:1 quad (four equal 10k), MSOP-8 option",ADI,Matched resistor network for pitch scaling,MSOP-8 MS8E (0.65mm pitch) WITH 1.88 x 1.68mm EXPOSED PAD,1,open,,0006,"RATIO IS 1:1 - the pitch stage is a non-inverting amp with the reference at the bottom of the feedback divider (see pitch-stage.md). Two of four sections used. ORDER CODE IS TWO LETTER FIELDS: LT5400 + <A|B matching> + <C|I|H|MP temp> + MS8E-1#PBF. The -1 option is the four-equal-10k 1:1 quad and THERE IS NO 1:3 OPTION [p.2 table: -1 10k 1:1, -2 100k 1:1, -3 1:10, -4 1k 1:1, -5 1M 1:1, -6 1:5]. Grade A is 0.01% matching, B 0.025%; A degrades to +/-0.0125% over -40/+85degC while B is flat. MUST BE THE MS8 (MSOP) OPTION, NOT THE LEADLESS DFN. *** MS8E HAS AN EXPOSED PAD *** [p.2, p.8] - the footprint is MSOP-8-1EP_3x3mm_P0.65mm_EP1.68x1.88mm, NOT a plain MSOP-8. WHERE THE PAD GOES [p.6]: not DC-connected to any resistor, 'do not tie the exposed pad to noisy signals or noisy grounds', 'connecting the exposed pad to a quiet AC ground is recommended'. OPEN, AND IT IS A LAYOUT DECISION NOBODY HAS MADE: pad-to-resistor coupling is 5.5 pF against 1.4 pF resistor-to-resistor, so THE PAD IS THE DOMINANT STRAY ON THE 1V/OCT NODE and nothing in this corpus says where it connects. Ratio tracking 1 ppm/degC MAX (0.2 typ). ABSOLUTE tolerance is +/-7.5% (A) / +/-15% (B), which sets TRIM-GAIN's real authority at 1.86-2.16% rather than a nominal 2%. WHY THE PART IS KEPT, since its own tempco is currently masked: the DAC's internal reference drifts 0.42 cents over 10degC and cannot be trimmed, against 0.027 for the LT5400 and 0.38 for two 0.1%/10ppm discretes - $8 permanently solves the one term that can be, on a board built once, and attacking the reference later is only worth doing if the network is already there. CAVEAT FOR ANYONE EDITING ADR 0006: the banked rev fa's option table ends at -6, so LT5400-7 and 'a 1:4 offered directly' are NOT-IN-DOCUMENT rather than refuted - do not 'correct' ADR 0006 by citing rev fa's silence. 5400fc.pdf is still wanted. *** STATUS MOVED selected -> open 2026-09-22: THE ORDER CODE IS INCOMPLETE. *** LT5400<A|B><C|I|H|MP>MS8E-1#PBF needs BOTH letters and neither is chosen anywhere in this corpus. DECIDED BY TWO THINGS, both cheap: matching grade A 0.01% against B 0.025% - and note A degrades to +/-0.0125% over -40/+85degC while B is flat, so A is not simply better - and the temperature grade, where C is 0 to +70degC in a rack that may sit in a hot van, the same argument already made for U-LOADSW's grade. A row marked 'selected' that cannot be put in a basket is the defect this status exists to prevent"
C-FILT-MOD,module,82nF C0G/NP0,,Reconstruction filter cap on mod 1-4 outputs,1206,4,candidate,,0006,"1k x 82nF = 1.94kHz. Real attenuation on the 3.6kHz ZOH image that a 15.9kHz corner ignores. FOUR not five: breath does not pass through the DAC and has its own 330nF (C-OUT-BREATH, ~480Hz). ON THE JACK SIDE of R-OUT-PROT, never the op-amp side - inside the loop it is a capacitive load and the stage can oscillate.. 82nF C0G 50V EXISTS IN 1206: Murata GRM31C5C1H823JA01L, LCSC C97947 [ds MURATA-GRM31C5C1H823JA01L-82NF-C0G-1206.pdf]"
R-MODGAIN-FB,module,30k 1% metal film,,Feedback leg (R2) of each mod channel's two-resistor network,0805 (2.0 x 1.25mm),4,candidate,,0006,"R2 of each channel. R2/R1 = k = 3, so gain = 1+k = EXACTLY 4 and the intercept is k x V_ref with V_ref = 3.3333V from the offset channel - which lands the window on exactly +-10.000V. EIGHT RESISTORS FOR FOUR CHANNELS, not sixteen: do not order a four-resistor difference-amp set. Tolerance is worst case +-50.5mV of zero and -1.49/+1.52 percent of span, and same-sign parts cancel in the ratio, which is the reason for one series and TCR grade (R-MODGAIN-IN)"
R-MODGAIN-IN,module,10k 1% metal film,,Input leg (R1) of each mod channel's two-resistor network,0805 (2.0 x 1.25mm),4,candidate,,0006,"R1 of each channel, and it goes to the SHARED buffered reference from DAC ch7, NOT to ground - that is what makes a CLR park every jack at 0V. Four, one per channel. It is the RATIO with R-MODGAIN-FB that has to hold, not either absolute value: buy both from ONE SERIES AND TCR GRADE, Yageo RT0805BRD07 (0.1%, 25 ppm/C), which holds the ratio to 0.2% [calc] - two values cannot come off one reel"
PANEL,module,"2mm aluminium, 10HP x 3U (50.50 x 128.5mm)",,Eurorack front panel,cut file mechanical/module/export/panel.dxf,1,candidate,,0024,Laser or waterjet from mechanical/module/export/panel.dxf (generated from config/module.yaml; ADR 0024) - SAME vendor and order as the key plate. 10HP (ADR 0004). THE HEIGHT BUDGET IS THE TRACKED FIGURE panel-height-budget - do not restate it here. The toggle's shaped hole is panel-toggle-hole; there is no PUSH-tab slot
R-OUT-PROT,module,"1k 1%, >=500mW",,Series protection on each CV output,1206 (3.2 x 1.6mm),6,candidate,,0006,"*** SPECIFY 0.66-1W IN 1206 (ERJ-P08 class, confirmed to exist). THE POWER RATING IS NOT OPTIONAL AND THIS IS THE ONLY PART IN THE MODULE AT REAL RISK FROM ANY JACK FAULT. *** The worst case is output-to-output patching, not a short: with pitch taking jack-side feedback the loop FIGHTS the other module, giving 322mW against a 220R source at +/-10V (two reviewers found this independently, on 269/312/464mW ladders). A dead short merely rails the op-amp across this resistor, at 142mW. AND THE DERATING IS WHAT RULES OUT 500mW: thick-film at a 50C rack interior leaves a 500mW 1206 delivering 350-420mW, so it is ~1.1x margin, not the 2.6x a nameplate reading suggests. Mutable specifies its output 1k at >=200mW where every other resistor in the same BOM is 100mW, which is the published form of this argument"
R-OPAMP-IN,module,1k 1%,,Series resistor on each op-amp + input driven by the DAC,0805 (2.0 x 1.25mm),7,candidate,,0006,"SEVEN. Now correct on the mod channels as well, because the two-resistor form drives the op-amp's (+) input directly - a true high-Z node where 1k causes no error. It was wrong on the OLD four-resistor version, where the 10k input resistor WAS the gain network and 1k in series unbalanced it. Pitch, mod 1-4, the mod offset buffer, the VREFOUT follower. DAC on 5.21V and op-amps on +-12V do not come up together; bounds clamp current, outside the feedback path so no accuracy cost"
D-JACK-CLAMP,module,BAV99,,Clamp diodes on the DRIVER side of R-OUT-PROT,SOT-23,6,candidate,,0006,"MOVED to the op-amp side of the 1k, which fixes two things at once. (a) BACK-POWERING: clamped at the JACK, a neighbouring module driving 10V through its own 220R output pushes 42mA per jack into our +12V rail when this module is off - 254mA across six jacks, into the rail that also feeds the umbilical. Behind the 1k it is 7.6mA per jack. (b) LEAKAGE: inside the feedback loop the op-amp absorbs it, so the 2.4-cent BAT54S error goes to identically zero for any diode. BAV99 kept anyway - silicon costs nothing and the reasoning no longer depends on it. NOTE: no surveyed design clamps a CV output to the RAILS at all; every clamp in the corpus goes to GND. Erica Synths is the one that puts its clamp on the driver side, which is where this now is. SIX - one per OUTPUT jack including breath, whose schematic omitted it. The two BREATH INPUT clamps are a separate row, D-CLAMP-BREATH, so the module carries eight BAV99 in total"
J-CV,module,PJ398SM (Thonkiconn),,3.5mm mono PCB-mount jack,THROUGH-HOLE,6,candidate,,0006,"De facto eurorack standard. BUSHING IS D6.0mm WITH 4.5mm OF THREAD, so the panel hole is 6mm nominal and 6.2-6.5 in practice, with 5.5mm from the panel face to the body front including the shoulder. Body 9 x 9 x 8.3mm, barrel bore D3.6, 3.5mm of tails behind. Rated DC30V 0.5A, 5000 cycles, PBT / brass-Ni / BeCu-Ag. *** PINOUT, cross-checked two ways (drawing schematic, and a KiCad footprint whose pads are NAMED with offsets matching the drawing's 4.92 / 3.38 / 6.48): PIN 3 = TIP, PIN 2 = TIP-NORMAL SWITCH CONTACT - NORMALLY CLOSED TO PIN 3 AND OPENING WHEN A PLUG IS INSERTED - PIN 1 = SLEEVE. *** All three on one centreline, oval drill 1.6 x 0.6. LEAVE A 3mm HOLE OR A VOID IN THE PCB UNDER THE BARREL (Thonk's own note). THE SWITCH CONTACT IS FREE NORMALLING and nothing in the design uses it yet - worth knowing before the layout rather than after. FILED AT BOARD LEVEL, beside R-OUT-PROT, because three circuits drive these six jacks and panel.md owns only the cutouts: no single circuit page derives the connector"
CAP1-n,controller,MT165-MX,Tai-Hao,Keycap 16.5x16.5mm blank black MX stem,keycap,21,purchased,Beekeeb,0002,"16.5 x 16.5 x 3.5 mm blank PBT, MX cross stem: plan and height from Tai-Hao's own dimension guide, and the MX-stem variant's spec card from Tai-Hao's store reads 'Compatibility: MX switches' (datasheets/mechanical/TAIHAO-MT165-THCS-THT-DIMENSION-GUIDE.jpg, TAIHAO-MT165-MX-STEM-SPEC-CARD.jpg). ORDER THE MX-STEM VARIANT: Tai-Hao sells MT165 with a Choc V1 two-leg stem too, on the same product page, and that one does not fit a KS-33. Smaller than MX keycap spacing, which is the point. The domain that answers is www.tai-hao.com, not taihao.com.tw. FIT ON THE KS-33 (config/body.yaml switch.keycap_*, modelled in mechanical/cad/woody_body.scad and checked by drc.echo and clash.txt): the skirt's INSIDE must clear the switch's cover when fully pressed - wall no thicker than half of (keycap less switch.cover_w). Wall, top width, socket depth and the cap's seated height are UNPUBLISHED and tbd until calipers on a cap (M1); the seated height sets both oak panel thicknesses (flush rule). PACK SIZE: Tai-Hao's store sells 18 pcs/set - check the pack size against the actual supplier before ordering. Do not 'correct' MT165 to the catalogue's THM line: that is 16.5 x 17.5 mm and a different product"
U-IMU,controller,QMI8658C (onboard U-MCU-RT),multiple,6-axis IMU - accel + gyro no fusion,on dev board,1,selected,,0007,"Fusion not wanted - raw accel is the signal and capture-on-press makes drift irrelevant. 6-axis confirmed from CircuitPython/Zephyr board definitions, not the listing. SDA=GPIO11 SCL=GPIO12 INT1=GPIO10 INT2=GPIO13. This IS the final IMU - the carrier is passive"
LED-STRIP,controller,"WS2815 (12V addressable) 60/m, 1m reel",multiple,"Addressable LED strip - one run down the main board's centreline, lighting both sides",flexible strip,1,candidate,,0016,"Qty is a REEL, not a length: one run the main board's length less the sensor at its mouth end (mechanical/drc.echo 'LED strip on the main board'). Lies LEDs-up down the board's centreline, between the thumb switches' two rows of pins, and lights both acrylic sides through the cavity (ADR 0016, ADR 0017). 12V native so no 5V rail. Backup data line survives a dead LED. Density is open: config/body.yaml lighting.strip_per_m, decided at M6 by how evenly the cavity diffuses"
U-OPA-GEN,module,(none - OPA2197 used throughout),,Superseded by U-OPA-PITCH,n/a,0,not-needed,,0006,Single part number beats saving a few dollars on a one-off. Removes a class of assembly error
J-UMBILICAL-CABLE,module,Neutrik NE8MC or NE8MX etherCON cable shell (variant TBD),Neutrik,"Cable-side locking shell for the umbilical, assembled around a standard RJ45 plug",cable,2,open,,0004,"TWO, one per end of the 2m umbilical. Both ends take any standard RJ45 plug, so a plain Cat5e patch lead works on the bench - the locking, strain-relieved shell is what makes this an instrument tether rather than a cable that falls out. *** DO NOT ORDER NE8MC: IT IS DISCONTINUED *** - its own datasheet p.1 opens '*** DISCONTINUED *** Direct replacement / successor: NE8MX'. DIMENSIONS from the vendor documents: NE8MC dia 19 x 68mm with boot (52.6 short); NE8MX dia 20.1 x 66.4mm (50 short), boot dia 18.9; NE8MX6 dia 20.3 x 75.5 +/-1. *** THE SUCCESSOR IS 1.1mm FATTER AND 1.6mm SHORTER THAN THE PART IT REPLACES, AND IT ADDS A 4.5mm LOWER BOUND ON CABLE OD THAT THE NE8MC DID NOT HAVE *** - check the chosen Cat5's jacket against it, and note a booted lead may not fit the shell at all. Variant still TBD | THE INSTRUMENT END IS AN NE8FAV (J-UMBILICAL-INST), whose data sheet names 'NE8MC* or any standard RJ45 plug' and excludes NE8MC6-MO and NKE6S* - it does not name the NE8MX. Confirm the NE8MX latches in the NE8FAV before buying two"
BODY-OAK,mechanical,TBD,,Oak top and bottom panels,n/a,2,candidate,,0009,"Bottom panel thickness sets thumb key inset depth. FINISH (owner, 2026-09-28): stained a very dark ebony, the grain still showing through, under a satin oil finish (ADR 0009, Finishes)."
SIDE-ACRYLIC,mechanical,TBD,,Frosted acrylic side panels,n/a,2,candidate,,0009,"Edge-lit. DARK GREY frosted acrylic (owner, 2026-09-28; ADR 0009, Finishes). The tint sets how much of the side LEDs' light gets through (ADR 0014): a sample sheet under the chosen LEDs decides the drive level before the sheet is ordered."
BENCH,tooling,n/a,,"Scopes, logic analysers, DMMs, signal generators, RF",n/a,1,available,,0006,Full bench available - E9 not gated on tooling
J-USB,controller,USB-C receptacle,,USB-C connector for the real-time carrier,n/a,1,not-needed,,0013,Dev boards carry these. Only required if a custom MCU carrier is ever built (ADR 0013)
U-ESD-USB,controller,USBLC6-2SC6,ST,USB ESD protection array,n/a,1,not-needed,,0013,Dev boards carry these. Only required if a custom MCU carrier is ever built (ADR 0013)
SW-BOOT,controller,TBD,,Boot and reset buttons,n/a,2,not-needed,,0013,Dev boards carry these. Only required if a custom MCU carrier is ever built (ADR 0013)
TUBE,controller,silicone tube + dead-volume trap,,"Breath tube from mouthpiece to sensor, plus dead-volume trap",n/a,1,open,,0003,"~400mm - the sensor sits at the BOTTOM with the real-time board (ADR 0003), not at the top. 1.17ms propagation, the largest single term in the latency budget. Trap <=1mL and clearable without disassembly"
MECH-PTFE,controller,Porous hydrophobic PTFE plug,,Helmholtz restrictor AND liquid-water barrier at the sensor port,press-fit into the tube,2,open,,0003,"One part, two jobs: sizes the resonance above the 500Hz corner and blocks liquid. Size the orifice at E2. Trap volume <=1mL. Pressure port only - the DP's reference port is unplumbed"
MECH-WINDOW,controller,Frosted acrylic window,,Top-face window for the 8x8 matrix just past the last key - frosted acrylic flush with the oak top on a lip of oak,laser cut - size from mechanical/export/matrix-window.dxf,1,open,,0014,Frosted by the owner's choice (2026-09-26) - it softens the pixels at this distance above the LEDs (mechanical/drc.echo). The oak takes a rebate as deep as the sheet so the window sits flush. Prototype at M6
CABLE-UMB,controller,"Cat5e STP patch lead, STRANDED, ~2m",,"Umbilical cable, module to instrument",RJ45 both ends,2,open,,0004,"*** GAUGE IS OPEN AND THREE DERIVATIONS ASSUME 24 AWG. *** 0005:91 computes a ~0.34 ohm round trip, breath-sense-link.md:100 a 0.168 ohm return term, and 0003:315 a whole signal-drop table - all at 24 AWG, which this row does not specify. A stranded Cat5e PATCH lead is commonly 26 or 28 AWG, at 1.6x to 2.6x the resistance. WHAT DECIDES IT: buy the lead, read the jacket print, or measure end-to-end DC resistance at E6. Note the trap - the well-argued STRANDED requirement below is exactly what makes a thinner gauge likely, and nobody connected the two. STRANDED not solid-core: solid core work-hardens and fractures under constant flexing, which is this cable's whole life. Shielded preferred. It is a CONSUMABLE - keep spares and replace at the first intermittency"
MECH-MOUTH,controller,Tube end + small nib (lip locator),,"Mouthpiece - no bite sensor, raw tube is playable","turned or printed, removable",1,open,,0003,OD must let the lips vent at the corners - that is what makes circular breathing work. Bore settled at E2 by playing two or three sizes. Removable for cleaning
PCB-MODULE,module,"2-layer PCB - 10HP CV interface, main board",,"DAC, scaling, power entry, load switch, etherCON","outline mechanical/module/export/main-board.dxf, 1.6mm",1,open,,0004,"THE MODULE'S MAIN BOARD (ADR 0023): the etherCON (J-UMBILICAL, soldered in, which sets this board's depth behind the panel), every IC, the trimmers and J-PWR-EURO on its rear face. The jacks, pots and LED are on PCB-MODULE-JACK in front of it, joined by J-B2B-MOD and held by MECH-STANDOFF-MOD. 10HP (ADR 0004). Outline, positions and keep-outs: mechanical/module/export/ (ADR 0024); it stays inside the rail band there"
KNOB-BREATH,module,Knob to match the pot shaft - 14mm MAX diameter,,"Knobs for the breath gain, offset and response pots",n/a,3,candidate,,0004,"Match the shaft of the POT-BREATH variant ordered - D-shaft and knurled are not interchangeable | 2026-09-21: THREE, not two - POT-RESP added. KNOB SIZE IS NOW THE BINDING CONSTRAINT: three pots across 50.50mm with 3mm gaps needs <=14mm knobs (15mm gives 51mm and does not fit). ADR 0004's claim of '16-20mm knobs' is withdrawn. 10HP buys the height back by spending the knob size 8HP was supposed to buy - three controls at 14mm beats two at 16mm, but say so honestly"
MECH-UBOLT,mechanical,U-bolt + 2 nylocs (size: config/body.yaml hardware.ubolt_*),,Strap anchor through the full laminated stack,THROUGH-HOLE,1,open,,0009,"Position: slightly above the centre of gravity, checked at the M8 dry assembly. THE MAIN BOARD IS IN ITS CLAMP (ADR 0022 point 7): each leg passes the backplate, a MECH-UBOLT-WASHER, the main board, a second washer and the nut, so the board's leg holes fix the position - moving it after M8 is a board change. Anchors to the PLATE STACK, never to oak. SIZED BY THE MAIN BOARD, not the load: its nuts stand on the board's top face beside the LED strip, and an M4 or M5 nut's keep-out reaches under the strip (config/body.yaml hardware.ubolt_rod_d; mechanical/drc.echo, LED strip clear of the U-bolt nuts). Snug the nylocs, do not torque them: they clamp FR-4"
MECH-BACKPLATE,mechanical,TBD - aluminium or ply,,Internal backing plate for the U-bolt,n/a,1,open,,0009,"The U-bolt through-bolts to this plate - the oak is a shell, not structure - and the main board clamps onto it through one washer per leg (ADR 0022 point 7). Cut file mechanical/export/ubolt-backplate.dxf: located by the U-bolt legs alone, it stops short of the middle fastener pair (config/body.yaml hardware.backplate_clear)"
MECH-UBOLT-WASHER,mechanical,DIN 433 M3 washer (small outside diameter; config/body.yaml hardware.ubolt_washer_*),,"Two per U-bolt leg: one between the backplate and the main board, one under the nut on the board","washer, M3",4,open,,0022,"THE ONE UNDER THE BOARD SETS ITS HEIGHT THERE: the backplate plus this washer must equal the oak mounts' spacer (mechanical/drc.echo, main board in the U-bolt's clamp). Measure it; a different backplate thickness takes a different washer"
MECH-THUMBREST,mechanical,TBD,,Laminated thumb rest lip on the bottom panel,n/a,1,open,,0009,A 2D part added by lamination - there is no pocketing anywhere in this design. The right thumb rests here and RT1-3 sit offset from the rest position
MECH-SERVICECOVER,mechanical,Screwed cover plate ~12 x 40mm + 2x M2,,Removable cover over HDR-SERVICE on the tail underside,n/a,1,open,,0009,"Tail underside, after the right-thumb keys, turned across the body. Screws into the plate stack, not the oak. In the M4 CAD (mechanical/) with the etherCON backing plate, and into the 1:1 paper check of the tail face"
MECH-FASTENER,mechanical,M3 LOW-HEAD cap screw (DIN 7984) + threaded insert or tapped plate boss,,"Six through-fasteners holding the lid to the U, up through the oak bottom",THROUGH-HOLE,6,open,,0009,"THE ONLY THING HOLDING THE INSTRUMENT CLOSED (ADR 0009). SIX, not four: fastener spacing sets how much the lid lifts between them - three stations along the body, placed by the model clear of both key runs (mechanical/cad/woody_body.scad fastener_x; mechanical/drc.echo). Enter from the BOTTOM face, counterbored into oak so nothing is felt in play, and land in the aluminium plate. Length depends on the final stack height, which is an M4 CAD output. Threaded inserts in the plate or tapped bosses - decide with the plate drawing, not here. LOW HEAD: the counterbore comes up beside the side groove, and a 3mm socket head's counterbore would share the groove's depth - config/body.yaml hardware.fastener_head_h, mechanical/drc.echo (fastener counterbores clear of the side grooves)"
MECH-ETHERCON-SCREW,mechanical,Neutrik A-series mounting screw (A-Screw),Neutrik,"Holds J-UMBILICAL-INST's flange to the tail cap's 3mm panel, from outside",screw,2,open,,0021,"TWO, through the d3.2 holes in the recess floor (the tail cap's 3mm panel) into the flange [ds: NE8FAV 'Mounting A-Screw']. The screws are the only thing holding the connector to the body: the adapter and the main board carry nothing of the cable's pull. The screw's length has to suit a 3mm panel; the part and length are decided at M4 with the connector in hand"
MECH-KB-STUD,mechanical,"PEM FHL-M2.5-8ZI self-clinching flush-head stud, low-displacement head, zinc-plated steel",PennEngineering (PEM),"Pressed into the key plate at each key-board corner, head flush with the plate's top face; carries the spacer, key board and nut below","stud, M2.5 x 8",8,selected,,0020,"ONE PER KEY-BOARD CORNER: count = the sum of drc.echo ""key-board mounts"" over both boards. PRESSED INTO THE PLATE BY THE PLATE VENDOR (or on a press): hole hardware.kb_stud_hole, NOT DEBURRED, stud inserted from the punch side, squeezed flush on a flat parallel anvil - for sheet this thin, PEM's countersunk anvil 8003302 with punch 975200997 [datasheets/mechanical/PEM-FH-SELF-CLINCHING-STUDS.pdf p.FH-18, FH-20]. Never hammered. FHL, not FH: FHL holds its data in 1.2 mm aluminium and needs 2.8 from an edge, where FH needs 5.4 (hardware.kb_stud_edge; drc.echo ""key-board studs clear of the plate's edges and cutouts""); rated for aluminium to HRB 80 / HB 150, so 5052 or 6061 [datasheets/mechanical/PEM-FH-SELF-CLINCHING-STUDS.pdf p.FH-7]. Zinc-plated steel, not stainless: PEM's finish guide calls stainless in aluminium a significant galvanic pair and plated steel acceptable [datasheets/mechanical/PEM-TECHSHEET-CHOOSING-A-FASTENER-FINISH.pdf pp.3-4]. Length: hardware.kb_stud_l; drc.echo ""key-board stud: thread past the nut"", ""key-board stud: its unthreaded shank ends above the board"" and ""key-board stud ends clear of the main board's parts"". TIGHTEN THE NUT TO NO MORE THAN hardware.kb_stud_torque; the clinch holds the stud against turning, so a nut comes off from below with the lid bonded. The board's holes are NPTH and keep copper out round the spacer and nut, except the ONE mount that grounds the plate (key-board-lh layout.yaml bond_mount; ADR 0020 Amendment 5), so there is no second bond. US SOURCE: not yet found for FHL-M2.5-8ZI [UNVERIFIED - ask the plate vendor, who presses them]"
MECH-KB-SPACER,mechanical,"Ettinger 5.52.015, plain spacer M2.5 (bore 2.6, L 1.5), faced to 1.3",Ettinger,Between the key plate's underside and the key board's top face on each key-board stud: it alone sets the board's depth,"spacer, M2.5",8,selected,Ettinger,0020,"ONE PER MECH-KB-STUD. FACE EACH ONE DOWN TO hardware.kb_spacer_l (1.3 from the 1.5 bought) and measure it: no stocked M2.5 spacer has that length. It is the whole gap between the plate and the board, the switches' housing below the plate, so the board is pressed against the housings without the nut pulling it into the plate (ADR 0020 Amendment 6). Metal, flat both ends - not the Wurth WA-SMST SMT spacers, which carry a spigot under the body. Outside diameter and tolerance: hardware.kb_spacer_od, kb_spacer_l_tol. It sets the key boards' depth, switch.pcb_below_seat: drc.echo ""key-board mount sets the board depth"", and ""key-board depth at the hardware's tolerance limits"". It bears on the board's top copper, so the PCB keeps copper out from under it (grown by hardware.kb_mount_float). Kept off the switch cutouts by drc.echo ""key-board spacers clear of the switch cutouts"". MATERIAL: Ettinger's catalogue lists the 5.52 series as stainless steel, its article sheet for 5.52.023 as nickel-plated brass - either serves; confirm at order. DRAWINGS: datasheets/mechanical/ETTINGER-CATALOG-2024-P79-DISTANZHUELSEN-MESSING.html (the series, 5.52.033 listed); datasheets/mechanical/ETTINGER-005.52.023-SPACER-2.6x4.5x2.0-BRASS-NI.pdf (a sibling's sheet: bore and OD). SOURCE: Ettinger, in stock, minimum order 100 [web ettinger.de, 2026-09-28, for the 2.0; the 3.0 not priced]; no US distributor found [UNVERIFIED US stock]"
MECH-KB-NUT,mechanical,"M2.5 hex nut, ISO 4032 / DIN 934, A2 stainless",,"On the key board's underside, one on each key-board stud","nut, M2.5",8,selected,,0020,"ONE PER MECH-KB-STUD, on the board's underside among its parts. Size: config/body.yaml hardware.kb_nut_e, kb_nut_m; the PCB keeps copper and parts out from under it (grown by hardware.kb_mount_float). Checked by drc.echo ""key-board stud: thread past the nut"" and ""key-board nuts clear of the chain header"". Tighten to no more than hardware.kb_stud_torque (MECH-KB-STUD). DRAWING: datasheets/mechanical/ASPEN-ISO4032-DIN934-HEX-NUT-DIMENSION-TABLE.pdf. US SOURCE: not yet checked for M2.5 [UNVERIFIED]"
MECH-MB-STUD,mechanical,The same part as MECH-KB-STUD,PennEngineering (PEM),"Pressed into a thumb plate from its underside at each of the main board's plate mounts, head flush; carries the spacer, the main board and the nut","stud, M2.5 x 10",4,selected,,0022,"THE KEY BOARDS' MOUNT ON A THUMB PLATE (ADR 0022): the same stud, hole, spacer and nut as MECH-KB-STUD/-SPACER/-NUT, whose rows say how each is fitted. Buy these with them. COUNT: mechanical/drc.echo 'main board standoffs found clear of everything' says how many land on the thumb plates and how many on the oak"
MECH-MB-SPACER,mechanical,"The same part as MECH-KB-SPACER, faced alike",Ettinger,Between a thumb plate and the main board on each MECH-MB-STUD: it sets the board's depth below the thumb switches' seat,"spacer, M2.5",4,selected,Ettinger,0022,"ONE PER MECH-MB-STUD; the board's depth is the plate + this, checked in mechanical/drc.echo 'main board mount sets its depth'. COUNT: mechanical/drc.echo 'main board standoffs found clear of everything' says how many land on the thumb plates and how many on the oak. IT CARRIES THE THUMB PLATE'S GROUND BOND (ADR 0022): plate to the main board's PWR_GND pad, so metal, never nylon"
MECH-MB-NUT,mechanical,The same part as MECH-KB-NUT,,"On the main board's top face, one on each MECH-MB-STUD","nut, M2.5",4,selected,,0022,ONE PER MECH-MB-STUD. COUNT: mechanical/drc.echo 'main board standoffs found clear of everything' says how many land on the thumb plates and how many on the oak
MECH-MB-INSERT,mechanical,M2.5 threaded insert for hardwood (press-in or screw-in),,Set into a blind hole in the oak bottom's inside face at each of the main board's oak mounts,"insert, M2.5",8,open,,0022,"WHERE NO THUMB PLATE IS UNDER THE BOARD (ADR 0022). Locating, not structure: the board's weight and the breath tube's push onto the sensor. The blind hole is placed by the body CAD and is not in the oak bottom's DXF, which carries through-cuts; its size is config/body.yaml hardware.mb_insert_od and mb_insert_l, from memory until the part is bought (M4). COUNT: mechanical/drc.echo 'main board standoffs found clear of everything' says how many land on the thumb plates and how many on the oak"
MECH-MB-OAK-SPACER,mechanical,"Plain metal spacer for M2.5, as MECH-KB-SPACER, faced to the oak mount's length",,Between the oak bottom and the main board on each MECH-MB-INSERT,"spacer, M2.5",8,open,,0022,Its length is the oak bottom's inside face to the board: mechanical/drc.echo 'main board spacers on the oak (derived)'. COUNT: mechanical/drc.echo 'main board standoffs found clear of everything' says how many land on the thumb plates and how many on the oak
MECH-MB-SCREW,mechanical,M2.5 low-head screw (ISO 7380 or DIN 7984),,Down through the main board and the oak spacer into each MECH-MB-INSERT,"screw, M2.5",8,open,,0022,"Its head stands on the board's top face among the parts: config/body.yaml hardware.mb_screw_head_d and mb_screw_head_h, from memory. The length follows the insert (M4). COUNT: mechanical/drc.echo 'main board standoffs found clear of everything' says how many land on the thumb plates and how many on the oak"
ENDCAP-MOUTH,mechanical,"TBD - oak, same stock as BODY-OAK",,"Mouthpiece-end cap, drilled for the breath tube pass-through",flat part,1,open,,0009,"OAK, as the tail cap (owner, 2026-09-26; ADR 0009 kept the choice open for exactly this): the wood wraps both ends. Drilled for the breath tube pass-through - config/body.yaml ends.tube_hole_d, settled at E2. A flat part cut from mechanical/export/mouth-cap.dxf; re-cutting it is how a wrong pass-through gets fixed"
ENDCAP-TAIL,mechanical,"TBD - oak, same stock as BODY-OAK",,Tail-end cap carrying the etherCON and the USB-C slot,flat part,1,open,,0009,"OAK, so the wood reads as wrapping from the top face around the bottom and up the back. The etherCON exits this face AXIALLY - straight out along the long axis, the way a flute foot joint is open at the end (ADR 0004) - so a 2m tether hangs rather than twists. The etherCON (J-UMBILICAL-INST, an NE8FAV, ADR 0021) sits flange and body BEHIND it, latch up, screwed through it into the flange (config/body.yaml ethercon). Bore d22 min, two d3.2 holes on the diagonal, per the vendor drawing. The connector allows a 3mm panel at most, so a recess routed into the outside face leaves that much oak where it mounts: the PUSH tab stands in the recess - mechanical/drc.echo 'tail cap recess for the etherCON inside the tail face'. It stands on the floor, so the oak above and below the bore is in mechanical/drc.echo. Beside the flange: the USB-C receptacle's slot, on end, at the bottom of an overmould-sized pocket routed into the tail face (config/body.yaml openings.usb_overmold, usb_panel_t) - the DXF carries the slot and the bore; the pocket and the recess are router passes"
U-TVS-MODULE,module,"Same three groups, module end of the etherCON",multiple,ESD protection at the module end of the umbilical,as above,1,open,,0004,"The BOM had protection at one end only. DELIBERATELY open, not forgotten: the module is behind four screws and this is retrofittable. The instrument end is no longer bonded shut either (ADR 0009) - it is behind six - so the asymmetry in this argument is now one of effort, not of possibility. Fit at E12 if E11 gives any reason to"
ADH-WOOD,mechanical,PVA wood glue (Titebond II/III class),,Oak-to-oak lamination: spacer layers and the thumb rest lip,n/a,1,candidate,,0009,"The only wood-to-wood joints in the stack, and the strongest and cheapest joint available. Does NOT bond aluminium or acrylic, which is half the reason the old single MECH-ADHESIVE row could not have worked"
ADH-RTV,mechanical,"RTV silicone - ALKOXY (alcohol) neutral cure, electronics-safe",,"Plate to oak, matrix diffuser, thumb plate - and the lid gasket",n/a,1,candidate,,0009,"NOT ACETOXY. The common hardware-store type releases acetic acid while curing, inside a sealed cavity holding two dev boards, a carrier, connectors and a pressure sensor. Compliant in shear so the oak's 0.6-0.9mm of cross-grain humidity movement does not fight the aluminium plate; stiff in compression so the plate is still backed under a key press. BEAD IT, DO NOT BUTTER IT - cure needs atmospheric moisture and runs ~2mm/day inwards, so a trapped full-face layer never cures. Keep it off both sensor ports (ADR 0003), and bond the plate only after both key boards are mounted on its studs and soldered (ADR 0020, Amendment 4); the beads may run over the studs' flush heads | 2026-09-21: TWO JOBS NOW. Adhesive on the permanent joints above; GASKET on the lid-to-U joint, which opens on six fasteners (ADR 0009). Same tube. Lay the gasket bead on ONE face, let it skin, then clamp - a fresh bead glues the lid shut, which is the failure this change exists to avoid"
U-MCU-SPARE,controller,Spare ESP32-S3-Matrix,Waveshare,"Spare dev board, bought with the original",n/a,1,candidate,,0013,"BUY IT WITH THE ORIGINAL, not later. ADR 0013 names a discontinued dev board as a redesign risk and the vendor ships silent revisions. A spare DOES rescue a bricked instrument now that the body opens on six fasteners (ADR 0009) - this row said it could not, which was true while the body was bonded. Still insurance against a dead board during BUILD and bring-up, and against the part vanishing before M8"
CBL-USB-EXT,controller,Panel-mount USB-C extension (right-angle male to EARLESS panel-mount female),,"Brings the ESP32-S3-Matrix USB-C port to the tail face beside the etherCON - flashing, configuration (ADR 0015), USB MIDI and USB-Serial-JTAG recovery",panel-mount,1,open,,0009,"RIGHT-ANGLE plug at the Matrix end - a straight plug costs body length (config/body.yaml openings.usb_plug_l). Shortest that reaches from the Matrix board to the tail cap with slack for the cap to come off - mechanical/drc.echo gives the run. Receptacle mounts ON END in the tail cap (openings.usb_slot_portrait) and must be EARLESS, clamped against the cap from behind (openings.usb_mount): on end, screw ears land outside the cavity (mechanical/drc.echo, USB-C receptacle mount inside the cavity). Its cutout must fit openings.usb_slot_w x usb_slot_h, and its nose must pass the thin panel under the tail face's overmould pocket (openings.usb_panel_t, usb_nose_l) so a plug reaches it. Cables used with it need an overmould within openings.usb_overmold. Full-speed USB only"
PCB-MODULE-JACK,module,"2-layer PCB - 10HP CV interface, jack board",,"The board behind the panel that carries the jacks, pots and LED","outline mechanical/module/export/jack-board.dxf, 1.6mm",1,open,,0024,"WHERE THE JACKS' BODIES PUT IT, behind the panel (ADR 0023). A U: its notch clears the NE8FAV's body and is open to the bottom edge, where SW-POWER's body sits too (ADR 0024). The jacks lie on their sides, pins across the panel. Outline, positions and keep-outs: mechanical/module/export/pcb-geometry.echo. SW-POWER is panel-mounted and wired"
J-B2B-MOD,module,"2x10 2.54mm pin header, soldered through both boards",,Joins the jack board to the module main board,"THROUGH-HOLE, 2 x 10, 2.54mm",1,open,,0024,"Soldered into both PCB-MODULE-JACK and PCB-MODULE, like the instrument's J-UMB: no mated contacts. Between the two jack columns, long axis vertical (ADR 0024). PIN LENGTH: at least mechanical/module/drc.echo 'J-B2B-MOD pin length (derived)' - a long-pin header, or a stock one with its insulator slid to suit. Position: config/module.yaml b2b.at. PIN k IS ONE CONDUCTOR ON BOTH BOARDS: its net on each board's sheet (hardware/boards/module-main, module-jack), held equal by tools/kicad.py check; the allocation and its reasoning are in hardware/boards/module-main/README.md. Buy one: the jack board's sheet marks its instance Assembly none"
MECH-STANDOFF-MOD,mechanical,"M3 female-female hex spacer, 8mm stock, FACED to length (proposed: Wurth 970080365)",,Holds the jack board and the main board apart,"M3 spacer, SW 6",4,open,,0024,"FACE EACH ONE to mechanical/module/drc.echo 'standoff length (derived)' from the 8mm bought, and measure it (drc.echo 'standoff faced from stock'): the gap is the NE8FAV's setback less the jack's body and the jack board, and neither board's depth can move to suit (ADR 0024 point 8). Positions: config/module.yaml standoff.at. Metal, not nylon, if it is to carry ground between the boards - the proposed part is polyamide"
MECH-STANDOFF-SCREW-MOD,mechanical,"M3 pan head screw, DIN 7985 (length: the board plus the spacer's thread)",,Holds each MECH-STANDOFF-MOD to the jack board (front face) and the main board (rear face),"screw, M3",8,open,,0024,"TWO PER MECH-STANDOFF-MOD, one through each board into the spacer's internal thread; the heads are config/module.yaml m3.head_*, and each board keeps parts and copper out of mechanical/module/export/pcb-geometry.echo's 'standoff head' keep-out. Length: 1.6 board plus the spacer's thread depth, read off the spacer bought"
MECH-PANEL-SCREW-MOD,mechanical,M3 x 6 pan head (DIN 7985) + DIN 125 washer,,Holds the module panel to the case rails,screw + washer,4,open,,0023,"FOUR, at 10HP [ds DOEPFER-A100-CONSTRUCTION-DETAILS-a100m_e.html], through slotted mounting cuts (ADR 0024). The washer is what panel-height-budget assumes; a larger head eats into the clear height. The DIN 7985 head is config/module.yaml m3.head_d, from the banked table"
MECH-ETHERCON-SCREW-MOD,mechanical,Neutrik A-series mounting screw (A-Screw),Neutrik,"Holds J-UMBILICAL's flange to the module panel, from the front",screw,2,open,,0023,"The same screw as MECH-ETHERCON-SCREW at the instrument's end, two through the panel into the flange [ds NE8FAV 'Mounting A-Screw']; its length follows the 2 mm panel"
MECH-LED-BEZEL-MOD,mechanical,"3mm LED lead spacer (two-lead), length per the module DRC",,Sets LED-PANEL against the panel,spacer,1,open,,0024,"A LEAD SPACER, not a panel bezel (ADR 0024 point 9): LED-PANEL's flange is the same diameter as its panel hole, so nothing on the panel stops it. It stands on the jack board's front face and stops the flange; its length is mechanical/module/drc.echo 'LED lead spacer length (derived)'. Its diameter is config/module.yaml led.spacer_d, tbd until one is chosen"
CBL-PWR-EURO,module,16-pin Eurorack power ribbon,,From the case bus board to J-PWR-EURO,ribbon,1,open,,0023,"16-WAY, because J-PWR-EURO is 16-pin (it needs +5V). Most cases supply one; RED STRIPE = -12V, at J-PWR-EURO's pin 1 and 'down' at the bus board"
