  0
SECTION
  2
HEADER
  9
$ACADVER
  1
AC1027
  9
$ACADMAINTVER
 70
105
  9
$DWGCODEPAGE
  3
ANSI_1252
  9
$LASTSAVEDBY
  1
ezdxf
  9
$REQUIREDVERSIONS
160
0
  9
$INSBASE
 10
0.0
 20
0.0
 30
0.0
  9
$EXTMIN
 10
1e+20
 20
1e+20
 30
1e+20
  9
$EXTMAX
 10
-1e+20
 20
-1e+20
 30
-1e+20
  9
$LIMMIN
 10
0.0
 20
0.0
  9
$LIMMAX
 10
420.0
 20
297.0
  9
$ORTHOMODE
 70
0
  9
$REGENMODE
 70
1
  9
$FILLMODE
 70
1
  9
$QTEXTMODE
 70
0
  9
$MIRRTEXT
 70
1
  9
$LTSCALE
 40
1.0
  9
$ATTMODE
 70
1
  9
$TEXTSIZE
 40
2.5
  9
$TRACEWID
 40
1.0
  9
$TEXTSTYLE
  7
Standard
  9
$CLAYER
  8
0
  9
$CELTYPE
  6
ByLayer
  9
$CECOLOR
 62
256
  9
$CELTSCALE
 40
1.0
  9
$DISPSILH
 70
0
  9
$DIMSCALE
 40
1.0
  9
$DIMASZ
 40
2.5
  9
$DIMEXO
 40
0.625
  9
$DIMDLI
 40
3.75
  9
$DIMRND
 40
0.0
  9
$DIMDLE
 40
0.0
  9
$DIMEXE
 40
1.25
  9
$DIMTP
 40
0.0
  9
$DIMTM
 40
0.0
  9
$DIMTXT
 40
2.5
  9
$DIMCEN
 40
2.5
  9
$DIMTSZ
 40
0.0
  9
$DIMTOL
 70
0
  9
$DIMLIM
 70
0
  9
$DIMTIH
 70
0
  9
$DIMTOH
 70
0
  9
$DIMSE1
 70
0
  9
$DIMSE2
 70
0
  9
$DIMTAD
 70
1
  9
$DIMZIN
 70
8
  9
$DIMBLK
  1

  9
$DIMASO
 70
1
  9
$DIMSHO
 70
1
  9
$DIMPOST
  1

  9
$DIMAPOST
  1

  9
$DIMALT
 70
0
  9
$DIMALTD
 70
3
  9
$DIMALTF
 40
0.03937007874
  9
$DIMLFAC
 40
1.0
  9
$DIMTOFL
 70
1
  9
$DIMTVP
 40
0.0
  9
$DIMTIX
 70
0
  9
$DIMSOXD
 70
0
  9
$DIMSAH
 70
0
  9
$DIMBLK1
  1

  9
$DIMBLK2
  1

  9
$DIMSTYLE
  2
ISO-25
  9
$DIMCLRD
 70
0
  9
$DIMCLRE
 70
0
  9
$DIMCLRT
 70
0
  9
$DIMTFAC
 40
1.0
  9
$DIMGAP
 40
0.625
  9
$DIMJUST
 70
0
  9
$DIMSD1
 70
0
  9
$DIMSD2
 70
0
  9
$DIMTOLJ
 70
0
  9
$DIMTZIN
 70
8
  9
$DIMALTZ
 70
0
  9
$DIMALTTZ
 70
0
  9
$DIMUPT
 70
0
  9
$DIMDEC
 70
2
  9
$DIMTDEC
 70
2
  9
$DIMALTU
 70
2
  9
$DIMALTTD
 70
3
  9
$DIMTXSTY
  7
Standard
  9
$DIMAUNIT
 70
0
  9
$DIMADEC
 70
0
  9
$DIMALTRND
 40
0.0
  9
$DIMAZIN
 70
0
  9
$DIMDSEP
 70
44
  9
$DIMATFIT
 70
3
  9
$DIMFRAC
 70
0
  9
$DIMLDRBLK
  1

  9
$DIMLUNIT
 70
2
  9
$DIMLWD
 70
-2
  9
$DIMLWE
 70
-2
  9
$DIMTMOVE
 70
0
  9
$DIMFXL
 40
1.0
  9
$DIMFXLON
 70
0
  9
$DIMJOGANG
 40
0.785398163397
  9
$DIMTFILL
 70
0
  9
$DIMTFILLCLR
 70
0
  9
$DIMARCSYM
 70
0
  9
$DIMLTYPE
  6

  9
$DIMLTEX1
  6

  9
$DIMLTEX2
  6

  9
$DIMTXTDIRECTION
 70
0
  9
$LUNITS
 70
2
  9
$LUPREC
 70
4
  9
$SKETCHINC
 40
1.0
  9
$FILLETRAD
 40
10.0
  9
$AUNITS
 70
0
  9
$AUPREC
 70
2
  9
$MENU
  1
.
  9
$ELEVATION
 40
0.0
  9
$PELEVATION
 40
0.0
  9
$THICKNESS
 40
0.0
  9
$LIMCHECK
 70
0
  9
$CHAMFERA
 40
0.0
  9
$CHAMFERB
 40
0.0
  9
$CHAMFERC
 40
0.0
  9
$CHAMFERD
 40
0.0
  9
$SKPOLY
 70
0
  9
$TDCREATE
 40
2451545.0
  9
$TDUCREATE
 40
2451545.0
  9
$TDUPDATE
 40
2451545.0
  9
$TDUUPDATE
 40
2451545.0
  9
$TDINDWG
 40
0.0
  9
$TDUSRTIMER
 40
0.0
  9
$USRTIMER
 70
1
  9
$ANGBASE
 50
0.0
  9
$ANGDIR
 70
0
  9
$PDMODE
 70
0
  9
$PDSIZE
 40
0.0
  9
$PLINEWID
 40
0.0
  9
$SPLFRAME
 70
0
  9
$SPLINETYPE
 70
6
  9
$SPLINESEGS
 70
8
  9
$HANDSEED
  5
37
  9
$SURFTAB1
 70
6
  9
$SURFTAB2
 70
6
  9
$SURFTYPE
 70
6
  9
$SURFU
 70
6
  9
$SURFV
 70
6
  9
$UCSBASE
  2

  9
$UCSNAME
  2

  9
$UCSORG
 10
0.0
 20
0.0
 30
0.0
  9
$UCSXDIR
 10
1.0
 20
0.0
 30
0.0
  9
$UCSYDIR
 10
0.0
 20
1.0
 30
0.0
  9
$UCSORTHOREF
  2

  9
$UCSORTHOVIEW
 70
0
  9
$UCSORGTOP
 10
0.0
 20
0.0
 30
0.0
  9
$UCSORGBOTTOM
 10
0.0
 20
0.0
 30
0.0
  9
$UCSORGLEFT
 10
0.0
 20
0.0
 30
0.0
  9
$UCSORGRIGHT
 10
0.0
 20
0.0
 30
0.0
  9
$UCSORGFRONT
 10
0.0
 20
0.0
 30
0.0
  9
$UCSORGBACK
 10
0.0
 20
0.0
 30
0.0
  9
$PUCSBASE
  2

  9
$PUCSNAME
  2

  9
$PUCSORG
 10
0.0
 20
0.0
 30
0.0
  9
$PUCSXDIR
 10
1.0
 20
0.0
 30
0.0
  9
$PUCSYDIR
 10
0.0
 20
1.0
 30
0.0
  9
$PUCSORTHOREF
  2

  9
$PUCSORTHOVIEW
 70
0
  9
$PUCSORGTOP
 10
0.0
 20
0.0
 30
0.0
  9
$PUCSORGBOTTOM
 10
0.0
 20
0.0
 30
0.0
  9
$PUCSORGLEFT
 10
0.0
 20
0.0
 30
0.0
  9
$PUCSORGRIGHT
 10
0.0
 20
0.0
 30
0.0
  9
$PUCSORGFRONT
 10
0.0
 20
0.0
 30
0.0
  9
$PUCSORGBACK
 10
0.0
 20
0.0
 30
0.0
  9
$USERI1
 70
0
  9
$USERI2
 70
0
  9
$USERI3
 70
0
  9
$USERI4
 70
0
  9
$USERI5
 70
0
  9
$USERR1
 40
0.0
  9
$USERR2
 40
0.0
  9
$USERR3
 40
0.0
  9
$USERR4
 40
0.0
  9
$USERR5
 40
0.0
  9
$WORLDVIEW
 70
1
  9
$SHADEDGE
 70
3
  9
$SHADEDIF
 70
70
  9
$TILEMODE
 70
1
  9
$MAXACTVP
 70
64
  9
$PINSBASE
 10
0.0
 20
0.0
 30
0.0
  9
$PLIMCHECK
 70
0
  9
$PEXTMIN
 10
1e+20
 20
1e+20
 30
1e+20
  9
$PEXTMAX
 10
-1e+20
 20
-1e+20
 30
-1e+20
  9
$PLIMMIN
 10
0.0
 20
0.0
  9
$PLIMMAX
 10
420.0
 20
297.0
  9
$UNITMODE
 70
0
  9
$VISRETAIN
 70
1
  9
$PLINEGEN
 70
0
  9
$PSLTSCALE
 70
1
  9
$TREEDEPTH
 70
3020
  9
$CMLSTYLE
  2
Standard
  9
$CMLJUST
 70
0
  9
$CMLSCALE
 40
20.0
  9
$PROXYGRAPHICS
 70
1
  9
$MEASUREMENT
 70
1
  9
$CELWEIGHT
370
-1
  9
$ENDCAPS
280
0
  9
$JOINSTYLE
280
0
  9
$LWDISPLAY
290
0
  9
$INSUNITS
 70
4
  9
$HYPERLINKBASE
  1

  9
$STYLESHEET
  1

  9
$XEDIT
290
1
  9
$CEPSNTYPE
380
0
  9
$PSTYLEMODE
290
1
  9
$FINGERPRINTGUID
  2
{00000000-0000-0000-0000-000000000000}
  9
$VERSIONGUID
  2
{00000000-0000-0000-0000-000000000000}
  9
$EXTNAMES
290
1
  9
$PSVPSCALE
 40
0.0
  9
$OLESTARTUP
290
0
  9
$SORTENTS
280
127
  9
$INDEXCTL
280
0
  9
$HIDETEXT
280
1
  9
$XCLIPFRAME
280
1
  9
$HALOGAP
280
0
  9
$OBSCOLOR
 70
257
  9
$OBSLTYPE
280
0
  9
$INTERSECTIONDISPLAY
280
0
  9
$INTERSECTIONCOLOR
 70
257
  9
$DIMASSOC
280
2
  9
$PROJECTNAME
  1

  9
$CAMERADISPLAY
290
0
  9
$LENSLENGTH
 40
50.0
  9
$CAMERAHEIGHT
 40
0.0
  9
$STEPSPERSEC
 40
24.0
  9
$STEPSIZE
 40
100.0
  9
$3DDWFPREC
 40
2.0
  9
$PSOLWIDTH
 40
0.005
  9
$PSOLHEIGHT
 40
0.08
  9
$LOFTANG1
 40
1.570796326795
  9
$LOFTANG2
 40
1.570796326795
  9
$LOFTMAG1
 40
0.0
  9
$LOFTMAG2
 40
0.0
  9
$LOFTPARAM
 70
7
  9
$LOFTNORMALS
280
1
  9
$LATITUDE
 40
37.795
  9
$LONGITUDE
 40
-122.394
  9
$NORTHDIRECTION
 40
0.0
  9
$TIMEZONE
 70
-8000
  9
$LIGHTGLYPHDISPLAY
280
1
  9
$TILEMODELIGHTSYNCH
280
1
  9
$CMATERIAL
347
20
  9
$SOLIDHIST
280
0
  9
$SHOWHIST
280
1
  9
$DWFFRAME
280
2
  9
$DGNFRAME
280
2
  9
$REALWORLDSCALE
290
1
  9
$INTERFERECOLOR
 62
256
  9
$CSHADOW
280
0
  9
$SHADOWPLANELOCATION
 40
0.0
  0
ENDSEC
  0
SECTION
  2
CLASSES
  0
CLASS
  1
ACDBDICTIONARYWDFLT
  2
AcDbDictionaryWithDefault
  3
ObjectDBX Classes
 90
0
 91
0
280
0
281
0
  0
CLASS
  1
SUN
  2
AcDbSun
  3
SCENEOE
 90
1153
 91
0
280
0
281
0
  0
CLASS
  1
VISUALSTYLE
  2
AcDbVisualStyle
  3
ObjectDBX Classes
 90
4095
 91
0
280
0
281
0
  0
CLASS
  1
MATERIAL
  2
AcDbMaterial
  3
ObjectDBX Classes
 90
1153
 91
0
280
0
281
0
  0
CLASS
  1
SCALE
  2
AcDbScale
  3
ObjectDBX Classes
 90
1153
 91
0
280
0
281
0
  0
CLASS
  1
TABLESTYLE
  2
AcDbTableStyle
  3
ObjectDBX Classes
 90
4095
 91
0
280
0
281
0
  0
CLASS
  1
MLEADERSTYLE
  2
AcDbMLeaderStyle
  3
ACDB_MLEADERSTYLE_CLASS
 90
4095
 91
0
280
0
281
0
  0
CLASS
  1
DICTIONARYVAR
  2
AcDbDictionaryVar
  3
ObjectDBX Classes
 90
0
 91
0
280
0
281
0
  0
CLASS
  1
CELLSTYLEMAP
  2
AcDbCellStyleMap
  3
ObjectDBX Classes
 90
1152
 91
0
280
0
281
0
  0
CLASS
  1
MENTALRAYRENDERSETTINGS
  2
AcDbMentalRayRenderSettings
  3
SCENEOE
 90
1024
 91
0
280
0
281
0
  0
CLASS
  1
ACDBDETAILVIEWSTYLE
  2
AcDbDetailViewStyle
  3
ObjectDBX Classes
 90
1025
 91
0
280
0
281
0
  0
CLASS
  1
ACDBSECTIONVIEWSTYLE
  2
AcDbSectionViewStyle
  3
ObjectDBX Classes
 90
1025
 91
0
280
0
281
0
  0
CLASS
  1
RASTERVARIABLES
  2
AcDbRasterVariables
  3
ISM
 90
0
 91
0
280
0
281
0
  0
CLASS
  1
LAYOUT
  2
AcDbLayout
  3
ObjectDBX Classes
 90
0
 91
0
280
0
281
0
  0
CLASS
  1
ACDBPLACEHOLDER
  2
AcDbPlaceHolder
  3
ObjectDBX Classes
 90
0
 91
0
280
0
281
0
  0
ENDSEC
  0
SECTION
  2
TABLES
  0
TABLE
  2
VPORT
  5
8
330
0
100
AcDbSymbolTable
 70
1
  0
VPORT
  5
23
330
8
100
AcDbSymbolTableRecord
100
AcDbViewportTableRecord
  2
*Active
 70
0
 10
0.0
 20
0.0
 11
1.0
 21
1.0
 12
0.0
 22
0.0
 13
0.0
 23
0.0
 14
0.5
 24
0.5
 15
0.5
 25
0.5
 16
0.0
 26
0.0
 36
1.0
 17
0.0
 27
0.0
 37
0.0
 40
1000.0
 41
1.34
 42
50.0
 43
0.0
 44
0.0
 50
0.0
 51
0.0
 71
0
 72
1000
 73
1
 74
3
 75
0
 76
0
 77
0
 78
0
281
0
 65
0
146
0.0
  0
ENDTAB
  0
TABLE
  2
LTYPE
  5
2
330
0
100
AcDbSymbolTable
 70
3
  0
LTYPE
  5
24
330
2
100
AcDbSymbolTableRecord
100
AcDbLinetypeTableRecord
  2
ByBlock
 70
0
  3

 72
65
 73
0
 40
0.0
  0
LTYPE
  5
25
330
2
100
AcDbSymbolTableRecord
100
AcDbLinetypeTableRecord
  2
ByLayer
 70
0
  3

 72
65
 73
0
 40
0.0
  0
LTYPE
  5
26
330
2
100
AcDbSymbolTableRecord
100
AcDbLinetypeTableRecord
  2
Continuous
 70
0
  3

 72
65
 73
0
 40
0.0
  0
ENDTAB
  0
TABLE
  2
LAYER
  5
1
330
0
100
AcDbSymbolTable
 70
2
  0
LAYER
  5
27
330
1
100
AcDbSymbolTableRecord
100
AcDbLayerTableRecord
  2
0
 70
0
 62
7
  6
Continuous
370
-3
390
13
347
21
  0
LAYER
  5
28
330
1
100
AcDbSymbolTableRecord
100
AcDbLayerTableRecord
  2
Defpoints
 70
0
 62
7
  6
Continuous
290
0
370
-3
390
13
347
21
  0
ENDTAB
  0
TABLE
  2
STYLE
  5
5
330
0
100
AcDbSymbolTable
 70
1
  0
STYLE
  5
29
330
5
100
AcDbSymbolTableRecord
100
AcDbTextStyleTableRecord
  2
Standard
 70
0
 40
0.0
 41
1.0
 50
0.0
 71
0
 42
2.5
  3
txt
  4

  0
ENDTAB
  0
TABLE
  2
VIEW
  5
7
330
0
100
AcDbSymbolTable
 70
0
  0
ENDTAB
  0
TABLE
  2
UCS
  5
6
330
0
100
AcDbSymbolTable
 70
0
  0
ENDTAB
  0
TABLE
  2
APPID
  5
3
330
0
100
AcDbSymbolTable
 70
3
  0
APPID
  5
2A
330
3
100
AcDbSymbolTableRecord
100
AcDbRegAppTableRecord
  2
ACAD
 70
0
  0
APPID
  5
34
330
3
100
AcDbSymbolTableRecord
100
AcDbRegAppTableRecord
  2
HATCHBACKGROUNDCOLOR
 70
0
  0
APPID
  5
35
330
3
100
AcDbSymbolTableRecord
100
AcDbRegAppTableRecord
  2
EZDXF
 70
0
  0
ENDTAB
  0
TABLE
  2
DIMSTYLE
  5
4
330
0
100
AcDbSymbolTable
 70
1
100
AcDbDimStyleTable
  0
DIMSTYLE
105
2B
330
4
100
AcDbSymbolTableRecord
100
AcDbDimStyleTableRecord
  2
Standard
 70
0
 40
1.0
 41
2.5
 42
0.625
 43
3.75
 44
1.25
 45
0.0
 46
0.0
 47
0.0
 48
0.0
 49
2.5
140
2.5
141
2.5
142
0.0
143
0.03937007874
144
1.0
145
0.0
146
1.0
147
0.625
148
0.0
 69
0
 70
0
 71
0
 72
0
 73
0
 74
0
 75
0
 76
0
 77
1
 78
8
 79
3
170
0
171
3
172
1
173
0
174
0
175
0
176
0
177
0
178
0
179
2
271
2
272
2
273
2
274
3
275
0
276
0
277
2
278
44
279
0
280
0
281
0
282
0
283
0
284
8
285
0
286
0
288
0
289
3
290
0
371
-2
372
-2
  0
ENDTAB
  0
TABLE
  2
BLOCK_RECORD
  5
9
330
0
100
AcDbSymbolTable
 70
2
  0
BLOCK_RECORD
  5
17
330
9
100
AcDbSymbolTableRecord
100
AcDbBlockTableRecord
  2
*Model_Space
340
1A
 70
0
280
1
281
0
  0
BLOCK_RECORD
  5
1B
330
9
100
AcDbSymbolTableRecord
100
AcDbBlockTableRecord
  2
*Paper_Space
340
1E
 70
0
280
1
281
0
  0
ENDTAB
  0
ENDSEC
  0
SECTION
  2
BLOCKS
  0
BLOCK
  5
18
330
17
100
AcDbEntity
  8
0
100
AcDbBlockBegin
  2
*Model_Space
 70
0
 10
0.0
 20
0.0
 30
0.0
  3
*Model_Space
  1

  0
ENDBLK
  5
19
330
17
100
AcDbEntity
  8
0
100
AcDbBlockEnd
  0
BLOCK
  5
1C
330
1B
100
AcDbEntity
  8
0
100
AcDbBlockBegin
  2
*Paper_Space
 70
0
 10
0.0
 20
0.0
 30
0.0
  3
*Paper_Space
  1

  0
ENDBLK
  5
1D
330
1B
100
AcDbEntity
  8
0
100
AcDbBlockEnd
  0
ENDSEC
  0
SECTION
  2
ENTITIES
  0
LWPOLYLINE
  5
2F
330
17
100
AcDbEntity
  8
0
100
AcDbPolyline
 90
513
 70
1
 10
21.22032080210004
 20
35.15714075006182
 10
21.218905409854507
 20
35.20326088907518
 10
21.21692415913376
 20
35.249360186286765
 10
21.214377348306876
 20
35.295431699311976
 10
21.21126536091419
 20
35.34146848995042
 10
21.20758866560956
 20
35.387463625230765
 10
21.203347816089774
 20
35.43341017845482
 10
21.198543451011172
 20
35.47930123024067
 10
21.193176293893465
 20
35.52512986956472
 10
21.187247153010766
 20
35.57088919480246
 10
21.18075692126989
 20
35.61657231476783
 10
21.173706576075862
 20
35.66217234975099
 10
21.16609717918473
 20
35.70768243255441
 10
21.157929876543687
 20
35.753095709527
 10
21.14920589811846
 20
35.798405341596315
 10
21.139926557708115
 20
35.843604505298416
 10
21.13009325274718
 20
35.8886863938055
 10
21.11970746409522
 20
35.933644217951
 10
21.1087707558138
 20
35.97847120725194
 10
21.09728477493096
 20
36.02316061092864
 10
21.085251251193167
 20
36.06770569892129
 10
21.072671996804843
 20
36.11209976290347
 10
21.05954890615542
 20
36.15633611729245
 10
21.045883955534084
 20
36.20040810025597
 10
21.03167920283213
 20
36.2443090747155
 10
21.016936787233075
 20
36.288032429345776
 10
21.00165892889047
 20
36.33157157957042
 10
20.985847928593596
 20
36.37491996855354
 10
20.96950616742093
 20
36.418071068187224
 10
20.952636106381604
 20
36.46101838007458
 10
20.935240286044753
 20
36.503755436508406
 10
20.91732132615693
 20
36.54627580144521
 10
20.89888192524759
 20
36.58857307147443
 10
20.87992486022268
 20
36.630640876782785
 10
20.86045298594646
 20
36.67247288211353
 10
20.84046923481158
 20
36.714062787720536
 10
20.819976616297453
 20
36.75540433031699
 10
20.798978216517042
 20
36.79649128401866
 10
20.777477197752127
 20
36.83731746128142
 10
20.755476797977042
 20
36.877876713833174
 10
20.73298033037107
 20
36.91816293359966
 10
20.70999118281948
 20
36.95817005362437
 10
20.686512817403337
 20
36.99789204898218
 10
20.66254876987811
 20
37.03732293768671
 10
20.638102649141214
 20
37.076456781591155
 10
20.613178136688504
 20
37.11528768728256
 10
20.587778986059885
 20
37.15380980696938
 10
20.56190902227401
 20
37.19201733936205
 10
20.535572141252267
 20
37.22990453054677
 10
20.50877230923207
 20
37.26746567485188
 10
20.48151356216954
 20
37.30469511570722
 10
20.45380000513172
 20
37.34158724649593
 10
20.425635811678355
 20
37.37813651139882
 10
20.39702522323339
 20
37.41433740623104
 10
20.367972548446204
 20
37.45018447927097
 10
20.33848216254276
 20
37.485672332081286
 10
20.308558506666696
 20
37.52079562032187
 10
20.27820608721052
 20
37.55554905455472
 10
20.24742947513696
 20
37.589927401040455
 10
20.216233305290586
 20
37.62392548252657
 10
20.18462227569983
 20
37.65753817902704
 10
20.152601146869472
 20
37.69076042859341
 10
20.12017474106373
 20
37.72358722807709
 10
20.087347941580052
 20
37.75601363388283
 10
20.054125692013685
 20
37.78803476271318
 10
20.02051299551322
 20
37.819645792303945
 10
19.986514914027104
 20
37.85084196215031
 10
19.95213656754136
 20
37.88161857422388
 10
19.917383133308515
 20
37.91197099368005
 10
19.882259845067928
 20
37.94189464955612
 10
19.846771992257622
 20
37.97138503545956
 10
19.810924919217687
 20
38.00043771024674
 10
19.77472402438547
 20
38.029048298691706
 10
19.73817475948258
 20
38.05721249214507
 10
19.701282628693864
 20
38.0849260491829
 10
19.664053187838526
 20
38.11218479624543
 10
19.62649204353341
 20
38.138984628265625
 10
19.588604852348702
 20
38.16532150928737
 10
19.55039731995602
 20
38.19119147307324
 10
19.51187520026921
 20
38.21659062370186
 10
19.4730442945778
 20
38.24151513615457
 10
19.433910450673356
 20
38.26596125689147
 10
19.39447956196883
 20
38.2899253044167
 10
19.354757566611013
 20
38.31340366983284
 10
19.314750446586302
 20
38.33639281738442
 10
19.274464226819816
 20
38.3588892849904
 10
19.233904974268064
 20
38.380889684765485
 10
19.193078797005295
 20
38.4023907035304
 10
19.151991843303634
 20
38.42338910331081
 10
19.110650300707178
 20
38.44388172182494
 10
19.069060395100173
 20
38.46386547295982
 10
19.02722838976943
 20
38.48333734723603
 10
18.985160584461077
 20
38.502294412260945
 10
18.942863314431854
 20
38.52073381317029
 10
18.90034294949505
 20
38.538652773058104
 10
18.857605893061223
 20
38.55604859339496
 10
18.81465858117387
 20
38.57291865443429
 10
18.771507481540187
 20
38.58926041560695
 10
18.72815909255706
 20
38.60507141590383
 10
18.684619942332425
 20
38.62034927424643
 10
18.640896587702144
 20
38.63509168984549
 10
18.596995613242612
 20
38.64929644254744
 10
18.552923630279093
 20
38.66296139316877
 10
18.508687275890114
 20
38.6760844838182
 10
18.464293211907933
 20
38.68866373820653
 10
18.41974812391529
 20
38.70069726194431
 10
18.375058720238584
 20
38.71218324282715
 10
18.330231730937637
 20
38.72311995110857
 10
18.285273906792142
 20
38.73350573976054
 10
18.240192018285057
 20
38.743339044721466
 10
18.194992854582956
 20
38.75261838513182
 10
18.149683222513644
 20
38.76134236355705
 10
18.10426994554105
 20
38.76950966619809
 10
18.05875986273763
 20
38.777119063089216
 10
18.013159827754475
 20
38.78416940828325
 10
17.96747670778911
 20
38.790659640024124
 10
17.921717382551368
 20
38.796588780906816
 10
17.875888743227314
 20
38.801955938024534
 10
17.829997691441463
 20
38.80676030310313
 10
17.784051138217407
 20
38.811001152622914
 10
17.738056002937064
 20
38.81467784792754
 10
17.692019212298618
 20
38.81778983532023
 10
17.645947699273407
 20
38.82033664614712
 10
17.599848402061824
 20
38.822317896867865
 10
17.553728263048463
 20
38.8237332891134
 10
17.50759422775662
 20
38.824582609730854
 10
17.461453243802314
 20
38.824865730815674
 10
17.415312259848008
 20
38.824582609730854
 10
17.369178224556165
 20
38.8237332891134
 10
17.323058085542804
 20
38.822317896867865
 10
17.27695878833122
 20
38.82033664614712
 10
17.23088727530601
 20
38.81778983532023
 10
17.184850484667564
 20
38.81467784792754
 10
17.13885534938722
 20
38.811001152622914
 10
17.092908796163165
 20
38.80676030310313
 10
17.047017744377314
 20
38.801955938024534
 10
17.00118910505326
 20
38.796588780906816
 10
16.955429779815518
 20
38.790659640024124
 10
16.909746659850153
 20
38.78416940828325
 10
16.864146624866997
 20
38.777119063089216
 10
16.81863654206358
 20
38.76950966619809
 10
16.773223265090984
 20
38.76134236355705
 10
16.72791363302167
 20
38.75261838513182
 10
16.68271446931957
 20
38.743339044721466
 10
16.637632580812486
 20
38.73350573976054
 10
16.59267475666699
 20
38.72311995110857
 10
16.547847767366044
 20
38.71218324282715
 10
16.503158363689337
 20
38.70069726194431
 10
16.4586132756967
 20
38.68866373820653
 10
16.414219211714517
 20
38.6760844838182
 10
16.36998285732554
 20
38.66296139316877
 10
16.325910874362016
 20
38.64929644254744
 10
16.282009899902484
 20
38.63509168984549
 10
16.238286545272206
 20
38.62034927424643
 10
16.194747395047568
 20
38.60507141590383
 10
16.15139900606444
 20
38.58926041560695
 10
16.10824790643076
 20
38.57291865443429
 10
16.065300594543405
 20
38.55604859339496
 10
16.022563538109576
 20
38.538652773058104
 10
15.980043173172774
 20
38.52073381317029
 10
15.937745903143552
 20
38.502294412260945
 10
15.8956780978352
 20
38.48333734723603
 10
15.853846092504455
 20
38.46386547295982
 10
15.812256186897452
 20
38.44388172182494
 10
15.770914644300992
 20
38.42338910331081
 10
15.72982769059933
 20
38.4023907035304
 10
15.689001513336564
 20
38.380889684765485
 10
15.648442260784812
 20
38.3588892849904
 10
15.608156041018326
 20
38.33639281738442
 10
15.568148920993616
 20
38.31340366983284
 10
15.5284269256358
 20
38.2899253044167
 10
15.488996036931272
 20
38.26596125689147
 10
15.44986219302683
 20
38.24151513615457
 10
15.41103128733542
 20
38.21659062370186
 10
15.37250916764861
 20
38.191191473073246
 10
15.334301635255928
 20
38.16532150928737
 10
15.296414444071216
 20
38.138984628265625
 10
15.258853299766104
 20
38.11218479624543
 10
15.221623858910764
 20
38.0849260491829
 10
15.18473172812205
 20
38.05721249214507
 10
15.148182463219158
 20
38.029048298691706
 10
15.111981568386941
 20
38.00043771024674
 10
15.076134495347008
 20
37.97138503545956
 10
15.0406466425367
 20
37.94189464955612
 10
15.005523354296114
 20
37.91197099368006
 10
14.970769920063269
 20
37.88161857422388
 10
14.936391573577525
 20
37.85084196215031
 10
14.902393492091411
 20
37.819645792303945
 10
14.868780795590943
 20
37.78803476271318
 10
14.835558546024576
 20
37.75601363388283
 10
14.802731746540896
 20
37.72358722807709
 10
14.770305340735156
 20
37.69076042859341
 10
14.7382842119048
 20
37.65753817902704
 10
14.706673182314042
 20
37.62392548252657
 10
14.675477012467669
 20
37.589927401040455
 10
14.644700400394107
 20
37.55554905455472
 10
14.614347980937932
 20
37.52079562032187
 10
14.584424325061867
 20
37.485672332081286
 10
14.554933939158424
 20
37.45018447927097
 10
14.52588126437124
 20
37.41433740623104
 10
14.497270675926275
 20
37.37813651139883
 10
14.469106482472913
 20
37.34158724649593
 10
14.441392925435089
 20
37.30469511570722
 10
14.414134178372558
 20
37.26746567485188
 10
14.38733434635236
 20
37.22990453054677
 10
14.36099746533062
 20
37.19201733936205
 10
14.335127501544743
 20
37.15380980696938
 10
14.309728350916123
 20
37.11528768728256
 10
14.284803838463414
 20
37.076456781591155
 10
14.260357717726517
 20
37.03732293768671
 10
14.236393670201291
 20
36.99789204898218
 10
14.212915304785149
 20
36.95817005362437
 10
14.18992615723356
 20
36.91816293359966
 10
14.167429689627586
 20
36.877876713833174
 10
14.1454292898525
 20
36.83731746128142
 10
14.123928271087584
 20
36.79649128401866
 10
14.102929871307177
 20
36.75540433031699
 10
14.082437252793047
 20
36.714062787720536
 10
14.062453501658167
 20
36.67247288211353
 10
14.04298162738195
 20
36.630640876782785
 10
14.024024562357038
 20
36.58857307147443
 10
14.005585161447698
 20
36.54627580144521
 10
13.987666201559875
 20
36.50375543650841
 10
13.970270381223024
 20
36.46101838007458
 10
13.953400320183697
 20
36.41807106818723
 10
13.937058559011033
 20
36.37491996855354
 10
13.921247558714157
 20
36.33157157957042
 10
13.905969700371555
 20
36.288032429345776
 10
13.891227284772496
 20
36.2443090747155
 10
13.877022532070544
 20
36.20040810025597
 10
13.86335758144921
 20
36.15633611729245
 10
13.850234490799787
 20
36.11209976290347
 10
13.837655236411461
 20
36.06770569892129
 10
13.82562171267367
 20
36.02316061092864
 10
13.814135731790829
 20
35.97847120725194
 10
13.803199023509409
 20
35.933644217951
 10
13.792813234857448
 20
35.8886863938055
 10
13.782979929896515
 20
35.843604505298416
 10
13.773700589486168
 20
35.798405341596315
 10
13.764976611060941
 20
35.753095709527
 10
13.756809308419895
 20
35.70768243255441
 10
13.749199911528766
 20
35.66217234975099
 10
13.742149566334739
 20
35.61657231476783
 10
13.735659334593862
 20
35.57088919480246
 10
13.729730193711164
 20
35.52512986956472
 10
13.724363036593456
 20
35.47930123024067
 10
13.719558671514854
 20
35.43341017845482
 10
13.715317821995068
 20
35.387463625230765
 10
13.71164112669044
 20
35.34146848995042
 10
13.708529139297752
 20
35.295431699311976
 10
13.705982328470867
 20
35.249360186286765
 10
13.70400107775012
 20
35.20326088907518
 10
13.702585685504587
 20
35.15714075006182
 10
13.70173636488713
 20
35.11100671476998
 10
13.701453243802314
 20
35.06486573081567
 10
13.70173636488713
 20
35.018724746861366
 10
13.702585685504587
 20
34.972590711569524
 10
13.70400107775012
 20
34.92647057255616
 10
13.705982328470867
 20
34.88037127534458
 10
13.708529139297752
 20
34.83429976231937
 10
13.71164112669044
 20
34.78826297168092
 10
13.715317821995068
 20
34.74226783640057
 10
13.719558671514854
 20
34.69632128317652
 10
13.724363036593456
 20
34.65043023139067
 10
13.729730193711164
 20
34.604601592066615
 10
13.735659334593862
 20
34.558842266828876
 10
13.742149566334739
 20
34.513159146863515
 10
13.749199911528766
 20
34.46755911188035
 10
13.756809308419895
 20
34.42204902907694
 10
13.764976611060941
 20
34.37663575210434
 10
13.773700589486168
 20
34.33132612003503
 10
13.782979929896515
 20
34.28612695633293
 10
13.792813234857446
 20
34.24104506782584
 10
13.803199023509407
 20
34.196087243680346
 10
13.814135731790829
 20
34.151260254379395
 10
13.82562171267367
 20
34.106570850702695
 10
13.837655236411461
 20
34.06202576271005
 10
13.850234490799787
 20
34.01763169872787
 10
13.863357581449208
 20
33.9733953443389
 10
13.877022532070544
 20
33.929323361375374
 10
13.891227284772496
 20
33.88542238691584
 10
13.905969700371553
 20
33.84169903228556
 10
13.921247558714157
 20
33.79815988206092
 10
13.937058559011032
 20
33.754811493077796
 10
13.953400320183697
 20
33.71166039344411
 10
13.970270381223024
 20
33.66871308155676
 10
13.987666201559875
 20
33.62597602512293
 10
14.005585161447698
 20
33.58345566018613
 10
14.024024562357038
 20
33.54115839015691
 10
14.04298162738195
 20
33.49909058484856
 10
14.062453501658167
 20
33.45725857951781
 10
14.082437252793047
 20
33.41566867391081
 10
14.102929871307177
 20
33.374327131314345
 10
14.123928271087584
 20
33.33324017761269
 10
14.1454292898525
 20
33.29241400034992
 10
14.167429689627586
 20
33.25185474779817
 10
14.18992615723356
 20
33.211568528031684
 10
14.212915304785149
 20
33.17156140800697
 10
14.236393670201291
 20
33.13183941264916
 10
14.260357717726517
 20
33.09240852394463
 10
14.284803838463414
 20
33.05327468004019
 10
14.309728350916123
 20
33.01444377434878
 10
14.335127501544743
 20
32.97592165466197
 10
14.36099746533062
 20
32.937714122269284
 10
14.38733434635236
 20
32.899826931084576
 10
14.414134178372558
 20
32.86226578677946
 10
14.441392925435089
 20
32.82503634592412
 10
14.469106482472911
 20
32.788144215135404
 10
14.497270675926273
 20
32.751594950232516
 10
14.525881264371238
 20
32.715394055400296
 10
14.554933939158422
 20
32.679546982360364
 10
14.584424325061867
 20
32.64405912955006
 10
14.614347980937932
 20
32.608935841309474
 10
14.644700400394107
 20
32.57418240707663
 10
14.675477012467669
 20
32.53980406059088
 10
14.706673182314042
 20
32.505805979104764
 10
14.738284211904798
 20
32.4721932826043
 10
14.770305340735156
 20
32.43897103303793
 10
14.802731746540895
 20
32.40614423355425
 10
14.835558546024576
 20
32.373717827748514
 10
14.868780795590942
 20
32.341696698918156
 10
14.90239349209141
 20
32.3100856693274
 10
14.936391573577524
 20
32.278889499481025
 10
14.970769920063267
 20
32.248112887407466
 10
15.005523354296113
 20
32.217760467951294
 10
15.040646642536698
 20
32.187836812075226
 10
15.076134495347006
 20
32.15834642617178
 10
15.111981568386941
 20
32.129293751384594
 10
15.148182463219156
 20
32.10068316293963
 10
15.184731728122049
 20
32.07251896948627
 10
15.221623858910766
 20
32.04480541244845
 10
15.258853299766104
 20
32.017546665385915
 10
15.296414444071216
 20
31.990746833365716
 10
15.334301635255928
 20
31.964409952343978
 10
15.37250916764861
 20
31.938539988558098
 10
15.411031287335419
 20
31.913140837929483
 10
15.449862193026828
 20
31.888216325476773
 10
15.488996036931269
 20
31.863770204739875
 10
15.5284269256358
 20
31.839806157214646
 10
15.568148920993615
 20
31.816327791798507
 10
15.608156041018326
 20
31.793338644246916
 10
15.648442260784813
 20
31.77084217664094
 10
15.689001513336562
 20
31.748841776865856
 10
15.729827690599333
 20
31.72734075810094
 10
15.770914644300992
 20
31.706342358320533
 10
15.81225618689745
 20
31.685849739806404
 10
15.853846092504451
 20
31.665865988671523
 10
15.895678097835198
 20
31.646394114395306
 10
15.93774590314355
 20
31.627437049370396
 10
15.980043173172772
 20
31.608997648461056
 10
16.022563538109573
 20
31.591078688573234
 10
16.0653005945434
 20
31.573682868236382
 10
16.10824790643076
 20
31.55681280719705
 10
16.151399006064437
 20
31.54047104602439
 10
16.194747395047568
 20
31.52466004572751
 10
16.238286545272203
 20
31.50938218738491
 10
16.282009899902484
 20
31.494639771785852
 10
16.325910874362016
 20
31.480435019083902
 10
16.369982857325535
 20
31.466770068462566
 10
16.41421921171451
 20
31.453646977813143
 10
16.458613275696695
 20
31.441067723424815
 10
16.50315836368934
 20
31.429034199687024
 10
16.547847767366044
 20
31.417548218804185
 10
16.59267475666699
 20
31.406611510522765
 10
16.637632580812483
 20
31.396225721870803
 10
16.68271446931957
 20
31.38639241690987
 10
16.72791363302167
 20
31.377113076499526
 10
16.773223265090984
 20
31.368389098074296
 10
16.81863654206358
 20
31.36022179543325
 10
16.864146624866997
 20
31.352612398542124
 10
16.90974665985015
 20
31.345562053348097
 10
16.955429779815518
 20
31.33907182160722
 10
17.001189105053264
 20
31.33314268072452
 10
17.047017744377314
 20
31.32777552360681
 10
17.092908796163165
 20
31.322971158528212
 10
17.13885534938722
 20
31.318730309008426
 10
17.184850484667564
 20
31.315053613703796
 10
17.23088727530601
 20
31.31194162631111
 10
17.27695878833122
 20
31.30939481548422
 10
17.323058085542804
 20
31.30741356476348
 10
17.369178224556165
 20
31.305998172517942
 10
17.415312259848005
 20
31.305148851900487
 10
17.461453243802314
 20
31.30486573081567
 10
17.50759422775662
 20
31.305148851900487
 10
17.553728263048463
 20
31.305998172517942
 10
17.599848402061824
 20
31.307413564763475
 10
17.645947699273407
 20
31.30939481548422
 10
17.692019212298618
 20
31.31194162631111
 10
17.738056002937064
 20
31.315053613703796
 10
17.784051138217407
 20
31.318730309008426
 10
17.82999769144146
 20
31.322971158528212
 10
17.875888743227314
 20
31.32777552360681
 10
17.921717382551364
 20
31.33314268072452
 10
17.967476707789107
 20
31.33907182160722
 10
18.013159827754475
 20
31.345562053348097
 10
18.05875986273763
 20
31.35261239854212
 10
18.10426994554105
 20
31.36022179543325
 10
18.149683222513644
 20
31.368389098074296
 10
18.194992854582956
 20
31.377113076499526
 10
18.240192018285054
 20
31.38639241690987
 10
18.285273906792142
 20
31.396225721870803
 10
18.330231730937633
 20
31.406611510522765
 10
18.375058720238584
 20
31.417548218804185
 10
18.419748123915287
 20
31.429034199687024
 10
18.46429321190793
 20
31.441067723424815
 10
18.508687275890114
 20
31.453646977813143
 10
18.55292363027909
 20
31.466770068462566
 10
18.596995613242612
 20
31.480435019083902
 10
18.640896587702144
 20
31.494639771785852
 10
18.684619942332425
 20
31.50938218738491
 10
18.72815909255706
 20
31.52466004572751
 10
18.771507481540187
 20
31.54047104602439
 10
18.814658581173866
 20
31.55681280719705
 10
18.857605893061223
 20
31.573682868236382
 10
18.90034294949505
 20
31.591078688573234
 10
18.942863314431854
 20
31.608997648461052
 10
18.985160584461077
 20
31.627437049370396
 10
19.027228389769427
 20
31.646394114395306
 10
19.069060395100173
 20
31.665865988671523
 10
19.110650300707178
 20
31.685849739806404
 10
19.151991843303634
 20
31.706342358320533
 10
19.193078797005295
 20
31.727340758100937
 10
19.233904974268064
 20
31.748841776865856
 10
19.274464226819813
 20
31.77084217664094
 10
19.314750446586302
 20
31.793338644246916
 10
19.354757566611013
 20
31.816327791798507
 10
19.394479561968826
 20
31.839806157214646
 10
19.43391045067336
 20
31.863770204739872
 10
19.473044294577797
 20
31.88821632547677
 10
19.51187520026921
 20
31.91314083792948
 10
19.55039731995602
 20
31.938539988558098
 10
19.5886048523487
 20
31.964409952343978
 10
19.62649204353341
 20
31.990746833365712
 10
19.664053187838523
 20
32.017546665385915
 10
19.70128262869386
 20
32.04480541244844
 10
19.738174759482575
 20
32.07251896948627
 10
19.77472402438547
 20
32.10068316293963
 10
19.810924919217683
 20
32.129293751384594
 10
19.846771992257622
 20
32.15834642617178
 10
19.882259845067928
 20
32.187836812075226
 10
19.917383133308515
 20
32.21776046795129
 10
19.95213656754136
 20
32.24811288740746
 10
19.986514914027104
 20
32.278889499481025
 10
20.020512995513215
 20
32.31008566932739
 10
20.054125692013685
 20
32.341696698918156
 10
20.08734794158005
 20
32.37371782774851
 10
20.12017474106373
 20
32.40614423355425
 10
20.152601146869472
 20
32.43897103303793
 10
20.18462227569983
 20
32.472193282604294
 10
20.216233305290586
 20
32.505805979104764
 10
20.24742947513696
 20
32.53980406059088
 10
20.27820608721052
 20
32.57418240707663
 10
20.308558506666692
 20
32.60893584130947
 10
20.33848216254276
 20
32.64405912955006
 10
20.367972548446204
 20
32.679546982360364
 10
20.39702522323339
 20
32.715394055400296
 10
20.42563581167835
 20
32.751594950232516
 10
20.453800005131715
 20
32.788144215135404
 10
20.48151356216954
 20
32.82503634592412
 10
20.50877230923207
 20
32.86226578677946
 10
20.535572141252267
 20
32.899826931084576
 10
20.56190902227401
 20
32.937714122269284
 10
20.587778986059885
 20
32.97592165466197
 10
20.613178136688504
 20
33.01444377434878
 10
20.63810264914121
 20
33.05327468004018
 10
20.66254876987811
 20
33.09240852394463
 10
20.686512817403337
 20
33.13183941264916
 10
20.70999118281948
 20
33.17156140800697
 10
20.73298033037107
 20
33.211568528031684
 10
20.755476797977042
 20
33.25185474779817
 10
20.777477197752127
 20
33.29241400034992
 10
20.798978216517042
 20
33.33324017761269
 10
20.819976616297453
 20
33.374327131314345
 10
20.84046923481158
 20
33.41566867391081
 10
20.86045298594646
 20
33.457258579517806
 10
20.87992486022268
 20
33.49909058484855
 10
20.898881925247586
 20
33.54115839015691
 10
20.91732132615693
 20
33.58345566018613
 10
20.935240286044753
 20
33.62597602512293
 10
20.952636106381604
 20
33.66871308155676
 10
20.96950616742093
 20
33.71166039344411
 10
20.985847928593593
 20
33.754811493077796
 10
21.00165892889047
 20
33.79815988206092
 10
21.01693678723307
 20
33.84169903228556
 10
21.03167920283213
 20
33.885422386915835
 10
21.04588395553408
 20
33.92932336137537
 10
21.05954890615542
 20
33.97339534433889
 10
21.072671996804843
 20
34.01763169872787
 10
21.085251251193167
 20
34.06202576271005
 10
21.09728477493096
 20
34.106570850702695
 10
21.1087707558138
 20
34.151260254379395
 10
21.11970746409522
 20
34.196087243680346
 10
21.13009325274718
 20
34.24104506782584
 10
21.139926557708115
 20
34.28612695633293
 10
21.14920589811846
 20
34.33132612003503
 10
21.157929876543687
 20
34.37663575210434
 10
21.16609717918473
 20
34.42204902907694
 10
21.173706576075862
 20
34.46755911188035
 10
21.18075692126989
 20
34.51315914686351
 10
21.187247153010766
 20
34.558842266828876
 10
21.193176293893465
 20
34.604601592066615
 10
21.198543451011172
 20
34.65043023139067
 10
21.203347816089774
 20
34.69632128317652
 10
21.20758866560956
 20
34.74226783640057
 10
21.21126536091419
 20
34.78826297168092
 10
21.214377348306876
 20
34.83429976231936
 10
21.21692415913376
 20
34.88037127534458
 10
21.218905409854507
 20
34.926470572556156
 10
21.22032080210004
 20
34.972590711569524
 10
21.221170122717496
 20
35.01872474686136
 10
21.221453243802316
 20
35.06486573081567
 10
21.221170122717496
 20
35.11100671476998
 10
21.22032080210004
 20
35.15714075006182
  0
LWPOLYLINE
  5
30
330
17
100
AcDbEntity
  8
0
100
AcDbPolyline
 90
768
 70
1
 10
44.950594949395324
 20
28.155605361836034
 10
44.89898800384418
 20
28.265590849919587
 10
44.84670717151124
 20
28.375257613292412
 10
44.793754420740285
 20
28.48460152306285
 10
44.74013174517247
 20
28.593618462494497
 10
44.6858411636712
 20
28.702304327161208
 10
44.63088472024621
 20
28.81065502510161
 10
44.57526448397651
 20
28.91866647697315
 10
44.51898254893257
 20
29.02633461620573
 10
44.46204103409743
 20
29.133655389154754
 10
44.404442083286945
 20
29.240624755253776
 10
44.346187865069055
 20
29.34723868716663
 10
44.28728057268215
 20
29.453493170939034
 10
44.227722423952486
 20
29.559384206149723
 10
44.167515661210714
 20
29.66490780606108
 10
44.10666255120742
 20
29.77005999776921
 10
44.04516538502779
 20
29.87483682235352
 10
43.983026478005385
 20
29.97923433502579
 10
43.92024816963493
 20
30.083248605278676
 10
43.856832823484254
 20
30.186875717033686
 10
43.792782827105285
 20
30.290111768788634
 10
43.7281005919442
 20
30.392952873764525
 10
43.66278855325059
 20
30.495395160051878
 10
43.596849169985795
 20
30.59743477075652
 10
43.530284924730324
 20
30.699067864144777
 10
43.4630983235904
 20
30.800290613788125
 10
43.395291896103565
 20
30.901099208707254
 10
43.326868195143504
 20
31.00148985351554
 10
43.25782979682387
 20
31.101458768561955
 10
43.18817930040136
 20
31.20100219007334
 10
43.11791932817778
 20
31.300116370296138
 10
43.04705252540138
 20
31.398797577637488
 10
42.97558156016723
 20
31.497042096805707
 10
42.903509123316766
 20
31.594846228950182
 10
42.83083792833652
 20
31.69220629180061
 10
42.757570711255894
 20
31.78911861980565
 10
42.68371023054421
 20
31.885579564270927
 10
42.609259267006806
 20
31.98158549349641
 10
42.53422062368039
 20
32.077132792913126
 10
42.45859712572747
 20
32.17221786521925
 10
42.382391620330004
 20
32.266837130515555
 10
42.3056069765822
 20
32.360987026440185
 10
42.22824608538248
 20
32.45466400830276
 10
42.15031185932469
 20
32.54786454921787
 10
42.071807232588384
 20
32.64058514023783
 10
41.992735160828396
 20
32.73282229048478
 10
41.913098621063526
 20
32.82457252728216
 10
41.8329006115645
 20
32.9158323962854
 10
41.75214415174103
 20
33.00659846161202
 10
41.67083228202819
 20
33.09686730597096
 10
41.58896806377192
 20
33.18663553079126
 10
41.506554579113775
 20
33.27589975634997
 10
41.423594930874856
 20
33.36465662189947
 10
41.34009224243905
 20
33.452902785793924
 10
41.25604965763536
 20
33.54063492561515
 10
41.17147034061961
 20
33.62784973829766
 10
41.086357475755285
 20
33.714543940253066
 10
41.00071426749364
 20
33.80071426749364
 10
40.91454394025306
 20
33.88635747575529
 10
40.827849738297665
 20
33.97147034061961
 10
40.74063492561515
 20
34.056049657635356
 10
40.65290278579393
 20
34.140092242439046
 10
40.564656621899466
 20
34.22359493087486
 10
40.475899756349975
 20
34.30655457911378
 10
40.38663553079126
 20
34.38896806377193
 10
40.29686730597096
 20
34.47083228202819
 10
40.206598461612025
 20
34.552144151741025
 10
40.1158323962854
 20
34.632900611564494
 10
40.02457252728216
 20
34.71309862106352
 10
39.93282229048478
 20
34.79273516082839
 10
39.84058514023783
 20
34.87180723258838
 10
39.74786454921787
 20
34.950311859324685
 10
39.65466400830276
 20
35.02824608538248
 10
39.56098702644018
 20
35.105606976582195
 10
39.46683713051556
 20
35.18239162033
 10
39.372217865219255
 20
35.25859712572747
 10
39.27713279291313
 20
35.334220623680395
 10
39.181585493496414
 20
35.4092592670068
 10
39.08557956427093
 20
35.483710230544204
 10
38.989118619805645
 20
35.55757071125589
 10
38.892206291800605
 20
35.63083792833652
 10
38.794846228950185
 20
35.70350912331677
 10
38.69704209680571
 20
35.775581560167225
 10
38.59879757763749
 20
35.84705252540138
 10
38.50011637029614
 20
35.917919328177774
 10
38.40100219007334
 20
35.988179300401356
 10
38.30145876856196
 20
36.057829796823874
 10
38.20148985351554
 20
36.1268681951435
 10
38.101099208707254
 20
36.19529189610357
 10
38.000290613788124
 20
36.2630983235904
 10
37.899067864144776
 20
36.33028492473032
 10
37.797434770756524
 20
36.39684916998579
 10
37.69539516005188
 20
36.46278855325059
 10
37.592952873764524
 20
36.528100591944195
 10
37.49011176878864
 20
36.59278282710528
 10
37.38687571703368
 20
36.65683282348425
 10
37.28324860527867
 20
36.72024816963493
 10
37.17923433502579
 20
36.78302647800539
 10
37.07483682235352
 20
36.8451653850278
 10
36.97005999776921
 20
36.90666255120742
 10
36.86490780606108
 20
36.96751566121071
 10
36.759384206149726
 20
37.02772242395248
 10
36.653493170939036
 20
37.08728057268215
 10
36.54723868716663
 20
37.14618786506905
 10
36.44062475525378
 20
37.20444208328694
 10
36.33365538915476
 20
37.26204103409743
 10
36.22633461620573
 20
37.31898254893257
 10
36.118666476973154
 20
37.37526448397651
 10
36.010655025101606
 20
37.43088472024621
 10
35.90230432716121
 20
37.4858411636712
 10
35.7936184624945
 20
37.54013174517247
 10
35.68460152306285
 20
37.59375442074028
 10
35.57525761329241
 20
37.64670717151124
 10
35.465590849919586
 20
37.69898800384418
 10
35.355605361836034
 20
37.75059494939532
 10
35.24530528993322
 20
37.80152606519234
 10
35.1346947869465
 20
37.85177943370751
 10
35.023778017298795
 20
37.90135316292991
 10
34.91255915694381
 20
37.95024538643665
 10
34.80104239320875
 20
37.998454263463145
 10
34.68923192463676
 20
38.04597797897243
 10
34.57713196082878
 20
38.09281474372348
 10
34.464746722285085
 20
38.13896279433857
 10
34.35208044024638
 20
38.18442039336966
 10
34.23913735653453
 20
38.22918582936388
 10
34.125921723392764
 20
38.273257416927834
 10
34.01243780332571
 20
38.31663349679116
 10
33.8986898689388
 20
38.359312435868986
 10
33.78468220277749
 20
38.40129262732336
 10
33.670419097165954
 20
38.44257249062382
 10
33.55590485404555
 20
38.48315047160682
 10
33.44114378481281
 20
38.52302504253432
 10
33.326140210157114
 20
38.562194702151274
 10
33.210898459898054
 20
38.60065797574212
 10
33.0954228728224
 20
38.63841341518636
 10
32.97971779652072
 20
38.67545959901304
 10
32.863787587223754
 20
38.711795132454256
 10
32.747636609638356
 20
38.74741864749774
 10
32.63126923678318
 20
38.78232880293826
 10
32.51468984982405
 20
38.816524284428205
 10
32.39790283790899
 20
38.85000380452702
 10
32.28091259800299
 20
38.88276610274971
 10
32.16372353472246
 20
38.91480994561425
 10
32.04634006016939
 20
38.94613412668807
 10
31.92876659376526
 20
38.976737466633466
 10
31.811007562084626
 20
39.006618813251976
 10
31.693067398688473
 20
39.03577704152779
 10
31.574950543957293
 20
39.06421105367009
 10
31.456661444923895
 20
39.0919197791544
 10
31.33820455510602
 20
39.118902174762866
 10
31.21958433433861
 20
39.14515722462354
 10
31.100805248605926
 20
39.17068394024863
 10
30.981871769873422
 20
39.19548136057172
 10
30.86278837591934
 20
39.21954855198396
 10
30.743559550166164
 20
39.242884608369195
 10
30.62418978151179
 20
39.265488651138085
 10
30.504683564160548
 20
39.28735982926119
 10
30.38504539745397
 20
39.30849731930104
 10
30.26527978570141
 20
39.32890032544306
 10
30.145391238010454
 20
39.3485680795256
 10
30.02538426811718
 20
39.36749984106884
 10
29.905263394216163
 20
39.38569489730267
 10
29.785033138790414
 20
39.40315256319349
 10
29.664698028441098
 20
39.41987218147004
 10
29.544262593717107
 20
39.43585312264817
 10
29.423731368944484
 20
39.45109478505446
 10
29.303108892055718
 20
39.46559659484893
 10
29.182399704418888
 20
39.47935800604665
 10
29.061608350666685
 20
39.49237850053826
 10
28.940739378525304
 20
39.504657588109495
 10
28.819797338643227
 20
39.516194806459666
 10
28.69878678441991
 20
39.52698972121901
 10
28.577712271834315
 20
39.537041925965084
 10
28.456578359273415
 20
39.54635104223807
 10
28.33538960736055
 20
39.554916719554996
 10
28.21415057878373
 20
39.56273863542296
 10
28.092865838123863
 20
39.56981649535123
 10
27.971539951682878
 20
39.576150032862415
 10
27.850177487311832
 20
39.58173900950238
 10
27.728783014238907
 20
39.58658321484933
 10
27.607361102897404
 20
39.59068246652164
 10
27.485916324753664
 20
39.594036610184844
 10
27.364453252134936
 20
39.596645519557306
 10
27.242976458057257
 20
39.598509096415064
 10
27.12149051605326
 20
39.599627270595505
 10
27.0
 20
39.6
 10
26.878509483946743
 20
39.599627270595505
 10
26.757023541942747
 20
39.598509096415064
 10
26.635546747865067
 20
39.596645519557306
 10
26.51408367524634
 20
39.594036610184844
 10
26.392638897102596
 20
39.59068246652164
 10
26.271216985761093
 20
39.58658321484933
 10
26.14982251268817
 20
39.58173900950238
 10
26.028460048317122
 20
39.576150032862415
 10
25.90713416187614
 20
39.56981649535123
 10
25.78584942121627
 20
39.56273863542296
 10
25.664610392639453
 20
39.554916719554996
 10
25.543421640726585
 20
39.54635104223807
 10
25.422287728165685
 20
39.537041925965084
 10
25.30121321558009
 20
39.52698972121901
 10
25.180202661356773
 20
39.516194806459666
 10
25.0592606214747
 20
39.5046575881095
 10
24.93839164933332
 20
39.49237850053826
 10
24.817600295581116
 20
39.47935800604665
 10
24.696891107944285
 20
39.46559659484893
 10
24.57626863105552
 20
39.45109478505446
 10
24.455737406282896
 20
39.43585312264817
 10
24.335301971558902
 20
39.41987218147004
 10
24.214966861209586
 20
39.40315256319349
 10
24.09473660578384
 20
39.38569489730267
 10
23.97461573188282
 20
39.36749984106884
 10
23.854608761989546
 20
39.3485680795256
 10
23.734720214298594
 20
39.32890032544306
 10
23.614954602546035
 20
39.30849731930104
 10
23.495316435839456
 20
39.28735982926119
 10
23.37581021848821
 20
39.265488651138085
 10
23.25644044983384
 20
39.242884608369195
 10
23.137211624080663
 20
39.21954855198396
 10
23.01812823012658
 20
39.19548136057172
 10
22.899194751394074
 20
39.17068394024863
 10
22.780415665661394
 20
39.14515722462354
 10
22.661795444893983
 20
39.118902174762866
 10
22.543338555076105
 20
39.0919197791544
 10
22.42504945604271
 20
39.06421105367009
 10
22.30693260131153
 20
39.03577704152779
 10
22.188992437915374
 20
39.006618813251976
 10
22.07123340623474
 20
38.976737466633466
 10
21.95365993983061
 20
38.94613412668807
 10
21.836276465277546
 20
38.91480994561425
 10
21.763477147940446
 20
38.89490390813862
 10
21.77647887625744
 20
38.880380609735056
 10
21.822976199679665
 20
38.82714130622942
 10
21.86881669378768
 20
38.773335417860864
 10
21.913993455171678
 20
38.718971047598274
 10
21.958499680377578
 20
38.66405638251582
 10
22.002328666931568
 20
38.60859969256008
 10
22.045473814349485
 20
38.55260932930459
 10
22.08792862513083
 20
38.49609372469209
 10
22.12968670573726
 20
38.43906138976476
 10
22.170741767555434
 20
38.38152091338246
 10
22.21108762784406
 20
38.32348096092928
 10
22.250718210664974
 20
38.26495027300858
 10
22.289627547798183
 20
38.20593766412666
 10
22.327809779640628
 20
38.14645202136535
 10
22.36525915608864
 20
38.08650230304365
 10
22.40197003740388
 20
38.02609753736863
 10
22.437936895062656
 20
37.96524682107581
 10
22.47315431258849
 20
37.90395931805922
 10
22.507616986367857
 20
37.84224425799142
 10
22.54131972644884
 20
37.78011093493342
 10
22.57425745732275
 20
37.717568705935136
 10
22.606425218688482
 20
37.65462698962621
 10
22.637818166199487
 20
37.591295264797594
 10
22.66843157219335
 20
37.527583068974096
 10
22.698260826403722
 20
37.46349999697806
 10
22.72730143665465
 20
37.39905569948441
 10
22.755549029537047
 20
37.334259881567306
 10
22.782999351067325
 20
37.26912230123858
 10
22.809648267328036
 20
37.203652767978255
 10
22.83549176509041
 20
37.137861141257204
 10
22.860525952418747
 20
37.07175732905242
 10
22.88474705925651
 20
37.00535128635486
 10
22.908151437994118
 20
36.938653013670304
 10
22.930735564018207
 20
36.871672555513285
 10
22.952496036242472
 20
36.804419998894424
 10
22.973429577619836
 20
36.73690547180138
 10
22.993533035635974
 20
36.669139141673575
 10
23.012803382784046
 20
36.601131213871085
 10
23.031237717020662
 20
36.53289193013767
 10
23.048833262202887
 20
36.46443156705847
 10
23.065587368506343
 20
36.39576043451234
 10
23.08149751282424
 20
36.32688887411924
 10
23.096561299147368
 20
36.25782725768285
 10
23.11077645892492
 20
36.18858598562857
 10
23.124140851406118
 20
36.11917548543728
 10
23.136652463962616
 20
36.049606210075005
 10
23.148309412391576
 20
35.97988863641871
 10
23.159109941199453
 20
35.91003326367856
 10
23.169052423866326
 20
35.84005061181672
 10
23.17813536309088
 20
35.769951219963154
 10
23.186357391015886
 20
35.69974564482844
 10
23.193717269434167
 20
35.62944445911394
 10
23.200213889975114
 20
35.559058249919644
 10
23.20108184581338
 20
35.548200198628834
 10
23.25685864585313
 20
35.56162722573008
 10
23.35364063597136
 20
35.58429800112633
 10
23.45055990945871
 20
35.606374506624164
 10
23.547612817359322
 20
35.62785591105562
 10
23.64479570568606
 20
35.64874140565797
 10
23.742104915558112
 20
35.66903020410413
 10
23.839536783338723
 20
35.688721542532335
 10
23.93708764077314
 20
35.707814679574795
 10
24.034753815126717
 20
35.7263088963857
 10
24.13253162932319
 20
35.74420349666825
 10
24.23041740208312
 20
35.761497806700845
 10
24.328407448062485
 20
35.7781911753625
 10
24.426498077991447
 20
35.794282974157305
 10
24.524685598813218
 20
35.80977259723814
 10
24.62296631382314
 20
35.82465946142945
 10
24.721336522807846
 20
35.83894300624921
 10
24.819792522184557
 20
35.85262269393004
 10
24.91833060514055
 20
35.86569800943941
 10
25.016947061772697
 20
35.8781684604991
 10
25.115638179227144
 20
35.890033577603674
 10
25.214400241839094
 20
35.901292914038166
 10
25.313229531272714
 20
35.911946045894936
 10
25.412122326661116
 20
35.92199257208959
 10
25.51107490474645
 20
35.93143211437609
 10
25.610083540020074
 20
35.940264317361
 10
25.709144504862834
 20
35.94848884851689
 10
25.80825406968539
 20
35.95610539819478
 10
25.907408503068645
 20
35.9631136796359
 10
26.00660407190422
 20
35.96951342898242
 10
26.105837041535022
 20
35.975304405287375
 10
26.205103675895828
 20
35.980486390523794
 10
26.304400237653958
 20
35.98505918959285
 10
26.403722988349987
 20
35.98902263033126
 10
26.50306818853849
 20
35.99237656351771
 10
26.602432097928823
 20
35.99512086287851
 10
26.701810975525962
 20
35.99725542509234
 10
26.80120107977134
 20
35.998780169794145
 10
26.9005986686837
 20
35.99969503957814
 10
27.0
 20
36.0
 10
27.099401331316304
 20
35.99969503957814
 10
27.19879892022866
 20
35.998780169794145
 10
27.298189024474038
 20
35.99725542509234
 10
27.397567902071177
 20
35.99512086287851
 10
27.49693181146151
 20
35.99237656351771
 10
27.596277011650017
 20
35.98902263033126
 10
27.695599762346042
 20
35.98505918959285
 10
27.794896324104172
 20
35.980486390523794
 10
27.894162958464978
 20
35.975304405287375
 10
27.99339592809578
 20
35.96951342898242
 10
28.09259149693136
 20
35.9631136796359
 10
28.191745930314614
 20
35.95610539819478
 10
28.29085549513717
 20
35.94848884851689
 10
28.389916459979926
 20
35.940264317361
 10
28.48892509525355
 20
35.93143211437609
 10
28.587877673338884
 20
35.92199257208959
 10
28.686770468727286
 20
35.911946045894936
 10
28.785599758160906
 20
35.901292914038166
 10
28.88436182077286
 20
35.890033577603674
 10
28.983052938227303
 20
35.8781684604991
 10
29.08166939485945
 20
35.86569800943941
 10
29.180207477815443
 20
35.85262269393004
 10
29.278663477192158
 20
35.83894300624921
 10
29.37703368617686
 20
35.82465946142945
 10
29.475314401186782
 20
35.80977259723814
 10
29.573501922008553
 20
35.794282974157305
 10
29.671592551937515
 20
35.7781911753625
 10
29.76958259791688
 20
35.761497806700845
 10
29.86746837067681
 20
35.74420349666825
 10
29.965246184873287
 20
35.7263088963857
 10
30.06291235922686
 20
35.707814679574795
 10
30.160463216661277
 20
35.688721542532335
 10
30.25789508444189
 20
35.66903020410413
 10
30.35520429431394
 20
35.64874140565797
 10
30.45238718264068
 20
35.62785591105562
 10
30.54944009054129
 20
35.606374506624164
 10
30.646359364028644
 20
35.58429800112633
 10
30.743141354146875
 20
35.56162722573007
 10
30.83978241710875
 20
35.53836303397728
 10
30.936278914432876
 20
35.51450630175161
 10
31.03262721308067
 20
35.49005792724556
 10
31.128823685593137
 20
35.4650188309266
 10
31.224864710227465
 20
35.43938995550257
 10
31.320746671093353
 20
35.413172265886125
 10
31.416465958289173
 20
35.38636674915847
 10
31.512018968037857
 20
35.35897441453216
 10
31.607402102822604
 20
35.33099629331312
 10
31.70261177152229
 20
35.30243343886178
 10
31.797644389546708
 20
35.27328692655348
 10
31.892496378971497
 20
35.24355785373794
 10
31.987164168672866
 20
35.213247339697936
 10
32.081644194462044
 20
35.18235652560719
 10
32.175932899219454
 20
35.1508865744874
 10
32.27002673302866
 20
35.11883867116445
 10
32.36392215331
 20
35.08621402222376
 10
32.45761562495397
 20
35.053013855964934
 10
32.551103620454306
 20
35.019239422355476
 10
32.64438262004084
 20
34.98489199298371
 10
32.73744911181195
 20
34.94997286101095
 10
32.83029959186681
 20
34.91448334112277
 10
32.92293056443734
 20
34.87842476947954
 10
33.01533854201977
 20
34.84179850366609
 10
33.10752004550598
 20
34.80460592264065
 10
33.19947160431445
 20
34.76684842668284
 10
33.291189756520986
 20
34.72852743734108
 10
33.38267104898898
 20
34.689644397378935
 10
33.473912037499474
 20
34.65020077072089
 10
33.564909286880834
 20
34.6101980423972
 10
33.65565937113804
 20
34.56963771848797
 10
33.74615887358173
 20
34.52852132606646
 10
33.83640438695676
 20
34.486850413141624
 10
33.92639251357057
 20
34.444626548599786
 10
34.01611986542106
 20
34.40185132214556
 10
34.10558306432415
 20
34.35852634424205
 10
34.19477874204095
 20
34.3146532460502
 10
34.28370354040463
 20
34.27023367936735
 10
34.37235411144677
 20
34.225269316565075
 10
34.46072711752349
 20
34.17976185052623
 10
34.54881923144105
 20
34.13371299458119
 10
34.63662713658116
 20
34.08712448244335
 10
34.72414752702582
 20
34.03999806814386
 10
34.81137710768179
 20
33.992335525965586
 10
34.898312594404665
 20
33.9441386503763
 10
34.984950714122505
 20
33.89540925596113
 10
35.07128820495907
 20
33.84614917735422
 10
35.15732181635663
 20
33.7963602691697
 10
35.24304830919833
 20
33.746044405931826
 10
35.32846445593019
 20
33.69520348200441
 10
35.41356704068255
 20
33.64383941151949
 10
35.4983528593912
 20
33.5919541283053
 10
35.582818719917974
 20
33.53954958581341
 10
35.66696144217097
 20
33.486627757045255
 10
35.75077785822427
 20
33.433190634477754
 10
35.834264812437155
 20
33.379240229988376
 10
35.917419161572994
 20
33.32477857477936
 10
36.00023777491756
 20
33.269807719301234
 10
36.08271753439684
 20
33.214329733175646
 10
36.164855334694536
 20
33.15834670511741
 10
36.24664808336887
 20
33.1018607428559
 10
36.328092700969094
 20
33.04487397305566
 10
36.409186121151386
 20
32.98738854123636
 10
36.48992529079431
 20
32.92940661169204
 10
36.570307170113765
 20
32.87093036740955
 10
36.650328732777425
 20
32.811962009986445
 10
36.72998696601868
 20
32.75250375954806
 10
36.80927887075008
 20
32.69255785466391
 10
36.88820146167621
 20
32.63212655226344
 10
36.96675176740615
 20
32.57121212755102
 10
37.04492683056529
 20
32.50981687392032
 10
37.12272370790666
 20
32.44794310286793
 10
37.20013947042182
 20
32.38559314390636
 10
37.277171203451054
 20
32.32276934447634
 10
37.35381600679317
 20
32.25947406985839
 10
37.43007099481462
 20
32.195709703083836
 10
37.505933296558226
 20
32.13147864484504
 10
37.581400055851184
 20
32.06678331340505
 10
37.65646843141268
 20
32.00162614450652
 10
37.73113559696078
 20
31.93600959128004
 10
37.805398741318925
 20
31.86993612415175
 10
37.8792550685217
 20
31.803408230750335
 10
37.95270179792012
 20
31.736428415813393
 10
38.02573616428634
 20
31.668999201093087
 10
38.098355417917745
 20
31.601123125261246
 10
38.17055682474049
 20
31.532802743813765
 10
38.242337666412396
 20
31.46404062897438
 10
38.31369524042536
 20
31.39483936959786
 10
38.38462686020705
 20
31.325201571072505
 10
38.45512985522207
 20
31.25512985522207
 10
38.52520157107251
 20
31.18462686020705
 10
38.594839369597864
 20
31.11369524042536
 10
38.664040628974384
 20
31.042337666412394
 10
38.732802743813764
 20
30.970556824740484
 10
38.80112312526125
 20
30.898355417917745
 10
38.86899920109309
 20
30.82573616428634
 10
38.936428415813396
 20
30.752701797920118
 10
39.00340823075034
 20
30.679255068521698
 10
39.06993612415175
 20
30.60539874131893
 10
39.13600959128004
 20
30.531135596960784
 10
39.20162614450652
 20
30.456468431412674
 10
39.26678331340505
 20
30.381400055851184
 10
39.33147864484504
 20
30.305933296558223
 10
39.39570970308384
 20
30.23007099481462
 10
39.45947406985839
 20
30.153816006793168
 10
39.52276934447634
 20
30.07717120345106
 10
39.585593143906365
 20
30.000139470421818
 10
39.64794310286793
 20
29.92272370790666
 10
39.70981687392032
 20
29.844926830565285
 10
39.771212127551024
 20
29.766751767406156
 10
39.83212655226344
 20
29.688201461676215
 10
39.89255785466391
 20
29.609278870750074
 10
39.95250375954806
 20
29.529986966018676
 10
40.01196200998645
 20
29.45032873277742
 10
40.070930367409545
 20
29.37030717011376
 10
40.102907375995116
 20
29.326351336823496
 10
40.11222703738884
 20
29.325341715416247
 10
40.11805200630709
 20
29.324702047389447
 10
40.14912651076649
 20
29.321243525177433
 10
40.154942941591436
 20
29.320587551375183
 10
40.18601139608012
 20
29.317037619340546
 10
40.19181907974788
 20
29.31636542311798
 10
40.22288133844281
 20
29.312724180458012
 10
40.22868006738773
 20
29.312035847036153
 10
40.259735985525396
 20
29.308303395287687
 10
40.265525553710646
 20
29.30759901172864
 10
40.296574987608075
 20
29.303775454750014
 10
40.302355190554906
 20
29.30305510993176
 10
40.33339799763034
 20
29.29914055388443
 10
40.339168632448285
 20
29.29840433847506
 10
40.37020467124152
 20
29.29439889180492
 10
40.37596553665603
 20
29.29364689823666
 10
40.40699466684822
 20
29.28955067165507
 10
40.41274556322966
 20
29.2887829940977
 10
40.44376764566259
 20
29.284596100562233
 10
40.44950837505233
 20
29.283812834896395
 10
40.48052327174733
 20
29.279535389591334
 10
40.486253637885575
 20
29.278736633381172
 10
40.51726121206205
 20
29.274368753697694
 10
40.522981020413205
 20
29.27355460616338
 10
40.55398113650657
 20
29.26909641167953
 10
40.55969019428502
 20
29.268266973669345
 10
40.59068271796419
 20
29.263718586129755
 10
40.596380834158225
 20
29.26287396009196
 10
40.627365632342624
 20
29.258235503387358
 10
40.63305261773938
 20
29.257375793341556
 10
40.664029558615624
 20
29.252647393488004
 10
40.669705225823975
 20
29.251772704996426
 10
40.70067417886185
 20
29.24695449011439
 10
40.70633834233455
 20
29.246064930252885
 10
40.73729917830267
 20
29.241157030546105
 10
40.742951654359715
 20
29.24025270787459
 10
40.773904245340646
 20
29.235255255608735
 10
40.77954485218859
 20
29.234336280141925
 10
40.81048907159348
 20
29.22924940962309
 10
40.8161176293479
 20
29.228315892800413
 10
40.847053351930526
 20
29.22313974035345
 10
40.85266968263424
 20
29.222191795009266
 10
40.88359678450485
 20
29.216926498955935
 10
40.88920071214846
 20
29.21596423928912
 10
40.92011907078681
 20
29.210609939926115
 10
40.92571042132618
 20
29.209633481469815
 10
40.95661991559414
 20
29.20419032104665
 10
40.962198516968506
 20
29.203199780637654
 10
40.99309902712238
 20
29.197667903334406
 10
40.99866470927122
 20
29.196663399082446
 10
41.02955611697339
 20
29.191042950987402
 10
41.035108711853425
 20
29.190024602244193
 10
41.0659909001835
 20
29.184315731331367
 10
41.071530241783144
 20
29.183283658659818
 10
41.10240309524854
 20
29.177486514766425
 10
41.10792901960368
 20
29.17644083990939
 10
41.13879242415004
 20
29.170555574713163
 10
41.144304769358214
 20
29.16949642056226
 10
41.17515861237893
 20
29.163523187558734
 10
41.18065721861228
 20
29.162450678123168
 10
41.21150138895773
 20
29.156389632602913
 10
41.216986098476305
 20
29.15530389297805
 10
41.24782048646267
 20
29.14915519200378
 10
41.253291143626505
 20
29.148056348339757
 10
41.28411564104374
 20
29.141820150723504
 10
41.28957209232351
 20
29.140708330193938
 10
41.320386592443334
 20
29.13438479647408
 10
41.32582868643242
 20
29.133260127244345
 10
41.35663308401542
 20
29.126849419662673
 10
41.36206067143826
 20
29.12571203085876
 10
41.39285486274065
 20
29.119214313337515
 10
41.398267796463664
 20
29.11806433501425
 10
41.42905167924357
 20
29.11147977313314
 10
41.43444981428215
 20
29.110317336243053
 10
41.465223287805394
 20
29.10364609721629
 10
41.47060648133348
 20
29.102471333577867
 10
41.50136944637891
 20
29.095713586231206
 10
41.50673755773471
 20
29.09452662849783
 10
41.5374899165989
 20
29.08768254324564
 10
41.54284280729253
 20
29.086483524874044
 10
41.57358446379441
 20
29.079553273696366
 10
41.57892199751328
 20
29.078342328915483
 10
41.609652856997684
 20
29.071326085335215
 10
41.614974899611724
 20
29.070103349115016
 10
41.645694868953115
 20
29.063001288175045
 10
41.651001288519886
 20
29.06176689619532
 10
41.68171027612517
 20
29.05457919443576
 10
41.68700094289264
 20
29.053333283055423
 10
41.71769885870364
 20
29.04606011849095
 10
41.722973645114934
 20
29.044802824716808
 10
41.7536604006106
 20
29.03744437681398
 10
41.75891918130503
 20
29.03617583827039
 10
41.78959468950276
 20
29.028732287925152
 10
41.794837341319166
 20
29.02745264282312
 10
41.825501516776356
 20
29.019924172338275
 10
41.83072791875371
 20
29.01863355944515
 10
41.86138067756815
 20
29.011020352508048
 10
41.866590710946106
 20
29.009718911117325
 10
41.89723197075647
 20
29.002021152777576
 10
41.90242551897663
 20
29.000709022678482
 10
41.93305519896225
 20
28.992926899325795
 10
41.93823214766582
 20
28.991604220773823
 10
41.968850168546
 20
28.98373792011604
 10
41.97401040557442
 20
28.982404833802782
 10
42.0046166896077
 20
28.974454544843887
 10
42.00976010499985
 20
28.973111191867783
 10
42.04035457598249
 20
28.965077104886156
 10
42.04548106197316
 20
28.963723626722988
 10
42.07606364523732
 20
28.955605933249778
 10
42.08117309625341
 20
28.954242471723806
 10
42.11174371866506
 20
28.94604136452142
 10
42.11683603132354
 20
28.944668061776156
 10
42.14739462127981
 20
28.93638373481692
 10
42.15246969438236
 20
28.935000733286856
 10
42.18301618180832
 20
28.926633381731904
 10
42.18807391633716
 20
28.925240824114063
 10
42.21860823268288
 20
28.916790644292192
 10
42.22364853179671
 20
28.9153886735177
 10
42.254170610033306
 20
28.906855862904592
 10
42.25919337906008
 20
28.905444622111283
 10
42.28970315367554
 20
28.896829379308848
 10
42.29470830010777
 20
28.89540901181325
 10
42.32520570710272
 20
28.886711536529052
 10
42.33019314058995
 20
28.885282185799376
 10
42.3606781174725
 20
28.876502678826416
 10
42.36564774981437
 20
28.87506448845542
 10
42.39612023559525
 20
28.866203151651952
 10
42.40107198073428
 20
28.86475626533013
 10
42.431531915921155
 20
28.855813301599753
 10
42.436465689933854
 20
28.854357863089117
 10
42.466913016525524
 20
28.845333476361056
 10
42.4718287376146
 20
28.843869629468784
 10
42.50226339909481
 20
28.83476402467836
 10
42.507160987579454
 20
28.83329191323118
 10
42.53758292891045
 20
28.824105296300488
 10
42.54246230721759
 20
28.82262506411896
 10
42.572871474833335
 20
28.813357641937756
 10
42.57773256748677
 20
28.81186943281137
 10
42.60812890928554
 20
28.802521413218265
 10
42.61297164289608
 20
28.801025370880474
 10
42.64335510823343
 20
28.791596962644164
 10
42.648179411488236
 20
28.7900932307478
 10
42.678549951169146
 20
28.780584643548657
 10
42.68335575482024
 20
28.779073365641878
 10
42.71371332109101
 20
28.769484810053775
 10
42.71850055794344
 20
28.767966129556292
 10
42.74884510448358
 20
28.75829781702857
 10
42.753613709384204
 20
28.756771877207946
 10
42.783945191297825
 20
28.747024020047643
 10
42.788695101121995
 20
28.745490963996453
 10
42.81901347492903
 20
28.73566377535083
 10
42.823744628568555
 20
28.73412374596366
 10
42.85404985219558
 20
28.724217439802914
 10
42.858762190544745
 20
28.722670579754244
 10
42.889054223315824
 20
28.712685370854437
 10
42.893747689259236
 20
28.711131822576164
 10
42.92402649188641
 20
28.70106792650241
 10
42.928701030283946
 20
28.699507832162567
 10
42.958966564857135
 20
28.689365465252553
 10
42.96362212253005
 20
28.687798966733943
 10
42.993874352507454
 20
28.67757834608152
 10
42.99851087822488
 20
28.676005584960425
 10
43.02874976842256
 20
28.665706928399587
 10
43.033367212885395
 20
28.664128045925672
 10
43.06359272946672
 20
28.65375157201477
 10
43.06819104529342
 20
28.6521667090906
 10
43.098403155758554
 20
28.641712637096752
 10
43.10298229746945
 20
28.64012193425809
 10
43.13318097064458
 20
28.62959048414184
 10
43.1377408946466
 20
28.62799408153809
 10
43.16792610067273
 20
28.617385473938395
 10
43.17246676524279
 20
28.61578351131378
 10
43.20263847556453
 20
28.605097967533226
 10
43.2071598408342
 20
28.603490584207826
 10
43.23731802818864
 20
28.592728326197964
 10
43.24182005612741
 20
28.591115661049564
 10
43.27196469453226
 20
28.580276911396716
 10
43.27644734893066
 20
28.57865910284294
 10
43.30657841367263
 20
28.56774408475414
 10
43.31104166012585
 20
28.566121270734776
 10
43.341159127748746
 20
28.55513020802396
 10
43.345602933638894
 20
28.553502525984037
 10
43.37570678193164
 20
28.542435643058536
 10
43.38013111641136
 20
28.54080322993122
 10
43.410221324395856
 20
28.52966075177844
 10
43.41462615837
 20
28.528023743968994
 10
43.44470270628855
 20
28.516805896143495
 10
43.449088012396814
 20
28.515164429513113
 10
43.47915088170024
 20
28.503871438123685
 10
43.48351663430004
 20
28.502225647973646
 10
43.51356580763455
 20
28.49085773967095
 10
43.51791198278095
 20
28.489207760728124
 10
43.54794744397576
 20
28.477765162692375
 10
43.55227401940641
 20
28.4761111290932
 10
43.58229575346096
 20
28.46459406902214
 10
43.5866027085743
 20
28.46293611429946
 10
43.61661070164524
 20
28.451344820396685
 10
43.62089801748509
 20
28.44968307746445
 10
43.65089225687343
 20
28.43801777842784
 10
43.655159916108005
 20
28.43635237956834
 10
43.68514039024612
 20
28.42461330457881
 10
43.68938837715147
 20
28.42294438142845
 10
43.71935507558974
 20
28.411131760138986
 10
43.723583376028515
 20
28.40945944367627
 10
43.75353628942208
 20
28.39757350620124
 10
43.757744890826785
 20
28.395897926733277
 10
43.78768401092262
 20
28.38393890363777
 10
43.79187290227536
 20
28.382260190788518
 10
43.82179822189849
 20
28.370228313078222
 10
43.82596739371185
 20
28.36854659577663
 10
43.85587890675204
 20
28.356442094887825
 10
43.86002835105042
 20
28.354757501356076
 10
43.889926052448885
 20
28.34258060914575
 10
43.894055762748756
 20
28.34089326688833
 10
43.923939648484534
 20
28.328644215624713
 10
43.928049619775656
 20
28.326954251417384
 10
43.957919686851774
 20
28.31463327377074
 10
43.96200991557655
 20
28.312940813650606
 10
43.991866162006744
 20
28.300548142684082
 10
43.995936646042026
 20
28.29885331193902
 10
44.02577907083711
 20
28.286389181099807
 10
44.02982980947468
 20
28.284692104258735
 10
44.05965841262858
 20
28.2721567473696
 10
44.063689406553955
 20
28.27045754819379
 10
44.09350418903037
 20
28.257851199444605
 10
44.09751544030608
 20
28.256150000917483
 10
44.12731640402455
 20
28.243472894857153
 10
44.13130791606736
 20
28.24176981917695
 10
44.16109506388953
 20
28.229022190705557
 10
44.165066841453296
 20
28.227317359275922
 10
44.19484017716937
 20
28.21449944363697
 10
44.198792226324045
 20
28.21279297705954
 10
44.22855175463887
 20
28.199905009832584
 10
44.232484082751924
 20
28.19819702789888
 10
44.26222980927139
 20
28.185239244992225
 10
44.26614242498695
 20
28.18352986667685
 10
44.29587435620435
 20
28.170502504320524
 10
44.299767269425004
 20
28.1687918477735
 10
44.3294854127071
 20
28.155695142512528
 10
44.33335863457306
 20
28.153983325053193
 10
44.363062998146304
 20
28.140817513741066
 10
44.36691654101652
 20
28.139104651851348
 10
44.39660713395389
 20
28.125869971643418
 10
44.40044101138685
 20
28.124156180961666
 10
44.43011784359374
 20
28.110852869309163
 10
44.43393207032687
 20
28.109138264624846
 10
44.46359515252752
 20
28.095766559268895
 10
44.467389744459126
 20
28.09405125451655
 10
44.49703908818334
 20
28.080611393482265
 10
44.50081406235229
 20
28.078895501736753
 10
44.530449679921595
 20
28.06538772332778
 10
44.5342050544881
 20
28.063671356799375
 10
44.56382695900209
 20
28.050095899592606
 10
44.567562753228586
 20
28.04837916962233
 10
44.59717095855183
 20
28.03473627246253
 10
44.60088719278376
 20
28.03301928951794
 10
44.63048171353226
 20
28.019309191512804
 10
44.634178409179235
 20
28.01759206518379
 10
44.663759260706755
 20
28.00381500569927
 10
44.66743644022214
 20
28.002097844695015
 10
44.69700363860741
 20
27.988254063350468
 10
44.70066132547206
 20
27.986536975494708
 10
44.73021488750504
 20
27.972626712158654
 10
44.73385310620456
 20
27.970909804388317
 10
44.76339304937325
 20
27.956933299174175
 10
44.76701182538299
 20
27.955216677534715
 10
44.796538167860746
 20
27.941174170796472
 10
44.80013752762446
 20
27.93945794044042
 10
44.82965028825639
 20
27.925349672768995
 10
44.83323025916841
 20
27.92363393795323
 10
44.86272945745857
 20
27.9094601501726
 10
44.866290067845895
 20
27.907745014255937
 10
44.8957757239444
 20
27.893505947419516
 10
44.899317003047244
 20
27.8917915128613
 10
44.9287891377374
 20
27.87748740824854
 10
44.93231111569158
 20
27.87577377660668
 10
44.96176975037683
 20
27.86140487571992
 10
44.965272458194605
 20
27.859692147649987
 10
44.994717614886035
 20
27.845258692211225
 10
44.99820108443934
 20
27.843546967464636
 10
45.02763278574317
 20
27.82904919941253
 10
45.03109704974476
 20
27.827338576836052
 10
45.0605153188495
 20
27.812776738323265
 10
45.063960410835065
 20
27.811067315858345
 10
45.09336527149918
 20
27.7964416492488
 10
45.09679122580991
 20
27.794733523930955
 10
45.11900077556227
 20
27.783633650277178
 10
45.10135316292991
 20
27.8237780172988
 10
45.05177943370751
 20
27.934694786946498
 10
45.001526065192344
 20
28.045305289933218
 10
44.950594949395324
 20
28.155605361836034
  0
LWPOLYLINE
  5
31
330
17
100
AcDbEntity
  8
0
100
AcDbPolyline
 90
433
 70
1
 10
11.928192767411618
 20
32.64058514023783
 10
11.849688140675312
 20
32.54786454921787
 10
11.771753914617525
 20
32.454664008302764
 10
11.694393023417806
 20
32.360987026440185
 10
11.61760837967
 20
32.26683713051556
 10
11.541402874272528
 20
32.17221786521925
 10
11.465779376319613
 20
32.07713279291313
 10
11.390740732993196
 20
31.981585493496414
 10
11.316289769455798
 20
31.885579564270934
 10
11.242429288744107
 20
31.78911861980565
 10
11.169162071663479
 20
31.692206291800602
 10
11.096490876683232
 20
31.594846228950182
 10
11.024418439832772
 20
31.497042096805707
 10
10.952947474598624
 20
31.398797577637495
 10
10.88208067182222
 20
31.300116370296138
 10
10.811820699598645
 20
31.20100219007334
 10
10.742170203176126
 20
31.101458768561955
 10
10.673131804856503
 20
31.001489853515547
 10
10.604708103896439
 20
30.901099208707258
 10
10.536901676409602
 20
30.800290613788125
 10
10.469715075269676
 20
30.69906786414478
 10
10.403150830014205
 20
30.59743477075652
 10
10.33721144674941
 20
30.49539516005188
 10
10.271899408055798
 20
30.392952873764525
 10
10.207217172894715
 20
30.29011176878864
 10
10.14316717651575
 20
30.186875717033686
 10
10.079751830365073
 20
30.083248605278676
 10
10.016973521994615
 20
29.979234335025794
 10
9.95483461497221
 20
29.874836822353526
 10
9.893337448792582
 20
29.77005999776921
 10
9.832484338789282
 20
29.66490780606108
 10
9.772277576047514
 20
29.55938420614973
 10
9.712719427317854
 20
29.453493170939034
 10
9.653812134930952
 20
29.347238687166634
 10
9.595557916713055
 20
29.240624755253776
 10
9.537958965902572
 20
29.13365538915476
 10
9.48101745106743
 20
29.02633461620573
 10
9.424735516023492
 20
28.918666476973158
 10
9.369115279753792
 20
28.81065502510161
 10
9.314158836328797
 20
28.702304327161215
 10
9.259868254827534
 20
28.5936184624945
 10
9.206245579259711
 20
28.484601523062846
 10
9.153292828488766
 20
28.375257613292412
 10
9.101011996155822
 20
28.265590849919583
 10
9.049405050604676
 20
28.155605361836038
 10
8.998473934807656
 20
28.045305289933218
 10
8.948220566292491
 20
27.9346947869465
 10
8.898646837070093
 20
27.8237780172988
 10
8.849754613563356
 20
27.71255915694381
 10
8.801545736536855
 20
27.601042393208754
 10
8.754022021027573
 20
27.48923192463677
 10
8.70718525627652
 20
27.37713196082878
 10
8.661037205661433
 20
27.264746722285082
 10
8.615579606630334
 20
27.152080440246387
 10
8.570814170636122
 20
27.03913735653452
 10
8.52674258307217
 20
26.92592172339277
 10
8.483366503208838
 20
26.81243780332571
 10
8.440687564131018
 20
26.69868986893881
 10
8.39870737267664
 20
26.58468220277749
 10
8.35742750937619
 20
26.470419097165966
 10
8.316849528393185
 20
26.355904854045555
 10
8.27697495746568
 20
26.241143784812813
 10
8.237805297848727
 20
26.126140210157114
 10
8.199342024257874
 20
26.01089845989805
 10
8.161586584813634
 20
25.895422872822394
 10
8.124540400986962
 20
25.779717796520714
 10
8.088204867545741
 20
25.663787587223755
 10
8.052581352502266
 20
25.547636609638356
 10
8.017671197061745
 20
25.431269236783187
 10
7.983475715571796
 20
25.314689849824052
 10
7.949996195472977
 20
25.197902837908998
 10
7.917233897250291
 20
25.08091259800299
 10
7.8851900543857525
 20
24.96372353472246
 10
7.853865873311928
 20
24.846340060169393
 10
7.823262533366535
 20
24.728766593765258
 10
7.793381186748029
 20
24.61100756208463
 10
7.764222958472214
 20
24.49306739868847
 10
7.735788946329912
 20
24.374950543957294
 10
7.7080802208455985
 20
24.2566614449239
 10
7.681097825237135
 20
24.13820455510603
 10
7.654842775376462
 20
24.01958433433861
 10
7.629316059751375
 20
23.900805248605934
 10
7.604518639428278
 20
23.781871769873423
 10
7.5804514480160385
 20
23.662788375919348
 10
7.557115391630806
 20
23.543559550166165
 10
7.5345113488619155
 20
23.424189781511792
 10
7.5126401707388055
 20
23.30468356416055
 10
7.491502680698964
 20
23.185045397453965
 10
7.47109967455695
 20
23.06527978570141
 10
7.451431920474402
 20
22.94539123801046
 10
7.432500158931159
 20
22.825384268117187
 10
7.414305102697334
 20
22.705263394216164
 10
7.396847436806517
 20
22.585033138790422
 10
7.380127818529957
 20
22.464698028441102
 10
7.364146877351828
 20
22.344262593717104
 10
7.3489052149455425
 20
22.223731368944485
 10
7.334403405151068
 20
22.103108892055715
 10
7.320641993953348
 20
21.98239970441889
 10
7.307621499461742
 20
21.861608350666682
 10
7.295342411890502
 20
21.740739378525305
 10
7.283805193540335
 20
21.61979733864323
 10
7.273010278780994
 20
21.498786784419917
 10
7.26295807403492
 20
21.37771227183432
 10
7.253648957761932
 20
21.256578359273423
 10
7.245083280445005
 20
21.13538960736055
 10
7.237261364577044
 20
21.014150578783727
 10
7.237204404308454
 20
21.013174519427665
 10
7.2522861893577115
 20
21.002810474574826
 10
7.281603258359315
 20
20.982633477822496
 10
7.310876721254431
 20
20.962456122836528
 10
7.340106535687326
 20
20.94227872940393
 10
7.369292660444696
 20
20.922101617361694
 10
7.398435055472788
 20
20.90192510658717
 10
7.427533681888342
 20
20.881749516992198
 10
7.456588501990389
 20
20.861575168516215
 10
7.4855994792743985
 20
20.84140238111737
 10
7.514566578440885
 20
20.82123147476699
 10
7.543489765410126
 20
20.80106276943945
 10
7.572369007329975
 20
20.78089658510639
 10
7.601204272587726
 20
20.76073324172774
 10
7.629995530821255
 20
20.740573059242866
 10
7.658742752926791
 20
20.72041635756362
 10
7.68744591106929
 20
20.700263456565278
 10
7.716104978693181
 20
20.68011467607675
 10
7.744719930528884
 20
20.659970335873435
 10
7.773290742601162
 20
20.6398307556684
 10
7.801817392240576
 20
20.61969625510106
 10
7.830299858088061
 20
20.599567153730256
 10
7.858738120103748
 20
20.57944377102406
 10
7.887132159574101
 20
20.559326426350417
 10
7.915481959119695
 20
20.539215438966952
 10
7.943787502700733
 20
20.519111128012092
 10
7.9720487756246
 20
20.49901381249435
 10
8.000265764551116
 20
20.478923811282986
 10
8.028438457498634
 20
20.458841443097686
 10
8.056566843851119
 20
20.438767026497267
 10
8.084650914360932
 20
20.418700879871068
 10
8.112690661156066
 20
20.39864332142696
 10
8.140686077744025
 20
20.378594669181332
 10
8.168637159017344
 20
20.358555240947695
 10
8.19654390125655
 20
20.338525354326755
 10
8.22440630213545
 20
20.318505326694584
 10
8.2522243607252
 20
20.29849547519135
 10
8.279998077496561
 20
20.278496116711047
 10
8.307727454325075
 20
20.258507567888913
 10
8.335412494493294
 20
20.238530145090618
 10
8.363053202693973
 20
20.21856416440054
 10
8.390649585033135
 20
20.198609941609853
 10
8.418201649032305
 20
20.178667792204948
 10
8.445709403631266
 20
20.158738031355245
 10
8.473172859189933
 20
20.138820973901343
 10
8.500592027490622
 20
20.118916934342707
 10
8.52796692173973
 20
20.099026226825455
 10
8.555297556569155
 20
20.079149165130172
 10
8.582583948038483
 20
20.05928606265888
 10
8.609826113635052
 20
20.039437232423346
 10
8.637024072276095
 20
20.019602987031636
 10
8.664177844309236
 20
19.999783638675652
 10
8.691287451512874
 20
19.97997949911855
 10
8.718352917097558
 20
19.960190879681175
 10
8.745374265705568
 20
19.940418091229652
 10
8.772351523411803
 20
19.920661444161777
 10
8.799284717723452
 20
19.900921248394106
 10
8.82617387758042
 20
19.881197813348304
 10
8.853019033353835
 20
19.861491447938693
 10
8.87982021684811
 20
19.84180246055703
 10
8.906577461298212
 20
19.82213115906056
 10
8.933290801369644
 20
19.802477850757967
 10
8.959960273158632
 20
19.782842842394963
 10
8.986585914189934
 20
19.763226440141437
 10
9.013167763416806
 20
19.743628949576888
 10
9.03938856827796
 20
19.724284858759106
 10
9.064771979540858
 20
19.705554095398995
 10
9.08942564593642
 20
19.68739143009109
 10
9.113971452128993
 20
19.669341992881492
 10
9.13849533733174
 20
19.65134264590829
 10
9.16299722516338
 20
19.63339361868742
 10
9.187477038746035
 20
19.61549513970242
 10
9.211934700716082
 20
19.59764743638792
 10
9.236370133230043
 20
19.579850735116732
 10
9.260783257958874
 20
19.562105261195484
 10
9.285173996097615
 20
19.54441123884902
 10
9.309542268380767
 20
19.52676889120069
 10
9.333887995060184
 20
19.509178440279886
 10
9.358211095935893
 20
19.49164010699118
 10
9.382511490346339
 20
19.474154111112917
 10
9.406789097172663
 20
19.45672067128563
 10
9.431043834848214
 20
19.43934000499675
 10
9.455275621365224
 20
19.422012328567387
 10
9.479484374270463
 20
19.40473785714703
 10
9.503670010678537
 20
19.387516804695643
 10
9.527832447275784
 20
19.370349383972545
 10
9.551971600321071
 20
19.35323580652751
 10
9.576087385655551
 20
19.336176282685532
 10
9.600179718705878
 20
19.31917102153628
 10
9.624248514492916
 20
19.302220230919698
 10
9.648293687632098
 20
19.285324117417574
 10
9.672315152347917
 20
19.268482886335164
 10
9.696312822468222
 20
19.2516967416971
 10
9.720286611443068
 20
19.23496588622606
 10
9.744236432336201
 20
19.218290521340727
 10
9.768162197853243
 20
19.201670847128113
 10
9.792063820322305
 20
19.185107062349147
 10
9.815941211724876
 20
19.168599364409296
 10
9.839794283680444
 20
19.15214794936139
 10
9.863622947477364
 20
19.135753011876524
 10
9.887427114059879
 20
19.11941474524529
 10
9.911206694042669
 20
19.103133341360063
 10
9.93496159772479
 20
19.086908990697847
 10
9.958691735086486
 20
19.07074188231494
 10
9.98239701580712
 20
19.054632203827175
 10
10.006077349265887
 20
19.03858014140207
 10
10.029732644553118
 20
19.022585879743776
 10
10.053362810480298
 20
19.006649602079058
 10
10.076967755585063
 20
18.99077149014669
 10
10.100547388141678
 20
18.974951724183338
 10
10.124101616174968
 20
18.959190482907115
 10
10.14763034745756
 20
18.943487943512512
 10
10.171133489530714
 20
18.927844281649612
 10
10.194610949713482
 20
18.9122596714112
 10
10.218062635097468
 20
18.896734285329583
 10
10.241488452583301
 20
18.881268294345805
 10
10.264888308862147
 20
18.86586186781541
 10
10.288262110446453
 20
18.850515173481753
 10
10.311609763673015
 20
18.835228377467725
 10
10.334931174712676
 20
18.820001644263197
 10
10.358226249582039
 20
18.8048351367113
 10
10.381494894160518
 20
18.789729015991362
 10
10.404737014190712
 20
18.77468344161281
 10
10.427952515299967
 20
18.759698571395493
 10
10.451141303008313
 20
18.744774561458915
 10
10.474303282737473
 20
18.729911566211005
 10
10.497438359827882
 20
18.71510973833178
 10
10.520546439550305
 20
18.700369228760714
 10
10.54362742711778
 20
18.685690186684052
 10
10.566681227698162
 20
18.671072759521834
 10
10.589707746425002
 20
18.65651709291622
 10
10.612706888418806
 20
18.642023330713364
 10
10.635678558791074
 20
18.62759161495638
 10
10.65862266266495
 20
18.613222085867953
 10
10.681539105186545
 20
18.598914881839097
 10
10.704427791537722
 20
18.584670139417078
 10
10.727288626956234
 20
18.570487993289014
 10
10.750121516746582
 20
18.55636857627141
 10
10.772926366290204
 20
18.54231201930032
 10
10.795703081076766
 20
18.528318451408644
 10
10.818451566696996
 20
18.5143879997274
 10
10.841171728880525
 20
18.500520789459465
 10
10.852815197040982
 20
18.493437833113074
 10
10.851511151483116
 20
18.509144504862835
 10
10.843894601805218
 20
18.608254069685387
 10
10.836886320364098
 20
18.707408503068645
 10
10.830486571017584
 20
18.80660407190423
 10
10.824695594712626
 20
18.905837041535026
 10
10.819513609476207
 20
19.005103675895832
 10
10.814940810407148
 20
19.10440023765396
 10
10.810977369668738
 20
19.20372298834999
 10
10.807623436482292
 20
19.303068188538486
 10
10.804879137121493
 20
19.402432097928823
 10
10.80274457490766
 20
19.501810975525963
 10
10.80121983020586
 20
19.60120107977134
 10
10.800304960421862
 20
19.700598668683696
 10
10.8
 20
19.8
 10
10.800304960421862
 20
19.89940133131631
 10
10.80121983020586
 20
19.998798920228666
 10
10.80274457490766
 20
20.098189024474042
 10
10.804879137121493
 20
20.19756790207118
 10
10.807623436482292
 20
20.29693181146152
 10
10.810977369668738
 20
20.396277011650014
 10
10.814940810407148
 20
20.495599762346046
 10
10.819513609476207
 20
20.594896324104173
 10
10.824695594712626
 20
20.69416295846498
 10
10.830486571017584
 20
20.793395928095777
 10
10.836886320364098
 20
20.89259149693136
 10
10.843894601805218
 20
20.991745930314618
 10
10.851511151483116
 20
21.09085549513717
 10
10.859735682638998
 20
21.18991645997993
 10
10.86856788562391
 20
21.28892509525355
 10
10.878007427910411
 20
21.387877673338885
 10
10.888053954105064
 20
21.486770468727286
 10
10.898707085961831
 20
21.58559975816091
 10
10.90996642239633
 20
21.684361820772857
 10
10.9218315395009
 20
21.783052938227307
 10
10.934301990560588
 20
21.88166939485945
 10
10.947377306069964
 20
21.980207477815448
 10
10.961056993750788
 20
22.078663477192162
 10
10.97534053857055
 20
22.177033686176863
 10
10.99022740276186
 20
22.27531440118679
 10
11.005717025842694
 20
22.373501922008558
 10
11.021808824637503
 20
22.471592551937515
 10
11.038502193299152
 20
22.56958259791688
 10
11.05579650333175
 20
22.667468370676815
 10
11.073691103614298
 20
22.765246184873284
 10
11.092185320425205
 20
22.862912359226865
 10
11.111278457467668
 20
22.960463216661285
 10
11.130969795895865
 20
23.057895084441892
 10
11.151258594342034
 20
23.155204294313947
 10
11.17214408894438
 20
23.252387182640682
 10
11.193625493375839
 20
23.349440090541297
 10
11.215701998873671
 20
23.446359364028645
 10
11.238372774269928
 20
23.543141354146876
 10
11.261636966022722
 20
23.639782417108748
 10
11.285493698248388
 20
23.73627891443288
 10
11.309942072754438
 20
23.832627213080666
 10
11.334981169073398
 20
23.928823685593137
 10
11.360610044497435
 20
24.02486471022747
 10
11.386827734113876
 20
24.120746671093357
 10
11.41363325084153
 20
24.216465958289177
 10
11.441025585467836
 20
24.31201896803786
 10
11.469003706686882
 20
24.40740210282261
 10
11.497566561138218
 20
24.50261177152229
 10
11.526713073446516
 20
24.59764438954671
 10
11.55644214626206
 20
24.692496378971494
 10
11.586752660302066
 20
24.787164168672867
 10
11.617643474392807
 20
24.88164419446204
 10
11.649113425512596
 20
24.97593289921946
 10
11.681161328835557
 20
25.070026733028666
 10
11.713785977776242
 20
25.16392215331
 10
11.746986144035066
 20
25.25761562495397
 10
11.780760577644523
 20
25.35110362045431
 10
11.815108007016288
 20
25.444382620040845
 10
11.850027138989049
 20
25.537449111811945
 10
11.885516658877231
 20
25.630299591866812
 10
11.921575230520464
 20
25.722930564437334
 10
11.95820149633391
 20
25.81533854201977
 10
11.995394077359355
 20
25.907520045505976
 10
12.033151573317156
 20
25.999471604314458
 10
12.071472562658924
 20
26.09118975652099
 10
12.110355602621064
 20
26.18267104898898
 10
12.149799229279111
 20
26.273912037499482
 10
12.189801957602803
 20
26.364909286880838
 10
12.230362281512038
 20
26.455659371138047
 10
12.271478673933538
 20
26.546158873581724
 10
12.313149586858373
 20
26.63640438695676
 10
12.355373451400219
 20
26.72639251357057
 10
12.398148677854445
 20
26.816119865421065
 10
12.441473655757948
 20
26.905583064324148
 10
12.485346753949802
 20
26.994778742040957
 10
12.529766320632655
 20
27.08370354040463
 10
12.574730683434924
 20
27.172354111446772
 10
12.620238149473769
 20
27.260727117523494
 10
12.666287005418809
 20
27.348819231441052
 10
12.71287551755665
 20
27.436627136581166
 10
12.760001931856138
 20
27.524147527025818
 10
12.807664474034416
 20
27.61137710768179
 10
12.855861349623702
 20
27.698312594404662
 10
12.904590744038877
 20
27.784950714122502
 10
12.953850822645778
 20
27.871288204959065
 10
13.003639730830296
 20
27.957321816356625
 10
13.053955594068174
 20
28.04304830919834
 10
13.104796517995593
 20
28.128464455930192
 10
13.156160588480514
 20
28.213567040682555
 10
13.208045871694704
 20
28.298352859391198
 10
13.260450414186588
 20
28.382818719917978
 10
13.313372242954745
 20
28.466961442170977
 10
13.366809365522247
 20
28.550777858224265
 10
13.420759770011625
 20
28.634264812437152
 10
13.475221425220644
 20
28.717419161572998
 10
13.530192280698765
 20
28.800237774917555
 10
13.585670266824359
 20
28.882717534396846
 10
13.641653294882595
 20
28.96485533469454
 10
13.698139257144105
 20
29.046648083368872
 10
13.755126026944346
 20
29.1280927009691
 10
13.812611458763635
 20
29.209186121151383
 10
13.870593388307967
 20
29.28992529079431
 10
13.929069632590451
 20
29.37030717011376
 10
13.988037990013554
 20
29.45032873277742
 10
14.047496240451938
 20
29.529986966018676
 10
14.107442145336089
 20
29.609278870750074
 10
14.167873447736563
 20
29.688201461676215
 10
14.22878787244898
 20
29.766751767406156
 10
14.290183126079686
 20
29.84492683056529
 10
14.35205689713207
 20
29.92272370790666
 10
14.414406856093636
 20
30.00013947042182
 10
14.47723065552366
 20
30.07717120345106
 10
14.510952987284899
 20
30.118005870836235
 10
14.500221437249357
 20
30.124348937214105
 10
14.43981667157433
 20
30.161059818529345
 10
14.379866953252634
 20
30.19850919497736
 10
14.320381310491324
 20
30.236691426819803
 10
14.261368701609406
 20
30.27560076395301
 10
14.202838013688702
 20
30.315231346773928
 10
14.144798061235527
 20
30.35557720706255
 10
14.087257584853225
 20
30.396632268880726
 10
14.030225249925898
 20
30.438390349487154
 10
13.973709645313399
 20
30.4808451602685
 10
13.9177192820579
 20
30.52399030768642
 10
13.862262592102168
 20
30.567819294240408
 10
13.807347927019713
 20
30.61232551944631
 10
13.752983556757115
 20
30.657502280830307
 10
13.699177668388558
 20
30.70334277493832
 10
13.645938364882923
 20
30.749840098360547
 10
13.593273663883487
 20
30.796987248771106
 10
13.541191496500502
 20
30.844777125982574
 10
13.489699706116808
 20
30.89320253301522
 10
13.43880604720663
 20
30.942256177180877
 10
13.3885181841678
 20
30.99193067118116
 10
13.338843690167518
 20
31.042218534219987
 10
13.289790046001865
 20
31.093112193130167
 10
13.241364638969216
 20
31.14460398351386
 10
13.19357476175775
 20
31.196686150896845
 10
13.146427611347189
 20
31.24935085189628
 10
13.099930287924963
 20
31.302590155401916
 10
13.05408979381695
 20
31.356396043770474
 10
13.008913032432948
 20
31.410760414033074
 10
12.96440680722705
 20
31.465675079115528
 10
12.920577820673062
 20
31.52113176907126
 10
12.877432673255145
 20
31.577122132326757
 10
12.8349778624738
 20
31.633637736939257
 10
12.793219781867368
 20
31.690670071866585
 10
12.752164720049192
 20
31.74821054824888
 10
12.71181885976057
 20
31.806250500702056
 10
12.672188276939654
 20
31.864781188622764
 10
12.633278939806445
 20
31.923793797504686
 10
12.595096707964
 20
31.983279440265992
 10
12.557647331515987
 20
32.04322915858769
 10
12.520936450200747
 20
32.10363392426272
 10
12.484969592541974
 20
32.164484640555536
 10
12.449752175016137
 20
32.225772143572115
 10
12.415289501236773
 20
32.28748720363993
 10
12.38158676115579
 20
32.349620526697926
 10
12.348649030281877
 20
32.41216275569621
 10
12.316481268916146
 20
32.475104472005135
 10
12.285088321405139
 20
32.53843619683376
 10
12.25447491541128
 20
32.60214839265725
 10
12.224645661200904
 20
32.66623146465328
 10
12.195605050949977
 20
32.73067576214693
 10
12.167357458067581
 20
32.79547158006403
 10
12.139907136537303
 20
32.860609160392755
 10
12.133152615237574
 20
32.877203281990944
 10
12.086901378936474
 20
32.82457252728216
 10
12.007264839171604
 20
32.732822290484776
 10
11.928192767411618
 20
32.64058514023783
  0
LWPOLYLINE
  5
32
330
17
100
AcDbEntity
  8
0
100
AcDbPolyline
 90
4001
 70
1
 10
0.04801010027590635
 20
22.49182400015575
 10
0.06641639160863733
 20
22.460268917747943
 10
0.08522276695315512
 20
22.429253983256636
 10
0.10433042878554843
 20
22.398643879458366
 10
0.12367708538487676
 20
22.368353006407897
 10
0.1432201828784514
 20
22.33832269095567
 10
0.16292899198220923
 20
22.30851041893511
 10
0.1827803987103671
 20
22.27888410091645
 10
0.20275646554701865
 20
22.249418746042572
 10
0.22284292434910213
 20
22.220094404245373
 10
0.24302819679986953
 20
22.19089482724297
 10
0.26330273130733417
 20
22.161806561060622
 10
0.2836585388107373
 20
22.132818310029258
 10
0.30408885855623424
 20
22.103920478324543
 10
0.3245879116162165
 20
22.075104831469947
 10
0.3451507153228839
 20
22.04636424119527
 10
0.36577294102461977
 20
22.017692489630285
 10
0.3864508033114866
 20
21.98908411663666
 10
0.40718097252907626
 20
21.960534299092185
 10
0.42796050481404535
 20
21.932038754236892
 10
0.4487867855093697
 20
21.90359366140925
 10
0.4696574829333606
 20
21.875195598026156
 10
0.4905705102578821
 20
21.846841486729286
 10
0.511523993807991
 20
21.818528551381455
 10
0.5325162464975222
 20
21.790254280147927
 10
0.5535457454104105
 20
21.762016394301906
 10
0.5746111127566955
 20
21.733812821694123
 10
0.5957110995972883
 20
21.705641674052288
 10
0.6168445718566424
 20
21.677501227448534
 10
0.6380104982388275
 20
21.649389905404707
 10
0.6592079397369908
 20
21.62130626420808
 10
0.6804360404844871
 20
21.59324898009003
 10
0.7016940197420176
 20
21.565216837983485
 10
0.7229811648513831
 20
21.537208721625205
 10
0.7442968250157946
 20
21.509223604809183
 10
0.7656404057903039
 20
21.481260543629602
 10
0.7870113641847354
 20
21.453318669578437
 10
0.8084092042970425
 20
21.425397183384003
 10
0.829833473407998
 20
21.3974953494943
 10
0.851283758478413
 20
21.369612491123515
 10
0.8727596829987476
 20
21.341747985792292
 10
0.8942609041482932
 20
21.313901261302064
 10
0.9157871102272388
 20
21.286071792092237
 10
0.9373380183299176
 20
21.258259095936122
 10
0.9589133722316205
 20
21.23046273093752
 10
0.9805129404654096
 20
21.202682292794588
 10
1.0021365145682566
 20
21.17491741230209
 10
1.0237839074781938
 20
21.147167753066988
 10
1.0454549520667769
 20
21.11943300941506
 10
1.067149499793107
 20
21.0917129044691
 10
1.0888674194670358
 20
21.064007188381606
 10
1.1106085961106444
 20
21.036315636706934
 10
1.1323729299086622
 20
21.00863804889937
 10
1.1541603352393963
 20
20.980974246925186
 10
1.175970739778247
 20
20.95332407397844
 10
1.1978040836677053
 20
20.925687393290552
 10
1.2196603187473336
 20
20.89806408702578
 10
1.241539407838399
 20
20.870454055254868
 10
1.2634413240791424
 20
20.842857214999608
 10
1.2853660503051323
 20
20.815273499343267
 10
1.3073135784716747
 20
20.78770285660057
 10
1.3292839091148174
 20
20.76014524954245
 10
1.3512770508474183
 20
20.732600654671373
 10
1.3732930198874023
 20
20.7050690615432
 10
1.3953318396160093
 20
20.677550472131625
 10
1.4173935401637863
 20
20.650044900231876
 10
1.4394781580212168
 20
20.622552370901417
 10
1.4615857356733422
 20
20.59507291993378
 10
1.4837163212559616
 20
20.56760659336378
 10
1.5058699682315435
 20
20.540153447001803
 10
1.5280467350841924
 20
20.512713545994576
 10
1.5502466850314747
 20
20.485286964411202
 10
1.572469885752433
 20
20.45787378485217
 10
1.594716409130612
 20
20.43047409807985
 10
1.6169863310107644
 20
20.40308800266929
 10
1.6392797309684752
 20
20.375715604677655
 10
1.661596692092008
 20
20.348357017331114
 10
1.6839373007753906
 20
20.321012360727984
 10
1.7063016465217906
 20
20.293681761557416
 10
1.7286898217568982
 20
20.266365352832175
 10
1.7511019216516104
 20
20.239063273634756
 10
1.7735380439531347
 20
20.211775668876246
 10
1.7959982888241868
 20
20.184502689066903
 10
1.8184827586899033
 20
20.157244490097717
 10
1.840991558091929
 20
20.130001233032324
 10
1.863524793548926
 20
20.102773083908925
 10
1.886082573423547
 20
20.07556021355123
 10
1.9086650077954843
 20
20.04836279738797
 10
1.9312722083398306
 20
20.021181015280764
 10
1.9539042882107758
 20
19.994015051359675
 10
1.976561361930358
 20
19.96686509386588
 10
1.9992435452819493
 20
19.93973133500121
 10
2.021950955207984
 20
19.91261397078432
 10
2.044683709711876
 20
19.885513200912946
 10
2.0674419277640865
 20
19.858429228631834
 10
2.090225729211884
 20
19.83136226060617
 10
2.1130352346924752
 20
19.804312506800407
 10
2.135870565549606
 20
19.777280180361846
 10
2.158731843753543
 20
19.750265497508796
 10
2.1816191918237955
 20
19.7232686774234
 10
2.2045327327547533
 20
19.696289942148592
 10
2.227472589944213
 20
19.669329516488947
 10
2.2504388871245062
 20
19.642387627915323
 10
2.273431748295863
 20
19.615464506473316
 10
2.2964512976622693
 20
19.588560384695015
 10
2.3194976595697447
 20
19.56167549751389
 10
2.3425709584464585
 20
19.534810082183036
 10
2.3656713187449405
 20
19.507964378196345
 10
2.388798864886386
 20
19.48113862721236
 10
2.411953721206821
 20
19.454333072980834
 10
2.435136011904799
 20
19.42754796127209
 10
2.4583458609909314
 20
19.40078353980866
 10
2.4815833922392407
 20
19.374040058199157
 10
2.504848729139745
 20
19.347317767874646
 10
2.528141994852586
 20
19.320616922027085
 10
2.5514633121637367
 20
19.293937775549686
 10
2.574812803442093
 20
19.267280584979265
 10
2.5981905905976035
 20
19.240645608440644
 10
2.6215967950408086
 20
19.214033105592737
 10
2.645031537643792
 20
19.18744333757619
 10
2.668494938701965
 20
19.16087656696296
 10
2.691987117897021
 20
19.134333057707376
 10
2.715508194261126
 20
19.10781307509864
 10
2.7390582861421358
 20
19.08131688571474
 10
2.7626375111695616
 20
19.05484475737801
 10
2.7862459862217257
 20
19.028396959111774
 10
2.809883827393783
 20
19.001973761098405
 10
2.833551149966496
 20
18.975575434638657
 10
2.857248068376137
 20
18.949202252112023
 10
2.8809746961850315
 20
18.92285448693837
 10
2.9047311460528533
 20
18.89653241354071
 10
2.9285175297087456
 20
18.870236307309007
 10
2.952333957924452
 20
18.84396644456476
 10
2.9761805404876895
 20
18.817723102527026
 10
3.00005738617649
 20
18.79150655927909
 10
3.0239646027344094
 20
18.765317093735945
 10
3.047902296846022
 20
18.73915498561297
 10
3.0718705741131522
 20
18.71302051539534
 10
3.0958695390318667
 20
18.686913964308143
 10
3.1198992949701285
 20
18.660835614287265
 10
3.1439599441456707
 20
18.634785747951334
 10
3.1680515876046655
 20
18.60876464857417
 10
3.192174325201158
 20
18.58277260005783
 10
3.2163282555766735
 20
18.55680988690662
 10
3.2405134761402827
 20
18.53087679420182
 10
3.2647300830496917
 20
18.5049736075766
 10
3.2889781711925288
 20
18.47910061319187
 10
3.3132578341677217
 20
18.453258097713032
 10
3.337569164267972
 20
18.427446348286733
 10
3.361912252462531
 20
18.401665652518417
 10
3.386287188380088
 20
18.375916298450644
 10
3.410694060292329
 20
18.35019857454174
 10
3.435132955098169
 20
18.324512769644784
 10
3.459603958307863
 20
18.298859172987537
 10
3.484107154027882
 20
18.273238074152527
 10
3.508642624946301
 20
18.247649763057566
 10
3.5332104523179453
 20
18.222094529937184
 10
3.5578107159507404
 20
18.196572665323856
 10
3.582443494192063
 20
18.17108446003
 10
3.6071088639150624
 20
18.14563020513064
 10
3.63180690050595
 20
18.120210191946033
 10
3.6565376778515173
 20
18.09482471202479
 10
3.6813012683266386
 20
18.069474057127625
 10
3.7060977427823723
 20
18.044158519211337
 10
3.730927170534546
 20
18.01887839041296
 10
3.7557896193523703
 20
17.993633963034558
 10
3.780685155447351
 20
17.968425529528357
 10
3.8056138434627726
 20
17.943253382481995
 10
3.8305757464634524
 20
17.91811781460415
 10
3.855570925925523
 20
17.893019118710715
 10
3.8805994417266376
 20
17.867957587711125
 10
3.9056613521367467
 20
17.842933514594822
 10
3.930756713808794
 20
17.817947192418288
 10
3.9558855817696923
 20
17.792998914292372
 10
3.981048009411804
 20
17.768088973369686
 10
4.006244048484739
 20
17.743217662832272
 10
4.031473749087052
 20
17.718385275879847
 10
4.0567371596584
 20
17.69359210571808
 10
4.082034326972224
 20
17.668838445546996
 10
4.107365296128165
 20
17.64412458855
 10
4.13273011054515
 20
17.619450827882815
 10
4.158128811954562
 20
17.594817456662796
 10
4.18356144039349
 20
17.570224767958603
 10
4.209028034198713
 20
17.54567305477971
 10
4.234528630000451
 20
17.52116261006652
 10
4.260063262716194
 20
17.4966937266808
 10
4.285631965545509
 20
17.472266697395757
 10
4.311234769964582
 20
17.4478818148867
 10
4.336871705720647
 20
17.423539371722175
 10
4.362542800827271
 20
17.3992396603548
 10
4.38824808155972
 20
17.374982973112402
 10
4.413987572450171
 20
17.350769602189636
 10
4.439761296283368
 20
17.326599839639606
 10
4.465569274092768
 20
17.30247397736545
 10
4.491411525156298
 20
17.278392307112586
 10
4.517288066992808
 20
17.25435512046071
 10
4.543198915358499
 20
17.230362708816195
 10
4.569144084243469
 20
17.206415363404687
 10
4.595123585868887
 20
17.182513375263508
 10
4.621137430683703
 20
17.15865703523482
 10
4.647185627362052
 20
17.13484663395845
 10
4.6732681828006655
 20
17.111082461865074
 10
4.699385102116466
 20
17.08736480916956
 10
4.725536388644361
 20
17.063693965864402
 10
4.751722043935082
 20
17.04007022171345
 10
4.777942067753621
 20
17.01649386624545
 10
4.804196458077254
 20
16.992965188748165
 10
4.830485211094029
 20
16.96948447826242
 10
4.856808321201669
 20
16.946052023576097
 10
4.883165781006273
 20
16.92266811321856
 10
4.909557581320957
 20
16.899333035455367
 10
4.935983711165452
 20
16.87604707828249
 10
4.962444157765422
 20
16.852810529421035
 10
4.988938906551429
 20
16.82962367631248
 10
5.0154679411588745
 20
16.806486806113355
 10
5.042031243427903
 20
16.783400205690246
 10
5.06862879340299
 20
16.760364161615257
 10
5.095260569333153
 20
16.737378960161198
 10
5.121926547672171
 20
16.71444488729705
 10
5.1486267030787864
 20
16.691562228683605
 10
5.175361008417468
 20
16.668731269668942
 10
5.202129434758749
 20
16.64595229528442
 10
5.228931951380037
 20
16.62322559024053
 10
5.255768525766705
 20
16.60055143892273
 10
5.282639123612974
 20
16.577930125387667
 10
5.309543708822957
 20
16.55536193335945
 10
5.336482243512059
 20
16.53284714622586
 10
5.363454688008538
 20
16.510386047034633
 10
5.390461000854781
 20
16.487978918490168
 10
5.417501138808966
 20
16.465626042950074
 10
5.4445750568471105
 20
16.443327702421655
 10
5.471682708164678
 20
16.42108417855892
 10
5.4988240441786935
 20
16.398895752659328
 10
5.525999014529816
 20
16.376762705660784
 10
5.553207567084627
 20
16.35468531813862
 10
5.580449647937986
 20
16.33266387030273
 10
5.6077252014152705
 20
16.310698641994883
 10
5.635034170075269
 20
16.288789912685758
 10
5.662376494712522
 20
16.26693796147256
 10
5.689752114360218
 20
16.245143067076327
 10
5.717160966293012
 20
16.223405507839477
 10
5.744602986029982
 20
16.201725561723375
 10
5.772078107337659
 20
16.18010350630603
 10
5.799586262233063
 20
16.158539618779866
 10
5.8271273809872035
 20
16.137034175949342
 10
5.85470139212806
 20
16.115587454229065
 10
5.882308222444166
 20
16.09419972964157
 10
5.909947796988039
 20
16.072871277815388
 10
5.9376200390797464
 20
16.051602373983073
 10
5.965324870310528
 20
16.030393292979383
 10
5.993062210546565
 20
16.00924430923941
 10
6.020831977932758
 20
15.988155696796834
 10
6.048634088896421
 20
15.967127729282382
 10
6.076468458151627
 20
15.946160679921853
 10
6.104334998702843
 20
15.92525482153486
 10
6.132233621849043
 20
15.904410426533236
 10
6.160164237188106
 20
15.883627766919368
 10
6.188126752620899
 20
15.862907114284884
 10
6.216117291692367
 20
15.84224361004793
 10
6.2441188467673285
 20
15.82161451860988
 10
6.272129396879414
 20
15.801017332828664
 10
6.300148973277789
 20
15.78045232295137
 10
6.328177607415203
 20
15.759919758959377
 10
6.356215330946654
 20
15.739419910568145
 10
6.384262175727642
 20
15.718953047227295
 10
6.412318173812633
 20
15.698519438120499
 10
6.44038335745374
 20
15.678119352165272
 10
6.468457759098769
 20
15.657753058013203
 10
6.496541411389725
 20
15.637420824049833
 10
6.524634347161058
 20
15.61712291839478
 10
6.552736599437882
 20
15.596859608901799
 10
6.580848201434211
 20
15.576631163158929
 10
6.6089691865509295
 20
15.556437848488745
 10
6.637099588374209
 20
15.536279931948332
 10
6.665239440673254
 20
15.516157680329748
 10
6.69338877739839
 20
15.49607136016019
 10
6.721547632679034
 20
15.476021237702298
 10
6.749716040821486
 20
15.456007578954534
 10
6.777894036306986
 20
15.436030649651393
 10
6.80608165378931
 20
15.416090715263952
 10
6.834278928092431
 20
15.396188041000311
 10
6.862485894208316
 20
15.37632289180599
 10
6.89070258729469
 20
15.356495532364303
 10
6.918929042672293
 20
15.336706227097096
 10
6.947165295822451
 20
15.31695524016525
 10
6.975411382384767
 20
15.297242835469081
 10
7.003667338154173
 20
15.277569276649203
 10
7.031933199078473
 20
15.257934827086999
 10
7.060209001255512
 20
15.238339749905364
 10
7.08849478093024
 20
15.218784307969486
 10
7.116790574492224
 20
15.199268763887332
 10
7.145096418472384
 20
15.179793380010633
 10
7.173412349539923
 20
15.160358418435688
 10
7.2017384044996255
 20
15.14096414100397
 10
7.23007462028858
 20
15.121610809303046
 10
7.258421033972603
 20
15.102298684667705
 10
7.286777682743477
 20
15.083028028180479
 10
7.315144603915577
 20
15.063799100672629
 10
7.343521834922004
 20
15.044612162725358
 10
7.3719094133114496
 20
15.025467474670549
 10
7.400307376744738
 20
15.006365296591689
 10
7.42871576299089
 20
14.987305888325103
 10
7.457134609923447
 20
14.968289509460924
 10
7.485563955516998
 20
14.949316419343987
 10
7.51400383784307
 20
14.930386877075037
 10
7.542454295066072
 20
14.91150114151193
 10
7.570915365439454
 20
14.892659471270616
 10
7.599387087301611
 20
14.873862124726259
 10
7.627869499071679
 20
14.855109360014424
 10
7.65636263924527
 20
14.836401435032258
 10
7.684866546389923
 20
14.817738607439772
 10
7.713381259140981
 20
14.799121134660865
 10
7.741906816196934
 20
14.780549273884638
 10
7.770443256314682
 20
14.762023282066686
 10
7.798990618305059
 20
14.743543415930223
 10
7.827548941027956
 20
14.725109931967374
 10
7.856118263387515
 20
14.70672308644043
 10
7.884698624326969
 20
14.688383135383233
 10
7.913290062823673
 20
14.670090334602406
 10
7.941892617884228
 20
14.651844939678469
 10
7.97050632853891
 20
14.633647205967367
 10
7.99913123383633
 20
14.615497388601764
 10
8.027767372838326
 20
14.59739574249214
 10
8.056414784614223
 20
14.579342522328272
 10
8.085073508234967
 20
14.56133798258066
 10
8.113743582767917
 20
14.543382377501537
 10
8.142425047270855
 20
14.525475961126304
 10
8.171117940785798
 20
14.50761898727498
 10
8.199822302333196
 20
14.489811709553408
 10
8.228538170905924
 20
14.472054381354436
 10
8.25726558546291
 20
14.454347255859382
 10
8.286004584922722
 20
14.436690586039294
 10
8.314755208157461
 20
14.419084624656094
 10
8.343517493985917
 20
14.401529624264
 10
8.372291481167085
 20
14.384025837210718
 10
8.40107720839351
 20
14.366573515638592
 10
8.429874714284107
 20
14.349172911486058
 10
8.45868403737753
 20
14.331824276488653
 10
8.487505216125207
 20
14.314527862180125
 10
8.516338288883773
 20
14.297283919893864
 10
8.545183293907947
 20
14.28009270076393
 10
8.574040269343417
 20
14.262954455726025
 10
8.602909253219064
 20
14.245869435518742
 10
8.63179028343924
 20
14.228837890684705
 10
8.660683397776438
 20
14.211860071571362
 10
8.689588633863224
 20
14.194936228332146
 10
8.718506029184141
 20
14.178066610927509
 10
8.74743562106806
 20
14.161251469125638
 10
8.776377446679689
 20
14.144491052503533
 10
8.805331543011384
 20
14.127785610447802
 10
8.83429794687477
 20
14.111135392155479
 10
8.863276694892175
 20
14.094540646634801
 10
8.89226782348818
 20
14.078001622705852
 10
8.92127136888065
 20
14.061518569001375
 10
8.950287367071969
 20
14.045091733967322
 10
8.979315853840191
 20
14.028721365863369
 10
9.008356864729855
 20
14.012407712763501
 10
9.037410435042702
 20
13.996151022556496
 10
9.066476599828484
 20
13.979951542946282
 10
9.095555393875625
 20
13.96380952145218
 10
9.124646851701495
 20
13.947725205409334
 10
9.153751007542738
 20
13.931698841968878
 10
9.18286789534578
 20
13.915730678097923
 10
9.211997548756674
 20
13.899820960579788
 10
9.241140001111177
 20
13.88396993601392
 10
9.270295285424687
 20
13.868177850815787
 10
9.299463434382012
 20
13.852444951216704
 10
9.328644480326975
 20
13.836771483263625
 10
9.357838455252061
 20
13.821157692818716
 10
9.387045390787822
 20
13.805603825558986
 10
9.416265318192021
 20
13.79011012697583
 10
9.445498268339282
 20
13.774676842374202
 10
9.474744271709802
 20
13.759304216872117
 10
9.504003358378533
 20
13.743992495399748
 10
9.533275558004139
 20
13.728741922698461
 10
9.56256089981752
 20
13.713552743319962
 10
9.591859412610752
 20
13.698425201625007
 10
9.621171124725603
 20
13.683359541782217
 10
9.650496064042066
 20
13.668356007766704
 10
9.679834257966597
 20
13.653414843358647
 10
9.70918573342039
 20
13.63853629214173
 10
9.738550516827807
 20
13.623720597501283
 10
9.767928634104145
 20
13.608968002622603
 10
9.79732011064371
 20
13.59427875048896
 10
9.826724971307815
 20
13.579653083879421
 10
9.856143240412553
 20
13.565091245366638
 10
9.885574941716389
 20
13.550593477314536
 10
9.915020098407865
 20
13.536160021875748
 10
9.944478733093064
 20
13.521791120989011
 10
9.973950867783167
 20
13.507487016376277
 10
10.003436523881735
 20
13.493247949539828
 10
10.032935722171892
 20
13.479074161759197
 10
10.06244848280382
 20
13.464965894087776
 10
10.091974825281593
 20
13.450923387349526
 10
10.12151476845031
 20
13.43694688213537
 10
10.151068330483191
 20
13.423036618799362
 10
10.180635528868493
 20
13.4091928374548
 10
10.210216380396073
 20
13.395415777970253
 10
10.239810901144502
 20
13.381705679965144
 10
10.269419106467804
 20
13.368062782805318
 10
10.299041010981785
 20
13.354487325598555
 10
10.328676628551005
 20
13.340979547189622
 10
10.35832597227526
 20
13.327539686155319
 10
10.387989054475963
 20
13.31416798079934
 10
10.417665886682858
 20
13.300864669146836
 10
10.447356479620236
 20
13.287629988938903
 10
10.47706084319346
 20
13.274464177626786
 10
10.506778986475481
 20
13.261367472365844
 10
10.53651091769288
 20
13.248340110009512
 10
10.566256644212409
 20
13.235382327102826
 10
10.596016172527221
 20
13.222494359875878
 10
10.625789508243297
 20
13.209676444236923
 10
10.655576656065477
 20
13.196928815765528
 10
10.685377619783864
 20
13.18425170970523
 10
10.715192402260293
 20
13.171645360956031
 10
10.745021005414248
 20
13.159110004066878
 10
10.774863430209326
 20
13.14664587322767
 10
10.80471967663954
 20
13.134253202261142
 10
10.834589743715629
 20
13.121932224614508
 10
10.86447362945134
 20
13.109683173350913
 10
10.894371330849836
 20
13.097506281140575
 10
10.92428284389004
 20
13.085401780251765
 10
10.954208163513155
 20
13.073369902541476
 10
10.98414728360903
 20
13.061410879445951
 10
11.014100197002602
 20
13.049524941970919
 10
11.044066895440821
 20
13.037712320681472
 10
11.074047369578947
 20
13.02597324569193
 10
11.104041608967327
 20
13.014307946655311
 10
11.134049602038237
 20
13.00271665275255
 10
11.164071336092785
 20
12.991199592681493
 10
11.194106797287647
 20
12.979756994645726
 10
11.224155970622087
 20
12.968389086343052
 10
11.254218839925496
 20
12.957096094953627
 10
11.284295387844153
 20
12.945878247128096
 10
11.314385595828627
 20
12.934735768975322
 10
11.344489444121338
 20
12.923668886049835
 10
11.374606911744232
 20
12.912677823339024
 10
11.404737976486246
 20
12.901762805250204
 10
11.434882614891052
 20
12.890924055597374
 10
11.46504080224551
 20
12.880161797587505
 10
11.495212512567306
 20
12.869476253806933
 10
11.525397718593402
 20
12.858867646207251
 10
11.55559639176853
 20
12.848336196090997
 10
11.585808502233666
 20
12.837882124097149
 10
11.616034018814965
 20
12.827505650186254
 10
11.646272909012653
 20
12.817206993625408
 10
11.676525138990076
 20
12.806986372972982
 10
11.706790673563274
 20
12.796844006062965
 10
11.73706947619044
 20
12.786780109989209
 10
11.767361508961539
 20
12.7767949010894
 10
11.797666732588532
 20
12.766888594928663
 10
11.82798510639555
 20
12.757061406283043
 10
11.858316588309197
 20
12.74731354912273
 10
11.88866113484934
 20
12.737645236595
 10
11.919018701120109
 20
12.728056681006905
 10
11.949389240800997
 20
12.718548093807769
 10
11.979772706138391
 20
12.709119685571444
 10
12.01016904793715
 20
12.699771665978346
 10
12.040578215552808
 20
12.690504243797164
 10
12.071000156883867
 20
12.681317626866452
 10
12.101434818364124
 20
12.67221202207601
 10
12.131882144955732
 20
12.663187635347967
 10
12.162342080142604
 20
12.65424467161759
 10
12.192814565923507
 20
12.645383334814117
 10
12.223299542806025
 20
12.636603827841167
 10
12.253796949800963
 20
12.62790635255697
 10
12.284306724416496
 20
12.619291109754514
 10
12.314828802653084
 20
12.610758299141409
 10
12.345363118998762
 20
12.602308119319552
 10
12.375909606424738
 20
12.59394076776459
 10
12.406468196380986
 20
12.585656440805362
 10
12.437038818792608
 20
12.577455333602984
 10
12.467621402056821
 20
12.569337640129763
 10
12.498215873039486
 20
12.561303553148129
 10
12.528822157072744
 20
12.55335326418924
 10
12.559440177952926
 20
12.54548696353146
 10
12.590069857938504
 20
12.537704840178783
 10
12.620711117748872
 20
12.530007081839031
 10
12.651363876563368
 20
12.522393874901919
 10
12.682028052020543
 20
12.514865404417076
 10
12.712703560218284
 20
12.507421854071836
 10
12.743390315713944
 20
12.500063406169012
 10
12.774088231524928
 20
12.492790241604546
 10
12.8047972191302
 20
12.48560253984499
 10
12.8355171884716
 20
12.47850047890502
 10
12.86624804795601
 20
12.471484235324752
 10
12.896989704457924
 20
12.464553984147063
 10
12.927742063322125
 20
12.457709898894873
 10
12.95850502836749
 20
12.450952151548222
 10
12.98927850189076
 20
12.444280912521453
 10
13.020062384670677
 20
12.43769635064034
 10
13.050856575973054
 20
12.431198633119099
 10
13.081660973556074
 20
12.424787925537423
 10
13.11247547367591
 20
12.418464391817562
 10
13.143299971093127
 20
12.412228194201312
 10
13.17413435907945
 20
12.40607949322705
 10
13.20497852942492
 20
12.400018447706788
 10
13.235832372445653
 20
12.394045214703262
 10
13.266695776992002
 20
12.388159949507035
 10
13.297568630457423
 20
12.382362805613642
 10
13.328450818787482
 20
12.376653934700819
 10
13.359342226489638
 20
12.371033486605775
 10
13.390242736643525
 20
12.365501609302527
 10
13.421152230911506
 20
12.360058448879354
 10
13.452070589549846
 20
12.354704149516344
 10
13.482997691420438
 20
12.349438853463017
 10
13.513933414003086
 20
12.34426270101605
 10
13.544877633407955
 20
12.339175830497215
 10
13.5758302243889
 20
12.334178378231357
 10
13.606791060357036
 20
12.329270478524574
 10
13.6377600133949
 20
12.324452263642542
 10
13.668736954271152
 20
12.319723863788987
 10
13.699721752455556
 20
12.315085407084386
 10
13.730714276134707
 20
12.310537019544803
 10
13.761714392228056
 20
12.306078825060954
 10
13.79272196640456
 20
12.301710945377469
 10
13.823736863099567
 20
12.297433500072408
 10
13.85475894553248
 20
12.293246606536947
 10
13.885788075724685
 20
12.289150379955352
 10
13.916824114517919
 20
12.285144933285213
 10
13.94786692159333
 20
12.28123037723789
 10
13.978916355490739
 20
12.277406820259266
 10
14.009972273628435
 20
12.273674368510797
 10
14.041034532323383
 20
12.270033125850823
 10
14.072102986812046
 20
12.266483193816192
 10
14.10317749127147
 20
12.263024671604171
 10
14.134257898840714
 20
12.259657656054763
 10
14.165344061642823
 20
12.25638224163325
 10
14.196435830807383
 20
12.253198520413136
 10
14.227533056493233
 20
12.25010658205942
 10
14.258635587911368
 20
12.247106513812273
 10
14.289743273348849
 20
12.244198400471
 10
14.320855960192612
 20
12.241382324378463
 10
14.351973494953725
 20
12.23865836540583
 10
14.38309572329219
 20
12.236026600937755
 10
14.414222490041821
 20
12.23348710585796
 10
14.445353639235769
 20
12.231039952535198
 10
14.476489014132122
 20
12.228685210809658
 10
14.50762845724005
 20
12.226422947979806
 10
14.53877181034601
 20
12.224253228789642
 10
14.569918914540548
 20
12.22217611541641
 10
14.601069610245178
 20
12.22019166745875
 10
14.632223737239666
 20
12.218299941925295
 10
14.663381134689487
 20
12.216500993223779
 10
14.694541641173622
 20
12.214794873150549
 10
14.725705094712662
 20
12.213181630880598
 10
14.756871332796898
 20
12.211661312958057
 10
14.788040192415032
 20
12.21023396328718
 10
14.8192115100827
 20
12.208899623123838
 10
14.850385121871508
 20
12.207658331067464
 10
14.881560863438093
 20
12.206510123053558
 10
14.912738570053426
 20
12.205455032346649
 10
14.94391807663225
 20
12.204493089533795
 10
14.975099217762684
 20
12.203624322518593
 10
15.006281827736029
 20
12.202848756515706
 10
15.03746574057662
 20
12.202166414045884
 10
15.068650790071777
 20
12.201577314931576
 10
15.099836809801937
 20
12.201081476292991
 10
15.131023633170967
 20
12.200678912544735
 10
15.162211093436197
 20
12.20036963539297
 10
15.193399023738955
 20
12.200153653833105
 10
15.224587257134871
 20
12.200030974148007
 10
15.255775626624299
 20
12.200001599906784
 10
15.286963965182816
 20
12.200065531964043
 10
15.318152105791558
 20
12.200222768459764
 10
15.34933988146784
 20
12.200473304819631
 10
15.380527125295465
 20
12.200817133755958
 10
15.411713670455171
 20
12.201254245269116
 10
15.44289935025508
 20
12.20178462664952
 10
15.474083998160927
 20
12.20240826248013
 10
15.505267447826194
 20
12.203125134639485
 10
15.536449533122516
 20
12.20393522230528
 10
15.567630088169619
 20
12.204838501958474
 10
15.598808947365251
 20
12.205834947387903
 10
15.629985945415035
 20
12.206924529695424
 10
15.661160917362238
 20
12.208107217301599
 10
15.692333698617224
 20
12.209382975951868
 10
15.723504124986864
 20
12.210751768723235
 10
15.754672032703903
 20
12.2122135560315
 10
15.78583725845581
 20
12.213768295638953
 10
15.816999639413734
 20
12.215415942662581
 10
15.848159013261046
 20
12.217156449582788
 10
15.879315218221857
 20
12.21898976625257
 10
15.910468093089134
 20
12.220915839907214
 10
15.941617477252608
 20
12.222934615174449
 10
15.972763210726603
 20
12.225046034085075
 10
16.0039051341772
 20
12.227250036084058
 10
16.035043088949557
 20
12.22954655804211
 10
16.066176917094758
 20
12.231935534267667
 10
16.09730646139628
 20
12.234416896519381
 10
16.12843156539624
 20
12.236990574018993
 10
16.15955207342132
 20
12.239656493464672
 10
16.190667830608454
 20
12.242414579044773
 10
16.221778682929912
 20
12.245264752452009
 10
16.25288447721831
 20
12.248206932898015
 10
16.28398506119115
 20
12.251241037128338
 10
16.315080283474927
 20
12.254366979437812
 10
16.346169993628983
 20
12.257584671686296
 10
16.377254042168932
 20
12.260894023314822
 10
16.408332280589693
 20
12.26429494136207
 10
16.439404561388113
 20
12.267787330481237
 10
16.470470738085115
 20
12.27137109295721
 10
16.501530665247564
 20
12.275046128724107
 10
16.5325841985097
 20
12.278812335383158
 10
16.563631194594073
 20
12.282669608220864
 10
16.59467151133194
 20
12.286617840227482
 10
16.62570500768355
 20
12.290656922115836
 10
16.6567315437577
 20
12.29478674234037
 10
16.68775098083084
 20
12.29900718711652
 10
16.71876318136593
 20
12.303318140440307
 10
16.749768009030674
 20
12.307719484108262
 10
16.78076532871526
 20
12.312211097737507
 10
16.811755006549838
 20
12.316792858786162
 10
16.842736909921314
 20
12.321464642573925
 10
16.873710907489645
 20
12.326226322302862
 10
16.90467686920387
 20
12.331077769078448
 10
16.935634666317533
 20
12.33601885193077
 10
16.96658417140354
 20
12.341049437835927
 10
16.997525258368725
 20
12.346169391737597
 10
17.028457802467713
 20
12.351378576568784
 10
17.059381680316427
 20
12.356676853273704
 10
17.090296769905077
 20
12.3620640808298
 10
17.121202950610616
 20
12.36754011626994
 10
17.152100103208802
 20
12.37310481470469
 10
17.182988109885585
 20
12.37875802934472
 10
17.2138668542482
 20
12.384499611523303
 10
17.24473622133555
 20
12.390329410718902
 10
17.275596097628423
 20
12.396247274577881
 10
17.30644637105881
 20
12.402253048937222
 10
17.33728693101888
 20
12.408346577847322
 10
17.36811766836979
 20
12.414527703594906
 10
17.398938475449487
 20
12.420796266725898
 10
17.429749246080192
 20
12.42715210606832
 10
17.460549875575694
 20
12.433595058755326
 10
17.491340260747855
 20
12.440124960248134
 10
17.522120299912455
 20
12.446741644358973
 10
17.55288989289512
 20
12.453444943274079
 10
17.58364894103633
 20
12.460234687576666
 10
17.614397347195943
 20
12.4671107062698
 10
17.645135015757674
 20
12.474072826799365
 10
17.675861852632522
 20
12.48112087507684
 10
17.706577765262104
 20
12.488254675502144
 10
17.737282662621617
 20
12.495474050986395
 10
17.76797645522196
 20
12.502778822974552
 10
17.7986590551117
 20
12.510168811468024
 10
17.829330375878556
 20
12.51764383504721
 10
17.859990332650334
 20
12.525203710893894
 10
17.890638842095527
 20
12.5328482548136
 10
17.921275822423386
 20
12.5405772812578
 10
17.951901193383712
 20
12.548390603346014
 10
17.982514876266144
 20
12.556288032887835
 10
18.013116793898845
 20
12.564269380404735
 10
18.0437068706472
 20
12.572334455151829
 10
18.07428503241172
 20
12.580483065139447
 10
18.104851206625675
 20
12.588715017154563
 10
18.135405322252588
 20
12.597030116782115
 10
18.16594730978275
 20
12.605428168426062
 10
18.196477101230016
 20
12.6139089753304
 10
18.22699463012782
 20
12.622472339599938
 10
18.257499831524903
 20
12.631118062220871
 10
18.287992641980814
 20
12.63984594308127
 10
18.31847299956079
 20
12.648655780991252
 10
18.348940843830626
 20
12.657547373703082
 10
18.379396115851026
 20
12.666520517931033
 10
18.40983875817148
 20
12.675575009370974
 10
18.44026871482413
 20
12.684710642719882
 10
18.47068593131701
 20
12.693927211695026
 10
18.50109035462727
 20
12.703224509053026
 10
18.531481933193973
 20
12.712602326608682
 10
18.561860616910273
 20
12.72206045525347
 10
18.59222635711591
 20
12.73159868497396
 10
18.622579106589058
 20
12.741216804869985
 10
18.652918819537845
 20
12.750914603172475
 10
18.683245451591727
 20
12.760691867261137
 10
18.713558959792735
 20
12.77054838368193
 10
18.743859302586188
 20
12.780483938164238
 10
18.77414643981126
 20
12.790498315637787
 10
18.80442033269147
 20
12.800591300249401
 10
18.834680943824793
 20
12.810762675379479
 10
18.86492823717345
 20
12.821012223658158
 10
18.89516217805372
 20
12.831339726981323
 10
18.92538273312538
 20
12.841744966526335
 10
18.955589870381
 20
12.85222772276748
 10
18.985783559134973
 20
12.862787775491189
 10
19.015963770012455
 20
12.873424903811006
 10
19.04613047493818
 20
12.884138886182338
 10
19.076283647124782
 20
12.894929500416843
 10
19.106423261061384
 20
12.90579652369669
 10
19.136549292501737
 20
12.916739732588496
 10
19.166661718452104
 20
12.927758903056944
 10
19.19676051715951
 20
12.938853810478335
 10
19.226845668099415
 20
12.950024229653742
 10
19.256917151963137
 20
12.961269934821846
 10
19.286974950645597
 20
12.972590699671684
 10
19.31701904723272
 20
12.98398629735507
 10
19.347049425988637
 20
12.995456500498733
 10
19.37706607234285
 20
13.007001081216202
 10
19.40706897287741
 20
13.018619811119503
 10
19.43705811531391
 20
13.030312461330574
 10
19.46703348850022
 20
13.042078802492348
 10
19.496995082397486
 20
13.05391860477972
 10
19.52694288806691
 20
13.065831637910236
 10
19.556876897656107
 20
13.07781767115436
 10
19.586797104386132
 20
13.08987647334581
 10
19.61670350253781
 20
13.102007812891397
 10
19.646596087438137
 20
13.114211457780645
 10
19.67647485544709
 20
13.126487175595393
 10
19.706339803943674
 20
13.138834733518841
 10
19.736190931312407
 20
13.15125389834455
 10
19.76602823692988
 20
13.163744436485263
 10
19.79585172115084
 20
13.176306113981312
 10
19.82566138529443
 20
13.188938696508849
 10
19.85545723163081
 20
13.20164194938802
 10
19.8852392633672
 20
13.214415637590697
 10
19.915007484634067
 20
13.227259525748018
 10
19.94476190047166
 20
13.240173378157877
 10
19.97450251681614
 20
13.253156958792005
 10
20.004229340485736
 20
13.266210031302847
 10
20.03394237916733
 20
13.279332359030427
 10
20.063641641402583
 20
13.292523705008769
 10
20.093327136574228
 20
13.30578383197216
 10
20.12299887489259
 20
13.31911250236135
 10
20.152656867381886
 20
13.332509478329381
 10
20.18230112586663
 20
13.345974521747305
 10
20.21193166295807
 20
13.359507394209636
 10
20.241548492040813
 20
13.373107857039734
 10
20.271151627259286
 20
13.386775671294885
 10
20.300741083504203
 20
13.400510597771135
 10
20.330316876399497
 20
13.414312397008203
 10
20.359879022288773
 20
13.428180829293911
 10
20.38942753822203
 20
13.442115654668523
 10
20.41896244194278
 20
13.456116632929128
 10
20.4484837518746
 20
13.470183523633487
 10
20.477991487108124
 20
13.484316086103913
 10
20.507485667388313
 20
13.49851407943111
 10
20.53696631310123
 20
13.512777262477513
 10
20.56643344526126
 20
13.527105393880717
 10
20.5958870854985
 20
13.541498232056721
 10
20.625327256045974
 20
13.555955535202976
 10
20.654753979726888
 20
13.570477061301172
 10
20.684167279942336
 20
13.585062568120126
 10
20.71356718065882
 20
13.599711813218356
 10
20.742953706395642
 20
13.614424553946414
 10
20.772326882213026
 20
13.62920054744939
 10
20.80168673369971
 20
13.644039550668996
 10
20.83103328696085
 20
13.658941320345573
 10
20.860366568606203
 20
13.673905613020121
 10
20.889686605738124
 20
13.688932185036027
 10
20.918993425939753
 20
13.704020792540696
 10
20.94828705726346
 20
13.719171191487185
 10
20.97756752821916
 20
13.734383137635572
 10
21.006834867762723
 20
13.749656386554207
 10
21.036089105284905
 20
13.764990693621073
 10
21.065330270599823
 20
13.780385814024747
 10
21.09455839393376
 20
13.795841502765366
 10
21.12377350591425
 20
13.811357514655576
 10
21.15297563755913
 20
13.826933604321304
 10
21.18216482026552
 20
13.842569526202372
 10
21.211341085799198
 20
13.858265034553103
 10
21.240504466284
 20
13.874019883442848
 10
21.269654994191253
 20
13.88983382675633
 10
21.298792702329465
 20
13.905706618194046
 10
21.327917623833834
 20
13.921638011272343
 10
21.357029792156208
 20
13.937627759323671
 10
21.386129241055038
 20
13.953675615496632
 10
21.415216004585346
 20
13.969781332755943
 10
21.44429011708901
 20
13.985944663882417
 10
21.473351613184846
 20
14.002165361472684
 10
21.50240052775906
 20
14.018443177939023
 10
21.53143689595597
 20
14.034777865509163
 10
21.56046075316832
 20
14.051169176225784
 10
21.589472135028103
 20
14.067616861946128
 10
21.61847107739756
 20
14.084120674341612
 10
21.647457616359997
 20
14.100680364897215
 10
21.67643178821074
 20
14.117295684910822
 10
21.705393629448672
 20
14.133966385492762
 10
21.734343176767275
 20
14.15069221756498
 10
21.76328046704601
 20
14.167472931860289
 10
21.79220553734216
 20
14.18430827892172
 10
21.82111842488211
 20
14.201198009101518
 10
21.850019167053272
 20
14.218141872560363
 10
21.87890780139609
 20
14.235139619266512
 10
21.907784365595795
 20
14.252190998994752
 10
21.9366488974746
 20
14.269295761325452
 10
21.96550143498395
 20
14.28645365564357
 10
21.99434201619684
 20
14.303664431137616
 10
22.02317067930012
 20
14.32092783679851
 10
22.05198746258722
 20
14.338243621418552
 10
22.080792404450758
 20
14.355611533590306
 10
22.10958554337514
 20
14.37303132170532
 10
22.138366917929652
 20
14.390502733953113
 10
22.167136566761346
 20
14.4080255183199
 10
22.195894528588113
 20
14.425599422587382
 10
22.224640842191853
 20
14.443224194331506
 10
22.253375546411885
 20
14.460899580921286
 10
22.282098680138276
 20
14.478625329517484
 10
22.310810282305304
 20
14.496401187071346
 10
22.339510391885167
 20
14.514226900323333
 10
22.36819904788168
 20
14.53210221580186
 10
22.396876289324048
 20
14.550026879821957
 10
22.425542155260768
 20
14.568000638483952
 10
22.454196684753843
 20
14.586023237672276
 10
22.482839916872628
 20
14.604094423054011
 10
22.511471890688163
 20
14.622213940077614
 10
22.540092645267684
 20
14.640381533971741
 10
22.5687022196687
 20
14.658596949743732
 10
22.597300652933672
 20
14.676859932178388
 10
22.625887984084766
 20
14.695170225836762
 10
22.654464252118295
 20
14.713527575054709
 10
22.683029495999584
 20
14.731931723941603
 10
22.711583754658044
 20
14.750382416379189
 10
22.74012706698199
 20
14.768879396020203
 10
22.76865947181358
 20
14.787422406286986
 10
22.79718100794429
 20
14.806011190370437
 10
22.825691714110047
 20
14.824645491228715
 10
22.854191628986317
 20
14.843325051585783
 10
22.88268079118393
 20
14.86204961393048
 10
22.911159239244373
 20
14.88081892051516
 10
22.93962701163531
 20
14.899632713354436
 10
22.96808414674649
 20
14.918490734224143
 10
22.99653068288534
 20
14.937392724660072
 10
23.024966658272817
 20
14.95633842595683
 10
23.053392111039475
 20
14.97532757916678
 10
23.0818070792213
 20
14.994359925098838
 10
23.110211600755857
 20
15.013435204317418
 10
23.138605713478494
 20
15.032553157141365
 10
23.166989455118593
 20
15.051713523642952
 10
23.195362863295816
 20
15.070916043646768
 10
23.22372597551648
 20
15.090160456728722
 10
23.252078829170166
 20
15.109446502215143
 10
23.280421461526135
 20
15.128773919181747
 10
23.308753909729926
 20
15.148142446452692
 10
23.337076210800188
 20
15.167551822599759
 10
23.36538840162524
 20
15.187001785941355
 10
23.393690518959968
 20
15.20649207454169
 10
23.421982599422897
 20
15.226022426210072
 10
23.450264679492832
 20
15.245592578499895
 10
23.478536795506024
 20
15.265202268707942
 10
23.506798983653432
 20
15.284851233873773
 10
23.535051279977626
 20
15.30453921077882
 10
23.563293720370016
 20
15.3242659359457
 10
23.5915263405684
 20
15.34403114563775
 10
23.61974917615404
 20
15.363834575858203
 10
23.64796226254903
 20
15.38367596234955
 10
23.676165635014087
 20
15.403555040593211
 10
23.704359328645815
 20
15.42347154580882
 10
23.732543378374178
 20
15.443425212953613
 10
23.760717818960487
 20
15.463415776722222
 10
23.78888268499484
 20
15.483442971546026
 10
23.81703801089384
 20
15.503506531592734
 10
23.845183830898627
 20
15.52360619076616
 10
23.873320179072543
 20
15.543741682705729
 10
23.901447089299015
 20
15.56391274078613
 10
23.9295645952797
 20
15.584119098117199
 10
23.957672730532394
 20
15.604360487543545
 10
23.985771528388963
 20
15.624636641644294
 10
24.013861021993645
 20
15.644947292732976
 10
24.041941244301228
 20
15.665292172857445
 10
24.07001222807506
 20
15.685671013799588
 10
24.098074005885373
 20
15.706083547075291
 10
24.126126610107743
 20
15.726529503934522
 10
24.154170072921236
 20
15.747008615361167
 10
24.182204426306818
 20
15.767520612073046
 10
24.210229702045893
 20
15.788065224522065
 10
24.2382459317187
 20
15.80864218289424
 10
24.26625314670286
 20
15.829251217109835
 10
24.294251378171822
 20
15.849892056823446
 10
24.322240657093644
 20
15.870564431424324
 10
24.350221014229508
 20
15.891268070036503
 10
24.378192480132327
 20
15.912002701519018
 10
24.406155085145695
 20
15.932768054466372
 10
24.434108859402375
 20
15.953563857208678
 10
24.46205383282315
 20
15.974389837812051
 10
24.489990035115852
 20
15.995245724079183
 10
24.517917495773922
 20
16.016131243549545
 10
24.545836244075385
 20
16.037046123499906
 10
24.573746309081994
 20
16.05799009094502
 10
24.601647719637885
 20
16.07896287263792
 10
24.62954050436863
 20
16.099964195070548
 10
24.657424691680475
 20
16.120993784474514
 10
24.685300309759157
 20
16.14205136682156
 10
24.713167386568973
 20
16.163136667824226
 10
24.741025949852137
 20
16.184249412936758
 10
24.768876027127703
 20
16.205389327355654
 10
24.79671764569069
 20
16.226556136020445
 10
24.82455083261153
 20
16.24774956361466
 10
24.85237561473508
 20
16.268969334566556
 10
24.88019201867987
 20
16.290215173049944
 10
24.90800007083755
 20
16.311486802985264
 10
24.935799797372027
 20
16.332783948040415
 10
24.963591224218817
 20
16.354106331631716
 10
24.991374377084462
 20
16.37545367692501
 10
25.019149281445884
 20
16.396825706836683
 10
25.046915962549726
 20
16.4182221440347
 10
25.07467444541178
 20
16.439642710939722
 10
25.10242475481654
 20
16.461087129726344
 10
25.130166915316522
 20
16.48255512232418
 10
25.157900951231788
 20
16.50404641041907
 10
25.185626886649494
 20
16.5255607154544
 10
25.213344745423417
 20
16.54709775863236
 10
25.241054551173427
 20
16.56865726091522
 10
25.26875632728505
 20
16.59023894302663
 10
25.296450096909197
 20
16.611842525453163
 10
25.324135882961595
 20
16.633467728445574
 10
25.351813708122396
 20
16.655114272020214
 10
25.379483594835985
 20
16.676781875960664
 10
25.407145565310486
 20
16.69847025981912
 10
25.434799641517387
 20
16.72017914291789
 10
25.462445845191414
 20
16.741908244351105
 10
25.490084197830036
 20
16.763657282986188
 10
25.517714720693192
 20
16.785425977465472
 10
25.545337434803233
 20
16.807214046208035
 10
25.57295236094438
 20
16.829021207411177
 10
25.600559519662557
 20
16.850847179052195
 10
25.628158931265354
 20
16.87269167889029
 10
25.65575061582157
 20
16.894554424468165
 10
25.683334593160957
 20
16.91643513311379
 10
25.710910882874355
 20
16.93833352194251
 10
25.738479504313236
 20
16.96024930785871
 10
25.76604047658948
 20
16.982182207557656
 10
25.793593818575484
 20
17.00413193752766
 10
25.82113954890379
 20
17.026098214051842
 10
25.848677685966944
 20
17.048080753210147
 10
25.876208247917518
 20
17.070079270881457
 10
25.90373125266786
 20
17.092093482745554
 10
25.931246717889966
 20
17.114123104285177
 10
25.958754661015487
 20
17.136167850788198
 10
25.986255099235546
 20
17.158227437349712
 10
26.01374804950062
 20
17.180301578874158
 10
26.041233528520554
 20
17.202389990077567
 10
26.068711552764462
 20
17.224492385489775
 10
26.096182138460613
 20
17.246608479456622
 10
26.123645301596355
 20
17.2687379861422
 10
26.151101057918194
 20
17.290880619531254
 10
26.17854942293162
 20
17.31303609343142
 10
26.205990411901052
 20
17.335204121475535
 10
26.233424039849996
 20
17.357384417124173
 10
26.26085032156077
 20
17.37957669366789
 10
26.28826927157456
 20
17.401780664229644
 10
26.315680904191606
 20
17.42399604176748
 10
26.343085233470866
 20
17.44622253907673
 10
26.370482273230145
 20
17.4684598687926
 10
26.397872037046255
 20
17.490707743392893
 10
26.425254538254777
 20
17.51296587520033
 10
26.452629789950063
 20
17.535233976385147
 10
26.479997804985505
 20
17.55751175896792
 10
26.50735859597332
 20
17.579798934822023
 10
26.53471217528449
 20
17.6020952156762
 10
26.562058555049113
 20
17.624400313117548
 10
26.589397747156145
 20
17.64671393859398
 10
26.616729763253403
 20
17.669035803416968
 10
26.644054614747827
 20
17.691365618764454
 10
26.671372312805318
 20
17.71370309568352
 10
26.698682868350755
 20
17.73604794509316
 10
26.725986292068203
 20
17.758399877787237
 10
26.753282594400787
 20
17.78075860443726
 10
26.780571785550727
 20
17.803123835595198
 10
26.807853875479474
 20
17.825495281696515
 10
26.835128873907717
 20
17.84787265306303
 10
26.862396790315376
 20
17.870255659905855
 10
26.88965763394162
 20
17.892644012328336
 10
26.916911413785055
 20
17.91503742032916
 10
26.944158138603616
 20
17.93743559380527
 10
26.971397816914635
 20
17.959838242554895
 10
26.998630456994935
 20
17.98224507628069
 10
27.02585606688088
 20
18.004655804592794
 10
27.053074654368356
 20
18.02707013701192
 10
27.080286227012795
 20
18.049487782972424
 10
27.107490792129354
 20
18.071908451825614
 10
27.134688356792843
 20
18.094331852842803
 10
27.161878927837723
 20
18.11675769521847
 10
27.18906251185832
 20
18.139185688073624
 10
27.216239115208726
 20
18.16161554045893
 10
27.24340874400281
 20
18.18404696135793
 10
27.270571404114474
 20
18.206479659690515
 10
27.297727101177433
 20
18.228913344316023
 10
27.32487584058532
 20
18.251347724036595
 10
27.352017627491943
 20
18.273782507600714
 10
27.37915246681101
 20
18.296217403706326
 10
27.40628036321626
 20
18.31865212100428
 10
27.43340132114171
 20
18.34108636810193
 10
27.460515344781395
 20
18.363519853566338
 10
27.487622438089446
 20
18.38595228592772
 10
27.514722604780363
 20
18.408383373683144
 10
27.541815848328806
 20
18.430812825299842
 10
27.56890217196956
 20
18.453240349218635
 10
27.59598157869788
 20
18.47566565385773
 10
27.62305407126925
 20
18.498088447616098
 10
27.650119652199376
 20
18.520508438876966
 10
27.677178323764444
 20
18.542925336011642
 10
27.70423008800095
 20
18.565338847382957
 10
27.731274946705703
 20
18.587748681348884
 10
27.758312901436
 20
18.610154546266337
 10
27.785343953509496
 20
18.632556150494707
 10
27.812368104004232
 20
18.654953202399568
 10
27.839385353758683
 20
18.677345410356445
 10
27.866395703371797
 20
18.69973248275453
 10
27.893399153202925
 20
18.72211412800042
 10
27.9203957033718
 20
18.744490054521812
 10
27.94738535375868
 20
18.766859970771456
 10
27.97436810400423
 20
18.789223585230843
 10
28.001343953509497
 20
18.811580606414008
 10
28.028312901436003
 20
18.83393074287148
 10
28.0552749467057
 20
18.856273703194102
 10
28.08223008800095
 20
18.878609196016914
 10
28.109178323764446
 20
18.900936930022986
 10
28.136119652199373
 20
18.9232566139475
 10
28.16305407126925
 20
18.945567956581584
 10
28.18998157869791
 20
18.967870666776243
 10
28.216902171969565
 20
18.990164453446425
 10
28.24381584832878
 20
19.012449025575012
 10
28.27072260478039
 20
19.0347240922168
 10
28.297622438089448
 20
19.05698936250249
 10
28.324515344781368
 20
19.0792445456429
 10
28.351401321141733
 20
19.10148935093291
 10
28.37828036321629
 20
19.12372348775555
 10
28.40515246681099
 20
19.145946665586205
 10
28.43201762749194
 20
19.1681585939967
 10
28.458875840585346
 20
19.190358982659454
 10
28.48572710117741
 20
19.212547541351594
 10
28.512571404114475
 20
19.23472397995926
 10
28.539408744002838
 20
19.256888008481745
 10
28.566239115208674
 20
19.27903933703563
 10
28.59306251185832
 20
19.301177675859336
 10
28.61987892783777
 20
19.323302735316993
 10
28.646688356792794
 20
19.345414225902843
 10
28.67349079212936
 20
19.367511858245933
 10
28.700286227012842
 20
19.389595343113843
 10
28.727074654368305
 20
19.411664391417233
 10
28.75385606688088
 20
19.4337187142146
 10
28.780630456994984
 20
19.455758022716044
 10
28.807397816914584
 20
19.477782028287876
 10
28.834158138603566
 20
19.49979044245742
 10
28.86091141378511
 20
19.52178297691696
 10
28.88765763394162
 20
19.54375934352814
 10
28.914396790315323
 20
19.56571925432699
 10
28.941128873907772
 20
19.587662421528048
 10
28.96785387547947
 20
19.609588557528593
 10
28.994571785550676
 20
19.631497374913835
 10
29.021282594400788
 20
19.653388586461062
 10
29.047986292068206
 20
19.675261905144062
 10
29.074682868350756
 20
19.697117044138114
 10
29.101372312805314
 20
19.71895371682433
 10
29.128054614747825
 20
19.7407716367943
 10
29.1547297632534
 20
19.76257051785486
 10
29.181397747156144
 20
19.78435007403265
 10
29.208058555049142
 20
19.80611001957878
 10
29.234712175284496
 20
19.82785006897363
 10
29.261358595973288
 20
19.849569936931516
 10
29.28799780498553
 20
19.871269338405455
 10
29.314629789950065
 20
19.892947988591843
 10
29.341254538254752
 20
19.91460560293538
 10
29.36787203704628
 20
19.936241897133794
 10
29.39448227323017
 20
19.957856587142594
 10
29.42108523347084
 20
19.979449389180033
 10
29.4476809041916
 20
20.001020019731936
 10
29.474269271574588
 20
20.022568195556538
 10
29.500850321560744
 20
20.044093633689375
 10
29.52742403984999
 20
20.06559605144831
 10
29.55399041190108
 20
20.08707516643837
 10
29.58054942293162
 20
20.108530696556713
 10
29.607101057918197
 20
20.129962359997656
 10
29.633645301596353
 20
20.151369875257682
 10
29.660182138460613
 20
20.17275296114043
 10
29.686711552764464
 20
20.19411133676169
 10
29.71323352852055
 20
20.21544472155459
 10
29.73974804950062
 20
20.2367528352746
 10
29.766255099235547
 20
20.258035398004594
 10
29.79275466101549
 20
20.279292130160062
 10
29.819246717889964
 20
20.30052275249424
 10
29.84573125266786
 20
20.321726986103247
 10
29.87220824791752
 20
20.342904552431243
 10
29.89867768596694
 20
20.364055173275734
 10
29.92513954890379
 20
20.38517857079272
 10
29.95159381857551
 20
20.40627446750196
 10
29.978040476589484
 20
20.427342586292237
 10
30.004479504313213
 20
20.448382650426733
 10
30.03091088287438
 20
20.469394383548245
 10
30.05733459316096
 20
20.49037750968451
 10
30.08375061582154
 20
20.51133175325367
 10
30.110158931265378
 20
20.53225683906958
 10
30.136559519662583
 20
20.553152492347174
 10
30.16295236094436
 20
20.574018438707952
 10
30.189337434803228
 20
20.59485440418543
 10
30.215714720693217
 20
20.615660115230565
 10
30.242084197830014
 20
20.6364352987172
 10
30.268445845191412
 20
20.657179681947703
 10
30.294799641517407
 20
20.67789299265841
 10
30.32114556531049
 20
20.69857495902516
 10
30.347483594835996
 20
20.719225309668918
 10
30.373813708122395
 20
20.739843773661388
 10
30.400135882961592
 20
20.760430080530604
 10
30.426450096909203
 20
20.780983960266525
 10
30.45275632728505
 20
20.801505143326818
 10
30.479054551173423
 20
20.821993360642455
 10
30.505344745423407
 20
20.842448343623403
 10
30.53162688664949
 20
20.86286982416449
 10
30.55790095123179
 20
20.88325753465103
 10
30.584166915316466
 20
20.903611207964566
 10
30.610424754816542
 20
20.923930577488967
 10
30.636674445411842
 20
20.944215377115842
 10
30.662915962549672
 20
20.964465341250502
 10
30.68914928144587
 20
20.98468020481826
 10
30.71537437708451
 20
21.004859703269695
 10
30.74159122421877
 20
21.02500357258678
 10
30.76779979737198
 20
21.045111549289185
 10
30.794000070837598
 20
21.065183370439787
 10
30.82019201867987
 20
21.08521877365063
 10
30.846375614735027
 20
21.105217497089388
 10
30.872550832611587
 20
21.125179279485106
 10
30.898717645690695
 20
21.14510386013398
 10
30.92487602712765
 20
21.164990978906022
 10
30.95102594985216
 20
21.184840376250833
 10
30.977167386568976
 20
21.204651793203563
 10
31.003300309759133
 20
21.224424971391432
 10
31.029424691680497
 20
21.244159653039663
 10
31.05554050436863
 20
21.263855580977676
 10
31.081647719637857
 20
21.28351249864545
 10
31.107746309082017
 20
21.303130150099637
 10
31.13383624407541
 20
21.322708280019807
 10
31.159917495773897
 20
21.342246633714844
 10
31.18599003511585
 20
21.361744957129176
 10
31.212053832823177
 20
21.381202996849137
 10
31.23810885940235
 20
21.40062050010924
 10
31.264155085145692
 20
21.419997214798727
 10
31.290192480132358
 20
21.4393328894678
 10
31.31622101422951
 20
21.45862727333408
 10
31.342240657093647
 20
21.477880116289114
 10
31.36825137817182
 20
21.497091168904824
 10
31.39425314670286
 20
21.516260182439943
 10
31.420245931718704
 20
21.535386908846544
 10
31.44622970204589
 20
21.554471100776638
 10
31.472204426306817
 20
21.573512511588653
 10
31.498170072921237
 20
21.59251089535403
 10
31.524126610107746
 20
21.611466006863832
 10
31.55007400588537
 20
21.6303776016354
 10
31.57601222807506
 20
21.64924543591895
 10
31.60194124430123
 20
21.668069266704173
 10
31.627861021993642
 20
21.686848851727095
 10
31.65377152838896
 20
21.705583949476665
 10
31.679672730532396
 20
21.724274319201406
 10
31.705564595279704
 20
21.742919720916323
 10
31.731447089299014
 20
21.761519915409632
 10
31.757320179072543
 20
21.78007466424945
 10
31.78318383089863
 20
21.79858372979066
 10
31.809038010893836
 20
21.817046875181802
 10
31.834882684994838
 20
21.835463864371835
 10
31.860717818960516
 20
21.85383446211698
 10
31.88654337837418
 20
21.872158433987675
 10
31.91235932864579
 20
21.890435546375485
 10
31.93816563501412
 20
21.908665566499966
 10
31.963962262549032
 20
21.926848262415568
 10
31.989749176154007
 20
21.94498340301871
 10
32.01552634056842
 20
21.963070758054663
 10
32.041293720370014
 20
21.981110098124514
 10
32.067051279977605
 20
21.99910119469229
 10
32.092798983653466
 20
22.017043820091857
 10
32.11853679550605
 20
22.034937747533967
 10
32.14426467949281
 20
22.052782751113373
 10
32.169982599422895
 20
22.07057860581589
 10
32.19569051895999
 20
22.088325087525394
 10
32.22138840162521
 20
22.106021973030952
 10
32.24707621080018
 20
22.123669040033985
 10
32.27275390972995
 20
22.141266067155296
 10
32.2984214615261
 20
22.158812833942196
 10
32.324078829170176
 20
22.17630912087582
 10
32.34972597551653
 20
22.193754709378013
 10
32.375362863295756
 20
22.211149381818533
 10
32.400989455118584
 20
22.2284929215226
 10
32.42660571347855
 20
22.245785112777554
 10
32.45221160075581
 20
22.263025740840163
 10
32.477807079221236
 20
22.280214591944205
 10
32.50339211103953
 20
22.297351453307282
 10
32.52896665827283
 20
22.314436113137887
 10
32.55453068288529
 20
22.331468360643136
 10
32.58008414674654
 20
22.348447986035683
 10
32.605627011635306
 20
22.365374780540684
 10
32.63115923924431
 20
22.382248536403555
 10
32.65668079118395
 20
22.39906904689691
 10
32.68219162898632
 20
22.415836106327603
 10
32.70769171411003
 20
22.432549510044318
 10
32.733181007944324
 20
22.44920905444458
 10
32.75865947181357
 20
22.46581453698197
 10
32.784127066981966
 20
22.482365756173458
 10
32.80958375465808
 20
22.4988625116065
 10
32.835029495999606
 20
22.5153046039463
 10
32.860464252118284
 20
22.531691834943004
 10
32.8858879840848
 20
22.548024007438926
 10
32.91130065293366
 20
22.56430092537562
 10
32.936702219668646
 20
22.580522393801264
 10
32.9620926452677
 20
22.596688218877677
 10
32.987471890688184
 20
22.612798207887376
 10
33.01283991687263
 20
22.62885216924101
 10
33.03819668475387
 20
22.64484991248422
 10
33.06354215526076
 20
22.660791248304854
 10
33.088876289324006
 20
22.676675988540147
 10
33.114199047881684
 20
22.692503946183663
 10
33.13951039188519
 20
22.708274935392346
 10
33.164810282305304
 20
22.72398877149366
 10
33.19009868013828
 20
22.739645270992565
 10
33.21537554641191
 20
22.755244251578482
 10
33.24064084219185
 20
22.77078553213223
 10
33.26589452858808
 20
22.78626893273305
 10
33.29113656676135
 20
22.801694274665476
 10
33.316366917929656
 20
22.81706138042611
 10
33.34158554337514
 20
22.832370073730647
 10
33.36679240445076
 20
22.847620179520547
 10
33.391987462587245
 20
22.862811523969867
 10
33.4171706793001
 20
22.87794393449198
 10
33.442342016196804
 20
22.893017239746335
 10
33.46750143498397
 20
22.908031269645054
 10
33.49264889747461
 20
22.92298585535948
 10
33.517784365595794
 20
22.93788082932693
 10
33.542907801396105
 20
22.952716025257086
 10
33.5680191670533
 20
22.96749127813851
 10
33.59311842488207
 20
22.98220642424504
 10
33.618205537342135
 20
22.996861301142257
 10
33.64328046704603
 20
23.011455747693716
 10
33.668343176767266
 20
23.02598960406719
 10
33.693393629448686
 20
23.040462711740965
 10
33.718431788210765
 20
23.05487491350994
 10
33.74345761635995
 20
23.069226053491654
 10
33.76847107739754
 20
23.08351597713245
 10
33.79347213502814
 20
23.0977445312133
 10
33.81846075316832
 20
23.1119115638556
 10
33.843436895955996
 20
23.126016924527228
 10
33.86840052775908
 20
23.14006046404806
 10
33.893351613184784
 20
23.154042034595705
 10
33.91829011708899
 20
23.167961489711153
 10
33.9432160045854
 20
23.181818684304112
 10
33.96812924105506
 20
23.19561347465846
 10
33.99302979215621
 20
23.209345718437692
 10
34.01791762383383
 20
23.22301527469004
 10
34.04279270232943
 20
23.236622003853604
 10
34.06765499419125
 20
23.25016576776151
 10
34.092504466284
 20
23.263646429646723
 10
34.11734108579919
 20
23.27706385414693
 10
34.14216482026552
 20
23.290417907309383
 10
34.16697563755914
 20
23.303708456595412
 10
34.19177350591423
 20
23.31693537088504
 10
34.21655839393371
 20
23.33009852048142
 10
34.24133027059984
 20
23.3431977771151
 10
34.266089105284934
 20
23.3562330139481
 10
34.29083486776274
 20
23.369204105578238
 10
34.31556752821916
 20
23.3821109280429
 10
34.340287057263446
 20
23.394953358822868
 10
34.364993425939716
 20
23.40773127684615
 10
34.38968660573814
 20
23.42044456249143
 10
34.41436656860622
 20
23.43309309759141
 10
34.43903328696085
 20
23.44567676543633
 10
34.46368673369973
 20
23.458195450776998
 10
34.48832688221301
 20
23.470649039827713
 10
34.512953706395606
 20
23.483037420269365
 10
34.53756718065882
 20
23.495360481251943
 10
34.56216727994237
 20
23.507618113397086
 10
34.58675397972689
 20
23.51981020880066
 10
34.611327256045975
 20
23.53193666103489
 10
34.6358870854985
 20
23.543997365150425
 10
34.66043344526124
 20
23.555992217678355
 10
34.684966313101214
 20
23.567921116631886
 10
34.70948566738833
 20
23.579783961507914
 10
34.733991487108156
 20
23.5915806532885
 10
34.758483751874586
 20
23.60331109444202
 10
34.7829624419428
 20
23.614975188924298
 10
34.80742753822203
 20
23.62657284217939
 10
34.83187902228873
 20
23.638103961140345
 10
34.85631687639952
 20
23.64956845422963
 10
34.88074108350422
 20
23.660966231359417
 10
34.905151627259286
 20
23.672297203931755
 10
34.92954849204084
 20
23.683561284838405
 10
34.95393166295807
 20
23.69475838846057
 10
34.97830112586661
 20
23.705888430668377
 10
35.00265686738186
 20
23.716951328820166
 10
35.0269988748926
 20
23.727947001761592
 10
35.051327136574244
 20
23.738875369824413
 10
35.075641641402584
 20
23.74973635482517
 10
35.09994237916735
 20
23.760529880063665
 10
35.12422934048574
 20
23.771255870321077
 10
35.1485025168161
 20
23.781914251857962
 10
35.172761900471656
 20
23.792504952412052
 10
35.197007484634085
 20
23.803027901195698
 10
35.221239263367195
 20
23.81348302889313
 10
35.24545723163083
 20
23.823870267657604
 10
35.26966138529444
 20
23.834189551108135
 10
35.29385172115083
 20
23.844440814326052
 10
35.31802823692989
 20
23.854623993851334
 10
35.3421909313124
 20
23.864739027678706
 10
35.36633980394366
 20
23.874785855253435
 10
35.390474855447124
 20
23.884764417466855
 10
35.41459608743817
 20
23.894674656651745
 10
35.4387035025378
 20
23.90451651657739
 10
35.462797104386105
 20
23.914289942444334
 10
35.486876897656074
 20
23.923994880879
 10
35.5109428880669
 20
23.933631279927866
 10
35.53499508239751
 20
23.94319908905152
 10
35.55903348850023
 20
23.952698259118478
 10
35.58305811531393
 20
23.962128742398548
 10
35.607068972877386
 20
23.971490492556107
 10
35.63106607234278
 20
23.980783464643093
 10
35.65504942598866
 20
23.99000761509161
 10
35.679019047232764
 20
23.99916290170622
 10
35.702974950645626
 20
24.008249283656276
 10
35.72691715196315
 20
24.01726672146765
 10
35.75084566809936
 20
24.026215177014265
 10
35.774760517159486
 20
24.035094613509543
 10
35.798661718452095
 20
24.04390499549723
 10
35.82254929250172
 20
24.052646288842173
 10
35.84642326106143
 20
24.06131846072089
 10
35.87028364712483
 20
24.069921479611622
 10
35.894130474938144
 20
24.078455315284252
 10
35.91796377001242
 20
24.086919938790004
 10
35.94178355913497
 20
24.095315322450674
 10
35.96558987038101
 20
24.103641439847646
 10
35.989382733125396
 20
24.111898265810808
 10
36.01316217805375
 20
24.12008577640697
 10
36.03692823717344
 20
24.12820394892804
 10
36.06068094382475
 20
24.13625276187903
 10
36.084420332691494
 20
24.14423219496573
 10
36.10814643981126
 20
24.152142229081953
 10
36.13185930258619
 20
24.159982846296813
 10
36.15555895979276
 20
24.167754029841465
 10
36.1792454515917
 20
24.175455764095695
 10
36.20291881953779
 20
24.183088034574247
 10
36.22657910658908
 20
24.190650827912805
 10
36.25022635711593
 20
24.198144131853716
 10
36.273860616910255
 20
24.20556793523159
 10
36.297481933194
 20
24.212922227958494
 10
36.321090354627295
 20
24.220207001008852
 10
36.34468593131699
 20
24.227422246404302
 10
36.36826871482412
 20
24.23456795719808
 10
36.39183875817148
 20
24.24164412745921
 10
36.415396115851024
 20
24.24865075225657
 10
36.43894084383062
 20
24.255587827642536
 10
36.46247299956075
 20
24.262455350636525
 10
36.48599264198078
 20
24.269253319208232
 10
36.50949983152494
 20
24.275981732260657
 10
36.53299463012785
 20
24.28264058961286
 10
36.556477101230016
 20
24.289229891982608
 10
36.57994730978275
 20
24.295749640968708
 10
36.60340532225261
 20
24.302199839033115
 10
36.62685120662567
 20
24.308580489482885
 10
36.650285032411674
 20
24.314891596451957
 10
36.6737068706472
 20
24.321133164882625
 10
36.697116793898864
 20
24.3273052005069
 10
36.720514876266144
 20
24.333407709827682
 10
36.743901193383735
 20
24.33944070009975
 10
36.76727582242341
 20
24.345404179310542
 10
36.79063884209549
 20
24.35129815616078
 10
36.813990332650306
 20
24.357122640045038
 10
36.83733037587857
 20
24.362877641031965
 10
36.8606590551117
 20
24.368563169844467
 10
36.883976455221955
 20
24.374179237839844
 10
36.90728266262162
 20
24.379725856989594
 10
36.93057776526213
 20
24.38520303985924
 10
36.9538618526325
 20
24.39061079958797
 10
36.97713501575764
 20
24.39594914986823
 10
37.00039734719597
 20
24.401218104925157
 10
37.02364894103633
 20
24.40641767949589
 10
37.04688989289514
 20
24.41154788880892
 10
37.07012029991246
 20
24.41660874856324
 10
37.09334026074781
 20
24.421600274907483
 10
37.11654987557571
 20
24.426522484419017
 10
37.1397492460802
 20
24.431375394082917
 10
37.162938475449465
 20
24.436159021270946
 10
37.186117668369796
 20
24.440873383720554
 10
37.20928693101888
 20
24.44551849951375
 10
37.2324463710588
 20
24.450094387056012
 10
37.25559609762843
 20
24.4546010650552
 10
37.27873622133556
 20
24.459038552500473
 10
37.3018668542482
 20
24.4634068686412
 10
37.324988109885595
 20
24.467706032965893
 10
37.348100103208786
 20
24.471936065181218
 10
37.371202950610595
 20
24.476096985191024
 10
37.39429676990508
 20
24.4801888130754
 10
37.41738168031644
 20
24.484211569069814
 10
37.44045780246772
 20
24.488165273544382
 10
37.46352525836875
 20
24.492049946983144
 10
37.48658417140353
 20
24.49586560996346
 10
37.509634666317496
 20
24.499612283135544
 10
37.53267686920385
 20
24.50328998720208
 10
37.555710907489654
 20
24.506898742897974
 10
37.578736909921346
 20
24.51043857097022
 10
37.601755006549865
 20
24.513909492157985
 10
37.62476532871526
 20
24.517311527172787
 10
37.64776800903064
 20
24.520644696678843
 10
37.67076318136591
 20
24.52390902127364
 10
37.69375098083084
 20
24.52710452146865
 10
37.71673154375769
 20
24.530231217670277
 10
37.73970500768358
 20
24.533289130161
 10
37.762671511331945
 20
24.536278279080722
 10
37.785631194594046
 20
24.53919868440841
 10
37.80858419850971
 20
24.54205036594389
 10
37.83153066524755
 20
24.544833343289955
 10
37.85447073808511
 20
24.547547635834718
 10
37.877404561388126
 20
24.550193262734233
 10
37.90033228058971
 20
24.5527702428954
 10
37.923254042168956
 20
24.555278594959155
 10
37.946169993628956
 20
24.557718337283976
 10
37.969080283474916
 20
24.56008948792969
 10
37.99198506119116
 20
24.56239206464159
 10
38.01488447721831
 20
24.564626084834885
 10
38.037778682929925
 20
24.566791565579525
 10
38.060667830608466
 20
24.5688885235853
 10
38.083552073421316
 20
24.570916975187373
 10
38.10643156539623
 20
24.57287693633211
 10
38.12930646139627
 20
24.57476842256334
 10
38.15217691709475
 20
24.57659144900895
 10
38.17504308894957
 20
24.578346030367907
 10
38.1979051341772
 20
24.58003218089763
 10
38.2207632107266
 20
24.581649914401826
 10
38.24361747725262
 20
24.583199244218697
 10
38.266468093089095
 20
24.584680183209578
 10
38.28931521822185
 20
24.586092743747983
 10
38.312159013261066
 20
24.587436937709136
 10
38.33499963941375
 20
24.58871277645986
 10
38.35783725845581
 20
24.589920270849
 10
38.380672032703906
 20
24.59105943119824
 10
38.403504124986874
 20
24.592130267293374
 10
38.426333698617185
 20
24.59313278837609
 10
38.449160917362235
 20
24.594067003136168
 10
38.47198594541506
 20
24.59493291970417
 10
38.49480894736525
 20
24.595730545644635
 10
38.51763008816962
 20
24.596459887949695
 10
38.54044953312254
 20
24.59712095303324
 10
38.5632674478262
 20
24.597713746725525
 10
38.5860839981609
 20
24.59823827426829
 10
38.60889935025508
 20
24.598694540310394
 10
38.63171367045517
 20
24.599082548903894
 10
38.654527125295466
 20
24.59940230350069
 10
38.67733988146784
 20
24.599653806949604
 10
38.70015210579156
 20
24.599837061494043
 10
38.72296396518282
 20
24.599952068770087
 10
38.745775626624294
 20
24.599998829805152
 10
38.76858725713487
 20
24.59997734501711
 10
38.791399023738954
 20
24.59988761421396
 10
38.8142110934362
 20
24.59972963659396
 10
38.83702363317097
 20
24.599503410746337
 10
38.85983680980194
 20
24.59920893465243
 10
38.88265079007177
 20
24.598846205687394
 10
38.905465740576616
 20
24.598415220622375
 10
38.92828182773603
 20
24.59791597562723
 10
38.95109921776269
 20
24.597348466273715
 10
38.97391807663225
 20
24.596712687539195
 10
38.996738570053424
 20
24.59600863381083
 10
39.01956086343809
 20
24.595236298890292
 10
39.042385121871504
 20
24.59439567599896
 10
39.0652115100827
 20
24.59348675778358
 10
39.088040192415036
 20
24.59250953632246
 10
39.1108713327969
 20
24.591464003132106
 10
39.13370509471267
 20
24.590350149174366
 10
39.15654164117363
 20
24.589167964864025
 10
39.17938113468948
 20
24.58791744007688
 10
39.202223737239656
 20
24.5865985641583
 10
39.22506961024518
 20
24.5852113259322
 10
39.24791891454055
 20
24.5837557137105
 10
39.27077181034601
 20
24.582231715303035
 10
39.293628457240054
 20
24.5806393180279
 10
39.31648901413211
 20
24.578978508722205
 10
39.33935363923576
 20
24.577249273753303
 10
39.36222249004183
 20
24.57545159903041
 10
39.38509572329219
 20
24.573585470016653
 10
39.40797349495373
 20
24.571650871741504
 10
39.430855960192616
 20
24.56964778881365
 10
39.453743273348856
 20
24.567576205434232
 10
39.47663558791135
 20
24.565436105410452
 10
39.49953305649322
 20
24.5632274721696
 10
39.52243583080741
 20
24.560950288773405
 10
39.54534406164285
 20
24.558604537932773
 10
39.5682578988407
 20
24.55619020202288
 10
39.59117749127145
 20
24.553707263098552
 10
39.61410298681206
 20
24.551155702910048
 10
39.637034532323376
 20
24.548535502919144
 10
39.65997227362844
 20
24.545846644315496
 10
39.68291635549076
 20
24.543089108033364
 10
39.70586692159333
 20
24.54026287476856
 10
39.728824114517906
 20
24.53736792499576
 10
39.75178807572467
 20
24.53440423898603
 10
39.77475894553248
 20
24.53137179682467
 10
39.79773686309956
 20
24.528270578429236
 10
39.82072196640456
 20
24.52510056356789
 10
39.84371439222808
 20
24.521861731877948
 10
39.866714276134715
 20
24.518554062884633
 10
39.88972175245554
 20
24.515177536020087
 10
39.91273695427114
 20
24.511732130642542
 10
39.935760013394905
 20
24.50821782605572
 10
39.95879106035702
 20
24.50463460152841
 10
39.9818302243889
 20
24.500982436314175
 10
40.00487763340795
 20
24.497261309671302
 10
40.02793341400307
 20
24.49347120088282
 10
40.05099769142045
 20
24.48961208927671
 10
40.07407058954984
 20
24.48568395424626
 10
40.09715223091149
 20
24.48168677527046
 10
40.12024273664353
 20
24.477620531934594
 10
40.143342226489665
 20
24.4734852039509
 10
40.16645081878748
 20
24.469280771179314
 10
40.18956863045741
 20
24.465007213648292
 10
40.21269577699201
 20
24.46066451157568
 10
40.23583237244565
 20
24.456252645389725
 10
40.25897852942493
 20
24.451771595750028
 10
40.282134359079485
 20
24.447221343568604
 10
40.30529997109312
 20
24.44260187003096
 10
40.32847547367588
 20
24.43791315661715
 10
40.35166097355606
 20
24.433155185122896
 10
40.37485657597306
 20
24.4283279376807
 10
40.39806238467067
 20
24.423431396780884
 10
40.42127850189077
 20
24.418465545292698
 10
40.44450502836752
 20
24.41343036648533
 10
40.4677420633221
 20
24.408325844048925
 10
40.490989704457895
 20
24.403151962115498
 10
40.514248047956016
 20
24.397908705279896
 10
40.53751718847161
 20
24.39259605862054
 10
40.56079721913022
 20
24.387214007720267
 10
40.58408823152494
 20
24.38176253868695
 10
40.607390315713936
 20
24.376241638174097
 10
40.63070356021828
 20
24.370651293401338
 10
40.654028052020536
 20
24.36499149217478
 10
40.67736387656335
 20
24.359262222907322
 10
40.7007111177489
 20
24.353463474638744
 10
40.72406985793854
 20
24.347595237055764
 10
40.74744017795292
 20
24.341657500511868
 10
40.770822157072736
 20
24.33565025604705
 10
40.794215873039455
 20
24.329573495407416
 10
40.81762140205681
 20
24.323427211064605
 10
40.84103881879265
 20
24.317211396234995
 10
40.864468196381
 20
24.310926044898878
 10
40.88790960642473
 20
24.30457115181928
 10
40.91136311899877
 20
24.2981467125607
 10
40.93482880265306
 20
24.291652723507692
 10
40.95830672441647
 20
24.28508918188318
 10
40.98179694980099
 20
24.278456085766585
 10
41.00529954280604
 20
24.271753434111776
 10
41.0288145659235
 20
24.264981226764768
 10
41.052342080142616
 20
24.25813946448127
 10
41.07588214495574
 20
24.251228148943923
 10
41.09943481836408
 20
24.244247282779405
 10
41.123000156883876
 20
24.237196869575214
 10
41.14657821555287
 20
24.230076913896333
 10
41.17016904793714
 20
24.22288742130154
 10
41.19377270613836
 20
24.21562839835949
 10
41.21738924080101
 20
24.208299852664684
 10
41.241018701120105
 20
24.20090179285304
 10
41.264661134849334
 20
24.193434228617235
 10
41.2883165883092
 20
24.1858971707219
 10
41.31198510639557
 20
24.178290631018427
 10
41.335666732588535
 20
24.170614622459574
 10
41.35936150896151
 20
24.162869159113793
 10
41.383069476190435
 20
24.155054256179337
 10
41.406790673563265
 20
24.147169929998068
 10
41.43052513899008
 20
24.139216198068908
 10
41.45427290901267
 20
24.131193079061223
 10
41.47803401881498
 20
24.123100592827758
 10
41.50180850223366
 20
24.11493876041731
 10
41.525596391768524
 20
24.106707604087234
 10
41.5493977185934
 20
24.098407147315612
 10
41.57321251256727
 20
24.090037414813096
 10
41.59704080224552
 20
24.0815984325345
 10
41.62088261489109
 20
24.07309022769026
 10
41.64473797648622
 20
24.064512828757334
 10
41.66860691174425
 20
24.055866265490042
 10
41.69248944412135
 20
24.047150568930537
 10
41.716385595828605
 20
24.038365771419045
 10
41.740295387844114
 20
24.029511906603783
 10
41.764218839925555
 20
24.020589009450536
 10
41.788155970622114
 20
24.01159711625221
 10
41.812106797287605
 20
24.002536264637712
 10
41.8360713360928
 20
23.99340649358088
 10
41.86004960203825
 20
23.984207843409024
 10
41.88404160896731
 20
23.97494035581111
 10
41.908047369578966
 20
23.965604073845796
 10
41.932066895440855
 20
23.956199041949173
 10
41.95610019700257
 20
23.946725305942124
 10
41.980147283609
 20
23.937182913037446
 10
42.00420816351317
 20
23.927571911846925
 10
42.02828284389004
 20
23.917892352387753
 10
42.05237133084985
 20
23.90814428608894
 10
42.07647362945139
 20
23.89832776579749
 10
42.100589743715624
 20
23.88844284578414
 10
42.12471967663949
 20
23.878489581748852
 10
42.1488634302093
 20
23.868468030826197
 10
42.17302100541423
 20
23.858378251590437
 10
42.19719240226033
 20
23.848220304060156
 10
42.221377619783915
 20
23.837994249702945
 10
42.24557665606545
 20
23.82770015143955
 10
42.26978950824329
 20
23.817338073647942
 10
42.29401617252721
 20
23.806908082167098
 10
42.31825664421239
 20
23.796410244300496
 10
42.342510917692934
 20
23.785844628819447
 10
42.36677898647553
 20
23.775211305966177
 10
42.39106084319344
 20
23.764510347456504
 10
42.4153564796202
 20
23.753741826482425
 10
42.43966588668283
 20
23.742905817714643
 10
42.46398905447593
 20
23.73200239730449
 10
42.488325972275284
 20
23.721031642885812
 10
42.51267662855107
 20
23.709993633576804
 10
42.53704101098177
 20
23.698888449981297
 10
42.56141910646777
 20
23.687716174189905
 10
42.58581090114454
 20
23.676476889781227
 10
42.61021638039605
 20
23.665170681822584
 10
42.63463552886851
 20
23.653797636870454
 10
42.65906833048324
 20
23.642357842971098
 10
42.68351476845026
 20
23.630851389660513
 10
42.707974825281575
 20
23.61927836796444
 10
42.73244848280382
 20
23.607638870398333
 10
42.756935722171896
 20
23.595932990966695
 10
42.78143652388174
 20
23.584160825162588
 10
42.80595086778321
 20
23.572322469966856
 10
42.83047873309306
 20
23.560418023847113
 10
42.85502009840781
 20
23.5484475867565
 10
42.879574941716385
 20
23.536411260132446
 10
42.90414324041255
 20
23.524309146895202
 10
42.928724971307815
 20
23.51214135144599
 10
42.9533201106437
 20
23.499907979665256
 10
42.977928634104146
 20
23.48760913891061
 10
43.00255051682782
 20
23.47524493801466
 10
43.02718573342039
 20
23.46281548728262
 10
43.0518342579666
 20
23.450320898489807
 10
43.07649606404207
 20
23.437761284879116
 10
43.10117112472561
 20
23.425136761157994
 10
43.12585941261075
 20
23.412447443495644
 10
43.15056089981752
 20
23.399693449519905
 10
43.17527555800414
 20
23.38687489831394
 10
43.20000335837853
 20
23.3739919104129
 10
43.2247442717098
 20
23.361044607800366
 10
43.24949826833928
 20
23.34803311390483
 10
43.27426531819203
 20
23.334957553595775
 10
43.29904539078781
 20
23.32181805317984
 10
43.32383845525206
 20
23.30861474039679
 10
43.34864448032699
 20
23.295347744415288
 10
43.37346343438201
 20
23.282017195828786
 10
43.39829528542469
 20
23.268623226651
 10
43.42314000111118
 20
23.255165970311488
 10
43.44799754875668
 20
23.241645561651048
 10
43.472867895345814
 20
23.22806213691698
 10
43.49775100754273
 20
23.21441583375832
 10
43.52264685170147
 20
23.20070679122084
 10
43.547555393875626
 20
23.18693514974215
 10
43.572476599828484
 20
23.173101051146517
 10
43.59741043504269
 20
23.15920463863968
 10
43.622356864729895
 20
23.145246056803565
 10
43.647315853840226
 20
23.13122545159098
 10
43.67228736707193
 20
23.117142970319975
 10
43.697271368880635
 20
23.102998761668395
 10
43.72226782348818
 20
23.088792975668387
 10
43.74727669489218
 20
23.074525763700475
 10
43.7722979468748
 20
23.060197278487855
 10
43.797331543011424
 20
23.045807674090696
 10
43.822377446679674
 20
23.03135710589998
 10
43.84743562106803
 20
23.016845730631587
 10
43.87250602918413
 20
23.002273706320313
 10
43.897588633863194
 20
22.987641192313763
 10
43.92268339777647
 20
22.972948349266034
 10
43.9477902834393
 20
22.958195339131564
 10
43.97290925321903
 20
22.943382325158918
 10
43.998040269343406
 20
22.92850947188414
 10
44.02318329390792
 20
22.913576945124646
 10
44.04833828888371
 20
22.898584911972677
 10
44.07350521612526
 20
22.883533540788715
 10
44.09868403737759
 20
22.868423001195104
 10
44.123874714284085
 20
22.853253464069187
 10
44.14907720839349
 20
22.838025101536864
 10
44.17429148116708
 20
22.822738086965867
 10
44.199517493985894
 20
22.807392594958948
 10
44.22475520815749
 20
22.791988801347237
 10
44.25000458492279
 20
22.776526883183433
 10
44.27526558546288
 20
22.761007018734947
 10
44.30053817090588
 20
22.74542938747687
 10
44.32582230233321
 20
22.729794170085285
 10
44.35111794078577
 20
22.714101548430417
 10
44.37642504727087
 20
22.69835170556936
 10
44.40174358276799
 20
22.682544825739406
 10
44.42707350823494
 20
22.666681094350906
 10
44.45241478461418
 20
22.650760697980164
 10
44.47776737283833
 20
22.63478382436259
 10
44.50313123383633
 20
22.61875066238541
 10
44.52850632853891
 20
22.602661402080752
 10
44.55389261788426
 20
22.58651623461851
 10
44.579290062823674
 20
22.570315352299133
 10
44.604698624326936
 20
22.554058948546494
 10
44.630118263387516
 20
22.53774721790089
 10
44.65554894102796
 20
22.52138035601172
 10
44.68099061830506
 20
22.504958559630314
 10
44.706443256314685
 20
22.488482026602927
 10
44.731906816196926
 20
22.471950955863367
 10
44.75738125914098
 20
22.455365547425835
 10
44.782866546389926
 20
22.438726002377702
 10
44.808362639245274
 20
22.422032522872403
 10
44.83386949907168
 20
22.405285312122132
 10
44.85938708730165
 20
22.388484574390542
 10
44.884915365439454
 20
22.371630514985814
 10
44.91045429506603
 20
22.354723340253084
 10
44.93600383784307
 20
22.337763257567396
 10
44.96156395551699
 20
22.32075047532652
 10
44.987134609923444
 20
22.303685202943555
 10
45.01271576299086
 20
22.286567650839974
 10
45.038307376744775
 20
22.26939803043815
 10
45.06390941331148
 20
22.252176554154335
 10
45.08952183492197
 20
22.234903435391285
 10
45.115144603915574
 20
22.217578888531165
 10
45.140777682743476
 20
22.200203128928386
 10
45.16642103397257
 20
22.182776372902254
 10
45.19207462028855
 20
22.165298837730028
 10
45.2177384044997
 20
22.14777074163951
 10
45.243412349539945
 20
22.130192303802094
 10
45.269096418472344
 20
22.112563744325417
 10
45.29479057449223
 20
22.09488528424631
 10
45.320494780930204
 20
22.07715714552372
 10
45.34620900125548
 20
22.059379551031434
 10
45.37193319907854
 20
22.04155272455117
 10
45.39766733815421
 20
22.02367689076542
 10
45.423411382384714
 20
22.005752275250195
 10
45.44916529582245
 20
21.987779104468036
 10
45.47492904267226
 20
21.969757605761227
 10
45.500702587294654
 20
21.95168800734441
 10
45.526485894208356
 20
21.933570538297616
 10
45.55227892809247
 20
21.915405428559495
 10
45.5780816537893
 20
21.89719290892013
 10
45.60389403630697
 20
21.87893321101393
 10
45.62971604082149
 20
21.86062656731287
 10
45.655547632679
 20
21.842273211119657
 10
45.68138877739841
 20
21.823873376560485
 10
45.70723944067329
 20
21.805427298578397
 10
45.73309958837422
 20
21.78693521292624
 10
45.75896918655093
 20
21.76839735615981
 10
45.78484820143414
 20
21.749813965631112
 10
45.810736599437845
 20
21.731185279481345
 10
45.836634347161095
 20
21.712511536634242
 10
45.86254141138979
 20
21.693792976789307
 10
45.88845775909877
 20
21.675029840414933
 10
45.914383357453744
 20
21.656222368741503
 10
45.940318173812635
 20
21.637370803755005
 10
45.966262175727564
 20
21.618475388190113
 10
45.992215330946685
 20
21.599536365523377
 10
46.01817760741524
 20
21.580553979966968
 10
46.04414897327776
 20
21.56152847646158
 10
46.070129396879416
 20
21.542460100669935
 10
46.09611884676737
 20
21.523349098970325
 10
46.122117291692334
 20
21.504195718449886
 10
46.1481267526209
 20
21.485002984552487
 10
46.174164237188165
 20
21.46579415213981
 10
46.20023362184901
 20
21.446574600011143
 10
46.22633499870281
 20
21.427344577739472
 10
46.252468458151625
 20
21.408104335428
 10
46.278634088896425
 20
21.38885412370438
 10
46.30483197793275
 20
21.369594193715557
 10
46.3310622105466
 20
21.35032479712251
 10
46.357324870310535
 20
21.331046186094884
 10
46.383620039079716
 20
21.311758613305813
 10
46.409947796988035
 20
21.292462331926743
 10
46.43630822244417
 20
21.273157595622457
 10
46.46270139212807
 20
21.25384465854578
 10
46.48912738098724
 20
21.234523775332676
 10
46.51558626223306
 20
21.215195201097327
 10
46.542078107337616
 20
21.195859191426962
 10
46.56860298602999
 20
21.176516002377298
 10
46.595160966293015
 20
21.157165890467567
 10
46.62175211436022
 20
21.13780911267574
 10
46.648376494712494
 20
21.118445926433925
 10
46.6750341700753
 20
21.099076589623532
 10
46.7017252014153
 20
21.079701360571082
 10
46.72844964793795
 20
21.06032049804327
 10
46.755207567084625
 20
21.040934261242707
 10
46.781999014529816
 20
21.021542909803575
 10
46.80882404417869
 20
21.00214670378729
 10
46.835682708164654
 20
20.982745903678236
 10
46.86257505684715
 20
20.963340770379492
 10
46.88950113880899
 20
20.94393156520908
 10
46.916461000854746
 20
20.92451854989555
 10
46.94345468800854
 20
20.905101986574213
 10
46.97048224351206
 20
20.88568213778333
 10
46.99754370882293
 20
20.866259266460247
 10
47.02463912361294
 20
20.846833635937767
 10
47.05176852576676
 20
20.82740550994036
 10
47.07893195138007
 20
20.80797515258099
 10
47.10612943475872
 20
20.78854282835732
 10
47.13336100841747
 20
20.769108802148487
 10
47.16062670307879
 20
20.74967333921193
 10
47.18792654767215
 20
20.73023670518015
 10
47.215260569333196
 20
20.71079916605763
 10
47.24262879340303
 20
20.69136098821801
 10
47.270031243427866
 20
20.671922438401044
 10
47.29746794115887
 20
20.652483783709787
 10
47.324938906551395
 20
20.633045291608294
 10
47.352444157765426
 20
20.613607229918717
 10
47.37998371116552
 20
20.594169866818984
 10
47.40755758132096
 20
20.57473347084054
 10
47.43516578100625
 20
20.55529831086604
 10
47.46280832120167
 20
20.535864656127234
 10
47.490485211094025
 20
20.51643277620301
 10
47.51819645807723
 20
20.497002941017694
 10
47.54594206775366
 20
20.47757542083905
 10
47.57372204393511
 20
20.45815048627689
 10
47.601536388644334
 20
20.43872840828144
 10
47.62938510211647
 20
20.419309458142035
 10
47.657268182800635
 20
20.399893907485996
 10
47.685185627362046
 20
20.380482028277335
 10
47.71313743068376
 20
20.361074092816082
 10
47.74112358586892
 20
20.34167037373743
 10
47.76914408424345
 20
20.32227114401083
 10
47.79719891535848
 20
20.302876676939658
 10
47.82528806699281
 20
20.283487246161055
 10
47.85341152515627
 20
20.264103125645438
 10
47.8815692740928
 20
20.244724589696467
 10
47.909761296283435
 20
20.225351912951485
 10
47.93798757245014
 20
20.205985370381505
 10
47.9662480815597
 20
20.186625237291604
 10
47.994542800827276
 20
20.16727178932176
 10
48.02287170572062
 20
20.147925302447675
 10
48.05123476996461
 20
20.128586052981515
 10
48.07963196554557
 20
20.109254317573313
 10
48.108063262716165
 20
20.089930373212177
 10
48.13652863000042
 20
20.070614497227808
 10
48.16502803419873
 20
20.051306967292383
 10
48.19356144039347
 20
20.032008061422324
 10
48.222128811954555
 20
20.012718057980518
 10
48.25073011054521
 20
19.993437235678762
 10
48.27936529612816
 20
19.974165873580198
 10
48.30803432697219
 20
19.95490425110198
 10
48.336737159658405
 20
19.935652648018483
 10
48.36547374908703
 20
19.916411344464567
 10
48.39424404848477
 20
19.897180620938826
 10
48.42304800941183
 20
19.877960758307523
 10
48.451885581769666
 20
19.858752037808358
 10
48.4807567138088
 20
19.839554741054748
 10
48.509661352136746
 20
19.820369150040367
 10
48.538599441726646
 20
19.801195547143692
 10
48.5675709259255
 20
19.78203421513326
 10
48.596575746463486
 20
19.76288543717268
 10
48.625613843462794
 20
19.743749496826407
 10
48.654685155447325
 20
19.724626678065444
 10
48.68378961935237
 20
19.70551726527355
 10
48.71292717053455
 20
19.686421543253775
 10
48.74209774278238
 20
19.667339797235073
 10
48.77130126832662
 20
19.648272312879648
 10
48.80053767785155
 20
19.629219376290134
 10
48.82980690050597
 20
19.610181274017595
 10
48.85910886391504
 20
19.59115829306948
 10
48.88844349419207
 20
19.572150720918188
 10
48.91781071595074
 20
19.553158845510005
 10
48.94721045231792
 20
19.53418295527417
 10
48.97664262494628
 20
19.51522333913278
 10
49.006107154027944
 20
19.496280286510558
 10
49.03560395830789
 20
19.477354087345553
 10
49.06513295509815
 20
19.458445032099867
 10
49.094694060292326
 20
19.439553411770955
 10
49.12428718838006
 20
19.420679517903682
 10
49.15391225246253
 20
19.40182364260229
 10
49.183569164268036
 20
19.382986078543254
 10
49.21325783416772
 20
19.364167118988657
 10
49.2429781711925
 20
19.34536705779965
 10
49.272730083049694
 20
19.326586189450886
 10
49.302513476140255
 20
19.307824809045464
 10
49.33232825557665
 20
19.28908321233023
 10
49.36217432520121
 20
19.270361695711678
 10
49.392051587604726
 20
19.251660556272675
 10
49.42195994414564
 20
19.23298009178965
 10
49.4518992949701
 20
19.214320600750245
 10
49.48186953903185
 20
19.19568238237208
 10
49.51187057411313
 20
19.177065736621877
 10
49.541902296846075
 20
19.158470964235374
 10
49.57196460273447
 20
19.139898366738063
 10
49.6020573861765
 20
19.121348246466365
 10
49.63218054048767
 20
19.10282090659008
 10
49.66233395792442
 20
19.08431665113539
 10
49.692517529708724
 20
19.06583578500861
 10
49.72273114605285
 20
19.04737861402108
 10
49.752974696185085
 20
19.02894544491488
 10
49.78324806837614
 20
19.01053658538933
 10
49.81355114996648
 20
18.992152344128527
 10
49.84388382739376
 20
18.97379303083022
 10
49.87424598622172
 20
18.955458956235326
 10
49.90463751116954
 20
18.937150432158802
 10
49.93505828614214
 20
18.918867771521455
 10
49.965508194261126
 20
18.900611288383313
 10
49.995987117897
 20
18.882381297977737
 10
50.02649493870197
 20
18.86417811674724
 10
50.05703153764384
 20
18.8460020623804
 10
50.087596795040824
 20
18.827853453850388
 10
50.11819059059758
 20
18.809732611454645
 10
50.1488128034421
 20
18.791639856856378
 10
50.17946331216374
 20
18.77357551312749
 10
50.21014199485255
 20
18.75553990479323
 10
50.24084872913973
 20
18.737533357878377
 10
50.27158339223929
 20
18.719556199955537
 10
50.302345860990954
 20
18.701608760195136
 10
50.33313601190477
 20
18.68369136941725
 10
50.363953721206826
 20
18.665804360145703
 10
50.39479886488638
 20
18.64794806666429
 10
50.425671318744925
 20
18.630122825075095
 10
50.456570958446534
 20
18.61232897335925
 10
50.48749765956979
 20
18.594566851440366
 10
50.518451297662224
 20
18.576836801249904
 10
50.549431748295845
 20
18.55913916679587
 10
50.5804388871245
 20
18.541474294234412
 10
50.61147258994421
 20
18.523842531943647
 10
50.6425327327548
 20
18.50624423060129
 10
50.67361919182378
 20
18.488679743265514
 10
50.70473184375351
 20
18.47114942545852
 10
50.735870565549625
 20
18.453653635254707
 10
50.76703523469246
 20
18.436192733372334
 10
50.79822572921188
 20
18.418767083268506
 10
50.82944192776415
 20
18.401377051239287
 10
50.860683709711864
 20
18.384023006523954
 10
50.89195095520799
 20
18.366705321413363
 10
50.92324354528199
 20
18.349424371364236
 10
50.95456136193032
 20
18.33218053511793
 10
50.985904288210754
 20
18.314974194824668
 10
51.01727220833989
 20
18.29780573617424
 10
51.048665007795485
 20
18.280675548532198
 10
51.08008257342354
 20
18.263584025082398
 10
51.11152479354891
 20
18.24653156297726
 10
51.14299155809189
 20
18.229518563494523
 10
51.17448275868992
 20
18.212545432201775
 10
51.20599828882422
 20
18.1956125791297
 10
51.23753804395314
 20
18.17872041895336
 10
51.26910192165163
 20
18.161869371182775
 10
51.300689821756905
 20
18.145059860363784
 10
51.33230164652178
 20
18.128292316288693
 10
51.363937300775405
 20
18.11156717421834
 10
51.39559669209203
 20
18.094884875115824
 10
51.42727973096846
 20
18.07824586589279
 10
51.45898633101076
 20
18.061650599669115
 10
51.49071640913061
 20
18.045099536047008
 10
51.52246988575242
 20
18.02859314140016
 10
51.55424668503146
 20
18.012131889179514
 10
51.58604673508421
 20
17.99571626023629
 10
51.61786996823156
 20
17.97934674316392
 10
51.64971632125595
 20
17.963023834659904
 10
51.68158573567334
 20
17.946748039909405
 10
51.7134781580212
 20
17.93051987299193
 10
51.74539354016379
 20
17.914339857312953
 10
51.777331839616025
 20
17.898208526062326
 10
51.80929301988739
 20
17.882126422701667
 10
51.84127705084743
 20
17.8660941014829
 10
51.87328390911483
 20
17.850112128000504
 10
51.90531357847164
 20
17.83418107978016
 10
51.9373660503051
 20
17.818301546906923
 10
51.969441324079156
 20
17.80247413269612
 10
52.001539407838415
 20
17.786699454410655
 10
52.033660318747316
 20
17.770978144028735
 10
52.065804083667715
 20
17.755310849066543
 10
52.09797073977825
 20
17.73969823346067
 10
52.13016033523938
 20
17.724140978515962
 10
52.162372929908656
 20
17.70863978392461
 10
52.19460859611063
 20
17.693195368863442
 10
52.226867419467055
 20
17.677808473176828
 10
52.25914949979311
 20
17.662479858653768
 10
52.29145495206676
 20
17.647210310408354
 10
52.32378390747818
 20
17.63200063837446
 10
52.356136514568256
 20
17.616851678926306
 10
52.38851294046541
 20
17.601764296638496
 10
52.42091337223161
 20
17.586739386200474
 10
52.45333801832993
 20
17.571777874502647
 10
52.48578711022724
 20
17.556880722913604
 10
52.51826090414828
 20
17.542048929770523
 10
52.550759682998745
 20
17.527283533108022
 10
52.583283758478416
 20
17.512585613654483
 10
52.615833473408
 20
17.497956298128763
 10
52.64840920429707
 20
17.4833967628758
 10
52.68101136418475
 20
17.46890823788513
 10
52.71364040579028
 20
17.45449201124333
 10
52.74629682501579
 20
17.440149434080304
 10
52.77898116485137
 20
17.4258819260789
 10
52.81169401974202
 20
17.41169098162899
 10
52.84443604048452
 20
17.397578176722835
 10
52.87720793973699
 20
17.383545176704942
 10
52.91001049823881
 20
17.369593745011365
 10
52.94284457185665
 20
17.35572575306045
 10
52.97571109959729
 20
17.341943191488284
 10
53.0086111127567
 20
17.328248182962678
 10
53.04154574541043
 20
17.314642996860528
 10
53.074516246497524
 20
17.301130066155384
 10
53.10752399380799
 20
17.287712006942805
 10
53.14057051025789
 20
17.274391641133946
 10
53.173657482933336
 20
17.261172022978858
 10
53.20678678550936
 20
17.248056470253843
 10
53.23996050481405
 20
17.23504860117326
 10
53.273180972529076
 20
17.222152378385978
 10
53.306450803311485
 20
17.209372161821992
 10
53.33977294102461
 20
17.19671277270551
 10
53.37315071532287
 20
17.184179571811626
 10
53.406587911616214
 20
17.17177855611325
 10
53.440088858556244
 20
17.159516479489938
 10
53.473658538810724
 20
17.147401005388904
 10
53.50730273130733
 20
17.135440902624374
 10
53.54102819679987
 20
17.123646300512238
 10
53.5748429243491
 20
17.11202902735992
 10
53.60875646554702
 20
17.100603068920396
 10
53.64278039871037
 20
17.08938520438675
 10
53.6769289919822
 20
17.07839591386436
 10
53.71122018287844
 20
17.067660717366696
 10
53.74567708538488
 20
17.05721223259217
 10
53.78033042878555
 20
17.04709350108135
 10
53.815222766953156
 20
17.0373637224563
 10
53.85041639160864
 20
17.02810902222633
 10
53.886010100275904
 20
17.019465242263845
 10
53.92218184267472
 20
17.011675836610447
 10
53.95933924602547
 20
17.00529596792501
 10
54.0
 20
17.00373726086017
 10
53.986660753974526
 20
17.04216196047393
 10
53.96981815732528
 20
17.075837839205175
 10
53.95198989972409
 20
17.108175999844264
 10
53.933583608391366
 20
17.139731082252055
 10
53.91477723304685
 20
17.170746016743365
 10
53.895669571214455
 20
17.20135612054164
 10
53.87632291461512
 20
17.23164699359211
 10
53.856779817121556
 20
17.26167730904433
 10
53.837071008017794
 20
17.291489581064905
 10
53.81721960128962
 20
17.32111589908357
 10
53.79724353445299
 20
17.350581253957436
 10
53.777157075650905
 20
17.379905595754625
 10
53.75697180320013
 20
17.40910517275704
 10
53.73669726869267
 20
17.438193438939383
 10
53.71634146118927
 20
17.46718168997075
 10
53.69591114144375
 20
17.496079521675483
 10
53.67541208838378
 20
17.52489516853007
 10
53.654849284677134
 20
17.55363575880472
 10
53.63422705897539
 20
17.582307510369716
 10
53.61354919668852
 20
17.610915883363347
 10
53.592819027470924
 20
17.639465700907824
 10
53.57203949518595
 20
17.667961245763124
 10
53.55121321449064
 20
17.69640633859075
 10
53.53034251706666
 20
17.72480440197384
 10
53.50942948974212
 20
17.753158513270723
 10
53.488476006192016
 20
17.781471448618543
 10
53.46748375350248
 20
17.80974571985208
 10
53.44645425458957
 20
17.837983605698113
 10
53.4253888872433
 20
17.86618717830588
 10
53.404288900402705
 20
17.89435832594772
 10
53.38315542814335
 20
17.922498772551474
 10
53.361989501761194
 20
17.950610094595273
 10
53.34079206026301
 20
17.978693735791918
 10
53.319563959515484
 20
18.00675101990999
 10
53.29830598025798
 20
18.034783162016513
 10
53.277018835148624
 20
18.062791278374792
 10
53.255703174984205
 20
18.09077639519081
 10
53.234359594209714
 20
18.11873945637039
 10
53.21298863581526
 20
18.146681330421572
 10
53.191590795702936
 20
18.174602816616016
 10
53.170166526592
 20
18.202504650505702
 10
53.14871624152158
 20
18.230387508876497
 10
53.12724031700125
 20
18.258252014207706
 10
53.10573909585172
 20
18.286098738697934
 10
53.08421288977275
 20
18.31392820790777
 10
53.062661981670075
 20
18.341740904063883
 10
53.041086627768394
 20
18.369537269062466
 10
53.01948705953459
 20
18.39731770720541
 10
52.99786348543174
 20
18.425082587697904
 10
52.97621609252182
 20
18.452832246933006
 10
52.95454504793324
 20
18.480566990584933
 10
52.93285050020688
 20
18.508287095530914
 10
52.91113258053295
 20
18.535992811618396
 10
52.88939140388937
 20
18.56368436329306
 10
52.867627070091345
 20
18.591361951100627
 10
52.84583966476062
 20
18.619025753074805
 10
52.82402926022175
 20
18.646675926021565
 10
52.80219591633228
 20
18.674312606709464
 10
52.78033968125268
 20
18.70193591297421
 10
52.75846059216159
 20
18.729545944745144
 10
52.73655867592085
 20
18.7571427850004
 10
52.7146339496949
 20
18.78472650065671
 10
52.69268642152836
 20
18.81229714339941
 10
52.670716090885165
 20
18.83985475045757
 10
52.648722949152564
 20
18.86739934532864
 10
52.626706980112615
 20
18.89493093845679
 10
52.60466816038398
 20
18.922449527868388
 10
52.582606459836214
 20
18.949955099768125
 10
52.5605218419788
 20
18.97744762909857
 10
52.53841426432666
 20
19.004927080066224
 10
52.516283678744045
 20
19.03239340663621
 10
52.494130031768435
 20
19.05984655299822
 10
52.4719532649158
 20
19.08728645400543
 10
52.44975331496855
 20
19.114713035588785
 10
52.42753011424758
 20
19.14212621514782
 10
52.40528359086939
 20
19.169525901920156
 10
52.383013668989236
 20
19.196911997330712
 10
52.36072026903154
 20
19.22428439532234
 10
52.33840330790797
 20
19.251642982668905
 10
52.3160626992246
 20
19.278987639272028
 10
52.29369835347823
 20
19.306318238442568
 10
52.2713101782431
 20
19.33363464716783
 10
52.24889807834837
 20
19.360936726365257
 10
52.22646195604686
 20
19.388224331123755
 10
52.20400171117578
 20
19.415497310933127
 10
52.181517241310075
 20
19.442755509902298
 10
52.159008441908114
 20
19.469998766967638
 10
52.136475206451095
 20
19.49722691609106
 10
52.113917426576464
 20
19.524439786448752
 10
52.091334992204516
 20
19.55163720261204
 10
52.06872779166011
 20
19.578818984719284
 10
52.04609571178924
 20
19.60598494864031
 10
52.02343863806968
 20
19.633134906134092
 10
52.000756454718015
 20
19.66026866499882
 10
51.978049044792016
 20
19.687386029215673
 10
51.95531629028814
 20
19.71448679908704
 10
51.93255807223585
 20
19.741570771368217
 10
51.90977427078812
 20
19.76863773939382
 10
51.88696476530754
 20
19.795687493199576
 10
51.86412943445037
 20
19.82271981963817
 10
51.8412681562465
 20
19.849734502491163
 10
51.81838080817622
 20
19.876731322576582
 10
51.7954672672452
 20
19.90371005785144
 10
51.77252741005579
 20
19.930670483511047
 10
51.7495611128755
 20
19.95761237208468
 10
51.72656825170415
 20
19.984535493526664
 10
51.70354870233777
 20
20.011439615304955
 10
51.680502340430216
 20
20.038324502486144
 10
51.65742904155347
 20
20.065189917817012
 10
51.63432868125508
 20
20.09203562180363
 10
51.61120113511362
 20
20.118861372787638
 10
51.58804627879317
 20
20.145666927019157
 10
51.564863988095226
 20
20.17245203872789
 10
51.54165413900904
 20
20.199216460191355
 10
51.51841660776071
 20
20.22595994180087
 10
51.495151270860276
 20
20.252682232125323
 10
51.47185800514745
 20
20.279383077972877
 10
51.44853668783626
 20
20.306062224450308
 10
51.4251871965579
 20
20.332719415020733
 10
51.40180940940242
 20
20.359354391559332
 10
51.37840320495917
 20
20.385966894407286
 10
51.35496846235617
 20
20.412556662423835
 10
51.33150506129803
 20
20.439123433037036
 10
51.308012882103
 20
20.4656669422926
 10
51.284491805738874
 20
20.492186924901358
 10
51.26094171385786
 20
20.518683114285253
 10
51.237362488830456
 20
20.545155242621973
 10
51.21375401377827
 20
20.571603040888224
 10
51.190116172606245
 20
20.598026238901568
 10
51.166448850033525
 20
20.624424565361323
 10
51.14275193162386
 20
20.650797747887978
 10
51.119025303814915
 20
20.67714551306167
 10
51.09526885394715
 20
20.703467586459286
 10
51.07148247029127
 20
20.729763692690977
 10
51.047666042075576
 20
20.75603355543522
 10
51.02381945951234
 20
20.78227689747295
 10
50.99994261382351
 20
20.808493440720916
 10
50.976035397265534
 20
20.8346829062641
 10
50.952097703153925
 20
20.86084501438707
 10
50.928129425886866
 20
20.886979484604637
 10
50.90413046096815
 20
20.913086035691837
 10
50.880100705029896
 20
20.93916438571271
 10
50.856040055854365
 20
20.96521425204864
 10
50.83194841239528
 20
20.99123535142588
 10
50.80782567479879
 20
21.01722739994221
 10
50.78367174442335
 20
21.043190113093356
 10
50.75948652385974
 20
21.06912320579816
 10
50.7352699169503
 20
21.095026392423406
 10
50.711021828807496
 20
21.120899386808105
 10
50.686742165832285
 20
21.14674190228697
 10
50.66243083573197
 20
21.172553651713315
 10
50.63808774753747
 20
21.19833434748158
 10
50.61371281161994
 20
21.224083701549333
 10
50.58930593970767
 20
21.249801425458262
 10
50.564867044901845
 20
21.275487230355196
 10
50.540396041692105
 20
21.30114082701249
 10
50.51589284597206
 20
21.32676192584751
 10
50.491357375053724
 20
21.35235023694241
 10
50.46678954768208
 20
21.377905470062792
 10
50.442189284049256
 20
21.40342733467614
 10
50.41755650580793
 20
21.428915539970003
 10
50.392891136084955
 20
21.45436979486934
 10
50.36819309949402
 20
21.47978980805399
 10
50.343462322148454
 20
21.505175287975227
 10
50.318698731673386
 20
21.53052594287235
 10
50.293902257217624
 20
21.55584148078866
 10
50.26907282946545
 20
21.581121609587036
 10
50.24421038064763
 20
21.60636603696544
 10
50.21931484455267
 20
21.631574470471623
 10
50.1943861565372
 20
21.656746617518028
 10
50.16942425353652
 20
21.681882185395864
 10
50.1444290740745
 20
21.70698088128926
 10
50.119400558273355
 20
21.732042412288873
 10
50.09433864786325
 20
21.757066485405176
 10
50.069243286191195
 20
21.782052807581714
 10
50.04411441823033
 20
21.807001085707604
 10
50.018951990588164
 20
21.831911026630337
 10
49.99375595151523
 20
21.856782337167743
 10
49.96852625091297
 20
21.881614724120134
 10
49.943262840341596
 20
21.90640789428192
 10
49.91796567302781
 20
21.93116155445298
 10
49.892634703871835
 20
21.955875411450002
 10
49.86726988945478
 20
21.980549172117236
 10
49.84187118804544
 20
22.0051825433372
 10
49.81643855960654
 20
22.029775232041366
 10
49.790971965801276
 20
22.054326945220293
 10
49.76547136999958
 20
22.078837389933454
 10
49.739936737283834
 20
22.103306273319177
 10
49.714368034454424
 20
22.127733302604298
 10
49.688765230035386
 20
22.15211818511332
 10
49.66312829427939
 20
22.176460628277795
 10
49.63745719917273
 20
22.200760339645196
 10
49.611751918440305
 20
22.22501702688757
 10
49.58601242754986
 20
22.24923039781034
 10
49.560238703716564
 20
22.273400160360445
 10
49.5344307259072
 20
22.29752602263457
 10
49.50858847484373
 20
22.32160769288739
 10
49.482711933007195
 20
22.345644879539282
 10
49.456801084641526
 20
22.36963729118378
 10
49.43085591575655
 20
22.393584636595296
 10
49.40487641413108
 20
22.41748662473652
 10
49.37886256931624
 20
22.441342964765226
 10
49.35281437263795
 20
22.465153366041548
 10
49.32673181719936
 20
22.4889175381349
 10
49.300614897883534
 20
22.512635190830437
 10
49.27446361135567
 20
22.536306034135574
 10
49.24827795606489
 20
22.55992977828657
 10
49.222057932246344
 20
22.583506133754568
 10
49.19580354192277
 20
22.607034811251815
 10
49.16951478890597
 20
22.630515521737582
 10
49.143191678798324
 20
22.653947976423908
 10
49.11683421899376
 20
22.67733188678141
 10
49.09044241867905
 20
22.70066696454463
 10
49.06401628883448
 20
22.72395292171756
 10
49.037555842234575
 20
22.747189470578963
 10
49.0110610934486
 20
22.770376323687497
 10
48.984532058841125
 20
22.793513193886646
 10
48.95796875657213
 20
22.816599794309727
 10
48.93137120659698
 20
22.839635838384766
 10
48.90473943066681
 20
22.862621039838825
 10
48.878073452327854
 20
22.885555112702928
 10
48.85137329692121
 20
22.908437771316393
 10
48.82463899158253
 20
22.931268730331055
 10
48.797870565241276
 20
22.954047704715556
 10
48.771068048619924
 20
22.976774409759496
 10
48.744231474233246
 20
22.999448561077305
 10
48.71736087638706
 20
23.022069874612306
 10
48.69045629117707
 20
23.04463806664053
 10
48.66351775648794
 20
23.06715285377414
 10
48.636545311991455
 20
23.089613952965365
 10
48.60953899914525
 20
23.112021081509805
 10
48.582498861191006
 20
23.134373957049952
 10
48.55542494315286
 20
23.156672297578364
 10
48.52831729183535
 20
23.178915821441056
 10
48.50117595582131
 20
23.201104247340673
 10
48.474000985470184
 20
23.223237294339217
 10
48.44679243291537
 20
23.24531468186138
 10
48.419550352062046
 20
23.26733612969725
 10
48.392274798584694
 20
23.28930135800515
 10
48.36496582992471
 20
23.31121008731426
 10
48.33762350528751
 20
23.333062038527412
 10
48.31024788563978
 20
23.354856932923674
 10
48.282839033706985
 20
23.376594492160525
 10
48.25539701397001
 20
23.398274438276626
 10
48.22792189266238
 20
23.419896493693948
 10
48.20041373776694
 20
23.441460381220136
 10
48.172872619012765
 20
23.462965824050684
 10
48.145298607871936
 20
23.48441254577094
 10
48.117691777555834
 20
23.50580027035843
 10
48.090052203011965
 20
23.527128722184614
 10
48.06237996092028
 20
23.548397626016904
 10
48.03467512968946
 20
23.569606707020625
 10
48.006937789453396
 20
23.59075569076062
 10
47.979168022067256
 20
23.611844303203156
 10
47.95136591110358
 20
23.63287227071762
 10
47.92353154184838
 20
23.65383932007815
 10
47.89566500129719
 20
23.67474517846512
 10
47.86776637815099
 20
23.69558957346674
 10
47.83983576281183
 20
23.716372233080683
 10
47.8118732473791
 20
23.737092885715118
 10
47.78388270830767
 20
23.757756389952043
 10
47.755881153232636
 20
23.778385481390146
 10
47.727870603120586
 20
23.798982667171337
 10
47.69985102672224
 20
23.819547677048607
 10
47.67182239258476
 20
23.840080241040656
 10
47.64378466905331
 20
23.860580089431878
 10
47.61573782427243
 20
23.881046952772657
 10
47.58768182618737
 20
23.901480561879502
 10
47.55961664254626
 20
23.92188064783473
 10
47.53154224090123
 20
23.942246941986802
 10
47.50345858861021
 20
23.962579175950214
 10
47.4753656528389
 20
23.982877081605245
 10
47.44726340056215
 20
24.003140391098178
 10
47.419151798565856
 20
24.023368836841023
 10
47.39103081344908
 20
24.04356215151126
 10
47.36290041162578
 20
24.063720068051676
 10
47.33476055932671
 20
24.083842319670282
 10
47.30661122260159
 20
24.103928639839825
 10
47.278452367320995
 20
24.123978762297682
 10
47.2502839591785
 20
24.14399242104548
 10
47.222105963693025
 20
24.163969350348598
 10
47.19391834621071
 20
24.18390928473604
 10
47.165721071907534
 20
24.203811958999715
 10
47.137514105791645
 20
24.223677108194032
 10
47.109297412705345
 20
24.243504467635674
 10
47.08107095732774
 20
24.263293772902884
 10
47.05283470417754
 20
24.283044759834752
 10
47.02458861761528
 20
24.30275716453089
 10
46.9963326618458
 20
24.32243072335082
 10
46.96806680092146
 20
24.342065172913046
 10
46.93979099874452
 20
24.361660250094612
 10
46.911505219069795
 20
24.38121569203049
 10
46.883209425507765
 20
24.400731236112673
 10
46.85490358152765
 20
24.420206619989347
 10
46.82658765046005
 20
24.439641581564338
 10
46.79826159550031
 20
24.459035858996074
 10
46.76992537971145
 20
24.478389190696927
 10
46.74157896602743
 20
24.49770131533227
 10
46.71322231725652
 20
24.516971971819522
 10
46.68485539608442
 20
24.536200899327373
 10
46.65647816507803
 20
24.555387837274623
 10
46.628090586688515
 20
24.57453252532948
 10
46.59969262325523
 20
24.593634703408327
 10
46.571284237009145
 20
24.612694111674877
 10
46.54286539007656
 20
24.631710490539078
 10
46.514436044483006
 20
24.650683580656015
 10
46.48599616215693
 20
24.669613122924964
 10
46.45754570493396
 20
24.68849885848805
 10
46.42908463456054
 20
24.70734052872939
 10
46.40061291269836
 20
24.726137875273764
 10
46.37213050092832
 20
24.744890639985577
 10
46.34363736075473
 20
24.763598564967744
 10
46.31513345361007
 20
24.78226139256023
 10
46.28661874085902
 20
24.800878865339136
 10
46.25809318380307
 20
24.819450726115363
 10
46.22955674368532
 20
24.837976717933312
 10
46.201009381694945
 20
24.85645658406978
 10
46.172451058972044
 20
24.874890068032627
 10
46.143881736612485
 20
24.89327691355957
 10
46.11530137567306
 20
24.911616864616747
 10
46.08670993717632
 20
24.929909665397595
 10
46.058107382115736
 20
24.948155060321557
 10
46.0294936714611
 20
24.96635279403263
 10
46.00086876616368
 20
24.984502611398234
 10
45.972232627161674
 20
25.002604257507862
 10
45.94358521538582
 20
25.0206574776717
 10
45.91492649176506
 20
25.038662017419327
 10
45.886256417232005
 20
25.056617622498514
 10
45.857574952729124
 20
25.07452403887371
 10
45.82888205921424
 20
25.092381012724996
 10
45.8001776976668
 20
25.1101882904466
 10
45.77146182909412
 20
25.127945618645537
 10
45.74273441453712
 20
25.145652744140605
 10
45.71399541507721
 20
25.163309413960754
 10
45.68524479184251
 20
25.18091537534393
 10
45.6564825060141
 20
25.198470375735987
 10
45.627708518832925
 20
25.215974162789276
 10
45.59892279160651
 20
25.233426484361395
 10
45.57012528571592
 20
25.250827088513926
 10
45.54131596262241
 20
25.268175723511384
 10
45.512494783874736
 20
25.28547213781991
 10
45.483661711116284
 20
25.302716080106105
 10
45.454816706092075
 20
25.31990729923606
 10
45.4259597306566
 20
25.337045544273963
 10
45.397090746780975
 20
25.35413056448124
 10
45.3682097165607
 20
25.371162109315335
 10
45.33931660222353
 20
25.388139928428657
 10
45.310411366136805
 20
25.40506377166784
 10
45.281493970815866
 20
25.42193338907249
 10
45.252564378931964
 20
25.43874853087435
 10
45.22362255332033
 20
25.455508947496455
 10
45.19466845698858
 20
25.47221438955222
 10
45.1657020531252
 20
25.48886460784454
 10
45.13672330510782
 20
25.5054593533652
 10
45.10773217651182
 20
25.52199837729415
 10
45.07872863111936
 20
25.53848143099862
 10
45.04971263292806
 20
25.554908266032662
 10
45.02068414615978
 20
25.571278634136647
 10
44.99164313527011
 20
25.587592287236518
 10
44.96258956495731
 20
25.603848977443494
 10
44.93352340017152
 20
25.62004845705372
 10
44.90444460612437
 20
25.63619047854782
 10
44.87535314829853
 20
25.652274794590653
 10
44.84624899245726
 20
25.668301158031127
 10
44.81713210465419
 20
25.684269321902093
 10
44.78800245124332
 20
25.700179039420217
 10
44.75885999888882
 20
25.716030063986082
 10
44.72970471457531
 20
25.731822149184215
 10
44.70053656561799
 20
25.747555048783298
 10
44.67135551967301
 20
25.763228516736383
 10
44.642161544747935
 20
25.778842307181282
 10
44.612954609212196
 20
25.794396174441005
 10
44.583734681807975
 20
25.809889873024176
 10
44.55450173166072
 20
25.8253231576258
 10
44.5252557282902
 20
25.840695783127885
 10
44.49599664162147
 20
25.856007504600253
 10
44.46672444199586
 20
25.87125807730154
 10
44.43743910018247
 20
25.886447256680043
 10
44.408140587389255
 20
25.901574798374995
 10
44.378828875274394
 20
25.916640458217785
 10
44.349503935957934
 20
25.931643992233298
 10
44.3201657420334
 20
25.946585156641355
 10
44.29081426657961
 20
25.96146370785827
 10
44.26144948317218
 20
25.97627940249873
 10
44.23207136589585
 20
25.991031997377398
 10
44.202679889356304
 20
26.00572124951103
 10
44.17327502869219
 20
26.02034691612058
 10
44.14385675958745
 20
26.034908754633364
 10
44.114425058283615
 20
26.049406522685466
 10
44.084979901592185
 20
26.06383997812423
 10
44.055521266906936
 20
26.078208879010994
 10
44.026049132216784
 20
26.09251298362375
 10
43.99656347611827
 20
26.106752050460173
 10
43.96706427782811
 20
26.1209258382408
 10
43.937551517196184
 20
26.135034105912226
 10
43.908025174718425
 20
26.149076612650465
 10
43.87848523154974
 20
26.16305311786461
 10
43.84893166951676
 20
26.176963381200665
 10
43.81936447113148
 20
26.190807162545212
 10
43.789783619603966
 20
26.204584222029734
 10
43.76018909885546
 20
26.21829432003487
 10
43.730580893532235
 20
26.23193721719467
 10
43.70095898901823
 20
26.24551267440144
 10
43.67132337144892
 20
26.25902045281041
 10
43.64167402772471
 20
26.272460313844697
 10
43.61201094552406
 20
26.285832019200647
 10
43.582334113317174
 20
26.29913533085315
 10
43.5526435203798
 20
26.31237001106108
 10
43.52293915680656
 20
26.325535822373208
 10
43.49322101352446
 20
26.338632527634182
 10
43.46348908230706
 20
26.35165988999051
 10
43.43374335578761
 20
26.364617672897165
 10
43.403983827472786
 20
26.37750564012412
 10
43.37421049175671
 20
26.39032355576307
 10
43.34442334393455
 20
26.403071184234463
 10
43.314622380216086
 20
26.415748290294793
 10
43.28480759773967
 20
26.42835463904398
 10
43.25497899458577
 20
26.440889995933112
 10
43.22513656979069
 20
26.453354126772325
 10
43.19528032336051
 20
26.465746797738845
 10
43.16541025628439
 20
26.47806777538549
 10
43.13552637054861
 20
26.490316826649106
 10
43.10562866915015
 20
26.502493718859434
 10
43.07571715610996
 20
26.514598219748237
 10
43.04579183648683
 20
26.526630097458533
 10
43.015852716390995
 20
26.538589120554043
 10
42.98589980299742
 20
26.550475058029072
 10
42.95593310455915
 20
26.56228767931854
 10
42.92595263042104
 20
26.574026754308072
 10
42.89595839103269
 20
26.58569205334468
 10
42.86595039796175
 20
26.597283347247455
 10
42.8359286639072
 20
26.608800407318512
 10
42.80589320271239
 20
26.62024300535426
 10
42.77584402937788
 20
26.63161091365696
 10
42.74578116007445
 20
26.642903905046392
 10
42.71570461215589
 20
26.654121752871887
 10
42.685614404171396
 20
26.665264231024672
 10
42.65551055587865
 20
26.676331113950173
 10
42.62539308825575
 20
26.687322176660984
 10
42.595262023513776
 20
26.698237194749787
 10
42.56511738510892
 20
26.709075944402635
 10
42.53495919775448
 20
26.719838202412497
 10
42.504787487432736
 20
26.73052374619305
 10
42.474602281406604
 20
26.74113235379275
 10
42.444403608231475
 20
26.751663803909
 10
42.41419149776634
 20
26.762117875902852
 10
42.383965981185014
 20
26.772494349813755
 10
42.353727090987334
 20
26.782793006374597
 10
42.32347486100993
 20
26.793013627027015
 10
42.29320932643674
 20
26.803155993937033
 10
42.262930523809565
 20
26.81321989001079
 10
42.232638491038486
 20
26.823205098910595
 10
42.20233326741146
 20
26.833111405071342
 10
42.17201489360443
 20
26.84293859371697
 10
42.141683411690806
 20
26.852686450877272
 10
42.11133886515067
 20
26.862354763404994
 10
42.0809812988799
 20
26.871943318993097
 10
42.05061075919899
 20
26.881451906192236
 10
42.02022729386164
 20
26.890880314428546
 10
41.98983095206286
 20
26.900228334021655
 10
41.95942178444712
 20
26.90949575620286
 10
41.92899984311613
 20
26.91868237313355
 10
41.898565181635924
 20
26.927787977923973
 10
41.86811785504426
 20
26.936812364652035
 10
41.837657919857385
 20
26.945755328382415
 10
41.8071854340765
 20
26.95461666518588
 10
41.776700457193954
 20
26.96339617215884
 10
41.74620305019901
 20
26.97209364744304
 10
41.71569327558354
 20
26.980708890245477
 10
41.685171197346946
 20
26.989241700858585
 10
41.65463688100123
 20
26.997691880680456
 10
41.62409039357527
 20
27.00605923223541
 10
41.593531803619
 20
27.014343559194643
 10
41.56296118120735
 20
27.022544666397025
 10
41.532378597943186
 20
27.030662359870234
 10
41.50178412696055
 20
27.038696446851862
 10
41.47117784292727
 20
27.04664673581076
 10
41.440559822047085
 20
27.054513036468542
 10
41.40993014206146
 20
27.062295159821225
 10
41.379288882251096
 20
27.069992918160978
 10
41.34863612343665
 20
27.07760612509808
 10
41.31797194797946
 20
27.08513459558292
 10
41.28729643978173
 20
27.092578145928158
 10
41.25660968428607
 20
27.09993659383099
 10
41.225911768475065
 20
27.107209758395456
 10
41.19520278086978
 20
27.114397460155015
 10
41.16448281152839
 20
27.121499521094986
 10
41.13375195204398
 20
27.128515764675253
 10
41.1030102955421
 20
27.13544601585293
 10
41.07225793667791
 20
27.142290101105125
 10
41.04149497163248
 20
27.149047848451787
 10
41.010721498109234
 20
27.15571908747855
 10
40.97993761532933
 20
27.16230364935966
 10
40.949143424026936
 20
27.168801366880906
 10
40.91833902644394
 20
27.17521207446258
 10
40.887524526324114
 20
27.181535608182436
 10
40.856700028906886
 20
27.187771805798686
 10
40.82586564092052
 20
27.193920506772958
 10
40.79502147057507
 20
27.199981552293217
 10
40.76416762755435
 20
27.20595478529674
 10
40.73330422300799
 20
27.211840050492967
 10
40.70243136954259
 20
27.217637194386356
 10
40.67154918121251
 20
27.223346065299182
 10
40.64065777351034
 20
27.228966513394226
 10
40.60975726335647
 20
27.234498390697475
 10
40.57884776908851
 20
27.239941551120644
 10
40.54792941045016
 20
27.245295850483654
 10
40.51700230857955
 20
27.250561146536985
 10
40.48606658599692
 20
27.25573729898395
 10
40.45512236659204
 20
27.260824169502786
 10
40.424169775611105
 20
27.265821621768644
 10
40.39320893964298
 20
27.270729521475424
 10
40.3622399866051
 20
27.27554773635746
 10
40.33126304572886
 20
27.280276136211015
 10
40.300278247544455
 20
27.284914592915616
 10
40.26928572386528
 20
27.289462980455202
 10
40.238285607771914
 20
27.29392117493905
 10
40.20727803359544
 20
27.29828905462253
 10
40.176263136900445
 20
27.302566499927593
 10
40.14524105446752
 20
27.306753393463058
 10
40.11421192427533
 20
27.31084962004465
 10
40.08317588548209
 20
27.314855066714788
 10
40.05213307840666
 20
27.318769622762115
 10
40.02108364450923
 20
27.322593179740743
 10
39.990027726371565
 20
27.326325631489205
 10
39.95896546767663
 20
27.329966874149175
 10
39.927897013187945
 20
27.333516806183813
 10
39.89682250872855
 20
27.336975328395827
 10
39.8657421011593
 20
27.340342343945238
 10
39.834655938357145
 20
27.343617758366754
 10
39.80356416919258
 20
27.34680147958687
 10
39.772466943506785
 20
27.349893417940578
 10
39.74136441208865
 20
27.352893486187728
 10
39.710256726651146
 20
27.355801599529002
 10
39.67914403980738
 20
27.358617675621538
 10
39.64802650504627
 20
27.361341634594172
 10
39.61690427670781
 20
27.363973399062246
 10
39.58577750995816
 20
27.36651289414204
 10
39.554646360764245
 20
27.368960047464803
 10
39.523510985867894
 20
27.371314789190343
 10
39.49237154275995
 20
27.373577052020195
 10
39.46122818965399
 20
27.37574677121036
 10
39.43008108545945
 20
27.37782388458359
 10
39.39893038975482
 20
27.379808332541252
 10
39.36777626276034
 20
27.381700058074706
 10
39.33661886531053
 20
27.383499006776223
 10
39.30545835882637
 20
27.385205126849453
 10
39.274294905287334
 20
27.386818369119403
 10
39.2431286672031
 20
27.388338687041944
 10
39.21195980758496
 20
27.38976603671282
 10
39.1807884899173
 20
27.391100376876164
 10
39.14961487812849
 20
27.392341668932538
 10
39.11843913656192
 20
27.393489876946443
 10
39.08726142994658
 20
27.394544967653353
 10
39.05608192336775
 20
27.395506910466207
 10
39.02490078223731
 20
27.39637567748141
 10
38.99371817226397
 20
27.397151243484295
 10
38.96253425942338
 20
27.397833585954118
 10
38.93134920992822
 20
27.398422685068425
 10
38.900163190198064
 20
27.39891852370701
 10
38.86897636682903
 20
27.399321087455267
 10
38.8377889065638
 20
27.39963036460703
 10
38.806600976261045
 20
27.399846346166896
 10
38.77541274286513
 20
27.399969025851995
 10
38.7442243733757
 20
27.399998400093217
 10
38.713036034817186
 20
27.39993446803596
 10
38.681847894208445
 20
27.399777231540238
 10
38.650660118532166
 20
27.39952669518037
 10
38.619472874704535
 20
27.399182866244043
 10
38.58828632954483
 20
27.398745754730886
 10
38.55710064974492
 20
27.39821537335048
 10
38.52591600183909
 20
27.39759173751987
 10
38.49473255217381
 20
27.39687486536052
 10
38.463550466877464
 20
27.396064777694722
 10
38.432369911830385
 20
27.395161498041528
 10
38.40119105263475
 20
27.3941650526121
 10
38.37001405458494
 20
27.393075470304574
 10
38.33883908263776
 20
27.3918927826984
 10
38.30766630138281
 20
27.390617024048137
 10
38.27649587501313
 20
27.389248231276767
 10
38.2453279672961
 20
27.3877864439685
 10
38.21416274154419
 20
27.38623170436105
 10
38.18300036058625
 20
27.384584057337417
 10
38.15184098673893
 20
27.382843550417213
 10
38.120684781778145
 20
27.381010233747432
 10
38.0895319069109
 20
27.379084160092788
 10
38.05838252274739
 20
27.377065384825553
 10
38.0272367892734
 20
27.37495396591493
 10
37.996094865822805
 20
27.372749963915943
 10
37.96495691105043
 20
27.370453441957892
 10
37.93382308290525
 20
27.368064465732335
 10
37.90269353860373
 20
27.365583103480624
 10
37.871568434603766
 20
27.363009425981012
 10
37.84044792657869
 20
27.360343506535333
 10
37.80933216939154
 20
27.35758542095523
 10
37.77822131707008
 20
27.354735247547993
 10
37.74711552278169
 20
27.351793067101987
 10
37.71601493880884
 20
27.348758962871663
 10
37.68491971652508
 20
27.34563302056219
 10
37.65383000637104
 20
27.342415328313706
 10
37.62274595783105
 20
27.33910597668518
 10
37.591667719410296
 20
27.335705058637927
 10
37.56059543861188
 20
27.33221266951876
 10
37.52952926191489
 20
27.32862890704279
 10
37.49846933475245
 20
27.324953871275895
 10
37.46741580149028
 20
27.321187664616843
 10
37.43636880540595
 20
27.31733039177914
 10
37.40532848866806
 20
27.31338215977252
 10
37.37429499231642
 20
27.30934307788416
 10
37.34326845624231
 20
27.30521325765963
 10
37.31224901916916
 20
27.300992812883482
 10
37.281236818634085
 20
27.296681859559694
 10
37.250231990969354
 20
27.292280515891747
 10
37.21923467128473
 20
27.287788902262495
 10
37.18824499345014
 20
27.283207141213836
 10
37.15726309007866
 20
27.278535357426072
 10
37.12628909251035
 20
27.273773677697136
 10
37.09532313079615
 20
27.268922230921557
 10
37.0643653336825
 20
27.263981148069238
 10
37.03341582859647
 20
27.258950562164078
 10
37.00247474163125
 20
27.253830608262398
 10
36.97154219753229
 20
27.248621423431214
 10
36.940618319683566
 20
27.243323146726297
 10
36.90970323009492
 20
27.237935919170198
 10
36.878797049389405
 20
27.232459883730066
 10
36.84789989679121
 20
27.226895185295312
 10
36.8170118901144
 20
27.221241970655278
 10
36.78613314575179
 20
27.2155003884767
 10
36.75526377866444
 20
27.2096705892811
 10
36.72440390237158
 20
27.20375272542212
 10
36.6935536289412
 20
27.197746951062783
 10
36.66271306898112
 20
27.19165342215268
 10
36.6318823316302
 20
27.185472296405095
 10
36.60106152455053
 20
27.179203733274107
 10
36.570250753919794
 20
27.172847893931678
 10
36.5394501244243
 20
27.16640494124467
 10
36.508659739252195
 20
27.159875039751874
 10
36.47787970008754
 20
27.15325835564103
 10
36.44711010710486
 20
27.14655505672592
 10
36.41635105896367
 20
27.139765312423336
 10
36.385602652804025
 20
27.132889293730194
 10
36.354864984242354
 20
27.125927173200644
 10
36.324138147367506
 20
27.11887912492317
 10
36.293422234737875
 20
27.111745324497853
 10
36.26271733737838
 20
27.104525949013606
 10
36.232023544778045
 20
27.09722117702545
 10
36.2013409448883
 20
27.089831188531978
 10
36.17066962412142
 20
27.082356164952788
 10
36.14000966734969
 20
27.07479628910611
 10
36.109361157904516
 20
27.06715174518641
 10
36.078724177576596
 20
27.059422718742198
 10
36.04809880661627
 20
27.05160939665398
 10
36.017485123733856
 20
27.043711967112166
 10
35.98688320610113
 20
27.035730619595263
 10
35.956293129352794
 20
27.027665544848173
 10
35.92571496758832
 20
27.01951693486056
 10
35.89514879337433
 20
27.01128498284544
 10
35.86459467774739
 20
27.002969883217883
 10
35.83405269021725
 20
26.99457183157394
 10
35.803522898769984
 20
26.9860910246696
 10
35.773005369872145
 20
26.977527660400057
 10
35.742500168475054
 20
26.968881937779116
 10
35.712007358019214
 20
26.96015405691874
 10
35.68152700043925
 20
26.95134421900876
 10
35.65105915616938
 20
26.94245262629692
 10
35.62060388414898
 20
26.933479482068968
 10
35.59016124182852
 20
26.924424990629028
 10
35.55973128517588
 20
26.915289357280123
 10
35.52931406868301
 20
26.906072788304982
 10
35.4989096453727
 20
26.89677549094697
 10
35.468518066806006
 20
26.887397673391312
 10
35.43813938308975
 20
26.877939544746543
 10
35.407773642884074
 20
26.868401315026038
 10
35.37742089341092
 20
26.85878319513001
 10
35.347081180462204
 20
26.84908539682754
 10
35.3167545484083
 20
26.839308132738875
 10
35.28644104020724
 20
26.82945161631806
 10
35.25614069741381
 20
26.81951606183576
 10
35.225853560188746
 20
26.809501684362218
 10
35.19557966730851
 20
26.799408699750593
 10
35.16531905617525
 20
26.789237324620533
 10
35.135071762826556
 20
26.778987776341847
 10
35.10483782194625
 20
26.768660273018664
 10
35.0746172668746
 20
26.75825503347366
 10
35.044410129618996
 20
26.747772277232517
 10
35.014216440865034
 20
26.737212224508816
 10
34.98403622998758
 20
26.72657509618901
 10
34.953869525061855
 20
26.715861113817677
 10
34.92371635287517
 20
26.705070499583144
 10
34.89357673893856
 20
26.694203476303294
 10
34.86345070749829
 20
26.683260267411512
 10
34.83333828154791
 20
26.67224109694306
 10
34.80323948284052
 20
26.661146189521673
 10
34.77315433190064
 20
26.64997577034628
 10
34.74308284803685
 20
26.63873006517815
 10
34.71302504935437
 20
26.62740930032831
 10
34.68298095276723
 20
26.616013702644914
 10
34.65295057401135
 20
26.60454349950126
 10
34.62293392765722
 20
26.592998918783827
 10
34.59293102712262
 20
26.58138018888051
 10
34.56294188468607
 20
26.56968753866942
 10
34.532966511499765
 20
26.55792119750765
 10
34.50300491760249
 20
26.54608139522027
 10
34.473057111933095
 20
26.534168362089765
 10
34.44312310234393
 20
26.522182328845656
 10
34.4132028956139
 20
26.510123526654205
 10
34.383296497462204
 20
26.49799218710861
 10
34.35340391256183
 20
26.485788542219343
 10
34.323525144552875
 20
26.473512824404594
 10
34.29366019605634
 20
26.461165266481164
 10
34.26380906868759
 20
26.448746101655452
 10
34.233971763070116
 20
26.436255563514734
 10
34.204148278849175
 20
26.423693886018697
 10
34.17433861470556
 20
26.41106130349115
 10
34.14454276836917
 20
26.398358050611975
 10
34.1147607366328
 20
26.385584362409304
 10
34.08499251536591
 20
26.372740474251973
 10
34.05523809952834
 20
26.359826621842124
 10
34.025497483183905
 20
26.346843041208018
 10
33.995770659514264
 20
26.333789968697154
 10
33.96605762083265
 20
26.320667640969564
 10
33.93635835859742
 20
26.307476294991233
 10
33.906672863425754
 20
26.29421616802783
 10
33.8770011251074
 20
26.28088749763865
 10
33.847343132618136
 20
26.26749052167063
 10
33.8176988741334
 20
26.25402547825271
 10
33.788068337041935
 20
26.240492605790365
 10
33.758451507959165
 20
26.226892142960256
 10
33.728848372740714
 20
26.213224328705117
 10
33.69925891649578
 20
26.199489402228856
 10
33.66968312360048
 20
26.185687602991784
 10
33.64012097771126
 20
26.171819170706108
 10
33.61057246177798
 20
26.15788434533148
 10
33.581037558057204
 20
26.143883367070867
 10
33.55151624812542
 20
26.12981647636652
 10
33.522008512891844
 20
26.11568391389607
 10
33.49251433261167
 20
26.101485920568884
 10
33.46303368689878
 20
26.08722273752249
 10
33.43356655473875
 20
26.07289460611929
 10
33.4041129145015
 20
26.058501767943284
 10
33.37467274395403
 20
26.044044464797025
 10
33.34524602027311
 20
26.02952293869883
 10
33.31583272005763
 20
26.014937431879858
 10
33.28643281934118
 20
26.000288186781646
 10
33.25704629360439
 20
25.985575446053602
 10
33.227673117786985
 20
25.970799452550615
 10
33.198313266300275
 20
25.955960449331
 10
33.168966713039154
 20
25.941058679654432
 10
33.13963343139378
 20
25.92609438697987
 10
33.11031339426186
 20
25.911067814963964
 10
33.08100657406028
 20
25.89597920745932
 10
33.05171294273655
 20
25.880828808512824
 10
33.02243247178083
 20
25.865616862364426
 10
32.993165132237266
 20
25.850343613445787
 10
32.96391089471507
 20
25.835009306378915
 10
32.93466972940016
 20
25.819614185975244
 10
32.90544160606629
 20
25.80415849723466
 10
32.87622649408577
 20
25.788642485344436
 10
32.847024362440855
 20
25.773066395678686
 10
32.81783517973447
 20
25.757430473797626
 10
32.788658914200816
 20
25.741734965446902
 10
32.759495533716006
 20
25.72598011655716
 10
32.73034500580875
 20
25.71016617324367
 10
32.70120729767057
 20
25.694293381805977
 10
32.672082376166166
 20
25.67836198872766
 10
32.64297020784379
 20
25.662372240676333
 10
32.613870758944934
 20
25.646324384503355
 10
32.584783995414604
 20
25.63021866724403
 10
32.55570988291101
 20
25.614055336117595
 10
32.52664838681522
 20
25.597834638527353
 10
32.49759947224092
 20
25.58155682206097
 10
32.468563104044
 20
25.565222134490824
 10
32.43953924683168
 20
25.548830823774217
 10
32.410527864971854
 20
25.532383138053852
 10
32.38152892260246
 20
25.515879325658403
 10
32.352542383640056
 20
25.499319635102818
 10
32.32356821178924
 20
25.482704315089165
 10
32.294606370551314
 20
25.466033614507232
 10
32.26565682323273
 20
25.44930778243502
 10
32.23671953295396
 20
25.4325270681397
 10
32.20779446265786
 20
25.41569172107829
 10
32.178881575117934
 20
25.39880199089851
 10
32.1499808329467
 20
25.381858127439628
 10
32.1210921986039
 20
25.364860380733482
 10
32.092215634404205
 20
25.34780900100525
 10
32.06335110252539
 20
25.330704238674546
 10
32.03449856501602
 20
25.313546344356418
 10
32.00565798380319
 20
25.2963355688624
 10
31.976829320699906
 20
25.27907216320151
 10
31.948012537412758
 20
25.261756378581435
 10
31.919207595549242
 20
25.244388466409696
 10
31.89041445662486
 20
25.226968678294682
 10
31.86163308207034
 20
25.209497266046885
 10
31.832863433238643
 20
25.191974481680095
 10
31.804105471411916
 20
25.174400577412634
 10
31.775359157808158
 20
25.156775805668502
 10
31.74662445358809
 20
25.1391004190787
 10
31.717901319861724
 20
25.121374670482517
 10
31.689189717694696
 20
25.103598812928656
 10
31.660489608114812
 20
25.085773099676654
 10
31.63180095211831
 20
25.067897784198134
 10
31.60312371067599
 20
25.049973120178066
 10
31.574457844739243
 20
25.03199936151606
 10
31.545803315246136
 20
25.01397676232771
 10
31.517160083127372
 20
24.99590557694599
 10
31.488528109311815
 20
24.977786059922376
 10
31.459907354732294
 20
24.959618466028246
 10
31.43129778033135
 20
24.941403050256298
 10
31.402699347066328
 20
24.923140067821617
 10
31.374112015915202
 20
24.90482977416322
 10
31.34553574788172
 20
24.886472424945303
 10
31.316970504000395
 20
24.868068276058384
 10
31.288416245341924
 20
24.849617583620788
 10
31.259872933018027
 20
24.83112060397981
 10
31.231340528186433
 20
24.812577593713026
 10
31.20281899205568
 20
24.79398880962954
 10
31.17430828588997
 20
24.7753545087713
 10
31.14580837101369
 20
24.756674948414222
 10
31.117319208816053
 20
24.737950386069507
 10
31.088840760755687
 20
24.719181079484876
 10
31.06037298836469
 20
24.700367286645566
 10
31.03191585325346
 20
24.681509265775823
 10
31.003469317114707
 20
24.66260727533996
 10
30.97503334172717
 20
24.643661574043165
 10
30.94660788896047
 20
24.624672420833186
 10
30.91819292077877
 20
24.605640074901206
 10
30.88978839924419
 20
24.58656479568262
 10
30.861394286521445
 20
24.567446842858597
 10
30.83301054488142
 20
24.548286476357056
 10
30.804637136704244
 20
24.529083956353276
 10
30.77627402448347
 20
24.509839543271248
 10
30.747921170829827
 20
24.490553497784855
 10
30.719578538473904
 20
24.471226080818283
 10
30.69124609027005
 20
24.451857553547296
 10
30.662923789199816
 20
24.432448177400246
 10
30.634611598374793
 20
24.412998214058668
 10
30.606309481040007
 20
24.393507925458294
 10
30.578017400577103
 20
24.37397757378993
 10
30.5497353205072
 20
24.35440742150013
 10
30.521463204493944
 20
24.334797731292042
 10
30.493201016346536
 20
24.315148766126207
 10
30.46494872002239
 20
24.295460789221195
 10
30.436706279629984
 20
24.2757340640543
 10
30.408473659431582
 20
24.255968854362237
 10
30.38025082384599
 20
24.23616542414182
 10
30.35203773745097
 20
24.216324037650455
 10
30.32383436498588
 20
24.19644495940677
 10
30.29564067135421
 20
24.1765284541912
 10
30.267456621625822
 20
24.156574787046388
 10
30.239282181039485
 20
24.136584223277765
 10
30.21111731500516
 20
24.116557028453975
 10
30.18296198910616
 20
24.096493468407267
 10
30.154816169101373
 20
24.076393809233842
 10
30.126679820927457
 20
24.056258317294272
 10
30.098552910700985
 20
24.036087259213872
 10
30.0704354047203
 20
24.015880901882802
 10
30.042327269467606
 20
23.995639512456457
 10
30.014228471611037
 20
23.975363358355708
 10
29.986138978006355
 20
23.955052707267026
 10
29.958058755698772
 20
23.934707827142557
 10
29.92998777192494
 20
23.914328986200413
 10
29.901925994114627
 20
23.89391645292471
 10
29.873873389892257
 20
23.87347049606548
 10
29.845829927078764
 20
23.852991384638834
 10
29.817795573693182
 20
23.832479387926956
 10
29.789770297954107
 20
23.811934775477937
 10
29.7617540682813
 20
23.791357817105762
 10
29.73374685329714
 20
23.770748782890166
 10
29.705748621828178
 20
23.750107943176555
 10
29.677759342906356
 20
23.729435568575678
 10
29.649778985770492
 20
23.7087319299635
 10
29.62180751986764
 20
23.68799729848096
 10
29.593844914854305
 20
23.667231945533626
 10
29.565891140597653
 20
23.646436142791345
 10
29.537946167176823
 20
23.62561016218793
 10
29.510009964884148
 20
23.604754275920815
 10
29.482082504226106
 20
23.583868756450478
 10
29.45416375592459
 20
23.562953876500078
 10
29.426253690917985
 20
23.542009909054965
 10
29.39835228036214
 20
23.521037127362096
 10
29.37045949563137
 20
23.500035804929453
 10
29.342575308319503
 20
23.47900621552547
 10
29.314699690240865
 20
23.457948633178457
 10
29.286832613431027
 20
23.436863332175776
 10
29.25897405014784
 20
23.415750587063226
 10
29.23112397287235
 20
23.394610672644383
 10
29.2032823543093
 20
23.373443863979553
 10
29.175449167388415
 20
23.352250436385294
 10
29.147624385264972
 20
23.33103066543348
 10
29.11980798132013
 20
23.309784826950057
 10
29.091999929162405
 20
23.288513197014698
 10
29.064200202628022
 20
23.267216051959625
 10
29.03640877578123
 20
23.245893668368325
 10
29.00862562291549
 20
23.224546323074954
 10
28.980850718554127
 20
23.203174293163325
 10
28.953084037450328
 20
23.181777855965343
 10
28.925325554588156
 20
23.160357289060233
 10
28.89757524518346
 20
23.138912870273654
 10
28.869833084683535
 20
23.11744487767587
 10
28.84209904876821
 20
23.09595358958093
 10
28.814373113350506
 20
23.0744392845456
 10
28.786655254576598
 20
23.052902241367647
 10
28.758945448826577
 20
23.03134273908479
 10
28.731243672714946
 20
23.00976105697337
 10
28.7035499030908
 20
22.98815747454684
 10
28.675864117038408
 20
22.966532271554435
 10
28.648186291877604
 20
22.94488572797979
 10
28.620516405164008
 20
22.923218124039334
 10
28.59285443468951
 20
22.901529740180877
 10
28.565200358482592
 20
22.8798208570821
 10
28.537554154808586
 20
22.858091755648896
 10
28.50991580216999
 20
22.83634271701383
 10
28.482285279306783
 20
22.81457402253451
 10
28.45466256519677
 20
22.79278595379197
 10
28.427047639055644
 20
22.770978792588846
 10
28.399440480337418
 20
22.74915282094779
 10
28.37184106873462
 20
22.727308321109692
 10
28.344249384178458
 20
22.705445575531858
 10
28.316665406839043
 20
22.68356486688621
 10
28.28908911712562
 20
22.66166647805747
 10
28.261520495686785
 20
22.63975069214131
 10
28.23395952341052
 20
22.617817792442345
 10
28.20640618142449
 20
22.595868062472324
 10
28.17886045109621
 20
22.57390178594816
 10
28.151322314033056
 20
22.551919246789854
 10
28.123791752082482
 20
22.529920729118544
 10
28.09626874733214
 20
22.507906517254447
 10
28.068753282110034
 20
22.485876895714824
 10
28.041245338984513
 20
22.463832149211804
 10
28.013744900764454
 20
22.44177256265029
 10
27.98625195049938
 20
22.419698421125844
 10
27.958766471479446
 20
22.397610009922435
 10
27.931288447235538
 20
22.375507614510227
 10
27.903817861539387
 20
22.35339152054338
 10
27.876354698403645
 20
22.331262013857803
 10
27.848898942081806
 20
22.309119380468747
 10
27.82145057706838
 20
22.28696390656858
 10
27.79400958809892
 20
22.264795878524446
 10
27.766575960150004
 20
22.242615582875825
 10
27.739149678439258
 20
22.220423306332133
 10
27.71173072842541
 20
22.198219335770336
 10
27.684319095808394
 20
22.17600395823252
 10
27.656914766529162
 20
22.153777460923298
 10
27.62951772676983
 20
22.13154013120738
 10
27.60212796295372
 20
22.109292256607088
 10
27.57474546174525
 20
22.08703412479969
 10
27.547370210049937
 20
22.064766023614855
 10
27.52000219501447
 20
22.042488241032057
 10
27.49264140402671
 20
22.020201065178
 10
27.465287824715507
 20
21.9979047843238
 10
27.43794144495086
 20
21.975599686882433
 10
27.410602252843855
 20
21.95328606140602
 10
27.383270236746597
 20
21.930964196583034
 10
27.355945385252177
 20
21.908634381235547
 10
27.328627687194686
 20
21.88629690431648
 10
27.301317131649242
 20
21.86395205490684
 10
27.274013707931797
 20
21.84160012221276
 10
27.246717405599213
 20
21.81924139556274
 10
27.219428214449323
 20
21.796876164404843
 10
27.192146124520526
 20
21.77450471830349
 10
27.16487112609223
 20
21.752127346936927
 10
27.137603209684677
 20
21.729744340094186
 10
27.11034236605838
 20
21.707355987671665
 10
27.083088586214895
 20
21.684962579670795
 10
27.055841861396434
 20
21.66256440619477
 10
27.028602183085415
 20
21.64016175744515
 10
27.001369543005012
 20
21.61775492371927
 10
26.97414393311912
 20
21.595344195407204
 10
26.946925345631694
 20
21.57292986298813
 10
26.919713772987155
 20
21.55051221702754
 10
26.892509207870642
 20
21.528091548174384
 10
26.865311643207207
 20
21.50566814715724
 10
26.838121072162227
 20
21.48324230478149
 10
26.810937488141683
 20
21.460814311926377
 10
26.783760884791327
 20
21.43838445954112
 10
26.75659125599716
 20
21.41595303864205
 10
26.729428595885523
 20
21.393520340309486
 10
26.702272898822592
 20
21.371086655684
 10
26.675124159414654
 20
21.34865227596339
 10
26.647982372508057
 20
21.326217492399287
 10
26.620847533189014
 20
21.3037825962937
 10
26.59371963678371
 20
21.281347878995703
 10
26.566598678858266
 20
21.25891363189805
 10
26.53948465521863
 20
21.236480146433685
 10
26.512377561910554
 20
21.214047714072283
 10
26.48527739521961
 20
21.191616626316836
 10
26.45818415167122
 20
21.16918717470018
 10
26.43109782803044
 20
21.14675965078137
 10
26.40401842130209
 20
21.12433434614225
 10
26.37694592873075
 20
21.101911552383903
 10
26.349880347800624
 20
21.079491561123035
 10
26.322821676235556
 20
21.05707466398836
 10
26.29576991199905
 20
21.034661152617044
 10
26.268725053294297
 20
21.012251318651117
 10
26.241687098564
 20
20.989845453733665
 10
26.214656046490504
 20
20.967443849505294
 10
26.187631895995768
 20
20.945046797600433
 10
26.160614646241317
 20
20.922654589643557
 10
26.133604296628203
 20
20.90026751724547
 10
26.106600846797075
 20
20.87788587199958
 10
26.0796042966282
 20
20.85550994547819
 10
26.05261464624132
 20
20.833140029228545
 10
26.02563189599577
 20
20.81077641476916
 10
25.998656046490503
 20
20.788419393585993
 10
25.971687098563997
 20
20.76606925712852
 10
25.9447250532943
 20
20.7437262968059
 10
25.91776991199905
 20
20.721390803983088
 10
25.890821676235554
 20
20.699063069977015
 10
25.863880347800627
 20
20.6767433860525
 10
25.83694592873075
 20
20.654432043418417
 10
25.810018421302118
 20
20.63212933322378
 10
25.783097828030435
 20
20.609835546553576
 10
25.756184151671196
 20
20.587550974424968
 10
25.729277395219636
 20
20.565275907783224
 10
25.702377561910552
 20
20.543010637497513
 10
25.675484655218607
 20
20.52075545435708
 10
25.648598678858292
 20
20.498510649067114
 10
25.621719636783737
 20
20.476276512244475
 10
25.594847533188986
 20
20.45405333441378
 10
25.56798237250806
 20
20.4318414060033
 10
25.54112415941468
 20
20.40964101734057
 10
25.514272898822565
 20
20.38745245864839
 10
25.48742859588553
 20
20.365276020040742
 10
25.46059125599719
 20
20.34311199151828
 10
25.433760884791273
 20
20.320960662964332
 10
25.406937488141676
 20
20.298822324140662
 10
25.38012107216228
 20
20.27669726468305
 10
25.353311643207157
 20
20.25458577409712
 10
25.326509207870643
 20
20.232488141754065
 10
25.299713772987207
 20
20.2104046568862
 10
25.272925345631645
 20
20.18833560858273
 10
25.24614393311912
 20
20.1662812857854
 10
25.219369543005065
 20
20.144241977284004
 10
25.192602183085366
 20
20.122217971712086
 10
25.165841861396384
 20
20.100209557542534
 10
25.139088586214942
 20
20.07821702308308
 10
25.11234236605838
 20
20.056240656471864
 10
25.085603209684624
 20
20.03428074567297
 10
25.05887112609228
 20
20.012337578471993
 10
25.03214612452053
 20
19.990411442471412
 10
25.005428214449275
 20
19.96850262508612
 10
24.978717405599212
 20
19.946611413538935
 10
24.952013707931798
 20
19.92473809485594
 10
24.925317131649248
 20
19.902882955861887
 10
24.898627687194683
 20
19.881046283175667
 10
24.87194538525217
 20
19.859228363205695
 10
24.8452702367466
 20
19.837429482145136
 10
24.818602252843856
 20
19.81564992596735
 10
24.791941444950886
 20
19.79388998042124
 10
24.765287824715507
 20
19.772149931026377
 10
24.738641404026684
 20
19.75043006306846
 10
24.712002195014495
 20
19.728730661594565
 10
24.685370210049935
 20
19.70705201140816
 10
24.658745461745227
 20
19.685394397064595
 10
24.632127962953746
 20
19.663758102866225
 10
24.605517726769854
 20
19.642143412857425
 10
24.57891476652913
 20
19.620550610819947
 10
24.5523190958084
 20
19.598979980268066
 10
24.52573072842544
 20
19.577431804443485
 10
24.499149678439228
 20
19.5559063663106
 10
24.47257596015001
 20
19.534403948551688
 10
24.446009588098946
 20
19.51292483356165
 10
24.41945057706838
 20
19.49146930344329
 10
24.392898942081803
 20
19.470037640002346
 10
24.366354698403647
 20
19.44863012474232
 10
24.339817861539387
 20
19.427247038859573
 10
24.313288447235536
 20
19.40588866323831
 10
24.28676647147945
 20
19.38455527844541
 10
24.26025195049938
 20
19.3632471647254
 10
24.233744900764453
 20
19.341964601995407
 10
24.20724533898451
 20
19.32070786983994
 10
24.180753282110036
 20
19.299477247505763
 10
24.15426874733214
 20
19.278273013896754
 10
24.12779175208248
 20
19.25709544756876
 10
24.10132231403306
 20
19.235944826724268
 10
24.07486045109621
 20
19.21482142920728
 10
24.048406181424514
 20
19.19372553249806
 10
24.021959523410516
 20
19.172657413707764
 10
23.995520495686765
 20
19.15161734957325
 10
23.969089117125648
 20
19.130605616451778
 10
23.94266540683904
 20
19.109622490315495
 10
23.916249384178432
 20
19.08866824674631
 10
23.889841068734647
 20
19.067743160930444
 10
23.86344048033744
 20
19.04684750765285
 10
23.837047639055616
 20
19.02598156129203
 10
23.81066256519677
 20
19.005145595814568
 10
23.784285279306808
 20
18.984339884769458
 10
23.75791580216996
 20
18.963564701282788
 10
23.731554154808588
 20
18.9428203180523
 10
23.705200358482614
 20
18.92210700734161
 10
23.678854434689512
 20
18.901425040974846
 10
23.65251640516401
 20
18.88077469033109
 10
23.626186291877605
 20
18.860156226338617
 10
23.599864117038404
 20
18.839569919469394
 10
23.5735499030908
 20
18.819016039733484
 10
23.547243672714952
 20
18.79849485667319
 10
23.520945448826573
 20
18.778006639357546
 10
23.494655254576582
 20
18.75755165637659
 10
23.46837311335051
 20
18.737130175835514
 10
23.442099048768213
 20
18.71674246534898
 10
23.415833084683477
 20
18.696388792035393
 10
23.389575245183458
 20
18.676069422511034
 10
23.363325554588222
 20
18.655784622884212
 10
23.337084037450275
 20
18.635534658749464
 10
23.310850718554114
 20
18.61531979518173
 10
23.28462562291554
 20
18.595140296730346
 10
23.258408775781184
 20
18.574996427413186
 10
23.232200202627972
 20
18.554888450710774
 10
23.20599992916245
 20
18.534816629560247
 10
23.17980798132013
 20
18.514781226349374
 10
23.15362438526492
 20
18.49478250291057
 10
23.12744916738847
 20
18.474820720514938
 10
23.101282354309312
 20
18.45489613986603
 10
23.075123972872298
 20
18.435009021093936
 10
23.048974050147862
 20
18.415159623749183
 10
23.022832613431024
 20
18.395348206796438
 10
22.996699690240845
 20
18.37557502860855
 10
22.970575308319525
 20
18.355840346960356
 10
22.94445949563137
 20
18.336144419022325
 10
22.918352280362118
 20
18.31648750135453
 10
22.892253690918007
 20
18.296869849900382
 10
22.866163755924614
 20
18.277291719980212
 10
22.840082504226075
 20
18.257753366285137
 10
22.81400996488415
 20
18.238255042870822
 10
22.78794616717685
 20
18.218797003150886
 10
22.761891140597623
 20
18.199379499890735
 10
22.735844914854308
 20
18.18000278520127
 10
22.709807519867674
 20
18.160667110532223
 10
22.68377898577049
 20
18.14137272666592
 10
22.657759342906353
 20
18.122119883710887
 10
22.63174862182818
 20
18.102908831095178
 10
22.60574685329714
 20
18.08373981756006
 10
22.579754068281296
 20
18.064613091153458
 10
22.55377029795411
 20
18.045528899223363
 10
22.527795573693183
 20
18.026487488411348
 10
22.501829927078763
 20
18.00748910464597
 10
22.475873389892254
 20
17.98853399313617
 10
22.44992599411463
 20
17.969622398364603
 10
22.42398777192494
 20
17.950754564081052
 10
22.39805875569877
 20
17.93193073329583
 10
22.372138978006358
 20
17.913151148272906
 10
22.34622847161104
 20
17.894416050523336
 10
22.320327269467604
 20
17.875725680798595
 10
22.294435404720296
 20
17.85708027908368
 10
22.268552910700986
 20
17.83848008459037
 10
22.242679820927457
 20
17.81992533575055
 10
22.21681616910137
 20
17.80141627020934
 10
22.190961989106164
 20
17.7829531248182
 10
22.165117315005162
 20
17.764536135628166
 10
22.139282181039512
 20
17.74616553788304
 10
22.11345662162582
 20
17.727841566012327
 10
22.087640671354187
 20
17.7095644536245
 10
22.061834364985913
 20
17.691334433500057
 10
22.036037737450968
 20
17.673151737584433
 10
22.01025082384596
 20
17.655016596981266
 10
21.9844736594316
 20
17.636929241945353
 10
21.958706279629983
 20
17.61888990187549
 10
21.932948720022377
 20
17.600898805307697
 10
21.90720101634657
 20
17.582956179908166
 10
21.881463204493976
 20
17.56506225246606
 10
21.855735320507165
 20
17.547217248886607
 10
21.830017400577105
 20
17.529421394184112
 10
21.804309481040033
 20
17.511674912474625
 10
21.77861159837476
 20
17.49397802696903
 10
21.752923789199816
 20
17.476330959966013
 10
21.727246090270075
 20
17.458733932844723
 10
21.70157853847386
 20
17.44118716605778
 10
21.67592117082983
 20
17.42369087912418
 10
21.650274024483522
 20
17.406245290622028
 10
21.624637136704184
 20
17.38885061818143
 10
21.599010544881406
 20
17.37150707847739
 10
21.57339428652151
 20
17.35421488722249
 10
21.547788399244144
 20
17.33697425915981
 10
21.5221929207787
 20
17.31978540805575
 10
21.496607888960522
 20
17.30264854669275
 10
21.471033341727185
 20
17.285563886862125
 10
21.44546931711466
 20
17.268531639356834
 10
21.419915853253507
 20
17.251552013964353
 10
21.394372988364694
 20
17.23462521945932
 10
21.368840760755628
 20
17.217751463596404
 10
21.34331920881607
 20
17.200930953103104
 10
21.31780837101368
 20
17.184163893672395
 10
21.292308285889955
 20
17.167450489955666
 10
21.26681899205571
 20
17.150790945555443
 10
21.241340528186416
 20
17.13418546301802
 10
21.215872933018012
 20
17.11763424382653
 10
21.190416245341957
 20
17.10113748839352
 10
21.164970504000415
 20
17.08469539605371
 10
21.139535747881702
 20
17.068308165056987
 10
21.114112015915236
 20
17.051975992561097
 10
21.088699347066328
 20
17.03569907462438
 10
21.063297780331297
 20
17.0194776061987
 10
21.03790735473232
 20
17.003311781122335
 10
21.012528109311837
 20
16.987201792112636
 10
20.98716008312737
 20
16.97114783075899
 10
20.961803315246154
 20
16.955150087515797
 10
20.936457844739234
 20
16.939208751695148
 10
20.91112371067595
 20
16.923324011459826
 10
20.885800952118316
 20
16.907496053816338
 10
20.860489608114836
 20
16.89172506460767
 10
20.835189717694696
 20
16.876011228506343
 10
20.809901319861723
 20
16.860354729007437
 10
20.784624453588112
 20
16.844755748421534
 10
20.75935915780815
 20
16.82921446786777
 10
20.734105471411887
 20
16.81373106726693
 10
20.70886343323865
 20
16.79830572533453
 10
20.68363308207035
 20
16.782938619573894
 10
20.65841445662486
 20
16.767629926269354
 10
20.63320759554924
 20
16.752379820479455
 10
20.608012537412776
 20
16.73718847603015
 10
20.582829320699883
 20
16.72205606550801
 10
20.55765798380316
 20
16.70698276025364
 10
20.53249856501605
 20
16.691968730354958
 10
20.5073511025254
 20
16.677014144640523
 10
20.482215634404206
 20
16.662119170673073
 10
20.45709219860391
 20
16.647283974742923
 10
20.431980832946724
 20
16.632508721861505
 10
20.406881575117893
 20
16.617793575754945
 10
20.38179446265784
 20
16.60313869885773
 10
20.35671953295399
 20
16.5885442523063
 10
20.331656823232727
 20
16.57401039593281
 10
20.30660637055133
 20
16.559537288259044
 10
20.28156821178926
 20
16.545125086490074
 10
20.256542383640006
 20
16.530773946508322
 10
20.23152892260244
 20
16.516484022867537
 10
20.206527864971896
 20
16.50225546878672
 10
20.181539246831676
 20
16.4880884361444
 10
20.156563104044032
 20
16.473983075472788
 10
20.13159947224094
 20
16.459939535951953
 10
20.106648386815152
 20
16.44595796540426
 10
20.081709882910992
 20
16.43203851028884
 10
20.056783995414655
 20
16.41818131569592
 10
20.03187075894496
 20
16.40438652534155
 10
20.00697020784379
 20
16.39065428156231
 10
19.98208237616617
 20
16.37698472530996
 10
19.957207297670536
 20
16.363377996146383
 10
19.932345005808745
 20
16.34983423223849
 10
19.907495533716002
 20
16.336353570353282
 10
19.882658914200803
 20
16.322936145853063
 10
19.85783517973448
 20
16.30958209269062
 10
19.833024362440867
 20
16.296291543404596
 10
19.80822649408575
 20
16.283064629114953
 10
19.78344160606624
 20
16.269901479518552
 10
19.758669729400175
 20
16.256802222884907
 10
19.7339108947151
 20
16.24376698605192
 10
19.709165132237278
 20
16.230795894421775
 10
19.684432471780838
 20
16.217889071957103
 10
19.659712942736537
 20
16.205046641177123
 10
19.63500657406025
 20
16.19226872315383
 10
19.610313394261876
 20
16.17955543750858
 10
19.585633431393795
 20
16.166906902408602
 10
19.560966713039154
 20
16.154323234563673
 10
19.53631326630029
 20
16.141804549223014
 10
19.511673117786973
 20
16.129350960172278
 10
19.487046293604354
 20
16.116962579730615
 10
19.46243281934118
 20
16.10463951874806
 10
19.437832720057663
 20
16.09238188660293
 10
19.41324602027311
 20
16.08018979119934
 10
19.38867274395403
 20
16.068063338965114
 10
19.3641129145015
 20
16.056002634849577
 10
19.339566554738738
 20
16.044007782321636
 10
19.315033686898765
 20
16.032078883368104
 10
19.29051433261169
 20
16.02021603849209
 10
19.266008512891876
 20
16.00841934671152
 10
19.241516248125397
 20
15.996688905557974
 10
19.21703755805722
 20
15.985024811075714
 10
19.19257246177797
 20
15.973427157820613
 10
19.168120977711226
 20
15.961896038859638
 10
19.1436831236005
 20
15.950431545770378
 10
19.1192589164958
 20
15.939033768640591
 10
19.094848372740714
 20
15.927702796068246
 10
19.070451507959184
 20
15.916438715161604
 10
19.046068337041934
 20
15.905241611539438
 10
19.02169887413337
 20
15.894111569331617
 10
18.997343132618113
 20
15.883048671179825
 10
18.973001125107405
 20
15.87205299823841
 10
18.948672863425774
 20
15.861124630175599
 10
18.924358358597416
 20
15.85026364517483
 10
18.90005762083267
 20
15.839470119936344
 10
18.875770659514266
 20
15.828744129678931
 10
18.85149748318386
 20
15.818085748142021
 10
18.827238099528337
 20
15.807495047587942
 10
18.802992515365936
 20
15.796972098804314
 10
18.7787607366328
 20
15.78651697110687
 10
18.754542768369188
 20
15.776129732342405
 10
18.730338614705566
 20
15.76581044889187
 10
18.706148278849163
 20
15.755559185673945
 10
18.681971763070123
 20
15.745376006148671
 10
18.65780906868759
 20
15.735260972321292
 10
18.63366019605633
 20
15.725214144746563
 10
18.60952514455291
 20
15.715235582533161
 10
18.585403912561866
 20
15.705325343348271
 10
18.561296497462187
 20
15.695483483422606
 10
18.53720289561387
 20
15.685710057555657
 10
18.513123102343897
 20
15.67600511912099
 10
18.48905711193309
 20
15.666368720072128
 10
18.46500491760252
 20
15.65680091094849
 10
18.44096651149978
 20
15.647301740881531
 10
18.41694188468609
 20
15.63787125760146
 10
18.392931027122586
 20
15.628509507443887
 10
18.368933927657153
 20
15.619216535356884
 10
18.344950574011364
 20
15.609992384908399
 10
18.32098095276728
 20
15.600837098293798
 10
18.297025049354403
 20
15.59175071634374
 10
18.273082848036864
 20
15.58273327853236
 10
18.249154331900584
 20
15.573784822985715
 10
18.225239482840486
 20
15.564905386490448
 10
18.201338281547898
 20
15.556095004502772
 10
18.177450707498263
 20
15.547353711157822
 10
18.153576738938614
 20
15.538681539279128
 10
18.12971635287522
 20
15.5300785203884
 10
18.10586952506182
 20
15.521544684715739
 10
18.082036229987544
 20
15.513080061209983
 10
18.058216440865024
 20
15.504684677549328
 10
18.034410129619
 20
15.496358560152359
 10
18.01061726687462
 20
15.488101734189193
 10
17.986837821946278
 20
15.479914223593038
 10
17.96307176282655
 20
15.471796051071962
 10
17.939319056175208
 20
15.463747238120956
 10
17.915579667308528
 20
15.455767805034277
 10
17.891853560188736
 20
15.447857770918045
 10
17.868140697413814
 20
15.440017153703192
 10
17.844441040207265
 20
15.432245970158547
 10
17.82075454840827
 20
15.4245442359043
 10
17.797081180462158
 20
15.41691196542574
 10
17.773420893410943
 20
15.409349172087204
 10
17.74977364288409
 20
15.401855868146292
 10
17.726139383089723
 20
15.394432064768402
 10
17.70251806680603
 20
15.387077772041515
 10
17.67890964537273
 20
15.37979299899116
 10
17.655314068682987
 20
15.372577753595689
 10
17.631731285175874
 20
15.36543204280192
 10
17.60816124182852
 20
15.358355872540791
 10
17.584603884148972
 20
15.351349247743432
 10
17.56105915616937
 20
15.344412172357465
 10
17.537527000439212
 20
15.337544649363466
 10
17.514007358019185
 20
15.330746680791755
 10
17.490500168475094
 20
15.324018267739351
 10
17.467005369872183
 20
15.317359410387148
 10
17.443522898769984
 20
15.310770108017394
 10
17.420052690217247
 20
15.304250359031293
 10
17.39659467774741
 20
15.29780016096689
 10
17.373148793374327
 20
15.29141951051712
 10
17.34971496758828
 20
15.285108403548037
 10
17.3262931293528
 20
15.278866835117373
 10
17.302883206101157
 20
15.272694799493106
 10
17.279485123733856
 20
15.26659229017232
 10
17.256098806616286
 20
15.260559299900258
 10
17.232724177576618
 20
15.254595820689467
 10
17.209361157904475
 20
15.248701843839214
 10
17.186009667349666
 20
15.242877359954957
 10
17.162669624121442
 20
15.237122358968044
 10
17.139340944888303
 20
15.231436830155534
 10
17.11602354477804
 20
15.225820762160158
 10
17.09271733737838
 20
15.22027414301041
 10
17.0694222347379
 20
15.21479696014077
 10
17.04613814736748
 20
15.209389200412026
 10
17.022864984242325
 20
15.204050850131765
 10
16.999602652804054
 20
15.198781895074852
 10
16.976351058963672
 20
15.193582320504113
 10
16.95311010710488
 20
15.188452111191086
 10
16.929879700087543
 20
15.183391251436763
 10
16.90665973925215
 20
15.178399725092511
 10
16.883450124424307
 20
15.173477515580984
 10
16.860250753919807
 20
15.168624605917088
 10
16.83706152455051
 20
15.163840978729052
 10
16.81388233163021
 20
15.159126616279448
 10
16.79071306898112
 20
15.154481500486252
 10
16.767553628941187
 20
15.149905612943986
 10
16.74440390237158
 20
15.145398934944804
 10
16.72126377866445
 20
15.140961447499528
 10
16.6981331457518
 20
15.1365931313588
 10
16.675011890114412
 20
15.132293967034109
 10
16.6518998967912
 20
15.128063934818776
 10
16.628797049389384
 20
15.123903014808974
 10
16.60570323009492
 20
15.1198111869246
 10
16.582618319683576
 20
15.115788430930188
 10
16.559542197532288
 20
15.11183472645562
 10
16.536474741631274
 20
15.107950053016861
 10
16.513415828596457
 20
15.104134390036542
 10
16.49036533368247
 20
15.10038771686445
 10
16.46732313079613
 20
15.096710012797914
 10
16.444289092510353
 20
15.093101257102028
 10
16.42126309007869
 20
15.089561429029786
 10
16.398244993450163
 20
15.086090507842023
 10
16.37523467128474
 20
15.082688472827215
 10
16.352231990969322
 20
15.079355303321154
 10
16.329236818634072
 20
15.07609097872636
 10
16.306249019169158
 20
15.07289547853135
 10
16.283268456242297
 20
15.069768782329724
 10
16.260294992316453
 20
15.066710869839007
 10
16.237328488668062
 20
15.063721720919279
 10
16.214368805405925
 20
15.06080131559159
 10
16.191415801490297
 20
15.057949634056111
 10
16.168469334752437
 20
15.055166656710046
 10
16.145529261914884
 20
15.052452364165283
 10
16.122595438611885
 20
15.049806737265769
 10
16.09966771941031
 20
15.047229757104606
 10
16.07674595783107
 20
15.04472140504085
 10
16.053830006371015
 20
15.042281662716022
 10
16.03091971652507
 20
15.039910512070307
 10
16.008014938808852
 20
15.037607935358412
 10
15.985115522781689
 20
15.035373915165117
 10
15.962221317070085
 20
15.03320843442048
 10
15.939332169391548
 20
15.0311114764147
 10
15.91644792657868
 20
15.029083024812628
 10
15.893568434603756
 20
15.027123063667887
 10
15.870693538603721
 20
15.02523157743666
 10
15.847823082905245
 20
15.02340855099105
 10
15.824956911050444
 20
15.021653969632098
 10
15.802094865822802
 20
15.019967819102376
 10
15.779236789273396
 20
15.018350085598176
 10
15.756382522747392
 20
15.016800755781304
 10
15.733531906910864
 20
15.015319816790424
 10
15.710684781778143
 20
15.013907256252015
 10
15.687840986738955
 20
15.012563062290866
 10
15.665000360586266
 20
15.011287223540144
 10
15.64216274154419
 20
15.010079729151002
 10
15.619327967296096
 20
15.008940568801762
 10
15.596495875013137
 20
15.007869732706627
 10
15.573666301382774
 20
15.006867211623913
 10
15.550839082637761
 20
15.005932996863834
 10
15.528014054584967
 20
15.00506708029583
 10
15.505191052634748
 20
15.004269454355367
 10
15.482369911830382
 20
15.003540112050306
 10
15.459550466877483
 20
15.002879046966761
 10
15.436732552173806
 20
15.002286253274477
 10
15.413916001839075
 20
15.001761725731711
 10
15.391100649744919
 20
15.001305459689608
 10
15.36828632954483
 20
15.000917451096107
 10
15.345472874704534
 20
15.000597696499312
 10
15.322660118532161
 20
15.000346193050397
 10
15.29984789420844
 20
15.000162938505959
 10
15.277036034817185
 20
15.000047931229915
 10
15.254224373375703
 20
15.00000117019485
 10
15.231412742865128
 20
15.000022654982892
 10
15.208600976261046
 20
15.000112385786043
 10
15.185788906563802
 20
15.000270363406042
 10
15.162976366829033
 20
15.000496589253665
 10
15.140163190198061
 20
15.00079106534757
 10
15.117349209928223
 20
15.001153794312607
 10
15.094534259423382
 20
15.001584779377627
 10
15.07171817226397
 20
15.00208402437277
 10
15.048900782237316
 20
15.002651533726286
 10
15.026081923367748
 20
15.003287312460806
 10
15.003261429946575
 20
15.003991366189172
 10
14.980439136561905
 20
15.00476370110971
 10
14.957614878128492
 20
15.005604324001041
 10
14.9347884899173
 20
15.006513242216421
 10
14.911959807584967
 20
15.007490463677541
 10
14.889128667203103
 20
15.008535996867895
 10
14.866294905287337
 20
15.009649850825635
 10
14.843458358826378
 20
15.010832035135977
 10
14.820618865310514
 20
15.012082559923122
 10
14.797776262760333
 20
15.0134014358417
 10
14.774930389754823
 20
15.014788674067802
 10
14.752081085459452
 20
15.016244286289503
 10
14.729228189653991
 20
15.017768284696967
 10
14.706371542759948
 20
15.019360681972103
 10
14.683510985867878
 20
15.021021491277796
 10
14.660646360764233
 20
15.022750726246699
 10
14.637777509958179
 20
15.024548400969593
 10
14.614904276707811
 20
15.026414529983349
 10
14.592026505046274
 20
15.028349128258498
 10
14.569144039807389
 20
15.03035221118635
 10
14.54625672665115
 20
15.03242379456577
 10
14.523364412088632
 20
15.03456389458955
 10
14.500466943506769
 20
15.0367725278304
 10
14.477564169192616
 20
15.039049711226593
 10
14.454655938357178
 20
15.041395462067225
 10
14.431742101159285
 20
15.043809797977126
 10
14.40882250872853
 20
15.046292736901453
 10
14.385897013187952
 20
15.048844297089953
 10
14.362965467676617
 20
15.051464497080858
 10
14.340027726371567
 20
15.054153355684502
 10
14.31708364450926
 20
15.056910891966638
 10
14.29413307840667
 20
15.059737125231443
 10
14.27117588548208
 20
15.062632075004245
 10
14.248211924275315
 20
15.065595761013974
 10
14.225241054467519
 20
15.068628203175333
 10
14.202263136900433
 20
15.071729421570769
 10
14.179278033595441
 20
15.074899436432112
 10
14.156285607771943
 20
15.078138268122053
 10
14.133285723865294
 20
15.081445937115369
 10
14.110278247544443
 20
15.084822463979918
 10
14.087263045728848
 20
15.088267869357463
 10
14.064239986605102
 20
15.091782173944278
 10
14.041208939642964
 20
15.095365398471596
 10
14.018169775611101
 20
15.099017563685827
 10
13.995122366592044
 20
15.102738690328703
 10
13.972066585996915
 20
15.106528799117186
 10
13.94900230857956
 20
15.11038791072329
 10
13.925929410450154
 20
15.114316045753746
 10
13.902847769088496
 20
15.118313224729544
 10
13.879757263356474
 20
15.122379468065404
 10
13.856657773510364
 20
15.126514796049097
 10
13.833549181212517
 20
15.130719228820688
 10
13.810431369542577
 20
15.134992786351713
 10
13.787304223007997
 20
15.139335488424322
 10
13.764167627554347
 20
15.143747354610277
 10
13.741021470575081
 20
15.14822840424997
 10
13.71786564092055
 20
15.15277865643139
 10
13.694700028906874
 20
15.157398129969042
 10
13.671524526324088
 20
15.162086843382859
 10
13.648339026443926
 20
15.16684481487711
 10
13.625143424026945
 20
15.171672062319303
 10
13.601937615329323
 20
15.176568603219117
 10
13.57872149810924
 20
15.181534454707304
 10
13.555494971632509
 20
15.186569633514665
 10
13.532257936677876
 20
15.191674155951084
 10
13.509010295542074
 20
15.196848037884507
 10
13.48575195204399
 20
15.202091294720105
 10
13.462482811528398
 20
15.20740394137946
 10
13.439202780869799
 20
15.21278599227973
 10
13.415911768475073
 20
15.218237461313048
 10
13.392609684286056
 20
15.223758361825908
 10
13.369296439781717
 20
15.229348706598664
 10
13.345971947979455
 20
15.235008507825224
 10
13.322636123436633
 20
15.240737777092683
 10
13.29928888225113
 20
15.246536525361247
 10
13.275930142061496
 20
15.25240476294423
 10
13.252559822047075
 20
15.258342499488137
 10
13.229177842927255
 20
15.264349743952955
 10
13.205784126960515
 20
15.270426504592592
 10
13.182378597943178
 20
15.2765727889354
 10
13.158961181207392
 20
15.282788603764992
 10
13.135531803619015
 20
15.289073955101124
 10
13.112090393575262
 20
15.29542884818072
 10
13.08863688100124
 20
15.3018532874393
 10
13.065171197346915
 20
15.30834727649232
 10
13.041693275583505
 20
15.314910818116829
 10
13.018203050199036
 20
15.321543914233409
 10
12.994700457193975
 20
15.328246565888222
 10
12.971185434076494
 20
15.335018773235234
 10
12.947657919857395
 20
15.341860535518727
 10
12.924117855044269
 20
15.348771851056071
 10
12.900565181635875
 20
15.35575271722061
 10
12.876999843116133
 20
15.362803130424783
 10
12.85342178444719
 20
15.36992308610365
 10
12.82983095206285
 20
15.377112578698469
 10
12.80622729386161
 20
15.384371601640517
 10
12.782610759199002
 20
15.391700147335314
 10
12.758981298879892
 20
15.399098207146967
 10
12.73533886515066
 20
15.406565771382766
 10
12.711683411690803
 20
15.4141028292781
 10
12.688014893604448
 20
15.421709368981567
 10
12.664333267411468
 20
15.429385377540427
 10
12.640638491038462
 20
15.437130840886216
 10
12.61693052380956
 20
15.444945743820668
 10
12.593209326436726
 20
15.452830070001934
 10
12.569474861009923
 20
15.460783801931093
 10
12.545727090987347
 20
15.468806920938771
 10
12.521965981185037
 20
15.47689940717224
 10
12.498191497766333
 20
15.485061239582695
 10
12.474403608231471
 20
15.493292395912768
 10
12.450602281406598
 20
15.50159285268439
 10
12.426787487432694
 20
15.509962585186923
 10
12.40295919775449
 20
15.518401567465492
 10
12.379117385108948
 20
15.526909772309732
 10
12.355262023513756
 20
15.535487171242675
 10
12.331393088255767
 20
15.544133734509956
 10
12.307510555878663
 20
15.552849431069458
 10
12.283614404171372
 20
15.561634228580964
 10
12.259704612155847
 20
15.570488093396232
 10
12.235781160074502
 20
15.579410990549444
 10
12.211844029377913
 20
15.588402883747783
 10
12.187893202712354
 20
15.597463735362307
 10
12.163928663907214
 20
15.606593506419117
 10
12.139950397961764
 20
15.61579215659097
 10
12.115958391032672
 20
15.625059644188902
 10
12.091952630421053
 20
15.634395926154198
 10
12.067933104559177
 20
15.643800958050818
 10
12.043899802997398
 20
15.653274694057888
 10
12.019852716390973
 20
15.662817086962562
 10
11.995791836486845
 20
15.672428088153069
 10
11.97171715610996
 20
15.682107647612252
 10
11.947628669150161
 20
15.691855713911053
 10
11.92352637054866
 20
15.70167223420249
 10
11.899410256284375
 20
15.711557154215864
 10
11.87528032336046
 20
15.721510418251171
 10
11.851136569790674
 20
15.731531969173815
 10
11.826978994585753
 20
15.741621748409575
 10
11.802807597739706
 20
15.751779695939828
 10
11.778622380216135
 20
15.762005750297035
 10
11.754423343934523
 20
15.772299848560458
 10
11.730210491756706
 20
15.782661926352063
 10
11.70598382747278
 20
15.793091917832907
 10
11.68174335578759
 20
15.803589755699512
 10
11.657489082307118
 20
15.81415537118053
 10
11.633221013524517
 20
15.824788694033803
 10
11.608939156806539
 20
15.835489652543508
 10
11.584643520379762
 20
15.846258173517594
 10
11.560334113317143
 20
15.857094182285369
 10
11.536010945524035
 20
15.867997602695525
 10
11.511674027724746
 20
15.878968357114175
 10
11.487323371448998
 20
15.890006366423165
 10
11.462958989018215
 20
15.901111550018715
 10
11.438580893532194
 20
15.91228382581011
 10
11.414189098855493
 20
15.92352311021876
 10
11.389783619603927
 20
15.934829318177435
 10
11.365364471131507
 20
15.946202363129537
 10
11.340931669516813
 20
15.957642157028882
 10
11.316485231549692
 20
15.969148610339513
 10
11.292025174718407
 20
15.980721632035568
 10
11.267551517196178
 20
15.992361129601669
 10
11.243064277828104
 20
16.004067009033307
 10
11.218563476118268
 20
16.01583917483741
 10
11.194049132216835
 20
16.02767753003312
 10
11.169521266906942
 20
16.039581976152892
 10
11.144979901592137
 20
16.051552413243527
 10
11.120425058283612
 20
16.063588739867555
 10
11.095856759587447
 20
16.0756908531048
 10
11.071275028692181
 20
16.08785864855401
 10
11.04667988935629
 20
16.100092020334753
 10
11.022071365895854
 20
16.112390861089395
 10
10.997449483172197
 20
16.124755061985333
 10
10.972814266579611
 20
16.137184512717383
 10
10.948165742033403
 20
16.149679101510195
 10
10.923503935957932
 20
16.162238715120886
 10
10.898828875274393
 20
16.174863238842008
 10
10.874140587389249
 20
16.187552556504357
 10
10.84943910018248
 20
16.2003065504801
 10
10.824724441995865
 20
16.21312510168606
 10
10.799996641621469
 20
16.2260080895871
 10
10.775255728290198
 20
16.238955392199635
 10
10.750501731660716
 20
16.251966886095172
 10
10.725734681807975
 20
16.265042446404227
 10
10.700954609212179
 20
16.27818194682017
 10
10.676161544747938
 20
16.29138525960321
 10
10.651355519673029
 20
16.304652255584703
 10
10.62653656561799
 20
16.317982804171216
 10
10.601704714575312
 20
16.331376773349003
 10
10.576859998888821
 20
16.344834029688514
 10
10.552002451243322
 20
16.358354438348954
 10
10.527132104654221
 20
16.371937863083005
 10
10.502248992457261
 20
16.385584166241685
 10
10.477353148298509
 20
16.399293208779177
 10
10.452444606124377
 20
16.41306485025785
 10
10.427523400171516
 20
16.426898948853484
 10
10.402589564957296
 20
16.440795361360333
 10
10.37764313527014
 20
16.454753943196415
 10
10.35268414615981
 20
16.468774548409005
 10
10.32771263292803
 20
16.482857029680048
 10
10.302728631119354
 20
16.497001238331613
 10
10.277732176511822
 20
16.511207024331615
 10
10.252723305107825
 20
16.525474236299527
 10
10.227702053125228
 20
16.539802721512128
 10
10.202668456988611
 20
16.554192325909288
 10
10.177622553320312
 20
16.568642894100034
 10
10.152564378931938
 20
16.583154269368436
 10
10.127493970815863
 20
16.597726293679692
 10
10.102411366136778
 20
16.612358807686256
 10
10.077316602223561
 20
16.62705165073395
 10
10.052209716560757
 20
16.641804660868402
 10
10.027090746780932
 20
16.656617674841108
 10
10.001959730656584
 20
16.67149052811587
 10
9.976816706092052
 20
16.68642305487537
 10
9.95166171111623
 20
16.701415088027353
 10
9.926494783874794
 20
16.71646645921125
 10
9.90131596262247
 20
16.731576998804865
 10
9.87612528571589
 20
16.746746535930832
 10
9.850922791606486
 20
16.76197489846315
 10
9.825708518832915
 20
16.77726191303414
 10
9.800482506014081
 20
16.792607405041068
 10
9.775244791842542
 20
16.808011198652743
 10
9.74999541507728
 20
16.823473116816526
 10
9.724734414537089
 20
16.838992981265076
 10
9.699461829094073
 20
16.854570612523155
 10
9.6741776976668
 20
16.870205829914713
 10
9.648882059214202
 20
16.885898451569606
 10
9.623574952729143
 20
16.901648294430625
 10
9.598256417232086
 20
16.91745517426055
 10
9.572926491765035
 20
16.933318905649116
 10
9.547585215385777
 20
16.949239302019862
 10
9.52223262716167
 20
16.965216175637412
 10
9.496868766163665
 20
16.9812493376146
 10
9.47149367146109
 20
16.997338597919246
 10
9.446107382115777
 20
17.013483765381466
 10
9.42070993717633
 20
17.029684647700872
 10
9.395301375673032
 20
17.04594105145353
 10
9.369881736612484
 20
17.06225278209911
 10
9.34445105897204
 20
17.078619643988283
 10
9.319009381694936
 20
17.095041440369684
 10
9.293556743685318
 20
17.11151797339707
 10
9.268093183803071
 20
17.128049044136638
 10
9.242618740859022
 20
17.144634452574167
 10
9.217133453610078
 20
17.1612739976223
 10
9.19163736075473
 20
17.1779674771276
 10
9.166130500928318
 20
17.19471468787787
 10
9.140612912698383
 20
17.211515425609438
 10
9.115084634560546
 20
17.228369485014195
 10
9.089545704933933
 20
17.24527665974694
 10
9.063996162156933
 20
17.262236742432606
 10
9.038436044483003
 20
17.27924952467348
 10
9.012865390076552
 20
17.296314797056446
 10
8.987284237009106
 20
17.313432349160053
 10
8.961692623255257
 20
17.33060196956183
 10
8.93609058668855
 20
17.34782344584565
 10
8.910478165078
 20
17.365096564608734
 10
8.884855396084426
 20
17.382421111468837
 10
8.859222317256524
 20
17.399796871071615
 10
8.833578966027396
 20
17.417223627097776
 10
8.807925379711417
 20
17.43470116227
 10
8.782261595500376
 20
17.452229258360436
 10
8.756587650460077
 20
17.469807696197893
 10
8.730903581527613
 20
17.48743625567461
 10
8.705209425507778
 20
17.505114715753685
 10
8.67950521906976
 20
17.522842854476302
 10
8.653790998744487
 20
17.540620448968586
 10
8.628066800921523
 20
17.55844727544878
 10
8.602332661845828
 20
17.576323109234558
 10
8.576588617615233
 20
17.59424772474984
 10
8.550834704177547
 20
17.61222089553197
 10
8.52507095732771
 20
17.630242394238795
 10
8.49929741270531
 20
17.64831199265561
 10
8.473514105791683
 20
17.666429461702357
 10
8.447721071907566
 20
17.684594571440485
 10
8.421918346210692
 20
17.702807091079876
 10
8.396105963693014
 20
17.721066788986086
 10
8.370283959178511
 20
17.739373432687124
 10
8.344452367320969
 20
17.757726788880362
 10
8.31861122260161
 20
17.776126623439495
 10
8.292760559326744
 20
17.79457270142158
 10
8.266900411625787
 20
17.81306478707375
 10
8.241030813449072
 20
17.83160264384019
 10
8.215151798565788
 20
17.850186034368946
 10
8.189263400562123
 20
17.868814720518678
 10
8.163365652838944
 20
17.88748846336573
 10
8.137458588610276
 20
17.906207023210644
 10
8.11154224090123
 20
17.924970159585072
 10
8.085616642546256
 20
17.9437776312585
 10
8.059681826187369
 20
17.962629196244997
 10
8.033737824272357
 20
17.981524611809945
 10
8.00778466905335
 20
18.000463634476596
 10
7.9818223925847995
 20
18.01944602003301
 10
7.955851026722211
 20
18.03847152353845
 10
7.929870603120584
 20
18.057539899330067
 10
7.903881153232668
 20
18.07665090102965
 10
7.877882708307634
 20
18.09580428155014
 10
7.8518732473791
 20
18.11499701544751
 10
7.825835762811899
 20
18.134205847860144
 10
7.799766378150959
 20
18.153425399988887
 10
7.773665001297157
 20
18.17265542226055
 10
7.747531541848371
 20
18.191895664572
 10
7.721365911103575
 20
18.21114587629562
 10
7.695168022067243
 20
18.230405806284445
 10
7.668937789453434
 20
18.249675202877466
 10
7.642675129689476
 20
18.268953813905117
 10
7.616379960920256
 20
18.288241386694217
 10
7.590052203011961
 20
18.30753766807326
 10
7.563691777555832
 20
18.326842404377544
 10
7.537298607871936
 20
18.346155341454217
 10
7.5108726190127975
 20
18.365476224667297
 10
7.4844137377669355
 20
18.384804798902685
 10
7.457921892662345
 20
18.404140808573068
 10
7.43139701397002
 20
18.423483997622704
 10
7.404839033706988
 20
18.442834109532438
 10
7.37824788563978
 20
18.46219088732426
 10
7.351623505287474
 20
18.481554073566105
 10
7.324965829924732
 20
18.50092341037644
 10
7.298274798584728
 20
18.5202986394289
 10
7.271550352062018
 20
18.53967950195675
 10
7.244792432915375
 20
18.559065738757297
 10
7.218000985470184
 20
18.578457090196427
 10
7.191175955821304
 20
18.597853296212715
 10
7.164317291835317
 20
18.617254096321787
 10
7.13742494315289
 20
18.63665922962048
 10
7.110498861191033
 20
18.656068434790907
 10
7.0835389991452224
 20
18.67548145010448
 10
7.056545311991464
 20
18.694898013425792
 10
7.029517756487941
 20
18.714317862216674
 10
7.00245629117704
 20
18.733740733539776
 10
6.975360876387022
 20
18.75316636406226
 10
6.948231474233296
 20
18.772594490059596
 10
6.921068048619961
 20
18.792024847418993
 10
6.893870565241254
 20
18.811457171642704
 10
6.866638991582533
 20
18.830891197851518
 10
6.839373296921213
 20
18.850326660788074
 10
6.812073452327827
 20
18.869763294819876
 10
6.78473943066685
 20
18.88920083394234
 10
6.757371206597011
 20
18.908639011781972
 10
6.729968756572095
 20
18.92807756159899
 10
6.702532058841129
 20
18.947516216290218
 10
6.675061093448573
 20
18.966954708391732
 10
6.647555842234578
 20
18.986392770081284
 10
6.620016288834545
 20
19.005830133180968
 10
6.592442418679045
 20
19.025266529159467
 10
6.564834218993727
 20
19.04470168913399
 10
6.5371916787983295
 20
19.06413534387277
 10
6.509514788905975
 20
19.083567223796994
 10
6.481803541922748
 20
19.102997058982332
 10
6.4540579322463785
 20
19.122424579160928
 10
6.426277956064915
 20
19.141849513723095
 10
6.398463611355641
 20
19.16127159171858
 10
6.370614897883534
 20
19.180690541857963
 10
6.342731817199333
 20
19.200106092514037
 10
6.314814372637951
 20
19.219517971722667
 10
6.286862569316298
 20
19.238925907183873
 10
6.258876414131112
 20
19.258329626262555
 10
6.230855915756528
 20
19.2777288559892
 10
6.202801084641504
 20
19.29712332306037
 10
6.174711933007192
 20
19.31651275383895
 10
6.1465884748437
 20
19.335896874354592
 10
6.118430725907235
 20
19.35527541030351
 10
6.090238703716633
 20
19.37464808704847
 10
6.062012427549828
 20
19.394014629618525
 10
6.033751918440277
 20
19.413374762708422
 10
6.0054571991727315
 20
19.43272821067824
 10
5.977128294279353
 20
19.452074697552355
 10
5.948765230035416
 20
19.471413947018466
 10
5.920368034454494
 20
19.490745682426642
 10
5.891936737283807
 20
19.510069626787853
 10
5.863471369999548
 20
19.52938550277222
 10
5.834971965801284
 20
19.548693032707618
 10
5.806438559606512
 20
19.567991938577705
 10
5.777871188045438
 20
19.58728194201949
 10
5.7492698894548475
 20
19.606562764321197
 10
5.720634703871838
 20
19.625834126419807
 10
5.691965673027777
 20
19.64509574889805
 10
5.6632628403415985
 20
19.664347351981522
 10
5.634526250912945
 20
19.68358865553546
 10
5.605755951515263
 20
19.70281937906115
 10
5.576951990588196
 20
19.722039241692467
 10
5.5481144182303055
 20
19.74124796219167
 10
5.519243286191209
 20
19.760445258945253
 10
5.490338647863254
 20
19.779630849959638
 10
5.461400558273361
 20
19.798804452856313
 10
5.432429074074474
 20
19.817965784866765
 10
5.403424253536549
 20
19.8371145628273
 10
5.374386156537227
 20
19.856250503173584
 10
5.345314844552647
 20
19.875373321934585
 10
5.316210380647632
 20
19.894482734726456
 10
5.287072829465455
 20
19.91357845674623
 10
5.257902257217626
 20
19.932660202764932
 10
5.228698731673358
 20
19.95172768712038
 10
5.199462322148484
 20
19.970780623709846
 10
5.17019309949405
 20
19.989818725982396
 10
5.140891136084935
 20
20.008841706930546
 10
5.11155650580794
 20
20.027849279081813
 10
5.08218928404926
 20
20.04684115449
 10
5.052789547682053
 20
20.065817044725858
 10
5.0233573750536955
 20
20.08477666086724
 10
4.99389284597212
 20
20.103719713489397
 10
4.964396041692137
 20
20.122645912654438
 10
4.934867044901829
 20
20.14155496790016
 10
4.905305939707674
 20
20.160446588229046
 10
4.875712811619913
 20
20.179320482096344
 10
4.846087747537467
 20
20.19817635739771
 10
4.8164308357320245
 20
20.217013921456704
 10
4.78674216583228
 20
20.235832881011348
 10
4.757021828807471
 20
20.25463294220038
 10
4.727269916950306
 20
20.273413810549116
 10
4.69748652385972
 20
20.29217519095456
 10
4.667671744423327
 20
20.31091678766979
 10
4.63782567479884
 20
20.32963830428828
 10
4.607948412395331
 20
20.348339443727287
 10
4.578040055854331
 20
20.367019908210377
 10
4.548100705029871
 20
20.385679399249785
 10
4.5181304609681305
 20
20.404317617627946
 10
4.48812942588685
 20
20.422934263378142
 10
4.458097703153978
 20
20.44152903576458
 10
4.428035397265589
 20
20.460101633261903
 10
4.397942613823506
 20
20.47865175353364
 10
4.367819459512312
 20
20.497179093409947
 10
4.337666042075547
 20
20.51568334886464
 10
4.3074824702912515
 20
20.534164214991414
 10
4.277268853947149
 20
20.552621385978917
 10
4.247025303814969
 20
20.571054555085084
 10
4.216751931623861
 20
20.589463414610673
 10
4.1864488500335
 20
20.6078476558715
 10
4.156116172606218
 20
20.626206969169804
 10
4.125754013778273
 20
20.64454104376468
 10
4.095362488830435
 20
20.662849567841224
 10
4.064941713857866
 20
20.68113222847854
 10
4.034491805738874
 20
20.699388711616688
 10
4.004012882102977
 20
20.71761870202228
 10
3.973505061298038
 20
20.735821883252754
 10
3.942968462356209
 20
20.75399793761956
 10
3.9124032049591904
 20
20.772146546149603
 10
3.8818094094024005
 20
20.790267388545374
 10
3.851187196557909
 20
20.808360143143627
 10
3.820536687836263
 20
20.82642448687251
 10
3.789858005147412
 20
20.84446009520681
 10
3.759151270860258
 20
20.862466642121635
 10
3.72841660776076
 20
20.88044380004443
 10
3.6976541390090674
 20
20.89839123980485
 10
3.666863988095205
 20
20.91630863058277
 10
3.636046278793181
 20
20.9341956398543
 10
3.6052011351136137
 20
20.952051933335714
 10
3.574328681255057
 20
20.96987717492492
 10
3.5434290415535443
 20
20.987671026640694
 10
3.512502340430256
 20
21.005433148559607
 10
3.4815487023377294
 20
21.02316319875014
 10
3.4505682517041407
 20
21.04086083320415
 10
3.4195611128754955
 20
21.058525705765593
 10
3.3885274100557865
 20
21.076157468056355
 10
3.3574672672452444
 20
21.093755769398676
 10
3.326380808176207
 20
21.111320256734505
 10
3.2952681562464576
 20
21.128850574541516
 10
3.2641294344503926
 20
21.14634636474528
 10
3.2329647653075284
 20
21.163807266627686
 10
3.2017742707881176
 20
21.181232916731496
 10
3.170558072235913
 20
21.198622948760665
 10
3.1393162902881215
 20
21.215976993476065
 10
3.1080490447920184
 20
21.23329467858663
 10
3.0767564547180513
 20
21.250575628635737
 10
3.0454386380696405
 20
21.26781946488211
 10
3.0140957117892277
 20
21.285025805175348
 10
2.982727791660171
 20
21.302194263825715
 10
2.951334992204515
 20
21.319324451467807
 10
2.9199174265764505
 20
21.33641597491762
 10
2.8884752064510764
 20
21.353468437022755
 10
2.8570084419080715
 20
21.370481436505507
 10
2.825517241310095
 20
21.387454567798212
 10
2.7940017111758166
 20
21.404387420870272
 10
2.7624619560468666
 20
21.42127958104664
 10
2.730898078348389
 20
21.438130628817213
 10
2.699310178243099
 20
21.454940139636225
 10
2.6676983534782117
 20
21.471707683711323
 10
2.6360626992246097
 20
21.48843282578165
 10
2.6044033079079902
 20
21.505115124884167
 10
2.572720269031528
 20
21.52175413410723
 10
2.541013668989237
 20
21.53834940033089
 10
2.509283590869387
 20
21.554900463953
 10
2.477530114247564
 20
21.571406858599854
 10
2.4457533149685275
 20
21.5878681108205
 10
2.4139532649158078
 20
21.604283739763694
 10
2.3821300317684546
 20
21.620653256836075
 10
2.3502836787440415
 20
21.63697616534011
 10
2.318414264326659
 20
21.6532519600906
 10
2.2865218419787823
 20
21.669480127008086
 10
2.2546064598362108
 20
21.68566014268705
 10
2.222668160383993
 20
21.70179147393766
 10
2.190706980112598
 20
21.71787357729835
 10
2.1587229491525797
 20
21.733905898517087
 10
2.1267160908851857
 20
21.74988787199949
 10
2.0946864215283263
 20
21.765818920219868
 10
2.0626339496948667
 20
21.7816984530931
 10
2.0305586759208545
 20
21.797525867303865
 10
1.998460592161603
 20
21.813300545589335
 10
1.9663396812526663
 20
21.829021855971277
 10
1.9341959163322926
 20
21.844689150933448
 10
1.902029260221756
 20
21.860301766539333
 10
1.8698396647606046
 20
21.875859021484047
 10
1.8376270700913366
 20
21.891360216075388
 10
1.8053914038893524
 20
21.906804631136566
 10
1.773132580532966
 20
21.92219152682316
 10
1.7408505002068928
 20
21.93752014134623
 10
1.708545047933221
 20
21.952789689591658
 10
1.676216092521809
 20
21.967999361625548
 10
1.6438634854317442
 20
21.983148321073692
 10
1.6114870595345892
 20
21.998235703361505
 10
1.5790866277683762
 20
22.01326061379953
 10
1.5466619816700842
 20
22.02822212549734
 10
1.514212889772761
 20
22.043119277086387
 10
1.4817390958517045
 20
22.05795107022949
 10
1.449240317001255
 20
22.072716466891976
 10
1.4167162415215877
 20
22.08741438634551
 10
1.3841665265920007
 20
22.102043701871235
 10
1.351590795702954
 20
22.116603237124185
 10
1.3189886358152663
 20
22.131091762114863
 10
1.2863595942096957
 20
22.14550798875669
 10
1.253703174984203
 20
22.159850565919704
 10
1.2210188351486195
 20
22.174118073921107
 10
1.188305980257983
 20
22.188309018371008
 10
1.1555639595155114
 20
22.202421823277145
 10
1.1227920602630057
 20
22.216454823295066
 10
1.089989501761174
 20
22.230406254988647
 10
1.057155428143357
 20
22.24427424693954
 10
1.0242889004027091
 20
22.258056808511718
 10
0.991388887243307
 20
22.27175181703732
 10
0.95845425458959
 20
22.285357003139456
 10
0.9254837535024762
 20
22.298869933844617
 10
0.8924760061920054
 20
22.312287993057197
 10
0.8594294897421193
 20
22.32560835886605
 10
0.8263425170666387
 20
22.338827977021158
 10
0.7932132144906276
 20
22.35194352974616
 10
0.760039495185957
 20
22.364951398826726
 10
0.7268190274709241
 20
22.377847621614023
 10
0.6935491966885117
 20
22.390627838178006
 10
0.6602270589753836
 20
22.40328722729449
 10
0.6268492846771174
 20
22.415820428188376
 10
0.5934120883837828
 20
22.428221443886738
 10
0.559911141443763
 20
22.44048352051005
 10
0.526341461189265
 20
22.4525989946111
 10
0.49269726869266606
 20
22.464559097375624
 10
0.45897180320012865
 20
22.476353699487763
 10
0.4251570756509011
 20
22.487970972640078
 10
0.39124353445298254
 20
22.499396931079602
 10
0.35721960128963204
 20
22.510614795613243
 10
0.3230710080177879
 20
22.52160408613565
 10
0.28877981712155076
 20
22.532339282633306
 10
0.25432291461512335
 20
22.542787767407827
 10
0.21966957121444963
 20
22.55290649891865
 10
0.184777233046848
 20
22.562636277543703
 10
0.14958360839136375
 20
22.571890977773663
 10
0.11398989972409268
 20
22.58053475773616
 10
0.0778181573252823
 20
22.588324163389554
 10
0.04066075397452806
 20
22.594704032074993
 10
0.0
 20
22.59626273913983
 10
0.013339246025473983
 20
22.55783803952608
 10
0.030181842674714687
 20
22.52416216079483
 10
0.04801010027590635
 20
22.49182400015575
  0
LWPOLYLINE
  5
33
330
17
100
AcDbEntity
  8
0
100
AcDbPolyline
 90
1290
 70
1
 10
9.101011996155819
 20
11.334409150080418
 10
9.153292828488762
 20
11.224742386707593
 10
9.206245579259708
 20
11.115398476937159
 10
9.25986825482753
 20
11.006381537505504
 10
9.314158836328797
 20
10.897695672838786
 10
9.369115279753792
 20
10.789344974898398
 10
9.424735516023492
 20
10.681333523026847
 10
9.48101745106743
 20
10.573665383794275
 10
9.537958965902568
 20
10.466344610845248
 10
9.595557916713055
 20
10.359375244746225
 10
9.653812134930948
 20
10.252761312833371
 10
9.712719427317854
 20
10.146506829060975
 10
9.772277576047511
 20
10.040615793850279
 10
9.832484338789282
 20
9.935092193938928
 10
9.893337448792579
 20
9.829940002230792
 10
9.954834614972206
 20
9.725163177646479
 10
10.016973521994611
 20
9.620765664974215
 10
10.079751830365069
 20
9.516751394721325
 10
10.143167176515746
 20
9.413124282966322
 10
10.207217172894715
 20
9.309888231211367
 10
10.271899408055795
 20
9.20704712623548
 10
10.33721144674941
 20
9.104604839948124
 10
10.403150830014201
 20
9.002565229243487
 10
10.469715075269672
 20
8.900932135855228
 10
10.536901676409599
 20
8.79970938621188
 10
10.604708103896435
 20
8.69890079129275
 10
10.6731318048565
 20
8.598510146484458
 10
10.742170203176126
 20
8.49854123143805
 10
10.811820699598641
 20
8.398997809926662
 10
10.88208067182222
 20
8.299883629703867
 10
10.952947474598624
 20
8.201202422362513
 10
11.02441843983277
 20
8.102957903194294
 10
11.09649087668323
 20
8.00515377104982
 10
11.169162071663475
 20
7.907793708199399
 10
11.242429288744106
 20
7.810881380194356
 10
11.316289769455796
 20
7.714420435729075
 10
11.390740732993194
 20
7.618414506503591
 10
11.46577937631961
 20
7.522867207086875
 10
11.541402874272526
 20
7.427782134780749
 10
11.617608379669997
 20
7.333162869484447
 10
11.694393023417804
 20
7.239012973559824
 10
11.771753914617522
 20
7.1453359916972445
 10
11.84968814067531
 20
7.052135450782131
 10
11.928192767411614
 20
6.959414859762177
 10
12.0072648391716
 20
6.867177709515225
 10
12.086901378936469
 20
6.775427472717844
 10
12.167099388435506
 20
6.684167603714599
 10
12.247855848258972
 20
6.59340153838798
 10
12.32916771797181
 20
6.503132694029034
 10
12.411031936228072
 20
6.4133644692087515
 10
12.493445420886225
 20
6.3241002436500295
 10
12.576405069125137
 20
6.235343378100538
 10
12.659907757560953
 20
6.147097214206077
 10
12.743950342364638
 20
6.059365074384857
 10
12.82852965938039
 20
5.972150261702339
 10
12.91364252424471
 20
5.885456059746943
 10
12.999285732506355
 20
5.7992857325063625
 10
13.085456059746939
 20
5.713642524244712
 10
13.172150261702333
 20
5.628529659380398
 10
13.259365074384851
 20
5.543950342364646
 10
13.347097214206071
 20
5.459907757560956
 10
13.435343378100532
 20
5.376405069125141
 10
13.524100243650025
 20
5.293445420886229
 10
13.613364469208742
 20
5.211031936228075
 10
13.70313269402903
 20
5.129167717971818
 10
13.793401538387975
 20
5.047855848258976
 10
13.884167603714594
 20
4.967099388435507
 10
13.97542747271784
 20
4.886901378936479
 10
14.067177709515214
 20
4.807264839171616
 10
14.159414859762178
 20
4.728192767411613
 10
14.252135450782127
 20
4.649688140675316
 10
14.345335991697235
 20
4.571753914617524
 10
14.43901297355981
 20
4.494393023417814
 10
14.533162869484448
 20
4.417608379669993
 10
14.627782134780748
 20
4.341402874272532
 10
14.72286720708687
 20
4.265779376319614
 10
14.81841450650358
 20
4.190740732993206
 10
14.914420435729074
 20
4.116289769455797
 10
15.010881380194352
 20
4.04242928874411
 10
15.107793708199388
 20
3.969162071663483
 10
15.205153771049824
 20
3.896490876683224
 10
15.302957903194288
 20
3.824418439832776
 10
15.401202422362505
 20
3.7529474745986207
 10
15.499883629703854
 20
3.682080671822227
 10
15.598997809926663
 20
3.6118206995986455
 10
15.698541231438046
 20
3.542170203176127
 10
15.798510146484453
 20
3.4731318048565
 10
15.898900791292737
 20
3.4047081038964464
 10
15.999709386211876
 20
3.336901676409603
 10
16.100932135855224
 20
3.26971507526968
 10
16.202565229243476
 20
3.2031508300142093
 10
16.304604839948123
 20
3.1372114467494114
 10
16.407047126235476
 20
3.071899408055806
 10
16.50988823121136
 20
3.0072171728947197
 10
16.613124282966304
 20
2.9431671765157574
 10
16.716751394721328
 20
2.879751830365066
 10
16.82076566497421
 20
2.816973521994619
 10
16.925163177646475
 20
2.7548346149722107
 10
17.02994000223078
 20
2.693337448792583
 10
17.13509219393892
 20
2.63248433878929
 10
17.240615793850274
 20
2.5722775760475187
 10
17.34650682906096
 20
2.5127194273178617
 10
17.452761312833374
 20
2.453812134930949
 10
17.55937524474622
 20
2.3955579167130594
 10
17.666344610845243
 20
2.3379589659025726
 10
17.77366538379426
 20
2.2810174510674344
 10
17.88133352302685
 20
2.224735516023493
 10
17.989344974898387
 20
2.1691152797537896
 10
18.097695672838782
 20
2.114158836328798
 10
18.206381537505493
 20
2.059868254827542
 10
18.315398476937155
 20
2.006245579259719
 10
18.424742386707585
 20
1.9532928284887632
 10
18.534409150080407
 20
1.9010119961558232
 10
18.64439463816397
 20
1.8494050506046733
 10
18.754694710066783
 20
1.798473934807653
 10
18.865305213053496
 20
1.7482205662924954
 10
18.97622198270119
 20
1.6986468370700933
 10
19.087440843056193
 20
1.6497546135633527
 10
19.198957606791247
 20
1.6015457365368562
 10
19.31076807536323
 20
1.5540220210275706
 10
19.422868039171213
 20
1.5071852562765287
 10
19.53525327771492
 20
1.4610372056614338
 10
19.64791955975361
 20
1.415579606630338
 10
19.76086264346547
 20
1.3708141706361232
 10
19.87407827660724
 20
1.3267425830721677
 10
19.98756219667429
 20
1.283366503208839
 10
20.10131013106119
 20
1.240687564131015
 10
20.2153177972225
 20
1.198707372676644
 10
20.329580902834046
 20
1.157427509376184
 10
20.444095145954442
 20
1.1168495283931819
 10
20.558856215187184
 20
1.07697495746568
 10
20.673859789842894
 20
1.0378052978487275
 10
20.78910154010195
 20
0.9993420242578779
 10
20.904577127177603
 20
0.961586584813638
 10
21.020282203479276
 20
0.9245404009869631
 10
21.136212412776253
 20
0.8882048675457384
 10
21.252363390361644
 20
0.8525813525022627
 10
21.36873076321681
 20
0.817671197061749
 10
21.485310150175938
 20
0.7834757155718037
 10
21.602097162091013
 20
0.7499961954729812
 10
21.719087401997008
 20
0.7172338972502885
 10
21.836276465277535
 20
0.6851900543857496
 10
21.953659939830615
 20
0.653865873311922
 10
22.07123340623474
 20
0.6232625333665354
 10
22.18899243791537
 20
0.5933811867480259
 10
22.30693260131152
 20
0.5642229584722216
 10
22.425049456042714
 20
0.5357889463299088
 10
22.5433385550761
 20
0.5080802208455992
 10
22.661795444893972
 20
0.4810978252371356
 10
22.78041566566138
 20
0.4548427753764699
 10
22.899194751394074
 20
0.4293160597513719
 10
23.018128230126578
 20
0.40451863942828226
 10
23.137211624080653
 20
0.38045144801603925
 10
23.256440449833843
 20
0.3571153916308063
 10
23.37581021848821
 20
0.33451134886191625
 10
23.49531643583945
 20
0.3126401707388098
 10
23.614954602546028
 20
0.29150268069896157
 10
23.734720214298598
 20
0.27109967455694317
 10
23.854608761989542
 20
0.25143192047440976
 10
23.974615731882814
 20
0.23250015893115972
 10
24.094736605783826
 20
0.21430510269733816
 10
24.214966861209586
 20
0.1968474368065145
 10
24.3353019715589
 20
0.18012781852996085
 10
24.455737406282886
 20
0.16414687735183264
 10
24.576268631055523
 20
0.1489052149455361
 10
24.696891107944285
 20
0.13440340515106897
 10
24.81760029558111
 20
0.12064199395334896
 10
24.938391649333308
 20
0.10762149946174304
 10
25.059260621474703
 20
0.09534241189049908
 10
25.18020266135677
 20
0.08380519354033567
 10
25.301213215580084
 20
0.0730102787809912
 10
25.42228772816567
 20
0.06295807403491693
 10
25.543421640726585
 20
0.05364895776192924
 10
25.66461039263945
 20
0.04508328044500587
 10
25.785849421216263
 20
0.037261364577041434
 10
25.907134161876144
 20
0.030183504648768178
 10
26.028460048317122
 20
0.023849967137586248
 10
26.149822512688168
 20
0.018260990497623197
 10
26.271216985761086
 20
0.013416785150681676
 10
26.392638897102596
 20
0.009317533478359508
 10
26.514083675246333
 20
0.005963389815157427
 10
26.635546747865057
 20
0.0033544804426952624
 10
26.757023541942733
 20
0.0014909035849370866
 10
26.878509483946743
 20
0.0003727294044963969
 10
27.0
 20
0.0
 10
27.12149051605325
 20
0.0003727294044963969
 10
27.24297645805726
 20
0.0014909035849370866
 10
27.364453252134936
 20
0.0033544804426952624
 10
27.485916324753656
 20
0.005963389815157427
 10
27.607361102897396
 20
0.009317533478359508
 10
27.728783014238907
 20
0.01341678515067457
 10
27.850177487311825
 20
0.018260990497623197
 10
27.97153995168287
 20
0.023849967137586248
 10
28.09286583812385
 20
0.030183504648768178
 10
28.21415057878373
 20
0.037261364577041434
 10
28.335389607360543
 20
0.04508328044500587
 10
28.456578359273408
 20
0.05364895776192924
 10
28.577712271834322
 20
0.06295807403491693
 10
28.69878678441991
 20
0.0730102787809912
 10
28.819797338643223
 20
0.08380519354033567
 10
28.94073937852529
 20
0.09534241189049908
 10
29.06160835066668
 20
0.10762149946174304
 10
29.18239970441888
 20
0.12064199395334896
 10
29.303108892055707
 20
0.13440340515106897
 10
29.42373136894447
 20
0.1489052149455361
 10
29.544262593717107
 20
0.16414687735183264
 10
29.664698028441094
 20
0.18012781852996085
 10
29.785033138790407
 20
0.1968474368065145
 10
29.905263394216167
 20
0.21430510269733816
 10
30.02538426811718
 20
0.23250015893115972
 10
30.14539123801045
 20
0.25143192047440266
 10
30.265279785701395
 20
0.27109967455694317
 10
30.385045397453965
 20
0.29150268069896157
 10
30.504683564160544
 20
0.3126401707388027
 10
30.624189781511785
 20
0.33451134886191625
 10
30.74355955016615
 20
0.3571153916308063
 10
30.86278837591934
 20
0.38045144801603925
 10
30.981871769873415
 20
0.40451863942827515
 10
31.10080524860592
 20
0.4293160597513719
 10
31.219584334338613
 20
0.4548427753764699
 10
31.33820455510602
 20
0.4810978252371356
 10
31.456661444923892
 20
0.5080802208455921
 10
31.57495054395728
 20
0.5357889463299088
 10
31.693067398688473
 20
0.5642229584722145
 10
31.811007562084622
 20
0.5933811867480259
 10
31.928766593765253
 20
0.6232625333665354
 10
32.04634006016938
 20
0.653865873311922
 10
32.16372353472246
 20
0.6851900543857496
 10
32.280912598002985
 20
0.7172338972502885
 10
32.39790283790898
 20
0.7499961954729741
 10
32.51468984982405
 20
0.7834757155717966
 10
32.63126923678318
 20
0.8176711970617419
 10
32.74763660963835
 20
0.8525813525022627
 10
32.86378758722374
 20
0.8882048675457312
 10
32.97971779652072
 20
0.9245404009869631
 10
33.09542287282239
 20
0.961586584813638
 10
33.21089845989805
 20
0.9993420242578708
 10
33.3261402101571
 20
1.0378052978487204
 10
33.44114378481281
 20
1.07697495746568
 10
33.55590485404555
 20
1.1168495283931819
 10
33.67041909716595
 20
1.157427509376184
 10
33.78468220277749
 20
1.198707372676644
 10
33.8986898689388
 20
1.240687564131015
 10
34.0124378033257
 20
1.283366503208832
 10
34.12592172339276
 20
1.3267425830721677
 10
34.23913735653453
 20
1.3708141706361232
 10
34.35208044024638
 20
1.415579606630331
 10
34.46474672228507
 20
1.4610372056614338
 10
34.57713196082878
 20
1.5071852562765216
 10
34.68923192463676
 20
1.5540220210275706
 10
34.801042393208746
 20
1.6015457365368562
 10
34.9125591569438
 20
1.6497546135633527
 10
35.0237780172988
 20
1.6986468370700933
 10
35.1346947869465
 20
1.7482205662924883
 10
35.24530528993321
 20
1.798473934807653
 10
35.35560536183603
 20
1.8494050506046733
 10
35.465590849919586
 20
1.9010119961558232
 10
35.57525761329241
 20
1.9532928284887632
 10
35.68460152306284
 20
2.006245579259705
 10
35.79361846249451
 20
2.059868254827542
 10
35.90230432716121
 20
2.114158836328798
 10
36.010655025101606
 20
2.1691152797537896
 10
36.11866647697315
 20
2.224735516023486
 10
36.22633461620573
 20
2.2810174510674344
 10
36.33365538915476
 20
2.3379589659025655
 10
36.44062475525377
 20
2.3955579167130523
 10
36.54723868716662
 20
2.453812134930942
 10
36.65349317093903
 20
2.5127194273178546
 10
36.75938420614972
 20
2.5722775760475116
 10
36.864907806061076
 20
2.6324843387892827
 10
36.97005999776921
 20
2.693337448792583
 10
37.07483682235352
 20
2.7548346149722036
 10
37.17923433502579
 20
2.816973521994605
 10
37.283248605278665
 20
2.879751830365066
 10
37.38687571703369
 20
2.9431671765157503
 10
37.49011176878864
 20
3.0072171728947126
 10
37.59295287376452
 20
3.071899408055792
 10
37.69539516005187
 20
3.1372114467494043
 10
37.797434770756524
 20
3.2031508300142093
 10
37.899067864144776
 20
3.269715075269673
 10
38.00029061378812
 20
3.336901676409603
 10
38.10109920870726
 20
3.4047081038964393
 10
38.20148985351554
 20
3.4731318048565
 10
38.30145876856195
 20
3.54217020317612
 10
38.40100219007333
 20
3.6118206995986313
 10
38.50011637029614
 20
3.682080671822227
 10
38.598797577637484
 20
3.7529474745986207
 10
38.6970420968057
 20
3.824418439832769
 10
38.79484622895017
 20
3.896490876683224
 10
38.892206291800605
 20
3.969162071663483
 10
38.98911861980564
 20
4.042429288744103
 10
39.08557956427092
 20
4.11628976945579
 10
39.181585493496414
 20
4.1907407329931985
 10
39.27713279291312
 20
4.265779376319607
 10
39.37221786521925
 20
4.341402874272525
 10
39.46683713051555
 20
4.417608379669993
 10
39.56098702644019
 20
4.494393023417807
 10
39.65466400830276
 20
4.571753914617524
 10
39.747864549217866
 20
4.649688140675309
 10
39.84058514023782
 20
4.728192767411606
 10
39.93282229048478
 20
4.8072648391716015
 10
40.02457252728215
 20
4.8869013789364715
 10
40.1158323962854
 20
4.9670993884355
 10
40.206598461612025
 20
5.047855848258976
 10
40.29686730597096
 20
5.129167717971811
 10
40.38663553079125
 20
5.211031936228075
 10
40.47589975634996
 20
5.293445420886222
 10
40.56465662189947
 20
5.376405069125141
 10
40.65290278579393
 20
5.459907757560956
 10
40.74063492561515
 20
5.543950342364639
 10
40.82784973829765
 20
5.6285296593803835
 10
40.91454394025306
 20
5.713642524244712
 10
41.000714267493635
 20
5.799285732506355
 10
41.08635747575528
 20
5.885456059746936
 10
41.171470340619614
 20
5.972150261702339
 10
41.25604965763536
 20
6.05936507438485
 10
41.34009224243904
 20
6.14709721420607
 10
41.423594930874856
 20
6.235343378100524
 10
41.506554579113775
 20
6.3241002436500295
 10
41.58896806377192
 20
6.413364469208744
 10
41.67083228202819
 20
6.503132694029027
 10
41.75214415174102
 20
6.593401538387965
 10
41.8329006115645
 20
6.684167603714599
 10
41.913098621063526
 20
6.775427472717837
 10
41.99273516082839
 20
6.867177709515211
 10
42.071807232588384
 20
6.959414859762177
 10
42.15031185932469
 20
7.052135450782124
 10
42.22824608538247
 20
7.145335991697237
 10
42.30560697658218
 20
7.239012973559809
 10
42.382391620330004
 20
7.333162869484447
 10
42.458597125727465
 20
7.427782134780749
 10
42.53422062368038
 20
7.522867207086868
 10
42.6092592670068
 20
7.618414506503576
 10
42.68371023054421
 20
7.714420435729075
 10
42.757570711255894
 20
7.810881380194353
 10
42.830837928336514
 20
7.907793708199389
 10
42.90350912331677
 20
8.00515377104982
 10
42.97558156016723
 20
8.102957903194287
 10
43.04705252540138
 20
8.201202422362506
 10
43.11791932817778
 20
8.299883629703857
 10
43.18817930040136
 20
8.398997809926662
 10
43.25782979682387
 20
8.498541231438047
 10
43.3268681951435
 20
8.59851014648445
 10
43.39529189610356
 20
8.698900791292736
 10
43.4630983235904
 20
8.799709386211877
 10
43.530284924730324
 20
8.900932135855221
 10
43.59684916998579
 20
9.002565229243473
 10
43.66278855325059
 20
9.104604839948124
 10
43.7281005919442
 20
9.207047126235473
 10
43.792782827105285
 20
9.30988823121136
 10
43.85683282348424
 20
9.413124282966308
 10
43.92024816963493
 20
9.516751394721325
 10
43.983026478005385
 20
9.620765664974208
 10
44.045165385027786
 20
9.725163177646472
 10
44.10666255120741
 20
9.829940002230781
 10
44.167515661210714
 20
9.935092193938921
 10
44.227722423952486
 20
10.040615793850272
 10
44.287280572682135
 20
10.14650682906096
 10
44.346187865069055
 20
10.252761312833371
 10
44.40444208328694
 20
10.359375244746222
 10
44.462041034097425
 20
10.46634461084524
 10
44.51898254893256
 20
10.57366538379426
 10
44.57526448397651
 20
10.68133352302685
 10
44.6308847202462
 20
10.789344974898391
 10
44.6858411636712
 20
10.897695672838783
 10
44.74013174517246
 20
11.00638153750549
 10
44.793754420740285
 20
11.115398476937152
 10
44.846707171511234
 20
11.22474238670759
 10
44.898988003844174
 20
11.334409150080404
 10
44.950594949395324
 20
11.44439463816397
 10
45.001526065192344
 20
11.554694710066784
 10
45.05177943370751
 20
11.665305213053497
 10
45.101353162929904
 20
11.776221982701188
 10
45.15024538643665
 20
11.887440843056194
 10
45.19845426346314
 20
11.998957606791244
 10
45.24597797897243
 20
12.110768075363232
 10
45.29281474372347
 20
12.22286803917121
 10
45.33896279433857
 20
12.33525327771492
 10
45.384420393369666
 20
12.447919559753611
 10
45.429185829363874
 20
12.56086264346547
 10
45.47325741692784
 20
12.67407827660724
 10
45.51663349679116
 20
12.787562196674287
 10
45.55931243586898
 20
12.901310131061187
 10
45.60129262732336
 20
13.015317797222501
 10
45.64257249062381
 20
13.129580902834043
 10
45.683150471606815
 20
13.244095145954443
 10
45.72302504253432
 20
13.358856215187185
 10
45.76219470215128
 20
13.473859789842894
 10
45.800657975742126
 20
13.58910154010195
 10
45.838413415186366
 20
13.704577127177604
 10
45.875459599013034
 20
13.820282203479273
 10
45.91179513245426
 20
13.93621241277625
 10
45.947418647497734
 20
14.052363390361641
 10
45.982328802938255
 20
14.16873076321681
 10
46.0165242844282
 20
14.285310150175938
 10
46.05000380452702
 20
14.40209716209101
 10
46.08276610274971
 20
14.519087401997009
 10
46.11480994561425
 20
14.636276465277536
 10
46.146134126688075
 20
14.753659939830616
 10
46.17673746663346
 20
14.87123340623474
 10
46.20661881325197
 20
14.988992437915371
 10
46.23577704152778
 20
15.10693260131152
 10
46.264211053670095
 20
15.225049456042715
 10
46.2919197791544
 20
15.343338555076102
 10
46.31890217476287
 20
15.461795444893973
 10
46.345157224623534
 20
15.58041566566138
 10
46.370683940248625
 20
15.699194751394074
 10
46.39548136057172
 20
15.818128230126575
 10
46.419548551983965
 20
15.937211624080653
 10
46.4428846083692
 20
16.05644044983384
 10
46.46548865113809
 20
16.17581021848821
 10
46.487359829261194
 20
16.29531643583945
 10
46.508497319301036
 20
16.414954602546025
 10
46.528900325443054
 20
16.5347202142986
 10
46.548568079525594
 20
16.654608761989543
 10
46.56749984106884
 20
16.774615731882815
 10
46.58569489730266
 20
16.894736605783827
 10
46.60315256319348
 20
17.014966861209587
 10
46.61987218147004
 20
17.135301971558896
 10
46.63585312264817
 20
17.255737406282886
 10
46.651094785054454
 20
17.376268631055524
 10
46.665596594848935
 20
17.496891107944286
 10
46.679358006046655
 20
17.61760029558111
 10
46.692378500538254
 20
17.73839164933331
 10
46.7046575881095
 20
17.859260621474704
 10
46.71619480645967
 20
17.98020266135677
 10
46.726989721219006
 20
18.10121321558008
 10
46.73704192596508
 20
18.22228772816567
 10
46.74635104223807
 20
18.343421640726586
 10
46.754916719555
 20
18.464610392639447
 10
46.762738635422956
 20
18.58584942121626
 10
46.76279559569154
 20
18.586825480572337
 10
46.74771381064187
 20
18.597189525425463
 10
46.71839674164088
 20
18.61736652217738
 10
46.68912327874538
 20
18.63754387716361
 10
46.65989346431265
 20
18.65772127059609
 10
46.63070733955554
 20
18.67789838263815
 10
46.60156494452745
 20
18.69807489341266
 10
46.572466318111566
 20
18.71825048300786
 10
46.54341149800924
 20
18.738424831484043
 10
46.5144005207258
 20
18.7585976188825
 10
46.48543342155902
 20
18.778768525233083
 10
46.45651023458994
 20
18.798937230560508
 10
46.42763099267022
 20
18.81910341489348
 10
46.398795727412065
 20
18.839266758272412
 10
46.37000446917883
 20
18.859426940757082
 10
46.34125724707317
 20
18.879583642436405
 10
46.312554088930554
 20
18.89973654343484
 10
46.283895021306876
 20
18.919885323923218
 10
46.25528006947147
 20
18.94002966412632
 10
46.22670925739869
 20
18.960169244331702
 10
46.1981826077593
 20
18.98030374489903
 10
46.1697001419119
 20
19.000432846269774
 10
46.14126187989622
 20
19.02055622897597
 10
46.11286784042596
 20
19.04067357364955
 10
46.084518040880496
 20
19.060784561032918
 10
46.05621249729916
 20
19.08088887198799
 10
46.02795122437536
 20
19.100986187505683
 10
45.99973423544898
 20
19.121076188716945
 10
45.97156154250125
 20
19.1411585569024
 10
45.94343315614897
 20
19.16123297350268
 10
45.91534908563928
 20
19.18129912012878
 10
45.88730933884383
 20
19.201356678573116
 10
45.85931392225589
 20
19.22140533081873
 10
45.83136284098267
 20
19.2414447590523
 10
45.803456098743354
 20
19.26147464567332
 10
45.77559369786458
 20
19.2814946733054
 10
45.74777563927486
 20
19.30150452480861
 10
45.72000192250353
 20
19.321503883288887
 10
45.692272545674854
 20
19.341492432111142
 10
45.6645875055067
 20
19.361469854909384
 10
45.63694679730604
 20
19.381435835599458
 10
45.60935041496687
 20
19.401390058390152
 10
45.581798350967674
 20
19.421332207795068
 10
45.55429059636876
 20
19.441261968644746
 10
45.52682714081021
 20
19.461179026098552
 10
45.49940797250916
 20
19.481083065657455
 10
45.47203307826035
 20
19.50097377317449
 10
45.44470244343074
 20
19.520850834869908
 10
45.417416051961524
 20
19.54071393734112
 10
45.39017388636504
 20
19.560562767576588
 10
45.36297592772381
 20
19.580397012968433
 10
45.33582215569082
 20
19.60021636132431
 10
45.30871254848725
 20
19.62002050088136
 10
45.281647082902374
 20
19.639809120318876
 10
45.25462573429444
 20
19.659581908770342
 10
45.22764847658807
 20
19.679338555838314
 10
45.2007152822765
 20
19.69907875160594
 10
45.17382612241976
 20
19.71880218665157
 10
45.14698096664621
 20
19.738508552061276
 10
45.12017978315184
 20
19.758197539443007
 10
45.09342253870179
 20
19.77786884093944
 10
45.06670919863031
 20
19.797522149242067
 10
45.040039726841286
 20
19.817157157605102
 10
45.01341408581007
 20
19.83677355985856
 10
44.986832236583446
 20
19.85637105042293
 10
44.960611431721816
 20
19.87571514124106
 10
44.93522802045774
 20
19.894445904602037
 10
44.91057435406394
 20
19.912608569908645
 10
44.886028547871035
 20
19.930658007118485
 10
44.861504662667414
 20
19.948657354092333
 10
44.837002774835995
 20
19.96660638131304
 10
44.81252296125414
 20
19.984504860297452
 10
44.788065299281755
 20
20.00235256361366
 10
44.76362986677103
 20
20.02014926488249
 10
44.739216742042544
 20
20.037894738803487
 10
44.714826003901315
 20
20.05558876115176
 10
44.69045773161959
 20
20.073231108799053
 10
44.66611200494049
 20
20.090821559719625
 10
44.641788904063304
 20
20.1083598930094
 10
44.617488509654166
 20
20.125845888886726
 10
44.59321090282639
 20
20.14327932871505
 10
44.56895616515125
 20
20.160659995003638
 10
44.54472437863476
 20
20.177987671432625
 10
44.52051562572976
 20
20.195262142852812
 10
44.49632998932073
 20
20.212483195304884
 10
44.47216755272537
 20
20.22965061602664
 10
44.448028399678165
 20
20.24676419347303
 10
44.423912614345824
 20
20.263823717313496
 10
44.39982028129341
 20
20.280828978464225
 10
44.37575148550795
 20
20.29777976907969
 10
44.351706312367554
 20
20.31467588258267
 10
44.327684847651796
 20
20.331517113665036
 10
44.303687177530456
 20
20.34830325830383
 10
44.27971338855953
 20
20.36503411377213
 10
44.25576356766182
 20
20.381709478660653
 10
44.231837802147496
 20
20.398329152871373
 10
44.207936179677645
 20
20.414892937650883
 10
44.184058788275124
 20
20.431400635590705
 10
44.160205716319155
 20
20.447852050638893
 10
44.136377052521425
 20
20.46424698812431
 10
44.1125728859415
 20
20.480585254753763
 10
44.08879330595736
 20
20.496866658639917
 10
44.06503840227563
 20
20.513091009301863
 10
44.04130826491351
 20
20.529258117685064
 10
44.017602984192735
 20
20.545367796172922
 10
43.993922650734746
 20
20.561419858597503
 10
43.97026735544553
 20
20.57741412025714
 10
43.94663718952014
 20
20.593350397920656
 10
43.923032244415296
 20
20.609228509853068
 10
43.89945261185713
 20
20.625048275817463
 10
43.875898383824904
 20
20.64080951709297
 10
43.852369652542436
 20
20.65651205648749
 10
43.828866510468984
 20
20.672155718350588
 10
43.80538905028708
 20
20.68774032858843
 10
43.78193736490199
 20
20.703265714670778
 10
43.75851154741733
 20
20.718731705653784
 10
43.735111691137504
 20
20.73413813218482
 10
43.71173788955355
 20
20.74948482651825
 10
43.68839023632698
 20
20.764771622532276
 10
43.66506882528803
 20
20.779998355736346
 10
43.641773750417855
 20
20.79516486328877
 10
43.61850510583848
 20
20.810270984009286
 10
43.595262985809015
 20
20.825316558387364
 10
43.5720474846996
 20
20.840301428604786
 10
43.548858696991104
 20
20.855225438541463
 10
43.52569671726286
 20
20.870088433788787
 10
43.50256164017284
 20
20.884890261667763
 10
43.47945356044988
 20
20.899630771239163
 10
43.45637257288183
 20
20.914309813316194
 10
43.43331877230222
 20
20.928927240477922
 10
43.410292253574326
 20
20.943482907084206
 10
43.38729311158157
 20
20.9579766692864
 10
43.3643214412085
 20
20.972408385043888
 10
43.34137733733475
 20
20.986777914132237
 10
43.31846089481401
 20
21.001085118160557
 10
43.2955722084627
 20
21.01532986058266
 10
43.272711373043684
 20
21.029512006711037
 10
43.24987848325301
 20
21.043631423728844
 10
43.22707363370892
 20
21.05768798070023
 10
43.204296918923575
 20
21.07168154859115
 10
43.18154843330317
 20
21.085612000272498
 10
43.15882827111888
 20
21.099479210540906
 10
43.14718480295902
 20
21.106562166886928
 10
43.148488848516884
 20
21.09085549513717
 10
43.15610539819478
 20
20.991745930314615
 10
43.1631136796359
 20
20.89259149693136
 10
43.16951342898241
 20
20.79339592809578
 10
43.17530440528738
 20
20.69416295846498
 10
43.1804863905238
 20
20.594896324104173
 10
43.18505918959285
 20
20.495599762346043
 10
43.189022630331266
 20
20.396277011650014
 10
43.19237656351771
 20
20.296931811461516
 10
43.19512086287851
 20
20.197567902071178
 10
43.19725542509234
 20
20.09818902447404
 10
43.19878016979414
 20
19.998798920228662
 10
43.19969503957814
 20
19.8994013313163
 10
43.2
 20
19.8
 10
43.19969503957814
 20
19.7005986686837
 10
43.19878016979414
 20
19.60120107977133
 10
43.19725542509234
 20
19.501810975525956
 10
43.19512086287851
 20
19.40243209792882
 10
43.19237656351771
 20
19.30306818853849
 10
43.18902263033126
 20
19.203722988349977
 10
43.18505918959285
 20
19.104400237653955
 10
43.1804863905238
 20
19.00510367589583
 10
43.17530440528738
 20
18.905837041535026
 10
43.16951342898241
 20
18.806604071904214
 10
43.1631136796359
 20
18.70740850306864
 10
43.15610539819478
 20
18.608254069685387
 10
43.148488848516884
 20
18.509144504862824
 10
43.140264317361
 20
18.410083540020068
 10
43.13143211437609
 20
18.311074904746448
 10
43.12199257208959
 20
18.21212232666112
 10
43.11194604589494
 20
18.113229531272708
 10
43.10129291403817
 20
18.01440024183909
 10
43.09003357760367
 20
17.91563817922714
 10
43.0781684604991
 20
17.8169470617727
 10
43.06569800943941
 20
17.718330605140544
 10
43.05262269393003
 20
17.619792522184554
 10
43.03894300624921
 20
17.521336522807843
 10
43.02465946142945
 20
17.42296631382313
 10
43.00977259723814
 20
17.32468559881321
 10
42.9942829741573
 20
17.226498077991444
 10
42.9781911753625
 20
17.12840744806249
 10
42.96149780670085
 20
17.030417402083113
 10
42.94420349666825
 20
16.932531629323186
 10
42.926308896385706
 20
16.834753815126717
 10
42.9078146795748
 20
16.737087640773144
 10
42.88872154253233
 20
16.639536783338716
 10
42.869030204104135
 20
16.54210491555811
 10
42.84874140565797
 20
16.44479570568606
 10
42.827855911055615
 20
16.347612817359312
 10
42.80637450662416
 20
16.250559909458705
 10
42.78429800112633
 20
16.153640635971357
 10
42.761627225730074
 20
16.05685864585313
 10
42.73836303397728
 20
15.960217582891243
 10
42.71450630175161
 20
15.863721085567121
 10
42.69005792724556
 20
15.767372786919331
 10
42.665018830926606
 20
15.671176314406868
 10
42.639389955502565
 20
15.575135289772533
 10
42.61317226588612
 20
15.479253328906644
 10
42.58636674915847
 20
15.383534041710828
 10
42.55897441453216
 20
15.287981031962133
 10
42.530996293313116
 20
15.192597897177393
 10
42.502433438861786
 20
15.097388228477708
 10
42.473286926553484
 20
15.002355610453296
 10
42.443557853737936
 20
14.907503621028496
 10
42.41324733969793
 20
14.812835831327131
 10
42.38235652560719
 20
14.718355805537957
 10
42.350886574487404
 20
14.62406710078055
 10
42.31883867116444
 20
14.529973266971332
 10
42.28621402222376
 20
14.43607784669
 10
42.25301385596494
 20
14.342384375046038
 10
42.21923942235547
 20
14.248896379545684
 10
42.18489199298371
 20
14.155617379959157
 10
42.14997286101095
 20
14.062550888188056
 10
42.11448334112277
 20
13.969700408133196
 10
42.07842476947953
 20
13.877069435562657
 10
42.04179850366609
 20
13.784661457980228
 10
42.00460592264064
 20
13.692479954494026
 10
41.966848426682844
 20
13.600528395685537
 10
41.928527437341074
 20
13.508810243479008
 10
41.88964439737893
 20
13.417328951011019
 10
41.85020077072089
 20
13.326087962500523
 10
41.81019804239719
 20
13.235090713119156
 10
41.76963771848796
 20
13.144340628861954
 10
41.72852132606646
 20
13.053841126418277
 10
41.68685041314163
 20
12.963595613043246
 10
41.644626548599774
 20
12.873607486429425
 10
41.601851322145556
 20
12.783880134578936
 10
41.558526344242054
 20
12.694416935675854
 10
41.514653246050194
 20
12.605221257959037
 10
41.47023367936734
 20
12.516296459595367
 10
41.42526931656508
 20
12.42764588855323
 10
41.379761850526236
 20
12.339272882476514
 10
41.333712994581184
 20
12.251180768558939
 10
41.287124482443346
 20
12.163372863418836
 10
41.23999806814386
 20
12.075852472974184
 10
41.19233552596559
 20
11.988622892318215
 10
41.14413865037629
 20
11.901687405595332
 10
41.09540925596112
 20
11.815049285877496
 10
41.04614917735422
 20
11.728711795040937
 10
40.9963602691697
 20
11.642678183643369
 10
40.94604440593183
 20
11.556951690801661
 10
40.895203482004405
 20
11.471535544069809
 10
40.84383941151949
 20
11.386432959317453
 10
40.79195412830529
 20
11.301647140608797
 10
40.739549585813414
 20
11.217181280082023
 10
40.68662775704525
 20
11.133038557829025
 10
40.63319063447776
 20
11.049222141775736
 10
40.57924022998837
 20
10.965735187562842
 10
40.524778574779354
 20
10.882580838427
 10
40.46980771930123
 20
10.799762225082446
 10
40.414329733175634
 20
10.717282465603148
 10
40.358346705117405
 20
10.63514466530546
 10
40.301860742855894
 20
10.55335191663113
 10
40.244873973055654
 20
10.47190729903091
 10
40.18738854123636
 20
10.390813878848608
 10
40.12940661169203
 20
10.310074709205686
 10
40.070930367409545
 20
10.22969282988624
 10
40.01196200998645
 20
10.149671267222583
 10
39.95250375954806
 20
10.070013033981319
 10
39.892557854663906
 20
9.990721129249927
 10
39.83212655226344
 20
9.911798538323787
 10
39.77121212755102
 20
9.833248232593839
 10
39.70981687392032
 20
9.75507316943471
 10
39.64794310286793
 20
9.677276292093339
 10
39.585593143906365
 20
9.599860529578184
 10
39.52276934447633
 20
9.522828796548936
 10
39.45947406985839
 20
9.44618399320683
 10
39.39570970308383
 20
9.369929005185377
 10
39.33147864484504
 20
9.294066703441782
 10
39.26678331340504
 20
9.218599944148814
 10
39.20162614450652
 20
9.143531568587324
 10
39.13600959128004
 20
9.068864403039218
 10
39.06993612415174
 20
8.994601258681065
 10
39.00340823075033
 20
8.920744931478296
 10
38.93642841581339
 20
8.847298202079884
 10
38.86899920109309
 20
8.774263835713661
 10
38.80112312526124
 20
8.701644582082249
 10
38.732802743813764
 20
8.629443175259514
 10
38.66404062897438
 20
8.557662333587608
 10
38.594839369597864
 20
8.486304759574644
 10
38.5252015710725
 20
8.415373139792948
 10
38.45512985522207
 20
8.344870144777929
 10
38.38462686020705
 20
8.274798428927497
 10
38.31369524042535
 20
8.205160630402133
 10
38.24233766641239
 20
8.135959371025614
 10
38.17055682474048
 20
8.067197256186233
 10
38.098355417917745
 20
7.998876874738755
 10
38.02573616428633
 20
7.931000798906908
 10
37.95270179792011
 20
7.863571584186609
 10
37.8792550685217
 20
7.796591769249666
 10
37.80539874131893
 20
7.730063875848252
 10
37.731135596960776
 20
7.663990408719954
 10
37.65646843141267
 20
7.598373855493477
 10
37.581400055851184
 20
7.5332166865949475
 10
37.50593329655821
 20
7.468521355154955
 10
37.43007099481461
 20
7.404290296916166
 10
37.35381600679317
 20
7.3405259301416095
 10
37.27717120345106
 20
7.27723065552366
 10
37.20013947042181
 20
7.214406856093632
 10
37.12272370790666
 20
7.15205689713207
 10
37.04492683056528
 20
7.09018312607968
 10
36.96675176740616
 20
7.02878787244898
 10
36.8882014616762
 20
6.967873447736558
 10
36.80927887075007
 20
6.907442145336084
 10
36.72998696601868
 20
6.847496240451939
 10
36.65032873277741
 20
6.7880379900135495
 10
36.57030717011376
 20
6.729069632590452
 10
36.489925290794304
 20
6.670593388307964
 10
36.409186121151386
 20
6.612611458763638
 10
36.32809270096909
 20
6.555126026944343
 10
36.24664808336887
 20
6.4981392571441035
 10
36.164855334694536
 20
6.441653294882592
 10
36.08271753439685
 20
6.385670266824356
 10
36.00023777491755
 20
6.3301922806987605
 10
35.917419161572994
 20
6.275221425220643
 10
35.834264812437155
 20
6.220759770011625
 10
35.750777858224254
 20
6.166809365522241
 10
35.66696144217097
 20
6.113372242954746
 10
35.582818719917974
 20
6.060450414186583
 10
35.4983528593912
 20
6.008045871694705
 10
35.413567040682544
 20
5.956160588480508
 10
35.32846445593019
 20
5.904796517995592
 10
35.24304830919833
 20
5.853955594068175
 10
35.15732181635663
 20
5.803639730830298
 10
35.07128820495906
 20
5.753850822645781
 10
34.9849507141225
 20
5.704590744038875
 10
34.898312594404665
 20
5.655861349623699
 10
34.81137710768178
 20
5.607664474034408
 10
34.72414752702581
 20
5.560001931856135
 10
34.63662713658116
 20
5.512875517556651
 10
34.54881923144105
 20
5.466287005418813
 10
34.46072711752348
 20
5.420238149473768
 10
34.37235411144677
 20
5.374730683434926
 10
34.28370354040463
 20
5.32976632063265
 10
34.19477874204095
 20
5.285346753949803
 10
34.10558306432414
 20
5.24147365575795
 10
34.01611986542106
 20
5.198148677854441
 10
33.92639251357057
 20
5.155373451400216
 10
33.836404386956744
 20
5.11314958685837
 10
33.74615887358172
 20
5.071478673933534
 10
33.65565937113804
 20
5.0303622815120335
 10
33.56490928688084
 20
4.989801957602808
 10
33.473912037499474
 20
4.949799229279108
 10
33.382671048988975
 20
4.91035560262106
 10
33.291189756520986
 20
4.871472562658923
 10
33.19947160431446
 20
4.83315157331716
 10
33.10752004550597
 20
4.795394077359354
 10
33.01533854201976
 20
4.7582014963339105
 10
32.92293056443734
 20
4.721575230520465
 10
32.8302995918668
 20
4.685516658877226
 10
32.73744911181194
 20
4.650027138989046
 10
32.64438262004084
 20
4.615108007016289
 10
32.55110362045431
 20
4.580760577644526
 10
32.45761562495396
 20
4.546986144035067
 10
32.36392215330999
 20
4.513785977776244
 10
32.27002673302866
 20
4.4811613288355545
 10
32.17593289921945
 20
4.449113425512593
 10
32.08164419446204
 20
4.417643474392804
 10
31.987164168672862
 20
4.386752660302065
 10
31.892496378971494
 20
4.3564421462620615
 10
31.797644389546697
 20
4.326713073446513
 10
31.702611771522285
 20
4.297566561138218
 10
31.607402102822604
 20
4.269003706686881
 10
31.512018968037864
 20
4.241025585467838
 10
31.416465958289166
 20
4.213633250841525
 10
31.32074667109335
 20
4.186827734113876
 10
31.224864710227465
 20
4.160610044497432
 10
31.128823685593126
 20
4.1349811690733915
 10
31.03262721308066
 20
4.109942072754443
 10
30.936278914432872
 20
4.085493698248392
 10
30.83978241710875
 20
4.061636966022725
 10
30.743141354146864
 20
4.038372774269924
 10
30.64635936402864
 20
4.0157019988736735
 10
30.54944009054129
 20
3.9936254933758377
 10
30.452387182640685
 20
3.9721440889443826
 10
30.355204294313932
 20
3.951258594342029
 10
30.257895084441884
 20
3.9309697958958623
 10
30.160463216661277
 20
3.9112784574676667
 10
30.06291235922685
 20
3.892185320425206
 10
29.965246184873276
 20
3.8736911036142985
 10
29.867468370676807
 20
3.855796503331753
 10
29.76958259791688
 20
3.8385021932991563
 10
29.671592551937504
 20
3.8218088246375004
 10
29.57350192200855
 20
3.8057170258426964
 10
29.475314401186782
 20
3.7902274027618645
 10
29.377033686176862
 20
3.7753405385705534
 10
29.27866347719215
 20
3.761056993750792
 10
29.18020747781544
 20
3.747377306069964
 10
29.08166939485945
 20
3.7343019905605885
 10
28.983052938227292
 20
3.721831539500897
 10
28.884361820772853
 20
3.7099664223963273
 10
28.785599758160902
 20
3.6987070859618356
 10
28.686770468727286
 20
3.688053954105065
 10
28.587877673338873
 20
3.6780074279104085
 10
28.488925095253546
 20
3.668567885623908
 10
28.389916459979926
 20
3.6597356826390026
 10
28.290855495137173
 20
3.6515111514831133
 10
28.191745930314603
 20
3.643894601805222
 10
28.092591496931355
 20
3.6368863203640984
 10
27.99339592809578
 20
3.6304865710175847
 10
27.894162958464968
 20
3.6246955947126267
 10
27.794896324104165
 20
3.6195136094762077
 10
27.69559976234604
 20
3.6149408104071483
 10
27.596277011650017
 20
3.6109773696687384
 10
27.496931811461504
 20
3.6076234364822923
 10
27.397567902071174
 20
3.604879137121493
 10
27.298189024474038
 20
3.6027445749076605
 10
27.198798920228665
 20
3.6012198302058565
 10
27.099401331316294
 20
3.600304960421859
 10
27.0
 20
3.6000000000000014
 10
26.9005986686837
 20
3.600304960421859
 10
26.801201079771328
 20
3.6012198302058565
 10
26.701810975525955
 20
3.6027445749076605
 10
26.60243209792882
 20
3.604879137121493
 10
26.50306818853849
 20
3.6076234364822923
 10
26.40372298834998
 20
3.6109773696687384
 10
26.304400237653955
 20
3.6149408104071483
 10
26.205103675895828
 20
3.6195136094762077
 10
26.105837041535025
 20
3.6246955947126267
 10
26.006604071904214
 20
3.6304865710175847
 10
25.907408503068638
 20
3.6368863203640984
 10
25.80825406968539
 20
3.643894601805222
 10
25.709144504862824
 20
3.6515111514831133
 10
25.610083540020067
 20
3.6597356826390026
 10
25.511074904746447
 20
3.668567885623908
 10
25.41212232666112
 20
3.6780074279104085
 10
25.313229531272707
 20
3.688053954105065
 10
25.21440024183909
 20
3.6987070859618356
 10
25.115638179227144
 20
3.7099664223963273
 10
25.0169470617727
 20
3.721831539500897
 10
24.918330605140543
 20
3.7343019905605885
 10
24.819792522184553
 20
3.747377306069964
 10
24.721336522807842
 20
3.761056993750792
 10
24.62296631382313
 20
3.7753405385705534
 10
24.52468559881321
 20
3.7902274027618645
 10
24.426498077991443
 20
3.8057170258426964
 10
24.32840744806249
 20
3.8218088246375004
 10
24.230417402083113
 20
3.8385021932991563
 10
24.132531629323186
 20
3.855796503331753
 10
24.034753815126717
 20
3.8736911036142985
 10
23.937087640773143
 20
3.892185320425206
 10
23.839536783338716
 20
3.9112784574676667
 10
23.74210491555811
 20
3.9309697958958694
 10
23.64479570568606
 20
3.951258594342029
 10
23.547612817359312
 20
3.9721440889443826
 10
23.450559909458704
 20
3.9936254933758377
 10
23.353640635971356
 20
4.0157019988736735
 10
23.256858645853132
 20
4.038372774269924
 10
23.160217582891242
 20
4.061636966022725
 10
23.06372108556712
 20
4.085493698248392
 10
22.967372786919334
 20
4.109942072754443
 10
22.871176314406867
 20
4.134981169073399
 10
22.775135289772532
 20
4.160610044497439
 10
22.679253328906643
 20
4.186827734113876
 10
22.583534041710827
 20
4.213633250841532
 10
22.487981031962132
 20
4.241025585467838
 10
22.392597897177392
 20
4.269003706686881
 10
22.297388228477708
 20
4.297566561138218
 10
22.202355610453296
 20
4.326713073446513
 10
22.1075036210285
 20
4.3564421462620615
 10
22.01283583132713
 20
4.386752660302065
 10
21.918355805537956
 20
4.417643474392811
 10
21.82406710078055
 20
4.449113425512593
 10
21.729973266971335
 20
4.481161328835562
 10
21.63607784669
 20
4.513785977776244
 10
21.542384375046037
 20
4.546986144035067
 10
21.448896379545683
 20
4.580760577644526
 10
21.355617379959156
 20
4.615108007016289
 10
21.262550888188056
 20
4.650027138989053
 10
21.169700408133195
 20
4.685516658877226
 10
21.077069435562656
 20
4.721575230520465
 10
20.98466145798023
 20
4.7582014963339105
 10
20.892479954494025
 20
4.795394077359354
 10
20.800528395685536
 20
4.83315157331716
 10
20.708810243479007
 20
4.871472562658923
 10
20.617328951011018
 20
4.910355602621067
 10
20.526087962500522
 20
4.949799229279108
 10
20.435090713119155
 20
4.989801957602808
 10
20.344340628861953
 20
5.030362281512041
 10
20.253841126418276
 20
5.071478673933541
 10
20.16359561304325
 20
5.11314958685837
 10
20.073607486429424
 20
5.155373451400223
 10
19.983880134578936
 20
5.198148677854448
 10
19.894416935675853
 20
5.24147365575795
 10
19.80522125795904
 20
5.285346753949803
 10
19.71629645959537
 20
5.3297663206326575
 10
19.62764588855323
 20
5.374730683434926
 10
19.539272882476514
 20
5.420238149473768
 10
19.45118076855894
 20
5.466287005418813
 10
19.363372863418835
 20
5.512875517556651
 10
19.275852472974183
 20
5.560001931856142
 10
19.188622892318214
 20
5.607664474034415
 10
19.10168740559533
 20
5.655861349623706
 10
19.015049285877495
 20
5.704590744038875
 10
18.928711795040932
 20
5.753850822645781
 10
18.84267818364337
 20
5.803639730830298
 10
18.756951690801664
 20
5.853955594068175
 10
18.67153554406981
 20
5.904796517995592
 10
18.586432959317452
 20
5.956160588480508
 10
18.501647140608796
 20
6.008045871694712
 10
18.417181280082023
 20
6.06045041418659
 10
18.333038557829024
 20
6.113372242954746
 10
18.24922214177574
 20
6.166809365522248
 10
18.16573518756284
 20
6.220759770011632
 10
18.082580838427
 20
6.275221425220643
 10
17.999762225082446
 20
6.330192280698768
 10
17.91728246560315
 20
6.385670266824363
 10
17.835144665305464
 20
6.441653294882592
 10
17.75335191663113
 20
6.4981392571441035
 10
17.671907299030906
 20
6.555126026944343
 10
17.590813878848607
 20
6.612611458763645
 10
17.51007470920569
 20
6.670593388307971
 10
17.429692829886235
 20
6.729069632590452
 10
17.349671267222583
 20
6.7880379900135495
 10
17.270013033981318
 20
6.847496240451946
 10
17.190721129249923
 20
6.907442145336091
 10
17.11179853832379
 20
6.967873447736558
 10
17.033248232593838
 20
7.028787872448987
 10
16.955073169434712
 20
7.090183126079687
 10
16.87727629209334
 20
7.15205689713207
 10
16.799860529578183
 20
7.214406856093632
 10
16.72282879654894
 20
7.277230655523667
 10
16.64618399320683
 20
7.340525930141617
 10
16.56992900518538
 20
7.404290296916166
 10
16.49406670344178
 20
7.468521355154955
 10
16.41859994414881
 20
7.533216686594955
 10
16.343531568587323
 20
7.5983738554934845
 10
16.268864403039213
 20
7.663990408719965
 10
16.19460125868107
 20
7.730063875848252
 10
16.1207449314783
 20
7.796591769249666
 10
16.04729820207988
 20
7.863571584186609
 10
15.974263835713657
 20
7.931000798906915
 10
15.901644582082255
 20
7.998876874738755
 10
15.829443175259515
 20
8.06719725618624
 10
15.757662333587605
 20
8.13595937102562
 10
15.686304759574638
 20
8.20516063040214
 10
15.61537313979295
 20
8.274798428927497
 10
15.544870144777928
 20
8.344870144777932
 10
15.47479842892749
 20
8.415373139792955
 10
15.405160630402138
 20
8.486304759574644
 10
15.335959371025615
 20
8.557662333587608
 10
15.267197256186234
 20
8.629443175259517
 10
15.19887687473875
 20
8.70164458208226
 10
15.131000798906912
 20
8.774263835713661
 10
15.063571584186606
 20
8.847298202079884
 10
14.996591769249664
 20
8.920744931478303
 10
14.93006387584825
 20
8.994601258681076
 10
14.86399040871996
 20
9.068864403039218
 10
14.798373855493477
 20
9.143531568587328
 10
14.733216686594947
 20
9.21859994414882
 10
14.668521355154958
 20
9.294066703441782
 10
14.604290296916163
 20
9.369929005185384
 10
14.540525930141609
 20
9.446183993206834
 10
14.477230655523659
 20
9.52282879654895
 10
14.414406856093635
 20
9.599860529578184
 10
14.352056897132067
 20
9.677276292093346
 10
14.29018312607968
 20
9.755073169434716
 10
14.228787872448978
 20
9.83324823259385
 10
14.16787344773656
 20
9.911798538323787
 10
14.107442145336087
 20
9.990721129249927
 10
14.047496240451936
 20
10.07001303398133
 10
13.988037990013552
 20
10.149671267222583
 10
13.92906963259045
 20
10.229692829886243
 10
13.897092624004888
 20
10.273648663176509
 10
13.88777296261128
 20
10.274658284583744
 10
13.881947993692865
 20
10.275297952610558
 10
13.850873489233441
 20
10.278756474822579
 10
13.845057058408598
 20
10.279412448624814
 10
13.813988603919935
 20
10.282962380659448
 10
13.80818092025214
 20
10.283634576882019
 10
13.777118661557191
 20
10.287275819541989
 10
13.771319932612208
 20
10.287964152963855
 10
13.740264014474512
 20
10.291696604712325
 10
13.734474446289301
 20
10.292400988271368
 10
13.703425012391893
 20
10.296224545249991
 10
13.697644809445084
 20
10.296944890068247
 10
13.666602002369672
 20
10.30085944611557
 10
13.660831367551772
 20
10.301595661524935
 10
13.629795328758538
 20
10.305601108195074
 10
13.624034463343992
 20
10.306353101763339
 10
13.593005333151787
 20
10.31044932834493
 10
13.587254436770367
 20
10.311217005902297
 10
13.556232354337455
 20
10.315403899437761
 10
13.550491624947712
 20
10.3161871651036
 10
13.519476728252705
 20
10.320464610408663
 10
13.51374636211434
 20
10.321263366618844
 10
13.482738787937835
 20
10.325631246302326
 10
13.477018979586704
 20
10.326445393836636
 10
13.446018863493356
 20
10.330903588320481
 10
13.440309805715037
 20
10.33173302633065
 10
13.409317282035886
 20
10.336281413870232
 10
13.403619165841782
 20
10.337126039908043
 10
13.372634367657378
 20
10.341764496612644
 10
13.366947382260635
 20
10.342624206658442
 10
13.335970441384383
 20
10.347352606511997
 10
13.330294774176057
 20
10.348227295003568
 10
13.299325821138194
 20
10.353045509885604
 10
13.293661657665426
 20
10.35393506974712
 10
13.26270082169729
 20
10.358842969453903
 10
13.257048345640364
 20
10.359747292125398
 10
13.226095754659418
 20
10.364744744391256
 10
13.220455147811405
 20
10.365663719858077
 10
13.189510928406536
 20
10.370750590376907
 10
13.183882370652116
 20
10.371684107199584
 10
13.152946648069468
 20
10.376860259646556
 10
13.147330317365745
 20
10.377808204990735
 10
13.116403215495152
 20
10.383073501044066
 10
13.110799287851561
 20
10.384035760710873
 10
13.079880929213221
 20
10.389390060073879
 10
13.074289578673792
 20
10.39036651853019
 10
13.043380084405811
 20
10.395809678953363
 10
13.037801483031519
 20
10.396800219362348
 10
13.00690097287763
 20
10.402332096665596
 10
13.001335290728695
 20
10.40333660091757
 10
12.97044388302654
 20
10.408957049012614
 10
12.96489128814663
 20
10.409975397755801
 10
12.93400909981657
 20
10.415684268668624
 10
12.928469758216918
 20
10.416716341340177
 10
12.897596904751497
 20
10.422513485233566
 10
12.89207098039623
 20
10.423559160090626
 10
12.861207575849882
 20
10.429444425286853
 10
12.855695230641834
 20
10.430503579437733
 10
12.8248413876211
 20
10.43647681244126
 10
12.819342781387666
 20
10.437549321876844
 10
12.788498611042195
 20
10.443610367397106
 10
12.78301390152362
 20
10.444696107021969
 10
12.752179513537298
 20
10.45084480799623
 10
12.746708856373544
 20
10.451943651660237
 10
12.715884358956329
 20
10.458179849276483
 10
12.71042790767656
 20
10.45929166980605
 10
12.679613407556724
 20
10.465615203525907
 10
12.674171313567587
 20
10.466739872755653
 10
12.643366915984567
 20
10.473150580337332
 10
12.637939328561707
 20
10.474287969141244
 10
12.60714513725933
 20
10.48078568666249
 10
12.601732203536372
 20
10.481935664985741
 10
12.570948320756456
 20
10.488520226866854
 10
12.565550185717804
 20
10.489682663756959
 10
12.534776712194533
 20
10.496353902783724
 10
12.529393518666437
 20
10.497528666422149
 10
12.498630553621071
 20
10.504286413768803
 10
12.493262442265422
 20
10.505473371502141
 10
12.462510083401222
 20
10.512317456754332
 10
12.457157192707518
 20
10.513516475125947
 10
12.426415536205603
 20
10.520446726303632
 10
12.421078002486713
 20
10.521657671084519
 10
12.390347143002304
 20
10.528673914664786
 10
12.385025100388177
 20
10.529896650885007
 10
12.354305131046777
 20
10.536998711824982
 10
12.348998711480128
 20
10.538233103804679
 10
12.318289723874855
 20
10.545420805564234
 10
12.312999057107316
 20
10.546666716944593
 10
12.282301141296331
 20
10.553939881509056
 10
12.277026354885104
 20
10.555197175283183
 10
12.246339599389444
 20
10.562555623186014
 10
12.241080818694952
 20
10.563824161729613
 10
12.210405310497212
 20
10.571267712074853
 10
12.205162658680896
 20
10.572547357176866
 10
12.17449848322372
 20
10.580075827661709
 10
12.169272081246309
 20
10.581366440554845
 10
12.138619322431813
 20
10.58897964749196
 10
12.133409289053784
 20
10.590281088882701
 10
12.102768029243416
 20
10.597978847222453
 10
12.097574481023411
 20
10.599290977321509
 10
12.066944801037831
 20
10.607073100674185
 10
12.061767852334139
 20
10.60839577922619
 10
12.031149831453957
 20
10.61626207988397
 10
12.025989594425658
 20
10.617595166197198
 10
11.9953833103924
 20
10.62554545515609
 10
11.990239895000178
 20
10.626888808132207
 10
11.959645424017513
 20
10.634922895113846
 10
11.954518938026897
 20
10.636276373277
 10
11.923936354762684
 20
10.64439406675022
 10
11.918826903746435
 20
10.645757528276235
 10
11.888256281334815
 20
10.653958635478613
 10
11.883163968676477
 20
10.655331938223846
 10
11.852605378720229
 20
10.663616265183073
 10
11.847530305617598
 20
10.664999266713156
 10
11.816983818191622
 20
10.673366618268119
 10
11.811926083662843
 20
10.674759175885939
 10
11.781391767317166
 20
10.683209355707799
 10
11.776351468203442
 20
10.684611326482258
 10
11.745829389966854
 20
10.693144137095363
 10
11.740806620939985
 20
10.694555377888697
 10
11.710296846324452
 20
10.703170620691154
 10
11.705291699892106
 20
10.70459098818678
 10
11.674794292897168
 20
10.713288463470981
 10
11.66980685941003
 20
10.714717814200633
 10
11.639321882527513
 20
10.723497321173582
 10
11.63435225018564
 20
10.72493551154458
 10
11.603879764404736
 20
10.733796848348057
 10
11.598928019265678
 20
10.735243734669886
 10
11.568468084078805
 20
10.744186698400263
 10
11.56353431006618
 20
10.745642136910874
 10
11.533086983474572
 20
10.754666523638917
 10
11.528171262385518
 20
10.756130370531181
 10
11.497736600905261
 20
10.76523597532162
 10
11.492839012420408
 20
10.766708086768862
 10
11.462417071089348
 20
10.775894703699574
 10
11.457537692782287
 20
10.777374935881078
 10
11.42712852516663
 20
10.78664235806226
 10
11.422267432513353
 20
10.788130567188592
 10
11.391871090714593
 20
10.797478586781693
 10
11.387028357103947
 20
10.79897462911952
 10
11.356644891766553
 20
10.808403037355845
 10
11.351820588511742
 20
10.809906769252208
 10
11.321450048830854
 20
10.819415356451344
 10
11.316644245179823
 20
10.820926634358106
 10
11.286286678909054
 20
10.830515189946205
 10
11.281499442056496
 20
10.832033870443727
 10
11.251154895516354
 20
10.841702182971456
 10
11.24638629061583
 20
10.843228122792048
 10
11.216054808702182
 20
10.852975979952355
 10
11.211304898877936
 20
10.85450903600357
 10
11.180986525070917
 20
10.864336224649193
 10
11.176255371431484
 20
10.86587625403633
 10
11.145950147804491
 20
10.875782560197067
 10
11.141237809455241
 20
10.877329420245761
 10
11.110945776684144
 20
10.887314629145575
 10
11.106252310740786
 20
10.88886817742383
 10
11.07597350811362
 20
10.898932073497583
 10
11.0712989697161
 20
10.90049216783742
 10
11.041033435142902
 20
10.910634534747437
 10
11.036377877469961
 20
10.912201033266054
 10
11.006125647492539
 20
10.922421653918484
 10
11.0014891217751
 20
10.92399441503958
 10
10.971250231577411
 20
10.934293071600429
 10
10.96663278711457
 20
10.935871954074344
 10
10.936407270533273
 20
10.946248427985239
 10
10.931808954706586
 20
10.9478332909094
 10
10.90159684424145
 20
10.95828736290325
 10
10.897017702530551
 20
10.959878065741908
 10
10.866819029355423
 20
10.970409515858158
 10
10.862259105353452
 20
10.972005918461896
 10
10.832073899327355
 20
10.982614526061575
 10
10.82753323475729
 20
10.984216488686194
 10
10.797361524435491
 20
10.994902032466769
 10
10.79284015916571
 20
10.996509415792204
 10
10.762681971811254
 20
11.007271673802077
 10
10.758179943872598
 20
11.008884338950438
 10
10.728035305467792
 20
11.019723088603264
 10
10.723552651069376
 20
11.021340897157046
 10
10.69342158632736
 20
11.032255915245862
 10
10.688958339874098
 20
11.033878729265247
 10
10.658840872251204
 20
11.044869791976055
 10
10.65439706636112
 20
11.046497474015961
 10
10.62429321806841
 20
11.057564356941448
 10
10.619868883588715
 20
11.059196770068752
 10
10.589778675604244
 20
11.070339248221522
 10
10.585373841630112
 20
11.071976256030968
 10
10.555297293711455
 20
11.0831941038565
 10
10.550911987602927
 20
11.08483557048698
 10
10.52084911829952
 20
11.096128561876405
 10
10.516483365700065
 20
11.097774352026317
 10
10.486434192365625
 20
11.109142260328987
 10
10.48208801721907
 20
11.11079223927187
 10
10.452052556024206
 20
11.122234837307637
 10
10.447725980593535
 20
11.123888870906818
 10
10.417704246538985
 20
11.135405930977878
 10
10.413397291425674
 20
11.137063885700552
 10
10.383389298354764
 20
11.148655179603313
 10
10.37910198251501
 20
11.150316922535513
 10
10.34910774312663
 20
11.161982221572131
 10
10.344840083891889
 20
11.1636476204317
 10
10.314859609753764
 20
11.175386695421238
 10
10.310611622848484
 20
11.177055618571568
 10
10.280644924410264
 20
11.188868239861016
 10
10.276416623971578
 20
11.190540556323697
 10
10.246463710578006
 20
11.202426493798725
 10
10.242255109173268
 20
11.204102073266704
 10
10.212315989077393
 20
11.216061096362232
 10
10.208127097724592
 20
11.217739809211501
 10
10.178201778101478
 20
11.22977168692179
 10
10.174032606288232
 20
11.231453404223338
 10
10.144121093248028
 20
11.243557905112148
 10
10.139971648949498
 20
11.245242498643957
 10
10.110073947551001
 20
11.257419390854295
 10
10.105944237251027
 20
11.259106733111757
 10
10.076060351515316
 20
11.271355784375352
 10
10.071950380224393
 20
11.2730457485826
 10
10.042080313148304
 20
11.285366726229235
 10
10.037990084423662
 20
11.28705918634931
 10
10.008133837993448
 20
11.299451857315837
 10
10.00406335395791
 20
11.301146688061007
 10
9.974220929162833
 20
11.313610818900216
 10
9.97017019052548
 20
11.315307895741203
 10
9.940341587371524
 20
11.327843252630355
 10
9.936310593445768
 20
11.329542451806326
 10
9.90649581096934
 20
11.342148800555524
 10
9.902484559693924
 20
11.343849999082515
 10
9.872683595975538
 20
11.356527105142813
 10
9.86869208393276
 20
11.358230180823
 10
9.83890493611058
 20
11.370977809294395
 10
9.834933158546647
 20
11.372682640724104
 10
9.805159822830571
 20
11.38550055636306
 10
9.801207773676047
 20
11.387207022940423
 10
9.771448245361235
 20
11.400094990167375
 10
9.767515917248083
 20
11.401802972101116
 10
9.737770190728554
 20
11.414760755007798
 10
9.733857575012905
 20
11.416470133323212
 10
9.704125643795507
 20
11.429497495679541
 10
9.700232730574882
 20
11.431208152226546
 10
9.67051458729286
 20
11.444304857487491
 10
9.666641365427019
 20
11.446016674946776
 10
9.636937001853795
 20
11.45918248625889
 10
9.633083458983542
 20
11.460895348148625
 10
9.603392866046164
 20
11.474130028356555
 10
9.599558988613296
 20
11.475843819038268
 10
9.5698821564064
 20
11.489147130690775
 10
9.566067929673068
 20
11.490861735375184
 10
9.536404847472365
 20
11.504233440731156
 10
9.532610255540789
 20
11.505948745483487
 10
9.502960911816533
 20
11.519388606517794
 10
9.499185937647617
 20
11.521104498263291
 10
9.469550320078397
 20
11.534612276672224
 10
9.465794945511917
 20
11.536328643200623
 10
9.436173040997936
 20
11.549904100407385
 10
9.432437246771535
 20
11.551620830377612
 10
9.402829041448232
 20
11.565263727537442
 10
9.399112807216106
 20
11.56698071048212
 10
9.369518286467677
 20
11.580690808487226
 10
9.36582159082101
 20
11.582407934816096
 10
9.33624073929343
 20
11.596184994300643
 10
9.332563559777572
 20
11.597902155305121
 10
9.302996361392271
 20
11.611745936649683
 10
9.299338674527991
 20
11.613463024505272
 10
9.26978511249511
 20
11.62737328784128
 10
9.266146893795483
 20
11.62909019561166
 10
9.236606950626765
 20
11.64306670082582
 10
9.232988174617052
 20
11.644783322465269
 10
9.20346183213928
 20
11.658825829203515
 10
9.199862472375585
 20
11.66054205955956
 10
9.170349711743658
 20
11.674650327230985
 10
9.166769740831548
 20
11.676366062046789
 10
9.13727054254139
 20
11.69053984982742
 10
9.133709932154066
 20
11.692254985744086
 10
9.104224276055497
 20
11.706494052580535
 10
9.100682996952571
 20
11.708208487138794
 10
9.071210862262468
 20
11.722512591751528
 10
9.06768888430858
 20
11.724226223393245
 10
9.038230249623382
 20
11.738595124279982
 10
9.03472754180546
 20
11.740307852349982
 10
9.005282385113983
 20
11.75474130778877
 10
9.001798915560663
 20
11.756453032535365
 10
8.972367214256828
 20
11.770950800587471
 10
8.968902950255238
 20
11.77266142316395
 10
8.9394846811505
 20
11.787223261676736
 10
8.936039589164984
 20
11.788932684141631
 10
8.90663472850088
 20
11.803558350751171
 10
8.903208774190109
 20
11.805266476069036
 10
8.88099922443773
 20
11.81636634972282
 10
8.898646837070093
 20
11.776221982701205
 10
8.948220566292488
 20
11.665305213053504
 10
8.998473934807652
 20
11.55469471006679
 10
9.049405050604673
 20
11.444394638163967
 10
9.101011996155819
 20
11.334409150080418
  0
ENDSEC
  0
SECTION
  2
OBJECTS
  0
DICTIONARY
  5
A
330
0
100
AcDbDictionary
281
1
  3
ACAD_COLOR
350
B
  3
ACAD_GROUP
350
C
  3
ACAD_LAYOUT
350
D
  3
ACAD_MATERIAL
350
E
  3
ACAD_MLEADERSTYLE
350
F
  3
ACAD_MLINESTYLE
350
10
  3
ACAD_PLOTSETTINGS
350
11
  3
ACAD_PLOTSTYLENAME
350
12
  3
ACAD_SCALELIST
350
14
  3
ACAD_TABLESTYLE
350
15
  3
ACAD_VISUALSTYLE
350
16
  3
EZDXF_META
350
2D
  0
DICTIONARY
  5
B
330
A
100
AcDbDictionary
281
1
  0
DICTIONARY
  5
C
330
A
100
AcDbDictionary
281
1
  0
DICTIONARY
  5
D
330
A
100
AcDbDictionary
281
1
  3
Model
350
1A
  3
Layout1
350
1E
  0
DICTIONARY
  5
E
330
A
100
AcDbDictionary
281
1
  3
ByBlock
350
1F
  3
ByLayer
350
20
  3
Global
350
21
  0
DICTIONARY
  5
F
330
A
100
AcDbDictionary
281
1
  3
Standard
350
2C
  0
DICTIONARY
  5
10
330
A
100
AcDbDictionary
281
1
  3
Standard
350
22
  0
DICTIONARY
  5
11
330
A
100
AcDbDictionary
281
1
  0
ACDBDICTIONARYWDFLT
  5
12
330
A
100
AcDbDictionary
281
1
  3
Normal
350
13
100
AcDbDictionaryWithDefault
340
13
  0
ACDBPLACEHOLDER
  5
13
330
12
  0
DICTIONARY
  5
14
330
A
100
AcDbDictionary
281
1
  0
DICTIONARY
  5
15
330
A
100
AcDbDictionary
281
1
  0
DICTIONARY
  5
16
330
A
100
AcDbDictionary
281
1
  0
LAYOUT
  5
1A
330
D
100
AcDbPlotSettings
  1

  4
A3
  6

 40
7.5
 41
20.0
 42
7.5
 43
20.0
 44
420.0
 45
297.0
 46
0.0
 47
0.0
 48
0.0
 49
0.0
140
0.0
141
0.0
142
1.0
143
1.0
 70
1024
 72
1
 73
0
 74
5
  7

 75
16
 76
0
 77
2
 78
300
147
1.0
148
0.0
149
0.0
100
AcDbLayout
  1
Model
 70
1
 71
0
 10
0.0
 20
0.0
 11
420.0
 21
297.0
 12
0.0
 22
0.0
 32
0.0
 14
1e+20
 24
1e+20
 34
1e+20
 15
-1e+20
 25
-1e+20
 35
-1e+20
146
0.0
 13
0.0
 23
0.0
 33
0.0
 16
1.0
 26
0.0
 36
0.0
 17
0.0
 27
1.0
 37
0.0
 76
1
330
17
  0
LAYOUT
  5
1E
330
D
100
AcDbPlotSettings
  1

  4
A3
  6

 40
7.5
 41
20.0
 42
7.5
 43
20.0
 44
420.0
 45
297.0
 46
0.0
 47
0.0
 48
0.0
 49
0.0
140
0.0
141
0.0
142
1.0
143
1.0
 70
0
 72
1
 73
0
 74
5
  7

 75
16
 76
0
 77
2
 78
300
147
1.0
148
0.0
149
0.0
100
AcDbLayout
  1
Layout1
 70
1
 71
1
 10
0.0
 20
0.0
 11
420.0
 21
297.0
 12
0.0
 22
0.0
 32
0.0
 14
1e+20
 24
1e+20
 34
1e+20
 15
-1e+20
 25
-1e+20
 35
-1e+20
146
0.0
 13
0.0
 23
0.0
 33
0.0
 16
1.0
 26
0.0
 36
0.0
 17
0.0
 27
1.0
 37
0.0
 76
1
330
1B
  0
MATERIAL
  5
1F
102
{ACAD_REACTORS
330
E
102
}
330
E
100
AcDbMaterial
  1
ByBlock
  2

 70
0
 40
1.0
 71
1
 41
1.0
 91
-1023410177
 42
1.0
 72
1
  3

 73
1
 74
1
 75
1
 44
0.5
 73
0
 45
1.0
 46
1.0
 77
1
  4

 78
1
 79
1
170
1
 48
1.0
171
1
  6

172
1
173
1
174
1
140
1.0
141
1.0
175
1
  7

176
1
177
1
178
1
143
1.0
179
1
  8

270
1
271
1
272
1
145
1.0
146
1.0
273
1
  9

274
1
275
1
276
1
 42
1.0
 72
1
  3

 73
1
 74
1
 75
1
 94
63
  0
MATERIAL
  5
20
102
{ACAD_REACTORS
330
E
102
}
330
E
100
AcDbMaterial
  1
ByLayer
  2

 70
0
 40
1.0
 71
1
 41
1.0
 91
-1023410177
 42
1.0
 72
1
  3

 73
1
 74
1
 75
1
 44
0.5
 73
0
 45
1.0
 46
1.0
 77
1
  4

 78
1
 79
1
170
1
 48
1.0
171
1
  6

172
1
173
1
174
1
140
1.0
141
1.0
175
1
  7

176
1
177
1
178
1
143
1.0
179
1
  8

270
1
271
1
272
1
145
1.0
146
1.0
273
1
  9

274
1
275
1
276
1
 42
1.0
 72
1
  3

 73
1
 74
1
 75
1
 94
63
  0
MATERIAL
  5
21
102
{ACAD_REACTORS
330
E
102
}
330
E
100
AcDbMaterial
  1
Global
  2

 70
0
 40
1.0
 71
1
 41
1.0
 91
-1023410177
 42
1.0
 72
1
  3

 73
1
 74
1
 75
1
 44
0.5
 73
0
 45
1.0
 46
1.0
 77
1
  4

 78
1
 79
1
170
1
 48
1.0
171
1
  6

172
1
173
1
174
1
140
1.0
141
1.0
175
1
  7

176
1
177
1
178
1
143
1.0
179
1
  8

270
1
271
1
272
1
145
1.0
146
1.0
273
1
  9

274
1
275
1
276
1
 42
1.0
 72
1
  3

 73
1
 74
1
 75
1
 94
63
  0
MLINESTYLE
  5
22
102
{ACAD_REACTORS
330
10
102
}
330
10
100
AcDbMlineStyle
  2
Standard
 70
0
  3

 62
256
 51
90.0
 52
90.0
 71
2
 49
0.5
 62
256
  6
BYLAYER
 49
-0.5
 62
256
  6
BYLAYER
  0
MLEADERSTYLE
  5
2C
102
{ACAD_REACTORS
330
F
102
}
330
F
100
AcDbMLeaderStyle
179
2
170
2
171
1
172
0
 90
2
 40
0.0
 41
0.0
173
1
 91
-1056964608
 92
-2
290
1
 42
2.0
291
1
 43
8.0
  3
Standard
 44
4.0
300

342
29
174
1
175
1
176
0
178
1
 93
-1056964608
 45
4.0
292
0
297
0
 46
4.0
 94
-1056964608
 47
1.0
 49
1.0
140
1.0
294
1
141
0.0
177
0
142
1.0
295
0
296
0
143
3.75
271
0
272
9
273
9
  0
DICTIONARY
  5
2D
330
A
100
AcDbDictionary
280
1
281
1
  3
CREATED_BY_EZDXF
350
2E
  3
WRITTEN_BY_EZDXF
350
36
  0
DICTIONARYVAR
  5
2E
330
2D
100
DictionaryVariables
280
0
  1
0.0 @ 2000-01-01T00:00:00.000000+00:00
  0
DICTIONARYVAR
  5
36
330
2D
100
DictionaryVariables
280
0
  1
0.0 @ 2000-01-01T00:00:00.000000+00:00
  0
ENDSEC
  0
EOF
