  0
SECTION
  2
BLOCKS
  0
ENDSEC
  0
SECTION
  2
ENTITIES
  0
LINE
  8
0
 10
11.7226
 20
41.5331
 11
11.5637
 21
41.4614
  0
LINE
  8
0
 10
11.5637
 20
41.4614
 11
11.4842
 21
41.4241
  0
LINE
  8
0
 10
11.4842
 20
41.4241
 11
11.4047
 21
41.3876
  0
LINE
  8
0
 10
11.4047
 20
41.3876
 11
11.2473
 21
41.3116
  0
LINE
  8
0
 10
11.2473
 20
41.3116
 11
11.1685
 21
41.273
  0
LINE
  8
0
 10
11.1685
 20
41.273
 11
11.0124
 21
41.1942
  0
LINE
  8
0
 10
11.0124
 20
41.1942
 11
10.9344
 21
41.1541
  0
LINE
  8
0
 10
10.9344
 20
41.1541
 11
10.7797
 21
41.0726
  0
LINE
  8
0
 10
10.7797
 20
41.0726
 11
10.703
 21
41.0311
  0
LINE
  8
0
 10
10.703
 20
41.0311
 11
10.6257
 21
40.9889
  0
LINE
  8
0
 10
10.6257
 20
40.9889
 11
10.5497
 21
40.9467
  0
LINE
  8
0
 10
10.5497
 20
40.9467
 11
10.4731
 21
40.9038
  0
LINE
  8
0
 10
10.4731
 20
40.9038
 11
10.3972
 21
40.8609
  0
LINE
  8
0
 10
10.3972
 20
40.8609
 11
10.3212
 21
40.8166
  0
LINE
  8
0
 10
10.3212
 20
40.8166
 11
10.1708
 21
40.728
  0
LINE
  8
0
 10
10.1708
 20
40.728
 11
9.94717
 21
40.5909
  0
LINE
  8
0
 10
9.94717
 20
40.5909
 11
9.87334
 21
40.5445
  0
LINE
  8
0
 10
9.87334
 20
40.5445
 11
9.79952
 21
40.4974
  0
LINE
  8
0
 10
9.79952
 20
40.4974
 11
9.72569
 21
40.4496
  0
LINE
  8
0
 10
9.72569
 20
40.4496
 11
9.65256
 21
40.4018
  0
LINE
  8
0
 10
9.65256
 20
40.4018
 11
9.58014
 21
40.3533
  0
LINE
  8
0
 10
9.58014
 20
40.3533
 11
9.50702
 21
40.3048
  0
LINE
  8
0
 10
9.50702
 20
40.3048
 11
9.43459
 21
40.2555
  0
LINE
  8
0
 10
9.43459
 20
40.2555
 11
9.29116
 21
40.1557
  0
LINE
  8
0
 10
9.29116
 20
40.1557
 11
9.22014
 21
40.1051
  0
LINE
  8
0
 10
9.22014
 20
40.1051
 11
9.07811
 21
40.0024
  0
LINE
  8
0
 10
9.07811
 20
40.0024
 11
8.93748
 21
39.8984
  0
LINE
  8
0
 10
8.93748
 20
39.8984
 11
8.86788
 21
39.8456
  0
LINE
  8
0
 10
8.86788
 20
39.8456
 11
8.79827
 21
39.7922
  0
LINE
  8
0
 10
8.79827
 20
39.7922
 11
8.72936
 21
39.7387
  0
LINE
  8
0
 10
8.72936
 20
39.7387
 11
8.66045
 21
39.6846
  0
LINE
  8
0
 10
8.66045
 20
39.6846
 11
8.59225
 21
39.6305
  0
LINE
  8
0
 10
8.59225
 20
39.6305
 11
8.52405
 21
39.5756
  0
LINE
  8
0
 10
8.52405
 20
39.5756
 11
8.45584
 21
39.5201
  0
LINE
  8
0
 10
8.45584
 20
39.5201
 11
8.38834
 21
39.4645
  0
LINE
  8
0
 10
8.38834
 20
39.4645
 11
8.25475
 21
39.352
  0
LINE
  8
0
 10
8.25475
 20
39.352
 11
8.18866
 21
39.2951
  0
LINE
  8
0
 10
8.18866
 20
39.2951
 11
8.05647
 21
39.1798
  0
LINE
  8
0
 10
8.05647
 20
39.1798
 11
7.99108
 21
39.1214
  0
LINE
  8
0
 10
7.99108
 20
39.1214
 11
7.92639
 21
39.063
  0
LINE
  8
0
 10
7.92639
 20
39.063
 11
7.79702
 21
38.9449
  0
LINE
  8
0
 10
7.79702
 20
38.9449
 11
7.66975
 21
38.8247
  0
LINE
  8
0
 10
7.66975
 20
38.8247
 11
7.60647
 21
38.7642
  0
LINE
  8
0
 10
7.60647
 20
38.7642
 11
7.54389
 21
38.7037
  0
LINE
  8
0
 10
7.54389
 20
38.7037
 11
7.41944
 21
38.5807
  0
LINE
  8
0
 10
7.41944
 20
38.5807
 11
7.29639
 21
38.4562
  0
LINE
  8
0
 10
7.29639
 20
38.4562
 11
7.23592
 21
38.393
  0
LINE
  8
0
 10
7.23592
 20
38.393
 11
7.17545
 21
38.3304
  0
LINE
  8
0
 10
7.17545
 20
38.3304
 11
7.11498
 21
38.2664
  0
LINE
  8
0
 10
7.11498
 20
38.2664
 11
7.05522
 21
38.2024
  0
LINE
  8
0
 10
7.05522
 20
38.2024
 11
6.99616
 21
38.1384
  0
LINE
  8
0
 10
6.99616
 20
38.1384
 11
6.93709
 21
38.0738
  0
LINE
  8
0
 10
6.93709
 20
38.0738
 11
6.87873
 21
38.0091
  0
LINE
  8
0
 10
6.87873
 20
38.0091
 11
6.82038
 21
37.9437
  0
LINE
  8
0
 10
6.82038
 20
37.9437
 11
6.70506
 21
37.8115
  0
LINE
  8
0
 10
6.70506
 20
37.8115
 11
6.64811
 21
37.7454
  0
LINE
  8
0
 10
6.64811
 20
37.7454
 11
6.59186
 21
37.6786
  0
LINE
  8
0
 10
6.59186
 20
37.6786
 11
6.53561
 21
37.6111
  0
LINE
  8
0
 10
6.53561
 20
37.6111
 11
6.42452
 21
37.4761
  0
LINE
  8
0
 10
6.42452
 20
37.4761
 11
6.36967
 21
37.4079
  0
LINE
  8
0
 10
6.36967
 20
37.4079
 11
6.31553
 21
37.3397
  0
LINE
  8
0
 10
6.31553
 20
37.3397
 11
6.26139
 21
37.2708
  0
LINE
  8
0
 10
6.26139
 20
37.2708
 11
6.20795
 21
37.2019
  0
LINE
  8
0
 10
6.20795
 20
37.2019
 11
6.15452
 21
37.1323
  0
LINE
  8
0
 10
6.15452
 20
37.1323
 11
6.10178
 21
37.0627
  0
LINE
  8
0
 10
6.10178
 20
37.0627
 11
5.99772
 21
36.922
  0
LINE
  8
0
 10
5.99772
 20
36.922
 11
5.89506
 21
36.78
  0
LINE
  8
0
 10
5.89506
 20
36.78
 11
5.84444
 21
36.709
  0
LINE
  8
0
 10
5.84444
 20
36.709
 11
5.79452
 21
36.6373
  0
LINE
  8
0
 10
5.79452
 20
36.6373
 11
5.74459
 21
36.5648
  0
LINE
  8
0
 10
5.74459
 20
36.5648
 11
5.69538
 21
36.4931
  0
LINE
  8
0
 10
5.69538
 20
36.4931
 11
5.64686
 21
36.42
  0
LINE
  8
0
 10
5.64686
 20
36.42
 11
5.59834
 21
36.3476
  0
LINE
  8
0
 10
5.59834
 20
36.3476
 11
5.55053
 21
36.2745
  0
LINE
  8
0
 10
5.55053
 20
36.2745
 11
5.50272
 21
36.2006
  0
LINE
  8
0
 10
5.50272
 20
36.2006
 11
5.45561
 21
36.1268
  0
LINE
  8
0
 10
5.45561
 20
36.1268
 11
5.4092
 21
36.053
  0
LINE
  8
0
 10
5.4092
 20
36.053
 11
5.3628
 21
35.9784
  0
LINE
  8
0
 10
5.3628
 20
35.9784
 11
5.31709
 21
35.9039
  0
LINE
  8
0
 10
5.31709
 20
35.9039
 11
5.27209
 21
35.8294
  0
LINE
  8
0
 10
5.27209
 20
35.8294
 11
5.2278
 21
35.7541
  0
LINE
  8
0
 10
5.2278
 20
35.7541
 11
5.1835
 21
35.6782
  0
LINE
  8
0
 10
5.1835
 20
35.6782
 11
5.1392
 21
35.603
  0
LINE
  8
0
 10
5.1392
 20
35.603
 11
5.09631
 21
35.527
  0
LINE
  8
0
 10
5.09631
 20
35.527
 11
5.01053
 21
35.3738
  0
LINE
  8
0
 10
5.01053
 20
35.3738
 11
4.92756
 21
35.2205
  0
LINE
  8
0
 10
4.92756
 20
35.2205
 11
4.88608
 21
35.1431
  0
LINE
  8
0
 10
4.88608
 20
35.1431
 11
4.846
 21
35.0658
  0
LINE
  8
0
 10
4.846
 20
35.0658
 11
4.76584
 21
34.9097
  0
LINE
  8
0
 10
4.76584
 20
34.9097
 11
4.72717
 21
34.8316
  0
LINE
  8
0
 10
4.72717
 20
34.8316
 11
4.6885
 21
34.7529
  0
LINE
  8
0
 10
4.6885
 20
34.7529
 11
4.61256
 21
34.5954
  0
LINE
  8
0
 10
4.61256
 20
34.5954
 11
4.5753
 21
34.5159
  0
LINE
  8
0
 10
4.5753
 20
34.5159
 11
4.53873
 21
34.4365
  0
LINE
  8
0
 10
4.53873
 20
34.4365
 11
4.50288
 21
34.357
  0
LINE
  8
0
 10
4.50288
 20
34.357
 11
4.46702
 21
34.2769
  0
LINE
  8
0
 10
4.46702
 20
34.2769
 11
4.43186
 21
34.1967
  0
LINE
  8
0
 10
4.43186
 20
34.1967
 11
4.36295
 21
34.0364
  0
LINE
  8
0
 10
4.36295
 20
34.0364
 11
4.3292
 21
33.9555
  0
LINE
  8
0
 10
4.3292
 20
33.9555
 11
4.26311
 21
33.7938
  0
LINE
  8
0
 10
4.26311
 20
33.7938
 11
4.23077
 21
33.7123
  0
LINE
  8
0
 10
4.23077
 20
33.7123
 11
4.19913
 21
33.6307
  0
LINE
  8
0
 10
4.19913
 20
33.6307
 11
4.16819
 21
33.5491
  0
LINE
  8
0
 10
4.16819
 20
33.5491
 11
4.13725
 21
33.4669
  0
LINE
  8
0
 10
4.13725
 20
33.4669
 11
4.10702
 21
33.3853
  0
LINE
  8
0
 10
4.10702
 20
33.3853
 11
4.07748
 21
33.303
  0
LINE
  8
0
 10
4.07748
 20
33.303
 11
4.04795
 21
33.2201
  0
LINE
  8
0
 10
4.04795
 20
33.2201
 11
4.01913
 21
33.1378
  0
LINE
  8
0
 10
4.01913
 20
33.1378
 11
3.991
 21
33.0548
  0
LINE
  8
0
 10
3.991
 20
33.0548
 11
3.93616
 21
32.8889
  0
LINE
  8
0
 10
3.93616
 20
32.8889
 11
3.90944
 21
32.8052
  0
LINE
  8
0
 10
3.90944
 20
32.8052
 11
3.88342
 21
32.7223
  0
LINE
  8
0
 10
3.88342
 20
32.7223
 11
3.85811
 21
32.6386
  0
LINE
  8
0
 10
3.85811
 20
32.6386
 11
3.8328
 21
32.5542
  0
LINE
  8
0
 10
3.8328
 20
32.5542
 11
3.80819
 21
32.4705
  0
LINE
  8
0
 10
3.80819
 20
32.4705
 11
3.78428
 21
32.3862
  0
LINE
  8
0
 10
3.78428
 20
32.3862
 11
3.76038
 21
32.3025
  0
LINE
  8
0
 10
3.76038
 20
32.3025
 11
3.73717
 21
32.2181
  0
LINE
  8
0
 10
3.73717
 20
32.2181
 11
3.71467
 21
32.133
  0
LINE
  8
0
 10
3.71467
 20
32.133
 11
3.69288
 21
32.0487
  0
LINE
  8
0
 10
3.69288
 20
32.0487
 11
3.67108
 21
31.9636
  0
LINE
  8
0
 10
3.67108
 20
31.9636
 11
3.64998
 21
31.8792
  0
LINE
  8
0
 10
3.64998
 20
31.8792
 11
3.62959
 21
31.7941
  0
LINE
  8
0
 10
3.62959
 20
31.7941
 11
3.60991
 21
31.7091
  0
LINE
  8
0
 10
3.60991
 20
31.7091
 11
3.59022
 21
31.6233
  0
LINE
  8
0
 10
3.59022
 20
31.6233
 11
3.57123
 21
31.5382
  0
LINE
  8
0
 10
3.57123
 20
31.5382
 11
3.55295
 21
31.4524
  0
LINE
  8
0
 10
3.55295
 20
31.4524
 11
3.5178
 21
31.2809
  0
LINE
  8
0
 10
3.5178
 20
31.2809
 11
3.50092
 21
31.1951
  0
LINE
  8
0
 10
3.50092
 20
31.1951
 11
3.48475
 21
31.1093
  0
LINE
  8
0
 10
3.48475
 20
31.1093
 11
3.46928
 21
31.0235
  0
LINE
  8
0
 10
3.46928
 20
31.0235
 11
3.45381
 21
30.937
  0
LINE
  8
0
 10
3.45381
 20
30.937
 11
3.43905
 21
30.8513
  0
LINE
  8
0
 10
3.43905
 20
30.8513
 11
3.42498
 21
30.7648
  0
LINE
  8
0
 10
3.42498
 20
30.7648
 11
3.39827
 21
30.5918
  0
LINE
  8
0
 10
3.39827
 20
30.5918
 11
3.38561
 21
30.5053
  0
LINE
  8
0
 10
3.38561
 20
30.5053
 11
3.37366
 21
30.4188
  0
LINE
  8
0
 10
3.37366
 20
30.4188
 11
3.36241
 21
30.3316
  0
LINE
  8
0
 10
3.36241
 20
30.3316
 11
3.35116
 21
30.2452
  0
LINE
  8
0
 10
3.35116
 20
30.2452
 11
3.34061
 21
30.158
  0
LINE
  8
0
 10
3.34061
 20
30.158
 11
3.33077
 21
30.0715
  0
LINE
  8
0
 10
3.33077
 20
30.0715
 11
3.31248
 21
29.8971
  0
LINE
  8
0
 10
3.31248
 20
29.8971
 11
3.30405
 21
29.8099
  0
LINE
  8
0
 10
3.30405
 20
29.8099
 11
3.29631
 21
29.7234
  0
LINE
  8
0
 10
3.29631
 20
29.7234
 11
3.28928
 21
29.6363
  0
LINE
  8
0
 10
3.28928
 20
29.6363
 11
3.28295
 21
29.5491
  0
LINE
  8
0
 10
3.28295
 20
29.5491
 11
3.27663
 21
29.4612
  0
LINE
  8
0
 10
3.27663
 20
29.4612
 11
3.271
 21
29.374
  0
LINE
  8
0
 10
3.271
 20
29.374
 11
3.26116
 21
29.1996
  0
LINE
  8
0
 10
3.26116
 20
29.1996
 11
3.25694
 21
29.1124
  0
LINE
  8
0
 10
3.25694
 20
29.1124
 11
3.25342
 21
29.0245
  0
LINE
  8
0
 10
3.25342
 20
29.0245
 11
3.25061
 21
28.9373
  0
LINE
  8
0
 10
3.25061
 20
28.9373
 11
3.24639
 21
28.7623
  0
LINE
  8
0
 10
3.24639
 20
28.7623
 11
3.24498
 21
28.6751
  0
LINE
  8
0
 10
3.24498
 20
28.6751
 11
3.24428
 21
28.5872
  0
LINE
  8
0
 10
3.24428
 20
28.5872
 11
3.24428
 21
28.4128
  0
LINE
  8
0
 10
3.24428
 20
28.4128
 11
3.24498
 21
28.3249
  0
LINE
  8
0
 10
3.24498
 20
28.3249
 11
3.24639
 21
28.2377
  0
LINE
  8
0
 10
3.24639
 20
28.2377
 11
3.25061
 21
28.0627
  0
LINE
  8
0
 10
3.25061
 20
28.0627
 11
3.25342
 21
27.9755
  0
LINE
  8
0
 10
3.25342
 20
27.9755
 11
3.25694
 21
27.8876
  0
LINE
  8
0
 10
3.25694
 20
27.8876
 11
3.26116
 21
27.8004
  0
LINE
  8
0
 10
3.26116
 20
27.8004
 11
3.271
 21
27.626
  0
LINE
  8
0
 10
3.271
 20
27.626
 11
3.27663
 21
27.5388
  0
LINE
  8
0
 10
3.27663
 20
27.5388
 11
3.28295
 21
27.4509
  0
LINE
  8
0
 10
3.28295
 20
27.4509
 11
3.28928
 21
27.3637
  0
LINE
  8
0
 10
3.28928
 20
27.3637
 11
3.29631
 21
27.2766
  0
LINE
  8
0
 10
3.29631
 20
27.2766
 11
3.30405
 21
27.1901
  0
LINE
  8
0
 10
3.30405
 20
27.1901
 11
3.31248
 21
27.1029
  0
LINE
  8
0
 10
3.31248
 20
27.1029
 11
3.33077
 21
26.9285
  0
LINE
  8
0
 10
3.33077
 20
26.9285
 11
3.34061
 21
26.842
  0
LINE
  8
0
 10
3.34061
 20
26.842
 11
3.35116
 21
26.7548
  0
LINE
  8
0
 10
3.35116
 20
26.7548
 11
3.36241
 21
26.6684
  0
LINE
  8
0
 10
3.36241
 20
26.6684
 11
3.37366
 21
26.5812
  0
LINE
  8
0
 10
3.37366
 20
26.5812
 11
3.38561
 21
26.4947
  0
LINE
  8
0
 10
3.38561
 20
26.4947
 11
3.39827
 21
26.4082
  0
LINE
  8
0
 10
3.39827
 20
26.4082
 11
3.42498
 21
26.2352
  0
LINE
  8
0
 10
3.42498
 20
26.2352
 11
3.43905
 21
26.1487
  0
LINE
  8
0
 10
3.43905
 20
26.1487
 11
3.45381
 21
26.063
  0
LINE
  8
0
 10
3.45381
 20
26.063
 11
3.46928
 21
25.9765
  0
LINE
  8
0
 10
3.46928
 20
25.9765
 11
3.48475
 21
25.8907
  0
LINE
  8
0
 10
3.48475
 20
25.8907
 11
3.50092
 21
25.8049
  0
LINE
  8
0
 10
3.50092
 20
25.8049
 11
3.5178
 21
25.7191
  0
LINE
  8
0
 10
3.5178
 20
25.7191
 11
3.55295
 21
25.5476
  0
LINE
  8
0
 10
3.55295
 20
25.5476
 11
3.57123
 21
25.4618
  0
LINE
  8
0
 10
3.57123
 20
25.4618
 11
3.59022
 21
25.3767
  0
LINE
  8
0
 10
3.59022
 20
25.3767
 11
3.60991
 21
25.2909
  0
LINE
  8
0
 10
3.60991
 20
25.2909
 11
3.62959
 21
25.2059
  0
LINE
  8
0
 10
3.62959
 20
25.2059
 11
3.64998
 21
25.1208
  0
LINE
  8
0
 10
3.64998
 20
25.1208
 11
3.67108
 21
25.0364
  0
LINE
  8
0
 10
3.67108
 20
25.0364
 11
3.69288
 21
24.9513
  0
LINE
  8
0
 10
3.69288
 20
24.9513
 11
3.71467
 21
24.867
  0
LINE
  8
0
 10
3.71467
 20
24.867
 11
3.73717
 21
24.7819
  0
LINE
  8
0
 10
3.73717
 20
24.7819
 11
3.75194
 21
24.7298
  0
LINE
  8
0
 10
3.75194
 20
24.7298
 11
3.76178
 21
24.739
  0
LINE
  8
0
 10
3.76178
 20
24.739
 11
3.80045
 21
24.7727
  0
LINE
  8
0
 10
3.80045
 20
24.7727
 11
3.83913
 21
24.8058
  0
LINE
  8
0
 10
3.83913
 20
24.8058
 11
3.91788
 21
24.8705
  0
LINE
  8
0
 10
3.91788
 20
24.8705
 11
3.95795
 21
24.9014
  0
LINE
  8
0
 10
3.95795
 20
24.9014
 11
3.99803
 21
24.933
  0
LINE
  8
0
 10
3.99803
 20
24.933
 11
4.07959
 21
24.9935
  0
LINE
  8
0
 10
4.07959
 20
24.9935
 11
4.12108
 21
25.023
  0
LINE
  8
0
 10
4.12108
 20
25.023
 11
4.20545
 21
25.0807
  0
LINE
  8
0
 10
4.20545
 20
25.0807
 11
4.24764
 21
25.1088
  0
LINE
  8
0
 10
4.24764
 20
25.1088
 11
4.29053
 21
25.1363
  0
LINE
  8
0
 10
4.29053
 20
25.1363
 11
4.33342
 21
25.163
  0
LINE
  8
0
 10
4.33342
 20
25.163
 11
4.37702
 21
25.1897
  0
LINE
  8
0
 10
4.37702
 20
25.1897
 11
4.42131
 21
25.215
  0
LINE
  8
0
 10
4.42131
 20
25.215
 11
4.46491
 21
25.241
  0
LINE
  8
0
 10
4.46491
 20
25.241
 11
4.50991
 21
25.2656
  0
LINE
  8
0
 10
4.50991
 20
25.2656
 11
4.5542
 21
25.2895
  0
LINE
  8
0
 10
4.5542
 20
25.2895
 11
4.5992
 21
25.3134
  0
LINE
  8
0
 10
4.5992
 20
25.3134
 11
4.64491
 21
25.3366
  0
LINE
  8
0
 10
4.64491
 20
25.3366
 11
4.69061
 21
25.3591
  0
LINE
  8
0
 10
4.69061
 20
25.3591
 11
4.78202
 21
25.4027
  0
LINE
  8
0
 10
4.78202
 20
25.4027
 11
4.82842
 21
25.4238
  0
LINE
  8
0
 10
4.82842
 20
25.4238
 11
4.87553
 21
25.4442
  0
LINE
  8
0
 10
4.87553
 20
25.4442
 11
4.92194
 21
25.4639
  0
LINE
  8
0
 10
4.92194
 20
25.4639
 11
4.96905
 21
25.4829
  0
LINE
  8
0
 10
4.96905
 20
25.4829
 11
5.01686
 21
25.5019
  0
LINE
  8
0
 10
5.01686
 20
25.5019
 11
5.11248
 21
25.537
  0
LINE
  8
0
 10
5.11248
 20
25.537
 11
5.1603
 21
25.5539
  0
LINE
  8
0
 10
5.1603
 20
25.5539
 11
5.20811
 21
25.5701
  0
LINE
  8
0
 10
5.20811
 20
25.5701
 11
5.30514
 21
25.601
  0
LINE
  8
0
 10
5.30514
 20
25.601
 11
5.35436
 21
25.6151
  0
LINE
  8
0
 10
5.35436
 20
25.6151
 11
5.40288
 21
25.6291
  0
LINE
  8
0
 10
5.40288
 20
25.6291
 11
5.45209
 21
25.6425
  0
LINE
  8
0
 10
5.45209
 20
25.6425
 11
5.50131
 21
25.6552
  0
LINE
  8
0
 10
5.50131
 20
25.6552
 11
5.55123
 21
25.6671
  0
LINE
  8
0
 10
5.55123
 20
25.6671
 11
5.60045
 21
25.6784
  0
LINE
  8
0
 10
5.60045
 20
25.6784
 11
5.65038
 21
25.6896
  0
LINE
  8
0
 10
5.65038
 20
25.6896
 11
5.75022
 21
25.7093
  0
LINE
  8
0
 10
5.75022
 20
25.7093
 11
5.80014
 21
25.7184
  0
LINE
  8
0
 10
5.80014
 20
25.7184
 11
5.85077
 21
25.7269
  0
LINE
  8
0
 10
5.85077
 20
25.7269
 11
5.90069
 21
25.7346
  0
LINE
  8
0
 10
5.90069
 20
25.7346
 11
5.95131
 21
25.7416
  0
LINE
  8
0
 10
5.95131
 20
25.7416
 11
6.00194
 21
25.748
  0
LINE
  8
0
 10
6.00194
 20
25.748
 11
6.05186
 21
25.7543
  0
LINE
  8
0
 10
6.05186
 20
25.7543
 11
6.10248
 21
25.7592
  0
LINE
  8
0
 10
6.10248
 20
25.7592
 11
6.15381
 21
25.7641
  0
LINE
  8
0
 10
6.15381
 20
25.7641
 11
6.16155
 21
25.7648
  0
LINE
  8
0
 10
6.16155
 20
25.7648
 11
6.1517
 21
25.8049
  0
LINE
  8
0
 10
6.1517
 20
25.8049
 11
6.11936
 21
25.9441
  0
LINE
  8
0
 10
6.11936
 20
25.9441
 11
6.10389
 21
26.0145
  0
LINE
  8
0
 10
6.10389
 20
26.0145
 11
6.08913
 21
26.0841
  0
LINE
  8
0
 10
6.08913
 20
26.0841
 11
6.07436
 21
26.1544
  0
LINE
  8
0
 10
6.07436
 20
26.1544
 11
6.04623
 21
26.295
  0
LINE
  8
0
 10
6.04623
 20
26.295
 11
6.03288
 21
26.3653
  0
LINE
  8
0
 10
6.03288
 20
26.3653
 11
6.00756
 21
26.5059
  0
LINE
  8
0
 10
6.00756
 20
26.5059
 11
5.99561
 21
26.5763
  0
LINE
  8
0
 10
5.99561
 20
26.5763
 11
5.98436
 21
26.6473
  0
LINE
  8
0
 10
5.98436
 20
26.6473
 11
5.97311
 21
26.7176
  0
LINE
  8
0
 10
5.97311
 20
26.7176
 11
5.95202
 21
26.8596
  0
LINE
  8
0
 10
5.95202
 20
26.8596
 11
5.94217
 21
26.9299
  0
LINE
  8
0
 10
5.94217
 20
26.9299
 11
5.92389
 21
27.072
  0
LINE
  8
0
 10
5.92389
 20
27.072
 11
5.91545
 21
27.143
  0
LINE
  8
0
 10
5.91545
 20
27.143
 11
5.90702
 21
27.2147
  0
LINE
  8
0
 10
5.90702
 20
27.2147
 11
5.89928
 21
27.2857
  0
LINE
  8
0
 10
5.89928
 20
27.2857
 11
5.88522
 21
27.4277
  0
LINE
  8
0
 10
5.88522
 20
27.4277
 11
5.87889
 21
27.4995
  0
LINE
  8
0
 10
5.87889
 20
27.4995
 11
5.87327
 21
27.5705
  0
LINE
  8
0
 10
5.87327
 20
27.5705
 11
5.86764
 21
27.6422
  0
LINE
  8
0
 10
5.86764
 20
27.6422
 11
5.86272
 21
27.7132
  0
LINE
  8
0
 10
5.86272
 20
27.7132
 11
5.8578
 21
27.7849
  0
LINE
  8
0
 10
5.8578
 20
27.7849
 11
5.85358
 21
27.8559
  0
LINE
  8
0
 10
5.85358
 20
27.8559
 11
5.84655
 21
27.9994
  0
LINE
  8
0
 10
5.84655
 20
27.9994
 11
5.84373
 21
28.0704
  0
LINE
  8
0
 10
5.84373
 20
28.0704
 11
5.83952
 21
28.2138
  0
LINE
  8
0
 10
5.83952
 20
28.2138
 11
5.8367
 21
28.3566
  0
LINE
  8
0
 10
5.8367
 20
28.3566
 11
5.836
 21
28.4283
  0
LINE
  8
0
 10
5.836
 20
28.4283
 11
5.836
 21
28.5717
  0
LINE
  8
0
 10
5.836
 20
28.5717
 11
5.8367
 21
28.6434
  0
LINE
  8
0
 10
5.8367
 20
28.6434
 11
5.83952
 21
28.7862
  0
LINE
  8
0
 10
5.83952
 20
28.7862
 11
5.84373
 21
28.9296
  0
LINE
  8
0
 10
5.84373
 20
28.9296
 11
5.84655
 21
29.0006
  0
LINE
  8
0
 10
5.84655
 20
29.0006
 11
5.85358
 21
29.1441
  0
LINE
  8
0
 10
5.85358
 20
29.1441
 11
5.8578
 21
29.2151
  0
LINE
  8
0
 10
5.8578
 20
29.2151
 11
5.86272
 21
29.2868
  0
LINE
  8
0
 10
5.86272
 20
29.2868
 11
5.86764
 21
29.3578
  0
LINE
  8
0
 10
5.86764
 20
29.3578
 11
5.87327
 21
29.4295
  0
LINE
  8
0
 10
5.87327
 20
29.4295
 11
5.87889
 21
29.5005
  0
LINE
  8
0
 10
5.87889
 20
29.5005
 11
5.88522
 21
29.5723
  0
LINE
  8
0
 10
5.88522
 20
29.5723
 11
5.89928
 21
29.7143
  0
LINE
  8
0
 10
5.89928
 20
29.7143
 11
5.90702
 21
29.7853
  0
LINE
  8
0
 10
5.90702
 20
29.7853
 11
5.91545
 21
29.857
  0
LINE
  8
0
 10
5.91545
 20
29.857
 11
5.92389
 21
29.928
  0
LINE
  8
0
 10
5.92389
 20
29.928
 11
5.94217
 21
30.0701
  0
LINE
  8
0
 10
5.94217
 20
30.0701
 11
5.95202
 21
30.1404
  0
LINE
  8
0
 10
5.95202
 20
30.1404
 11
5.97311
 21
30.2824
  0
LINE
  8
0
 10
5.97311
 20
30.2824
 11
5.98436
 21
30.3527
  0
LINE
  8
0
 10
5.98436
 20
30.3527
 11
5.99561
 21
30.4237
  0
LINE
  8
0
 10
5.99561
 20
30.4237
 11
6.00756
 21
30.4941
  0
LINE
  8
0
 10
6.00756
 20
30.4941
 11
6.03288
 21
30.6347
  0
LINE
  8
0
 10
6.03288
 20
30.6347
 11
6.04623
 21
30.705
  0
LINE
  8
0
 10
6.04623
 20
30.705
 11
6.07436
 21
30.8456
  0
LINE
  8
0
 10
6.07436
 20
30.8456
 11
6.08913
 21
30.9159
  0
LINE
  8
0
 10
6.08913
 20
30.9159
 11
6.10389
 21
30.9855
  0
LINE
  8
0
 10
6.10389
 20
30.9855
 11
6.11936
 21
31.0559
  0
LINE
  8
0
 10
6.11936
 20
31.0559
 11
6.1517
 21
31.1951
  0
LINE
  8
0
 10
6.1517
 20
31.1951
 11
6.18545
 21
31.3343
  0
LINE
  8
0
 10
6.18545
 20
31.3343
 11
6.20303
 21
31.4032
  0
LINE
  8
0
 10
6.20303
 20
31.4032
 11
6.22131
 21
31.4728
  0
LINE
  8
0
 10
6.22131
 20
31.4728
 11
6.23959
 21
31.5417
  0
LINE
  8
0
 10
6.23959
 20
31.5417
 11
6.27756
 21
31.6795
  0
LINE
  8
0
 10
6.27756
 20
31.6795
 11
6.29725
 21
31.7484
  0
LINE
  8
0
 10
6.29725
 20
31.7484
 11
6.31764
 21
31.8173
  0
LINE
  8
0
 10
6.31764
 20
31.8173
 11
6.33803
 21
31.8855
  0
LINE
  8
0
 10
6.33803
 20
31.8855
 11
6.35913
 21
31.9545
  0
LINE
  8
0
 10
6.35913
 20
31.9545
 11
6.42452
 21
32.1591
  0
LINE
  8
0
 10
6.42452
 20
32.1591
 11
6.44702
 21
32.2266
  0
LINE
  8
0
 10
6.44702
 20
32.2266
 11
6.47022
 21
32.2948
  0
LINE
  8
0
 10
6.47022
 20
32.2948
 11
6.51803
 21
32.4298
  0
LINE
  8
0
 10
6.51803
 20
32.4298
 11
6.54194
 21
32.4966
  0
LINE
  8
0
 10
6.54194
 20
32.4966
 11
6.56655
 21
32.5641
  0
LINE
  8
0
 10
6.56655
 20
32.5641
 11
6.59186
 21
32.6309
  0
LINE
  8
0
 10
6.59186
 20
32.6309
 11
6.61788
 21
32.6977
  0
LINE
  8
0
 10
6.61788
 20
32.6977
 11
6.64319
 21
32.7645
  0
LINE
  8
0
 10
6.64319
 20
32.7645
 11
6.66991
 21
32.8312
  0
LINE
  8
0
 10
6.66991
 20
32.8312
 11
6.69663
 21
32.8973
  0
LINE
  8
0
 10
6.69663
 20
32.8973
 11
6.75147
 21
33.0295
  0
LINE
  8
0
 10
6.75147
 20
33.0295
 11
6.77959
 21
33.0956
  0
LINE
  8
0
 10
6.77959
 20
33.0956
 11
6.80772
 21
33.161
  0
LINE
  8
0
 10
6.80772
 20
33.161
 11
6.83655
 21
33.2264
  0
LINE
  8
0
 10
6.83655
 20
33.2264
 11
6.89561
 21
33.3572
  0
LINE
  8
0
 10
6.89561
 20
33.3572
 11
6.92514
 21
33.4219
  0
LINE
  8
0
 10
6.92514
 20
33.4219
 11
6.95608
 21
33.4873
  0
LINE
  8
0
 10
6.95608
 20
33.4873
 11
6.98702
 21
33.552
  0
LINE
  8
0
 10
6.98702
 20
33.552
 11
7.01795
 21
33.6159
  0
LINE
  8
0
 10
7.01795
 20
33.6159
 11
7.04959
 21
33.6799
  0
LINE
  8
0
 10
7.04959
 20
33.6799
 11
7.08123
 21
33.7446
  0
LINE
  8
0
 10
7.08123
 20
33.7446
 11
7.11358
 21
33.8079
  0
LINE
  8
0
 10
7.11358
 20
33.8079
 11
7.14663
 21
33.8719
  0
LINE
  8
0
 10
7.14663
 20
33.8719
 11
7.17967
 21
33.9352
  0
LINE
  8
0
 10
7.17967
 20
33.9352
 11
7.24717
 21
34.0617
  0
LINE
  8
0
 10
7.24717
 20
34.0617
 11
7.31608
 21
34.1869
  0
LINE
  8
0
 10
7.31608
 20
34.1869
 11
7.35123
 21
34.2495
  0
LINE
  8
0
 10
7.35123
 20
34.2495
 11
7.45881
 21
34.4351
  0
LINE
  8
0
 10
7.45881
 20
34.4351
 11
7.49538
 21
34.4963
  0
LINE
  8
0
 10
7.49538
 20
34.4963
 11
7.56991
 21
34.6186
  0
LINE
  8
0
 10
7.56991
 20
34.6186
 11
7.60788
 21
34.6798
  0
LINE
  8
0
 10
7.60788
 20
34.6798
 11
7.68381
 21
34.8007
  0
LINE
  8
0
 10
7.68381
 20
34.8007
 11
7.72319
 21
34.8605
  0
LINE
  8
0
 10
7.72319
 20
34.8605
 11
7.76186
 21
34.9202
  0
LINE
  8
0
 10
7.76186
 20
34.9202
 11
7.84202
 21
35.0398
  0
LINE
  8
0
 10
7.84202
 20
35.0398
 11
7.88209
 21
35.0988
  0
LINE
  8
0
 10
7.88209
 20
35.0988
 11
7.92288
 21
35.1579
  0
LINE
  8
0
 10
7.92288
 20
35.1579
 11
7.96366
 21
35.2163
  0
LINE
  8
0
 10
7.96366
 20
35.2163
 11
8.04663
 21
35.333
  0
LINE
  8
0
 10
8.04663
 20
35.333
 11
8.08881
 21
35.3906
  0
LINE
  8
0
 10
8.08881
 20
35.3906
 11
8.1317
 21
35.4483
  0
LINE
  8
0
 10
8.1317
 20
35.4483
 11
8.17389
 21
35.5059
  0
LINE
  8
0
 10
8.17389
 20
35.5059
 11
8.26108
 21
35.6198
  0
LINE
  8
0
 10
8.26108
 20
35.6198
 11
8.30467
 21
35.6761
  0
LINE
  8
0
 10
8.30467
 20
35.6761
 11
8.39327
 21
35.7886
  0
LINE
  8
0
 10
8.39327
 20
35.7886
 11
8.48327
 21
35.8997
  0
LINE
  8
0
 10
8.48327
 20
35.8997
 11
8.52897
 21
35.9545
  0
LINE
  8
0
 10
8.52897
 20
35.9545
 11
8.57538
 21
36.0094
  0
LINE
  8
0
 10
8.57538
 20
36.0094
 11
8.62108
 21
36.0642
  0
LINE
  8
0
 10
8.62108
 20
36.0642
 11
8.66819
 21
36.1184
  0
LINE
  8
0
 10
8.66819
 20
36.1184
 11
8.71459
 21
36.1725
  0
LINE
  8
0
 10
8.71459
 20
36.1725
 11
8.76241
 21
36.2266
  0
LINE
  8
0
 10
8.76241
 20
36.2266
 11
8.80952
 21
36.2801
  0
LINE
  8
0
 10
8.80952
 20
36.2801
 11
8.85733
 21
36.3328
  0
LINE
  8
0
 10
8.85733
 20
36.3328
 11
8.90584
 21
36.3862
  0
LINE
  8
0
 10
8.90584
 20
36.3862
 11
8.95436
 21
36.4383
  0
LINE
  8
0
 10
8.95436
 20
36.4383
 11
9.00288
 21
36.491
  0
LINE
  8
0
 10
9.00288
 20
36.491
 11
9.05209
 21
36.543
  0
LINE
  8
0
 10
9.05209
 20
36.543
 11
9.20186
 21
36.697
  0
LINE
  8
0
 10
9.20186
 20
36.697
 11
9.30311
 21
36.7983
  0
LINE
  8
0
 10
9.30311
 20
36.7983
 11
9.40577
 21
36.8981
  0
LINE
  8
0
 10
9.40577
 20
36.8981
 11
9.45709
 21
36.9473
  0
LINE
  8
0
 10
9.45709
 20
36.9473
 11
9.56116
 21
37.0458
  0
LINE
  8
0
 10
9.56116
 20
37.0458
 11
9.61389
 21
37.0943
  0
LINE
  8
0
 10
9.61389
 20
37.0943
 11
9.66662
 21
37.1421
  0
LINE
  8
0
 10
9.66662
 20
37.1421
 11
9.72006
 21
37.1906
  0
LINE
  8
0
 10
9.72006
 20
37.1906
 11
9.7735
 21
37.2377
  0
LINE
  8
0
 10
9.7735
 20
37.2377
 11
9.82764
 21
37.2848
  0
LINE
  8
0
 10
9.82764
 20
37.2848
 11
9.88108
 21
37.332
  0
LINE
  8
0
 10
9.88108
 20
37.332
 11
9.93592
 21
37.3784
  0
LINE
  8
0
 10
9.93592
 20
37.3784
 11
9.99006
 21
37.4248
  0
LINE
  8
0
 10
9.99006
 20
37.4248
 11
10.0449
 21
37.4712
  0
LINE
  8
0
 10
10.0449
 20
37.4712
 11
10.1005
 21
37.5162
  0
LINE
  8
0
 10
10.1005
 20
37.5162
 11
10.156
 21
37.5619
  0
LINE
  8
0
 10
10.156
 20
37.5619
 11
10.2115
 21
37.6062
  0
LINE
  8
0
 10
10.2115
 20
37.6062
 11
10.2678
 21
37.6512
  0
LINE
  8
0
 10
10.2678
 20
37.6512
 11
10.324
 21
37.6955
  0
LINE
  8
0
 10
10.324
 20
37.6955
 11
10.3803
 21
37.7391
  0
LINE
  8
0
 10
10.3803
 20
37.7391
 11
10.4372
 21
37.7827
  0
LINE
  8
0
 10
10.4372
 20
37.7827
 11
10.4942
 21
37.8255
  0
LINE
  8
0
 10
10.4942
 20
37.8255
 11
10.6095
 21
37.9113
  0
LINE
  8
0
 10
10.6095
 20
37.9113
 11
10.6412
 21
37.9338
  0
LINE
  8
0
 10
10.6412
 20
37.9338
 11
10.6419
 21
37.9409
  0
LINE
  8
0
 10
10.6419
 20
37.9409
 11
10.6426
 21
37.9451
  0
LINE
  8
0
 10
10.6426
 20
37.9451
 11
10.6447
 21
37.9676
  0
LINE
  8
0
 10
10.6447
 20
37.9676
 11
10.6454
 21
37.9718
  0
LINE
  8
0
 10
10.6454
 20
37.9718
 11
10.6475
 21
37.9936
  0
LINE
  8
0
 10
10.6475
 20
37.9936
 11
10.6482
 21
37.9978
  0
LINE
  8
0
 10
10.6482
 20
37.9978
 11
10.651
 21
38.0203
  0
LINE
  8
0
 10
10.651
 20
38.0203
 11
10.651
 21
38.0245
  0
LINE
  8
0
 10
10.651
 20
38.0245
 11
10.6538
 21
38.047
  0
LINE
  8
0
 10
10.6538
 20
38.047
 11
10.6545
 21
38.0512
  0
LINE
  8
0
 10
10.6545
 20
38.0512
 11
10.6573
 21
38.0738
  0
LINE
  8
0
 10
10.6573
 20
38.0738
 11
10.658
 21
38.078
  0
LINE
  8
0
 10
10.658
 20
38.078
 11
10.6608
 21
38.0998
  0
LINE
  8
0
 10
10.6608
 20
38.0998
 11
10.6608
 21
38.104
  0
LINE
  8
0
 10
10.6608
 20
38.104
 11
10.6644
 21
38.1265
  0
LINE
  8
0
 10
10.6644
 20
38.1265
 11
10.6644
 21
38.1307
  0
LINE
  8
0
 10
10.6644
 20
38.1307
 11
10.6679
 21
38.1532
  0
LINE
  8
0
 10
10.6679
 20
38.1532
 11
10.6679
 21
38.1574
  0
LINE
  8
0
 10
10.6679
 20
38.1574
 11
10.6714
 21
38.1792
  0
LINE
  8
0
 10
10.6714
 20
38.1792
 11
10.6714
 21
38.1834
  0
LINE
  8
0
 10
10.6714
 20
38.1834
 11
10.6749
 21
38.2059
  0
LINE
  8
0
 10
10.6749
 20
38.2059
 11
10.6756
 21
38.2102
  0
LINE
  8
0
 10
10.6756
 20
38.2102
 11
10.6784
 21
38.2327
  0
LINE
  8
0
 10
10.6784
 20
38.2327
 11
10.6791
 21
38.2369
  0
LINE
  8
0
 10
10.6791
 20
38.2369
 11
10.6819
 21
38.2587
  0
LINE
  8
0
 10
10.6819
 20
38.2587
 11
10.6826
 21
38.2629
  0
LINE
  8
0
 10
10.6826
 20
38.2629
 11
10.6862
 21
38.2854
  0
LINE
  8
0
 10
10.6862
 20
38.2854
 11
10.6869
 21
38.2896
  0
LINE
  8
0
 10
10.6869
 20
38.2896
 11
10.6904
 21
38.3114
  0
LINE
  8
0
 10
10.6904
 20
38.3114
 11
10.6904
 21
38.3156
  0
LINE
  8
0
 10
10.6904
 20
38.3156
 11
10.6939
 21
38.3381
  0
LINE
  8
0
 10
10.6939
 20
38.3381
 11
10.6946
 21
38.3423
  0
LINE
  8
0
 10
10.6946
 20
38.3423
 11
10.6981
 21
38.3641
  0
LINE
  8
0
 10
10.6981
 20
38.3641
 11
10.6988
 21
38.3684
  0
LINE
  8
0
 10
10.6988
 20
38.3684
 11
10.7023
 21
38.3909
  0
LINE
  8
0
 10
10.7023
 20
38.3909
 11
10.703
 21
38.3951
  0
LINE
  8
0
 10
10.703
 20
38.3951
 11
10.7065
 21
38.4169
  0
LINE
  8
0
 10
10.7065
 20
38.4169
 11
10.7073
 21
38.4211
  0
LINE
  8
0
 10
10.7073
 20
38.4211
 11
10.7108
 21
38.4436
  0
LINE
  8
0
 10
10.7108
 20
38.4436
 11
10.7115
 21
38.4478
  0
LINE
  8
0
 10
10.7115
 20
38.4478
 11
10.7157
 21
38.4696
  0
LINE
  8
0
 10
10.7157
 20
38.4696
 11
10.7157
 21
38.4738
  0
LINE
  8
0
 10
10.7157
 20
38.4738
 11
10.7199
 21
38.4963
  0
LINE
  8
0
 10
10.7199
 20
38.4963
 11
10.7206
 21
38.5005
  0
LINE
  8
0
 10
10.7206
 20
38.5005
 11
10.7241
 21
38.5223
  0
LINE
  8
0
 10
10.7241
 20
38.5223
 11
10.7248
 21
38.5266
  0
LINE
  8
0
 10
10.7248
 20
38.5266
 11
10.729
 21
38.5491
  0
LINE
  8
0
 10
10.729
 20
38.5491
 11
10.7298
 21
38.5526
  0
LINE
  8
0
 10
10.7298
 20
38.5526
 11
10.734
 21
38.5751
  0
LINE
  8
0
 10
10.734
 20
38.5751
 11
10.7347
 21
38.5793
  0
LINE
  8
0
 10
10.7347
 20
38.5793
 11
10.7382
 21
38.6011
  0
LINE
  8
0
 10
10.7382
 20
38.6011
 11
10.7389
 21
38.6053
  0
LINE
  8
0
 10
10.7389
 20
38.6053
 11
10.7431
 21
38.6278
  0
LINE
  8
0
 10
10.7431
 20
38.6278
 11
10.7438
 21
38.6313
  0
LINE
  8
0
 10
10.7438
 20
38.6313
 11
10.748
 21
38.6538
  0
LINE
  8
0
 10
10.748
 20
38.6538
 11
10.7487
 21
38.658
  0
LINE
  8
0
 10
10.7487
 20
38.658
 11
10.753
 21
38.6798
  0
LINE
  8
0
 10
10.753
 20
38.6798
 11
10.7537
 21
38.6841
  0
LINE
  8
0
 10
10.7537
 20
38.6841
 11
10.7586
 21
38.7059
  0
LINE
  8
0
 10
10.7586
 20
38.7059
 11
10.7593
 21
38.7101
  0
LINE
  8
0
 10
10.7593
 20
38.7101
 11
10.7635
 21
38.7326
  0
LINE
  8
0
 10
10.7635
 20
38.7326
 11
10.7642
 21
38.7361
  0
LINE
  8
0
 10
10.7642
 20
38.7361
 11
10.7684
 21
38.7586
  0
LINE
  8
0
 10
10.7684
 20
38.7586
 11
10.7691
 21
38.7621
  0
LINE
  8
0
 10
10.7691
 20
38.7621
 11
10.774
 21
38.7846
  0
LINE
  8
0
 10
10.774
 20
38.7846
 11
10.7748
 21
38.7888
  0
LINE
  8
0
 10
10.7748
 20
38.7888
 11
10.779
 21
38.8106
  0
LINE
  8
0
 10
10.779
 20
38.8106
 11
10.7804
 21
38.8148
  0
LINE
  8
0
 10
10.7804
 20
38.8148
 11
10.7846
 21
38.8366
  0
LINE
  8
0
 10
10.7846
 20
38.8366
 11
10.7853
 21
38.8409
  0
LINE
  8
0
 10
10.7853
 20
38.8409
 11
10.7902
 21
38.8627
  0
LINE
  8
0
 10
10.7902
 20
38.8627
 11
10.7909
 21
38.8669
  0
LINE
  8
0
 10
10.7909
 20
38.8669
 11
10.7958
 21
38.8887
  0
LINE
  8
0
 10
10.7958
 20
38.8887
 11
10.7965
 21
38.8929
  0
LINE
  8
0
 10
10.7965
 20
38.8929
 11
10.8015
 21
38.9147
  0
LINE
  8
0
 10
10.8015
 20
38.9147
 11
10.8022
 21
38.9189
  0
LINE
  8
0
 10
10.8022
 20
38.9189
 11
10.8071
 21
38.9407
  0
LINE
  8
0
 10
10.8071
 20
38.9407
 11
10.8078
 21
38.9449
  0
LINE
  8
0
 10
10.8078
 20
38.9449
 11
10.8127
 21
38.9667
  0
LINE
  8
0
 10
10.8127
 20
38.9667
 11
10.8134
 21
38.9709
  0
LINE
  8
0
 10
10.8134
 20
38.9709
 11
10.819
 21
38.9927
  0
LINE
  8
0
 10
10.819
 20
38.9927
 11
10.8197
 21
38.997
  0
LINE
  8
0
 10
10.8197
 20
38.997
 11
10.8247
 21
39.0187
  0
LINE
  8
0
 10
10.8247
 20
39.0187
 11
10.8254
 21
39.023
  0
LINE
  8
0
 10
10.8254
 20
39.023
 11
10.8303
 21
39.0448
  0
LINE
  8
0
 10
10.8303
 20
39.0448
 11
10.8317
 21
39.049
  0
LINE
  8
0
 10
10.8317
 20
39.049
 11
10.8366
 21
39.0708
  0
LINE
  8
0
 10
10.8366
 20
39.0708
 11
10.8373
 21
39.0743
  0
LINE
  8
0
 10
10.8373
 20
39.0743
 11
10.843
 21
39.0968
  0
LINE
  8
0
 10
10.843
 20
39.0968
 11
10.8437
 21
39.1003
  0
LINE
  8
0
 10
10.8437
 20
39.1003
 11
10.8493
 21
39.1228
  0
LINE
  8
0
 10
10.8493
 20
39.1228
 11
10.85
 21
39.1263
  0
LINE
  8
0
 10
10.85
 20
39.1263
 11
10.8556
 21
39.1488
  0
LINE
  8
0
 10
10.8556
 20
39.1488
 11
10.8563
 21
39.1523
  0
LINE
  8
0
 10
10.8563
 20
39.1523
 11
10.8619
 21
39.1741
  0
LINE
  8
0
 10
10.8619
 20
39.1741
 11
10.8626
 21
39.1784
  0
LINE
  8
0
 10
10.8626
 20
39.1784
 11
10.8683
 21
39.2002
  0
LINE
  8
0
 10
10.8683
 20
39.2002
 11
10.869
 21
39.2037
  0
LINE
  8
0
 10
10.869
 20
39.2037
 11
10.8746
 21
39.2262
  0
LINE
  8
0
 10
10.8746
 20
39.2262
 11
10.8753
 21
39.2297
  0
LINE
  8
0
 10
10.8753
 20
39.2297
 11
10.8809
 21
39.2515
  0
LINE
  8
0
 10
10.8809
 20
39.2515
 11
10.8823
 21
39.2557
  0
LINE
  8
0
 10
10.8823
 20
39.2557
 11
10.888
 21
39.2775
  0
LINE
  8
0
 10
10.888
 20
39.2775
 11
10.8887
 21
39.281
  0
LINE
  8
0
 10
10.8887
 20
39.281
 11
10.8943
 21
39.3035
  0
LINE
  8
0
 10
10.8943
 20
39.3035
 11
10.8957
 21
39.307
  0
LINE
  8
0
 10
10.8957
 20
39.307
 11
10.9013
 21
39.3288
  0
LINE
  8
0
 10
10.9013
 20
39.3288
 11
10.902
 21
39.333
  0
LINE
  8
0
 10
10.902
 20
39.333
 11
10.9076
 21
39.3548
  0
LINE
  8
0
 10
10.9076
 20
39.3548
 11
10.909
 21
39.3584
  0
LINE
  8
0
 10
10.909
 20
39.3584
 11
10.9147
 21
39.3802
  0
LINE
  8
0
 10
10.9147
 20
39.3802
 11
10.9161
 21
39.3844
  0
LINE
  8
0
 10
10.9161
 20
39.3844
 11
10.9217
 21
39.4062
  0
LINE
  8
0
 10
10.9217
 20
39.4062
 11
10.9231
 21
39.4097
  0
LINE
  8
0
 10
10.9231
 20
39.4097
 11
10.9287
 21
39.4315
  0
LINE
  8
0
 10
10.9287
 20
39.4315
 11
10.9301
 21
39.4357
  0
LINE
  8
0
 10
10.9301
 20
39.4357
 11
10.9358
 21
39.4575
  0
LINE
  8
0
 10
10.9358
 20
39.4575
 11
10.9372
 21
39.461
  0
LINE
  8
0
 10
10.9372
 20
39.461
 11
10.9428
 21
39.4828
  0
LINE
  8
0
 10
10.9428
 20
39.4828
 11
10.9442
 21
39.4863
  0
LINE
  8
0
 10
10.9442
 20
39.4863
 11
10.9505
 21
39.5088
  0
LINE
  8
0
 10
10.9505
 20
39.5088
 11
10.9512
 21
39.5123
  0
LINE
  8
0
 10
10.9512
 20
39.5123
 11
10.9576
 21
39.5341
  0
LINE
  8
0
 10
10.9576
 20
39.5341
 11
10.9583
 21
39.5377
  0
LINE
  8
0
 10
10.9583
 20
39.5377
 11
10.9646
 21
39.5595
  0
LINE
  8
0
 10
10.9646
 20
39.5595
 11
10.966
 21
39.563
  0
LINE
  8
0
 10
10.966
 20
39.563
 11
10.9723
 21
39.5855
  0
LINE
  8
0
 10
10.9723
 20
39.5855
 11
10.973
 21
39.589
  0
LINE
  8
0
 10
10.973
 20
39.589
 11
10.9801
 21
39.6108
  0
LINE
  8
0
 10
10.9801
 20
39.6108
 11
10.9808
 21
39.6143
  0
LINE
  8
0
 10
10.9808
 20
39.6143
 11
10.9871
 21
39.6361
  0
LINE
  8
0
 10
10.9871
 20
39.6361
 11
10.9885
 21
39.6396
  0
LINE
  8
0
 10
10.9885
 20
39.6396
 11
10.9948
 21
39.6614
  0
LINE
  8
0
 10
10.9948
 20
39.6614
 11
10.9962
 21
39.6649
  0
LINE
  8
0
 10
10.9962
 20
39.6649
 11
11.0026
 21
39.6867
  0
LINE
  8
0
 10
11.0026
 20
39.6867
 11
11.004
 21
39.6902
  0
LINE
  8
0
 10
11.004
 20
39.6902
 11
11.0103
 21
39.7127
  0
LINE
  8
0
 10
11.0103
 20
39.7127
 11
11.0117
 21
39.7163
  0
LINE
  8
0
 10
11.0117
 20
39.7163
 11
11.018
 21
39.738
  0
LINE
  8
0
 10
11.018
 20
39.738
 11
11.0194
 21
39.7416
  0
LINE
  8
0
 10
11.0194
 20
39.7416
 11
11.0258
 21
39.7634
  0
LINE
  8
0
 10
11.0258
 20
39.7634
 11
11.0272
 21
39.7669
  0
LINE
  8
0
 10
11.0272
 20
39.7669
 11
11.0342
 21
39.7887
  0
LINE
  8
0
 10
11.0342
 20
39.7887
 11
11.0349
 21
39.7922
  0
LINE
  8
0
 10
11.0349
 20
39.7922
 11
11.0419
 21
39.814
  0
LINE
  8
0
 10
11.0419
 20
39.814
 11
11.0433
 21
39.8175
  0
LINE
  8
0
 10
11.0433
 20
39.8175
 11
11.0504
 21
39.8393
  0
LINE
  8
0
 10
11.0504
 20
39.8393
 11
11.0511
 21
39.8428
  0
LINE
  8
0
 10
11.0511
 20
39.8428
 11
11.0581
 21
39.8646
  0
LINE
  8
0
 10
11.0581
 20
39.8646
 11
11.0595
 21
39.8681
  0
LINE
  8
0
 10
11.0595
 20
39.8681
 11
11.0665
 21
39.8899
  0
LINE
  8
0
 10
11.0665
 20
39.8899
 11
11.0673
 21
39.8934
  0
LINE
  8
0
 10
11.0673
 20
39.8934
 11
11.0743
 21
39.9152
  0
LINE
  8
0
 10
11.0743
 20
39.9152
 11
11.0757
 21
39.918
  0
LINE
  8
0
 10
11.0757
 20
39.918
 11
11.0827
 21
39.9398
  0
LINE
  8
0
 10
11.0827
 20
39.9398
 11
11.0841
 21
39.9434
  0
LINE
  8
0
 10
11.0841
 20
39.9434
 11
11.0912
 21
39.9652
  0
LINE
  8
0
 10
11.0912
 20
39.9652
 11
11.0926
 21
39.9687
  0
LINE
  8
0
 10
11.0926
 20
39.9687
 11
11.0996
 21
39.9905
  0
LINE
  8
0
 10
11.0996
 20
39.9905
 11
11.101
 21
39.994
  0
LINE
  8
0
 10
11.101
 20
39.994
 11
11.108
 21
40.0158
  0
LINE
  8
0
 10
11.108
 20
40.0158
 11
11.1094
 21
40.0186
  0
LINE
  8
0
 10
11.1094
 20
40.0186
 11
11.1165
 21
40.0404
  0
LINE
  8
0
 10
11.1165
 20
40.0404
 11
11.1179
 21
40.0439
  0
LINE
  8
0
 10
11.1179
 20
40.0439
 11
11.1256
 21
40.0657
  0
LINE
  8
0
 10
11.1256
 20
40.0657
 11
11.1263
 21
40.0692
  0
LINE
  8
0
 10
11.1263
 20
40.0692
 11
11.134
 21
40.091
  0
LINE
  8
0
 10
11.134
 20
40.091
 11
11.1355
 21
40.0938
  0
LINE
  8
0
 10
11.1355
 20
40.0938
 11
11.1425
 21
40.1156
  0
LINE
  8
0
 10
11.1425
 20
40.1156
 11
11.1439
 21
40.1191
  0
LINE
  8
0
 10
11.1439
 20
40.1191
 11
11.1516
 21
40.1409
  0
LINE
  8
0
 10
11.1516
 20
40.1409
 11
11.1523
 21
40.1445
  0
LINE
  8
0
 10
11.1523
 20
40.1445
 11
11.1601
 21
40.1662
  0
LINE
  8
0
 10
11.1601
 20
40.1662
 11
11.1615
 21
40.1691
  0
LINE
  8
0
 10
11.1615
 20
40.1691
 11
11.1692
 21
40.1909
  0
LINE
  8
0
 10
11.1692
 20
40.1909
 11
11.1706
 21
40.1944
  0
LINE
  8
0
 10
11.1706
 20
40.1944
 11
11.1783
 21
40.2155
  0
LINE
  8
0
 10
11.1783
 20
40.2155
 11
11.179
 21
40.219
  0
LINE
  8
0
 10
11.179
 20
40.219
 11
11.1875
 21
40.2408
  0
LINE
  8
0
 10
11.1875
 20
40.2408
 11
11.1882
 21
40.2443
  0
LINE
  8
0
 10
11.1882
 20
40.2443
 11
11.1966
 21
40.2654
  0
LINE
  8
0
 10
11.1966
 20
40.2654
 11
11.1973
 21
40.2689
  0
LINE
  8
0
 10
11.1973
 20
40.2689
 11
11.2058
 21
40.2907
  0
LINE
  8
0
 10
11.2058
 20
40.2907
 11
11.2065
 21
40.2935
  0
LINE
  8
0
 10
11.2065
 20
40.2935
 11
11.2149
 21
40.3153
  0
LINE
  8
0
 10
11.2149
 20
40.3153
 11
11.2156
 21
40.3188
  0
LINE
  8
0
 10
11.2156
 20
40.3188
 11
11.224
 21
40.3399
  0
LINE
  8
0
 10
11.224
 20
40.3399
 11
11.2248
 21
40.3434
  0
LINE
  8
0
 10
11.2248
 20
40.3434
 11
11.2332
 21
40.3652
  0
LINE
  8
0
 10
11.2332
 20
40.3652
 11
11.2346
 21
40.368
  0
LINE
  8
0
 10
11.2346
 20
40.368
 11
11.2423
 21
40.3898
  0
LINE
  8
0
 10
11.2423
 20
40.3898
 11
11.2437
 21
40.3927
  0
LINE
  8
0
 10
11.2437
 20
40.3927
 11
11.2522
 21
40.4145
  0
LINE
  8
0
 10
11.2522
 20
40.4145
 11
11.2529
 21
40.418
  0
LINE
  8
0
 10
11.2529
 20
40.418
 11
11.2726
 21
40.4672
  0
LINE
  8
0
 10
11.2726
 20
40.4672
 11
11.2803
 21
40.489
  0
LINE
  8
0
 10
11.2803
 20
40.489
 11
11.2817
 21
40.4918
  0
LINE
  8
0
 10
11.2817
 20
40.4918
 11
11.2901
 21
40.5136
  0
LINE
  8
0
 10
11.2901
 20
40.5136
 11
11.2915
 21
40.5164
  0
LINE
  8
0
 10
11.2915
 20
40.5164
 11
11.3
 21
40.5382
  0
LINE
  8
0
 10
11.3
 20
40.5382
 11
11.3014
 21
40.541
  0
LINE
  8
0
 10
11.3014
 20
40.541
 11
11.3098
 21
40.5628
  0
LINE
  8
0
 10
11.3098
 20
40.5628
 11
11.3112
 21
40.5656
  0
LINE
  8
0
 10
11.3112
 20
40.5656
 11
11.3197
 21
40.5874
  0
LINE
  8
0
 10
11.3197
 20
40.5874
 11
11.3211
 21
40.5902
  0
LINE
  8
0
 10
11.3211
 20
40.5902
 11
11.3295
 21
40.612
  0
LINE
  8
0
 10
11.3295
 20
40.612
 11
11.3309
 21
40.6148
  0
LINE
  8
0
 10
11.3309
 20
40.6148
 11
11.359
 21
40.6852
  0
LINE
  8
0
 10
11.359
 20
40.6852
 11
11.3605
 21
40.688
  0
LINE
  8
0
 10
11.3605
 20
40.688
 11
11.3696
 21
40.7098
  0
LINE
  8
0
 10
11.3696
 20
40.7098
 11
11.371
 21
40.7126
  0
LINE
  8
0
 10
11.371
 20
40.7126
 11
11.3794
 21
40.7344
  0
LINE
  8
0
 10
11.3794
 20
40.7344
 11
11.3808
 21
40.7372
  0
LINE
  8
0
 10
11.3808
 20
40.7372
 11
11.39
 21
40.7583
  0
LINE
  8
0
 10
11.39
 20
40.7583
 11
11.3907
 21
40.7618
  0
LINE
  8
0
 10
11.3907
 20
40.7618
 11
11.3998
 21
40.7829
  0
LINE
  8
0
 10
11.3998
 20
40.7829
 11
11.4012
 21
40.7857
  0
LINE
  8
0
 10
11.4012
 20
40.7857
 11
11.4104
 21
40.8075
  0
LINE
  8
0
 10
11.4104
 20
40.8075
 11
11.4118
 21
40.8103
  0
LINE
  8
0
 10
11.4118
 20
40.8103
 11
11.4209
 21
40.8314
  0
LINE
  8
0
 10
11.4209
 20
40.8314
 11
11.4216
 21
40.8342
  0
LINE
  8
0
 10
11.4216
 20
40.8342
 11
11.4308
 21
40.856
  0
LINE
  8
0
 10
11.4308
 20
40.856
 11
11.4322
 21
40.8588
  0
LINE
  8
0
 10
11.4322
 20
40.8588
 11
11.4413
 21
40.8806
  0
LINE
  8
0
 10
11.4413
 20
40.8806
 11
11.4427
 21
40.8834
  0
LINE
  8
0
 10
11.4427
 20
40.8834
 11
11.4519
 21
40.9045
  0
LINE
  8
0
 10
11.4519
 20
40.9045
 11
11.4533
 21
40.9073
  0
LINE
  8
0
 10
11.4533
 20
40.9073
 11
11.4624
 21
40.9291
  0
LINE
  8
0
 10
11.4624
 20
40.9291
 11
11.4638
 21
40.932
  0
LINE
  8
0
 10
11.4638
 20
40.932
 11
11.473
 21
40.953
  0
LINE
  8
0
 10
11.473
 20
40.953
 11
11.4744
 21
40.9559
  0
LINE
  8
0
 10
11.4744
 20
40.9559
 11
11.4842
 21
40.977
  0
LINE
  8
0
 10
11.4842
 20
40.977
 11
11.4849
 21
40.9798
  0
LINE
  8
0
 10
11.4849
 20
40.9798
 11
11.4947
 21
41.0016
  0
LINE
  8
0
 10
11.4947
 20
41.0016
 11
11.4962
 21
41.0044
  0
LINE
  8
0
 10
11.4962
 20
41.0044
 11
11.5053
 21
41.0255
  0
LINE
  8
0
 10
11.5053
 20
41.0255
 11
11.5067
 21
41.0283
  0
LINE
  8
0
 10
11.5067
 20
41.0283
 11
11.5158
 21
41.0494
  0
LINE
  8
0
 10
11.5158
 20
41.0494
 11
11.5173
 21
41.0522
  0
LINE
  8
0
 10
11.5173
 20
41.0522
 11
11.5271
 21
41.074
  0
LINE
  8
0
 10
11.5271
 20
41.074
 11
11.5285
 21
41.0768
  0
LINE
  8
0
 10
11.5285
 20
41.0768
 11
11.5376
 21
41.0979
  0
LINE
  8
0
 10
11.5376
 20
41.0979
 11
11.539
 21
41.1007
  0
LINE
  8
0
 10
11.539
 20
41.1007
 11
11.5489
 21
41.1218
  0
LINE
  8
0
 10
11.5489
 20
41.1218
 11
11.5503
 21
41.1246
  0
LINE
  8
0
 10
11.5503
 20
41.1246
 11
11.5601
 21
41.1457
  0
LINE
  8
0
 10
11.5601
 20
41.1457
 11
11.5608
 21
41.1485
  0
LINE
  8
0
 10
11.5608
 20
41.1485
 11
11.5707
 21
41.1703
  0
LINE
  8
0
 10
11.5707
 20
41.1703
 11
11.5721
 21
41.1724
  0
LINE
  8
0
 10
11.5721
 20
41.1724
 11
11.5819
 21
41.1942
  0
LINE
  8
0
 10
11.5819
 20
41.1942
 11
11.5833
 21
41.1963
  0
LINE
  8
0
 10
11.5833
 20
41.1963
 11
11.5932
 21
41.2181
  0
LINE
  8
0
 10
11.5932
 20
41.2181
 11
11.5946
 21
41.2202
  0
LINE
  8
0
 10
11.5946
 20
41.2202
 11
11.6044
 21
41.242
  0
LINE
  8
0
 10
11.6044
 20
41.242
 11
11.6058
 21
41.2441
  0
LINE
  8
0
 10
11.6058
 20
41.2441
 11
11.6157
 21
41.2659
  0
LINE
  8
0
 10
11.6157
 20
41.2659
 11
11.6171
 21
41.268
  0
LINE
  8
0
 10
11.6171
 20
41.268
 11
11.6269
 21
41.2898
  0
LINE
  8
0
 10
11.6269
 20
41.2898
 11
11.6283
 21
41.292
  0
LINE
  8
0
 10
11.6283
 20
41.292
 11
11.6382
 21
41.3137
  0
LINE
  8
0
 10
11.6382
 20
41.3137
 11
11.6396
 21
41.3159
  0
LINE
  8
0
 10
11.6396
 20
41.3159
 11
11.6494
 21
41.3377
  0
LINE
  8
0
 10
11.6494
 20
41.3377
 11
11.6508
 21
41.3398
  0
LINE
  8
0
 10
11.6508
 20
41.3398
 11
11.6614
 21
41.3609
  0
LINE
  8
0
 10
11.6614
 20
41.3609
 11
11.6621
 21
41.3637
  0
LINE
  8
0
 10
11.6621
 20
41.3637
 11
11.674
 21
41.3876
  0
LINE
  8
0
 10
11.674
 20
41.3876
 11
11.6839
 21
41.4087
  0
LINE
  8
0
 10
11.6839
 20
41.4087
 11
11.6958
 21
41.4326
  0
LINE
  8
0
 10
11.6958
 20
41.4326
 11
11.6973
 21
41.4347
  0
LINE
  8
0
 10
11.6973
 20
41.4347
 11
11.7071
 21
41.4565
  0
LINE
  8
0
 10
11.7071
 20
41.4565
 11
11.7085
 21
41.4586
  0
LINE
  8
0
 10
11.7085
 20
41.4586
 11
11.731
 21
41.5036
  0
LINE
  8
0
 10
11.731
 20
41.5036
 11
11.7317
 21
41.5057
  0
LINE
  8
0
 10
11.7317
 20
41.5057
 11
11.7422
 21
41.5275
  0
LINE
  8
0
 10
11.7422
 20
41.5275
 11
11.7437
 21
41.5296
  0
LINE
  8
0
 10
11.7437
 20
41.5296
 11
11.7521
 21
41.5458
  0
LINE
  8
0
 10
11.7521
 20
41.5458
 11
11.7226
 21
41.5331
  0
LINE
  8
0
 10
9.21592
 20
21.6987
 11
9.21311
 21
21.7648
  0
LINE
  8
0
 10
9.21311
 20
21.7648
 11
9.2117
 21
21.7985
  0
LINE
  8
0
 10
9.2117
 20
21.7985
 11
9.20889
 21
21.8316
  0
LINE
  8
0
 10
9.20889
 20
21.8316
 11
9.20678
 21
21.8646
  0
LINE
  8
0
 10
9.20678
 20
21.8646
 11
9.19623
 21
21.9638
  0
LINE
  8
0
 10
9.19623
 20
21.9638
 11
9.19202
 21
21.9968
  0
LINE
  8
0
 10
9.19202
 20
21.9968
 11
9.18709
 21
22.0291
  0
LINE
  8
0
 10
9.18709
 20
22.0291
 11
9.18217
 21
22.0622
  0
LINE
  8
0
 10
9.18217
 20
22.0622
 11
9.17655
 21
22.0952
  0
LINE
  8
0
 10
9.17655
 20
22.0952
 11
9.17092
 21
22.1276
  0
LINE
  8
0
 10
9.17092
 20
22.1276
 11
9.16459
 21
22.1606
  0
LINE
  8
0
 10
9.16459
 20
22.1606
 11
9.1435
 21
22.2577
  0
LINE
  8
0
 10
9.1435
 20
22.2577
 11
9.13506
 21
22.29
  0
LINE
  8
0
 10
9.13506
 20
22.29
 11
9.12733
 21
22.3223
  0
LINE
  8
0
 10
9.12733
 20
22.3223
 11
9.11819
 21
22.354
  0
LINE
  8
0
 10
9.11819
 20
22.354
 11
9.10905
 21
22.3863
  0
LINE
  8
0
 10
9.10905
 20
22.3863
 11
9.09991
 21
22.418
  0
LINE
  8
0
 10
9.09991
 20
22.418
 11
9.09006
 21
22.4496
  0
LINE
  8
0
 10
9.09006
 20
22.4496
 11
9.05842
 21
22.5445
  0
LINE
  8
0
 10
9.05842
 20
22.5445
 11
9.04717
 21
22.5755
  0
LINE
  8
0
 10
9.04717
 20
22.5755
 11
9.02327
 21
22.6373
  0
LINE
  8
0
 10
9.02327
 20
22.6373
 11
9.01061
 21
22.6683
  0
LINE
  8
0
 10
9.01061
 20
22.6683
 11
8.99725
 21
22.6985
  0
LINE
  8
0
 10
8.99725
 20
22.6985
 11
8.98459
 21
22.7295
  0
LINE
  8
0
 10
8.98459
 20
22.7295
 11
8.95647
 21
22.7899
  0
LINE
  8
0
 10
8.95647
 20
22.7899
 11
8.94241
 21
22.8195
  0
LINE
  8
0
 10
8.94241
 20
22.8195
 11
8.92764
 21
22.8497
  0
LINE
  8
0
 10
8.92764
 20
22.8497
 11
8.8967
 21
22.9088
  0
LINE
  8
0
 10
8.8967
 20
22.9088
 11
8.88123
 21
22.9376
  0
LINE
  8
0
 10
8.88123
 20
22.9376
 11
8.86506
 21
22.9664
  0
LINE
  8
0
 10
8.86506
 20
22.9664
 11
8.83131
 21
23.0241
  0
LINE
  8
0
 10
8.83131
 20
23.0241
 11
8.77858
 21
23.1084
  0
LINE
  8
0
 10
8.77858
 20
23.1084
 11
8.7603
 21
23.1366
  0
LINE
  8
0
 10
8.7603
 20
23.1366
 11
8.72233
 21
23.1914
  0
LINE
  8
0
 10
8.72233
 20
23.1914
 11
8.70334
 21
23.2181
  0
LINE
  8
0
 10
8.70334
 20
23.2181
 11
8.66397
 21
23.2716
  0
LINE
  8
0
 10
8.66397
 20
23.2716
 11
8.62319
 21
23.3236
  0
LINE
  8
0
 10
8.62319
 20
23.3236
 11
8.60209
 21
23.3496
  0
LINE
  8
0
 10
8.60209
 20
23.3496
 11
8.581
 21
23.3749
  0
LINE
  8
0
 10
8.581
 20
23.3749
 11
8.53741
 21
23.4255
  0
LINE
  8
0
 10
8.53741
 20
23.4255
 11
8.49241
 21
23.4748
  0
LINE
  8
0
 10
8.49241
 20
23.4748
 11
8.46991
 21
23.4987
  0
LINE
  8
0
 10
8.46991
 20
23.4987
 11
8.4235
 21
23.5465
  0
LINE
  8
0
 10
8.4235
 20
23.5465
 11
8.37569
 21
23.5929
  0
LINE
  8
0
 10
8.37569
 20
23.5929
 11
8.35178
 21
23.6154
  0
LINE
  8
0
 10
8.35178
 20
23.6154
 11
8.30256
 21
23.6604
  0
LINE
  8
0
 10
8.30256
 20
23.6604
 11
8.25194
 21
23.704
  0
LINE
  8
0
 10
8.25194
 20
23.704
 11
8.22663
 21
23.7251
  0
LINE
  8
0
 10
8.22663
 20
23.7251
 11
8.20061
 21
23.7462
  0
LINE
  8
0
 10
8.20061
 20
23.7462
 11
8.14858
 21
23.787
  0
LINE
  8
0
 10
8.14858
 20
23.787
 11
8.09514
 21
23.8263
  0
LINE
  8
0
 10
8.09514
 20
23.8263
 11
8.06842
 21
23.8453
  0
LINE
  8
0
 10
8.06842
 20
23.8453
 11
8.01358
 21
23.8833
  0
LINE
  8
0
 10
8.01358
 20
23.8833
 11
7.98545
 21
23.9016
  0
LINE
  8
0
 10
7.98545
 20
23.9016
 11
7.90108
 21
23.9543
  0
LINE
  8
0
 10
7.90108
 20
23.9543
 11
7.84342
 21
23.988
  0
LINE
  8
0
 10
7.84342
 20
23.988
 11
7.81459
 21
24.0042
  0
LINE
  8
0
 10
7.81459
 20
24.0042
 11
7.78577
 21
24.0197
  0
LINE
  8
0
 10
7.78577
 20
24.0197
 11
7.7267
 21
24.0506
  0
LINE
  8
0
 10
7.7267
 20
24.0506
 11
7.69647
 21
24.0654
  0
LINE
  8
0
 10
7.69647
 20
24.0654
 11
7.66694
 21
24.0795
  0
LINE
  8
0
 10
7.66694
 20
24.0795
 11
7.6367
 21
24.0935
  0
LINE
  8
0
 10
7.6367
 20
24.0935
 11
7.57623
 21
24.1202
  0
LINE
  8
0
 10
7.57623
 20
24.1202
 11
7.5453
 21
24.1336
  0
LINE
  8
0
 10
7.5453
 20
24.1336
 11
7.51436
 21
24.1455
  0
LINE
  8
0
 10
7.51436
 20
24.1455
 11
7.48342
 21
24.1582
  0
LINE
  8
0
 10
7.48342
 20
24.1582
 11
7.45248
 21
24.1702
  0
LINE
  8
0
 10
7.45248
 20
24.1702
 11
7.42155
 21
24.1814
  0
LINE
  8
0
 10
7.42155
 20
24.1814
 11
7.32663
 21
24.213
  0
LINE
  8
0
 10
7.32663
 20
24.213
 11
7.29498
 21
24.2229
  0
LINE
  8
0
 10
7.29498
 20
24.2229
 11
7.26334
 21
24.232
  0
LINE
  8
0
 10
7.26334
 20
24.232
 11
7.231
 21
24.2412
  0
LINE
  8
0
 10
7.231
 20
24.2412
 11
7.19936
 21
24.2503
  0
LINE
  8
0
 10
7.19936
 20
24.2503
 11
7.16702
 21
24.258
  0
LINE
  8
0
 10
7.16702
 20
24.258
 11
7.13467
 21
24.2665
  0
LINE
  8
0
 10
7.13467
 20
24.2665
 11
7.03764
 21
24.2876
  0
LINE
  8
0
 10
7.03764
 20
24.2876
 11
7.00459
 21
24.2939
  0
LINE
  8
0
 10
7.00459
 20
24.2939
 11
6.97225
 21
24.2995
  0
LINE
  8
0
 10
6.97225
 20
24.2995
 11
6.9392
 21
24.3052
  0
LINE
  8
0
 10
6.9392
 20
24.3052
 11
6.90686
 21
24.3101
  0
LINE
  8
0
 10
6.90686
 20
24.3101
 11
6.87381
 21
24.315
  0
LINE
  8
0
 10
6.87381
 20
24.315
 11
6.84077
 21
24.3192
  0
LINE
  8
0
 10
6.84077
 20
24.3192
 11
6.74163
 21
24.3298
  0
LINE
  8
0
 10
6.74163
 20
24.3298
 11
6.70858
 21
24.3319
  0
LINE
  8
0
 10
6.70858
 20
24.3319
 11
6.67553
 21
24.3347
  0
LINE
  8
0
 10
6.67553
 20
24.3347
 11
6.64178
 21
24.3361
  0
LINE
  8
0
 10
6.64178
 20
24.3361
 11
6.57569
 21
24.3389
  0
LINE
  8
0
 10
6.57569
 20
24.3389
 11
6.54264
 21
24.3389
  0
LINE
  8
0
 10
6.54264
 20
24.3389
 11
6.50959
 21
24.3396
  0
LINE
  8
0
 10
6.50959
 20
24.3396
 11
6.47584
 21
24.3389
  0
LINE
  8
0
 10
6.47584
 20
24.3389
 11
6.4428
 21
24.3389
  0
LINE
  8
0
 10
6.4428
 20
24.3389
 11
6.3767
 21
24.3361
  0
LINE
  8
0
 10
6.3767
 20
24.3361
 11
6.34295
 21
24.3347
  0
LINE
  8
0
 10
6.34295
 20
24.3347
 11
6.30991
 21
24.3319
  0
LINE
  8
0
 10
6.30991
 20
24.3319
 11
6.27686
 21
24.3298
  0
LINE
  8
0
 10
6.27686
 20
24.3298
 11
6.17772
 21
24.3192
  0
LINE
  8
0
 10
6.17772
 20
24.3192
 11
6.14467
 21
24.315
  0
LINE
  8
0
 10
6.14467
 20
24.315
 11
6.11233
 21
24.3101
  0
LINE
  8
0
 10
6.11233
 20
24.3101
 11
6.07928
 21
24.3052
  0
LINE
  8
0
 10
6.07928
 20
24.3052
 11
6.04623
 21
24.2995
  0
LINE
  8
0
 10
6.04623
 20
24.2995
 11
6.01389
 21
24.2939
  0
LINE
  8
0
 10
6.01389
 20
24.2939
 11
5.98084
 21
24.2876
  0
LINE
  8
0
 10
5.98084
 20
24.2876
 11
5.88381
 21
24.2665
  0
LINE
  8
0
 10
5.88381
 20
24.2665
 11
5.85147
 21
24.258
  0
LINE
  8
0
 10
5.85147
 20
24.258
 11
5.81913
 21
24.2503
  0
LINE
  8
0
 10
5.81913
 20
24.2503
 11
5.78748
 21
24.2412
  0
LINE
  8
0
 10
5.78748
 20
24.2412
 11
5.75514
 21
24.232
  0
LINE
  8
0
 10
5.75514
 20
24.232
 11
5.7235
 21
24.2229
  0
LINE
  8
0
 10
5.7235
 20
24.2229
 11
5.69186
 21
24.213
  0
LINE
  8
0
 10
5.69186
 20
24.213
 11
5.59694
 21
24.1814
  0
LINE
  8
0
 10
5.59694
 20
24.1814
 11
5.566
 21
24.1702
  0
LINE
  8
0
 10
5.566
 20
24.1702
 11
5.53506
 21
24.1582
  0
LINE
  8
0
 10
5.53506
 20
24.1582
 11
5.50413
 21
24.1455
  0
LINE
  8
0
 10
5.50413
 20
24.1455
 11
5.47319
 21
24.1336
  0
LINE
  8
0
 10
5.47319
 20
24.1336
 11
5.44295
 21
24.1202
  0
LINE
  8
0
 10
5.44295
 20
24.1202
 11
5.41202
 21
24.1069
  0
LINE
  8
0
 10
5.41202
 20
24.1069
 11
5.38178
 21
24.0935
  0
LINE
  8
0
 10
5.38178
 20
24.0935
 11
5.35155
 21
24.0795
  0
LINE
  8
0
 10
5.35155
 20
24.0795
 11
5.32202
 21
24.0654
  0
LINE
  8
0
 10
5.32202
 20
24.0654
 11
5.29178
 21
24.0506
  0
LINE
  8
0
 10
5.29178
 20
24.0506
 11
5.26225
 21
24.0352
  0
LINE
  8
0
 10
5.26225
 20
24.0352
 11
5.23342
 21
24.0197
  0
LINE
  8
0
 10
5.23342
 20
24.0197
 11
5.20389
 21
24.0042
  0
LINE
  8
0
 10
5.20389
 20
24.0042
 11
5.17506
 21
23.988
  0
LINE
  8
0
 10
5.17506
 20
23.988
 11
5.11741
 21
23.9543
  0
LINE
  8
0
 10
5.11741
 20
23.9543
 11
5.03303
 21
23.9016
  0
LINE
  8
0
 10
5.03303
 20
23.9016
 11
5.00491
 21
23.8833
  0
LINE
  8
0
 10
5.00491
 20
23.8833
 11
4.97748
 21
23.8643
  0
LINE
  8
0
 10
4.97748
 20
23.8643
 11
4.95077
 21
23.8453
  0
LINE
  8
0
 10
4.95077
 20
23.8453
 11
4.92334
 21
23.8263
  0
LINE
  8
0
 10
4.92334
 20
23.8263
 11
4.86991
 21
23.787
  0
LINE
  8
0
 10
4.86991
 20
23.787
 11
4.81788
 21
23.7462
  0
LINE
  8
0
 10
4.81788
 20
23.7462
 11
4.79186
 21
23.7251
  0
LINE
  8
0
 10
4.79186
 20
23.7251
 11
4.76655
 21
23.704
  0
LINE
  8
0
 10
4.76655
 20
23.704
 11
4.71592
 21
23.6604
  0
LINE
  8
0
 10
4.71592
 20
23.6604
 11
4.6667
 21
23.6154
  0
LINE
  8
0
 10
4.6667
 20
23.6154
 11
4.6428
 21
23.5929
  0
LINE
  8
0
 10
4.6428
 20
23.5929
 11
4.59498
 21
23.5465
  0
LINE
  8
0
 10
4.59498
 20
23.5465
 11
4.54858
 21
23.4987
  0
LINE
  8
0
 10
4.54858
 20
23.4987
 11
4.52608
 21
23.4748
  0
LINE
  8
0
 10
4.52608
 20
23.4748
 11
4.48108
 21
23.4255
  0
LINE
  8
0
 10
4.48108
 20
23.4255
 11
4.43748
 21
23.3749
  0
LINE
  8
0
 10
4.43748
 20
23.3749
 11
4.41639
 21
23.3496
  0
LINE
  8
0
 10
4.41639
 20
23.3496
 11
4.396
 21
23.3236
  0
LINE
  8
0
 10
4.396
 20
23.3236
 11
4.37491
 21
23.2976
  0
LINE
  8
0
 10
4.37491
 20
23.2976
 11
4.35452
 21
23.2716
  0
LINE
  8
0
 10
4.35452
 20
23.2716
 11
4.31514
 21
23.2181
  0
LINE
  8
0
 10
4.31514
 20
23.2181
 11
4.29616
 21
23.1914
  0
LINE
  8
0
 10
4.29616
 20
23.1914
 11
4.25819
 21
23.1366
  0
LINE
  8
0
 10
4.25819
 20
23.1366
 11
4.23991
 21
23.1084
  0
LINE
  8
0
 10
4.23991
 20
23.1084
 11
4.18717
 21
23.0241
  0
LINE
  8
0
 10
4.18717
 20
23.0241
 11
4.1703
 21
22.9952
  0
LINE
  8
0
 10
4.1703
 20
22.9952
 11
4.15413
 21
22.9664
  0
LINE
  8
0
 10
4.15413
 20
22.9664
 11
4.13725
 21
22.9376
  0
LINE
  8
0
 10
4.13725
 20
22.9376
 11
4.12178
 21
22.9088
  0
LINE
  8
0
 10
4.12178
 20
22.9088
 11
4.09084
 21
22.8497
  0
LINE
  8
0
 10
4.09084
 20
22.8497
 11
4.07608
 21
22.8195
  0
LINE
  8
0
 10
4.07608
 20
22.8195
 11
4.06202
 21
22.7899
  0
LINE
  8
0
 10
4.06202
 20
22.7899
 11
4.04795
 21
22.7597
  0
LINE
  8
0
 10
4.04795
 20
22.7597
 11
4.03459
 21
22.7295
  0
LINE
  8
0
 10
4.03459
 20
22.7295
 11
4.02123
 21
22.6985
  0
LINE
  8
0
 10
4.02123
 20
22.6985
 11
4.00788
 21
22.6683
  0
LINE
  8
0
 10
4.00788
 20
22.6683
 11
3.99592
 21
22.6373
  0
LINE
  8
0
 10
3.99592
 20
22.6373
 11
3.98327
 21
22.6064
  0
LINE
  8
0
 10
3.98327
 20
22.6064
 11
3.97202
 21
22.5755
  0
LINE
  8
0
 10
3.97202
 20
22.5755
 11
3.96006
 21
22.5445
  0
LINE
  8
0
 10
3.96006
 20
22.5445
 11
3.92842
 21
22.4496
  0
LINE
  8
0
 10
3.92842
 20
22.4496
 11
3.91858
 21
22.418
  0
LINE
  8
0
 10
3.91858
 20
22.418
 11
3.90944
 21
22.3863
  0
LINE
  8
0
 10
3.90944
 20
22.3863
 11
3.9003
 21
22.354
  0
LINE
  8
0
 10
3.9003
 20
22.354
 11
3.89116
 21
22.3223
  0
LINE
  8
0
 10
3.89116
 20
22.3223
 11
3.86795
 21
22.2253
  0
LINE
  8
0
 10
3.86795
 20
22.2253
 11
3.85389
 21
22.1606
  0
LINE
  8
0
 10
3.85389
 20
22.1606
 11
3.84756
 21
22.1276
  0
LINE
  8
0
 10
3.84756
 20
22.1276
 11
3.84194
 21
22.0952
  0
LINE
  8
0
 10
3.84194
 20
22.0952
 11
3.83631
 21
22.0622
  0
LINE
  8
0
 10
3.83631
 20
22.0622
 11
3.83139
 21
22.0291
  0
LINE
  8
0
 10
3.83139
 20
22.0291
 11
3.82647
 21
21.9968
  0
LINE
  8
0
 10
3.82647
 20
21.9968
 11
3.82225
 21
21.9638
  0
LINE
  8
0
 10
3.82225
 20
21.9638
 11
3.81522
 21
21.8977
  0
LINE
  8
0
 10
3.81522
 20
21.8977
 11
3.80959
 21
21.8316
  0
LINE
  8
0
 10
3.80959
 20
21.8316
 11
3.80748
 21
21.7985
  0
LINE
  8
0
 10
3.80748
 20
21.7985
 11
3.80538
 21
21.7648
  0
LINE
  8
0
 10
3.80538
 20
21.7648
 11
3.80256
 21
21.6987
  0
LINE
  8
0
 10
3.80256
 20
21.6987
 11
3.80256
 21
21.6656
  0
LINE
  8
0
 10
3.80256
 20
21.6656
 11
3.80186
 21
21.6326
  0
LINE
  8
0
 10
3.80186
 20
21.6326
 11
3.80256
 21
21.5988
  0
LINE
  8
0
 10
3.80256
 20
21.5988
 11
3.80256
 21
21.5658
  0
LINE
  8
0
 10
3.80256
 20
21.5658
 11
3.80538
 21
21.4997
  0
LINE
  8
0
 10
3.80538
 20
21.4997
 11
3.80748
 21
21.4659
  0
LINE
  8
0
 10
3.80748
 20
21.4659
 11
3.80959
 21
21.4329
  0
LINE
  8
0
 10
3.80959
 20
21.4329
 11
3.81522
 21
21.3668
  0
LINE
  8
0
 10
3.81522
 20
21.3668
 11
3.82225
 21
21.3007
  0
LINE
  8
0
 10
3.82225
 20
21.3007
 11
3.82647
 21
21.2677
  0
LINE
  8
0
 10
3.82647
 20
21.2677
 11
3.83139
 21
21.2353
  0
LINE
  8
0
 10
3.83139
 20
21.2353
 11
3.83631
 21
21.2023
  0
LINE
  8
0
 10
3.83631
 20
21.2023
 11
3.84194
 21
21.1692
  0
LINE
  8
0
 10
3.84194
 20
21.1692
 11
3.84756
 21
21.1369
  0
LINE
  8
0
 10
3.84756
 20
21.1369
 11
3.85389
 21
21.1038
  0
LINE
  8
0
 10
3.85389
 20
21.1038
 11
3.86795
 21
21.0391
  0
LINE
  8
0
 10
3.86795
 20
21.0391
 11
3.89116
 21
20.9421
  0
LINE
  8
0
 10
3.89116
 20
20.9421
 11
3.9003
 21
20.9105
  0
LINE
  8
0
 10
3.9003
 20
20.9105
 11
3.90944
 21
20.8781
  0
LINE
  8
0
 10
3.90944
 20
20.8781
 11
3.91858
 21
20.8465
  0
LINE
  8
0
 10
3.91858
 20
20.8465
 11
3.92842
 21
20.8148
  0
LINE
  8
0
 10
3.92842
 20
20.8148
 11
3.96006
 21
20.7199
  0
LINE
  8
0
 10
3.96006
 20
20.7199
 11
3.97202
 21
20.689
  0
LINE
  8
0
 10
3.97202
 20
20.689
 11
3.98327
 21
20.658
  0
LINE
  8
0
 10
3.98327
 20
20.658
 11
3.99592
 21
20.6271
  0
LINE
  8
0
 10
3.99592
 20
20.6271
 11
4.00788
 21
20.5962
  0
LINE
  8
0
 10
4.00788
 20
20.5962
 11
4.02123
 21
20.5659
  0
LINE
  8
0
 10
4.02123
 20
20.5659
 11
4.03459
 21
20.535
  0
LINE
  8
0
 10
4.03459
 20
20.535
 11
4.04795
 21
20.5048
  0
LINE
  8
0
 10
4.04795
 20
20.5048
 11
4.06202
 21
20.4745
  0
LINE
  8
0
 10
4.06202
 20
20.4745
 11
4.07608
 21
20.445
  0
LINE
  8
0
 10
4.07608
 20
20.445
 11
4.09084
 21
20.4148
  0
LINE
  8
0
 10
4.09084
 20
20.4148
 11
4.10631
 21
20.3852
  0
LINE
  8
0
 10
4.10631
 20
20.3852
 11
4.12178
 21
20.3564
  0
LINE
  8
0
 10
4.12178
 20
20.3564
 11
4.13725
 21
20.3269
  0
LINE
  8
0
 10
4.13725
 20
20.3269
 11
4.15413
 21
20.298
  0
LINE
  8
0
 10
4.15413
 20
20.298
 11
4.1703
 21
20.2692
  0
LINE
  8
0
 10
4.1703
 20
20.2692
 11
4.18717
 21
20.2404
  0
LINE
  8
0
 10
4.18717
 20
20.2404
 11
4.23991
 21
20.156
  0
LINE
  8
0
 10
4.23991
 20
20.156
 11
4.25819
 21
20.1279
  0
LINE
  8
0
 10
4.25819
 20
20.1279
 11
4.27717
 21
20.1005
  0
LINE
  8
0
 10
4.27717
 20
20.1005
 11
4.29616
 21
20.0738
  0
LINE
  8
0
 10
4.29616
 20
20.0738
 11
4.31514
 21
20.0463
  0
LINE
  8
0
 10
4.31514
 20
20.0463
 11
4.35452
 21
19.9929
  0
LINE
  8
0
 10
4.35452
 20
19.9929
 11
4.37491
 21
19.9669
  0
LINE
  8
0
 10
4.37491
 20
19.9669
 11
4.396
 21
19.9409
  0
LINE
  8
0
 10
4.396
 20
19.9409
 11
4.41639
 21
19.9148
  0
LINE
  8
0
 10
4.41639
 20
19.9148
 11
4.43748
 21
19.8895
  0
LINE
  8
0
 10
4.43748
 20
19.8895
 11
4.48108
 21
19.8389
  0
LINE
  8
0
 10
4.48108
 20
19.8389
 11
4.52608
 21
19.7897
  0
LINE
  8
0
 10
4.52608
 20
19.7897
 11
4.54858
 21
19.7658
  0
LINE
  8
0
 10
4.54858
 20
19.7658
 11
4.59498
 21
19.718
  0
LINE
  8
0
 10
4.59498
 20
19.718
 11
4.6428
 21
19.6716
  0
LINE
  8
0
 10
4.6428
 20
19.6716
 11
4.6667
 21
19.6491
  0
LINE
  8
0
 10
4.6667
 20
19.6491
 11
4.71592
 21
19.6041
  0
LINE
  8
0
 10
4.71592
 20
19.6041
 11
4.76655
 21
19.5605
  0
LINE
  8
0
 10
4.76655
 20
19.5605
 11
4.79186
 21
19.5394
  0
LINE
  8
0
 10
4.79186
 20
19.5394
 11
4.81788
 21
19.519
  0
LINE
  8
0
 10
4.81788
 20
19.519
 11
4.84389
 21
19.4979
  0
LINE
  8
0
 10
4.84389
 20
19.4979
 11
4.86991
 21
19.4775
  0
LINE
  8
0
 10
4.86991
 20
19.4775
 11
4.92334
 21
19.4381
  0
LINE
  8
0
 10
4.92334
 20
19.4381
 11
4.95077
 21
19.4191
  0
LINE
  8
0
 10
4.95077
 20
19.4191
 11
4.97748
 21
19.4002
  0
LINE
  8
0
 10
4.97748
 20
19.4002
 11
5.00491
 21
19.3812
  0
LINE
  8
0
 10
5.00491
 20
19.3812
 11
5.03303
 21
19.3629
  0
LINE
  8
0
 10
5.03303
 20
19.3629
 11
5.11741
 21
19.3102
  0
LINE
  8
0
 10
5.11741
 20
19.3102
 11
5.17506
 21
19.2764
  0
LINE
  8
0
 10
5.17506
 20
19.2764
 11
5.20389
 21
19.2602
  0
LINE
  8
0
 10
5.20389
 20
19.2602
 11
5.23342
 21
19.2448
  0
LINE
  8
0
 10
5.23342
 20
19.2448
 11
5.26225
 21
19.2293
  0
LINE
  8
0
 10
5.26225
 20
19.2293
 11
5.29178
 21
19.2138
  0
LINE
  8
0
 10
5.29178
 20
19.2138
 11
5.32202
 21
19.1991
  0
LINE
  8
0
 10
5.32202
 20
19.1991
 11
5.35155
 21
19.185
  0
LINE
  8
0
 10
5.35155
 20
19.185
 11
5.38178
 21
19.1709
  0
LINE
  8
0
 10
5.38178
 20
19.1709
 11
5.41202
 21
19.1576
  0
LINE
  8
0
 10
5.41202
 20
19.1576
 11
5.44295
 21
19.1442
  0
LINE
  8
0
 10
5.44295
 20
19.1442
 11
5.47319
 21
19.1309
  0
LINE
  8
0
 10
5.47319
 20
19.1309
 11
5.50413
 21
19.1189
  0
LINE
  8
0
 10
5.50413
 20
19.1189
 11
5.53506
 21
19.1063
  0
LINE
  8
0
 10
5.53506
 20
19.1063
 11
5.566
 21
19.095
  0
LINE
  8
0
 10
5.566
 20
19.095
 11
5.59694
 21
19.083
  0
LINE
  8
0
 10
5.59694
 20
19.083
 11
5.69186
 21
19.0514
  0
LINE
  8
0
 10
5.69186
 20
19.0514
 11
5.7235
 21
19.0416
  0
LINE
  8
0
 10
5.7235
 20
19.0416
 11
5.75514
 21
19.0324
  0
LINE
  8
0
 10
5.75514
 20
19.0324
 11
5.78748
 21
19.0233
  0
LINE
  8
0
 10
5.78748
 20
19.0233
 11
5.81913
 21
19.0141
  0
LINE
  8
0
 10
5.81913
 20
19.0141
 11
5.85147
 21
19.0064
  0
LINE
  8
0
 10
5.85147
 20
19.0064
 11
5.88381
 21
18.998
  0
LINE
  8
0
 10
5.88381
 20
18.998
 11
5.98084
 21
18.9769
  0
LINE
  8
0
 10
5.98084
 20
18.9769
 11
6.01389
 21
18.9705
  0
LINE
  8
0
 10
6.01389
 20
18.9705
 11
6.04623
 21
18.9649
  0
LINE
  8
0
 10
6.04623
 20
18.9649
 11
6.07928
 21
18.9593
  0
LINE
  8
0
 10
6.07928
 20
18.9593
 11
6.11233
 21
18.9544
  0
LINE
  8
0
 10
6.11233
 20
18.9544
 11
6.14467
 21
18.9495
  0
LINE
  8
0
 10
6.14467
 20
18.9495
 11
6.17772
 21
18.9452
  0
LINE
  8
0
 10
6.17772
 20
18.9452
 11
6.27686
 21
18.9347
  0
LINE
  8
0
 10
6.27686
 20
18.9347
 11
6.34295
 21
18.9305
  0
LINE
  8
0
 10
6.34295
 20
18.9305
 11
6.3767
 21
18.9284
  0
LINE
  8
0
 10
6.3767
 20
18.9284
 11
6.4428
 21
18.9255
  0
LINE
  8
0
 10
6.4428
 20
18.9255
 11
6.47584
 21
18.9255
  0
LINE
  8
0
 10
6.47584
 20
18.9255
 11
6.50959
 21
18.9248
  0
LINE
  8
0
 10
6.50959
 20
18.9248
 11
6.54264
 21
18.9255
  0
LINE
  8
0
 10
6.54264
 20
18.9255
 11
6.57569
 21
18.9255
  0
LINE
  8
0
 10
6.57569
 20
18.9255
 11
6.64178
 21
18.9284
  0
LINE
  8
0
 10
6.64178
 20
18.9284
 11
6.67553
 21
18.9305
  0
LINE
  8
0
 10
6.67553
 20
18.9305
 11
6.74163
 21
18.9347
  0
LINE
  8
0
 10
6.74163
 20
18.9347
 11
6.84077
 21
18.9452
  0
LINE
  8
0
 10
6.84077
 20
18.9452
 11
6.87381
 21
18.9495
  0
LINE
  8
0
 10
6.87381
 20
18.9495
 11
6.90686
 21
18.9544
  0
LINE
  8
0
 10
6.90686
 20
18.9544
 11
6.9392
 21
18.9593
  0
LINE
  8
0
 10
6.9392
 20
18.9593
 11
6.97225
 21
18.9649
  0
LINE
  8
0
 10
6.97225
 20
18.9649
 11
7.00459
 21
18.9705
  0
LINE
  8
0
 10
7.00459
 20
18.9705
 11
7.03764
 21
18.9769
  0
LINE
  8
0
 10
7.03764
 20
18.9769
 11
7.13467
 21
18.998
  0
LINE
  8
0
 10
7.13467
 20
18.998
 11
7.16702
 21
19.0064
  0
LINE
  8
0
 10
7.16702
 20
19.0064
 11
7.19936
 21
19.0141
  0
LINE
  8
0
 10
7.19936
 20
19.0141
 11
7.231
 21
19.0233
  0
LINE
  8
0
 10
7.231
 20
19.0233
 11
7.26334
 21
19.0324
  0
LINE
  8
0
 10
7.26334
 20
19.0324
 11
7.29498
 21
19.0416
  0
LINE
  8
0
 10
7.29498
 20
19.0416
 11
7.32663
 21
19.0514
  0
LINE
  8
0
 10
7.32663
 20
19.0514
 11
7.42155
 21
19.083
  0
LINE
  8
0
 10
7.42155
 20
19.083
 11
7.45248
 21
19.095
  0
LINE
  8
0
 10
7.45248
 20
19.095
 11
7.48342
 21
19.1063
  0
LINE
  8
0
 10
7.48342
 20
19.1063
 11
7.51436
 21
19.1189
  0
LINE
  8
0
 10
7.51436
 20
19.1189
 11
7.5453
 21
19.1309
  0
LINE
  8
0
 10
7.5453
 20
19.1309
 11
7.57623
 21
19.1442
  0
LINE
  8
0
 10
7.57623
 20
19.1442
 11
7.6367
 21
19.1709
  0
LINE
  8
0
 10
7.6367
 20
19.1709
 11
7.66694
 21
19.185
  0
LINE
  8
0
 10
7.66694
 20
19.185
 11
7.69647
 21
19.1991
  0
LINE
  8
0
 10
7.69647
 20
19.1991
 11
7.7267
 21
19.2138
  0
LINE
  8
0
 10
7.7267
 20
19.2138
 11
7.78577
 21
19.2448
  0
LINE
  8
0
 10
7.78577
 20
19.2448
 11
7.81459
 21
19.2602
  0
LINE
  8
0
 10
7.81459
 20
19.2602
 11
7.84342
 21
19.2764
  0
LINE
  8
0
 10
7.84342
 20
19.2764
 11
7.90108
 21
19.3102
  0
LINE
  8
0
 10
7.90108
 20
19.3102
 11
7.98545
 21
19.3629
  0
LINE
  8
0
 10
7.98545
 20
19.3629
 11
8.01358
 21
19.3812
  0
LINE
  8
0
 10
8.01358
 20
19.3812
 11
8.06842
 21
19.4191
  0
LINE
  8
0
 10
8.06842
 20
19.4191
 11
8.09514
 21
19.4381
  0
LINE
  8
0
 10
8.09514
 20
19.4381
 11
8.14858
 21
19.4775
  0
LINE
  8
0
 10
8.14858
 20
19.4775
 11
8.17459
 21
19.4979
  0
LINE
  8
0
 10
8.17459
 20
19.4979
 11
8.20061
 21
19.519
  0
LINE
  8
0
 10
8.20061
 20
19.519
 11
8.22663
 21
19.5394
  0
LINE
  8
0
 10
8.22663
 20
19.5394
 11
8.25194
 21
19.5605
  0
LINE
  8
0
 10
8.25194
 20
19.5605
 11
8.30256
 21
19.6041
  0
LINE
  8
0
 10
8.30256
 20
19.6041
 11
8.35178
 21
19.6491
  0
LINE
  8
0
 10
8.35178
 20
19.6491
 11
8.37569
 21
19.6716
  0
LINE
  8
0
 10
8.37569
 20
19.6716
 11
8.4235
 21
19.718
  0
LINE
  8
0
 10
8.4235
 20
19.718
 11
8.46991
 21
19.7658
  0
LINE
  8
0
 10
8.46991
 20
19.7658
 11
8.49241
 21
19.7897
  0
LINE
  8
0
 10
8.49241
 20
19.7897
 11
8.53741
 21
19.8389
  0
LINE
  8
0
 10
8.53741
 20
19.8389
 11
8.581
 21
19.8895
  0
LINE
  8
0
 10
8.581
 20
19.8895
 11
8.60209
 21
19.9148
  0
LINE
  8
0
 10
8.60209
 20
19.9148
 11
8.62319
 21
19.9409
  0
LINE
  8
0
 10
8.62319
 20
19.9409
 11
8.66397
 21
19.9929
  0
LINE
  8
0
 10
8.66397
 20
19.9929
 11
8.70334
 21
20.0463
  0
LINE
  8
0
 10
8.70334
 20
20.0463
 11
8.72233
 21
20.0738
  0
LINE
  8
0
 10
8.72233
 20
20.0738
 11
8.74131
 21
20.1005
  0
LINE
  8
0
 10
8.74131
 20
20.1005
 11
8.7603
 21
20.1279
  0
LINE
  8
0
 10
8.7603
 20
20.1279
 11
8.77858
 21
20.156
  0
LINE
  8
0
 10
8.77858
 20
20.156
 11
8.83131
 21
20.2404
  0
LINE
  8
0
 10
8.83131
 20
20.2404
 11
8.86506
 21
20.298
  0
LINE
  8
0
 10
8.86506
 20
20.298
 11
8.88123
 21
20.3269
  0
LINE
  8
0
 10
8.88123
 20
20.3269
 11
8.8967
 21
20.3564
  0
LINE
  8
0
 10
8.8967
 20
20.3564
 11
8.91217
 21
20.3852
  0
LINE
  8
0
 10
8.91217
 20
20.3852
 11
8.92764
 21
20.4148
  0
LINE
  8
0
 10
8.92764
 20
20.4148
 11
8.94241
 21
20.445
  0
LINE
  8
0
 10
8.94241
 20
20.445
 11
8.95647
 21
20.4745
  0
LINE
  8
0
 10
8.95647
 20
20.4745
 11
8.98459
 21
20.535
  0
LINE
  8
0
 10
8.98459
 20
20.535
 11
8.99725
 21
20.5659
  0
LINE
  8
0
 10
8.99725
 20
20.5659
 11
9.01061
 21
20.5962
  0
LINE
  8
0
 10
9.01061
 20
20.5962
 11
9.02327
 21
20.6271
  0
LINE
  8
0
 10
9.02327
 20
20.6271
 11
9.04717
 21
20.689
  0
LINE
  8
0
 10
9.04717
 20
20.689
 11
9.05842
 21
20.7199
  0
LINE
  8
0
 10
9.05842
 20
20.7199
 11
9.09006
 21
20.8148
  0
LINE
  8
0
 10
9.09006
 20
20.8148
 11
9.09991
 21
20.8465
  0
LINE
  8
0
 10
9.09991
 20
20.8465
 11
9.10905
 21
20.8781
  0
LINE
  8
0
 10
9.10905
 20
20.8781
 11
9.11819
 21
20.9105
  0
LINE
  8
0
 10
9.11819
 20
20.9105
 11
9.12733
 21
20.9421
  0
LINE
  8
0
 10
9.12733
 20
20.9421
 11
9.13506
 21
20.9745
  0
LINE
  8
0
 10
9.13506
 20
20.9745
 11
9.1435
 21
21.0068
  0
LINE
  8
0
 10
9.1435
 20
21.0068
 11
9.16459
 21
21.1038
  0
LINE
  8
0
 10
9.16459
 20
21.1038
 11
9.17092
 21
21.1369
  0
LINE
  8
0
 10
9.17092
 20
21.1369
 11
9.17655
 21
21.1692
  0
LINE
  8
0
 10
9.17655
 20
21.1692
 11
9.18217
 21
21.2023
  0
LINE
  8
0
 10
9.18217
 20
21.2023
 11
9.18709
 21
21.2353
  0
LINE
  8
0
 10
9.18709
 20
21.2353
 11
9.19202
 21
21.2677
  0
LINE
  8
0
 10
9.19202
 20
21.2677
 11
9.19623
 21
21.3007
  0
LINE
  8
0
 10
9.19623
 20
21.3007
 11
9.20678
 21
21.3998
  0
LINE
  8
0
 10
9.20678
 20
21.3998
 11
9.20889
 21
21.4329
  0
LINE
  8
0
 10
9.20889
 20
21.4329
 11
9.2117
 21
21.4659
  0
LINE
  8
0
 10
9.2117
 20
21.4659
 11
9.21311
 21
21.4997
  0
LINE
  8
0
 10
9.21311
 20
21.4997
 11
9.21592
 21
21.5658
  0
LINE
  8
0
 10
9.21592
 20
21.5658
 11
9.21663
 21
21.5988
  0
LINE
  8
0
 10
9.21663
 20
21.5988
 11
9.21663
 21
21.6656
  0
LINE
  8
0
 10
9.21663
 20
21.6656
 11
9.21592
 21
21.6987
  0
LINE
  8
0
 10
18.4297
 20
16.8731
 11
18.358
 21
16.8675
  0
LINE
  8
0
 10
18.358
 20
16.8675
 11
18.2869
 21
16.8626
  0
LINE
  8
0
 10
18.2869
 20
16.8626
 11
18.2152
 21
16.8577
  0
LINE
  8
0
 10
18.2152
 20
16.8577
 11
18.1435
 21
16.8534
  0
LINE
  8
0
 10
18.1435
 20
16.8534
 11
18.0725
 21
16.8499
  0
LINE
  8
0
 10
18.0725
 20
16.8499
 11
18.0008
 21
16.8464
  0
LINE
  8
0
 10
18.0008
 20
16.8464
 11
17.929
 21
16.8436
  0
LINE
  8
0
 10
17.929
 20
16.8436
 11
17.7863
 21
16.8394
  0
LINE
  8
0
 10
17.7863
 20
16.8394
 11
17.6429
 21
16.8366
  0
LINE
  8
0
 10
17.6429
 20
16.8366
 11
17.5719
 21
16.8366
  0
LINE
  8
0
 10
17.5719
 20
16.8366
 11
17.5001
 21
16.8359
  0
LINE
  8
0
 10
17.5001
 20
16.8359
 11
17.4284
 21
16.8366
  0
LINE
  8
0
 10
17.4284
 20
16.8366
 11
17.3567
 21
16.8366
  0
LINE
  8
0
 10
17.3567
 20
16.8366
 11
17.214
 21
16.8394
  0
LINE
  8
0
 10
17.214
 20
16.8394
 11
17.0705
 21
16.8436
  0
LINE
  8
0
 10
17.0705
 20
16.8436
 11
16.9995
 21
16.8464
  0
LINE
  8
0
 10
16.9995
 20
16.8464
 11
16.8561
 21
16.8534
  0
LINE
  8
0
 10
16.8561
 20
16.8534
 11
16.7851
 21
16.8577
  0
LINE
  8
0
 10
16.7851
 20
16.8577
 11
16.6416
 21
16.8675
  0
LINE
  8
0
 10
16.6416
 20
16.8675
 11
16.4996
 21
16.8788
  0
LINE
  8
0
 10
16.4996
 20
16.8788
 11
16.4279
 21
16.8851
  0
LINE
  8
0
 10
16.4279
 20
16.8851
 11
16.2858
 21
16.8991
  0
LINE
  8
0
 10
16.2858
 20
16.8991
 11
16.2141
 21
16.9069
  0
LINE
  8
0
 10
16.2141
 20
16.9069
 11
16.0721
 21
16.9237
  0
LINE
  8
0
 10
16.0721
 20
16.9237
 11
15.9301
 21
16.942
  0
LINE
  8
0
 10
15.9301
 20
16.942
 11
15.859
 21
16.9519
  0
LINE
  8
0
 10
15.859
 20
16.9519
 11
15.7887
 21
16.9624
  0
LINE
  8
0
 10
15.7887
 20
16.9624
 11
15.7177
 21
16.973
  0
LINE
  8
0
 10
15.7177
 20
16.973
 11
15.6474
 21
16.9842
  0
LINE
  8
0
 10
15.6474
 20
16.9842
 11
15.5764
 21
16.9955
  0
LINE
  8
0
 10
15.5764
 20
16.9955
 11
15.5061
 21
17.0074
  0
LINE
  8
0
 10
15.5061
 20
17.0074
 11
15.4358
 21
17.0201
  0
LINE
  8
0
 10
15.4358
 20
17.0201
 11
15.3648
 21
17.0327
  0
LINE
  8
0
 10
15.3648
 20
17.0327
 11
15.2944
 21
17.0461
  0
LINE
  8
0
 10
15.2944
 20
17.0461
 11
15.2241
 21
17.0602
  0
LINE
  8
0
 10
15.2241
 20
17.0602
 11
15.1545
 21
17.0742
  0
LINE
  8
0
 10
15.1545
 20
17.0742
 11
15.0842
 21
17.089
  0
LINE
  8
0
 10
15.0842
 20
17.089
 11
15.0146
 21
17.1037
  0
LINE
  8
0
 10
15.0146
 20
17.1037
 11
14.9443
 21
17.1192
  0
LINE
  8
0
 10
14.9443
 20
17.1192
 11
14.8051
 21
17.1516
  0
LINE
  8
0
 10
14.8051
 20
17.1516
 11
14.6658
 21
17.1853
  0
LINE
  8
0
 10
14.6658
 20
17.1853
 11
14.5962
 21
17.2029
  0
LINE
  8
0
 10
14.5962
 20
17.2029
 11
14.4584
 21
17.2395
  0
LINE
  8
0
 10
14.4584
 20
17.2395
 11
14.3888
 21
17.2584
  0
LINE
  8
0
 10
14.3888
 20
17.2584
 11
14.251
 21
17.2978
  0
LINE
  8
0
 10
14.251
 20
17.2978
 11
14.1828
 21
17.3175
  0
LINE
  8
0
 10
14.1828
 20
17.3175
 11
14.1139
 21
17.3386
  0
LINE
  8
0
 10
14.1139
 20
17.3386
 11
14.0457
 21
17.359
  0
LINE
  8
0
 10
14.0457
 20
17.359
 11
13.8411
 21
17.4244
  0
LINE
  8
0
 10
13.8411
 20
17.4244
 11
13.7736
 21
17.4476
  0
LINE
  8
0
 10
13.7736
 20
17.4476
 11
13.7054
 21
17.4708
  0
LINE
  8
0
 10
13.7054
 20
17.4708
 11
13.6379
 21
17.494
  0
LINE
  8
0
 10
13.6379
 20
17.494
 11
13.5029
 21
17.5418
  0
LINE
  8
0
 10
13.5029
 20
17.5418
 11
13.4361
 21
17.5671
  0
LINE
  8
0
 10
13.4361
 20
17.5671
 11
13.3693
 21
17.5917
  0
LINE
  8
0
 10
13.3693
 20
17.5917
 11
13.1689
 21
17.6698
  0
LINE
  8
0
 10
13.1689
 20
17.6698
 11
13.1028
 21
17.6965
  0
LINE
  8
0
 10
13.1028
 20
17.6965
 11
12.9706
 21
17.7513
  0
LINE
  8
0
 10
12.9706
 20
17.7513
 11
12.9045
 21
17.7795
  0
LINE
  8
0
 10
12.9045
 20
17.7795
 11
12.8391
 21
17.8076
  0
LINE
  8
0
 10
12.8391
 20
17.8076
 11
12.773
 21
17.8364
  0
LINE
  8
0
 10
12.773
 20
17.8364
 11
12.7076
 21
17.8659
  0
LINE
  8
0
 10
12.7076
 20
17.8659
 11
12.643
 21
17.8955
  0
LINE
  8
0
 10
12.643
 20
17.8955
 11
12.5776
 21
17.9257
  0
LINE
  8
0
 10
12.5776
 20
17.9257
 11
12.5129
 21
17.9559
  0
LINE
  8
0
 10
12.5129
 20
17.9559
 11
12.4482
 21
17.9869
  0
LINE
  8
0
 10
12.4482
 20
17.9869
 11
12.3842
 21
18.0178
  0
LINE
  8
0
 10
12.3842
 20
18.0178
 11
12.3195
 21
18.0495
  0
LINE
  8
0
 10
12.3195
 20
18.0495
 11
12.2555
 21
18.0811
  0
LINE
  8
0
 10
12.2555
 20
18.0811
 11
12.1923
 21
18.1141
  0
LINE
  8
0
 10
12.1923
 20
18.1141
 11
12.1283
 21
18.1465
  0
LINE
  8
0
 10
12.1283
 20
18.1465
 11
12.065
 21
18.1795
  0
LINE
  8
0
 10
12.065
 20
18.1795
 11
11.9384
 21
18.247
  0
LINE
  8
0
 10
11.9384
 20
18.247
 11
11.8133
 21
18.3159
  0
LINE
  8
0
 10
11.8133
 20
18.3159
 11
11.7507
 21
18.3511
  0
LINE
  8
0
 10
11.7507
 20
18.3511
 11
11.5651
 21
18.4587
  0
LINE
  8
0
 10
11.5651
 20
18.4587
 11
11.5032
 21
18.4952
  0
LINE
  8
0
 10
11.5032
 20
18.4952
 11
11.3808
 21
18.5698
  0
LINE
  8
0
 10
11.3808
 20
18.5698
 11
11.2599
 21
18.6457
  0
LINE
  8
0
 10
11.2599
 20
18.6457
 11
11.1994
 21
18.6844
  0
LINE
  8
0
 10
11.1994
 20
18.6844
 11
11.1397
 21
18.723
  0
LINE
  8
0
 10
11.1397
 20
18.723
 11
11.0792
 21
18.7624
  0
LINE
  8
0
 10
11.0792
 20
18.7624
 11
11.0201
 21
18.8018
  0
LINE
  8
0
 10
11.0201
 20
18.8018
 11
10.9604
 21
18.8419
  0
LINE
  8
0
 10
10.9604
 20
18.8419
 11
10.9013
 21
18.882
  0
LINE
  8
0
 10
10.9013
 20
18.882
 11
10.8422
 21
18.9227
  0
LINE
  8
0
 10
10.8422
 20
18.9227
 11
10.7839
 21
18.9635
  0
LINE
  8
0
 10
10.7839
 20
18.9635
 11
10.6672
 21
19.0465
  0
LINE
  8
0
 10
10.6672
 20
19.0465
 11
10.6095
 21
19.0887
  0
LINE
  8
0
 10
10.6095
 20
19.0887
 11
10.4942
 21
19.1745
  0
LINE
  8
0
 10
10.4942
 20
19.1745
 11
10.4372
 21
19.2173
  0
LINE
  8
0
 10
10.4372
 20
19.2173
 11
10.3803
 21
19.2609
  0
LINE
  8
0
 10
10.3803
 20
19.2609
 11
10.324
 21
19.3045
  0
LINE
  8
0
 10
10.324
 20
19.3045
 11
10.2678
 21
19.3488
  0
LINE
  8
0
 10
10.2678
 20
19.3488
 11
10.2115
 21
19.3938
  0
LINE
  8
0
 10
10.2115
 20
19.3938
 11
10.156
 21
19.4381
  0
LINE
  8
0
 10
10.156
 20
19.4381
 11
10.1005
 21
19.4838
  0
LINE
  8
0
 10
10.1005
 20
19.4838
 11
10.0709
 21
19.5077
  0
LINE
  8
0
 10
10.0709
 20
19.5077
 11
10.0667
 21
19.5
  0
LINE
  8
0
 10
10.0667
 20
19.5
 11
10.04
 21
19.4564
  0
LINE
  8
0
 10
10.04
 20
19.4564
 11
10.0133
 21
19.4135
  0
LINE
  8
0
 10
10.0133
 20
19.4135
 11
9.98584
 21
19.3706
  0
LINE
  8
0
 10
9.98584
 20
19.3706
 11
9.95772
 21
19.3284
  0
LINE
  8
0
 10
9.95772
 20
19.3284
 11
9.90006
 21
19.2441
  0
LINE
  8
0
 10
9.90006
 20
19.2441
 11
9.87053
 21
19.2026
  0
LINE
  8
0
 10
9.87053
 20
19.2026
 11
9.81006
 21
19.121
  0
LINE
  8
0
 10
9.81006
 20
19.121
 11
9.77842
 21
19.0809
  0
LINE
  8
0
 10
9.77842
 20
19.0809
 11
9.74748
 21
19.0409
  0
LINE
  8
0
 10
9.74748
 20
19.0409
 11
9.6828
 21
18.9621
  0
LINE
  8
0
 10
9.6828
 20
18.9621
 11
9.64975
 21
18.9234
  0
LINE
  8
0
 10
9.64975
 20
18.9234
 11
9.616
 21
18.8848
  0
LINE
  8
0
 10
9.616
 20
18.8848
 11
9.58225
 21
18.8475
  0
LINE
  8
0
 10
9.58225
 20
18.8475
 11
9.5478
 21
18.8095
  0
LINE
  8
0
 10
9.5478
 20
18.8095
 11
9.51264
 21
18.7723
  0
LINE
  8
0
 10
9.51264
 20
18.7723
 11
9.47748
 21
18.7357
  0
LINE
  8
0
 10
9.47748
 20
18.7357
 11
9.40577
 21
18.664
  0
LINE
  8
0
 10
9.40577
 20
18.664
 11
9.3692
 21
18.6288
  0
LINE
  8
0
 10
9.3692
 20
18.6288
 11
9.33194
 21
18.5937
  0
LINE
  8
0
 10
9.33194
 20
18.5937
 11
9.29467
 21
18.5592
  0
LINE
  8
0
 10
9.29467
 20
18.5592
 11
9.2567
 21
18.5255
  0
LINE
  8
0
 10
9.2567
 20
18.5255
 11
9.21803
 21
18.4917
  0
LINE
  8
0
 10
9.21803
 20
18.4917
 11
9.17936
 21
18.4587
  0
LINE
  8
0
 10
9.17936
 20
18.4587
 11
9.13998
 21
18.4263
  0
LINE
  8
0
 10
9.13998
 20
18.4263
 11
9.10061
 21
18.3947
  0
LINE
  8
0
 10
9.10061
 20
18.3947
 11
9.02045
 21
18.3314
  0
LINE
  8
0
 10
9.02045
 20
18.3314
 11
8.93889
 21
18.2709
  0
LINE
  8
0
 10
8.93889
 20
18.2709
 11
8.89741
 21
18.2414
  0
LINE
  8
0
 10
8.89741
 20
18.2414
 11
8.81303
 21
18.1837
  0
LINE
  8
0
 10
8.81303
 20
18.1837
 11
8.77084
 21
18.1556
  0
LINE
  8
0
 10
8.77084
 20
18.1556
 11
8.72795
 21
18.1282
  0
LINE
  8
0
 10
8.72795
 20
18.1282
 11
8.68506
 21
18.1015
  0
LINE
  8
0
 10
8.68506
 20
18.1015
 11
8.64147
 21
18.0748
  0
LINE
  8
0
 10
8.64147
 20
18.0748
 11
8.59788
 21
18.0495
  0
LINE
  8
0
 10
8.59788
 20
18.0495
 11
8.50928
 21
17.9988
  0
LINE
  8
0
 10
8.50928
 20
17.9988
 11
8.41928
 21
17.951
  0
LINE
  8
0
 10
8.41928
 20
17.951
 11
8.37358
 21
17.9278
  0
LINE
  8
0
 10
8.37358
 20
17.9278
 11
8.32858
 21
17.9053
  0
LINE
  8
0
 10
8.32858
 20
17.9053
 11
8.28217
 21
17.8835
  0
LINE
  8
0
 10
8.28217
 20
17.8835
 11
8.23647
 21
17.8617
  0
LINE
  8
0
 10
8.23647
 20
17.8617
 11
8.19006
 21
17.8406
  0
LINE
  8
0
 10
8.19006
 20
17.8406
 11
8.14295
 21
17.8202
  0
LINE
  8
0
 10
8.14295
 20
17.8202
 11
8.09655
 21
17.8005
  0
LINE
  8
0
 10
8.09655
 20
17.8005
 11
8.08459
 21
17.7956
  0
LINE
  8
0
 10
8.08459
 20
17.7956
 11
8.12256
 21
17.7626
  0
LINE
  8
0
 10
8.12256
 20
17.7626
 11
8.18866
 21
17.7049
  0
LINE
  8
0
 10
8.18866
 20
17.7049
 11
8.25475
 21
17.648
  0
LINE
  8
0
 10
8.25475
 20
17.648
 11
8.38834
 21
17.5355
  0
LINE
  8
0
 10
8.38834
 20
17.5355
 11
8.45584
 21
17.4799
  0
LINE
  8
0
 10
8.45584
 20
17.4799
 11
8.52405
 21
17.4244
  0
LINE
  8
0
 10
8.52405
 20
17.4244
 11
8.59225
 21
17.3695
  0
LINE
  8
0
 10
8.59225
 20
17.3695
 11
8.66045
 21
17.3154
  0
LINE
  8
0
 10
8.66045
 20
17.3154
 11
8.72936
 21
17.2613
  0
LINE
  8
0
 10
8.72936
 20
17.2613
 11
8.79827
 21
17.2078
  0
LINE
  8
0
 10
8.79827
 20
17.2078
 11
8.86788
 21
17.1544
  0
LINE
  8
0
 10
8.86788
 20
17.1544
 11
8.93748
 21
17.1016
  0
LINE
  8
0
 10
8.93748
 20
17.1016
 11
9.07811
 21
16.9976
  0
LINE
  8
0
 10
9.07811
 20
16.9976
 11
9.22014
 21
16.8949
  0
LINE
  8
0
 10
9.22014
 20
16.8949
 11
9.29116
 21
16.8443
  0
LINE
  8
0
 10
9.29116
 20
16.8443
 11
9.43459
 21
16.7445
  0
LINE
  8
0
 10
9.43459
 20
16.7445
 11
9.50702
 21
16.6952
  0
LINE
  8
0
 10
9.50702
 20
16.6952
 11
9.58014
 21
16.6467
  0
LINE
  8
0
 10
9.58014
 20
16.6467
 11
9.65256
 21
16.5982
  0
LINE
  8
0
 10
9.65256
 20
16.5982
 11
9.72569
 21
16.5504
  0
LINE
  8
0
 10
9.72569
 20
16.5504
 11
9.79952
 21
16.5026
  0
LINE
  8
0
 10
9.79952
 20
16.5026
 11
9.87334
 21
16.4555
  0
LINE
  8
0
 10
9.87334
 20
16.4555
 11
9.94717
 21
16.4091
  0
LINE
  8
0
 10
9.94717
 20
16.4091
 11
10.1708
 21
16.272
  0
LINE
  8
0
 10
10.1708
 20
16.272
 11
10.3212
 21
16.1834
  0
LINE
  8
0
 10
10.3212
 20
16.1834
 11
10.3972
 21
16.1391
  0
LINE
  8
0
 10
10.3972
 20
16.1391
 11
10.4731
 21
16.0962
  0
LINE
  8
0
 10
10.4731
 20
16.0962
 11
10.5497
 21
16.0533
  0
LINE
  8
0
 10
10.5497
 20
16.0533
 11
10.6257
 21
16.0111
  0
LINE
  8
0
 10
10.6257
 20
16.0111
 11
10.703
 21
15.9689
  0
LINE
  8
0
 10
10.703
 20
15.9689
 11
10.7797
 21
15.9274
  0
LINE
  8
0
 10
10.7797
 20
15.9274
 11
10.9344
 21
15.8459
  0
LINE
  8
0
 10
10.9344
 20
15.8459
 11
11.0124
 21
15.8058
  0
LINE
  8
0
 10
11.0124
 20
15.8058
 11
11.1685
 21
15.727
  0
LINE
  8
0
 10
11.1685
 20
15.727
 11
11.2473
 21
15.6884
  0
LINE
  8
0
 10
11.2473
 20
15.6884
 11
11.4047
 21
15.6124
  0
LINE
  8
0
 10
11.4047
 20
15.6124
 11
11.4842
 21
15.5759
  0
LINE
  8
0
 10
11.4842
 20
15.5759
 11
11.5637
 21
15.5386
  0
LINE
  8
0
 10
11.5637
 20
15.5386
 11
11.7226
 21
15.4669
  0
LINE
  8
0
 10
11.7226
 20
15.4669
 11
11.8027
 21
15.4317
  0
LINE
  8
0
 10
11.8027
 20
15.4317
 11
11.8836
 21
15.3973
  0
LINE
  8
0
 10
11.8836
 20
15.3973
 11
11.9637
 21
15.3628
  0
LINE
  8
0
 10
11.9637
 20
15.3628
 11
12.0446
 21
15.3291
  0
LINE
  8
0
 10
12.0446
 20
15.3291
 11
12.2063
 21
15.263
  0
LINE
  8
0
 10
12.2063
 20
15.263
 11
12.2879
 21
15.2313
  0
LINE
  8
0
 10
12.2879
 20
15.2313
 11
12.3694
 21
15.199
  0
LINE
  8
0
 10
12.3694
 20
15.199
 11
12.451
 21
15.168
  0
LINE
  8
0
 10
12.451
 20
15.168
 11
12.5333
 21
15.1371
  0
LINE
  8
0
 10
12.5333
 20
15.1371
 11
12.6148
 21
15.1069
  0
LINE
  8
0
 10
12.6148
 20
15.1069
 11
12.6971
 21
15.0773
  0
LINE
  8
0
 10
12.6971
 20
15.0773
 11
12.7801
 21
15.0478
  0
LINE
  8
0
 10
12.7801
 20
15.0478
 11
12.8623
 21
15.0197
  0
LINE
  8
0
 10
12.8623
 20
15.0197
 11
13.0283
 21
14.9634
  0
LINE
  8
0
 10
13.0283
 20
14.9634
 11
13.1112
 21
14.936
  0
LINE
  8
0
 10
13.1112
 20
14.936
 11
13.1949
 21
14.91
  0
LINE
  8
0
 10
13.1949
 20
14.91
 11
13.2779
 21
14.8833
  0
LINE
  8
0
 10
13.2779
 20
14.8833
 11
13.4452
 21
14.8327
  0
LINE
  8
0
 10
13.4452
 20
14.8327
 11
13.5296
 21
14.808
  0
LINE
  8
0
 10
13.5296
 20
14.808
 11
13.6133
 21
14.7841
  0
LINE
  8
0
 10
13.6133
 20
14.7841
 11
13.6976
 21
14.7602
  0
LINE
  8
0
 10
13.6976
 20
14.7602
 11
13.782
 21
14.737
  0
LINE
  8
0
 10
13.782
 20
14.737
 11
13.8664
 21
14.7145
  0
LINE
  8
0
 10
13.8664
 20
14.7145
 11
13.9515
 21
14.6927
  0
LINE
  8
0
 10
13.9515
 20
14.6927
 11
14.0358
 21
14.6709
  0
LINE
  8
0
 10
14.0358
 20
14.6709
 11
14.1209
 21
14.6505
  0
LINE
  8
0
 10
14.1209
 20
14.6505
 11
14.206
 21
14.6295
  0
LINE
  8
0
 10
14.206
 20
14.6295
 11
14.3762
 21
14.5901
  0
LINE
  8
0
 10
14.3762
 20
14.5901
 11
14.4619
 21
14.5718
  0
LINE
  8
0
 10
14.4619
 20
14.5718
 11
14.5477
 21
14.5528
  0
LINE
  8
0
 10
14.5477
 20
14.5528
 11
14.6328
 21
14.5352
  0
LINE
  8
0
 10
14.6328
 20
14.5352
 11
14.7186
 21
14.5177
  0
LINE
  8
0
 10
14.7186
 20
14.5177
 11
14.8044
 21
14.5008
  0
LINE
  8
0
 10
14.8044
 20
14.5008
 11
14.8908
 21
14.4846
  0
LINE
  8
0
 10
14.8908
 20
14.4846
 11
14.9766
 21
14.4691
  0
LINE
  8
0
 10
14.9766
 20
14.4691
 11
15.0631
 21
14.4537
  0
LINE
  8
0
 10
15.0631
 20
14.4537
 11
15.1489
 21
14.4389
  0
LINE
  8
0
 10
15.1489
 20
14.4389
 11
15.2354
 21
14.4248
  0
LINE
  8
0
 10
15.2354
 20
14.4248
 11
15.4083
 21
14.3981
  0
LINE
  8
0
 10
15.4083
 20
14.3981
 11
15.4948
 21
14.3855
  0
LINE
  8
0
 10
15.4948
 20
14.3855
 11
15.5813
 21
14.3735
  0
LINE
  8
0
 10
15.5813
 20
14.3735
 11
15.6678
 21
14.3623
  0
LINE
  8
0
 10
15.6678
 20
14.3623
 11
15.755
 21
14.351
  0
LINE
  8
0
 10
15.755
 20
14.351
 11
15.8415
 21
14.3405
  0
LINE
  8
0
 10
15.8415
 20
14.3405
 11
15.9287
 21
14.3306
  0
LINE
  8
0
 10
15.9287
 20
14.3306
 11
16.0158
 21
14.3215
  0
LINE
  8
0
 10
16.0158
 20
14.3215
 11
16.1023
 21
14.3123
  0
LINE
  8
0
 10
16.1023
 20
14.3123
 11
16.3639
 21
14.2891
  0
LINE
  8
0
 10
16.3639
 20
14.2891
 11
16.5383
 21
14.2765
  0
LINE
  8
0
 10
16.5383
 20
14.2765
 11
16.6262
 21
14.2709
  0
LINE
  8
0
 10
16.6262
 20
14.2709
 11
16.6339
 21
14.2814
  0
LINE
  8
0
 10
16.6339
 20
14.2814
 11
16.6487
 21
14.3025
  0
LINE
  8
0
 10
16.6487
 20
14.3025
 11
16.6627
 21
14.3236
  0
LINE
  8
0
 10
16.6627
 20
14.3236
 11
16.6923
 21
14.3658
  0
LINE
  8
0
 10
16.6923
 20
14.3658
 11
16.7063
 21
14.3869
  0
LINE
  8
0
 10
16.7063
 20
14.3869
 11
16.7358
 21
14.4291
  0
LINE
  8
0
 10
16.7358
 20
14.4291
 11
16.7499
 21
14.4495
  0
LINE
  8
0
 10
16.7499
 20
14.4495
 11
16.7794
 21
14.4916
  0
LINE
  8
0
 10
16.7794
 20
14.4916
 11
16.7935
 21
14.512
  0
LINE
  8
0
 10
16.7935
 20
14.512
 11
16.8083
 21
14.5331
  0
LINE
  8
0
 10
16.8083
 20
14.5331
 11
16.823
 21
14.5535
  0
LINE
  8
0
 10
16.823
 20
14.5535
 11
16.8371
 21
14.5746
  0
LINE
  8
0
 10
16.8371
 20
14.5746
 11
16.8666
 21
14.6154
  0
LINE
  8
0
 10
16.8666
 20
14.6154
 11
16.8807
 21
14.6365
  0
LINE
  8
0
 10
16.8807
 20
14.6365
 11
16.8955
 21
14.6569
  0
LINE
  8
0
 10
16.8955
 20
14.6569
 11
16.9095
 21
14.6773
  0
LINE
  8
0
 10
16.9095
 20
14.6773
 11
16.939
 21
14.718
  0
LINE
  8
0
 10
16.939
 20
14.718
 11
16.9531
 21
14.7384
  0
LINE
  8
0
 10
16.9531
 20
14.7384
 11
16.9679
 21
14.7588
  0
LINE
  8
0
 10
16.9679
 20
14.7588
 11
16.9819
 21
14.7792
  0
LINE
  8
0
 10
16.9819
 20
14.7792
 11
17.0115
 21
14.82
  0
LINE
  8
0
 10
17.0115
 20
14.82
 11
17.0255
 21
14.8404
  0
LINE
  8
0
 10
17.0255
 20
14.8404
 11
17.0403
 21
14.8608
  0
LINE
  8
0
 10
17.0403
 20
14.8608
 11
17.0544
 21
14.8812
  0
LINE
  8
0
 10
17.0544
 20
14.8812
 11
17.0691
 21
14.9009
  0
LINE
  8
0
 10
17.0691
 20
14.9009
 11
17.0832
 21
14.9213
  0
LINE
  8
0
 10
17.0832
 20
14.9213
 11
17.098
 21
14.9416
  0
LINE
  8
0
 10
17.098
 20
14.9416
 11
17.112
 21
14.9613
  0
LINE
  8
0
 10
17.112
 20
14.9613
 11
17.1268
 21
14.9817
  0
LINE
  8
0
 10
17.1268
 20
14.9817
 11
17.1408
 21
15.0014
  0
LINE
  8
0
 10
17.1408
 20
15.0014
 11
17.1556
 21
15.0218
  0
LINE
  8
0
 10
17.1556
 20
15.0218
 11
17.1697
 21
15.0415
  0
LINE
  8
0
 10
17.1697
 20
15.0415
 11
17.1844
 21
15.0612
  0
LINE
  8
0
 10
17.1844
 20
15.0612
 11
17.1985
 21
15.0816
  0
LINE
  8
0
 10
17.1985
 20
15.0816
 11
17.2133
 21
15.1013
  0
LINE
  8
0
 10
17.2133
 20
15.1013
 11
17.2414
 21
15.1406
  0
LINE
  8
0
 10
17.2414
 20
15.1406
 11
17.2562
 21
15.161
  0
LINE
  8
0
 10
17.2562
 20
15.161
 11
17.2702
 21
15.1807
  0
LINE
  8
0
 10
17.2702
 20
15.1807
 11
17.285
 21
15.2004
  0
LINE
  8
0
 10
17.285
 20
15.2004
 11
17.3131
 21
15.2398
  0
LINE
  8
0
 10
17.3131
 20
15.2398
 11
17.3279
 21
15.2588
  0
LINE
  8
0
 10
17.3279
 20
15.2588
 11
17.356
 21
15.2981
  0
LINE
  8
0
 10
17.356
 20
15.2981
 11
17.3708
 21
15.3178
  0
LINE
  8
0
 10
17.3708
 20
15.3178
 11
17.3848
 21
15.3375
  0
LINE
  8
0
 10
17.3848
 20
15.3375
 11
17.3989
 21
15.3565
  0
LINE
  8
0
 10
17.3989
 20
15.3565
 11
17.413
 21
15.3762
  0
LINE
  8
0
 10
17.413
 20
15.3762
 11
17.427
 21
15.3952
  0
LINE
  8
0
 10
17.427
 20
15.3952
 11
17.4418
 21
15.4148
  0
LINE
  8
0
 10
17.4418
 20
15.4148
 11
17.4558
 21
15.4338
  0
LINE
  8
0
 10
17.4558
 20
15.4338
 11
17.4699
 21
15.4535
  0
LINE
  8
0
 10
17.4699
 20
15.4535
 11
17.484
 21
15.4725
  0
LINE
  8
0
 10
17.484
 20
15.4725
 11
17.498
 21
15.4922
  0
LINE
  8
0
 10
17.498
 20
15.4922
 11
17.5262
 21
15.5302
  0
LINE
  8
0
 10
17.5262
 20
15.5302
 11
17.5409
 21
15.5491
  0
LINE
  8
0
 10
17.5409
 20
15.5491
 11
17.5543
 21
15.5681
  0
LINE
  8
0
 10
17.5543
 20
15.5681
 11
17.5683
 21
15.5864
  0
LINE
  8
0
 10
17.5683
 20
15.5864
 11
17.581
 21
15.6047
  0
LINE
  8
0
 10
17.581
 20
15.6047
 11
17.5944
 21
15.6223
  0
LINE
  8
0
 10
17.5944
 20
15.6223
 11
17.6197
 21
15.6574
  0
LINE
  8
0
 10
17.6197
 20
15.6574
 11
17.633
 21
15.675
  0
LINE
  8
0
 10
17.633
 20
15.675
 11
17.671
 21
15.7277
  0
LINE
  8
0
 10
17.671
 20
15.7277
 11
17.6844
 21
15.7453
  0
LINE
  8
0
 10
17.6844
 20
15.7453
 11
17.7223
 21
15.798
  0
LINE
  8
0
 10
17.7223
 20
15.798
 11
17.7343
 21
15.8156
  0
LINE
  8
0
 10
17.7343
 20
15.8156
 11
17.7469
 21
15.8332
  0
LINE
  8
0
 10
17.7469
 20
15.8332
 11
17.7596
 21
15.8501
  0
LINE
  8
0
 10
17.7596
 20
15.8501
 11
17.7849
 21
15.8852
  0
LINE
  8
0
 10
17.7849
 20
15.8852
 11
17.7969
 21
15.9028
  0
LINE
  8
0
 10
17.7969
 20
15.9028
 11
17.8095
 21
15.9204
  0
LINE
  8
0
 10
17.8095
 20
15.9204
 11
17.8215
 21
15.9373
  0
LINE
  8
0
 10
17.8215
 20
15.9373
 11
17.8341
 21
15.9548
  0
LINE
  8
0
 10
17.8341
 20
15.9548
 11
17.8461
 21
15.9724
  0
LINE
  8
0
 10
17.8461
 20
15.9724
 11
17.8587
 21
15.9893
  0
LINE
  8
0
 10
17.8587
 20
15.9893
 11
17.8707
 21
16.0069
  0
LINE
  8
0
 10
17.8707
 20
16.0069
 11
17.8826
 21
16.0237
  0
LINE
  8
0
 10
17.8826
 20
16.0237
 11
17.9065
 21
16.0589
  0
LINE
  8
0
 10
17.9065
 20
16.0589
 11
17.9185
 21
16.0758
  0
LINE
  8
0
 10
17.9185
 20
16.0758
 11
17.9305
 21
16.0934
  0
LINE
  8
0
 10
17.9305
 20
16.0934
 11
17.9424
 21
16.1102
  0
LINE
  8
0
 10
17.9424
 20
16.1102
 11
17.9544
 21
16.1278
  0
LINE
  8
0
 10
17.9544
 20
16.1278
 11
17.9783
 21
16.1616
  0
LINE
  8
0
 10
17.9783
 20
16.1616
 11
17.9902
 21
16.1791
  0
LINE
  8
0
 10
17.9902
 20
16.1791
 11
18.0015
 21
16.196
  0
LINE
  8
0
 10
18.0015
 20
16.196
 11
18.0134
 21
16.2129
  0
LINE
  8
0
 10
18.0134
 20
16.2129
 11
18.0254
 21
16.2305
  0
LINE
  8
0
 10
18.0254
 20
16.2305
 11
18.0479
 21
16.2642
  0
LINE
  8
0
 10
18.0479
 20
16.2642
 11
18.0598
 21
16.2811
  0
LINE
  8
0
 10
18.0598
 20
16.2811
 11
18.0711
 21
16.2987
  0
LINE
  8
0
 10
18.0711
 20
16.2987
 11
18.0823
 21
16.3155
  0
LINE
  8
0
 10
18.0823
 20
16.3155
 11
18.0943
 21
16.3324
  0
LINE
  8
0
 10
18.0943
 20
16.3324
 11
18.1618
 21
16.4337
  0
LINE
  8
0
 10
18.1618
 20
16.4337
 11
18.1723
 21
16.4505
  0
LINE
  8
0
 10
18.1723
 20
16.4505
 11
18.1948
 21
16.4843
  0
LINE
  8
0
 10
18.1948
 20
16.4843
 11
18.2054
 21
16.5012
  0
LINE
  8
0
 10
18.2054
 20
16.5012
 11
18.2166
 21
16.518
  0
LINE
  8
0
 10
18.2166
 20
16.518
 11
18.2272
 21
16.5349
  0
LINE
  8
0
 10
18.2272
 20
16.5349
 11
18.2384
 21
16.5511
  0
LINE
  8
0
 10
18.2384
 20
16.5511
 11
18.2595
 21
16.5848
  0
LINE
  8
0
 10
18.2595
 20
16.5848
 11
18.2708
 21
16.6017
  0
LINE
  8
0
 10
18.2708
 20
16.6017
 11
18.2813
 21
16.6179
  0
LINE
  8
0
 10
18.2813
 20
16.6179
 11
18.3024
 21
16.6516
  0
LINE
  8
0
 10
18.3024
 20
16.6516
 11
18.313
 21
16.6678
  0
LINE
  8
0
 10
18.313
 20
16.6678
 11
18.3235
 21
16.6847
  0
LINE
  8
0
 10
18.3235
 20
16.6847
 11
18.334
 21
16.7009
  0
LINE
  8
0
 10
18.334
 20
16.7009
 11
18.3439
 21
16.7177
  0
LINE
  8
0
 10
18.3439
 20
16.7177
 11
18.3544
 21
16.7339
  0
LINE
  8
0
 10
18.3544
 20
16.7339
 11
18.365
 21
16.7508
  0
LINE
  8
0
 10
18.365
 20
16.7508
 11
18.3748
 21
16.767
  0
LINE
  8
0
 10
18.3748
 20
16.767
 11
18.3854
 21
16.7838
  0
LINE
  8
0
 10
18.3854
 20
16.7838
 11
18.3952
 21
16.8
  0
LINE
  8
0
 10
18.3952
 20
16.8
 11
18.4058
 21
16.8162
  0
LINE
  8
0
 10
18.4058
 20
16.8162
 11
18.4156
 21
16.833
  0
LINE
  8
0
 10
18.4156
 20
16.833
 11
18.4353
 21
16.8654
  0
LINE
  8
0
 10
18.4353
 20
16.8654
 11
18.4409
 21
16.8738
  0
LINE
  8
0
 10
18.4409
 20
16.8738
 11
18.4297
 21
16.8731
  0
LINE
  8
0
 10
22.9712
 20
20.1342
 11
22.9712
 21
20.1567
  0
LINE
  8
0
 10
22.9712
 20
20.1567
 11
22.9705
 21
20.1792
  0
LINE
  8
0
 10
22.9705
 20
20.1792
 11
22.9705
 21
20.201
  0
LINE
  8
0
 10
22.9705
 20
20.201
 11
22.9655
 21
20.3585
  0
LINE
  8
0
 10
22.9655
 20
20.3585
 11
22.9641
 21
20.381
  0
LINE
  8
0
 10
22.9641
 20
20.381
 11
22.9634
 21
20.4035
  0
LINE
  8
0
 10
22.9634
 20
20.4035
 11
22.9606
 21
20.4485
  0
LINE
  8
0
 10
22.9606
 20
20.4485
 11
22.9599
 21
20.471
  0
LINE
  8
0
 10
22.9599
 20
20.471
 11
22.9585
 21
20.4928
  0
LINE
  8
0
 10
22.9585
 20
20.4928
 11
22.9543
 21
20.5603
  0
LINE
  8
0
 10
22.9543
 20
20.5603
 11
22.9522
 21
20.5828
  0
LINE
  8
0
 10
22.9522
 20
20.5828
 11
22.9508
 21
20.6053
  0
LINE
  8
0
 10
22.9508
 20
20.6053
 11
22.9487
 21
20.6278
  0
LINE
  8
0
 10
22.9487
 20
20.6278
 11
22.9473
 21
20.6503
  0
LINE
  8
0
 10
22.9473
 20
20.6503
 11
22.9451
 21
20.6728
  0
LINE
  8
0
 10
22.9451
 20
20.6728
 11
22.9437
 21
20.6946
  0
LINE
  8
0
 10
22.9437
 20
20.6946
 11
22.9332
 21
20.8071
  0
LINE
  8
0
 10
22.9332
 20
20.8071
 11
22.9304
 21
20.8289
  0
LINE
  8
0
 10
22.9304
 20
20.8289
 11
22.9283
 21
20.8514
  0
LINE
  8
0
 10
22.9283
 20
20.8514
 11
22.9255
 21
20.8739
  0
LINE
  8
0
 10
22.9255
 20
20.8739
 11
22.9233
 21
20.8964
  0
LINE
  8
0
 10
22.9233
 20
20.8964
 11
22.9177
 21
20.9414
  0
LINE
  8
0
 10
22.9177
 20
20.9414
 11
22.9149
 21
20.9632
  0
LINE
  8
0
 10
22.9149
 20
20.9632
 11
22.9128
 21
20.9857
  0
LINE
  8
0
 10
22.9128
 20
20.9857
 11
22.91
 21
21.0082
  0
LINE
  8
0
 10
22.91
 20
21.0082
 11
22.9065
 21
21.0307
  0
LINE
  8
0
 10
22.9065
 20
21.0307
 11
22.9037
 21
21.0525
  0
LINE
  8
0
 10
22.9037
 20
21.0525
 11
22.9008
 21
21.075
  0
LINE
  8
0
 10
22.9008
 20
21.075
 11
22.8973
 21
21.0975
  0
LINE
  8
0
 10
22.8973
 20
21.0975
 11
22.8945
 21
21.12
  0
LINE
  8
0
 10
22.8945
 20
21.12
 11
22.891
 21
21.1425
  0
LINE
  8
0
 10
22.891
 20
21.1425
 11
22.8882
 21
21.1643
  0
LINE
  8
0
 10
22.8882
 20
21.1643
 11
22.8812
 21
21.2093
  0
LINE
  8
0
 10
22.8812
 20
21.2093
 11
22.8776
 21
21.2311
  0
LINE
  8
0
 10
22.8776
 20
21.2311
 11
22.8706
 21
21.2761
  0
LINE
  8
0
 10
22.8706
 20
21.2761
 11
22.8671
 21
21.2979
  0
LINE
  8
0
 10
22.8671
 20
21.2979
 11
22.8629
 21
21.3204
  0
LINE
  8
0
 10
22.8629
 20
21.3204
 11
22.8594
 21
21.3429
  0
LINE
  8
0
 10
22.8594
 20
21.3429
 11
22.8551
 21
21.3647
  0
LINE
  8
0
 10
22.8551
 20
21.3647
 11
22.8516
 21
21.3872
  0
LINE
  8
0
 10
22.8516
 20
21.3872
 11
22.8474
 21
21.4097
  0
LINE
  8
0
 10
22.8474
 20
21.4097
 11
22.8432
 21
21.4315
  0
LINE
  8
0
 10
22.8432
 20
21.4315
 11
22.8347
 21
21.4765
  0
LINE
  8
0
 10
22.8347
 20
21.4765
 11
22.8305
 21
21.4983
  0
LINE
  8
0
 10
22.8305
 20
21.4983
 11
22.8263
 21
21.5208
  0
LINE
  8
0
 10
22.8263
 20
21.5208
 11
22.8221
 21
21.5426
  0
LINE
  8
0
 10
22.8221
 20
21.5426
 11
22.8179
 21
21.5651
  0
LINE
  8
0
 10
22.8179
 20
21.5651
 11
22.813
 21
21.5876
  0
LINE
  8
0
 10
22.813
 20
21.5876
 11
22.8087
 21
21.6094
  0
LINE
  8
0
 10
22.8087
 20
21.6094
 11
22.8038
 21
21.6319
  0
LINE
  8
0
 10
22.8038
 20
21.6319
 11
22.7989
 21
21.6537
  0
LINE
  8
0
 10
22.7989
 20
21.6537
 11
22.7947
 21
21.6762
  0
LINE
  8
0
 10
22.7947
 20
21.6762
 11
22.7898
 21
21.698
  0
LINE
  8
0
 10
22.7898
 20
21.698
 11
22.7848
 21
21.7205
  0
LINE
  8
0
 10
22.7848
 20
21.7205
 11
22.7799
 21
21.7423
  0
LINE
  8
0
 10
22.7799
 20
21.7423
 11
22.775
 21
21.7648
  0
LINE
  8
0
 10
22.775
 20
21.7648
 11
22.7694
 21
21.7866
  0
LINE
  8
0
 10
22.7694
 20
21.7866
 11
22.7644
 21
21.8091
  0
LINE
  8
0
 10
22.7644
 20
21.8091
 11
22.7595
 21
21.8309
  0
LINE
  8
0
 10
22.7595
 20
21.8309
 11
22.7539
 21
21.8527
  0
LINE
  8
0
 10
22.7539
 20
21.8527
 11
22.749
 21
21.8752
  0
LINE
  8
0
 10
22.749
 20
21.8752
 11
22.7433
 21
21.897
  0
LINE
  8
0
 10
22.7433
 20
21.897
 11
22.7377
 21
21.9195
  0
LINE
  8
0
 10
22.7377
 20
21.9195
 11
22.7265
 21
21.963
  0
LINE
  8
0
 10
22.7265
 20
21.963
 11
22.7208
 21
21.9855
  0
LINE
  8
0
 10
22.7208
 20
21.9855
 11
22.7096
 21
22.0291
  0
LINE
  8
0
 10
22.7096
 20
22.0291
 11
22.704
 21
22.0516
  0
LINE
  8
0
 10
22.704
 20
22.0516
 11
22.6983
 21
22.0734
  0
LINE
  8
0
 10
22.6983
 20
22.0734
 11
22.692
 21
22.0952
  0
LINE
  8
0
 10
22.692
 20
22.0952
 11
22.6864
 21
22.1177
  0
LINE
  8
0
 10
22.6864
 20
22.1177
 11
22.6737
 21
22.1613
  0
LINE
  8
0
 10
22.6737
 20
22.1613
 11
22.6681
 21
22.1831
  0
LINE
  8
0
 10
22.6681
 20
22.1831
 11
22.6618
 21
22.2056
  0
LINE
  8
0
 10
22.6618
 20
22.2056
 11
22.6428
 21
22.271
  0
LINE
  8
0
 10
22.6428
 20
22.271
 11
22.6358
 21
22.2935
  0
LINE
  8
0
 10
22.6358
 20
22.2935
 11
22.6231
 21
22.3371
  0
LINE
  8
0
 10
22.6231
 20
22.3371
 11
22.6161
 21
22.3589
  0
LINE
  8
0
 10
22.6161
 20
22.3589
 11
22.6097
 21
22.3807
  0
LINE
  8
0
 10
22.6097
 20
22.3807
 11
22.6027
 21
22.4025
  0
LINE
  8
0
 10
22.6027
 20
22.4025
 11
22.5964
 21
22.4243
  0
LINE
  8
0
 10
22.5964
 20
22.4243
 11
22.5894
 21
22.4461
  0
LINE
  8
0
 10
22.5894
 20
22.4461
 11
22.5823
 21
22.4686
  0
LINE
  8
0
 10
22.5823
 20
22.4686
 11
22.5472
 21
22.5776
  0
LINE
  8
0
 10
22.5472
 20
22.5776
 11
22.5394
 21
22.5994
  0
LINE
  8
0
 10
22.5394
 20
22.5994
 11
22.5324
 21
22.6212
  0
LINE
  8
0
 10
22.5324
 20
22.6212
 11
22.5247
 21
22.643
  0
LINE
  8
0
 10
22.5247
 20
22.643
 11
22.5176
 21
22.6648
  0
LINE
  8
0
 10
22.5176
 20
22.6648
 11
22.5022
 21
22.7084
  0
LINE
  8
0
 10
22.5022
 20
22.7084
 11
22.4951
 21
22.7295
  0
LINE
  8
0
 10
22.4951
 20
22.7295
 11
22.4719
 21
22.7948
  0
LINE
  8
0
 10
22.4719
 20
22.7948
 11
22.4635
 21
22.8166
  0
LINE
  8
0
 10
22.4635
 20
22.8166
 11
22.448
 21
22.8602
  0
LINE
  8
0
 10
22.448
 20
22.8602
 11
22.4403
 21
22.8813
  0
LINE
  8
0
 10
22.4403
 20
22.8813
 11
22.4319
 21
22.9031
  0
LINE
  8
0
 10
22.4319
 20
22.9031
 11
22.4241
 21
22.9249
  0
LINE
  8
0
 10
22.4241
 20
22.9249
 11
22.4073
 21
22.9685
  0
LINE
  8
0
 10
22.4073
 20
22.9685
 11
22.3995
 21
22.9896
  0
LINE
  8
0
 10
22.3995
 20
22.9896
 11
22.3742
 21
23.055
  0
LINE
  8
0
 10
22.3742
 20
23.055
 11
22.3658
 21
23.0761
  0
LINE
  8
0
 10
22.3658
 20
23.0761
 11
22.3489
 21
23.1197
  0
LINE
  8
0
 10
22.3489
 20
23.1197
 11
22.3398
 21
23.1408
  0
LINE
  8
0
 10
22.3398
 20
23.1408
 11
22.3229
 21
23.1844
  0
LINE
  8
0
 10
22.3229
 20
23.1844
 11
22.3137
 21
23.2055
  0
LINE
  8
0
 10
22.3137
 20
23.2055
 11
22.3046
 21
23.2273
  0
LINE
  8
0
 10
22.3046
 20
23.2273
 11
22.2962
 21
23.2484
  0
LINE
  8
0
 10
22.2962
 20
23.2484
 11
22.287
 21
23.2702
  0
LINE
  8
0
 10
22.287
 20
23.2702
 11
22.2779
 21
23.2912
  0
LINE
  8
0
 10
22.2779
 20
23.2912
 11
22.2687
 21
23.313
  0
LINE
  8
0
 10
22.2687
 20
23.313
 11
22.2603
 21
23.3341
  0
LINE
  8
0
 10
22.2603
 20
23.3341
 11
22.2512
 21
23.3559
  0
LINE
  8
0
 10
22.2512
 20
23.3559
 11
22.2413
 21
23.377
  0
LINE
  8
0
 10
22.2413
 20
23.377
 11
22.2322
 21
23.3988
  0
LINE
  8
0
 10
22.2322
 20
23.3988
 11
22.223
 21
23.4199
  0
LINE
  8
0
 10
22.223
 20
23.4199
 11
22.2139
 21
23.4417
  0
LINE
  8
0
 10
22.2139
 20
23.4417
 11
22.204
 21
23.4628
  0
LINE
  8
0
 10
22.204
 20
23.4628
 11
22.1949
 21
23.4846
  0
LINE
  8
0
 10
22.1949
 20
23.4846
 11
22.1851
 21
23.5057
  0
LINE
  8
0
 10
22.1851
 20
23.5057
 11
22.1759
 21
23.5275
  0
LINE
  8
0
 10
22.1759
 20
23.5275
 11
22.1661
 21
23.5486
  0
LINE
  8
0
 10
22.1661
 20
23.5486
 11
22.1569
 21
23.5697
  0
LINE
  8
0
 10
22.1569
 20
23.5697
 11
22.1471
 21
23.5915
  0
LINE
  8
0
 10
22.1471
 20
23.5915
 11
22.1274
 21
23.6337
  0
LINE
  8
0
 10
22.1274
 20
23.6337
 11
22.1176
 21
23.6555
  0
LINE
  8
0
 10
22.1176
 20
23.6555
 11
22.0979
 21
23.6977
  0
LINE
  8
0
 10
22.0979
 20
23.6977
 11
22.088
 21
23.7195
  0
LINE
  8
0
 10
22.088
 20
23.7195
 11
22.0775
 21
23.7405
  0
LINE
  8
0
 10
22.0775
 20
23.7405
 11
22.0578
 21
23.7827
  0
LINE
  8
0
 10
22.0578
 20
23.7827
 11
22.0472
 21
23.8038
  0
LINE
  8
0
 10
22.0472
 20
23.8038
 11
22.0374
 21
23.8256
  0
LINE
  8
0
 10
22.0374
 20
23.8256
 11
22.0163
 21
23.8678
  0
LINE
  8
0
 10
22.0163
 20
23.8678
 11
22.0065
 21
23.8889
  0
LINE
  8
0
 10
22.0065
 20
23.8889
 11
21.9854
 21
23.9311
  0
LINE
  8
0
 10
21.9854
 20
23.9311
 11
21.9748
 21
23.9529
  0
LINE
  8
0
 10
21.9748
 20
23.9529
 11
21.9326
 21
24.0373
  0
LINE
  8
0
 10
21.9326
 20
24.0373
 11
21.9214
 21
24.0584
  0
LINE
  8
0
 10
21.9214
 20
24.0584
 11
21.9003
 21
24.1005
  0
LINE
  8
0
 10
21.9003
 20
24.1005
 11
21.889
 21
24.1216
  0
LINE
  8
0
 10
21.889
 20
24.1216
 11
21.8785
 21
24.1427
  0
LINE
  8
0
 10
21.8785
 20
24.1427
 11
21.856
 21
24.1849
  0
LINE
  8
0
 10
21.856
 20
24.1849
 11
21.8455
 21
24.206
  0
LINE
  8
0
 10
21.8455
 20
24.206
 11
21.7892
 21
24.3115
  0
LINE
  8
0
 10
21.7892
 20
24.3115
 11
21.778
 21
24.3319
  0
LINE
  8
0
 10
21.778
 20
24.3319
 11
21.7442
 21
24.3952
  0
LINE
  8
0
 10
21.7442
 20
24.3952
 11
21.7323
 21
24.4162
  0
LINE
  8
0
 10
21.7323
 20
24.4162
 11
21.721
 21
24.4373
  0
LINE
  8
0
 10
21.721
 20
24.4373
 11
21.709
 21
24.4577
  0
LINE
  8
0
 10
21.709
 20
24.4577
 11
21.6978
 21
24.4788
  0
LINE
  8
0
 10
21.6978
 20
24.4788
 11
21.6858
 21
24.4999
  0
LINE
  8
0
 10
21.6858
 20
24.4999
 11
21.6746
 21
24.521
  0
LINE
  8
0
 10
21.6746
 20
24.521
 11
21.6626
 21
24.5414
  0
LINE
  8
0
 10
21.6626
 20
24.5414
 11
21.6507
 21
24.5625
  0
LINE
  8
0
 10
21.6507
 20
24.5625
 11
21.6394
 21
24.5836
  0
LINE
  8
0
 10
21.6394
 20
24.5836
 11
21.6275
 21
24.6047
  0
LINE
  8
0
 10
21.6275
 20
24.6047
 11
21.6155
 21
24.6251
  0
LINE
  8
0
 10
21.6155
 20
24.6251
 11
21.5916
 21
24.6673
  0
LINE
  8
0
 10
21.5916
 20
24.6673
 11
21.5797
 21
24.6877
  0
LINE
  8
0
 10
21.5797
 20
24.6877
 11
21.5558
 21
24.7298
  0
LINE
  8
0
 10
21.5558
 20
24.7298
 11
21.5431
 21
24.7502
  0
LINE
  8
0
 10
21.5431
 20
24.7502
 11
21.5312
 21
24.7713
  0
LINE
  8
0
 10
21.5312
 20
24.7713
 11
21.5192
 21
24.7917
  0
LINE
  8
0
 10
21.5192
 20
24.7917
 11
21.5065
 21
24.8128
  0
LINE
  8
0
 10
21.5065
 20
24.8128
 11
21.4946
 21
24.8339
  0
LINE
  8
0
 10
21.4946
 20
24.8339
 11
21.4819
 21
24.8543
  0
LINE
  8
0
 10
21.4819
 20
24.8543
 11
21.47
 21
24.8754
  0
LINE
  8
0
 10
21.47
 20
24.8754
 11
21.4573
 21
24.8958
  0
LINE
  8
0
 10
21.4573
 20
24.8958
 11
21.4447
 21
24.9169
  0
LINE
  8
0
 10
21.4447
 20
24.9169
 11
21.4327
 21
24.9373
  0
LINE
  8
0
 10
21.4327
 20
24.9373
 11
21.4201
 21
24.9584
  0
LINE
  8
0
 10
21.4201
 20
24.9584
 11
21.4074
 21
24.9788
  0
LINE
  8
0
 10
21.4074
 20
24.9788
 11
21.3948
 21
24.9998
  0
LINE
  8
0
 10
21.3948
 20
24.9998
 11
21.3821
 21
25.0202
  0
LINE
  8
0
 10
21.3821
 20
25.0202
 11
21.3694
 21
25.0413
  0
LINE
  8
0
 10
21.3694
 20
25.0413
 11
21.3441
 21
25.0821
  0
LINE
  8
0
 10
21.3441
 20
25.0821
 11
21.3315
 21
25.1032
  0
LINE
  8
0
 10
21.3315
 20
25.1032
 11
21.3188
 21
25.1236
  0
LINE
  8
0
 10
21.3188
 20
25.1236
 11
21.3055
 21
25.1447
  0
LINE
  8
0
 10
21.3055
 20
25.1447
 11
21.2801
 21
25.1855
  0
LINE
  8
0
 10
21.2801
 20
25.1855
 11
21.2668
 21
25.2066
  0
LINE
  8
0
 10
21.2668
 20
25.2066
 11
21.2541
 21
25.227
  0
LINE
  8
0
 10
21.2541
 20
25.227
 11
21.2408
 21
25.2473
  0
LINE
  8
0
 10
21.2408
 20
25.2473
 11
21.2281
 21
25.2684
  0
LINE
  8
0
 10
21.2281
 20
25.2684
 11
21.2148
 21
25.2888
  0
LINE
  8
0
 10
21.2148
 20
25.2888
 11
21.2021
 21
25.3092
  0
LINE
  8
0
 10
21.2021
 20
25.3092
 11
21.1887
 21
25.3303
  0
LINE
  8
0
 10
21.1887
 20
25.3303
 11
21.162
 21
25.3711
  0
LINE
  8
0
 10
21.162
 20
25.3711
 11
21.1494
 21
25.3915
  0
LINE
  8
0
 10
21.1494
 20
25.3915
 11
21.136
 21
25.4126
  0
LINE
  8
0
 10
21.136
 20
25.4126
 11
21.0959
 21
25.4737
  0
LINE
  8
0
 10
21.0959
 20
25.4737
 11
21.0826
 21
25.4948
  0
LINE
  8
0
 10
21.0826
 20
25.4948
 11
21.0685
 21
25.5152
  0
LINE
  8
0
 10
21.0685
 20
25.5152
 11
21.0284
 21
25.5764
  0
LINE
  8
0
 10
21.0284
 20
25.5764
 11
21.0144
 21
25.5968
  0
LINE
  8
0
 10
21.0144
 20
25.5968
 11
21.001
 21
25.6172
  0
LINE
  8
0
 10
21.001
 20
25.6172
 11
20.9876
 21
25.6383
  0
LINE
  8
0
 10
20.9876
 20
25.6383
 11
20.9736
 21
25.6587
  0
LINE
  8
0
 10
20.9736
 20
25.6587
 11
20.9602
 21
25.6791
  0
LINE
  8
0
 10
20.9602
 20
25.6791
 11
20.9462
 21
25.6995
  0
LINE
  8
0
 10
20.9462
 20
25.6995
 11
20.9328
 21
25.7198
  0
LINE
  8
0
 10
20.9328
 20
25.7198
 11
20.9047
 21
25.7606
  0
LINE
  8
0
 10
20.9047
 20
25.7606
 11
20.8913
 21
25.781
  0
LINE
  8
0
 10
20.8913
 20
25.781
 11
20.8351
 21
25.8626
  0
LINE
  8
0
 10
20.8351
 20
25.8626
 11
20.8217
 21
25.883
  0
LINE
  8
0
 10
20.8217
 20
25.883
 11
20.7795
 21
25.9441
  0
LINE
  8
0
 10
20.7795
 20
25.9441
 11
20.7647
 21
25.9645
  0
LINE
  8
0
 10
20.7647
 20
25.9645
 11
20.7085
 21
26.0461
  0
LINE
  8
0
 10
20.7085
 20
26.0461
 11
20.6937
 21
26.0665
  0
LINE
  8
0
 10
20.6937
 20
26.0665
 11
20.6797
 21
26.0869
  0
LINE
  8
0
 10
20.6797
 20
26.0869
 11
20.6656
 21
26.1066
  0
LINE
  8
0
 10
20.6656
 20
26.1066
 11
20.6508
 21
26.127
  0
LINE
  8
0
 10
20.6508
 20
26.127
 11
20.6368
 21
26.1473
  0
LINE
  8
0
 10
20.6368
 20
26.1473
 11
20.622
 21
26.1677
  0
LINE
  8
0
 10
20.622
 20
26.1677
 11
20.608
 21
26.1881
  0
LINE
  8
0
 10
20.608
 20
26.1881
 11
20.5932
 21
26.2085
  0
LINE
  8
0
 10
20.5932
 20
26.2085
 11
20.5791
 21
26.2282
  0
LINE
  8
0
 10
20.5791
 20
26.2282
 11
20.5644
 21
26.2486
  0
LINE
  8
0
 10
20.5644
 20
26.2486
 11
20.5503
 21
26.269
  0
LINE
  8
0
 10
20.5503
 20
26.269
 11
20.5208
 21
26.3098
  0
LINE
  8
0
 10
20.5208
 20
26.3098
 11
20.506
 21
26.3295
  0
LINE
  8
0
 10
20.506
 20
26.3295
 11
20.4919
 21
26.3498
  0
LINE
  8
0
 10
20.4919
 20
26.3498
 11
20.4624
 21
26.3906
  0
LINE
  8
0
 10
20.4624
 20
26.3906
 11
20.4476
 21
26.4103
  0
LINE
  8
0
 10
20.4476
 20
26.4103
 11
20.4033
 21
26.4715
  0
LINE
  8
0
 10
20.4033
 20
26.4715
 11
20.3886
 21
26.4912
  0
LINE
  8
0
 10
20.3886
 20
26.4912
 11
20.359
 21
26.532
  0
LINE
  8
0
 10
20.359
 20
26.532
 11
20.3443
 21
26.5516
  0
LINE
  8
0
 10
20.3443
 20
26.5516
 11
20.3295
 21
26.572
  0
LINE
  8
0
 10
20.3295
 20
26.572
 11
20.314
 21
26.5924
  0
LINE
  8
0
 10
20.314
 20
26.5924
 11
20.2993
 21
26.6121
  0
LINE
  8
0
 10
20.2993
 20
26.6121
 11
20.2698
 21
26.6529
  0
LINE
  8
0
 10
20.2698
 20
26.6529
 11
20.2543
 21
26.6726
  0
LINE
  8
0
 10
20.2543
 20
26.6726
 11
20.2395
 21
26.693
  0
LINE
  8
0
 10
20.2395
 20
26.693
 11
20.224
 21
26.7127
  0
LINE
  8
0
 10
20.224
 20
26.7127
 11
20.1945
 21
26.7534
  0
LINE
  8
0
 10
20.1945
 20
26.7534
 11
20.179
 21
26.7731
  0
LINE
  8
0
 10
20.179
 20
26.7731
 11
20.1643
 21
26.7935
  0
LINE
  8
0
 10
20.1643
 20
26.7935
 11
20.1488
 21
26.8132
  0
LINE
  8
0
 10
20.1488
 20
26.8132
 11
20.134
 21
26.8336
  0
LINE
  8
0
 10
20.134
 20
26.8336
 11
20.1186
 21
26.8533
  0
LINE
  8
0
 10
20.1186
 20
26.8533
 11
20.1031
 21
26.8737
  0
LINE
  8
0
 10
20.1031
 20
26.8737
 11
20.0883
 21
26.8934
  0
LINE
  8
0
 10
20.0883
 20
26.8934
 11
20.0729
 21
26.9138
  0
LINE
  8
0
 10
20.0729
 20
26.9138
 11
20.0574
 21
26.9334
  0
LINE
  8
0
 10
20.0574
 20
26.9334
 11
20.0426
 21
26.9538
  0
LINE
  8
0
 10
20.0426
 20
26.9538
 11
20.0272
 21
26.9735
  0
LINE
  8
0
 10
20.0272
 20
26.9735
 11
20.0117
 21
26.9939
  0
LINE
  8
0
 10
20.0117
 20
26.9939
 11
19.9962
 21
27.0136
  0
LINE
  8
0
 10
19.9962
 20
27.0136
 11
19.9808
 21
27.034
  0
LINE
  8
0
 10
19.9808
 20
27.034
 11
19.966
 21
27.0537
  0
LINE
  8
0
 10
19.966
 20
27.0537
 11
19.9505
 21
27.0741
  0
LINE
  8
0
 10
19.9505
 20
27.0741
 11
19.9196
 21
27.1134
  0
LINE
  8
0
 10
19.9196
 20
27.1134
 11
19.9041
 21
27.1338
  0
LINE
  8
0
 10
19.9041
 20
27.1338
 11
19.8887
 21
27.1535
  0
LINE
  8
0
 10
19.8887
 20
27.1535
 11
19.8732
 21
27.1739
  0
LINE
  8
0
 10
19.8732
 20
27.1739
 11
19.8422
 21
27.2133
  0
LINE
  8
0
 10
19.8422
 20
27.2133
 11
19.8268
 21
27.2337
  0
LINE
  8
0
 10
19.8268
 20
27.2337
 11
19.8113
 21
27.2534
  0
LINE
  8
0
 10
19.8113
 20
27.2534
 11
19.7951
 21
27.2737
  0
LINE
  8
0
 10
19.7951
 20
27.2737
 11
19.7642
 21
27.3131
  0
LINE
  8
0
 10
19.7642
 20
27.3131
 11
19.7487
 21
27.3335
  0
LINE
  8
0
 10
19.7487
 20
27.3335
 11
19.7178
 21
27.3729
  0
LINE
  8
0
 10
19.7178
 20
27.3729
 11
19.7016
 21
27.3933
  0
LINE
  8
0
 10
19.7016
 20
27.3933
 11
19.6707
 21
27.4327
  0
LINE
  8
0
 10
19.6707
 20
27.4327
 11
19.6545
 21
27.4523
  0
LINE
  8
0
 10
19.6545
 20
27.4523
 11
19.639
 21
27.4727
  0
LINE
  8
0
 10
19.639
 20
27.4727
 11
19.6236
 21
27.4924
  0
LINE
  8
0
 10
19.6236
 20
27.4924
 11
19.6074
 21
27.5121
  0
LINE
  8
0
 10
19.6074
 20
27.5121
 11
19.5919
 21
27.5318
  0
LINE
  8
0
 10
19.5919
 20
27.5318
 11
19.5765
 21
27.5522
  0
LINE
  8
0
 10
19.5765
 20
27.5522
 11
19.5603
 21
27.5719
  0
LINE
  8
0
 10
19.5603
 20
27.5719
 11
19.5448
 21
27.5916
  0
LINE
  8
0
 10
19.5448
 20
27.5916
 11
19.5287
 21
27.6112
  0
LINE
  8
0
 10
19.5287
 20
27.6112
 11
19.5132
 21
27.6316
  0
LINE
  8
0
 10
19.5132
 20
27.6316
 11
19.497
 21
27.6513
  0
LINE
  8
0
 10
19.497
 20
27.6513
 11
19.4815
 21
27.671
  0
LINE
  8
0
 10
19.4815
 20
27.671
 11
19.4654
 21
27.6907
  0
LINE
  8
0
 10
19.4654
 20
27.6907
 11
19.4499
 21
27.7104
  0
LINE
  8
0
 10
19.4499
 20
27.7104
 11
19.4337
 21
27.7308
  0
LINE
  8
0
 10
19.4337
 20
27.7308
 11
19.4183
 21
27.7505
  0
LINE
  8
0
 10
19.4183
 20
27.7505
 11
19.3859
 21
27.7898
  0
LINE
  8
0
 10
19.3859
 20
27.7898
 11
19.3705
 21
27.8095
  0
LINE
  8
0
 10
19.3705
 20
27.8095
 11
19.3381
 21
27.8489
  0
LINE
  8
0
 10
19.3381
 20
27.8489
 11
19.3226
 21
27.8693
  0
LINE
  8
0
 10
19.3226
 20
27.8693
 11
19.2903
 21
27.9087
  0
LINE
  8
0
 10
19.2903
 20
27.9087
 11
19.2748
 21
27.9284
  0
LINE
  8
0
 10
19.2748
 20
27.9284
 11
19.2425
 21
27.9677
  0
LINE
  8
0
 10
19.2425
 20
27.9677
 11
19.227
 21
27.9874
  0
LINE
  8
0
 10
19.227
 20
27.9874
 11
19.1785
 21
28.0465
  0
LINE
  8
0
 10
19.1785
 20
28.0465
 11
19.163
 21
28.0662
  0
LINE
  8
0
 10
19.163
 20
28.0662
 11
19.1307
 21
28.1055
  0
LINE
  8
0
 10
19.1307
 20
28.1055
 11
19.1145
 21
28.1259
  0
LINE
  8
0
 10
19.1145
 20
28.1259
 11
19.0822
 21
28.1653
  0
LINE
  8
0
 10
19.0822
 20
28.1653
 11
19.0667
 21
28.185
  0
LINE
  8
0
 10
19.0667
 20
28.185
 11
19.0182
 21
28.2441
  0
LINE
  8
0
 10
19.0182
 20
28.2441
 11
19.002
 21
28.263
  0
LINE
  8
0
 10
19.002
 20
28.263
 11
18.9697
 21
28.3024
  0
LINE
  8
0
 10
18.9697
 20
28.3024
 11
18.9542
 21
28.3221
  0
LINE
  8
0
 10
18.9542
 20
28.3221
 11
18.8087
 21
28.4993
  0
LINE
  8
0
 10
18.8087
 20
28.4993
 11
18.7925
 21
28.5183
  0
LINE
  8
0
 10
18.7925
 20
28.5183
 11
18.6955
 21
28.6364
  0
LINE
  8
0
 10
18.6955
 20
28.6364
 11
18.68
 21
28.6554
  0
LINE
  8
0
 10
18.68
 20
28.6554
 11
18.6153
 21
28.7341
  0
LINE
  8
0
 10
18.6153
 20
28.7341
 11
18.5991
 21
28.7531
  0
LINE
  8
0
 10
18.5991
 20
28.7531
 11
18.5344
 21
28.8319
  0
LINE
  8
0
 10
18.5344
 20
28.8319
 11
18.5183
 21
28.8509
  0
LINE
  8
0
 10
18.5183
 20
28.8509
 11
18.4698
 21
28.9099
  0
LINE
  8
0
 10
18.4698
 20
28.9099
 11
18.4536
 21
28.9289
  0
LINE
  8
0
 10
18.4536
 20
28.9289
 11
18.4212
 21
28.9683
  0
LINE
  8
0
 10
18.4212
 20
28.9683
 11
18.4051
 21
28.9873
  0
LINE
  8
0
 10
18.4051
 20
28.9873
 11
18.3565
 21
29.0463
  0
LINE
  8
0
 10
18.3565
 20
29.0463
 11
18.3404
 21
29.0653
  0
LINE
  8
0
 10
18.3404
 20
29.0653
 11
18.308
 21
29.1047
  0
LINE
  8
0
 10
18.308
 20
29.1047
 11
18.2919
 21
29.1237
  0
LINE
  8
0
 10
18.2919
 20
29.1237
 11
18.2764
 21
29.1434
  0
LINE
  8
0
 10
18.2764
 20
29.1434
 11
18.2602
 21
29.1623
  0
LINE
  8
0
 10
18.2602
 20
29.1623
 11
18.2279
 21
29.2017
  0
LINE
  8
0
 10
18.2279
 20
29.2017
 11
18.2117
 21
29.2207
  0
LINE
  8
0
 10
18.2117
 20
29.2207
 11
18.1794
 21
29.2601
  0
LINE
  8
0
 10
18.1794
 20
29.2601
 11
18.1632
 21
29.2791
  0
LINE
  8
0
 10
18.1632
 20
29.2791
 11
18.147
 21
29.2987
  0
LINE
  8
0
 10
18.147
 20
29.2987
 11
18.1315
 21
29.3177
  0
LINE
  8
0
 10
18.1315
 20
29.3177
 11
18.0992
 21
29.3571
  0
LINE
  8
0
 10
18.0992
 20
29.3571
 11
18.083
 21
29.3761
  0
LINE
  8
0
 10
18.083
 20
29.3761
 11
18.0669
 21
29.3958
  0
LINE
  8
0
 10
18.0669
 20
29.3958
 11
18.0507
 21
29.4148
  0
LINE
  8
0
 10
18.0507
 20
29.4148
 11
18.0352
 21
29.4345
  0
LINE
  8
0
 10
18.0352
 20
29.4345
 11
18.019
 21
29.4534
  0
LINE
  8
0
 10
18.019
 20
29.4534
 11
18.0029
 21
29.4731
  0
LINE
  8
0
 10
18.0029
 20
29.4731
 11
17.9867
 21
29.4921
  0
LINE
  8
0
 10
17.9867
 20
29.4921
 11
17.9712
 21
29.5118
  0
LINE
  8
0
 10
17.9712
 20
29.5118
 11
17.9551
 21
29.5308
  0
LINE
  8
0
 10
17.9551
 20
29.5308
 11
17.9389
 21
29.5505
  0
LINE
  8
0
 10
17.9389
 20
29.5505
 11
17.9227
 21
29.5695
  0
LINE
  8
0
 10
17.9227
 20
29.5695
 11
17.9073
 21
29.5891
  0
LINE
  8
0
 10
17.9073
 20
29.5891
 11
17.8911
 21
29.6081
  0
LINE
  8
0
 10
17.8911
 20
29.6081
 11
17.8749
 21
29.6278
  0
LINE
  8
0
 10
17.8749
 20
29.6278
 11
17.8594
 21
29.6468
  0
LINE
  8
0
 10
17.8594
 20
29.6468
 11
17.8433
 21
29.6665
  0
LINE
  8
0
 10
17.8433
 20
29.6665
 11
17.8271
 21
29.6855
  0
LINE
  8
0
 10
17.8271
 20
29.6855
 11
17.8116
 21
29.7052
  0
LINE
  8
0
 10
17.8116
 20
29.7052
 11
17.7955
 21
29.7241
  0
LINE
  8
0
 10
17.7955
 20
29.7241
 11
17.7793
 21
29.7438
  0
LINE
  8
0
 10
17.7793
 20
29.7438
 11
17.7638
 21
29.7628
  0
LINE
  8
0
 10
17.7638
 20
29.7628
 11
17.7476
 21
29.7818
  0
LINE
  8
0
 10
17.7476
 20
29.7818
 11
17.7322
 21
29.8015
  0
LINE
  8
0
 10
17.7322
 20
29.8015
 11
17.716
 21
29.8205
  0
LINE
  8
0
 10
17.716
 20
29.8205
 11
17.7005
 21
29.8402
  0
LINE
  8
0
 10
17.7005
 20
29.8402
 11
17.6844
 21
29.8591
  0
LINE
  8
0
 10
17.6844
 20
29.8591
 11
17.6689
 21
29.8781
  0
LINE
  8
0
 10
17.6689
 20
29.8781
 11
17.6527
 21
29.8978
  0
LINE
  8
0
 10
17.6527
 20
29.8978
 11
17.6373
 21
29.9168
  0
LINE
  8
0
 10
17.6373
 20
29.9168
 11
17.6211
 21
29.9358
  0
LINE
  8
0
 10
17.6211
 20
29.9358
 11
17.6056
 21
29.9555
  0
LINE
  8
0
 10
17.6056
 20
29.9555
 11
17.5901
 21
29.9745
  0
LINE
  8
0
 10
17.5901
 20
29.9745
 11
17.574
 21
29.9934
  0
LINE
  8
0
 10
17.574
 20
29.9934
 11
17.5585
 21
30.0131
  0
LINE
  8
0
 10
17.5585
 20
30.0131
 11
17.5423
 21
30.0321
  0
LINE
  8
0
 10
17.5423
 20
30.0321
 11
17.5269
 21
30.0511
  0
LINE
  8
0
 10
17.5269
 20
30.0511
 11
17.5114
 21
30.0708
  0
LINE
  8
0
 10
17.5114
 20
30.0708
 11
17.4959
 21
30.0898
  0
LINE
  8
0
 10
17.4959
 20
30.0898
 11
17.4797
 21
30.1088
  0
LINE
  8
0
 10
17.4797
 20
30.1088
 11
17.4643
 21
30.1284
  0
LINE
  8
0
 10
17.4643
 20
30.1284
 11
17.4333
 21
30.1664
  0
LINE
  8
0
 10
17.4333
 20
30.1664
 11
17.4172
 21
30.1854
  0
LINE
  8
0
 10
17.4172
 20
30.1854
 11
17.4017
 21
30.2051
  0
LINE
  8
0
 10
17.4017
 20
30.2051
 11
17.3553
 21
30.262
  0
LINE
  8
0
 10
17.3553
 20
30.262
 11
17.3398
 21
30.2817
  0
LINE
  8
0
 10
17.3398
 20
30.2817
 11
17.278
 21
30.3577
  0
LINE
  8
0
 10
17.278
 20
30.3577
 11
17.2625
 21
30.3773
  0
LINE
  8
0
 10
17.2625
 20
30.3773
 11
17.2006
 21
30.4533
  0
LINE
  8
0
 10
17.2006
 20
30.4533
 11
17.1858
 21
30.473
  0
LINE
  8
0
 10
17.1858
 20
30.473
 11
17.1394
 21
30.5299
  0
LINE
  8
0
 10
17.1394
 20
30.5299
 11
17.1247
 21
30.5489
  0
LINE
  8
0
 10
17.1247
 20
30.5489
 11
17.0937
 21
30.5869
  0
LINE
  8
0
 10
17.0937
 20
30.5869
 11
17.079
 21
30.6059
  0
LINE
  8
0
 10
17.079
 20
30.6059
 11
17.0635
 21
30.6248
  0
LINE
  8
0
 10
17.0635
 20
30.6248
 11
17.048
 21
30.6445
  0
LINE
  8
0
 10
17.048
 20
30.6445
 11
17.0333
 21
30.6635
  0
LINE
  8
0
 10
17.0333
 20
30.6635
 11
17.0178
 21
30.6825
  0
LINE
  8
0
 10
17.0178
 20
30.6825
 11
17.003
 21
30.7015
  0
LINE
  8
0
 10
17.003
 20
30.7015
 11
16.9876
 21
30.7205
  0
LINE
  8
0
 10
16.9876
 20
30.7205
 11
16.958
 21
30.7584
  0
LINE
  8
0
 10
16.958
 20
30.7584
 11
16.9426
 21
30.7774
  0
LINE
  8
0
 10
16.9426
 20
30.7774
 11
16.913
 21
30.8154
  0
LINE
  8
0
 10
16.913
 20
30.8154
 11
16.8976
 21
30.8344
  0
LINE
  8
0
 10
16.8976
 20
30.8344
 11
16.8385
 21
30.9103
  0
LINE
  8
0
 10
16.8385
 20
30.9103
 11
16.823
 21
30.9293
  0
LINE
  8
0
 10
16.823
 20
30.9293
 11
16.764
 21
31.0052
  0
LINE
  8
0
 10
16.764
 20
31.0052
 11
16.7492
 21
31.0235
  0
LINE
  8
0
 10
16.7492
 20
31.0235
 11
16.7344
 21
31.0425
  0
LINE
  8
0
 10
16.7344
 20
31.0425
 11
16.7204
 21
31.0615
  0
LINE
  8
0
 10
16.7204
 20
31.0615
 11
16.6613
 21
31.1374
  0
LINE
  8
0
 10
16.6613
 20
31.1374
 11
16.6472
 21
31.1564
  0
LINE
  8
0
 10
16.6472
 20
31.1564
 11
16.6325
 21
31.1754
  0
LINE
  8
0
 10
16.6325
 20
31.1754
 11
16.6177
 21
31.1937
  0
LINE
  8
0
 10
16.6177
 20
31.1937
 11
16.6037
 21
31.2127
  0
LINE
  8
0
 10
16.6037
 20
31.2127
 11
16.5889
 21
31.2316
  0
LINE
  8
0
 10
16.5889
 20
31.2316
 11
16.5748
 21
31.2506
  0
LINE
  8
0
 10
16.5748
 20
31.2506
 11
16.5601
 21
31.2696
  0
LINE
  8
0
 10
16.5601
 20
31.2696
 11
16.546
 21
31.2879
  0
LINE
  8
0
 10
16.546
 20
31.2879
 11
16.5312
 21
31.3069
  0
LINE
  8
0
 10
16.5312
 20
31.3069
 11
16.5031
 21
31.3448
  0
LINE
  8
0
 10
16.5031
 20
31.3448
 11
16.4883
 21
31.3638
  0
LINE
  8
0
 10
16.4883
 20
31.3638
 11
16.4743
 21
31.3821
  0
LINE
  8
0
 10
16.4743
 20
31.3821
 11
16.4321
 21
31.4391
  0
LINE
  8
0
 10
16.4321
 20
31.4391
 11
16.418
 21
31.4573
  0
LINE
  8
0
 10
16.418
 20
31.4573
 11
16.3899
 21
31.4953
  0
LINE
  8
0
 10
16.3899
 20
31.4953
 11
16.3758
 21
31.5136
  0
LINE
  8
0
 10
16.3758
 20
31.5136
 11
16.3477
 21
31.5516
  0
LINE
  8
0
 10
16.3477
 20
31.5516
 11
16.3337
 21
31.5698
  0
LINE
  8
0
 10
16.3337
 20
31.5698
 11
16.3055
 21
31.6078
  0
LINE
  8
0
 10
16.3055
 20
31.6078
 11
16.2922
 21
31.6261
  0
LINE
  8
0
 10
16.2922
 20
31.6261
 11
16.264
 21
31.6641
  0
LINE
  8
0
 10
16.264
 20
31.6641
 11
16.2507
 21
31.6823
  0
LINE
  8
0
 10
16.2507
 20
31.6823
 11
16.2366
 21
31.7013
  0
LINE
  8
0
 10
16.2366
 20
31.7013
 11
16.2233
 21
31.7203
  0
LINE
  8
0
 10
16.2233
 20
31.7203
 11
16.2092
 21
31.7386
  0
LINE
  8
0
 10
16.2092
 20
31.7386
 11
16.1958
 21
31.7576
  0
LINE
  8
0
 10
16.1958
 20
31.7576
 11
16.1818
 21
31.7759
  0
LINE
  8
0
 10
16.1818
 20
31.7759
 11
16.1684
 21
31.7948
  0
LINE
  8
0
 10
16.1684
 20
31.7948
 11
16.1551
 21
31.8131
  0
LINE
  8
0
 10
16.1551
 20
31.8131
 11
16.1417
 21
31.8321
  0
LINE
  8
0
 10
16.1417
 20
31.8321
 11
16.1276
 21
31.8504
  0
LINE
  8
0
 10
16.1276
 20
31.8504
 11
16.1143
 21
31.8694
  0
LINE
  8
0
 10
16.1143
 20
31.8694
 11
16.1009
 21
31.8877
  0
LINE
  8
0
 10
16.1009
 20
31.8877
 11
16.0876
 21
31.9066
  0
LINE
  8
0
 10
16.0876
 20
31.9066
 11
16.0742
 21
31.9249
  0
LINE
  8
0
 10
16.0742
 20
31.9249
 11
16.0608
 21
31.9439
  0
LINE
  8
0
 10
16.0608
 20
31.9439
 11
16.0475
 21
31.9622
  0
LINE
  8
0
 10
16.0475
 20
31.9622
 11
16.0341
 21
31.9812
  0
LINE
  8
0
 10
16.0341
 20
31.9812
 11
16.0215
 21
31.9995
  0
LINE
  8
0
 10
16.0215
 20
31.9995
 11
16.0081
 21
32.0184
  0
LINE
  8
0
 10
16.0081
 20
32.0184
 11
15.9947
 21
32.0367
  0
LINE
  8
0
 10
15.9947
 20
32.0367
 11
15.9821
 21
32.0557
  0
LINE
  8
0
 10
15.9821
 20
32.0557
 11
15.9687
 21
32.074
  0
LINE
  8
0
 10
15.9687
 20
32.074
 11
15.9554
 21
32.093
  0
LINE
  8
0
 10
15.9554
 20
32.093
 11
15.9427
 21
32.1112
  0
LINE
  8
0
 10
15.9427
 20
32.1112
 11
15.9294
 21
32.1295
  0
LINE
  8
0
 10
15.9294
 20
32.1295
 11
15.9167
 21
32.1485
  0
LINE
  8
0
 10
15.9167
 20
32.1485
 11
15.904
 21
32.1668
  0
LINE
  8
0
 10
15.904
 20
32.1668
 11
15.8907
 21
32.1851
  0
LINE
  8
0
 10
15.8907
 20
32.1851
 11
15.878
 21
32.2041
  0
LINE
  8
0
 10
15.878
 20
32.2041
 11
15.8527
 21
32.2406
  0
LINE
  8
0
 10
15.8527
 20
32.2406
 11
15.8394
 21
32.2596
  0
LINE
  8
0
 10
15.8394
 20
32.2596
 11
15.814
 21
32.2962
  0
LINE
  8
0
 10
15.814
 20
32.2962
 11
15.8014
 21
32.3152
  0
LINE
  8
0
 10
15.8014
 20
32.3152
 11
15.7887
 21
32.3334
  0
LINE
  8
0
 10
15.7887
 20
32.3334
 11
15.7768
 21
32.3517
  0
LINE
  8
0
 10
15.7768
 20
32.3517
 11
15.7641
 21
32.37
  0
LINE
  8
0
 10
15.7641
 20
32.37
 11
15.7515
 21
32.389
  0
LINE
  8
0
 10
15.7515
 20
32.389
 11
15.7388
 21
32.4073
  0
LINE
  8
0
 10
15.7388
 20
32.4073
 11
15.7269
 21
32.4255
  0
LINE
  8
0
 10
15.7269
 20
32.4255
 11
15.7142
 21
32.4438
  0
LINE
  8
0
 10
15.7142
 20
32.4438
 11
15.7022
 21
32.4621
  0
LINE
  8
0
 10
15.7022
 20
32.4621
 11
15.6896
 21
32.4811
  0
LINE
  8
0
 10
15.6896
 20
32.4811
 11
15.6776
 21
32.4994
  0
LINE
  8
0
 10
15.6776
 20
32.4994
 11
15.665
 21
32.5177
  0
LINE
  8
0
 10
15.665
 20
32.5177
 11
15.6411
 21
32.5542
  0
LINE
  8
0
 10
15.6411
 20
32.5542
 11
15.6284
 21
32.5725
  0
LINE
  8
0
 10
15.6284
 20
32.5725
 11
15.6165
 21
32.5915
  0
LINE
  8
0
 10
15.6165
 20
32.5915
 11
15.5448
 21
32.7012
  0
LINE
  8
0
 10
15.5448
 20
32.7012
 11
15.5335
 21
32.7195
  0
LINE
  8
0
 10
15.5335
 20
32.7195
 11
15.5096
 21
32.756
  0
LINE
  8
0
 10
15.5096
 20
32.756
 11
15.4983
 21
32.7743
  0
LINE
  8
0
 10
15.4983
 20
32.7743
 11
15.4744
 21
32.8109
  0
LINE
  8
0
 10
15.4744
 20
32.8109
 11
15.4519
 21
32.8474
  0
LINE
  8
0
 10
15.4519
 20
32.8474
 11
15.44
 21
32.8657
  0
LINE
  8
0
 10
15.44
 20
32.8657
 11
15.3725
 21
32.9754
  0
LINE
  8
0
 10
15.3725
 20
32.9754
 11
15.3612
 21
32.993
  0
LINE
  8
0
 10
15.3612
 20
32.993
 11
15.3275
 21
33.0478
  0
LINE
  8
0
 10
15.3275
 20
33.0478
 11
15.3169
 21
33.0661
  0
LINE
  8
0
 10
15.3169
 20
33.0661
 11
15.3057
 21
33.0844
  0
LINE
  8
0
 10
15.3057
 20
33.0844
 11
15.2944
 21
33.102
  0
LINE
  8
0
 10
15.2944
 20
33.102
 11
15.2733
 21
33.1385
  0
LINE
  8
0
 10
15.2733
 20
33.1385
 11
15.2621
 21
33.1568
  0
LINE
  8
0
 10
15.2621
 20
33.1568
 11
15.2515
 21
33.1744
  0
LINE
  8
0
 10
15.2515
 20
33.1744
 11
15.241
 21
33.1927
  0
LINE
  8
0
 10
15.241
 20
33.1927
 11
15.2297
 21
33.2109
  0
LINE
  8
0
 10
15.2297
 20
33.2109
 11
15.2192
 21
33.2292
  0
LINE
  8
0
 10
15.2192
 20
33.2292
 11
15.2087
 21
33.2468
  0
LINE
  8
0
 10
15.2087
 20
33.2468
 11
15.1876
 21
33.2834
  0
LINE
  8
0
 10
15.1876
 20
33.2834
 11
15.177
 21
33.3009
  0
LINE
  8
0
 10
15.177
 20
33.3009
 11
15.1672
 21
33.3192
  0
LINE
  8
0
 10
15.1672
 20
33.3192
 11
15.1566
 21
33.3375
  0
LINE
  8
0
 10
15.1566
 20
33.3375
 11
15.1461
 21
33.3551
  0
LINE
  8
0
 10
15.1461
 20
33.3551
 11
15.1355
 21
33.3734
  0
LINE
  8
0
 10
15.1355
 20
33.3734
 11
15.1257
 21
33.3916
  0
LINE
  8
0
 10
15.1257
 20
33.3916
 11
15.1151
 21
33.4092
  0
LINE
  8
0
 10
15.1151
 20
33.4092
 11
15.1053
 21
33.4275
  0
LINE
  8
0
 10
15.1053
 20
33.4275
 11
15.0955
 21
33.4451
  0
LINE
  8
0
 10
15.0955
 20
33.4451
 11
15.0849
 21
33.4634
  0
LINE
  8
0
 10
15.0849
 20
33.4634
 11
15.0751
 21
33.4809
  0
LINE
  8
0
 10
15.0751
 20
33.4809
 11
15.0652
 21
33.4992
  0
LINE
  8
0
 10
15.0652
 20
33.4992
 11
15.0554
 21
33.5168
  0
LINE
  8
0
 10
15.0554
 20
33.5168
 11
15.0455
 21
33.5351
  0
LINE
  8
0
 10
15.0455
 20
33.5351
 11
15.0357
 21
33.5527
  0
LINE
  8
0
 10
15.0357
 20
33.5527
 11
15.0258
 21
33.5709
  0
LINE
  8
0
 10
15.0258
 20
33.5709
 11
15.016
 21
33.5885
  0
LINE
  8
0
 10
15.016
 20
33.5885
 11
15.0062
 21
33.6068
  0
LINE
  8
0
 10
15.0062
 20
33.6068
 11
14.9963
 21
33.6244
  0
LINE
  8
0
 10
14.9963
 20
33.6244
 11
14.9872
 21
33.6427
  0
LINE
  8
0
 10
14.9872
 20
33.6427
 11
14.9675
 21
33.6778
  0
LINE
  8
0
 10
14.9675
 20
33.6778
 11
14.9583
 21
33.6961
  0
LINE
  8
0
 10
14.9583
 20
33.6961
 11
14.9492
 21
33.7137
  0
LINE
  8
0
 10
14.9492
 20
33.7137
 11
14.9394
 21
33.7313
  0
LINE
  8
0
 10
14.9394
 20
33.7313
 11
14.9302
 21
33.7495
  0
LINE
  8
0
 10
14.9302
 20
33.7495
 11
14.9119
 21
33.7847
  0
LINE
  8
0
 10
14.9119
 20
33.7847
 11
14.9021
 21
33.803
  0
LINE
  8
0
 10
14.9021
 20
33.803
 11
14.893
 21
33.8205
  0
LINE
  8
0
 10
14.893
 20
33.8205
 11
14.8845
 21
33.8381
  0
LINE
  8
0
 10
14.8845
 20
33.8381
 11
14.8754
 21
33.8564
  0
LINE
  8
0
 10
14.8754
 20
33.8564
 11
14.848
 21
33.9091
  0
LINE
  8
0
 10
14.848
 20
33.9091
 11
14.8395
 21
33.9267
  0
LINE
  8
0
 10
14.8395
 20
33.9267
 11
14.8304
 21
33.945
  0
LINE
  8
0
 10
14.8304
 20
33.945
 11
14.8219
 21
33.9626
  0
LINE
  8
0
 10
14.8219
 20
33.9626
 11
14.8128
 21
33.9802
  0
LINE
  8
0
 10
14.8128
 20
33.9802
 11
14.7959
 21
34.0153
  0
LINE
  8
0
 10
14.7959
 20
34.0153
 11
14.7868
 21
34.0329
  0
LINE
  8
0
 10
14.7868
 20
34.0329
 11
14.7783
 21
34.0512
  0
LINE
  8
0
 10
14.7783
 20
34.0512
 11
14.7446
 21
34.1215
  0
LINE
  8
0
 10
14.7446
 20
34.1215
 11
14.7369
 21
34.1391
  0
LINE
  8
0
 10
14.7369
 20
34.1391
 11
14.72
 21
34.1742
  0
LINE
  8
0
 10
14.72
 20
34.1742
 11
14.7123
 21
34.1918
  0
LINE
  8
0
 10
14.7123
 20
34.1918
 11
14.7038
 21
34.2094
  0
LINE
  8
0
 10
14.7038
 20
34.2094
 11
14.6961
 21
34.227
  0
LINE
  8
0
 10
14.6961
 20
34.227
 11
14.6876
 21
34.2445
  0
LINE
  8
0
 10
14.6876
 20
34.2445
 11
14.6722
 21
34.2797
  0
LINE
  8
0
 10
14.6722
 20
34.2797
 11
14.6637
 21
34.2973
  0
LINE
  8
0
 10
14.6637
 20
34.2973
 11
14.656
 21
34.3141
  0
LINE
  8
0
 10
14.656
 20
34.3141
 11
14.6251
 21
34.3845
  0
LINE
  8
0
 10
14.6251
 20
34.3845
 11
14.618
 21
34.402
  0
LINE
  8
0
 10
14.618
 20
34.402
 11
14.6103
 21
34.4196
  0
LINE
  8
0
 10
14.6103
 20
34.4196
 11
14.6026
 21
34.4365
  0
LINE
  8
0
 10
14.6026
 20
34.4365
 11
14.5955
 21
34.4541
  0
LINE
  8
0
 10
14.5955
 20
34.4541
 11
14.5878
 21
34.4716
  0
LINE
  8
0
 10
14.5878
 20
34.4716
 11
14.5808
 21
34.4892
  0
LINE
  8
0
 10
14.5808
 20
34.4892
 11
14.5737
 21
34.5061
  0
LINE
  8
0
 10
14.5737
 20
34.5061
 11
14.566
 21
34.5237
  0
LINE
  8
0
 10
14.566
 20
34.5237
 11
14.5519
 21
34.5588
  0
LINE
  8
0
 10
14.5519
 20
34.5588
 11
14.5449
 21
34.5757
  0
LINE
  8
0
 10
14.5449
 20
34.5757
 11
14.5308
 21
34.6109
  0
LINE
  8
0
 10
14.5308
 20
34.6109
 11
14.5238
 21
34.6277
  0
LINE
  8
0
 10
14.5238
 20
34.6277
 11
14.5168
 21
34.6453
  0
LINE
  8
0
 10
14.5168
 20
34.6453
 11
14.5098
 21
34.6622
  0
LINE
  8
0
 10
14.5098
 20
34.6622
 11
14.5034
 21
34.6798
  0
LINE
  8
0
 10
14.5034
 20
34.6798
 11
14.4964
 21
34.6973
  0
LINE
  8
0
 10
14.4964
 20
34.6973
 11
14.4901
 21
34.7142
  0
LINE
  8
0
 10
14.4901
 20
34.7142
 11
14.483
 21
34.7318
  0
LINE
  8
0
 10
14.483
 20
34.7318
 11
14.4767
 21
34.7487
  0
LINE
  8
0
 10
14.4767
 20
34.7487
 11
14.4704
 21
34.7662
  0
LINE
  8
0
 10
14.4704
 20
34.7662
 11
14.4633
 21
34.7831
  0
LINE
  8
0
 10
14.4633
 20
34.7831
 11
14.457
 21
34.8007
  0
LINE
  8
0
 10
14.457
 20
34.8007
 11
14.4507
 21
34.8176
  0
LINE
  8
0
 10
14.4507
 20
34.8176
 11
14.4444
 21
34.8352
  0
LINE
  8
0
 10
14.4444
 20
34.8352
 11
14.438
 21
34.852
  0
LINE
  8
0
 10
14.438
 20
34.852
 11
14.4317
 21
34.8696
  0
LINE
  8
0
 10
14.4317
 20
34.8696
 11
14.4254
 21
34.8865
  0
LINE
  8
0
 10
14.4254
 20
34.8865
 11
14.4198
 21
34.9041
  0
LINE
  8
0
 10
14.4198
 20
34.9041
 11
14.4071
 21
34.9378
  0
LINE
  8
0
 10
14.4071
 20
34.9378
 11
14.4015
 21
34.9554
  0
LINE
  8
0
 10
14.4015
 20
34.9554
 11
14.3951
 21
34.9723
  0
LINE
  8
0
 10
14.3951
 20
34.9723
 11
14.3895
 21
34.9891
  0
LINE
  8
0
 10
14.3895
 20
34.9891
 11
14.3839
 21
35.0067
  0
LINE
  8
0
 10
14.3839
 20
35.0067
 11
14.3776
 21
35.0236
  0
LINE
  8
0
 10
14.3776
 20
35.0236
 11
14.3719
 21
35.0405
  0
LINE
  8
0
 10
14.3719
 20
35.0405
 11
14.3663
 21
35.058
  0
LINE
  8
0
 10
14.3663
 20
35.058
 11
14.3551
 21
35.0918
  0
LINE
  8
0
 10
14.3551
 20
35.0918
 11
14.3494
 21
35.1094
  0
LINE
  8
0
 10
14.3494
 20
35.1094
 11
14.3445
 21
35.1262
  0
LINE
  8
0
 10
14.3445
 20
35.1262
 11
14.3276
 21
35.1769
  0
LINE
  8
0
 10
14.3276
 20
35.1769
 11
14.3227
 21
35.1945
  0
LINE
  8
0
 10
14.3227
 20
35.1945
 11
14.3178
 21
35.2113
  0
LINE
  8
0
 10
14.3178
 20
35.2113
 11
14.3122
 21
35.2282
  0
LINE
  8
0
 10
14.3122
 20
35.2282
 11
14.3023
 21
35.262
  0
LINE
  8
0
 10
14.3023
 20
35.262
 11
14.2967
 21
35.2788
  0
LINE
  8
0
 10
14.2967
 20
35.2788
 11
14.2918
 21
35.2957
  0
LINE
  8
0
 10
14.2918
 20
35.2957
 11
14.2869
 21
35.3133
  0
LINE
  8
0
 10
14.2869
 20
35.3133
 11
14.277
 21
35.347
  0
LINE
  8
0
 10
14.277
 20
35.347
 11
14.2728
 21
35.3639
  0
LINE
  8
0
 10
14.2728
 20
35.3639
 11
14.263
 21
35.3977
  0
LINE
  8
0
 10
14.263
 20
35.3977
 11
14.2587
 21
35.4145
  0
LINE
  8
0
 10
14.2587
 20
35.4145
 11
14.2538
 21
35.4314
  0
LINE
  8
0
 10
14.2538
 20
35.4314
 11
14.2496
 21
35.4483
  0
LINE
  8
0
 10
14.2496
 20
35.4483
 11
14.2447
 21
35.4652
  0
LINE
  8
0
 10
14.2447
 20
35.4652
 11
14.2362
 21
35.4989
  0
LINE
  8
0
 10
14.2362
 20
35.4989
 11
14.2313
 21
35.5158
  0
LINE
  8
0
 10
14.2313
 20
35.5158
 11
14.2187
 21
35.5664
  0
LINE
  8
0
 10
14.2187
 20
35.5664
 11
14.2144
 21
35.5826
  0
LINE
  8
0
 10
14.2144
 20
35.5826
 11
14.2109
 21
35.5995
  0
LINE
  8
0
 10
14.2109
 20
35.5995
 11
14.2025
 21
35.6332
  0
LINE
  8
0
 10
14.2025
 20
35.6332
 11
14.199
 21
35.6501
  0
LINE
  8
0
 10
14.199
 20
35.6501
 11
14.1947
 21
35.667
  0
LINE
  8
0
 10
14.1947
 20
35.667
 11
14.1912
 21
35.6838
  0
LINE
  8
0
 10
14.1912
 20
35.6838
 11
14.187
 21
35.7
  0
LINE
  8
0
 10
14.187
 20
35.7
 11
14.18
 21
35.7338
  0
LINE
  8
0
 10
14.18
 20
35.7338
 11
14.1758
 21
35.7506
  0
LINE
  8
0
 10
14.1758
 20
35.7506
 11
14.1723
 21
35.7675
  0
LINE
  8
0
 10
14.1723
 20
35.7675
 11
14.1687
 21
35.7837
  0
LINE
  8
0
 10
14.1687
 20
35.7837
 11
14.1617
 21
35.8174
  0
LINE
  8
0
 10
14.1617
 20
35.8174
 11
14.1589
 21
35.8343
  0
LINE
  8
0
 10
14.1589
 20
35.8343
 11
14.1554
 21
35.8505
  0
LINE
  8
0
 10
14.1554
 20
35.8505
 11
14.1483
 21
35.8842
  0
LINE
  8
0
 10
14.1483
 20
35.8842
 11
14.1455
 21
35.9004
  0
LINE
  8
0
 10
14.1455
 20
35.9004
 11
14.142
 21
35.9173
  0
LINE
  8
0
 10
14.142
 20
35.9173
 11
14.1392
 21
35.9341
  0
LINE
  8
0
 10
14.1392
 20
35.9341
 11
14.1364
 21
35.9503
  0
LINE
  8
0
 10
14.1364
 20
35.9503
 11
14.1329
 21
35.9672
  0
LINE
  8
0
 10
14.1329
 20
35.9672
 11
14.1301
 21
35.9841
  0
LINE
  8
0
 10
14.1301
 20
35.9841
 11
14.1273
 21
36.0002
  0
LINE
  8
0
 10
14.1273
 20
36.0002
 11
14.1216
 21
36.034
  0
LINE
  8
0
 10
14.1216
 20
36.034
 11
14.1188
 21
36.0502
  0
LINE
  8
0
 10
14.1188
 20
36.0502
 11
14.116
 21
36.067
  0
LINE
  8
0
 10
14.116
 20
36.067
 11
14.1139
 21
36.0832
  0
LINE
  8
0
 10
14.1139
 20
36.0832
 11
14.1083
 21
36.117
  0
LINE
  8
0
 10
14.1083
 20
36.117
 11
14.1062
 21
36.1331
  0
LINE
  8
0
 10
14.1062
 20
36.1331
 11
14.1033
 21
36.15
  0
LINE
  8
0
 10
14.1033
 20
36.15
 11
14.1012
 21
36.1662
  0
LINE
  8
0
 10
14.1012
 20
36.1662
 11
14.0991
 21
36.183
  0
LINE
  8
0
 10
14.0991
 20
36.183
 11
14.0963
 21
36.1992
  0
LINE
  8
0
 10
14.0963
 20
36.1992
 11
14.0942
 21
36.2161
  0
LINE
  8
0
 10
14.0942
 20
36.2161
 11
14.0921
 21
36.2323
  0
LINE
  8
0
 10
14.0921
 20
36.2323
 11
14.09
 21
36.2491
  0
LINE
  8
0
 10
14.09
 20
36.2491
 11
14.0879
 21
36.2653
  0
LINE
  8
0
 10
14.0879
 20
36.2653
 11
14.0858
 21
36.2822
  0
LINE
  8
0
 10
14.0858
 20
36.2822
 11
14.0837
 21
36.2984
  0
LINE
  8
0
 10
14.0837
 20
36.2984
 11
14.0815
 21
36.3152
  0
LINE
  8
0
 10
14.0815
 20
36.3152
 11
14.0801
 21
36.3314
  0
LINE
  8
0
 10
14.0801
 20
36.3314
 11
14.078
 21
36.3483
  0
LINE
  8
0
 10
14.078
 20
36.3483
 11
14.0759
 21
36.3645
  0
LINE
  8
0
 10
14.0759
 20
36.3645
 11
14.0745
 21
36.3813
  0
LINE
  8
0
 10
14.0745
 20
36.3813
 11
14.0724
 21
36.3975
  0
LINE
  8
0
 10
14.0724
 20
36.3975
 11
14.071
 21
36.4144
  0
LINE
  8
0
 10
14.071
 20
36.4144
 11
14.0696
 21
36.4305
  0
LINE
  8
0
 10
14.0696
 20
36.4305
 11
14.0682
 21
36.4474
  0
LINE
  8
0
 10
14.0682
 20
36.4474
 11
14.0661
 21
36.4636
  0
LINE
  8
0
 10
14.0661
 20
36.4636
 11
14.0647
 21
36.4805
  0
LINE
  8
0
 10
14.0647
 20
36.4805
 11
14.0619
 21
36.5128
  0
LINE
  8
0
 10
14.0619
 20
36.5128
 11
14.0612
 21
36.5297
  0
LINE
  8
0
 10
14.0612
 20
36.5297
 11
14.0598
 21
36.5459
  0
LINE
  8
0
 10
14.0598
 20
36.5459
 11
14.0583
 21
36.5627
  0
LINE
  8
0
 10
14.0583
 20
36.5627
 11
14.0569
 21
36.5789
  0
LINE
  8
0
 10
14.0569
 20
36.5789
 11
14.0562
 21
36.5951
  0
LINE
  8
0
 10
14.0562
 20
36.5951
 11
14.0548
 21
36.612
  0
LINE
  8
0
 10
14.0548
 20
36.612
 11
14.0541
 21
36.6281
  0
LINE
  8
0
 10
14.0541
 20
36.6281
 11
14.0527
 21
36.645
  0
LINE
  8
0
 10
14.0527
 20
36.645
 11
14.0499
 21
36.7104
  0
LINE
  8
0
 10
14.0499
 20
36.7104
 11
14.0492
 21
36.7273
  0
LINE
  8
0
 10
14.0492
 20
36.7273
 11
14.0464
 21
36.7927
  0
LINE
  8
0
 10
14.0464
 20
36.7927
 11
14.0464
 21
36.8088
  0
LINE
  8
0
 10
14.0464
 20
36.8088
 11
14.045
 21
36.8419
  0
LINE
  8
0
 10
14.045
 20
36.8419
 11
14.045
 21
36.8749
  0
LINE
  8
0
 10
14.045
 20
36.8749
 11
14.0443
 21
36.8911
  0
LINE
  8
0
 10
14.0443
 20
36.8911
 11
14.0443
 21
37.0388
  0
LINE
  8
0
 10
14.0443
 20
37.0388
 11
14.045
 21
37.0556
  0
LINE
  8
0
 10
14.045
 20
37.0556
 11
14.045
 21
37.0718
  0
LINE
  8
0
 10
14.045
 20
37.0718
 11
14.0457
 21
37.0887
  0
LINE
  8
0
 10
14.0457
 20
37.0887
 11
14.0457
 21
37.1048
  0
LINE
  8
0
 10
14.0457
 20
37.1048
 11
14.0471
 21
37.1379
  0
LINE
  8
0
 10
14.0471
 20
37.1379
 11
14.0471
 21
37.1541
  0
LINE
  8
0
 10
14.0471
 20
37.1541
 11
14.0506
 21
37.2363
  0
LINE
  8
0
 10
14.0506
 20
37.2363
 11
14.052
 21
37.2525
  0
LINE
  8
0
 10
14.052
 20
37.2525
 11
14.0534
 21
37.2855
  0
LINE
  8
0
 10
14.0534
 20
37.2855
 11
14.0548
 21
37.3017
  0
LINE
  8
0
 10
14.0548
 20
37.3017
 11
14.0555
 21
37.3186
  0
LINE
  8
0
 10
14.0555
 20
37.3186
 11
14.0569
 21
37.3348
  0
LINE
  8
0
 10
14.0569
 20
37.3348
 11
14.0576
 21
37.3516
  0
LINE
  8
0
 10
14.0576
 20
37.3516
 11
14.0605
 21
37.384
  0
LINE
  8
0
 10
14.0605
 20
37.384
 11
14.0619
 21
37.4009
  0
LINE
  8
0
 10
14.0619
 20
37.4009
 11
14.0633
 21
37.417
  0
LINE
  8
0
 10
14.0633
 20
37.417
 11
14.0647
 21
37.4339
  0
LINE
  8
0
 10
14.0647
 20
37.4339
 11
14.0661
 21
37.4501
  0
LINE
  8
0
 10
14.0661
 20
37.4501
 11
14.0675
 21
37.467
  0
LINE
  8
0
 10
14.0675
 20
37.467
 11
14.0689
 21
37.4831
  0
LINE
  8
0
 10
14.0689
 20
37.4831
 11
14.0703
 21
37.5
  0
LINE
  8
0
 10
14.0703
 20
37.5
 11
14.0724
 21
37.5162
  0
LINE
  8
0
 10
14.0724
 20
37.5162
 11
14.0738
 21
37.5323
  0
LINE
  8
0
 10
14.0738
 20
37.5323
 11
14.0752
 21
37.5492
  0
LINE
  8
0
 10
14.0752
 20
37.5492
 11
14.0773
 21
37.5654
  0
LINE
  8
0
 10
14.0773
 20
37.5654
 11
14.0794
 21
37.5823
  0
LINE
  8
0
 10
14.0794
 20
37.5823
 11
14.0808
 21
37.5984
  0
LINE
  8
0
 10
14.0808
 20
37.5984
 11
14.083
 21
37.6153
  0
LINE
  8
0
 10
14.083
 20
37.6153
 11
14.0851
 21
37.6315
  0
LINE
  8
0
 10
14.0851
 20
37.6315
 11
14.0872
 21
37.6484
  0
LINE
  8
0
 10
14.0872
 20
37.6484
 11
14.0893
 21
37.6645
  0
LINE
  8
0
 10
14.0893
 20
37.6645
 11
14.0914
 21
37.6814
  0
LINE
  8
0
 10
14.0914
 20
37.6814
 11
14.0935
 21
37.6976
  0
LINE
  8
0
 10
14.0935
 20
37.6976
 11
14.0956
 21
37.7145
  0
LINE
  8
0
 10
14.0956
 20
37.7145
 11
14.0977
 21
37.7306
  0
LINE
  8
0
 10
14.0977
 20
37.7306
 11
14.1005
 21
37.7475
  0
LINE
  8
0
 10
14.1005
 20
37.7475
 11
14.1026
 21
37.7644
  0
LINE
  8
0
 10
14.1026
 20
37.7644
 11
14.1047
 21
37.7805
  0
LINE
  8
0
 10
14.1047
 20
37.7805
 11
14.1076
 21
37.7974
  0
LINE
  8
0
 10
14.1076
 20
37.7974
 11
14.1104
 21
37.8136
  0
LINE
  8
0
 10
14.1104
 20
37.8136
 11
14.1125
 21
37.8305
  0
LINE
  8
0
 10
14.1125
 20
37.8305
 11
14.1153
 21
37.8466
  0
LINE
  8
0
 10
14.1153
 20
37.8466
 11
14.1209
 21
37.8804
  0
LINE
  8
0
 10
14.1209
 20
37.8804
 11
14.1237
 21
37.8966
  0
LINE
  8
0
 10
14.1237
 20
37.8966
 11
14.1265
 21
37.9134
  0
LINE
  8
0
 10
14.1265
 20
37.9134
 11
14.1294
 21
37.9296
  0
LINE
  8
0
 10
14.1294
 20
37.9296
 11
14.135
 21
37.9634
  0
LINE
  8
0
 10
14.135
 20
37.9634
 11
14.1378
 21
37.9795
  0
LINE
  8
0
 10
14.1378
 20
37.9795
 11
14.1413
 21
37.9964
  0
LINE
  8
0
 10
14.1413
 20
37.9964
 11
14.1441
 21
38.0133
  0
LINE
  8
0
 10
14.1441
 20
38.0133
 11
14.1476
 21
38.0295
  0
LINE
  8
0
 10
14.1476
 20
38.0295
 11
14.1505
 21
38.0463
  0
LINE
  8
0
 10
14.1505
 20
38.0463
 11
14.1575
 21
38.0801
  0
LINE
  8
0
 10
14.1575
 20
38.0801
 11
14.161
 21
38.0962
  0
LINE
  8
0
 10
14.161
 20
38.0962
 11
14.1638
 21
38.1131
  0
LINE
  8
0
 10
14.1638
 20
38.1131
 11
14.1708
 21
38.1469
  0
LINE
  8
0
 10
14.1708
 20
38.1469
 11
14.1744
 21
38.163
  0
LINE
  8
0
 10
14.1744
 20
38.163
 11
14.1786
 21
38.1799
  0
LINE
  8
0
 10
14.1786
 20
38.1799
 11
14.1856
 21
38.2137
  0
LINE
  8
0
 10
14.1856
 20
38.2137
 11
14.1898
 21
38.2305
  0
LINE
  8
0
 10
14.1898
 20
38.2305
 11
14.1933
 21
38.2467
  0
LINE
  8
0
 10
14.1933
 20
38.2467
 11
14.1969
 21
38.2636
  0
LINE
  8
0
 10
14.1969
 20
38.2636
 11
14.2053
 21
38.2973
  0
LINE
  8
0
 10
14.2053
 20
38.2973
 11
14.2088
 21
38.3142
  0
LINE
  8
0
 10
14.2088
 20
38.3142
 11
14.2215
 21
38.3648
  0
LINE
  8
0
 10
14.2215
 20
38.3648
 11
14.2257
 21
38.381
  0
LINE
  8
0
 10
14.2257
 20
38.381
 11
14.2341
 21
38.4148
  0
LINE
  8
0
 10
14.2341
 20
38.4148
 11
14.239
 21
38.4316
  0
LINE
  8
0
 10
14.239
 20
38.4316
 11
14.2475
 21
38.4654
  0
LINE
  8
0
 10
14.2475
 20
38.4654
 11
14.2524
 21
38.4823
  0
LINE
  8
0
 10
14.2524
 20
38.4823
 11
14.2566
 21
38.4991
  0
LINE
  8
0
 10
14.2566
 20
38.4991
 11
14.2615
 21
38.516
  0
LINE
  8
0
 10
14.2615
 20
38.516
 11
14.2658
 21
38.5329
  0
LINE
  8
0
 10
14.2658
 20
38.5329
 11
14.2805
 21
38.5835
  0
LINE
  8
0
 10
14.2805
 20
38.5835
 11
14.2855
 21
38.6011
  0
LINE
  8
0
 10
14.2855
 20
38.6011
 11
14.3101
 21
38.6855
  0
LINE
  8
0
 10
14.3101
 20
38.6855
 11
14.3157
 21
38.7023
  0
LINE
  8
0
 10
14.3157
 20
38.7023
 11
14.3206
 21
38.7192
  0
LINE
  8
0
 10
14.3206
 20
38.7192
 11
14.3262
 21
38.7368
  0
LINE
  8
0
 10
14.3262
 20
38.7368
 11
14.3312
 21
38.7537
  0
LINE
  8
0
 10
14.3312
 20
38.7537
 11
14.3424
 21
38.7874
  0
LINE
  8
0
 10
14.3424
 20
38.7874
 11
14.3473
 21
38.8043
  0
LINE
  8
0
 10
14.3473
 20
38.8043
 11
14.353
 21
38.8219
  0
LINE
  8
0
 10
14.353
 20
38.8219
 11
14.3642
 21
38.8556
  0
LINE
  8
0
 10
14.3642
 20
38.8556
 11
14.3698
 21
38.8732
  0
LINE
  8
0
 10
14.3698
 20
38.8732
 11
14.3755
 21
38.8901
  0
LINE
  8
0
 10
14.3755
 20
38.8901
 11
14.3818
 21
38.907
  0
LINE
  8
0
 10
14.3818
 20
38.907
 11
14.3874
 21
38.9245
  0
LINE
  8
0
 10
14.3874
 20
38.9245
 11
14.393
 21
38.9414
  0
LINE
  8
0
 10
14.393
 20
38.9414
 11
14.3994
 21
38.9583
  0
LINE
  8
0
 10
14.3994
 20
38.9583
 11
14.405
 21
38.9759
  0
LINE
  8
0
 10
14.405
 20
38.9759
 11
14.4113
 21
38.9927
  0
LINE
  8
0
 10
14.4113
 20
38.9927
 11
14.4169
 21
39.0096
  0
LINE
  8
0
 10
14.4169
 20
39.0096
 11
14.4233
 21
39.0272
  0
LINE
  8
0
 10
14.4233
 20
39.0272
 11
14.4296
 21
39.0441
  0
LINE
  8
0
 10
14.4296
 20
39.0441
 11
14.4359
 21
39.0616
  0
LINE
  8
0
 10
14.4359
 20
39.0616
 11
14.4423
 21
39.0785
  0
LINE
  8
0
 10
14.4423
 20
39.0785
 11
14.4486
 21
39.0961
  0
LINE
  8
0
 10
14.4486
 20
39.0961
 11
14.4549
 21
39.113
  0
LINE
  8
0
 10
14.4549
 20
39.113
 11
14.4612
 21
39.1305
  0
LINE
  8
0
 10
14.4612
 20
39.1305
 11
14.4676
 21
39.1474
  0
LINE
  8
0
 10
14.4676
 20
39.1474
 11
14.4739
 21
39.165
  0
LINE
  8
0
 10
14.4739
 20
39.165
 11
14.4809
 21
39.1819
  0
LINE
  8
0
 10
14.4809
 20
39.1819
 11
14.4872
 21
39.1995
  0
LINE
  8
0
 10
14.4872
 20
39.1995
 11
14.4943
 21
39.2163
  0
LINE
  8
0
 10
14.4943
 20
39.2163
 11
14.5006
 21
39.2339
  0
LINE
  8
0
 10
14.5006
 20
39.2339
 11
14.5076
 21
39.2508
  0
LINE
  8
0
 10
14.5076
 20
39.2508
 11
14.5147
 21
39.2684
  0
LINE
  8
0
 10
14.5147
 20
39.2684
 11
14.521
 21
39.2859
  0
LINE
  8
0
 10
14.521
 20
39.2859
 11
14.528
 21
39.3028
  0
LINE
  8
0
 10
14.528
 20
39.3028
 11
14.5421
 21
39.338
  0
LINE
  8
0
 10
14.5421
 20
39.338
 11
14.5491
 21
39.3548
  0
LINE
  8
0
 10
14.5491
 20
39.3548
 11
14.5632
 21
39.39
  0
LINE
  8
0
 10
14.5632
 20
39.39
 11
14.5709
 21
39.4069
  0
LINE
  8
0
 10
14.5709
 20
39.4069
 11
14.585
 21
39.442
  0
LINE
  8
0
 10
14.585
 20
39.442
 11
14.5927
 21
39.4596
  0
LINE
  8
0
 10
14.5927
 20
39.4596
 11
14.5998
 21
39.4765
  0
LINE
  8
0
 10
14.5998
 20
39.4765
 11
14.6152
 21
39.5116
  0
LINE
  8
0
 10
14.6152
 20
39.5116
 11
14.6223
 21
39.5292
  0
LINE
  8
0
 10
14.6223
 20
39.5292
 11
14.6377
 21
39.5644
  0
LINE
  8
0
 10
14.6377
 20
39.5644
 11
14.6455
 21
39.5812
  0
LINE
  8
0
 10
14.6455
 20
39.5812
 11
14.6687
 21
39.634
  0
LINE
  8
0
 10
14.6687
 20
39.634
 11
14.6771
 21
39.6516
  0
LINE
  8
0
 10
14.6771
 20
39.6516
 11
14.6926
 21
39.6867
  0
LINE
  8
0
 10
14.6926
 20
39.6867
 11
14.701
 21
39.7043
  0
LINE
  8
0
 10
14.701
 20
39.7043
 11
14.7087
 21
39.7219
  0
LINE
  8
0
 10
14.7087
 20
39.7219
 11
14.7256
 21
39.757
  0
LINE
  8
0
 10
14.7256
 20
39.757
 11
14.7333
 21
39.7746
  0
LINE
  8
0
 10
14.7333
 20
39.7746
 11
14.7924
 21
39.8977
  0
LINE
  8
0
 10
14.7924
 20
39.8977
 11
14.8008
 21
39.9159
  0
LINE
  8
0
 10
14.8008
 20
39.9159
 11
14.81
 21
39.9335
  0
LINE
  8
0
 10
14.81
 20
39.9335
 11
14.8184
 21
39.9511
  0
LINE
  8
0
 10
14.8184
 20
39.9511
 11
14.8276
 21
39.9687
  0
LINE
  8
0
 10
14.8276
 20
39.9687
 11
14.836
 21
39.9862
  0
LINE
  8
0
 10
14.836
 20
39.9862
 11
14.8451
 21
40.0038
  0
LINE
  8
0
 10
14.8451
 20
40.0038
 11
14.8536
 21
40.0221
  0
LINE
  8
0
 10
14.8536
 20
40.0221
 11
14.881
 21
40.0748
  0
LINE
  8
0
 10
14.881
 20
40.0748
 11
14.8901
 21
40.0931
  0
LINE
  8
0
 10
14.8901
 20
40.0931
 11
14.9176
 21
40.1459
  0
LINE
  8
0
 10
14.9176
 20
40.1459
 11
14.9267
 21
40.1641
  0
LINE
  8
0
 10
14.9267
 20
40.1641
 11
14.9358
 21
40.1817
  0
LINE
  8
0
 10
14.9358
 20
40.1817
 11
14.9457
 21
40.1993
  0
LINE
  8
0
 10
14.9457
 20
40.1993
 11
14.9548
 21
40.2176
  0
LINE
  8
0
 10
14.9548
 20
40.2176
 11
14.964
 21
40.2352
  0
LINE
  8
0
 10
14.964
 20
40.2352
 11
14.9738
 21
40.2534
  0
LINE
  8
0
 10
14.9738
 20
40.2534
 11
14.9837
 21
40.271
  0
LINE
  8
0
 10
14.9837
 20
40.271
 11
14.9928
 21
40.2886
  0
LINE
  8
0
 10
14.9928
 20
40.2886
 11
15.0026
 21
40.3069
  0
LINE
  8
0
 10
15.0026
 20
40.3069
 11
15.0125
 21
40.3245
  0
LINE
  8
0
 10
15.0125
 20
40.3245
 11
15.0223
 21
40.3427
  0
LINE
  8
0
 10
15.0223
 20
40.3427
 11
15.0315
 21
40.3603
  0
LINE
  8
0
 10
15.0315
 20
40.3603
 11
15.0413
 21
40.3786
  0
LINE
  8
0
 10
15.0413
 20
40.3786
 11
15.0512
 21
40.3962
  0
LINE
  8
0
 10
15.0512
 20
40.3962
 11
15.0617
 21
40.4145
  0
LINE
  8
0
 10
15.0617
 20
40.4145
 11
15.0715
 21
40.432
  0
LINE
  8
0
 10
15.0715
 20
40.432
 11
15.0814
 21
40.4503
  0
LINE
  8
0
 10
15.0814
 20
40.4503
 11
15.0912
 21
40.4679
  0
LINE
  8
0
 10
15.0912
 20
40.4679
 11
15.1018
 21
40.4862
  0
LINE
  8
0
 10
15.1018
 20
40.4862
 11
15.1116
 21
40.5037
  0
LINE
  8
0
 10
15.1116
 20
40.5037
 11
15.1222
 21
40.522
  0
LINE
  8
0
 10
15.1222
 20
40.522
 11
15.132
 21
40.5403
  0
LINE
  8
0
 10
15.132
 20
40.5403
 11
15.1426
 21
40.5579
  0
LINE
  8
0
 10
15.1426
 20
40.5579
 11
15.1524
 21
40.5762
  0
LINE
  8
0
 10
15.1524
 20
40.5762
 11
15.163
 21
40.5938
  0
LINE
  8
0
 10
15.163
 20
40.5938
 11
15.184
 21
40.6303
  0
LINE
  8
0
 10
15.184
 20
40.6303
 11
15.1946
 21
40.6479
  0
LINE
  8
0
 10
15.1946
 20
40.6479
 11
15.2262
 21
40.7027
  0
LINE
  8
0
 10
15.2262
 20
40.7027
 11
15.2368
 21
40.7203
  0
LINE
  8
0
 10
15.2368
 20
40.7203
 11
15.2579
 21
40.7569
  0
LINE
  8
0
 10
15.2579
 20
40.7569
 11
15.2691
 21
40.7745
  0
LINE
  8
0
 10
15.2691
 20
40.7745
 11
15.2797
 21
40.7927
  0
LINE
  8
0
 10
15.2797
 20
40.7927
 11
15.2909
 21
40.811
  0
LINE
  8
0
 10
15.2909
 20
40.811
 11
15.3015
 21
40.8293
  0
LINE
  8
0
 10
15.3015
 20
40.8293
 11
15.3127
 21
40.8476
  0
LINE
  8
0
 10
15.3127
 20
40.8476
 11
15.324
 21
40.8652
  0
LINE
  8
0
 10
15.324
 20
40.8652
 11
15.3345
 21
40.8834
  0
LINE
  8
0
 10
15.3345
 20
40.8834
 11
15.402
 21
40.9931
  0
LINE
  8
0
 10
15.402
 20
40.9931
 11
15.4133
 21
41.0107
  0
LINE
  8
0
 10
15.4133
 20
41.0107
 11
15.4358
 21
41.0473
  0
LINE
  8
0
 10
15.4358
 20
41.0473
 11
15.4477
 21
41.0655
  0
LINE
  8
0
 10
15.4477
 20
41.0655
 11
15.4702
 21
41.1021
  0
LINE
  8
0
 10
15.4702
 20
41.1021
 11
15.4822
 21
41.1204
  0
LINE
  8
0
 10
15.4822
 20
41.1204
 11
15.4934
 21
41.1387
  0
LINE
  8
0
 10
15.4934
 20
41.1387
 11
15.5173
 21
41.1752
  0
LINE
  8
0
 10
15.5173
 20
41.1752
 11
15.5286
 21
41.1935
  0
LINE
  8
0
 10
15.5286
 20
41.1935
 11
15.5764
 21
41.2666
  0
LINE
  8
0
 10
15.5764
 20
41.2666
 11
15.5883
 21
41.2856
  0
LINE
  8
0
 10
15.5883
 20
41.2856
 11
15.6481
 21
41.377
  0
LINE
  8
0
 10
15.6481
 20
41.377
 11
15.6608
 21
41.3953
  0
LINE
  8
0
 10
15.6608
 20
41.3953
 11
15.6727
 21
41.4136
  0
LINE
  8
0
 10
15.6727
 20
41.4136
 11
15.6854
 21
41.4326
  0
LINE
  8
0
 10
15.6854
 20
41.4326
 11
15.6973
 21
41.4509
  0
LINE
  8
0
 10
15.6973
 20
41.4509
 11
15.71
 21
41.4691
  0
LINE
  8
0
 10
15.71
 20
41.4691
 11
15.7219
 21
41.4874
  0
LINE
  8
0
 10
15.7219
 20
41.4874
 11
15.7346
 21
41.5057
  0
LINE
  8
0
 10
15.7346
 20
41.5057
 11
15.7465
 21
41.5247
  0
LINE
  8
0
 10
15.7465
 20
41.5247
 11
15.7845
 21
41.5795
  0
LINE
  8
0
 10
15.7845
 20
41.5795
 11
15.7972
 21
41.5985
  0
LINE
  8
0
 10
15.7972
 20
41.5985
 11
15.8225
 21
41.6351
  0
LINE
  8
0
 10
15.8225
 20
41.6351
 11
15.8351
 21
41.6541
  0
LINE
  8
0
 10
15.8351
 20
41.6541
 11
15.8605
 21
41.6906
  0
LINE
  8
0
 10
15.8605
 20
41.6906
 11
15.8731
 21
41.7096
  0
LINE
  8
0
 10
15.8731
 20
41.7096
 11
15.8858
 21
41.7279
  0
LINE
  8
0
 10
15.8858
 20
41.7279
 11
15.8991
 21
41.7462
  0
LINE
  8
0
 10
15.8991
 20
41.7462
 11
15.9118
 21
41.7652
  0
LINE
  8
0
 10
15.9118
 20
41.7652
 11
15.9251
 21
41.7834
  0
LINE
  8
0
 10
15.9251
 20
41.7834
 11
15.9378
 21
41.8017
  0
LINE
  8
0
 10
15.9378
 20
41.8017
 11
15.9505
 21
41.8207
  0
LINE
  8
0
 10
15.9505
 20
41.8207
 11
15.9638
 21
41.839
  0
LINE
  8
0
 10
15.9638
 20
41.839
 11
15.9772
 21
41.858
  0
LINE
  8
0
 10
15.9772
 20
41.858
 11
15.9898
 21
41.8762
  0
LINE
  8
0
 10
15.9898
 20
41.8762
 11
16.0032
 21
41.8945
  0
LINE
  8
0
 10
16.0032
 20
41.8945
 11
16.0165
 21
41.9135
  0
LINE
  8
0
 10
16.0165
 20
41.9135
 11
16.0299
 21
41.9318
  0
LINE
  8
0
 10
16.0299
 20
41.9318
 11
16.0426
 21
41.9508
  0
LINE
  8
0
 10
16.0426
 20
41.9508
 11
16.0559
 21
41.9691
  0
LINE
  8
0
 10
16.0559
 20
41.9691
 11
16.0693
 21
41.988
  0
LINE
  8
0
 10
16.0693
 20
41.988
 11
16.0826
 21
42.0063
  0
LINE
  8
0
 10
16.0826
 20
42.0063
 11
16.096
 21
42.0253
  0
LINE
  8
0
 10
16.096
 20
42.0253
 11
16.1094
 21
42.0436
  0
LINE
  8
0
 10
16.1094
 20
42.0436
 11
16.1227
 21
42.0626
  0
LINE
  8
0
 10
16.1227
 20
42.0626
 11
16.1368
 21
42.0809
  0
LINE
  8
0
 10
16.1368
 20
42.0809
 11
16.1501
 21
42.0998
  0
LINE
  8
0
 10
16.1501
 20
42.0998
 11
16.1635
 21
42.1181
  0
LINE
  8
0
 10
16.1635
 20
42.1181
 11
16.1769
 21
42.1371
  0
LINE
  8
0
 10
16.1769
 20
42.1371
 11
16.1909
 21
42.1554
  0
LINE
  8
0
 10
16.1909
 20
42.1554
 11
16.2043
 21
42.1744
  0
LINE
  8
0
 10
16.2043
 20
42.1744
 11
16.2183
 21
42.1934
  0
LINE
  8
0
 10
16.2183
 20
42.1934
 11
16.2317
 21
42.2116
  0
LINE
  8
0
 10
16.2317
 20
42.2116
 11
16.2458
 21
42.2306
  0
LINE
  8
0
 10
16.2458
 20
42.2306
 11
16.2591
 21
42.2489
  0
LINE
  8
0
 10
16.2591
 20
42.2489
 11
16.2732
 21
42.2679
  0
LINE
  8
0
 10
16.2732
 20
42.2679
 11
16.2865
 21
42.2869
  0
LINE
  8
0
 10
16.2865
 20
42.2869
 11
16.3006
 21
42.3052
  0
LINE
  8
0
 10
16.3006
 20
42.3052
 11
16.3147
 21
42.3241
  0
LINE
  8
0
 10
16.3147
 20
42.3241
 11
16.328
 21
42.3431
  0
LINE
  8
0
 10
16.328
 20
42.3431
 11
16.3421
 21
42.3621
  0
LINE
  8
0
 10
16.3421
 20
42.3621
 11
16.3562
 21
42.3804
  0
LINE
  8
0
 10
16.3562
 20
42.3804
 11
16.3702
 21
42.3994
  0
LINE
  8
0
 10
16.3702
 20
42.3994
 11
16.3836
 21
42.4184
  0
LINE
  8
0
 10
16.3836
 20
42.4184
 11
16.4258
 21
42.4753
  0
LINE
  8
0
 10
16.4258
 20
42.4753
 11
16.4391
 21
42.4943
  0
LINE
  8
0
 10
16.4391
 20
42.4943
 11
16.4813
 21
42.5512
  0
LINE
  8
0
 10
16.4813
 20
42.5512
 11
16.4947
 21
42.5702
  0
LINE
  8
0
 10
16.4947
 20
42.5702
 11
16.5228
 21
42.6082
  0
LINE
  8
0
 10
16.5228
 20
42.6082
 11
16.5369
 21
42.6279
  0
LINE
  8
0
 10
16.5369
 20
42.6279
 11
16.565
 21
42.6659
  0
LINE
  8
0
 10
16.565
 20
42.6659
 11
16.5783
 21
42.6855
  0
LINE
  8
0
 10
16.5783
 20
42.6855
 11
16.6065
 21
42.7235
  0
LINE
  8
0
 10
16.6065
 20
42.7235
 11
16.6205
 21
42.7432
  0
LINE
  8
0
 10
16.6205
 20
42.7432
 11
16.6346
 21
42.7622
  0
LINE
  8
0
 10
16.6346
 20
42.7622
 11
16.6487
 21
42.7819
  0
LINE
  8
0
 10
16.6487
 20
42.7819
 11
16.6627
 21
42.8009
  0
LINE
  8
0
 10
16.6627
 20
42.8009
 11
16.6761
 21
42.8205
  0
LINE
  8
0
 10
16.6761
 20
42.8205
 11
16.6901
 21
42.8395
  0
LINE
  8
0
 10
16.6901
 20
42.8395
 11
16.7183
 21
42.8789
  0
LINE
  8
0
 10
16.7183
 20
42.8789
 11
16.7323
 21
42.8979
  0
LINE
  8
0
 10
16.7323
 20
42.8979
 11
16.7886
 21
42.9766
  0
LINE
  8
0
 10
16.7886
 20
42.9766
 11
16.8019
 21
42.9963
  0
LINE
  8
0
 10
16.8019
 20
42.9963
 11
16.816
 21
43.0153
  0
LINE
  8
0
 10
16.816
 20
43.0153
 11
16.8582
 21
43.0744
  0
LINE
  8
0
 10
16.8582
 20
43.0744
 11
16.8723
 21
43.0948
  0
LINE
  8
0
 10
16.8723
 20
43.0948
 11
16.9285
 21
43.1735
  0
LINE
  8
0
 10
16.9285
 20
43.1735
 11
16.9419
 21
43.1932
  0
LINE
  8
0
 10
16.9419
 20
43.1932
 11
16.9559
 21
43.2136
  0
LINE
  8
0
 10
16.9559
 20
43.2136
 11
16.984
 21
43.253
  0
LINE
  8
0
 10
16.984
 20
43.253
 11
16.9981
 21
43.2734
  0
LINE
  8
0
 10
16.9981
 20
43.2734
 11
17.0262
 21
43.3127
  0
LINE
  8
0
 10
17.0262
 20
43.3127
 11
17.0403
 21
43.3331
  0
LINE
  8
0
 10
17.0403
 20
43.3331
 11
17.0544
 21
43.3528
  0
LINE
  8
0
 10
17.0544
 20
43.3528
 11
17.0684
 21
43.3732
  0
LINE
  8
0
 10
17.0684
 20
43.3732
 11
17.0818
 21
43.3936
  0
LINE
  8
0
 10
17.0818
 20
43.3936
 11
17.0958
 21
43.4133
  0
LINE
  8
0
 10
17.0958
 20
43.4133
 11
17.124
 21
43.4541
  0
LINE
  8
0
 10
17.124
 20
43.4541
 11
17.138
 21
43.4737
  0
LINE
  8
0
 10
17.138
 20
43.4737
 11
17.1662
 21
43.5145
  0
LINE
  8
0
 10
17.1662
 20
43.5145
 11
17.1795
 21
43.5349
  0
LINE
  8
0
 10
17.1795
 20
43.5349
 11
17.1936
 21
43.5553
  0
LINE
  8
0
 10
17.1936
 20
43.5553
 11
17.2076
 21
43.575
  0
LINE
  8
0
 10
17.2076
 20
43.575
 11
17.2498
 21
43.6362
  0
LINE
  8
0
 10
17.2498
 20
43.6362
 11
17.2632
 21
43.6566
  0
LINE
  8
0
 10
17.2632
 20
43.6566
 11
17.2773
 21
43.6777
  0
LINE
  8
0
 10
17.2773
 20
43.6777
 11
17.3054
 21
43.7184
  0
LINE
  8
0
 10
17.3054
 20
43.7184
 11
17.3187
 21
43.7388
  0
LINE
  8
0
 10
17.3187
 20
43.7388
 11
17.3469
 21
43.7796
  0
LINE
  8
0
 10
17.3469
 20
43.7796
 11
17.3609
 21
43.8007
  0
LINE
  8
0
 10
17.3609
 20
43.8007
 11
17.3743
 21
43.8211
  0
LINE
  8
0
 10
17.3743
 20
43.8211
 11
17.3883
 21
43.8415
  0
LINE
  8
0
 10
17.3883
 20
43.8415
 11
17.4024
 21
43.8626
  0
LINE
  8
0
 10
17.4024
 20
43.8626
 11
17.4165
 21
43.883
  0
LINE
  8
0
 10
17.4165
 20
43.883
 11
17.4298
 21
43.9041
  0
LINE
  8
0
 10
17.4298
 20
43.9041
 11
17.4439
 21
43.9245
  0
LINE
  8
0
 10
17.4439
 20
43.9245
 11
17.458
 21
43.9455
  0
LINE
  8
0
 10
17.458
 20
43.9455
 11
17.4713
 21
43.9659
  0
LINE
  8
0
 10
17.4713
 20
43.9659
 11
17.4994
 21
44.0081
  0
LINE
  8
0
 10
17.4994
 20
44.0081
 11
17.5128
 21
44.0285
  0
LINE
  8
0
 10
17.5128
 20
44.0285
 11
17.5269
 21
44.0496
  0
LINE
  8
0
 10
17.5269
 20
44.0496
 11
17.5402
 21
44.0707
  0
LINE
  8
0
 10
17.5402
 20
44.0707
 11
17.5543
 21
44.0911
  0
LINE
  8
0
 10
17.5543
 20
44.0911
 11
17.5683
 21
44.1122
  0
LINE
  8
0
 10
17.5683
 20
44.1122
 11
17.5817
 21
44.1333
  0
LINE
  8
0
 10
17.5817
 20
44.1333
 11
17.5958
 21
44.1544
  0
LINE
  8
0
 10
17.5958
 20
44.1544
 11
17.6091
 21
44.1755
  0
LINE
  8
0
 10
17.6091
 20
44.1755
 11
17.6232
 21
44.1966
  0
LINE
  8
0
 10
17.6232
 20
44.1966
 11
17.6365
 21
44.2177
  0
LINE
  8
0
 10
17.6365
 20
44.2177
 11
17.6506
 21
44.2387
  0
LINE
  8
0
 10
17.6506
 20
44.2387
 11
17.664
 21
44.2598
  0
LINE
  8
0
 10
17.664
 20
44.2598
 11
17.678
 21
44.2809
  0
LINE
  8
0
 10
17.678
 20
44.2809
 11
17.7048
 21
44.3231
  0
LINE
  8
0
 10
17.7048
 20
44.3231
 11
17.7188
 21
44.3442
  0
LINE
  8
0
 10
17.7188
 20
44.3442
 11
17.7322
 21
44.3653
  0
LINE
  8
0
 10
17.7322
 20
44.3653
 11
17.7462
 21
44.3871
  0
LINE
  8
0
 10
17.7462
 20
44.3871
 11
17.773
 21
44.4293
  0
LINE
  8
0
 10
17.773
 20
44.4293
 11
17.787
 21
44.4511
  0
LINE
  8
0
 10
17.787
 20
44.4511
 11
17.8137
 21
44.4933
  0
LINE
  8
0
 10
17.8137
 20
44.4933
 11
17.8271
 21
44.5151
  0
LINE
  8
0
 10
17.8271
 20
44.5151
 11
17.8412
 21
44.5362
  0
LINE
  8
0
 10
17.8412
 20
44.5362
 11
17.8545
 21
44.558
  0
LINE
  8
0
 10
17.8545
 20
44.558
 11
17.8679
 21
44.5791
  0
LINE
  8
0
 10
17.8679
 20
44.5791
 11
17.8812
 21
44.6009
  0
LINE
  8
0
 10
17.8812
 20
44.6009
 11
17.8946
 21
44.622
  0
LINE
  8
0
 10
17.8946
 20
44.622
 11
17.908
 21
44.6437
  0
LINE
  8
0
 10
17.908
 20
44.6437
 11
17.922
 21
44.6655
  0
LINE
  8
0
 10
17.922
 20
44.6655
 11
17.9354
 21
44.6866
  0
LINE
  8
0
 10
17.9354
 20
44.6866
 11
17.9888
 21
44.7738
  0
LINE
  8
0
 10
17.9888
 20
44.7738
 11
18.0022
 21
44.7949
  0
LINE
  8
0
 10
18.0022
 20
44.7949
 11
18.0289
 21
44.8385
  0
LINE
  8
0
 10
18.0289
 20
44.8385
 11
18.0415
 21
44.8603
  0
LINE
  8
0
 10
18.0415
 20
44.8603
 11
18.1083
 21
44.9693
  0
LINE
  8
0
 10
18.1083
 20
44.9693
 11
18.121
 21
44.9911
  0
LINE
  8
0
 10
18.121
 20
44.9911
 11
18.1344
 21
45.0129
  0
LINE
  8
0
 10
18.1344
 20
45.0129
 11
18.1477
 21
45.0354
  0
LINE
  8
0
 10
18.1477
 20
45.0354
 11
18.1604
 21
45.0572
  0
LINE
  8
0
 10
18.1604
 20
45.0572
 11
18.1871
 21
45.1008
  0
LINE
  8
0
 10
18.1871
 20
45.1008
 11
18.1998
 21
45.1233
  0
LINE
  8
0
 10
18.1998
 20
45.1233
 11
18.2131
 21
45.1451
  0
LINE
  8
0
 10
18.2131
 20
45.1451
 11
18.2258
 21
45.1669
  0
LINE
  8
0
 10
18.2258
 20
45.1669
 11
18.2391
 21
45.1894
  0
LINE
  8
0
 10
18.2391
 20
45.1894
 11
18.2518
 21
45.2112
  0
LINE
  8
0
 10
18.2518
 20
45.2112
 11
18.2651
 21
45.2337
  0
LINE
  8
0
 10
18.2651
 20
45.2337
 11
18.2778
 21
45.2555
  0
LINE
  8
0
 10
18.2778
 20
45.2555
 11
18.2912
 21
45.278
  0
LINE
  8
0
 10
18.2912
 20
45.278
 11
18.3038
 21
45.2998
  0
LINE
  8
0
 10
18.3038
 20
45.2998
 11
18.3165
 21
45.3223
  0
LINE
  8
0
 10
18.3165
 20
45.3223
 11
18.3298
 21
45.3441
  0
LINE
  8
0
 10
18.3298
 20
45.3441
 11
18.3551
 21
45.3891
  0
LINE
  8
0
 10
18.3551
 20
45.3891
 11
18.3678
 21
45.4109
  0
LINE
  8
0
 10
18.3678
 20
45.4109
 11
18.3931
 21
45.4559
  0
LINE
  8
0
 10
18.3931
 20
45.4559
 11
18.4065
 21
45.4777
  0
LINE
  8
0
 10
18.4065
 20
45.4777
 11
18.4571
 21
45.5677
  0
LINE
  8
0
 10
18.4571
 20
45.5677
 11
18.469
 21
45.5902
  0
LINE
  8
0
 10
18.469
 20
45.5902
 11
18.4817
 21
45.612
  0
LINE
  8
0
 10
18.4817
 20
45.612
 11
18.5197
 21
45.6795
  0
LINE
  8
0
 10
18.5197
 20
45.6795
 11
18.5316
 21
45.702
  0
LINE
  8
0
 10
18.5316
 20
45.702
 11
18.5569
 21
45.747
  0
LINE
  8
0
 10
18.5569
 20
45.747
 11
18.5689
 21
45.7702
  0
LINE
  8
0
 10
18.5689
 20
45.7702
 11
18.5942
 21
45.8152
  0
LINE
  8
0
 10
18.5942
 20
45.8152
 11
18.6062
 21
45.8377
  0
LINE
  8
0
 10
18.6062
 20
45.8377
 11
18.6188
 21
45.8602
  0
LINE
  8
0
 10
18.6188
 20
45.8602
 11
18.6308
 21
45.8827
  0
LINE
  8
0
 10
18.6308
 20
45.8827
 11
18.6427
 21
45.9059
  0
LINE
  8
0
 10
18.6427
 20
45.9059
 11
18.6554
 21
45.9284
  0
LINE
  8
0
 10
18.6554
 20
45.9284
 11
18.6673
 21
45.9509
  0
LINE
  8
0
 10
18.6673
 20
45.9509
 11
18.6793
 21
45.9741
  0
LINE
  8
0
 10
18.6793
 20
45.9741
 11
18.6912
 21
45.9966
  0
LINE
  8
0
 10
18.6912
 20
45.9966
 11
18.7039
 21
46.0191
  0
LINE
  8
0
 10
18.7039
 20
46.0191
 11
18.7158
 21
46.0423
  0
LINE
  8
0
 10
18.7158
 20
46.0423
 11
18.7278
 21
46.0648
  0
LINE
  8
0
 10
18.7278
 20
46.0648
 11
18.7398
 21
46.088
  0
LINE
  8
0
 10
18.7398
 20
46.088
 11
18.7637
 21
46.133
  0
LINE
  8
0
 10
18.7637
 20
46.133
 11
18.7876
 21
46.1794
  0
LINE
  8
0
 10
18.7876
 20
46.1794
 11
18.7988
 21
46.2019
  0
LINE
  8
0
 10
18.7988
 20
46.2019
 11
18.8108
 21
46.2251
  0
LINE
  8
0
 10
18.8108
 20
46.2251
 11
18.8227
 21
46.2476
  0
LINE
  8
0
 10
18.8227
 20
46.2476
 11
18.8347
 21
46.2708
  0
LINE
  8
0
 10
18.8347
 20
46.2708
 11
18.8459
 21
46.294
  0
LINE
  8
0
 10
18.8459
 20
46.294
 11
18.8579
 21
46.3165
  0
LINE
  8
0
 10
18.8579
 20
46.3165
 11
18.8691
 21
46.3397
  0
LINE
  8
0
 10
18.8691
 20
46.3397
 11
18.8811
 21
46.3629
  0
LINE
  8
0
 10
18.8811
 20
46.3629
 11
18.8923
 21
46.3854
  0
LINE
  8
0
 10
18.8923
 20
46.3854
 11
18.9036
 21
46.4086
  0
LINE
  8
0
 10
18.9036
 20
46.4086
 11
18.9155
 21
46.4318
  0
LINE
  8
0
 10
18.9155
 20
46.4318
 11
18.9493
 21
46.5014
  0
LINE
  8
0
 10
18.9493
 20
46.5014
 11
18.9612
 21
46.5239
  0
LINE
  8
0
 10
18.9612
 20
46.5239
 11
18.9837
 21
46.5703
  0
LINE
  8
0
 10
18.9837
 20
46.5703
 11
18.9943
 21
46.5935
  0
LINE
  8
0
 10
18.9943
 20
46.5935
 11
19.0393
 21
46.6863
  0
LINE
  8
0
 10
19.0393
 20
46.6863
 11
19.0498
 21
46.7095
  0
LINE
  8
0
 10
19.0498
 20
46.7095
 11
19.0611
 21
46.7334
  0
LINE
  8
0
 10
19.0611
 20
46.7334
 11
19.0716
 21
46.7566
  0
LINE
  8
0
 10
19.0716
 20
46.7566
 11
19.0829
 21
46.7798
  0
LINE
  8
0
 10
19.0829
 20
46.7798
 11
19.104
 21
46.8263
  0
LINE
  8
0
 10
19.104
 20
46.8263
 11
19.1152
 21
46.8495
  0
LINE
  8
0
 10
19.1152
 20
46.8495
 11
19.1258
 21
46.8734
  0
LINE
  8
0
 10
19.1258
 20
46.8734
 11
19.1469
 21
46.9198
  0
LINE
  8
0
 10
19.1469
 20
46.9198
 11
19.1574
 21
46.9437
  0
LINE
  8
0
 10
19.1574
 20
46.9437
 11
19.1785
 21
46.9901
  0
LINE
  8
0
 10
19.1785
 20
46.9901
 11
19.189
 21
47.014
  0
LINE
  8
0
 10
19.189
 20
47.014
 11
19.1989
 21
47.0372
  0
LINE
  8
0
 10
19.1989
 20
47.0372
 11
19.2094
 21
47.0611
  0
LINE
  8
0
 10
19.2094
 20
47.0611
 11
19.2193
 21
47.0843
  0
LINE
  8
0
 10
19.2193
 20
47.0843
 11
19.2298
 21
47.1082
  0
LINE
  8
0
 10
19.2298
 20
47.1082
 11
19.2397
 21
47.1314
  0
LINE
  8
0
 10
19.2397
 20
47.1314
 11
19.2502
 21
47.1553
  0
LINE
  8
0
 10
19.2502
 20
47.1553
 11
19.2601
 21
47.1785
  0
LINE
  8
0
 10
19.2601
 20
47.1785
 11
19.2896
 21
47.2502
  0
LINE
  8
0
 10
19.2896
 20
47.2502
 11
19.2994
 21
47.2734
  0
LINE
  8
0
 10
19.2994
 20
47.2734
 11
19.3086
 21
47.2973
  0
LINE
  8
0
 10
19.3086
 20
47.2973
 11
19.3283
 21
47.3452
  0
LINE
  8
0
 10
19.3283
 20
47.3452
 11
19.3465
 21
47.393
  0
LINE
  8
0
 10
19.3465
 20
47.393
 11
19.3564
 21
47.4169
  0
LINE
  8
0
 10
19.3564
 20
47.4169
 11
19.3747
 21
47.4647
  0
LINE
  8
0
 10
19.3747
 20
47.4647
 11
19.3831
 21
47.4886
  0
LINE
  8
0
 10
19.3831
 20
47.4886
 11
19.3923
 21
47.5125
  0
LINE
  8
0
 10
19.3923
 20
47.5125
 11
19.4014
 21
47.5371
  0
LINE
  8
0
 10
19.4014
 20
47.5371
 11
19.4183
 21
47.5849
  0
LINE
  8
0
 10
19.4183
 20
47.5849
 11
19.4351
 21
47.6341
  0
LINE
  8
0
 10
19.4351
 20
47.6341
 11
19.4436
 21
47.658
  0
LINE
  8
0
 10
19.4436
 20
47.658
 11
19.4513
 21
47.6827
  0
LINE
  8
0
 10
19.4513
 20
47.6827
 11
19.4597
 21
47.7073
  0
LINE
  8
0
 10
19.4597
 20
47.7073
 11
19.4675
 21
47.7319
  0
LINE
  8
0
 10
19.4675
 20
47.7319
 11
19.4745
 21
47.7572
  0
LINE
  8
0
 10
19.4745
 20
47.7572
 11
19.4823
 21
47.7818
  0
LINE
  8
0
 10
19.4823
 20
47.7818
 11
19.4893
 21
47.8071
  0
LINE
  8
0
 10
19.4893
 20
47.8071
 11
19.5019
 21
47.8577
  0
LINE
  8
0
 10
19.5019
 20
47.8577
 11
19.5076
 21
47.8837
  0
LINE
  8
0
 10
19.5076
 20
47.8837
 11
19.5125
 21
47.9105
  0
LINE
  8
0
 10
19.5125
 20
47.9105
 11
19.5132
 21
47.94
  0
LINE
  8
0
 10
19.5132
 20
47.94
 11
19.4858
 21
47.9302
  0
LINE
  8
0
 10
19.4858
 20
47.9302
 11
19.4612
 21
47.9182
  0
LINE
  8
0
 10
19.4612
 20
47.9182
 11
19.438
 21
47.9055
  0
LINE
  8
0
 10
19.438
 20
47.9055
 11
19.393
 21
47.8788
  0
LINE
  8
0
 10
19.393
 20
47.8788
 11
19.3276
 21
47.8366
  0
LINE
  8
0
 10
19.3276
 20
47.8366
 11
19.3065
 21
47.8226
  0
LINE
  8
0
 10
19.3065
 20
47.8226
 11
19.2847
 21
47.8085
  0
LINE
  8
0
 10
19.2847
 20
47.8085
 11
19.2636
 21
47.7938
  0
LINE
  8
0
 10
19.2636
 20
47.7938
 11
19.2425
 21
47.7797
  0
LINE
  8
0
 10
19.2425
 20
47.7797
 11
19.2003
 21
47.7502
  0
LINE
  8
0
 10
19.2003
 20
47.7502
 11
19.1799
 21
47.7361
  0
LINE
  8
0
 10
19.1799
 20
47.7361
 11
19.1588
 21
47.7213
  0
LINE
  8
0
 10
19.1588
 20
47.7213
 11
19.1384
 21
47.7066
  0
LINE
  8
0
 10
19.1384
 20
47.7066
 11
19.1173
 21
47.6918
  0
LINE
  8
0
 10
19.1173
 20
47.6918
 11
19.0969
 21
47.6763
  0
LINE
  8
0
 10
19.0969
 20
47.6763
 11
19.0758
 21
47.6616
  0
LINE
  8
0
 10
19.0758
 20
47.6616
 11
19.0351
 21
47.632
  0
LINE
  8
0
 10
19.0351
 20
47.632
 11
19.0147
 21
47.6166
  0
LINE
  8
0
 10
19.0147
 20
47.6166
 11
18.9739
 21
47.587
  0
LINE
  8
0
 10
18.9739
 20
47.587
 11
18.9535
 21
47.5716
  0
LINE
  8
0
 10
18.9535
 20
47.5716
 11
18.9331
 21
47.5568
  0
LINE
  8
0
 10
18.9331
 20
47.5568
 11
18.9127
 21
47.5413
  0
LINE
  8
0
 10
18.9127
 20
47.5413
 11
18.8923
 21
47.5266
  0
LINE
  8
0
 10
18.8923
 20
47.5266
 11
18.8515
 21
47.4956
  0
LINE
  8
0
 10
18.8515
 20
47.4956
 11
18.8319
 21
47.4809
  0
LINE
  8
0
 10
18.8319
 20
47.4809
 11
18.7707
 21
47.4345
  0
LINE
  8
0
 10
18.7707
 20
47.4345
 11
18.751
 21
47.4197
  0
LINE
  8
0
 10
18.751
 20
47.4197
 11
18.7102
 21
47.3888
  0
LINE
  8
0
 10
18.7102
 20
47.3888
 11
18.6905
 21
47.3733
  0
LINE
  8
0
 10
18.6905
 20
47.3733
 11
18.6701
 21
47.3578
  0
LINE
  8
0
 10
18.6701
 20
47.3578
 11
18.6505
 21
47.3423
  0
LINE
  8
0
 10
18.6505
 20
47.3423
 11
18.6301
 21
47.3269
  0
LINE
  8
0
 10
18.6301
 20
47.3269
 11
18.6104
 21
47.3114
  0
LINE
  8
0
 10
18.6104
 20
47.3114
 11
18.59
 21
47.2959
  0
LINE
  8
0
 10
18.59
 20
47.2959
 11
18.5703
 21
47.2805
  0
LINE
  8
0
 10
18.5703
 20
47.2805
 11
18.5499
 21
47.265
  0
LINE
  8
0
 10
18.5499
 20
47.265
 11
18.5302
 21
47.2495
  0
LINE
  8
0
 10
18.5302
 20
47.2495
 11
18.5098
 21
47.2341
  0
LINE
  8
0
 10
18.5098
 20
47.2341
 11
18.4901
 21
47.2186
  0
LINE
  8
0
 10
18.4901
 20
47.2186
 11
18.4698
 21
47.2031
  0
LINE
  8
0
 10
18.4698
 20
47.2031
 11
18.4501
 21
47.187
  0
LINE
  8
0
 10
18.4501
 20
47.187
 11
18.4304
 21
47.1715
  0
LINE
  8
0
 10
18.4304
 20
47.1715
 11
18.41
 21
47.156
  0
LINE
  8
0
 10
18.41
 20
47.156
 11
18.3903
 21
47.1405
  0
LINE
  8
0
 10
18.3903
 20
47.1405
 11
18.3699
 21
47.1244
  0
LINE
  8
0
 10
18.3699
 20
47.1244
 11
18.3305
 21
47.0934
  0
LINE
  8
0
 10
18.3305
 20
47.0934
 11
18.3108
 21
47.0773
  0
LINE
  8
0
 10
18.3108
 20
47.0773
 11
18.2905
 21
47.0618
  0
LINE
  8
0
 10
18.2905
 20
47.0618
 11
18.2708
 21
47.0463
  0
LINE
  8
0
 10
18.2708
 20
47.0463
 11
18.2511
 21
47.0302
  0
LINE
  8
0
 10
18.2511
 20
47.0302
 11
18.2307
 21
47.0147
  0
LINE
  8
0
 10
18.2307
 20
47.0147
 11
18.211
 21
46.9985
  0
LINE
  8
0
 10
18.211
 20
46.9985
 11
18.1913
 21
46.983
  0
LINE
  8
0
 10
18.1913
 20
46.983
 11
18.1716
 21
46.9669
  0
LINE
  8
0
 10
18.1716
 20
46.9669
 11
18.1519
 21
46.9514
  0
LINE
  8
0
 10
18.1519
 20
46.9514
 11
18.1315
 21
46.9352
  0
LINE
  8
0
 10
18.1315
 20
46.9352
 11
18.1119
 21
46.9198
  0
LINE
  8
0
 10
18.1119
 20
46.9198
 11
18.0725
 21
46.8874
  0
LINE
  8
0
 10
18.0725
 20
46.8874
 11
18.0528
 21
46.872
  0
LINE
  8
0
 10
18.0528
 20
46.872
 11
18.0134
 21
46.8396
  0
LINE
  8
0
 10
18.0134
 20
46.8396
 11
17.9937
 21
46.8241
  0
LINE
  8
0
 10
17.9937
 20
46.8241
 11
17.9733
 21
46.808
  0
LINE
  8
0
 10
17.9733
 20
46.808
 11
17.9143
 21
46.7595
  0
LINE
  8
0
 10
17.9143
 20
46.7595
 11
17.8946
 21
46.744
  0
LINE
  8
0
 10
17.8946
 20
46.744
 11
17.7962
 21
46.6631
  0
LINE
  8
0
 10
17.7962
 20
46.6631
 11
17.7772
 21
46.647
  0
LINE
  8
0
 10
17.7772
 20
46.647
 11
17.6787
 21
46.5661
  0
LINE
  8
0
 10
17.6787
 20
46.5661
 11
17.659
 21
46.5492
  0
LINE
  8
0
 10
17.659
 20
46.5492
 11
17.6394
 21
46.533
  0
LINE
  8
0
 10
17.6394
 20
46.533
 11
17.6204
 21
46.5169
  0
LINE
  8
0
 10
17.6204
 20
46.5169
 11
17.581
 21
46.4845
  0
LINE
  8
0
 10
17.581
 20
46.4845
 11
17.5613
 21
46.4677
  0
LINE
  8
0
 10
17.5613
 20
46.4677
 11
17.5423
 21
46.4515
  0
LINE
  8
0
 10
17.5423
 20
46.4515
 11
17.5226
 21
46.4353
  0
LINE
  8
0
 10
17.5226
 20
46.4353
 11
17.503
 21
46.4184
  0
LINE
  8
0
 10
17.503
 20
46.4184
 11
17.484
 21
46.4023
  0
LINE
  8
0
 10
17.484
 20
46.4023
 11
17.4643
 21
46.3854
  0
LINE
  8
0
 10
17.4643
 20
46.3854
 11
17.4446
 21
46.3692
  0
LINE
  8
0
 10
17.4446
 20
46.3692
 11
17.4256
 21
46.353
  0
LINE
  8
0
 10
17.4256
 20
46.353
 11
17.4059
 21
46.3362
  0
LINE
  8
0
 10
17.4059
 20
46.3362
 11
17.3862
 21
46.32
  0
LINE
  8
0
 10
17.3862
 20
46.32
 11
17.3673
 21
46.3031
  0
LINE
  8
0
 10
17.3673
 20
46.3031
 11
17.3476
 21
46.2862
  0
LINE
  8
0
 10
17.3476
 20
46.2862
 11
17.3286
 21
46.2701
  0
LINE
  8
0
 10
17.3286
 20
46.2701
 11
17.3089
 21
46.2532
  0
LINE
  8
0
 10
17.3089
 20
46.2532
 11
17.2899
 21
46.237
  0
LINE
  8
0
 10
17.2899
 20
46.237
 11
17.2702
 21
46.2202
  0
LINE
  8
0
 10
17.2702
 20
46.2202
 11
17.2512
 21
46.2033
  0
LINE
  8
0
 10
17.2512
 20
46.2033
 11
17.2315
 21
46.1864
  0
LINE
  8
0
 10
17.2315
 20
46.1864
 11
17.2126
 21
46.1702
  0
LINE
  8
0
 10
17.2126
 20
46.1702
 11
17.1936
 21
46.1534
  0
LINE
  8
0
 10
17.1936
 20
46.1534
 11
17.1739
 21
46.1365
  0
LINE
  8
0
 10
17.1739
 20
46.1365
 11
17.1359
 21
46.1027
  0
LINE
  8
0
 10
17.1359
 20
46.1027
 11
17.1162
 21
46.0859
  0
LINE
  8
0
 10
17.1162
 20
46.0859
 11
17.0593
 21
46.0352
  0
LINE
  8
0
 10
17.0593
 20
46.0352
 11
17.0396
 21
46.0184
  0
LINE
  8
0
 10
17.0396
 20
46.0184
 11
16.9257
 21
45.9171
  0
LINE
  8
0
 10
16.9257
 20
45.9171
 11
16.9067
 21
45.8995
  0
LINE
  8
0
 10
16.9067
 20
45.8995
 11
16.8498
 21
45.8489
  0
LINE
  8
0
 10
16.8498
 20
45.8489
 11
16.8308
 21
45.8313
  0
LINE
  8
0
 10
16.8308
 20
45.8313
 11
16.8118
 21
45.8145
  0
LINE
  8
0
 10
16.8118
 20
45.8145
 11
16.7928
 21
45.7969
  0
LINE
  8
0
 10
16.7928
 20
45.7969
 11
16.7738
 21
45.78
  0
LINE
  8
0
 10
16.7738
 20
45.78
 11
16.7548
 21
45.7624
  0
LINE
  8
0
 10
16.7548
 20
45.7624
 11
16.7358
 21
45.7455
  0
LINE
  8
0
 10
16.7358
 20
45.7455
 11
16.7176
 21
45.728
  0
LINE
  8
0
 10
16.7176
 20
45.728
 11
16.6986
 21
45.7111
  0
LINE
  8
0
 10
16.6986
 20
45.7111
 11
16.6796
 21
45.6935
  0
LINE
  8
0
 10
16.6796
 20
45.6935
 11
16.6613
 21
45.6766
  0
LINE
  8
0
 10
16.6613
 20
45.6766
 11
16.6233
 21
45.6415
  0
LINE
  8
0
 10
16.6233
 20
45.6415
 11
16.6051
 21
45.6239
  0
LINE
  8
0
 10
16.6051
 20
45.6239
 11
16.5861
 21
45.607
  0
LINE
  8
0
 10
16.5861
 20
45.607
 11
16.5678
 21
45.5895
  0
LINE
  8
0
 10
16.5678
 20
45.5895
 11
16.5488
 21
45.5719
  0
LINE
  8
0
 10
16.5488
 20
45.5719
 11
16.5305
 21
45.5543
  0
LINE
  8
0
 10
16.5305
 20
45.5543
 11
16.5115
 21
45.5367
  0
LINE
  8
0
 10
16.5115
 20
45.5367
 11
16.475
 21
45.5016
  0
LINE
  8
0
 10
16.475
 20
45.5016
 11
16.456
 21
45.484
  0
LINE
  8
0
 10
16.456
 20
45.484
 11
16.4194
 21
45.4488
  0
LINE
  8
0
 10
16.4194
 20
45.4488
 11
16.4005
 21
45.4312
  0
LINE
  8
0
 10
16.4005
 20
45.4312
 11
16.3273
 21
45.3609
  0
LINE
  8
0
 10
16.3273
 20
45.3609
 11
16.309
 21
45.3427
  0
LINE
  8
0
 10
16.309
 20
45.3427
 11
16.2725
 21
45.3075
  0
LINE
  8
0
 10
16.2725
 20
45.3075
 11
16.2542
 21
45.2892
  0
LINE
  8
0
 10
16.2542
 20
45.2892
 11
16.2176
 21
45.2541
  0
LINE
  8
0
 10
16.2176
 20
45.2541
 11
16.1994
 21
45.2358
  0
LINE
  8
0
 10
16.1994
 20
45.2358
 11
16.1811
 21
45.2182
  0
LINE
  8
0
 10
16.1811
 20
45.2182
 11
16.1628
 21
45.1999
  0
LINE
  8
0
 10
16.1628
 20
45.1999
 11
16.1452
 21
45.1816
  0
LINE
  8
0
 10
16.1452
 20
45.1816
 11
16.1269
 21
45.1641
  0
LINE
  8
0
 10
16.1269
 20
45.1641
 11
16.0728
 21
45.1099
  0
LINE
  8
0
 10
16.0728
 20
45.1099
 11
16.0552
 21
45.0916
  0
LINE
  8
0
 10
16.0552
 20
45.0916
 11
16.0011
 21
45.0375
  0
LINE
  8
0
 10
16.0011
 20
45.0375
 11
15.9835
 21
45.0192
  0
LINE
  8
0
 10
15.9835
 20
45.0192
 11
15.9652
 21
45.0009
  0
LINE
  8
0
 10
15.9652
 20
45.0009
 11
15.8949
 21
44.9278
  0
LINE
  8
0
 10
15.8949
 20
44.9278
 11
15.8766
 21
44.9095
  0
LINE
  8
0
 10
15.8766
 20
44.9095
 11
15.8239
 21
44.8547
  0
LINE
  8
0
 10
15.8239
 20
44.8547
 11
15.8063
 21
44.8357
  0
LINE
  8
0
 10
15.8063
 20
44.8357
 11
15.7712
 21
44.7991
  0
LINE
  8
0
 10
15.7712
 20
44.7991
 11
15.7543
 21
44.7802
  0
LINE
  8
0
 10
15.7543
 20
44.7802
 11
15.7191
 21
44.7436
  0
LINE
  8
0
 10
15.7191
 20
44.7436
 11
15.7015
 21
44.7246
  0
LINE
  8
0
 10
15.7015
 20
44.7246
 11
15.6847
 21
44.7063
  0
LINE
  8
0
 10
15.6847
 20
44.7063
 11
15.6671
 21
44.6873
  0
LINE
  8
0
 10
15.6671
 20
44.6873
 11
15.6495
 21
44.6691
  0
LINE
  8
0
 10
15.6495
 20
44.6691
 11
15.6326
 21
44.6501
  0
LINE
  8
0
 10
15.6326
 20
44.6501
 11
15.6151
 21
44.6318
  0
LINE
  8
0
 10
15.6151
 20
44.6318
 11
15.5813
 21
44.5938
  0
LINE
  8
0
 10
15.5813
 20
44.5938
 11
15.5637
 21
44.5755
  0
LINE
  8
0
 10
15.5637
 20
44.5755
 11
15.5131
 21
44.5186
  0
LINE
  8
0
 10
15.5131
 20
44.5186
 11
15.4955
 21
44.4996
  0
LINE
  8
0
 10
15.4955
 20
44.4996
 11
15.4787
 21
44.4813
  0
LINE
  8
0
 10
15.4787
 20
44.4813
 11
15.428
 21
44.4244
  0
LINE
  8
0
 10
15.428
 20
44.4244
 11
15.4119
 21
44.4054
  0
LINE
  8
0
 10
15.4119
 20
44.4054
 11
15.395
 21
44.3864
  0
LINE
  8
0
 10
15.395
 20
44.3864
 11
15.3781
 21
44.3667
  0
LINE
  8
0
 10
15.3781
 20
44.3667
 11
15.3444
 21
44.3287
  0
LINE
  8
0
 10
15.3444
 20
44.3287
 11
15.3282
 21
44.3098
  0
LINE
  8
0
 10
15.3282
 20
44.3098
 11
15.3113
 21
44.2908
  0
LINE
  8
0
 10
15.3113
 20
44.2908
 11
15.2951
 21
44.2711
  0
LINE
  8
0
 10
15.2951
 20
44.2711
 11
15.2783
 21
44.2521
  0
LINE
  8
0
 10
15.2783
 20
44.2521
 11
15.2621
 21
44.2331
  0
LINE
  8
0
 10
15.2621
 20
44.2331
 11
15.2452
 21
44.2134
  0
LINE
  8
0
 10
15.2452
 20
44.2134
 11
15.2129
 21
44.1755
  0
LINE
  8
0
 10
15.2129
 20
44.1755
 11
15.1967
 21
44.1558
  0
LINE
  8
0
 10
15.1967
 20
44.1558
 11
15.1798
 21
44.1368
  0
LINE
  8
0
 10
15.1798
 20
44.1368
 11
15.1475
 21
44.0974
  0
LINE
  8
0
 10
15.1475
 20
44.0974
 11
15.1313
 21
44.0784
  0
LINE
  8
0
 10
15.1313
 20
44.0784
 11
15.099
 21
44.0391
  0
LINE
  8
0
 10
15.099
 20
44.0391
 11
15.0835
 21
44.0201
  0
LINE
  8
0
 10
15.0835
 20
44.0201
 11
15.035
 21
43.961
  0
LINE
  8
0
 10
15.035
 20
43.961
 11
15.0195
 21
43.942
  0
LINE
  8
0
 10
15.0195
 20
43.942
 11
15.0033
 21
43.9223
  0
LINE
  8
0
 10
15.0033
 20
43.9223
 11
14.9879
 21
43.9027
  0
LINE
  8
0
 10
14.9879
 20
43.9027
 11
14.9717
 21
43.883
  0
LINE
  8
0
 10
14.9717
 20
43.883
 11
14.9408
 21
43.8436
  0
LINE
  8
0
 10
14.9408
 20
43.8436
 11
14.9246
 21
43.8239
  0
LINE
  8
0
 10
14.9246
 20
43.8239
 11
14.9091
 21
43.8042
  0
LINE
  8
0
 10
14.9091
 20
43.8042
 11
14.8937
 21
43.7838
  0
LINE
  8
0
 10
14.8937
 20
43.7838
 11
14.8318
 21
43.7051
  0
LINE
  8
0
 10
14.8318
 20
43.7051
 11
14.8163
 21
43.6847
  0
LINE
  8
0
 10
14.8163
 20
43.6847
 11
14.8008
 21
43.665
  0
LINE
  8
0
 10
14.8008
 20
43.665
 11
14.7861
 21
43.6453
  0
LINE
  8
0
 10
14.7861
 20
43.6453
 11
14.7706
 21
43.6249
  0
LINE
  8
0
 10
14.7706
 20
43.6249
 11
14.7551
 21
43.6052
  0
LINE
  8
0
 10
14.7551
 20
43.6052
 11
14.7404
 21
43.5848
  0
LINE
  8
0
 10
14.7404
 20
43.5848
 11
14.7249
 21
43.5652
  0
LINE
  8
0
 10
14.7249
 20
43.5652
 11
14.7101
 21
43.5448
  0
LINE
  8
0
 10
14.7101
 20
43.5448
 11
14.6954
 21
43.5251
  0
LINE
  8
0
 10
14.6954
 20
43.5251
 11
14.6799
 21
43.5047
  0
LINE
  8
0
 10
14.6799
 20
43.5047
 11
14.6651
 21
43.4843
  0
LINE
  8
0
 10
14.6651
 20
43.4843
 11
14.6504
 21
43.4646
  0
LINE
  8
0
 10
14.6504
 20
43.4646
 11
14.6208
 21
43.4238
  0
LINE
  8
0
 10
14.6208
 20
43.4238
 11
14.6061
 21
43.4041
  0
LINE
  8
0
 10
14.6061
 20
43.4041
 11
14.5765
 21
43.3634
  0
LINE
  8
0
 10
14.5765
 20
43.3634
 11
14.5618
 21
43.3437
  0
LINE
  8
0
 10
14.5618
 20
43.3437
 11
14.5175
 21
43.2825
  0
LINE
  8
0
 10
14.5175
 20
43.2825
 11
14.5027
 21
43.2628
  0
LINE
  8
0
 10
14.5027
 20
43.2628
 11
14.4887
 21
43.2424
  0
LINE
  8
0
 10
14.4887
 20
43.2424
 11
14.4444
 21
43.1812
  0
LINE
  8
0
 10
14.4444
 20
43.1812
 11
14.4303
 21
43.1616
  0
LINE
  8
0
 10
14.4303
 20
43.1616
 11
14.4155
 21
43.1412
  0
LINE
  8
0
 10
14.4155
 20
43.1412
 11
14.4015
 21
43.1208
  0
LINE
  8
0
 10
14.4015
 20
43.1208
 11
14.3867
 21
43.1004
  0
LINE
  8
0
 10
14.3867
 20
43.1004
 11
14.3726
 21
43.08
  0
LINE
  8
0
 10
14.3726
 20
43.08
 11
14.3579
 21
43.0596
  0
LINE
  8
0
 10
14.3579
 20
43.0596
 11
14.3438
 21
43.0399
  0
LINE
  8
0
 10
14.3438
 20
43.0399
 11
14.329
 21
43.0195
  0
LINE
  8
0
 10
14.329
 20
43.0195
 11
14.3009
 21
42.9787
  0
LINE
  8
0
 10
14.3009
 20
42.9787
 11
14.2862
 21
42.9584
  0
LINE
  8
0
 10
14.2862
 20
42.9584
 11
14.1174
 21
42.7137
  0
LINE
  8
0
 10
14.1174
 20
42.7137
 11
14.104
 21
42.6933
  0
LINE
  8
0
 10
14.104
 20
42.6933
 11
14.0759
 21
42.6525
  0
LINE
  8
0
 10
14.0759
 20
42.6525
 11
14.0626
 21
42.6321
  0
LINE
  8
0
 10
14.0626
 20
42.6321
 11
14.0485
 21
42.6117
  0
LINE
  8
0
 10
14.0485
 20
42.6117
 11
14.0351
 21
42.5913
  0
LINE
  8
0
 10
14.0351
 20
42.5913
 11
14.0211
 21
42.5709
  0
LINE
  8
0
 10
14.0211
 20
42.5709
 11
14.0077
 21
42.5505
  0
LINE
  8
0
 10
14.0077
 20
42.5505
 11
13.9937
 21
42.5302
  0
LINE
  8
0
 10
13.9937
 20
42.5302
 11
13.9803
 21
42.5098
  0
LINE
  8
0
 10
13.9803
 20
42.5098
 11
13.9669
 21
42.4887
  0
LINE
  8
0
 10
13.9669
 20
42.4887
 11
13.9529
 21
42.4683
  0
LINE
  8
0
 10
13.9529
 20
42.4683
 11
13.9128
 21
42.4071
  0
LINE
  8
0
 10
13.9128
 20
42.4071
 11
13.8994
 21
42.386
  0
LINE
  8
0
 10
13.8994
 20
42.386
 11
13.846
 21
42.3045
  0
LINE
  8
0
 10
13.846
 20
42.3045
 11
13.8326
 21
42.2834
  0
LINE
  8
0
 10
13.8326
 20
42.2834
 11
13.82
 21
42.263
  0
LINE
  8
0
 10
13.82
 20
42.263
 11
13.7933
 21
42.2222
  0
LINE
  8
0
 10
13.7933
 20
42.2222
 11
13.7799
 21
42.2011
  0
LINE
  8
0
 10
13.7799
 20
42.2011
 11
13.7673
 21
42.1807
  0
LINE
  8
0
 10
13.7673
 20
42.1807
 11
13.7539
 21
42.1603
  0
LINE
  8
0
 10
13.7539
 20
42.1603
 11
13.7412
 21
42.1392
  0
LINE
  8
0
 10
13.7412
 20
42.1392
 11
13.7279
 21
42.1188
  0
LINE
  8
0
 10
13.7279
 20
42.1188
 11
13.7152
 21
42.0984
  0
LINE
  8
0
 10
13.7152
 20
42.0984
 11
13.7026
 21
42.0773
  0
LINE
  8
0
 10
13.7026
 20
42.0773
 11
13.6892
 21
42.057
  0
LINE
  8
0
 10
13.6892
 20
42.057
 11
13.6765
 21
42.0359
  0
LINE
  8
0
 10
13.6765
 20
42.0359
 11
13.6512
 21
41.9951
  0
LINE
  8
0
 10
13.6512
 20
41.9951
 11
13.6386
 21
41.974
  0
LINE
  8
0
 10
13.6386
 20
41.974
 11
13.6259
 21
41.9536
  0
LINE
  8
0
 10
13.6259
 20
41.9536
 11
13.6133
 21
41.9325
  0
LINE
  8
0
 10
13.6133
 20
41.9325
 11
13.6006
 21
41.9121
  0
LINE
  8
0
 10
13.6006
 20
41.9121
 11
13.588
 21
41.891
  0
LINE
  8
0
 10
13.588
 20
41.891
 11
13.5753
 21
41.8706
  0
LINE
  8
0
 10
13.5753
 20
41.8706
 11
13.5626
 21
41.8495
  0
LINE
  8
0
 10
13.5626
 20
41.8495
 11
13.5507
 21
41.8291
  0
LINE
  8
0
 10
13.5507
 20
41.8291
 11
13.538
 21
41.808
  0
LINE
  8
0
 10
13.538
 20
41.808
 11
13.5254
 21
41.7877
  0
LINE
  8
0
 10
13.5254
 20
41.7877
 11
13.5134
 21
41.7666
  0
LINE
  8
0
 10
13.5134
 20
41.7666
 11
13.5008
 21
41.7462
  0
LINE
  8
0
 10
13.5008
 20
41.7462
 11
13.4769
 21
41.704
  0
LINE
  8
0
 10
13.4769
 20
41.704
 11
13.4642
 21
41.6836
  0
LINE
  8
0
 10
13.4642
 20
41.6836
 11
13.4522
 21
41.6625
  0
LINE
  8
0
 10
13.4522
 20
41.6625
 11
13.4403
 21
41.6421
  0
LINE
  8
0
 10
13.4403
 20
41.6421
 11
13.4283
 21
41.621
  0
LINE
  8
0
 10
13.4283
 20
41.621
 11
13.4157
 21
41.5999
  0
LINE
  8
0
 10
13.4157
 20
41.5999
 11
13.4037
 21
41.5795
  0
LINE
  8
0
 10
13.4037
 20
41.5795
 11
13.3798
 21
41.5373
  0
LINE
  8
0
 10
13.3798
 20
41.5373
 11
13.3686
 21
41.517
  0
LINE
  8
0
 10
13.3686
 20
41.517
 11
13.3327
 21
41.4537
  0
LINE
  8
0
 10
13.3327
 20
41.4537
 11
13.3215
 21
41.4333
  0
LINE
  8
0
 10
13.3215
 20
41.4333
 11
13.3095
 21
41.4122
  0
LINE
  8
0
 10
13.3095
 20
41.4122
 11
13.2983
 21
41.3911
  0
LINE
  8
0
 10
13.2983
 20
41.3911
 11
13.2863
 21
41.37
  0
LINE
  8
0
 10
13.2863
 20
41.37
 11
13.2751
 21
41.3496
  0
LINE
  8
0
 10
13.2751
 20
41.3496
 11
13.2631
 21
41.3285
  0
LINE
  8
0
 10
13.2631
 20
41.3285
 11
13.2181
 21
41.2441
  0
LINE
  8
0
 10
13.2181
 20
41.2441
 11
13.2062
 21
41.223
  0
LINE
  8
0
 10
13.2062
 20
41.223
 11
13.1949
 21
41.2027
  0
LINE
  8
0
 10
13.1949
 20
41.2027
 11
13.1844
 21
41.1816
  0
LINE
  8
0
 10
13.1844
 20
41.1816
 11
13.1394
 21
41.0972
  0
LINE
  8
0
 10
13.1394
 20
41.0972
 11
13.1288
 21
41.0761
  0
LINE
  8
0
 10
13.1288
 20
41.0761
 11
13.1176
 21
41.055
  0
LINE
  8
0
 10
13.1176
 20
41.055
 11
13.107
 21
41.0339
  0
LINE
  8
0
 10
13.107
 20
41.0339
 11
13.0958
 21
41.0128
  0
LINE
  8
0
 10
13.0958
 20
41.0128
 11
13.0747
 21
40.9706
  0
LINE
  8
0
 10
13.0747
 20
40.9706
 11
13.0634
 21
40.9495
  0
LINE
  8
0
 10
13.0634
 20
40.9495
 11
13.0318
 21
40.8863
  0
LINE
  8
0
 10
13.0318
 20
40.8863
 11
13.0212
 21
40.8645
  0
LINE
  8
0
 10
13.0212
 20
40.8645
 11
13.0001
 21
40.8223
  0
LINE
  8
0
 10
13.0001
 20
40.8223
 11
12.9903
 21
40.8012
  0
LINE
  8
0
 10
12.9903
 20
40.8012
 11
12.9692
 21
40.759
  0
LINE
  8
0
 10
12.9692
 20
40.759
 11
12.9594
 21
40.7372
  0
LINE
  8
0
 10
12.9594
 20
40.7372
 11
12.9488
 21
40.7161
  0
LINE
  8
0
 10
12.9488
 20
40.7161
 11
12.939
 21
40.695
  0
LINE
  8
0
 10
12.939
 20
40.695
 11
12.9284
 21
40.6739
  0
LINE
  8
0
 10
12.9284
 20
40.6739
 11
12.9186
 21
40.6528
  0
LINE
  8
0
 10
12.9186
 20
40.6528
 11
12.9087
 21
40.631
  0
LINE
  8
0
 10
12.9087
 20
40.631
 11
12.889
 21
40.5888
  0
LINE
  8
0
 10
12.889
 20
40.5888
 11
12.8785
 21
40.567
  0
LINE
  8
0
 10
12.8785
 20
40.567
 11
12.8687
 21
40.5459
  0
LINE
  8
0
 10
12.8687
 20
40.5459
 11
12.8595
 21
40.5248
  0
LINE
  8
0
 10
12.8595
 20
40.5248
 11
12.8497
 21
40.503
  0
LINE
  8
0
 10
12.8497
 20
40.503
 11
12.83
 21
40.4609
  0
LINE
  8
0
 10
12.83
 20
40.4609
 11
12.8208
 21
40.4391
  0
LINE
  8
0
 10
12.8208
 20
40.4391
 11
12.811
 21
40.418
  0
LINE
  8
0
 10
12.811
 20
40.418
 11
12.8019
 21
40.3962
  0
LINE
  8
0
 10
12.8019
 20
40.3962
 11
12.792
 21
40.3751
  0
LINE
  8
0
 10
12.792
 20
40.3751
 11
12.7829
 21
40.354
  0
LINE
  8
0
 10
12.7829
 20
40.354
 11
12.7737
 21
40.3322
  0
LINE
  8
0
 10
12.7737
 20
40.3322
 11
12.7639
 21
40.3111
  0
LINE
  8
0
 10
12.7639
 20
40.3111
 11
12.7548
 21
40.2893
  0
LINE
  8
0
 10
12.7548
 20
40.2893
 11
12.7456
 21
40.2682
  0
LINE
  8
0
 10
12.7456
 20
40.2682
 11
12.7365
 21
40.2464
  0
LINE
  8
0
 10
12.7365
 20
40.2464
 11
12.7273
 21
40.2253
  0
LINE
  8
0
 10
12.7273
 20
40.2253
 11
12.7189
 21
40.2035
  0
LINE
  8
0
 10
12.7189
 20
40.2035
 11
12.7097
 21
40.1824
  0
LINE
  8
0
 10
12.7097
 20
40.1824
 11
12.6915
 21
40.1388
  0
LINE
  8
0
 10
12.6915
 20
40.1388
 11
12.683
 21
40.1177
  0
LINE
  8
0
 10
12.683
 20
40.1177
 11
12.6739
 21
40.0959
  0
LINE
  8
0
 10
12.6739
 20
40.0959
 11
12.6655
 21
40.0748
  0
LINE
  8
0
 10
12.6655
 20
40.0748
 11
12.657
 21
40.053
  0
LINE
  8
0
 10
12.657
 20
40.053
 11
12.6479
 21
40.0312
  0
LINE
  8
0
 10
12.6479
 20
40.0312
 11
12.6394
 21
40.0102
  0
LINE
  8
0
 10
12.6394
 20
40.0102
 11
12.6141
 21
39.9448
  0
LINE
  8
0
 10
12.6141
 20
39.9448
 11
12.6057
 21
39.9237
  0
LINE
  8
0
 10
12.6057
 20
39.9237
 11
12.598
 21
39.9019
  0
LINE
  8
0
 10
12.598
 20
39.9019
 11
12.5811
 21
39.8583
  0
LINE
  8
0
 10
12.5811
 20
39.8583
 11
12.5733
 21
39.8372
  0
LINE
  8
0
 10
12.5733
 20
39.8372
 11
12.5649
 21
39.8154
  0
LINE
  8
0
 10
12.5649
 20
39.8154
 11
12.5572
 21
39.7936
  0
LINE
  8
0
 10
12.5572
 20
39.7936
 11
12.5487
 21
39.7718
  0
LINE
  8
0
 10
12.5487
 20
39.7718
 11
12.541
 21
39.75
  0
LINE
  8
0
 10
12.541
 20
39.75
 11
12.5333
 21
39.7289
  0
LINE
  8
0
 10
12.5333
 20
39.7289
 11
12.4946
 21
39.6199
  0
LINE
  8
0
 10
12.4946
 20
39.6199
 11
12.4876
 21
39.5981
  0
LINE
  8
0
 10
12.4876
 20
39.5981
 11
12.4721
 21
39.5545
  0
LINE
  8
0
 10
12.4721
 20
39.5545
 11
12.458
 21
39.5109
  0
LINE
  8
0
 10
12.458
 20
39.5109
 11
12.4503
 21
39.4891
  0
LINE
  8
0
 10
12.4503
 20
39.4891
 11
12.4011
 21
39.3366
  0
LINE
  8
0
 10
12.4011
 20
39.3366
 11
12.3948
 21
39.3148
  0
LINE
  8
0
 10
12.3948
 20
39.3148
 11
12.3877
 21
39.293
  0
LINE
  8
0
 10
12.3877
 20
39.293
 11
12.3814
 21
39.2705
  0
LINE
  8
0
 10
12.3814
 20
39.2705
 11
12.3744
 21
39.2487
  0
LINE
  8
0
 10
12.3744
 20
39.2487
 11
12.3554
 21
39.1833
  0
LINE
  8
0
 10
12.3554
 20
39.1833
 11
12.3483
 21
39.1615
  0
LINE
  8
0
 10
12.3483
 20
39.1615
 11
12.342
 21
39.139
  0
LINE
  8
0
 10
12.342
 20
39.139
 11
12.3364
 21
39.1172
  0
LINE
  8
0
 10
12.3364
 20
39.1172
 11
12.3237
 21
39.0736
  0
LINE
  8
0
 10
12.3237
 20
39.0736
 11
12.3174
 21
39.0511
  0
LINE
  8
0
 10
12.3174
 20
39.0511
 11
12.3118
 21
39.0293
  0
LINE
  8
0
 10
12.3118
 20
39.0293
 11
12.3055
 21
39.0075
  0
LINE
  8
0
 10
12.3055
 20
39.0075
 11
12.2998
 21
38.985
  0
LINE
  8
0
 10
12.2998
 20
38.985
 11
12.2942
 21
38.9632
  0
LINE
  8
0
 10
12.2942
 20
38.9632
 11
12.2879
 21
38.9414
  0
LINE
  8
0
 10
12.2879
 20
38.9414
 11
12.2823
 21
38.9189
  0
LINE
  8
0
 10
12.2823
 20
38.9189
 11
12.271
 21
38.8753
  0
LINE
  8
0
 10
12.271
 20
38.8753
 11
12.2654
 21
38.8528
  0
LINE
  8
0
 10
12.2654
 20
38.8528
 11
12.2605
 21
38.831
  0
LINE
  8
0
 10
12.2605
 20
38.831
 11
12.2548
 21
38.8092
  0
LINE
  8
0
 10
12.2548
 20
38.8092
 11
12.2492
 21
38.7867
  0
LINE
  8
0
 10
12.2492
 20
38.7867
 11
12.2443
 21
38.7649
  0
LINE
  8
0
 10
12.2443
 20
38.7649
 11
12.2387
 21
38.7424
  0
LINE
  8
0
 10
12.2387
 20
38.7424
 11
12.2337
 21
38.7206
  0
LINE
  8
0
 10
12.2337
 20
38.7206
 11
12.2288
 21
38.6981
  0
LINE
  8
0
 10
12.2288
 20
38.6981
 11
12.2232
 21
38.6763
  0
LINE
  8
0
 10
12.2232
 20
38.6763
 11
12.2183
 21
38.6538
  0
LINE
  8
0
 10
12.2183
 20
38.6538
 11
12.2133
 21
38.632
  0
LINE
  8
0
 10
12.2133
 20
38.632
 11
12.2084
 21
38.6095
  0
LINE
  8
0
 10
12.2084
 20
38.6095
 11
12.2042
 21
38.5877
  0
LINE
  8
0
 10
12.2042
 20
38.5877
 11
12.1993
 21
38.5652
  0
LINE
  8
0
 10
12.1993
 20
38.5652
 11
12.1944
 21
38.5434
  0
LINE
  8
0
 10
12.1944
 20
38.5434
 11
12.1901
 21
38.5209
  0
LINE
  8
0
 10
12.1901
 20
38.5209
 11
12.1852
 21
38.4991
  0
LINE
  8
0
 10
12.1852
 20
38.4991
 11
12.181
 21
38.4766
  0
LINE
  8
0
 10
12.181
 20
38.4766
 11
12.1761
 21
38.4548
  0
LINE
  8
0
 10
12.1761
 20
38.4548
 11
12.1719
 21
38.4323
  0
LINE
  8
0
 10
12.1719
 20
38.4323
 11
12.1676
 21
38.4105
  0
LINE
  8
0
 10
12.1676
 20
38.4105
 11
12.1592
 21
38.3655
  0
LINE
  8
0
 10
12.1592
 20
38.3655
 11
12.155
 21
38.3438
  0
LINE
  8
0
 10
12.155
 20
38.3438
 11
12.1515
 21
38.3212
  0
LINE
  8
0
 10
12.1515
 20
38.3212
 11
12.1472
 21
38.2987
  0
LINE
  8
0
 10
12.1472
 20
38.2987
 11
12.143
 21
38.277
  0
LINE
  8
0
 10
12.143
 20
38.277
 11
12.1395
 21
38.2545
  0
LINE
  8
0
 10
12.1395
 20
38.2545
 11
12.1353
 21
38.232
  0
LINE
  8
0
 10
12.1353
 20
38.232
 11
12.1318
 21
38.2102
  0
LINE
  8
0
 10
12.1318
 20
38.2102
 11
12.1247
 21
38.1652
  0
LINE
  8
0
 10
12.1247
 20
38.1652
 11
12.1212
 21
38.1434
  0
LINE
  8
0
 10
12.1212
 20
38.1434
 11
12.1107
 21
38.0759
  0
LINE
  8
0
 10
12.1107
 20
38.0759
 11
12.1079
 21
38.0541
  0
LINE
  8
0
 10
12.1079
 20
38.0541
 11
12.1044
 21
38.0316
  0
LINE
  8
0
 10
12.1044
 20
38.0316
 11
12.1015
 21
38.0091
  0
LINE
  8
0
 10
12.1015
 20
38.0091
 11
12.098
 21
37.9866
  0
LINE
  8
0
 10
12.098
 20
37.9866
 11
12.0952
 21
37.9648
  0
LINE
  8
0
 10
12.0952
 20
37.9648
 11
12.0868
 21
37.8973
  0
LINE
  8
0
 10
12.0868
 20
37.8973
 11
12.084
 21
37.8755
  0
LINE
  8
0
 10
12.084
 20
37.8755
 11
12.0755
 21
37.808
  0
LINE
  8
0
 10
12.0755
 20
37.808
 11
12.0734
 21
37.7855
  0
LINE
  8
0
 10
12.0734
 20
37.7855
 11
12.0706
 21
37.7637
  0
LINE
  8
0
 10
12.0706
 20
37.7637
 11
12.058
 21
37.6287
  0
LINE
  8
0
 10
12.058
 20
37.6287
 11
12.0558
 21
37.6069
  0
LINE
  8
0
 10
12.0558
 20
37.6069
 11
12.0537
 21
37.5844
  0
LINE
  8
0
 10
12.0537
 20
37.5844
 11
12.0523
 21
37.5619
  0
LINE
  8
0
 10
12.0523
 20
37.5619
 11
12.0502
 21
37.5394
  0
LINE
  8
0
 10
12.0502
 20
37.5394
 11
12.0488
 21
37.5169
  0
LINE
  8
0
 10
12.0488
 20
37.5169
 11
12.0467
 21
37.4944
  0
LINE
  8
0
 10
12.0467
 20
37.4944
 11
12.0439
 21
37.4494
  0
LINE
  8
0
 10
12.0439
 20
37.4494
 11
12.0425
 21
37.4276
  0
LINE
  8
0
 10
12.0425
 20
37.4276
 11
12.0397
 21
37.3826
  0
LINE
  8
0
 10
12.0397
 20
37.3826
 11
12.039
 21
37.3601
  0
LINE
  8
0
 10
12.039
 20
37.3601
 11
12.0362
 21
37.3151
  0
LINE
  8
0
 10
12.0362
 20
37.3151
 11
12.0348
 21
37.2701
  0
LINE
  8
0
 10
12.0348
 20
37.2701
 11
12.0333
 21
37.2476
  0
LINE
  8
0
 10
12.0333
 20
37.2476
 11
12.0305
 21
37.1576
  0
LINE
  8
0
 10
12.0305
 20
37.1576
 11
12.0298
 21
37.1358
  0
LINE
  8
0
 10
12.0298
 20
37.1358
 11
12.0298
 21
37.1133
  0
LINE
  8
0
 10
12.0298
 20
37.1133
 11
12.0291
 21
37.0908
  0
LINE
  8
0
 10
12.0291
 20
37.0908
 11
12.0291
 21
37.0683
  0
LINE
  8
0
 10
12.0291
 20
37.0683
 11
12.0284
 21
37.0458
  0
LINE
  8
0
 10
12.0284
 20
37.0458
 11
12.0284
 21
37.0008
  0
LINE
  8
0
 10
12.0284
 20
37.0008
 11
12.0277
 21
36.9783
  0
LINE
  8
0
 10
12.0277
 20
36.9783
 11
12.0277
 21
36.9333
  0
LINE
  8
0
 10
12.0277
 20
36.9333
 11
12.0284
 21
36.9108
  0
LINE
  8
0
 10
12.0284
 20
36.9108
 11
12.0284
 21
36.8658
  0
LINE
  8
0
 10
12.0284
 20
36.8658
 11
12.0291
 21
36.8433
  0
LINE
  8
0
 10
12.0291
 20
36.8433
 11
12.0291
 21
36.8208
  0
LINE
  8
0
 10
12.0291
 20
36.8208
 11
12.0305
 21
36.7765
  0
LINE
  8
0
 10
12.0305
 20
36.7765
 11
12.0305
 21
36.754
  0
LINE
  8
0
 10
12.0305
 20
36.754
 11
12.0326
 21
36.6865
  0
LINE
  8
0
 10
12.0326
 20
36.6865
 11
12.034
 21
36.664
  0
LINE
  8
0
 10
12.034
 20
36.664
 11
12.0355
 21
36.619
  0
LINE
  8
0
 10
12.0355
 20
36.619
 11
12.0369
 21
36.5965
  0
LINE
  8
0
 10
12.0369
 20
36.5965
 11
12.0376
 21
36.574
  0
LINE
  8
0
 10
12.0376
 20
36.574
 11
12.0404
 21
36.529
  0
LINE
  8
0
 10
12.0404
 20
36.529
 11
12.0418
 21
36.5072
  0
LINE
  8
0
 10
12.0418
 20
36.5072
 11
12.0474
 21
36.4172
  0
LINE
  8
0
 10
12.0474
 20
36.4172
 11
12.0495
 21
36.3947
  0
LINE
  8
0
 10
12.0495
 20
36.3947
 11
12.0509
 21
36.3722
  0
LINE
  8
0
 10
12.0509
 20
36.3722
 11
12.053
 21
36.3497
  0
LINE
  8
0
 10
12.053
 20
36.3497
 11
12.0544
 21
36.3272
  0
LINE
  8
0
 10
12.0544
 20
36.3272
 11
12.0565
 21
36.3054
  0
LINE
  8
0
 10
12.0565
 20
36.3054
 11
12.0671
 21
36.1929
  0
LINE
  8
0
 10
12.0671
 20
36.1929
 11
12.0692
 21
36.1711
  0
LINE
  8
0
 10
12.0692
 20
36.1711
 11
12.072
 21
36.1486
  0
LINE
  8
0
 10
12.072
 20
36.1486
 11
12.0741
 21
36.1261
  0
LINE
  8
0
 10
12.0741
 20
36.1261
 11
12.0769
 21
36.1036
  0
LINE
  8
0
 10
12.0769
 20
36.1036
 11
12.079
 21
36.0811
  0
LINE
  8
0
 10
12.079
 20
36.0811
 11
12.0819
 21
36.0586
  0
LINE
  8
0
 10
12.0819
 20
36.0586
 11
12.0847
 21
36.0368
  0
LINE
  8
0
 10
12.0847
 20
36.0368
 11
12.0931
 21
35.9693
  0
LINE
  8
0
 10
12.0931
 20
35.9693
 11
12.0959
 21
35.9475
  0
LINE
  8
0
 10
12.0959
 20
35.9475
 11
12.0994
 21
35.925
  0
LINE
  8
0
 10
12.0994
 20
35.925
 11
12.1023
 21
35.9025
  0
LINE
  8
0
 10
12.1023
 20
35.9025
 11
12.1058
 21
35.88
  0
LINE
  8
0
 10
12.1058
 20
35.88
 11
12.1086
 21
35.8575
  0
LINE
  8
0
 10
12.1086
 20
35.8575
 11
12.1121
 21
35.8357
  0
LINE
  8
0
 10
12.1121
 20
35.8357
 11
12.1191
 21
35.7907
  0
LINE
  8
0
 10
12.1191
 20
35.7907
 11
12.1226
 21
35.7689
  0
LINE
  8
0
 10
12.1226
 20
35.7689
 11
12.1297
 21
35.7239
  0
LINE
  8
0
 10
12.1297
 20
35.7239
 11
12.1332
 21
35.7021
  0
LINE
  8
0
 10
12.1332
 20
35.7021
 11
12.1367
 21
35.6796
  0
LINE
  8
0
 10
12.1367
 20
35.6796
 11
12.1409
 21
35.6571
  0
LINE
  8
0
 10
12.1409
 20
35.6571
 11
12.1444
 21
35.6353
  0
LINE
  8
0
 10
12.1444
 20
35.6353
 11
12.1529
 21
35.5903
  0
LINE
  8
0
 10
12.1529
 20
35.5903
 11
12.1564
 21
35.5685
  0
LINE
  8
0
 10
12.1564
 20
35.5685
 11
12.1648
 21
35.5235
  0
LINE
  8
0
 10
12.1648
 20
35.5235
 11
12.169
 21
35.5017
  0
LINE
  8
0
 10
12.169
 20
35.5017
 11
12.174
 21
35.4792
  0
LINE
  8
0
 10
12.174
 20
35.4792
 11
12.1782
 21
35.4574
  0
LINE
  8
0
 10
12.1782
 20
35.4574
 11
12.1866
 21
35.4124
  0
LINE
  8
0
 10
12.1866
 20
35.4124
 11
12.1915
 21
35.3906
  0
LINE
  8
0
 10
12.1915
 20
35.3906
 11
12.1965
 21
35.3681
  0
LINE
  8
0
 10
12.1965
 20
35.3681
 11
12.2007
 21
35.3463
  0
LINE
  8
0
 10
12.2007
 20
35.3463
 11
12.2056
 21
35.3238
  0
LINE
  8
0
 10
12.2056
 20
35.3238
 11
12.2105
 21
35.302
  0
LINE
  8
0
 10
12.2105
 20
35.302
 11
12.2155
 21
35.2795
  0
LINE
  8
0
 10
12.2155
 20
35.2795
 11
12.2204
 21
35.2577
  0
LINE
  8
0
 10
12.2204
 20
35.2577
 11
12.2253
 21
35.2352
  0
LINE
  8
0
 10
12.2253
 20
35.2352
 11
12.2302
 21
35.2134
  0
LINE
  8
0
 10
12.2302
 20
35.2134
 11
12.2358
 21
35.1909
  0
LINE
  8
0
 10
12.2358
 20
35.1909
 11
12.2457
 21
35.1473
  0
LINE
  8
0
 10
12.2457
 20
35.1473
 11
12.2513
 21
35.1248
  0
LINE
  8
0
 10
12.2513
 20
35.1248
 11
12.2569
 21
35.103
  0
LINE
  8
0
 10
12.2569
 20
35.103
 11
12.2619
 21
35.0805
  0
LINE
  8
0
 10
12.2619
 20
35.0805
 11
12.2731
 21
35.037
  0
LINE
  8
0
 10
12.2731
 20
35.037
 11
12.2787
 21
35.0145
  0
LINE
  8
0
 10
12.2787
 20
35.0145
 11
12.29
 21
34.9709
  0
LINE
  8
0
 10
12.29
 20
34.9709
 11
12.2963
 21
34.9484
  0
LINE
  8
0
 10
12.2963
 20
34.9484
 11
12.3076
 21
34.9048
  0
LINE
  8
0
 10
12.3076
 20
34.9048
 11
12.3139
 21
34.8823
  0
LINE
  8
0
 10
12.3139
 20
34.8823
 11
12.3202
 21
34.8605
  0
LINE
  8
0
 10
12.3202
 20
34.8605
 11
12.3258
 21
34.8387
  0
LINE
  8
0
 10
12.3258
 20
34.8387
 11
12.3322
 21
34.8169
  0
LINE
  8
0
 10
12.3322
 20
34.8169
 11
12.3385
 21
34.7944
  0
LINE
  8
0
 10
12.3385
 20
34.7944
 11
12.3575
 21
34.729
  0
LINE
  8
0
 10
12.3575
 20
34.729
 11
12.3638
 21
34.7065
  0
LINE
  8
0
 10
12.3638
 20
34.7065
 11
12.3701
 21
34.6847
  0
LINE
  8
0
 10
12.3701
 20
34.6847
 11
12.3772
 21
34.6629
  0
LINE
  8
0
 10
12.3772
 20
34.6629
 11
12.3835
 21
34.6411
  0
LINE
  8
0
 10
12.3835
 20
34.6411
 11
12.3905
 21
34.6193
  0
LINE
  8
0
 10
12.3905
 20
34.6193
 11
12.3969
 21
34.5975
  0
LINE
  8
0
 10
12.3969
 20
34.5975
 11
12.4109
 21
34.5539
  0
LINE
  8
0
 10
12.4109
 20
34.5539
 11
12.418
 21
34.5314
  0
LINE
  8
0
 10
12.418
 20
34.5314
 11
12.4601
 21
34.4006
  0
LINE
  8
0
 10
12.4601
 20
34.4006
 11
12.4679
 21
34.3788
  0
LINE
  8
0
 10
12.4679
 20
34.3788
 11
12.4749
 21
34.357
  0
LINE
  8
0
 10
12.4749
 20
34.357
 11
12.4904
 21
34.3134
  0
LINE
  8
0
 10
12.4904
 20
34.3134
 11
12.4974
 21
34.2916
  0
LINE
  8
0
 10
12.4974
 20
34.2916
 11
12.5051
 21
34.2705
  0
LINE
  8
0
 10
12.5051
 20
34.2705
 11
12.5438
 21
34.1616
  0
LINE
  8
0
 10
12.5438
 20
34.1616
 11
12.5523
 21
34.1398
  0
LINE
  8
0
 10
12.5523
 20
34.1398
 11
12.56
 21
34.1187
  0
LINE
  8
0
 10
12.56
 20
34.1187
 11
12.5677
 21
34.0969
  0
LINE
  8
0
 10
12.5677
 20
34.0969
 11
12.5846
 21
34.0533
  0
LINE
  8
0
 10
12.5846
 20
34.0533
 11
12.5923
 21
34.0315
  0
LINE
  8
0
 10
12.5923
 20
34.0315
 11
12.6008
 21
34.0104
  0
LINE
  8
0
 10
12.6008
 20
34.0104
 11
12.6261
 21
33.945
  0
LINE
  8
0
 10
12.6261
 20
33.945
 11
12.6345
 21
33.9239
  0
LINE
  8
0
 10
12.6345
 20
33.9239
 11
12.6514
 21
33.8803
  0
LINE
  8
0
 10
12.6514
 20
33.8803
 11
12.6598
 21
33.8592
  0
LINE
  8
0
 10
12.6598
 20
33.8592
 11
12.669
 21
33.8374
  0
LINE
  8
0
 10
12.669
 20
33.8374
 11
12.6774
 21
33.8156
  0
LINE
  8
0
 10
12.6774
 20
33.8156
 11
12.6865
 21
33.7945
  0
LINE
  8
0
 10
12.6865
 20
33.7945
 11
12.695
 21
33.7727
  0
LINE
  8
0
 10
12.695
 20
33.7727
 11
12.7041
 21
33.7516
  0
LINE
  8
0
 10
12.7041
 20
33.7516
 11
12.7126
 21
33.7298
  0
LINE
  8
0
 10
12.7126
 20
33.7298
 11
12.7217
 21
33.7088
  0
LINE
  8
0
 10
12.7217
 20
33.7088
 11
12.7308
 21
33.687
  0
LINE
  8
0
 10
12.7308
 20
33.687
 11
12.74
 21
33.6659
  0
LINE
  8
0
 10
12.74
 20
33.6659
 11
12.7491
 21
33.6441
  0
LINE
  8
0
 10
12.7491
 20
33.6441
 11
12.7583
 21
33.623
  0
LINE
  8
0
 10
12.7583
 20
33.623
 11
12.7674
 21
33.6012
  0
LINE
  8
0
 10
12.7674
 20
33.6012
 11
12.7773
 21
33.5801
  0
LINE
  8
0
 10
12.7773
 20
33.5801
 11
12.7864
 21
33.5583
  0
LINE
  8
0
 10
12.7864
 20
33.5583
 11
12.7955
 21
33.5372
  0
LINE
  8
0
 10
12.7955
 20
33.5372
 11
12.8054
 21
33.5154
  0
LINE
  8
0
 10
12.8054
 20
33.5154
 11
12.8145
 21
33.4943
  0
LINE
  8
0
 10
12.8145
 20
33.4943
 11
12.8244
 21
33.4725
  0
LINE
  8
0
 10
12.8244
 20
33.4725
 11
12.8335
 21
33.4514
  0
LINE
  8
0
 10
12.8335
 20
33.4514
 11
12.8433
 21
33.4303
  0
LINE
  8
0
 10
12.8433
 20
33.4303
 11
12.8532
 21
33.4085
  0
LINE
  8
0
 10
12.8532
 20
33.4085
 11
12.8729
 21
33.3663
  0
LINE
  8
0
 10
12.8729
 20
33.3663
 11
12.8827
 21
33.3445
  0
LINE
  8
0
 10
12.8827
 20
33.3445
 11
12.9024
 21
33.3023
  0
LINE
  8
0
 10
12.9024
 20
33.3023
 11
12.9123
 21
33.2805
  0
LINE
  8
0
 10
12.9123
 20
33.2805
 11
12.9221
 21
33.2595
  0
LINE
  8
0
 10
12.9221
 20
33.2595
 11
12.9326
 21
33.2384
  0
LINE
  8
0
 10
12.9326
 20
33.2384
 11
12.9425
 21
33.2173
  0
LINE
  8
0
 10
12.9425
 20
33.2173
 11
12.953
 21
33.1962
  0
LINE
  8
0
 10
12.953
 20
33.1962
 11
12.9629
 21
33.1744
  0
LINE
  8
0
 10
12.9629
 20
33.1744
 11
12.9734
 21
33.1533
  0
LINE
  8
0
 10
12.9734
 20
33.1533
 11
12.9833
 21
33.1322
  0
LINE
  8
0
 10
12.9833
 20
33.1322
 11
13.0149
 21
33.0689
  0
LINE
  8
0
 10
13.0149
 20
33.0689
 11
13.0255
 21
33.0471
  0
LINE
  8
0
 10
13.0255
 20
33.0471
 11
13.0782
 21
32.9416
  0
LINE
  8
0
 10
13.0782
 20
32.9416
 11
13.0894
 21
32.9205
  0
LINE
  8
0
 10
13.0894
 20
32.9205
 11
13.1
 21
32.8995
  0
LINE
  8
0
 10
13.1
 20
32.8995
 11
13.1112
 21
32.8784
  0
LINE
  8
0
 10
13.1112
 20
32.8784
 11
13.1218
 21
32.8573
  0
LINE
  8
0
 10
13.1218
 20
32.8573
 11
13.133
 21
32.8362
  0
LINE
  8
0
 10
13.133
 20
32.8362
 11
13.1436
 21
32.8151
  0
LINE
  8
0
 10
13.1436
 20
32.8151
 11
13.1773
 21
32.7518
  0
LINE
  8
0
 10
13.1773
 20
32.7518
 11
13.1879
 21
32.7307
  0
LINE
  8
0
 10
13.1879
 20
32.7307
 11
13.2104
 21
32.6885
  0
LINE
  8
0
 10
13.2104
 20
32.6885
 11
13.2216
 21
32.6681
  0
LINE
  8
0
 10
13.2216
 20
32.6681
 11
13.2336
 21
32.647
  0
LINE
  8
0
 10
13.2336
 20
32.647
 11
13.2673
 21
32.5838
  0
LINE
  8
0
 10
13.2673
 20
32.5838
 11
13.2793
 21
32.5627
  0
LINE
  8
0
 10
13.2793
 20
32.5627
 11
13.2905
 21
32.5423
  0
LINE
  8
0
 10
13.2905
 20
32.5423
 11
13.3025
 21
32.5212
  0
LINE
  8
0
 10
13.3025
 20
32.5212
 11
13.3137
 21
32.5001
  0
LINE
  8
0
 10
13.3137
 20
32.5001
 11
13.3257
 21
32.479
  0
LINE
  8
0
 10
13.3257
 20
32.479
 11
13.3369
 21
32.4586
  0
LINE
  8
0
 10
13.3369
 20
32.4586
 11
13.3728
 21
32.3953
  0
LINE
  8
0
 10
13.3728
 20
32.3953
 11
13.3848
 21
32.3749
  0
LINE
  8
0
 10
13.3848
 20
32.3749
 11
13.4087
 21
32.3327
  0
LINE
  8
0
 10
13.4087
 20
32.3327
 11
13.4206
 21
32.3123
  0
LINE
  8
0
 10
13.4206
 20
32.3123
 11
13.4445
 21
32.2702
  0
LINE
  8
0
 10
13.4445
 20
32.2702
 11
13.4565
 21
32.2498
  0
LINE
  8
0
 10
13.4565
 20
32.2498
 11
13.4691
 21
32.2287
  0
LINE
  8
0
 10
13.4691
 20
32.2287
 11
13.4811
 21
32.2083
  0
LINE
  8
0
 10
13.4811
 20
32.2083
 11
13.493
 21
32.1872
  0
LINE
  8
0
 10
13.493
 20
32.1872
 11
13.5057
 21
32.1661
  0
LINE
  8
0
 10
13.5057
 20
32.1661
 11
13.5176
 21
32.1457
  0
LINE
  8
0
 10
13.5176
 20
32.1457
 11
13.5303
 21
32.1246
  0
LINE
  8
0
 10
13.5303
 20
32.1246
 11
13.543
 21
32.1042
  0
LINE
  8
0
 10
13.543
 20
32.1042
 11
13.5549
 21
32.0831
  0
LINE
  8
0
 10
13.5549
 20
32.0831
 11
13.5676
 21
32.0627
  0
LINE
  8
0
 10
13.5676
 20
32.0627
 11
13.5802
 21
32.0416
  0
LINE
  8
0
 10
13.5802
 20
32.0416
 11
13.5929
 21
32.0213
  0
LINE
  8
0
 10
13.5929
 20
32.0213
 11
13.6048
 21
32.0002
  0
LINE
  8
0
 10
13.6048
 20
32.0002
 11
13.6175
 21
31.9798
  0
LINE
  8
0
 10
13.6175
 20
31.9798
 11
13.6301
 21
31.9587
  0
LINE
  8
0
 10
13.6301
 20
31.9587
 11
13.6428
 21
31.9383
  0
LINE
  8
0
 10
13.6428
 20
31.9383
 11
13.6562
 21
31.9179
  0
LINE
  8
0
 10
13.6562
 20
31.9179
 11
13.6688
 21
31.8968
  0
LINE
  8
0
 10
13.6688
 20
31.8968
 11
13.6815
 21
31.8764
  0
LINE
  8
0
 10
13.6815
 20
31.8764
 11
13.6941
 21
31.8553
  0
LINE
  8
0
 10
13.6941
 20
31.8553
 11
13.7068
 21
31.8349
  0
LINE
  8
0
 10
13.7068
 20
31.8349
 11
13.7201
 21
31.8145
  0
LINE
  8
0
 10
13.7201
 20
31.8145
 11
13.7328
 21
31.7934
  0
LINE
  8
0
 10
13.7328
 20
31.7934
 11
13.7462
 21
31.773
  0
LINE
  8
0
 10
13.7462
 20
31.773
 11
13.7588
 21
31.7527
  0
LINE
  8
0
 10
13.7588
 20
31.7527
 11
13.7722
 21
31.7316
  0
LINE
  8
0
 10
13.7722
 20
31.7316
 11
13.7848
 21
31.7112
  0
LINE
  8
0
 10
13.7848
 20
31.7112
 11
13.7982
 21
31.6908
  0
LINE
  8
0
 10
13.7982
 20
31.6908
 11
13.8115
 21
31.6697
  0
LINE
  8
0
 10
13.8115
 20
31.6697
 11
13.8242
 21
31.6493
  0
LINE
  8
0
 10
13.8242
 20
31.6493
 11
13.8509
 21
31.6085
  0
LINE
  8
0
 10
13.8509
 20
31.6085
 11
13.8643
 21
31.5874
  0
LINE
  8
0
 10
13.8643
 20
31.5874
 11
13.9044
 21
31.5263
  0
LINE
  8
0
 10
13.9044
 20
31.5263
 11
13.9177
 21
31.5052
  0
LINE
  8
0
 10
13.9177
 20
31.5052
 11
13.9444
 21
31.4644
  0
LINE
  8
0
 10
13.9444
 20
31.4644
 11
13.9585
 21
31.444
  0
LINE
  8
0
 10
13.9585
 20
31.444
 11
13.9986
 21
31.3828
  0
LINE
  8
0
 10
13.9986
 20
31.3828
 11
14.0126
 21
31.3617
  0
LINE
  8
0
 10
14.0126
 20
31.3617
 11
14.026
 21
31.3413
  0
LINE
  8
0
 10
14.026
 20
31.3413
 11
14.0401
 21
31.3209
  0
LINE
  8
0
 10
14.0401
 20
31.3209
 11
14.0534
 21
31.3005
  0
LINE
  8
0
 10
14.0534
 20
31.3005
 11
14.0815
 21
31.2598
  0
LINE
  8
0
 10
14.0815
 20
31.2598
 11
14.0949
 21
31.2394
  0
LINE
  8
0
 10
14.0949
 20
31.2394
 11
14.123
 21
31.1986
  0
LINE
  8
0
 10
14.123
 20
31.1986
 11
14.1364
 21
31.1782
  0
LINE
  8
0
 10
14.1364
 20
31.1782
 11
14.263
 21
30.9947
  0
LINE
  8
0
 10
14.263
 20
30.9947
 11
14.2777
 21
30.9743
  0
LINE
  8
0
 10
14.2777
 20
30.9743
 11
14.3199
 21
30.9131
  0
LINE
  8
0
 10
14.3199
 20
30.9131
 11
14.3347
 21
30.8934
  0
LINE
  8
0
 10
14.3347
 20
30.8934
 11
14.3487
 21
30.873
  0
LINE
  8
0
 10
14.3487
 20
30.873
 11
14.3635
 21
30.8527
  0
LINE
  8
0
 10
14.3635
 20
30.8527
 11
14.3776
 21
30.8323
  0
LINE
  8
0
 10
14.3776
 20
30.8323
 11
14.3923
 21
30.8119
  0
LINE
  8
0
 10
14.3923
 20
30.8119
 11
14.4064
 21
30.7915
  0
LINE
  8
0
 10
14.4064
 20
30.7915
 11
14.4212
 21
30.7718
  0
LINE
  8
0
 10
14.4212
 20
30.7718
 11
14.4352
 21
30.7514
  0
LINE
  8
0
 10
14.4352
 20
30.7514
 11
14.4648
 21
30.7106
  0
LINE
  8
0
 10
14.4648
 20
30.7106
 11
14.4788
 21
30.6902
  0
LINE
  8
0
 10
14.4788
 20
30.6902
 11
14.4936
 21
30.6705
  0
LINE
  8
0
 10
14.4936
 20
30.6705
 11
14.5379
 21
30.6094
  0
LINE
  8
0
 10
14.5379
 20
30.6094
 11
14.5526
 21
30.5897
  0
LINE
  8
0
 10
14.5526
 20
30.5897
 11
14.5969
 21
30.5285
  0
LINE
  8
0
 10
14.5969
 20
30.5285
 11
14.6117
 21
30.5088
  0
LINE
  8
0
 10
14.6117
 20
30.5088
 11
14.6412
 21
30.468
  0
LINE
  8
0
 10
14.6412
 20
30.468
 11
14.656
 21
30.4484
  0
LINE
  8
0
 10
14.656
 20
30.4484
 11
14.6855
 21
30.4076
  0
LINE
  8
0
 10
14.6855
 20
30.4076
 11
14.7003
 21
30.3879
  0
LINE
  8
0
 10
14.7003
 20
30.3879
 11
14.7158
 21
30.3675
  0
LINE
  8
0
 10
14.7158
 20
30.3675
 11
14.7305
 21
30.3471
  0
LINE
  8
0
 10
14.7305
 20
30.3471
 11
14.7453
 21
30.3274
  0
LINE
  8
0
 10
14.7453
 20
30.3274
 11
14.7608
 21
30.307
  0
LINE
  8
0
 10
14.7608
 20
30.307
 11
14.7755
 21
30.2873
  0
LINE
  8
0
 10
14.7755
 20
30.2873
 11
14.791
 21
30.267
  0
LINE
  8
0
 10
14.791
 20
30.267
 11
14.8058
 21
30.2466
  0
LINE
  8
0
 10
14.8058
 20
30.2466
 11
14.8205
 21
30.2269
  0
LINE
  8
0
 10
14.8205
 20
30.2269
 11
14.836
 21
30.2065
  0
LINE
  8
0
 10
14.836
 20
30.2065
 11
14.8508
 21
30.1868
  0
LINE
  8
0
 10
14.8508
 20
30.1868
 11
14.8662
 21
30.1664
  0
LINE
  8
0
 10
14.8662
 20
30.1664
 11
14.8817
 21
30.1467
  0
LINE
  8
0
 10
14.8817
 20
30.1467
 11
14.8965
 21
30.1263
  0
LINE
  8
0
 10
14.8965
 20
30.1263
 11
14.9119
 21
30.1066
  0
LINE
  8
0
 10
14.9119
 20
30.1066
 11
14.9274
 21
30.0862
  0
LINE
  8
0
 10
14.9274
 20
30.0862
 11
14.9422
 21
30.0666
  0
LINE
  8
0
 10
14.9422
 20
30.0666
 11
14.9576
 21
30.0462
  0
LINE
  8
0
 10
14.9576
 20
30.0462
 11
14.9731
 21
30.0265
  0
LINE
  8
0
 10
14.9731
 20
30.0265
 11
14.9886
 21
30.0061
  0
LINE
  8
0
 10
14.9886
 20
30.0061
 11
15.0033
 21
29.9864
  0
LINE
  8
0
 10
15.0033
 20
29.9864
 11
15.0188
 21
29.966
  0
LINE
  8
0
 10
15.0188
 20
29.966
 11
15.0343
 21
29.9463
  0
LINE
  8
0
 10
15.0343
 20
29.9463
 11
15.0497
 21
29.9259
  0
LINE
  8
0
 10
15.0497
 20
29.9259
 11
15.0807
 21
29.8866
  0
LINE
  8
0
 10
15.0807
 20
29.8866
 11
15.0962
 21
29.8662
  0
LINE
  8
0
 10
15.0962
 20
29.8662
 11
15.1116
 21
29.8465
  0
LINE
  8
0
 10
15.1116
 20
29.8465
 11
15.1271
 21
29.8261
  0
LINE
  8
0
 10
15.1271
 20
29.8261
 11
15.158
 21
29.7867
  0
LINE
  8
0
 10
15.158
 20
29.7867
 11
15.1735
 21
29.7663
  0
LINE
  8
0
 10
15.1735
 20
29.7663
 11
15.189
 21
29.7466
  0
LINE
  8
0
 10
15.189
 20
29.7466
 11
15.2044
 21
29.7263
  0
LINE
  8
0
 10
15.2044
 20
29.7263
 11
15.2354
 21
29.6869
  0
LINE
  8
0
 10
15.2354
 20
29.6869
 11
15.2515
 21
29.6665
  0
LINE
  8
0
 10
15.2515
 20
29.6665
 11
15.2825
 21
29.6271
  0
LINE
  8
0
 10
15.2825
 20
29.6271
 11
15.298
 21
29.6067
  0
LINE
  8
0
 10
15.298
 20
29.6067
 11
15.3141
 21
29.587
  0
LINE
  8
0
 10
15.3141
 20
29.587
 11
15.3451
 21
29.5477
  0
LINE
  8
0
 10
15.3451
 20
29.5477
 11
15.3612
 21
29.5273
  0
LINE
  8
0
 10
15.3612
 20
29.5273
 11
15.3922
 21
29.4879
  0
LINE
  8
0
 10
15.3922
 20
29.4879
 11
15.4083
 21
29.4682
  0
LINE
  8
0
 10
15.4083
 20
29.4682
 11
15.4238
 21
29.4478
  0
LINE
  8
0
 10
15.4238
 20
29.4478
 11
15.4393
 21
29.4281
  0
LINE
  8
0
 10
15.4393
 20
29.4281
 11
15.4555
 21
29.4084
  0
LINE
  8
0
 10
15.4555
 20
29.4084
 11
15.4709
 21
29.3888
  0
LINE
  8
0
 10
15.4709
 20
29.3888
 11
15.4871
 21
29.3684
  0
LINE
  8
0
 10
15.4871
 20
29.3684
 11
15.5026
 21
29.3487
  0
LINE
  8
0
 10
15.5026
 20
29.3487
 11
15.5187
 21
29.329
  0
LINE
  8
0
 10
15.5187
 20
29.329
 11
15.5342
 21
29.3093
  0
LINE
  8
0
 10
15.5342
 20
29.3093
 11
15.5504
 21
29.2896
  0
LINE
  8
0
 10
15.5504
 20
29.2896
 11
15.5658
 21
29.2692
  0
LINE
  8
0
 10
15.5658
 20
29.2692
 11
15.5982
 21
29.2298
  0
LINE
  8
0
 10
15.5982
 20
29.2298
 11
15.6137
 21
29.2102
  0
LINE
  8
0
 10
15.6137
 20
29.2102
 11
15.6298
 21
29.1905
  0
LINE
  8
0
 10
15.6298
 20
29.1905
 11
15.6453
 21
29.1708
  0
LINE
  8
0
 10
15.6453
 20
29.1708
 11
15.6615
 21
29.1511
  0
LINE
  8
0
 10
15.6615
 20
29.1511
 11
15.6776
 21
29.1307
  0
LINE
  8
0
 10
15.6776
 20
29.1307
 11
15.6931
 21
29.111
  0
LINE
  8
0
 10
15.6931
 20
29.111
 11
15.7416
 21
29.052
  0
LINE
  8
0
 10
15.7416
 20
29.052
 11
15.7571
 21
29.0323
  0
LINE
  8
0
 10
15.7571
 20
29.0323
 11
15.8056
 21
28.9732
  0
LINE
  8
0
 10
15.8056
 20
28.9732
 11
15.8211
 21
28.9535
  0
LINE
  8
0
 10
15.8211
 20
28.9535
 11
15.8696
 21
28.8945
  0
LINE
  8
0
 10
15.8696
 20
28.8945
 11
15.8851
 21
28.8741
  0
LINE
  8
0
 10
15.8851
 20
28.8741
 11
15.9821
 21
28.7559
  0
LINE
  8
0
 10
15.9821
 20
28.7559
 11
15.9976
 21
28.737
  0
LINE
  8
0
 10
15.9976
 20
28.737
 11
16.1593
 21
28.5401
  0
LINE
  8
0
 10
16.1593
 20
28.5401
 11
16.1747
 21
28.5204
  0
LINE
  8
0
 10
16.1747
 20
28.5204
 11
16.1909
 21
28.5007
  0
LINE
  8
0
 10
16.1909
 20
28.5007
 11
16.2071
 21
28.4817
  0
LINE
  8
0
 10
16.2071
 20
28.4817
 11
16.3041
 21
28.3636
  0
LINE
  8
0
 10
16.3041
 20
28.3636
 11
16.3203
 21
28.3446
  0
LINE
  8
0
 10
16.3203
 20
28.3446
 11
16.385
 21
28.2659
  0
LINE
  8
0
 10
16.385
 20
28.2659
 11
16.4012
 21
28.2469
  0
LINE
  8
0
 10
16.4012
 20
28.2469
 11
16.4658
 21
28.1681
  0
LINE
  8
0
 10
16.4658
 20
28.1681
 11
16.482
 21
28.1491
  0
LINE
  8
0
 10
16.482
 20
28.1491
 11
16.5305
 21
28.0901
  0
LINE
  8
0
 10
16.5305
 20
28.0901
 11
16.5467
 21
28.0711
  0
LINE
  8
0
 10
16.5467
 20
28.0711
 11
16.579
 21
28.0317
  0
LINE
  8
0
 10
16.579
 20
28.0317
 11
16.5952
 21
28.0127
  0
LINE
  8
0
 10
16.5952
 20
28.0127
 11
16.6114
 21
27.993
  0
LINE
  8
0
 10
16.6114
 20
27.993
 11
16.6269
 21
27.9734
  0
LINE
  8
0
 10
16.6269
 20
27.9734
 11
16.643
 21
27.9537
  0
LINE
  8
0
 10
16.643
 20
27.9537
 11
16.6592
 21
27.9347
  0
LINE
  8
0
 10
16.6592
 20
27.9347
 11
16.6915
 21
27.8953
  0
LINE
  8
0
 10
16.6915
 20
27.8953
 11
16.7077
 21
27.8763
  0
LINE
  8
0
 10
16.7077
 20
27.8763
 11
16.7239
 21
27.8566
  0
LINE
  8
0
 10
16.7239
 20
27.8566
 11
16.7401
 21
27.8377
  0
LINE
  8
0
 10
16.7401
 20
27.8377
 11
16.7724
 21
27.7983
  0
LINE
  8
0
 10
16.7724
 20
27.7983
 11
16.7886
 21
27.7793
  0
LINE
  8
0
 10
16.7886
 20
27.7793
 11
16.8048
 21
27.7596
  0
LINE
  8
0
 10
16.8048
 20
27.7596
 11
16.8202
 21
27.7399
  0
LINE
  8
0
 10
16.8202
 20
27.7399
 11
16.8364
 21
27.7209
  0
LINE
  8
0
 10
16.8364
 20
27.7209
 11
16.8526
 21
27.7013
  0
LINE
  8
0
 10
16.8526
 20
27.7013
 11
16.8687
 21
27.6823
  0
LINE
  8
0
 10
16.8687
 20
27.6823
 11
16.9011
 21
27.6429
  0
LINE
  8
0
 10
16.9011
 20
27.6429
 11
16.9172
 21
27.6239
  0
LINE
  8
0
 10
16.9172
 20
27.6239
 11
16.9327
 21
27.6042
  0
LINE
  8
0
 10
16.9327
 20
27.6042
 11
16.9489
 21
27.5852
  0
LINE
  8
0
 10
16.9489
 20
27.5852
 11
16.9651
 21
27.5655
  0
LINE
  8
0
 10
16.9651
 20
27.5655
 11
16.9812
 21
27.5466
  0
LINE
  8
0
 10
16.9812
 20
27.5466
 11
16.9974
 21
27.5269
  0
LINE
  8
0
 10
16.9974
 20
27.5269
 11
17.0129
 21
27.5079
  0
LINE
  8
0
 10
17.0129
 20
27.5079
 11
17.029
 21
27.4882
  0
LINE
  8
0
 10
17.029
 20
27.4882
 11
17.0452
 21
27.4692
  0
LINE
  8
0
 10
17.0452
 20
27.4692
 11
17.0614
 21
27.4495
  0
LINE
  8
0
 10
17.0614
 20
27.4495
 11
17.0769
 21
27.4305
  0
LINE
  8
0
 10
17.0769
 20
27.4305
 11
17.093
 21
27.4109
  0
LINE
  8
0
 10
17.093
 20
27.4109
 11
17.1092
 21
27.3919
  0
LINE
  8
0
 10
17.1092
 20
27.3919
 11
17.1247
 21
27.3722
  0
LINE
  8
0
 10
17.1247
 20
27.3722
 11
17.1408
 21
27.3532
  0
LINE
  8
0
 10
17.1408
 20
27.3532
 11
17.157
 21
27.3335
  0
LINE
  8
0
 10
17.157
 20
27.3335
 11
17.1725
 21
27.3145
  0
LINE
  8
0
 10
17.1725
 20
27.3145
 11
17.1887
 21
27.2948
  0
LINE
  8
0
 10
17.1887
 20
27.2948
 11
17.2048
 21
27.2759
  0
LINE
  8
0
 10
17.2048
 20
27.2759
 11
17.2203
 21
27.2562
  0
LINE
  8
0
 10
17.2203
 20
27.2562
 11
17.2365
 21
27.2372
  0
LINE
  8
0
 10
17.2365
 20
27.2372
 11
17.2519
 21
27.2182
  0
LINE
  8
0
 10
17.2519
 20
27.2182
 11
17.2681
 21
27.1985
  0
LINE
  8
0
 10
17.2681
 20
27.1985
 11
17.2836
 21
27.1795
  0
LINE
  8
0
 10
17.2836
 20
27.1795
 11
17.2997
 21
27.1598
  0
LINE
  8
0
 10
17.2997
 20
27.1598
 11
17.3152
 21
27.1409
  0
LINE
  8
0
 10
17.3152
 20
27.1409
 11
17.3314
 21
27.1219
  0
LINE
  8
0
 10
17.3314
 20
27.1219
 11
17.3469
 21
27.1022
  0
LINE
  8
0
 10
17.3469
 20
27.1022
 11
17.363
 21
27.0832
  0
LINE
  8
0
 10
17.363
 20
27.0832
 11
17.3785
 21
27.0642
  0
LINE
  8
0
 10
17.3785
 20
27.0642
 11
17.3947
 21
27.0445
  0
LINE
  8
0
 10
17.3947
 20
27.0445
 11
17.4256
 21
27.0066
  0
LINE
  8
0
 10
17.4256
 20
27.0066
 11
17.4418
 21
26.9869
  0
LINE
  8
0
 10
17.4418
 20
26.9869
 11
17.4727
 21
26.9489
  0
LINE
  8
0
 10
17.4727
 20
26.9489
 11
17.4889
 21
26.9292
  0
LINE
  8
0
 10
17.4889
 20
26.9292
 11
17.5198
 21
26.8912
  0
LINE
  8
0
 10
17.5198
 20
26.8912
 11
17.536
 21
26.8716
  0
LINE
  8
0
 10
17.536
 20
26.8716
 11
17.5824
 21
26.8146
  0
LINE
  8
0
 10
17.5824
 20
26.8146
 11
17.5979
 21
26.7949
  0
LINE
  8
0
 10
17.5979
 20
26.7949
 11
17.6133
 21
26.7759
  0
LINE
  8
0
 10
17.6133
 20
26.7759
 11
17.6295
 21
26.757
  0
LINE
  8
0
 10
17.6295
 20
26.757
 11
17.645
 21
26.738
  0
LINE
  8
0
 10
17.645
 20
26.738
 11
17.6605
 21
26.7183
  0
LINE
  8
0
 10
17.6605
 20
26.7183
 11
17.7223
 21
26.6423
  0
LINE
  8
0
 10
17.7223
 20
26.6423
 11
17.7378
 21
26.6227
  0
LINE
  8
0
 10
17.7378
 20
26.6227
 11
17.7533
 21
26.6037
  0
LINE
  8
0
 10
17.7533
 20
26.6037
 11
17.768
 21
26.5847
  0
LINE
  8
0
 10
17.768
 20
26.5847
 11
17.799
 21
26.5467
  0
LINE
  8
0
 10
17.799
 20
26.5467
 11
17.8144
 21
26.527
  0
LINE
  8
0
 10
17.8144
 20
26.527
 11
17.8454
 21
26.4891
  0
LINE
  8
0
 10
17.8454
 20
26.4891
 11
17.8601
 21
26.4701
  0
LINE
  8
0
 10
17.8601
 20
26.4701
 11
17.8911
 21
26.4321
  0
LINE
  8
0
 10
17.8911
 20
26.4321
 11
17.9058
 21
26.4131
  0
LINE
  8
0
 10
17.9058
 20
26.4131
 11
17.9368
 21
26.3752
  0
LINE
  8
0
 10
17.9368
 20
26.3752
 11
17.9515
 21
26.3555
  0
LINE
  8
0
 10
17.9515
 20
26.3555
 11
17.967
 21
26.3365
  0
LINE
  8
0
 10
17.967
 20
26.3365
 11
17.9818
 21
26.3175
  0
LINE
  8
0
 10
17.9818
 20
26.3175
 11
17.9973
 21
26.2985
  0
LINE
  8
0
 10
17.9973
 20
26.2985
 11
18.012
 21
26.2795
  0
LINE
  8
0
 10
18.012
 20
26.2795
 11
18.0275
 21
26.2605
  0
LINE
  8
0
 10
18.0275
 20
26.2605
 11
18.057
 21
26.2226
  0
LINE
  8
0
 10
18.057
 20
26.2226
 11
18.0725
 21
26.2036
  0
LINE
  8
0
 10
18.0725
 20
26.2036
 11
18.102
 21
26.1656
  0
LINE
  8
0
 10
18.102
 20
26.1656
 11
18.1175
 21
26.1466
  0
LINE
  8
0
 10
18.1175
 20
26.1466
 11
18.2356
 21
25.9948
  0
LINE
  8
0
 10
18.2356
 20
25.9948
 11
18.2504
 21
25.9765
  0
LINE
  8
0
 10
18.2504
 20
25.9765
 11
18.3094
 21
25.9005
  0
LINE
  8
0
 10
18.3094
 20
25.9005
 11
18.3235
 21
25.8816
  0
LINE
  8
0
 10
18.3235
 20
25.8816
 11
18.3678
 21
25.8246
  0
LINE
  8
0
 10
18.3678
 20
25.8246
 11
18.3819
 21
25.8063
  0
LINE
  8
0
 10
18.3819
 20
25.8063
 11
18.3966
 21
25.7873
  0
LINE
  8
0
 10
18.3966
 20
25.7873
 11
18.4107
 21
25.7684
  0
LINE
  8
0
 10
18.4107
 20
25.7684
 11
18.4255
 21
25.7494
  0
LINE
  8
0
 10
18.4255
 20
25.7494
 11
18.4395
 21
25.7304
  0
LINE
  8
0
 10
18.4395
 20
25.7304
 11
18.4543
 21
25.7121
  0
LINE
  8
0
 10
18.4543
 20
25.7121
 11
18.4683
 21
25.6931
  0
LINE
  8
0
 10
18.4683
 20
25.6931
 11
18.4831
 21
25.6741
  0
LINE
  8
0
 10
18.4831
 20
25.6741
 11
18.5112
 21
25.6362
  0
LINE
  8
0
 10
18.5112
 20
25.6362
 11
18.5253
 21
25.6179
  0
LINE
  8
0
 10
18.5253
 20
25.6179
 11
18.5401
 21
25.5989
  0
LINE
  8
0
 10
18.5401
 20
25.5989
 11
18.5682
 21
25.5609
  0
LINE
  8
0
 10
18.5682
 20
25.5609
 11
18.5823
 21
25.5427
  0
LINE
  8
0
 10
18.5823
 20
25.5427
 11
18.6104
 21
25.5047
  0
LINE
  8
0
 10
18.6104
 20
25.5047
 11
18.6244
 21
25.4864
  0
LINE
  8
0
 10
18.6244
 20
25.4864
 11
18.6526
 21
25.4484
  0
LINE
  8
0
 10
18.6526
 20
25.4484
 11
18.6666
 21
25.4302
  0
LINE
  8
0
 10
18.6666
 20
25.4302
 11
18.68
 21
25.4112
  0
LINE
  8
0
 10
18.68
 20
25.4112
 11
18.694
 21
25.3922
  0
LINE
  8
0
 10
18.694
 20
25.3922
 11
18.7081
 21
25.3739
  0
LINE
  8
0
 10
18.7081
 20
25.3739
 11
18.7222
 21
25.3549
  0
LINE
  8
0
 10
18.7222
 20
25.3549
 11
18.7355
 21
25.3359
  0
LINE
  8
0
 10
18.7355
 20
25.3359
 11
18.7496
 21
25.3177
  0
LINE
  8
0
 10
18.7496
 20
25.3177
 11
18.763
 21
25.2987
  0
LINE
  8
0
 10
18.763
 20
25.2987
 11
18.777
 21
25.2797
  0
LINE
  8
0
 10
18.777
 20
25.2797
 11
18.7904
 21
25.2614
  0
LINE
  8
0
 10
18.7904
 20
25.2614
 11
18.8044
 21
25.2424
  0
LINE
  8
0
 10
18.8044
 20
25.2424
 11
18.8178
 21
25.2241
  0
LINE
  8
0
 10
18.8178
 20
25.2241
 11
18.8312
 21
25.2052
  0
LINE
  8
0
 10
18.8312
 20
25.2052
 11
18.8452
 21
25.1869
  0
LINE
  8
0
 10
18.8452
 20
25.1869
 11
18.8586
 21
25.1679
  0
LINE
  8
0
 10
18.8586
 20
25.1679
 11
18.8719
 21
25.1496
  0
LINE
  8
0
 10
18.8719
 20
25.1496
 11
18.8853
 21
25.1306
  0
LINE
  8
0
 10
18.8853
 20
25.1306
 11
18.8987
 21
25.1123
  0
LINE
  8
0
 10
18.8987
 20
25.1123
 11
18.912
 21
25.0934
  0
LINE
  8
0
 10
18.912
 20
25.0934
 11
18.9254
 21
25.0751
  0
LINE
  8
0
 10
18.9254
 20
25.0751
 11
18.9387
 21
25.0561
  0
LINE
  8
0
 10
18.9387
 20
25.0561
 11
18.9521
 21
25.0378
  0
LINE
  8
0
 10
18.9521
 20
25.0378
 11
18.9655
 21
25.0188
  0
LINE
  8
0
 10
18.9655
 20
25.0188
 11
18.9788
 21
25.0005
  0
LINE
  8
0
 10
18.9788
 20
25.0005
 11
18.9922
 21
24.9816
  0
LINE
  8
0
 10
18.9922
 20
24.9816
 11
19.0048
 21
24.9633
  0
LINE
  8
0
 10
19.0048
 20
24.9633
 11
19.0182
 21
24.9443
  0
LINE
  8
0
 10
19.0182
 20
24.9443
 11
19.0315
 21
24.926
  0
LINE
  8
0
 10
19.0315
 20
24.926
 11
19.0442
 21
24.907
  0
LINE
  8
0
 10
19.0442
 20
24.907
 11
19.0576
 21
24.8888
  0
LINE
  8
0
 10
19.0576
 20
24.8888
 11
19.0702
 21
24.8705
  0
LINE
  8
0
 10
19.0702
 20
24.8705
 11
19.0836
 21
24.8515
  0
LINE
  8
0
 10
19.0836
 20
24.8515
 11
19.1089
 21
24.8149
  0
LINE
  8
0
 10
19.1089
 20
24.8149
 11
19.1223
 21
24.7959
  0
LINE
  8
0
 10
19.1223
 20
24.7959
 11
19.1476
 21
24.7594
  0
LINE
  8
0
 10
19.1476
 20
24.7594
 11
19.1602
 21
24.7404
  0
LINE
  8
0
 10
19.1602
 20
24.7404
 11
19.1855
 21
24.7038
  0
LINE
  8
0
 10
19.1855
 20
24.7038
 11
19.1982
 21
24.6848
  0
LINE
  8
0
 10
19.1982
 20
24.6848
 11
19.2362
 21
24.63
  0
LINE
  8
0
 10
19.2362
 20
24.63
 11
19.2488
 21
24.611
  0
LINE
  8
0
 10
19.2488
 20
24.611
 11
19.2608
 21
24.5927
  0
LINE
  8
0
 10
19.2608
 20
24.5927
 11
19.2861
 21
24.5562
  0
LINE
  8
0
 10
19.2861
 20
24.5562
 11
19.298
 21
24.5379
  0
LINE
  8
0
 10
19.298
 20
24.5379
 11
19.3107
 21
24.5189
  0
LINE
  8
0
 10
19.3107
 20
24.5189
 11
19.3346
 21
24.4823
  0
LINE
  8
0
 10
19.3346
 20
24.4823
 11
19.3472
 21
24.4641
  0
LINE
  8
0
 10
19.3472
 20
24.4641
 11
19.3712
 21
24.4275
  0
LINE
  8
0
 10
19.3712
 20
24.4275
 11
19.3831
 21
24.4085
  0
LINE
  8
0
 10
19.3831
 20
24.4085
 11
19.3958
 21
24.3902
  0
LINE
  8
0
 10
19.3958
 20
24.3902
 11
19.4316
 21
24.3354
  0
LINE
  8
0
 10
19.4316
 20
24.3354
 11
19.4429
 21
24.3171
  0
LINE
  8
0
 10
19.4429
 20
24.3171
 11
19.4787
 21
24.2623
  0
LINE
  8
0
 10
19.4787
 20
24.2623
 11
19.49
 21
24.244
  0
LINE
  8
0
 10
19.49
 20
24.244
 11
19.5139
 21
24.2074
  0
LINE
  8
0
 10
19.5139
 20
24.2074
 11
19.5251
 21
24.1891
  0
LINE
  8
0
 10
19.5251
 20
24.1891
 11
19.5371
 21
24.1709
  0
LINE
  8
0
 10
19.5371
 20
24.1709
 11
19.5596
 21
24.1343
  0
LINE
  8
0
 10
19.5596
 20
24.1343
 11
19.5715
 21
24.116
  0
LINE
  8
0
 10
19.5715
 20
24.116
 11
19.6278
 21
24.0246
  0
LINE
  8
0
 10
19.6278
 20
24.0246
 11
19.639
 21
24.007
  0
LINE
  8
0
 10
19.639
 20
24.007
 11
19.6615
 21
23.9705
  0
LINE
  8
0
 10
19.6615
 20
23.9705
 11
19.6721
 21
23.9522
  0
LINE
  8
0
 10
19.6721
 20
23.9522
 11
19.6946
 21
23.9156
  0
LINE
  8
0
 10
19.6946
 20
23.9156
 11
19.7051
 21
23.898
  0
LINE
  8
0
 10
19.7051
 20
23.898
 11
19.7164
 21
23.8798
  0
LINE
  8
0
 10
19.7164
 20
23.8798
 11
19.7375
 21
23.8432
  0
LINE
  8
0
 10
19.7375
 20
23.8432
 11
19.7487
 21
23.8256
  0
LINE
  8
0
 10
19.7487
 20
23.8256
 11
19.7804
 21
23.7708
  0
LINE
  8
0
 10
19.7804
 20
23.7708
 11
19.7909
 21
23.7532
  0
LINE
  8
0
 10
19.7909
 20
23.7532
 11
19.812
 21
23.7166
  0
LINE
  8
0
 10
19.812
 20
23.7166
 11
19.8226
 21
23.6991
  0
LINE
  8
0
 10
19.8226
 20
23.6991
 11
19.8437
 21
23.6625
  0
LINE
  8
0
 10
19.8437
 20
23.6625
 11
19.8535
 21
23.6449
  0
LINE
  8
0
 10
19.8535
 20
23.6449
 11
19.8746
 21
23.6084
  0
LINE
  8
0
 10
19.8746
 20
23.6084
 11
19.8844
 21
23.5908
  0
LINE
  8
0
 10
19.8844
 20
23.5908
 11
19.895
 21
23.5725
  0
LINE
  8
0
 10
19.895
 20
23.5725
 11
19.9048
 21
23.5549
  0
LINE
  8
0
 10
19.9048
 20
23.5549
 11
19.9147
 21
23.5366
  0
LINE
  8
0
 10
19.9147
 20
23.5366
 11
19.9252
 21
23.5191
  0
LINE
  8
0
 10
19.9252
 20
23.5191
 11
19.9351
 21
23.5008
  0
LINE
  8
0
 10
19.9351
 20
23.5008
 11
19.9449
 21
23.4832
  0
LINE
  8
0
 10
19.9449
 20
23.4832
 11
19.9548
 21
23.4649
  0
LINE
  8
0
 10
19.9548
 20
23.4649
 11
19.9646
 21
23.4473
  0
LINE
  8
0
 10
19.9646
 20
23.4473
 11
19.9744
 21
23.4291
  0
LINE
  8
0
 10
19.9744
 20
23.4291
 11
19.9843
 21
23.4115
  0
LINE
  8
0
 10
19.9843
 20
23.4115
 11
19.9941
 21
23.3932
  0
LINE
  8
0
 10
19.9941
 20
23.3932
 11
20.0033
 21
23.3756
  0
LINE
  8
0
 10
20.0033
 20
23.3756
 11
20.0131
 21
23.3573
  0
LINE
  8
0
 10
20.0131
 20
23.3573
 11
20.023
 21
23.3398
  0
LINE
  8
0
 10
20.023
 20
23.3398
 11
20.0321
 21
23.3222
  0
LINE
  8
0
 10
20.0321
 20
23.3222
 11
20.0419
 21
23.3039
  0
LINE
  8
0
 10
20.0419
 20
23.3039
 11
20.0602
 21
23.2688
  0
LINE
  8
0
 10
20.0602
 20
23.2688
 11
20.0701
 21
23.2505
  0
LINE
  8
0
 10
20.0701
 20
23.2505
 11
20.0883
 21
23.2153
  0
LINE
  8
0
 10
20.0883
 20
23.2153
 11
20.0975
 21
23.197
  0
LINE
  8
0
 10
20.0975
 20
23.197
 11
20.1158
 21
23.1619
  0
LINE
  8
0
 10
20.1158
 20
23.1619
 11
20.1249
 21
23.1436
  0
LINE
  8
0
 10
20.1249
 20
23.1436
 11
20.1432
 21
23.1084
  0
LINE
  8
0
 10
20.1432
 20
23.1084
 11
20.1516
 21
23.0909
  0
LINE
  8
0
 10
20.1516
 20
23.0909
 11
20.1608
 21
23.0733
  0
LINE
  8
0
 10
20.1608
 20
23.0733
 11
20.1692
 21
23.055
  0
LINE
  8
0
 10
20.1692
 20
23.055
 11
20.1783
 21
23.0374
  0
LINE
  8
0
 10
20.1783
 20
23.0374
 11
20.1868
 21
23.0198
  0
LINE
  8
0
 10
20.1868
 20
23.0198
 11
20.1959
 21
23.0023
  0
LINE
  8
0
 10
20.1959
 20
23.0023
 11
20.2128
 21
22.9671
  0
LINE
  8
0
 10
20.2128
 20
22.9671
 11
20.2212
 21
22.9488
  0
LINE
  8
0
 10
20.2212
 20
22.9488
 11
20.2719
 21
22.8434
  0
LINE
  8
0
 10
20.2719
 20
22.8434
 11
20.2796
 21
22.8258
  0
LINE
  8
0
 10
20.2796
 20
22.8258
 11
20.2965
 21
22.7906
  0
LINE
  8
0
 10
20.2965
 20
22.7906
 11
20.3119
 21
22.7555
  0
LINE
  8
0
 10
20.3119
 20
22.7555
 11
20.3204
 21
22.7379
  0
LINE
  8
0
 10
20.3204
 20
22.7379
 11
20.3358
 21
22.7027
  0
LINE
  8
0
 10
20.3358
 20
22.7027
 11
20.3436
 21
22.6859
  0
LINE
  8
0
 10
20.3436
 20
22.6859
 11
20.39
 21
22.5804
  0
LINE
  8
0
 10
20.39
 20
22.5804
 11
20.397
 21
22.5635
  0
LINE
  8
0
 10
20.397
 20
22.5635
 11
20.4047
 21
22.5459
  0
LINE
  8
0
 10
20.4047
 20
22.5459
 11
20.4118
 21
22.5284
  0
LINE
  8
0
 10
20.4118
 20
22.5284
 11
20.4195
 21
22.5108
  0
LINE
  8
0
 10
20.4195
 20
22.5108
 11
20.4265
 21
22.4939
  0
LINE
  8
0
 10
20.4265
 20
22.4939
 11
20.4336
 21
22.4763
  0
LINE
  8
0
 10
20.4336
 20
22.4763
 11
20.4413
 21
22.4588
  0
LINE
  8
0
 10
20.4413
 20
22.4588
 11
20.4483
 21
22.4412
  0
LINE
  8
0
 10
20.4483
 20
22.4412
 11
20.4554
 21
22.4243
  0
LINE
  8
0
 10
20.4554
 20
22.4243
 11
20.4694
 21
22.3891
  0
LINE
  8
0
 10
20.4694
 20
22.3891
 11
20.4765
 21
22.3723
  0
LINE
  8
0
 10
20.4765
 20
22.3723
 11
20.4828
 21
22.3547
  0
LINE
  8
0
 10
20.4828
 20
22.3547
 11
20.4898
 21
22.3378
  0
LINE
  8
0
 10
20.4898
 20
22.3378
 11
20.4969
 21
22.3202
  0
LINE
  8
0
 10
20.4969
 20
22.3202
 11
20.5032
 21
22.3027
  0
LINE
  8
0
 10
20.5032
 20
22.3027
 11
20.5102
 21
22.2858
  0
LINE
  8
0
 10
20.5102
 20
22.2858
 11
20.5165
 21
22.2682
  0
LINE
  8
0
 10
20.5165
 20
22.2682
 11
20.5236
 21
22.2513
  0
LINE
  8
0
 10
20.5236
 20
22.2513
 11
20.5299
 21
22.2338
  0
LINE
  8
0
 10
20.5299
 20
22.2338
 11
20.5362
 21
22.2169
  0
LINE
  8
0
 10
20.5362
 20
22.2169
 11
20.5426
 21
22.1993
  0
LINE
  8
0
 10
20.5426
 20
22.1993
 11
20.5496
 21
22.1824
  0
LINE
  8
0
 10
20.5496
 20
22.1824
 11
20.5559
 21
22.1648
  0
LINE
  8
0
 10
20.5559
 20
22.1648
 11
20.5622
 21
22.148
  0
LINE
  8
0
 10
20.5622
 20
22.148
 11
20.5679
 21
22.1304
  0
LINE
  8
0
 10
20.5679
 20
22.1304
 11
20.5742
 21
22.1135
  0
LINE
  8
0
 10
20.5742
 20
22.1135
 11
20.5805
 21
22.0959
  0
LINE
  8
0
 10
20.5805
 20
22.0959
 11
20.5869
 21
22.0791
  0
LINE
  8
0
 10
20.5869
 20
22.0791
 11
20.5925
 21
22.0622
  0
LINE
  8
0
 10
20.5925
 20
22.0622
 11
20.5988
 21
22.0446
  0
LINE
  8
0
 10
20.5988
 20
22.0446
 11
20.6044
 21
22.0277
  0
LINE
  8
0
 10
20.6044
 20
22.0277
 11
20.6108
 21
22.0109
  0
LINE
  8
0
 10
20.6108
 20
22.0109
 11
20.6164
 21
21.9933
  0
LINE
  8
0
 10
20.6164
 20
21.9933
 11
20.6276
 21
21.9595
  0
LINE
  8
0
 10
20.6276
 20
21.9595
 11
20.6333
 21
21.942
  0
LINE
  8
0
 10
20.6333
 20
21.942
 11
20.6445
 21
21.9082
  0
LINE
  8
0
 10
20.6445
 20
21.9082
 11
20.6501
 21
21.8906
  0
LINE
  8
0
 10
20.6501
 20
21.8906
 11
20.6614
 21
21.8569
  0
LINE
  8
0
 10
20.6614
 20
21.8569
 11
20.6663
 21
21.84
  0
LINE
  8
0
 10
20.6663
 20
21.84
 11
20.6719
 21
21.8231
  0
LINE
  8
0
 10
20.6719
 20
21.8231
 11
20.6776
 21
21.8055
  0
LINE
  8
0
 10
20.6776
 20
21.8055
 11
20.6874
 21
21.7718
  0
LINE
  8
0
 10
20.6874
 20
21.7718
 11
20.693
 21
21.7549
  0
LINE
  8
0
 10
20.693
 20
21.7549
 11
20.7078
 21
21.7043
  0
LINE
  8
0
 10
20.7078
 20
21.7043
 11
20.7127
 21
21.6867
  0
LINE
  8
0
 10
20.7127
 20
21.6867
 11
20.7324
 21
21.6192
  0
LINE
  8
0
 10
20.7324
 20
21.6192
 11
20.7366
 21
21.6023
  0
LINE
  8
0
 10
20.7366
 20
21.6023
 11
20.7465
 21
21.5686
  0
LINE
  8
0
 10
20.7465
 20
21.5686
 11
20.7549
 21
21.5348
  0
LINE
  8
0
 10
20.7549
 20
21.5348
 11
20.7598
 21
21.518
  0
LINE
  8
0
 10
20.7598
 20
21.518
 11
20.7809
 21
21.4336
  0
LINE
  8
0
 10
20.7809
 20
21.4336
 11
20.7851
 21
21.4174
  0
LINE
  8
0
 10
20.7851
 20
21.4174
 11
20.7936
 21
21.3837
  0
LINE
  8
0
 10
20.7936
 20
21.3837
 11
20.7971
 21
21.3668
  0
LINE
  8
0
 10
20.7971
 20
21.3668
 11
20.8055
 21
21.333
  0
LINE
  8
0
 10
20.8055
 20
21.333
 11
20.809
 21
21.3162
  0
LINE
  8
0
 10
20.809
 20
21.3162
 11
20.8126
 21
21.3
  0
LINE
  8
0
 10
20.8126
 20
21.3
 11
20.8168
 21
21.2831
  0
LINE
  8
0
 10
20.8168
 20
21.2831
 11
20.8273
 21
21.2325
  0
LINE
  8
0
 10
20.8273
 20
21.2325
 11
20.8308
 21
21.2163
  0
LINE
  8
0
 10
20.8308
 20
21.2163
 11
20.8414
 21
21.1657
  0
LINE
  8
0
 10
20.8414
 20
21.1657
 11
20.8449
 21
21.1495
  0
LINE
  8
0
 10
20.8449
 20
21.1495
 11
20.8477
 21
21.1327
  0
LINE
  8
0
 10
20.8477
 20
21.1327
 11
20.8512
 21
21.1158
  0
LINE
  8
0
 10
20.8512
 20
21.1158
 11
20.8547
 21
21.0996
  0
LINE
  8
0
 10
20.8547
 20
21.0996
 11
20.8576
 21
21.0827
  0
LINE
  8
0
 10
20.8576
 20
21.0827
 11
20.8611
 21
21.0659
  0
LINE
  8
0
 10
20.8611
 20
21.0659
 11
20.8639
 21
21.0497
  0
LINE
  8
0
 10
20.8639
 20
21.0497
 11
20.8695
 21
21.0159
  0
LINE
  8
0
 10
20.8695
 20
21.0159
 11
20.8723
 21
20.9998
  0
LINE
  8
0
 10
20.8723
 20
20.9998
 11
20.878
 21
20.966
  0
LINE
  8
0
 10
20.878
 20
20.966
 11
20.8808
 21
20.9498
  0
LINE
  8
0
 10
20.8808
 20
20.9498
 11
20.8836
 21
20.933
  0
LINE
  8
0
 10
20.8836
 20
20.933
 11
20.8864
 21
20.9168
  0
LINE
  8
0
 10
20.8864
 20
20.9168
 11
20.8892
 21
20.8999
  0
LINE
  8
0
 10
20.8892
 20
20.8999
 11
20.8913
 21
20.883
  0
LINE
  8
0
 10
20.8913
 20
20.883
 11
20.8941
 21
20.8669
  0
LINE
  8
0
 10
20.8941
 20
20.8669
 11
20.8962
 21
20.85
  0
LINE
  8
0
 10
20.8962
 20
20.85
 11
20.899
 21
20.8338
  0
LINE
  8
0
 10
20.899
 20
20.8338
 11
20.9012
 21
20.817
  0
LINE
  8
0
 10
20.9012
 20
20.817
 11
20.9033
 21
20.8008
  0
LINE
  8
0
 10
20.9033
 20
20.8008
 11
20.9061
 21
20.7839
  0
LINE
  8
0
 10
20.9061
 20
20.7839
 11
20.9082
 21
20.7677
  0
LINE
  8
0
 10
20.9082
 20
20.7677
 11
20.9103
 21
20.7509
  0
LINE
  8
0
 10
20.9103
 20
20.7509
 11
20.9124
 21
20.7347
  0
LINE
  8
0
 10
20.9124
 20
20.7347
 11
20.9145
 21
20.7178
  0
LINE
  8
0
 10
20.9145
 20
20.7178
 11
20.9166
 21
20.7016
  0
LINE
  8
0
 10
20.9166
 20
20.7016
 11
20.918
 21
20.6848
  0
LINE
  8
0
 10
20.918
 20
20.6848
 11
20.9201
 21
20.6686
  0
LINE
  8
0
 10
20.9201
 20
20.6686
 11
20.9223
 21
20.6517
  0
LINE
  8
0
 10
20.9223
 20
20.6517
 11
20.9237
 21
20.6355
  0
LINE
  8
0
 10
20.9237
 20
20.6355
 11
20.9258
 21
20.6187
  0
LINE
  8
0
 10
20.9258
 20
20.6187
 11
20.9272
 21
20.6025
  0
LINE
  8
0
 10
20.9272
 20
20.6025
 11
20.9286
 21
20.5856
  0
LINE
  8
0
 10
20.9286
 20
20.5856
 11
20.9307
 21
20.5695
  0
LINE
  8
0
 10
20.9307
 20
20.5695
 11
20.9321
 21
20.5526
  0
LINE
  8
0
 10
20.9321
 20
20.5526
 11
20.9335
 21
20.5364
  0
LINE
  8
0
 10
20.9335
 20
20.5364
 11
20.9349
 21
20.5195
  0
LINE
  8
0
 10
20.9349
 20
20.5195
 11
20.9377
 21
20.4872
  0
LINE
  8
0
 10
20.9377
 20
20.4872
 11
20.9391
 21
20.4703
  0
LINE
  8
0
 10
20.9391
 20
20.4703
 11
20.9405
 21
20.4541
  0
LINE
  8
0
 10
20.9405
 20
20.4541
 11
20.9419
 21
20.4373
  0
LINE
  8
0
 10
20.9419
 20
20.4373
 11
20.9426
 21
20.4211
  0
LINE
  8
0
 10
20.9426
 20
20.4211
 11
20.944
 21
20.4049
  0
LINE
  8
0
 10
20.944
 20
20.4049
 11
20.9447
 21
20.388
  0
LINE
  8
0
 10
20.9447
 20
20.388
 11
20.9462
 21
20.3719
  0
LINE
  8
0
 10
20.9462
 20
20.3719
 11
20.9476
 21
20.3388
  0
LINE
  8
0
 10
20.9476
 20
20.3388
 11
20.949
 21
20.3227
  0
LINE
  8
0
 10
20.949
 20
20.3227
 11
20.9511
 21
20.2727
  0
LINE
  8
0
 10
20.9511
 20
20.2727
 11
20.9525
 21
20.2404
  0
LINE
  8
0
 10
20.9525
 20
20.2404
 11
20.9532
 21
20.2235
  0
LINE
  8
0
 10
20.9532
 20
20.2235
 11
20.9532
 21
20.2073
  0
LINE
  8
0
 10
20.9532
 20
20.2073
 11
20.9546
 21
20.1743
  0
LINE
  8
0
 10
20.9546
 20
20.1743
 11
20.9546
 21
20.1581
  0
LINE
  8
0
 10
20.9546
 20
20.1581
 11
20.9553
 21
20.1412
  0
LINE
  8
0
 10
20.9553
 20
20.1412
 11
20.9553
 21
20.1089
  0
LINE
  8
0
 10
20.9553
 20
20.1089
 11
20.956
 21
20.092
  0
LINE
  8
0
 10
20.956
 20
20.092
 11
20.956
 21
19.9936
  0
LINE
  8
0
 10
20.956
 20
19.9936
 11
20.9553
 21
19.9774
  0
LINE
  8
0
 10
20.9553
 20
19.9774
 11
20.9553
 21
19.9444
  0
LINE
  8
0
 10
20.9553
 20
19.9444
 11
20.9546
 21
19.9282
  0
LINE
  8
0
 10
20.9546
 20
19.9282
 11
20.9546
 21
19.9113
  0
LINE
  8
0
 10
20.9546
 20
19.9113
 11
20.9539
 21
19.8952
  0
LINE
  8
0
 10
20.9539
 20
19.8952
 11
20.9539
 21
19.879
  0
LINE
  8
0
 10
20.9539
 20
19.879
 11
20.9532
 21
19.8621
  0
LINE
  8
0
 10
20.9532
 20
19.8621
 11
20.9504
 21
19.7967
  0
LINE
  8
0
 10
20.9504
 20
19.7967
 11
20.9497
 21
19.7798
  0
LINE
  8
0
 10
20.9497
 20
19.7798
 11
20.9483
 21
19.7475
  0
LINE
  8
0
 10
20.9483
 20
19.7475
 11
20.9476
 21
19.7306
  0
LINE
  8
0
 10
20.9476
 20
19.7306
 11
20.9462
 21
19.7145
  0
LINE
  8
0
 10
20.9462
 20
19.7145
 11
20.9455
 21
19.6983
  0
LINE
  8
0
 10
20.9455
 20
19.6983
 11
20.944
 21
19.6814
  0
LINE
  8
0
 10
20.944
 20
19.6814
 11
20.9433
 21
19.6652
  0
LINE
  8
0
 10
20.9433
 20
19.6652
 11
20.9419
 21
19.6484
  0
LINE
  8
0
 10
20.9419
 20
19.6484
 11
20.9405
 21
19.6322
  0
LINE
  8
0
 10
20.9405
 20
19.6322
 11
20.9398
 21
19.616
  0
LINE
  8
0
 10
20.9398
 20
19.616
 11
20.9384
 21
19.5991
  0
LINE
  8
0
 10
20.9384
 20
19.5991
 11
20.937
 21
19.583
  0
LINE
  8
0
 10
20.937
 20
19.583
 11
20.9356
 21
19.5661
  0
LINE
  8
0
 10
20.9356
 20
19.5661
 11
20.9342
 21
19.5499
  0
LINE
  8
0
 10
20.9342
 20
19.5499
 11
20.9328
 21
19.533
  0
LINE
  8
0
 10
20.9328
 20
19.533
 11
20.9314
 21
19.5169
  0
LINE
  8
0
 10
20.9314
 20
19.5169
 11
20.9293
 21
19.5
  0
LINE
  8
0
 10
20.9293
 20
19.5
 11
20.9265
 21
19.4677
  0
LINE
  8
0
 10
20.9265
 20
19.4677
 11
20.9244
 21
19.4508
  0
LINE
  8
0
 10
20.9244
 20
19.4508
 11
20.923
 21
19.4346
  0
LINE
  8
0
 10
20.923
 20
19.4346
 11
20.9208
 21
19.4177
  0
LINE
  8
0
 10
20.9208
 20
19.4177
 11
20.9187
 21
19.4016
  0
LINE
  8
0
 10
20.9187
 20
19.4016
 11
20.9173
 21
19.3847
  0
LINE
  8
0
 10
20.9173
 20
19.3847
 11
20.9152
 21
19.3685
  0
LINE
  8
0
 10
20.9152
 20
19.3685
 11
20.9131
 21
19.3516
  0
LINE
  8
0
 10
20.9131
 20
19.3516
 11
20.911
 21
19.3355
  0
LINE
  8
0
 10
20.911
 20
19.3355
 11
20.9089
 21
19.3186
  0
LINE
  8
0
 10
20.9089
 20
19.3186
 11
20.9068
 21
19.3024
  0
LINE
  8
0
 10
20.9068
 20
19.3024
 11
20.9047
 21
19.2855
  0
LINE
  8
0
 10
20.9047
 20
19.2855
 11
20.9019
 21
19.2694
  0
LINE
  8
0
 10
20.9019
 20
19.2694
 11
20.8976
 21
19.2356
  0
LINE
  8
0
 10
20.8976
 20
19.2356
 11
20.8948
 21
19.2195
  0
LINE
  8
0
 10
20.8948
 20
19.2195
 11
20.8927
 21
19.2026
  0
LINE
  8
0
 10
20.8927
 20
19.2026
 11
20.8899
 21
19.1864
  0
LINE
  8
0
 10
20.8899
 20
19.1864
 11
20.8871
 21
19.1695
  0
LINE
  8
0
 10
20.8871
 20
19.1695
 11
20.885
 21
19.1534
  0
LINE
  8
0
 10
20.885
 20
19.1534
 11
20.8794
 21
19.1196
  0
LINE
  8
0
 10
20.8794
 20
19.1196
 11
20.8765
 21
19.1034
  0
LINE
  8
0
 10
20.8765
 20
19.1034
 11
20.8737
 21
19.0866
  0
LINE
  8
0
 10
20.8737
 20
19.0866
 11
20.8709
 21
19.0704
  0
LINE
  8
0
 10
20.8709
 20
19.0704
 11
20.8681
 21
19.0535
  0
LINE
  8
0
 10
20.8681
 20
19.0535
 11
20.8646
 21
19.0366
  0
LINE
  8
0
 10
20.8646
 20
19.0366
 11
20.8618
 21
19.0205
  0
LINE
  8
0
 10
20.8618
 20
19.0205
 11
20.859
 21
19.0036
  0
LINE
  8
0
 10
20.859
 20
19.0036
 11
20.8555
 21
18.9867
  0
LINE
  8
0
 10
20.8555
 20
18.9867
 11
20.8526
 21
18.9705
  0
LINE
  8
0
 10
20.8526
 20
18.9705
 11
20.8491
 21
18.9537
  0
LINE
  8
0
 10
20.8491
 20
18.9537
 11
20.8463
 21
18.9368
  0
LINE
  8
0
 10
20.8463
 20
18.9368
 11
20.8428
 21
18.9199
  0
LINE
  8
0
 10
20.8428
 20
18.9199
 11
20.8393
 21
18.9038
  0
LINE
  8
0
 10
20.8393
 20
18.9038
 11
20.8287
 21
18.8531
  0
LINE
  8
0
 10
20.8287
 20
18.8531
 11
20.8252
 21
18.837
  0
LINE
  8
0
 10
20.8252
 20
18.837
 11
20.8182
 21
18.8032
  0
LINE
  8
0
 10
20.8182
 20
18.8032
 11
20.814
 21
18.7863
  0
LINE
  8
0
 10
20.814
 20
18.7863
 11
20.8105
 21
18.7695
  0
LINE
  8
0
 10
20.8105
 20
18.7695
 11
20.8069
 21
18.7533
  0
LINE
  8
0
 10
20.8069
 20
18.7533
 11
20.8027
 21
18.7364
  0
LINE
  8
0
 10
20.8027
 20
18.7364
 11
20.7992
 21
18.7195
  0
LINE
  8
0
 10
20.7992
 20
18.7195
 11
20.7823
 21
18.652
  0
LINE
  8
0
 10
20.7823
 20
18.652
 11
20.7788
 21
18.6352
  0
LINE
  8
0
 10
20.7788
 20
18.6352
 11
20.7746
 21
18.619
  0
LINE
  8
0
 10
20.7746
 20
18.619
 11
20.7697
 21
18.6021
  0
LINE
  8
0
 10
20.7697
 20
18.6021
 11
20.757
 21
18.5515
  0
LINE
  8
0
 10
20.757
 20
18.5515
 11
20.7521
 21
18.5346
  0
LINE
  8
0
 10
20.7521
 20
18.5346
 11
20.7479
 21
18.5177
  0
LINE
  8
0
 10
20.7479
 20
18.5177
 11
20.743
 21
18.5009
  0
LINE
  8
0
 10
20.743
 20
18.5009
 11
20.7387
 21
18.484
  0
LINE
  8
0
 10
20.7387
 20
18.484
 11
20.7338
 21
18.4671
  0
LINE
  8
0
 10
20.7338
 20
18.4671
 11
20.7296
 21
18.4502
  0
LINE
  8
0
 10
20.7296
 20
18.4502
 11
20.7198
 21
18.4165
  0
LINE
  8
0
 10
20.7198
 20
18.4165
 11
20.7148
 21
18.3989
  0
LINE
  8
0
 10
20.7148
 20
18.3989
 11
20.7001
 21
18.3483
  0
LINE
  8
0
 10
20.7001
 20
18.3483
 11
20.6944
 21
18.3314
  0
LINE
  8
0
 10
20.6944
 20
18.3314
 11
20.6846
 21
18.2977
  0
LINE
  8
0
 10
20.6846
 20
18.2977
 11
20.679
 21
18.2808
  0
LINE
  8
0
 10
20.679
 20
18.2808
 11
20.674
 21
18.2632
  0
LINE
  8
0
 10
20.674
 20
18.2632
 11
20.6684
 21
18.2463
  0
LINE
  8
0
 10
20.6684
 20
18.2463
 11
20.6635
 21
18.2295
  0
LINE
  8
0
 10
20.6635
 20
18.2295
 11
20.6523
 21
18.1957
  0
LINE
  8
0
 10
20.6523
 20
18.1957
 11
20.6466
 21
18.1781
  0
LINE
  8
0
 10
20.6466
 20
18.1781
 11
20.6354
 21
18.1444
  0
LINE
  8
0
 10
20.6354
 20
18.1444
 11
20.6298
 21
18.1268
  0
LINE
  8
0
 10
20.6298
 20
18.1268
 11
20.6185
 21
18.093
  0
LINE
  8
0
 10
20.6185
 20
18.093
 11
20.6129
 21
18.0755
  0
LINE
  8
0
 10
20.6129
 20
18.0755
 11
20.6065
 21
18.0586
  0
LINE
  8
0
 10
20.6065
 20
18.0586
 11
20.6009
 21
18.0417
  0
LINE
  8
0
 10
20.6009
 20
18.0417
 11
20.5946
 21
18.0241
  0
LINE
  8
0
 10
20.5946
 20
18.0241
 11
20.589
 21
18.0073
  0
LINE
  8
0
 10
20.589
 20
18.0073
 11
20.5826
 21
17.9904
  0
LINE
  8
0
 10
20.5826
 20
17.9904
 11
20.5763
 21
17.9728
  0
LINE
  8
0
 10
20.5763
 20
17.9728
 11
20.5707
 21
17.9559
  0
LINE
  8
0
 10
20.5707
 20
17.9559
 11
20.5644
 21
17.9384
  0
LINE
  8
0
 10
20.5644
 20
17.9384
 11
20.558
 21
17.9215
  0
LINE
  8
0
 10
20.558
 20
17.9215
 11
20.5517
 21
17.9039
  0
LINE
  8
0
 10
20.5517
 20
17.9039
 11
20.5454
 21
17.887
  0
LINE
  8
0
 10
20.5454
 20
17.887
 11
20.539
 21
17.8695
  0
LINE
  8
0
 10
20.539
 20
17.8695
 11
20.532
 21
17.8526
  0
LINE
  8
0
 10
20.532
 20
17.8526
 11
20.5257
 21
17.835
  0
LINE
  8
0
 10
20.5257
 20
17.835
 11
20.5194
 21
17.8181
  0
LINE
  8
0
 10
20.5194
 20
17.8181
 11
20.5123
 21
17.8005
  0
LINE
  8
0
 10
20.5123
 20
17.8005
 11
20.506
 21
17.7837
  0
LINE
  8
0
 10
20.506
 20
17.7837
 11
20.499
 21
17.7661
  0
LINE
  8
0
 10
20.499
 20
17.7661
 11
20.4926
 21
17.7492
  0
LINE
  8
0
 10
20.4926
 20
17.7492
 11
20.4786
 21
17.7141
  0
LINE
  8
0
 10
20.4786
 20
17.7141
 11
20.4715
 21
17.6972
  0
LINE
  8
0
 10
20.4715
 20
17.6972
 11
20.4652
 21
17.6796
  0
LINE
  8
0
 10
20.4652
 20
17.6796
 11
20.4582
 21
17.662
  0
LINE
  8
0
 10
20.4582
 20
17.662
 11
20.4505
 21
17.6452
  0
LINE
  8
0
 10
20.4505
 20
17.6452
 11
20.4364
 21
17.61
  0
LINE
  8
0
 10
20.4364
 20
17.61
 11
20.4294
 21
17.5931
  0
LINE
  8
0
 10
20.4294
 20
17.5931
 11
20.4223
 21
17.5755
  0
LINE
  8
0
 10
20.4223
 20
17.5755
 11
20.4146
 21
17.558
  0
LINE
  8
0
 10
20.4146
 20
17.558
 11
20.4076
 21
17.5404
  0
LINE
  8
0
 10
20.4076
 20
17.5404
 11
20.3998
 21
17.5235
  0
LINE
  8
0
 10
20.3998
 20
17.5235
 11
20.3928
 21
17.5059
  0
LINE
  8
0
 10
20.3928
 20
17.5059
 11
20.3619
 21
17.4356
  0
LINE
  8
0
 10
20.3619
 20
17.4356
 11
20.3541
 21
17.4188
  0
LINE
  8
0
 10
20.3541
 20
17.4188
 11
20.3155
 21
17.3309
  0
LINE
  8
0
 10
20.3155
 20
17.3309
 11
20.307
 21
17.3133
  0
LINE
  8
0
 10
20.307
 20
17.3133
 11
20.2993
 21
17.2957
  0
LINE
  8
0
 10
20.2993
 20
17.2957
 11
20.2908
 21
17.2781
  0
LINE
  8
0
 10
20.2908
 20
17.2781
 11
20.2831
 21
17.2605
  0
LINE
  8
0
 10
20.2831
 20
17.2605
 11
20.2662
 21
17.2254
  0
LINE
  8
0
 10
20.2662
 20
17.2254
 11
20.2585
 21
17.2078
  0
LINE
  8
0
 10
20.2585
 20
17.2078
 11
20.2163
 21
17.1199
  0
LINE
  8
0
 10
20.2163
 20
17.1199
 11
20.2072
 21
17.1023
  0
LINE
  8
0
 10
20.2072
 20
17.1023
 11
20.1987
 21
17.0841
  0
LINE
  8
0
 10
20.1987
 20
17.0841
 11
20.1903
 21
17.0665
  0
LINE
  8
0
 10
20.1903
 20
17.0665
 11
20.1812
 21
17.0489
  0
LINE
  8
0
 10
20.1812
 20
17.0489
 11
20.1643
 21
17.0138
  0
LINE
  8
0
 10
20.1643
 20
17.0138
 11
20.1551
 21
16.9962
  0
LINE
  8
0
 10
20.1551
 20
16.9962
 11
20.146
 21
16.9779
  0
LINE
  8
0
 10
20.146
 20
16.9779
 11
20.1376
 21
16.9603
  0
LINE
  8
0
 10
20.1376
 20
16.9603
 11
20.1193
 21
16.9252
  0
LINE
  8
0
 10
20.1193
 20
16.9252
 11
20.1101
 21
16.9069
  0
LINE
  8
0
 10
20.1101
 20
16.9069
 11
20.0827
 21
16.8541
  0
LINE
  8
0
 10
20.0827
 20
16.8541
 11
20.0736
 21
16.8359
  0
LINE
  8
0
 10
20.0736
 20
16.8359
 11
20.0637
 21
16.8183
  0
LINE
  8
0
 10
20.0637
 20
16.8183
 11
20.0546
 21
16.8007
  0
LINE
  8
0
 10
20.0546
 20
16.8007
 11
20.0455
 21
16.7824
  0
LINE
  8
0
 10
20.0455
 20
16.7824
 11
20.0356
 21
16.7648
  0
LINE
  8
0
 10
20.0356
 20
16.7648
 11
20.0265
 21
16.7466
  0
LINE
  8
0
 10
20.0265
 20
16.7466
 11
20.0068
 21
16.7114
  0
LINE
  8
0
 10
20.0068
 20
16.7114
 11
19.9976
 21
16.6931
  0
LINE
  8
0
 10
19.9976
 20
16.6931
 11
19.9878
 21
16.6755
  0
LINE
  8
0
 10
19.9878
 20
16.6755
 11
19.978
 21
16.6573
  0
LINE
  8
0
 10
19.978
 20
16.6573
 11
19.9681
 21
16.6397
  0
LINE
  8
0
 10
19.9681
 20
16.6397
 11
19.9583
 21
16.6214
  0
LINE
  8
0
 10
19.9583
 20
16.6214
 11
19.9484
 21
16.6038
  0
LINE
  8
0
 10
19.9484
 20
16.6038
 11
19.9386
 21
16.5855
  0
LINE
  8
0
 10
19.9386
 20
16.5855
 11
19.9287
 21
16.568
  0
LINE
  8
0
 10
19.9287
 20
16.568
 11
19.9189
 21
16.5497
  0
LINE
  8
0
 10
19.9189
 20
16.5497
 11
19.9083
 21
16.5321
  0
LINE
  8
0
 10
19.9083
 20
16.5321
 11
19.8985
 21
16.5138
  0
LINE
  8
0
 10
19.8985
 20
16.5138
 11
19.8887
 21
16.4962
  0
LINE
  8
0
 10
19.8887
 20
16.4962
 11
19.8781
 21
16.478
  0
LINE
  8
0
 10
19.8781
 20
16.478
 11
19.8683
 21
16.4597
  0
LINE
  8
0
 10
19.8683
 20
16.4597
 11
19.8577
 21
16.4421
  0
LINE
  8
0
 10
19.8577
 20
16.4421
 11
19.8472
 21
16.4238
  0
LINE
  8
0
 10
19.8472
 20
16.4238
 11
19.8373
 21
16.4062
  0
LINE
  8
0
 10
19.8373
 20
16.4062
 11
19.8162
 21
16.3697
  0
LINE
  8
0
 10
19.8162
 20
16.3697
 11
19.8057
 21
16.3521
  0
LINE
  8
0
 10
19.8057
 20
16.3521
 11
19.774
 21
16.2973
  0
LINE
  8
0
 10
19.774
 20
16.2973
 11
19.7635
 21
16.2797
  0
LINE
  8
0
 10
19.7635
 20
16.2797
 11
19.7523
 21
16.2614
  0
LINE
  8
0
 10
19.7523
 20
16.2614
 11
19.7417
 21
16.2431
  0
LINE
  8
0
 10
19.7417
 20
16.2431
 11
19.7312
 21
16.2255
  0
LINE
  8
0
 10
19.7312
 20
16.2255
 11
19.7199
 21
16.2073
  0
LINE
  8
0
 10
19.7199
 20
16.2073
 11
19.7094
 21
16.189
  0
LINE
  8
0
 10
19.7094
 20
16.189
 11
19.6981
 21
16.1707
  0
LINE
  8
0
 10
19.6981
 20
16.1707
 11
19.6876
 21
16.1524
  0
LINE
  8
0
 10
19.6876
 20
16.1524
 11
19.6763
 21
16.1348
  0
LINE
  8
0
 10
19.6763
 20
16.1348
 11
19.6651
 21
16.1166
  0
LINE
  8
0
 10
19.6651
 20
16.1166
 11
19.6545
 21
16.0983
  0
LINE
  8
0
 10
19.6545
 20
16.0983
 11
19.5983
 21
16.0069
  0
LINE
  8
0
 10
19.5983
 20
16.0069
 11
19.587
 21
15.9893
  0
LINE
  8
0
 10
19.587
 20
15.9893
 11
19.5758
 21
15.971
  0
LINE
  8
0
 10
19.5758
 20
15.971
 11
19.5638
 21
15.9527
  0
LINE
  8
0
 10
19.5638
 20
15.9527
 11
19.5413
 21
15.9162
  0
LINE
  8
0
 10
19.5413
 20
15.9162
 11
19.5294
 21
15.8979
  0
LINE
  8
0
 10
19.5294
 20
15.8979
 11
19.5181
 21
15.8796
  0
LINE
  8
0
 10
19.5181
 20
15.8796
 11
19.5062
 21
15.8613
  0
LINE
  8
0
 10
19.5062
 20
15.8613
 11
19.4949
 21
15.843
  0
LINE
  8
0
 10
19.4949
 20
15.843
 11
19.459
 21
15.7882
  0
LINE
  8
0
 10
19.459
 20
15.7882
 11
19.4478
 21
15.7699
  0
LINE
  8
0
 10
19.4478
 20
15.7699
 11
19.4239
 21
15.7334
  0
LINE
  8
0
 10
19.4239
 20
15.7334
 11
19.4119
 21
15.7144
  0
LINE
  8
0
 10
19.4119
 20
15.7144
 11
19.3761
 21
15.6595
  0
LINE
  8
0
 10
19.3761
 20
15.6595
 11
19.3634
 21
15.6413
  0
LINE
  8
0
 10
19.3634
 20
15.6413
 11
19.3395
 21
15.6047
  0
LINE
  8
0
 10
19.3395
 20
15.6047
 11
19.3269
 21
15.5864
  0
LINE
  8
0
 10
19.3269
 20
15.5864
 11
19.3149
 21
15.5674
  0
LINE
  8
0
 10
19.3149
 20
15.5674
 11
19.303
 21
15.5491
  0
LINE
  8
0
 10
19.303
 20
15.5491
 11
19.2776
 21
15.5126
  0
LINE
  8
0
 10
19.2776
 20
15.5126
 11
19.2657
 21
15.4943
  0
LINE
  8
0
 10
19.2657
 20
15.4943
 11
19.253
 21
15.4753
  0
LINE
  8
0
 10
19.253
 20
15.4753
 11
19.2404
 21
15.457
  0
LINE
  8
0
 10
19.2404
 20
15.457
 11
19.2284
 21
15.4388
  0
LINE
  8
0
 10
19.2284
 20
15.4388
 11
19.2158
 21
15.4205
  0
LINE
  8
0
 10
19.2158
 20
15.4205
 11
19.2031
 21
15.4015
  0
LINE
  8
0
 10
19.2031
 20
15.4015
 11
19.1778
 21
15.3649
  0
LINE
  8
0
 10
19.1778
 20
15.3649
 11
19.1651
 21
15.3459
  0
LINE
  8
0
 10
19.1651
 20
15.3459
 11
19.1398
 21
15.3094
  0
LINE
  8
0
 10
19.1398
 20
15.3094
 11
19.1265
 21
15.2904
  0
LINE
  8
0
 10
19.1265
 20
15.2904
 11
19.1012
 21
15.2538
  0
LINE
  8
0
 10
19.1012
 20
15.2538
 11
19.0878
 21
15.2348
  0
LINE
  8
0
 10
19.0878
 20
15.2348
 11
19.0625
 21
15.1983
  0
LINE
  8
0
 10
19.0625
 20
15.1983
 11
19.0491
 21
15.1793
  0
LINE
  8
0
 10
19.0491
 20
15.1793
 11
19.0365
 21
15.161
  0
LINE
  8
0
 10
19.0365
 20
15.161
 11
19.0231
 21
15.142
  0
LINE
  8
0
 10
19.0231
 20
15.142
 11
19.0098
 21
15.1238
  0
LINE
  8
0
 10
19.0098
 20
15.1238
 11
18.9971
 21
15.1055
  0
LINE
  8
0
 10
18.9971
 20
15.1055
 11
18.9837
 21
15.0865
  0
LINE
  8
0
 10
18.9837
 20
15.0865
 11
18.9704
 21
15.0682
  0
LINE
  8
0
 10
18.9704
 20
15.0682
 11
18.957
 21
15.0492
  0
LINE
  8
0
 10
18.957
 20
15.0492
 11
18.9437
 21
15.0309
  0
LINE
  8
0
 10
18.9437
 20
15.0309
 11
18.9303
 21
15.012
  0
LINE
  8
0
 10
18.9303
 20
15.012
 11
18.9169
 21
14.9937
  0
LINE
  8
0
 10
18.9169
 20
14.9937
 11
18.9036
 21
14.9747
  0
LINE
  8
0
 10
18.9036
 20
14.9747
 11
18.8902
 21
14.9564
  0
LINE
  8
0
 10
18.8902
 20
14.9564
 11
18.8769
 21
14.9374
  0
LINE
  8
0
 10
18.8769
 20
14.9374
 11
18.8635
 21
14.9191
  0
LINE
  8
0
 10
18.8635
 20
14.9191
 11
18.8501
 21
14.9002
  0
LINE
  8
0
 10
18.8501
 20
14.9002
 11
18.8368
 21
14.8819
  0
LINE
  8
0
 10
18.8368
 20
14.8819
 11
18.8227
 21
14.8629
  0
LINE
  8
0
 10
18.8227
 20
14.8629
 11
18.8094
 21
14.8446
  0
LINE
  8
0
 10
18.8094
 20
14.8446
 11
18.796
 21
14.8256
  0
LINE
  8
0
 10
18.796
 20
14.8256
 11
18.7819
 21
14.8066
  0
LINE
  8
0
 10
18.7819
 20
14.8066
 11
18.7686
 21
14.7884
  0
LINE
  8
0
 10
18.7686
 20
14.7884
 11
18.7545
 21
14.7694
  0
LINE
  8
0
 10
18.7545
 20
14.7694
 11
18.7412
 21
14.7511
  0
LINE
  8
0
 10
18.7412
 20
14.7511
 11
18.713
 21
14.7131
  0
LINE
  8
0
 10
18.713
 20
14.7131
 11
18.6997
 21
14.6948
  0
LINE
  8
0
 10
18.6997
 20
14.6948
 11
18.6575
 21
14.6379
  0
LINE
  8
0
 10
18.6575
 20
14.6379
 11
18.6441
 21
14.6196
  0
LINE
  8
0
 10
18.6441
 20
14.6196
 11
18.616
 21
14.5816
  0
LINE
  8
0
 10
18.616
 20
14.5816
 11
18.6026
 21
14.5627
  0
LINE
  8
0
 10
18.6026
 20
14.5627
 11
18.5605
 21
14.5057
  0
LINE
  8
0
 10
18.5605
 20
14.5057
 11
18.5471
 21
14.4867
  0
LINE
  8
0
 10
18.5471
 20
14.4867
 11
18.4908
 21
14.4108
  0
LINE
  8
0
 10
18.4908
 20
14.4108
 11
18.4775
 21
14.3918
  0
LINE
  8
0
 10
18.4775
 20
14.3918
 11
18.4634
 21
14.3721
  0
LINE
  8
0
 10
18.4634
 20
14.3721
 11
18.4353
 21
14.3341
  0
LINE
  8
0
 10
18.4353
 20
14.3341
 11
18.4212
 21
14.3145
  0
LINE
  8
0
 10
18.4212
 20
14.3145
 11
18.4072
 21
14.2955
  0
LINE
  8
0
 10
18.4072
 20
14.2955
 11
18.3938
 21
14.2765
  0
LINE
  8
0
 10
18.3938
 20
14.2765
 11
18.3798
 21
14.2568
  0
LINE
  8
0
 10
18.3798
 20
14.2568
 11
18.3657
 21
14.2378
  0
LINE
  8
0
 10
18.3657
 20
14.2378
 11
18.3516
 21
14.2181
  0
LINE
  8
0
 10
18.3516
 20
14.2181
 11
18.3376
 21
14.1991
  0
LINE
  8
0
 10
18.3376
 20
14.1991
 11
18.3235
 21
14.1795
  0
LINE
  8
0
 10
18.3235
 20
14.1795
 11
18.3094
 21
14.1605
  0
LINE
  8
0
 10
18.3094
 20
14.1605
 11
18.2954
 21
14.1408
  0
LINE
  8
0
 10
18.2954
 20
14.1408
 11
18.282
 21
14.1211
  0
LINE
  8
0
 10
18.282
 20
14.1211
 11
18.268
 21
14.1021
  0
LINE
  8
0
 10
18.268
 20
14.1021
 11
18.1976
 21
14.0037
  0
LINE
  8
0
 10
18.1976
 20
14.0037
 11
18.1836
 21
13.9847
  0
LINE
  8
0
 10
18.1836
 20
13.9847
 11
18.1555
 21
13.9453
  0
LINE
  8
0
 10
18.1555
 20
13.9453
 11
18.1421
 21
13.9256
  0
LINE
  8
0
 10
18.1421
 20
13.9256
 11
18.128
 21
13.9052
  0
LINE
  8
0
 10
18.128
 20
13.9052
 11
18.0577
 21
13.8068
  0
LINE
  8
0
 10
18.0577
 20
13.8068
 11
18.0437
 21
13.7864
  0
LINE
  8
0
 10
18.0437
 20
13.7864
 11
18.0155
 21
13.747
  0
LINE
  8
0
 10
18.0155
 20
13.747
 11
18.0022
 21
13.7266
  0
LINE
  8
0
 10
18.0022
 20
13.7266
 11
17.974
 21
13.6873
  0
LINE
  8
0
 10
17.974
 20
13.6873
 11
17.96
 21
13.6669
  0
LINE
  8
0
 10
17.96
 20
13.6669
 11
17.9459
 21
13.6472
  0
LINE
  8
0
 10
17.9459
 20
13.6472
 11
17.9178
 21
13.6064
  0
LINE
  8
0
 10
17.9178
 20
13.6064
 11
17.9037
 21
13.5867
  0
LINE
  8
0
 10
17.9037
 20
13.5867
 11
17.8897
 21
13.5663
  0
LINE
  8
0
 10
17.8897
 20
13.5663
 11
17.8763
 21
13.5459
  0
LINE
  8
0
 10
17.8763
 20
13.5459
 11
17.8622
 21
13.5263
  0
LINE
  8
0
 10
17.8622
 20
13.5263
 11
17.806
 21
13.4447
  0
LINE
  8
0
 10
17.806
 20
13.4447
 11
17.7926
 21
13.425
  0
LINE
  8
0
 10
17.7926
 20
13.425
 11
17.7364
 21
13.3434
  0
LINE
  8
0
 10
17.7364
 20
13.3434
 11
17.7223
 21
13.3223
  0
LINE
  8
0
 10
17.7223
 20
13.3223
 11
17.709
 21
13.302
  0
LINE
  8
0
 10
17.709
 20
13.302
 11
17.6668
 21
13.2408
  0
LINE
  8
0
 10
17.6668
 20
13.2408
 11
17.6534
 21
13.2204
  0
LINE
  8
0
 10
17.6534
 20
13.2204
 11
17.6394
 21
13.1993
  0
LINE
  8
0
 10
17.6394
 20
13.1993
 11
17.6112
 21
13.1585
  0
LINE
  8
0
 10
17.6112
 20
13.1585
 11
17.5979
 21
13.1374
  0
LINE
  8
0
 10
17.5979
 20
13.1374
 11
17.5838
 21
13.117
  0
LINE
  8
0
 10
17.5838
 20
13.117
 11
17.5697
 21
13.0959
  0
LINE
  8
0
 10
17.5697
 20
13.0959
 11
17.5564
 21
13.0755
  0
LINE
  8
0
 10
17.5564
 20
13.0755
 11
17.5423
 21
13.0545
  0
LINE
  8
0
 10
17.5423
 20
13.0545
 11
17.5283
 21
13.0341
  0
LINE
  8
0
 10
17.5283
 20
13.0341
 11
17.5149
 21
13.013
  0
LINE
  8
0
 10
17.5149
 20
13.013
 11
17.5008
 21
12.9919
  0
LINE
  8
0
 10
17.5008
 20
12.9919
 11
17.4868
 21
12.9715
  0
LINE
  8
0
 10
17.4868
 20
12.9715
 11
17.4734
 21
12.9504
  0
LINE
  8
0
 10
17.4734
 20
12.9504
 11
17.4594
 21
12.9293
  0
LINE
  8
0
 10
17.4594
 20
12.9293
 11
17.446
 21
12.9089
  0
LINE
  8
0
 10
17.446
 20
12.9089
 11
17.4179
 21
12.8667
  0
LINE
  8
0
 10
17.4179
 20
12.8667
 11
17.4045
 21
12.8456
  0
LINE
  8
0
 10
17.4045
 20
12.8456
 11
17.3905
 21
12.8245
  0
LINE
  8
0
 10
17.3905
 20
12.8245
 11
17.3771
 21
12.8034
  0
LINE
  8
0
 10
17.3771
 20
12.8034
 11
17.363
 21
12.7823
  0
LINE
  8
0
 10
17.363
 20
12.7823
 11
17.3497
 21
12.7613
  0
LINE
  8
0
 10
17.3497
 20
12.7613
 11
17.3356
 21
12.7402
  0
LINE
  8
0
 10
17.3356
 20
12.7402
 11
17.3089
 21
12.698
  0
LINE
  8
0
 10
17.3089
 20
12.698
 11
17.2948
 21
12.6769
  0
LINE
  8
0
 10
17.2948
 20
12.6769
 11
17.2815
 21
12.6558
  0
LINE
  8
0
 10
17.2815
 20
12.6558
 11
17.2674
 21
12.6347
  0
LINE
  8
0
 10
17.2674
 20
12.6347
 11
17.254
 21
12.6129
  0
LINE
  8
0
 10
17.254
 20
12.6129
 11
17.2407
 21
12.5918
  0
LINE
  8
0
 10
17.2407
 20
12.5918
 11
17.2266
 21
12.5707
  0
LINE
  8
0
 10
17.2266
 20
12.5707
 11
17.2133
 21
12.5489
  0
LINE
  8
0
 10
17.2133
 20
12.5489
 11
17.1865
 21
12.5067
  0
LINE
  8
0
 10
17.1865
 20
12.5067
 11
17.1725
 21
12.4849
  0
LINE
  8
0
 10
17.1725
 20
12.4849
 11
17.1591
 21
12.4638
  0
LINE
  8
0
 10
17.1591
 20
12.4638
 11
17.1458
 21
12.442
  0
LINE
  8
0
 10
17.1458
 20
12.442
 11
17.1324
 21
12.4209
  0
LINE
  8
0
 10
17.1324
 20
12.4209
 11
17.1183
 21
12.3991
  0
LINE
  8
0
 10
17.1183
 20
12.3991
 11
17.105
 21
12.378
  0
LINE
  8
0
 10
17.105
 20
12.378
 11
17.0783
 21
12.3345
  0
LINE
  8
0
 10
17.0783
 20
12.3345
 11
17.0649
 21
12.3134
  0
LINE
  8
0
 10
17.0649
 20
12.3134
 11
17.0115
 21
12.2262
  0
LINE
  8
0
 10
17.0115
 20
12.2262
 11
16.9981
 21
12.2051
  0
LINE
  8
0
 10
16.9981
 20
12.2051
 11
16.9313
 21
12.0961
  0
LINE
  8
0
 10
16.9313
 20
12.0961
 11
16.9187
 21
12.0743
  0
LINE
  8
0
 10
16.9187
 20
12.0743
 11
16.8786
 21
12.0089
  0
LINE
  8
0
 10
16.8786
 20
12.0089
 11
16.8659
 21
11.9871
  0
LINE
  8
0
 10
16.8659
 20
11.9871
 11
16.8526
 21
11.9646
  0
LINE
  8
0
 10
16.8526
 20
11.9646
 11
16.8392
 21
11.9428
  0
LINE
  8
0
 10
16.8392
 20
11.9428
 11
16.8265
 21
11.921
  0
LINE
  8
0
 10
16.8265
 20
11.921
 11
16.8132
 21
11.8992
  0
LINE
  8
0
 10
16.8132
 20
11.8992
 11
16.7998
 21
11.8767
  0
LINE
  8
0
 10
16.7998
 20
11.8767
 11
16.7872
 21
11.8549
  0
LINE
  8
0
 10
16.7872
 20
11.8549
 11
16.7738
 21
11.8331
  0
LINE
  8
0
 10
16.7738
 20
11.8331
 11
16.7612
 21
11.8106
  0
LINE
  8
0
 10
16.7612
 20
11.8106
 11
16.7478
 21
11.7888
  0
LINE
  8
0
 10
16.7478
 20
11.7888
 11
16.7351
 21
11.7663
  0
LINE
  8
0
 10
16.7351
 20
11.7663
 11
16.7218
 21
11.7445
  0
LINE
  8
0
 10
16.7218
 20
11.7445
 11
16.7091
 21
11.722
  0
LINE
  8
0
 10
16.7091
 20
11.722
 11
16.6965
 21
11.7002
  0
LINE
  8
0
 10
16.6965
 20
11.7002
 11
16.6831
 21
11.6777
  0
LINE
  8
0
 10
16.6831
 20
11.6777
 11
16.6705
 21
11.6559
  0
LINE
  8
0
 10
16.6705
 20
11.6559
 11
16.6451
 21
11.6109
  0
LINE
  8
0
 10
16.6451
 20
11.6109
 11
16.6318
 21
11.5891
  0
LINE
  8
0
 10
16.6318
 20
11.5891
 11
16.6065
 21
11.5441
  0
LINE
  8
0
 10
16.6065
 20
11.5441
 11
16.5938
 21
11.5223
  0
LINE
  8
0
 10
16.5938
 20
11.5223
 11
16.5305
 21
11.4098
  0
LINE
  8
0
 10
16.5305
 20
11.4098
 11
16.5179
 21
11.388
  0
LINE
  8
0
 10
16.5179
 20
11.388
 11
16.5052
 21
11.3655
  0
LINE
  8
0
 10
16.5052
 20
11.3655
 11
16.4933
 21
11.343
  0
LINE
  8
0
 10
16.4933
 20
11.343
 11
16.4553
 21
11.2755
  0
LINE
  8
0
 10
16.4553
 20
11.2755
 11
16.4433
 21
11.253
  0
LINE
  8
0
 10
16.4433
 20
11.253
 11
16.4307
 21
11.2298
  0
LINE
  8
0
 10
16.4307
 20
11.2298
 11
16.4187
 21
11.2073
  0
LINE
  8
0
 10
16.4187
 20
11.2073
 11
16.4061
 21
11.1848
  0
LINE
  8
0
 10
16.4061
 20
11.1848
 11
16.3941
 21
11.1623
  0
LINE
  8
0
 10
16.3941
 20
11.1623
 11
16.3815
 21
11.1398
  0
LINE
  8
0
 10
16.3815
 20
11.1398
 11
16.3695
 21
11.1173
  0
LINE
  8
0
 10
16.3695
 20
11.1173
 11
16.3569
 21
11.0941
  0
LINE
  8
0
 10
16.3569
 20
11.0941
 11
16.333
 21
11.0491
  0
LINE
  8
0
 10
16.333
 20
11.0491
 11
16.3203
 21
11.0259
  0
LINE
  8
0
 10
16.3203
 20
11.0259
 11
16.2964
 21
10.9809
  0
LINE
  8
0
 10
16.2964
 20
10.9809
 11
16.2844
 21
10.9577
  0
LINE
  8
0
 10
16.2844
 20
10.9577
 11
16.2725
 21
10.9352
  0
LINE
  8
0
 10
16.2725
 20
10.9352
 11
16.2605
 21
10.912
  0
LINE
  8
0
 10
16.2605
 20
10.912
 11
16.2366
 21
10.867
  0
LINE
  8
0
 10
16.2366
 20
10.867
 11
16.2127
 21
10.8206
  0
LINE
  8
0
 10
16.2127
 20
10.8206
 11
16.2008
 21
10.7981
  0
LINE
  8
0
 10
16.2008
 20
10.7981
 11
16.1888
 21
10.7749
  0
LINE
  8
0
 10
16.1888
 20
10.7749
 11
16.1776
 21
10.7524
  0
LINE
  8
0
 10
16.1776
 20
10.7524
 11
16.1537
 21
10.706
  0
LINE
  8
0
 10
16.1537
 20
10.706
 11
16.1424
 21
10.6835
  0
LINE
  8
0
 10
16.1424
 20
10.6835
 11
16.1305
 21
10.6603
  0
LINE
  8
0
 10
16.1305
 20
10.6603
 11
16.1192
 21
10.6371
  0
LINE
  8
0
 10
16.1192
 20
10.6371
 11
16.1073
 21
10.6146
  0
LINE
  8
0
 10
16.1073
 20
10.6146
 11
16.0735
 21
10.545
  0
LINE
  8
0
 10
16.0735
 20
10.545
 11
16.0615
 21
10.5218
  0
LINE
  8
0
 10
16.0615
 20
10.5218
 11
16.0503
 21
10.4986
  0
LINE
  8
0
 10
16.0503
 20
10.4986
 11
16.039
 21
10.4761
  0
LINE
  8
0
 10
16.039
 20
10.4761
 11
15.9828
 21
10.3601
  0
LINE
  8
0
 10
15.9828
 20
10.3601
 11
15.9722
 21
10.3369
  0
LINE
  8
0
 10
15.9722
 20
10.3369
 11
15.9498
 21
10.2905
  0
LINE
  8
0
 10
15.9498
 20
10.2905
 11
15.9392
 21
10.2666
  0
LINE
  8
0
 10
15.9392
 20
10.2666
 11
15.928
 21
10.2434
  0
LINE
  8
0
 10
15.928
 20
10.2434
 11
15.9174
 21
10.2202
  0
LINE
  8
0
 10
15.9174
 20
10.2202
 11
15.9062
 21
10.197
  0
LINE
  8
0
 10
15.9062
 20
10.197
 11
15.8851
 21
10.1505
  0
LINE
  8
0
 10
15.8851
 20
10.1505
 11
15.8745
 21
10.1266
  0
LINE
  8
0
 10
15.8745
 20
10.1266
 11
15.864
 21
10.1034
  0
LINE
  8
0
 10
15.864
 20
10.1034
 11
15.8527
 21
10.0802
  0
LINE
  8
0
 10
15.8527
 20
10.0802
 11
15.8429
 21
10.0563
  0
LINE
  8
0
 10
15.8429
 20
10.0563
 11
15.8218
 21
10.0099
  0
LINE
  8
0
 10
15.8218
 20
10.0099
 11
15.8112
 21
9.98602
  0
LINE
  8
0
 10
15.8112
 20
9.98602
 11
15.8007
 21
9.96281
  0
LINE
  8
0
 10
15.8007
 20
9.96281
 11
15.7908
 21
9.93891
  0
LINE
  8
0
 10
15.7908
 20
9.93891
 11
15.7803
 21
9.9157
  0
LINE
  8
0
 10
15.7803
 20
9.9157
 11
15.7705
 21
9.8918
  0
LINE
  8
0
 10
15.7705
 20
9.8918
 11
15.7599
 21
9.86859
  0
LINE
  8
0
 10
15.7599
 20
9.86859
 11
15.7501
 21
9.84469
  0
LINE
  8
0
 10
15.7501
 20
9.84469
 11
15.7402
 21
9.82148
  0
LINE
  8
0
 10
15.7402
 20
9.82148
 11
15.7107
 21
9.74977
  0
LINE
  8
0
 10
15.7107
 20
9.74977
 11
15.7008
 21
9.72656
  0
LINE
  8
0
 10
15.7008
 20
9.72656
 11
15.691
 21
9.70266
  0
LINE
  8
0
 10
15.691
 20
9.70266
 11
15.6819
 21
9.67875
  0
LINE
  8
0
 10
15.6819
 20
9.67875
 11
15.672
 21
9.65484
  0
LINE
  8
0
 10
15.672
 20
9.65484
 11
15.6629
 21
9.63094
  0
LINE
  8
0
 10
15.6629
 20
9.63094
 11
15.653
 21
9.60703
  0
LINE
  8
0
 10
15.653
 20
9.60703
 11
15.6165
 21
9.51141
  0
LINE
  8
0
 10
15.6165
 20
9.51141
 11
15.608
 21
9.4875
  0
LINE
  8
0
 10
15.608
 20
9.4875
 11
15.5989
 21
9.46289
  0
LINE
  8
0
 10
15.5989
 20
9.46289
 11
15.5905
 21
9.43898
  0
LINE
  8
0
 10
15.5905
 20
9.43898
 11
15.5813
 21
9.41508
  0
LINE
  8
0
 10
15.5813
 20
9.41508
 11
15.5644
 21
9.36586
  0
LINE
  8
0
 10
15.5644
 20
9.36586
 11
15.5567
 21
9.34195
  0
LINE
  8
0
 10
15.5567
 20
9.34195
 11
15.5483
 21
9.31734
  0
LINE
  8
0
 10
15.5483
 20
9.31734
 11
15.5328
 21
9.26813
  0
LINE
  8
0
 10
15.5328
 20
9.26813
 11
15.5251
 21
9.24281
  0
LINE
  8
0
 10
15.5251
 20
9.24281
 11
15.518
 21
9.2182
  0
LINE
  8
0
 10
15.518
 20
9.2182
 11
15.504
 21
9.16758
  0
LINE
  8
0
 10
15.504
 20
9.16758
 11
15.4983
 21
9.14227
  0
LINE
  8
0
 10
15.4983
 20
9.14227
 11
15.4927
 21
9.11625
  0
LINE
  8
0
 10
15.4927
 20
9.11625
 11
15.4878
 21
9.08953
  0
LINE
  8
0
 10
15.4878
 20
9.08953
 11
15.4864
 21
9.06
  0
LINE
  8
0
 10
15.4864
 20
9.06
 11
15.5145
 21
9.06984
  0
LINE
  8
0
 10
15.5145
 20
9.06984
 11
15.5384
 21
9.0818
  0
LINE
  8
0
 10
15.5384
 20
9.0818
 11
15.5616
 21
9.09445
  0
LINE
  8
0
 10
15.5616
 20
9.09445
 11
15.5848
 21
9.10781
  0
LINE
  8
0
 10
15.5848
 20
9.10781
 11
15.6066
 21
9.12117
  0
LINE
  8
0
 10
15.6066
 20
9.12117
 11
15.6291
 21
9.13523
  0
LINE
  8
0
 10
15.6291
 20
9.13523
 11
15.6727
 21
9.16336
  0
LINE
  8
0
 10
15.6727
 20
9.16336
 11
15.7149
 21
9.19148
  0
LINE
  8
0
 10
15.7149
 20
9.19148
 11
15.7367
 21
9.20625
  0
LINE
  8
0
 10
15.7367
 20
9.20625
 11
15.7578
 21
9.22031
  0
LINE
  8
0
 10
15.7578
 20
9.22031
 11
15.7789
 21
9.23508
  0
LINE
  8
0
 10
15.7789
 20
9.23508
 11
15.7993
 21
9.24984
  0
LINE
  8
0
 10
15.7993
 20
9.24984
 11
15.8204
 21
9.26391
  0
LINE
  8
0
 10
15.8204
 20
9.26391
 11
15.8415
 21
9.27867
  0
LINE
  8
0
 10
15.8415
 20
9.27867
 11
15.8619
 21
9.29344
  0
LINE
  8
0
 10
15.8619
 20
9.29344
 11
15.883
 21
9.3082
  0
LINE
  8
0
 10
15.883
 20
9.3082
 11
15.9033
 21
9.32367
  0
LINE
  8
0
 10
15.9033
 20
9.32367
 11
15.9441
 21
9.3532
  0
LINE
  8
0
 10
15.9441
 20
9.3532
 11
15.9652
 21
9.36797
  0
LINE
  8
0
 10
15.9652
 20
9.36797
 11
15.9856
 21
9.38344
  0
LINE
  8
0
 10
15.9856
 20
9.38344
 11
16.0264
 21
9.41297
  0
LINE
  8
0
 10
16.0264
 20
9.41297
 11
16.0468
 21
9.42844
  0
LINE
  8
0
 10
16.0468
 20
9.42844
 11
16.0672
 21
9.4432
  0
LINE
  8
0
 10
16.0672
 20
9.4432
 11
16.0876
 21
9.45867
  0
LINE
  8
0
 10
16.0876
 20
9.45867
 11
16.108
 21
9.47344
  0
LINE
  8
0
 10
16.108
 20
9.47344
 11
16.1276
 21
9.48891
  0
LINE
  8
0
 10
16.1276
 20
9.48891
 11
16.148
 21
9.50437
  0
LINE
  8
0
 10
16.148
 20
9.50437
 11
16.1684
 21
9.51914
  0
LINE
  8
0
 10
16.1684
 20
9.51914
 11
16.2092
 21
9.55008
  0
LINE
  8
0
 10
16.2092
 20
9.55008
 11
16.2289
 21
9.56555
  0
LINE
  8
0
 10
16.2289
 20
9.56555
 11
16.2493
 21
9.58031
  0
LINE
  8
0
 10
16.2493
 20
9.58031
 11
16.2697
 21
9.59578
  0
LINE
  8
0
 10
16.2697
 20
9.59578
 11
16.2894
 21
9.61125
  0
LINE
  8
0
 10
16.2894
 20
9.61125
 11
16.3098
 21
9.62672
  0
LINE
  8
0
 10
16.3098
 20
9.62672
 11
16.3294
 21
9.64219
  0
LINE
  8
0
 10
16.3294
 20
9.64219
 11
16.3702
 21
9.67313
  0
LINE
  8
0
 10
16.3702
 20
9.67313
 11
16.3899
 21
9.68859
  0
LINE
  8
0
 10
16.3899
 20
9.68859
 11
16.4103
 21
9.70406
  0
LINE
  8
0
 10
16.4103
 20
9.70406
 11
16.43
 21
9.71953
  0
LINE
  8
0
 10
16.43
 20
9.71953
 11
16.4504
 21
9.735
  0
LINE
  8
0
 10
16.4504
 20
9.735
 11
16.4898
 21
9.76594
  0
LINE
  8
0
 10
16.4898
 20
9.76594
 11
16.5101
 21
9.78141
  0
LINE
  8
0
 10
16.5101
 20
9.78141
 11
16.5298
 21
9.79688
  0
LINE
  8
0
 10
16.5298
 20
9.79688
 11
16.5502
 21
9.81305
  0
LINE
  8
0
 10
16.5502
 20
9.81305
 11
16.5896
 21
9.84398
  0
LINE
  8
0
 10
16.5896
 20
9.84398
 11
16.61
 21
9.85945
  0
LINE
  8
0
 10
16.61
 20
9.85945
 11
16.6297
 21
9.87562
  0
LINE
  8
0
 10
16.6297
 20
9.87562
 11
16.6494
 21
9.89109
  0
LINE
  8
0
 10
16.6494
 20
9.89109
 11
16.6698
 21
9.90656
  0
LINE
  8
0
 10
16.6698
 20
9.90656
 11
16.6894
 21
9.92273
  0
LINE
  8
0
 10
16.6894
 20
9.92273
 11
16.7091
 21
9.9382
  0
LINE
  8
0
 10
16.7091
 20
9.9382
 11
16.7295
 21
9.95367
  0
LINE
  8
0
 10
16.7295
 20
9.95367
 11
16.7492
 21
9.96984
  0
LINE
  8
0
 10
16.7492
 20
9.96984
 11
16.7689
 21
9.98531
  0
LINE
  8
0
 10
16.7689
 20
9.98531
 11
16.7886
 21
10.0015
  0
LINE
  8
0
 10
16.7886
 20
10.0015
 11
16.809
 21
10.017
  0
LINE
  8
0
 10
16.809
 20
10.017
 11
16.8287
 21
10.0331
  0
LINE
  8
0
 10
16.8287
 20
10.0331
 11
16.8483
 21
10.0486
  0
LINE
  8
0
 10
16.8483
 20
10.0486
 11
16.868
 21
10.0648
  0
LINE
  8
0
 10
16.868
 20
10.0648
 11
16.8877
 21
10.0802
  0
LINE
  8
0
 10
16.8877
 20
10.0802
 11
16.9081
 21
10.0964
  0
LINE
  8
0
 10
16.9081
 20
10.0964
 11
16.9278
 21
10.1126
  0
LINE
  8
0
 10
16.9278
 20
10.1126
 11
16.9475
 21
10.128
  0
LINE
  8
0
 10
16.9475
 20
10.128
 11
16.9869
 21
10.1604
  0
LINE
  8
0
 10
16.9869
 20
10.1604
 11
17.0065
 21
10.1759
  0
LINE
  8
0
 10
17.0065
 20
10.1759
 11
17.0853
 21
10.2405
  0
LINE
  8
0
 10
17.0853
 20
10.2405
 11
17.105
 21
10.256
  0
LINE
  8
0
 10
17.105
 20
10.256
 11
17.3019
 21
10.4177
  0
LINE
  8
0
 10
17.3019
 20
10.4177
 11
17.3208
 21
10.4339
  0
LINE
  8
0
 10
17.3208
 20
10.4339
 11
17.3405
 21
10.4508
  0
LINE
  8
0
 10
17.3405
 20
10.4508
 11
17.3996
 21
10.4993
  0
LINE
  8
0
 10
17.3996
 20
10.4993
 11
17.4186
 21
10.5155
  0
LINE
  8
0
 10
17.4186
 20
10.5155
 11
17.4383
 21
10.5323
  0
LINE
  8
0
 10
17.4383
 20
10.5323
 11
17.4776
 21
10.5647
  0
LINE
  8
0
 10
17.4776
 20
10.5647
 11
17.4966
 21
10.5816
  0
LINE
  8
0
 10
17.4966
 20
10.5816
 11
17.5163
 21
10.5977
  0
LINE
  8
0
 10
17.5163
 20
10.5977
 11
17.536
 21
10.6146
  0
LINE
  8
0
 10
17.536
 20
10.6146
 11
17.555
 21
10.6308
  0
LINE
  8
0
 10
17.555
 20
10.6308
 11
17.5747
 21
10.647
  0
LINE
  8
0
 10
17.5747
 20
10.647
 11
17.5944
 21
10.6638
  0
LINE
  8
0
 10
17.5944
 20
10.6638
 11
17.6133
 21
10.68
  0
LINE
  8
0
 10
17.6133
 20
10.68
 11
17.633
 21
10.6969
  0
LINE
  8
0
 10
17.633
 20
10.6969
 11
17.652
 21
10.7138
  0
LINE
  8
0
 10
17.652
 20
10.7138
 11
17.6717
 21
10.7299
  0
LINE
  8
0
 10
17.6717
 20
10.7299
 11
17.6907
 21
10.7468
  0
LINE
  8
0
 10
17.6907
 20
10.7468
 11
17.7104
 21
10.763
  0
LINE
  8
0
 10
17.7104
 20
10.763
 11
17.7294
 21
10.7798
  0
LINE
  8
0
 10
17.7294
 20
10.7798
 11
17.749
 21
10.7967
  0
LINE
  8
0
 10
17.749
 20
10.7967
 11
17.768
 21
10.8136
  0
LINE
  8
0
 10
17.768
 20
10.8136
 11
17.7877
 21
10.8298
  0
LINE
  8
0
 10
17.7877
 20
10.8298
 11
17.8257
 21
10.8635
  0
LINE
  8
0
 10
17.8257
 20
10.8635
 11
17.8454
 21
10.8804
  0
LINE
  8
0
 10
17.8454
 20
10.8804
 11
17.8833
 21
10.9141
  0
LINE
  8
0
 10
17.8833
 20
10.9141
 11
17.903
 21
10.931
  0
LINE
  8
0
 10
17.903
 20
10.931
 11
17.979
 21
10.9985
  0
LINE
  8
0
 10
17.979
 20
10.9985
 11
17.9987
 21
11.0154
  0
LINE
  8
0
 10
17.9987
 20
11.0154
 11
18.0746
 21
11.0829
  0
LINE
  8
0
 10
18.0746
 20
11.0829
 11
18.0936
 21
11.1005
  0
LINE
  8
0
 10
18.0936
 20
11.1005
 11
18.1505
 21
11.1511
  0
LINE
  8
0
 10
18.1505
 20
11.1511
 11
18.1695
 21
11.1687
  0
LINE
  8
0
 10
18.1695
 20
11.1687
 11
18.1885
 21
11.1855
  0
LINE
  8
0
 10
18.1885
 20
11.1855
 11
18.2075
 21
11.2031
  0
LINE
  8
0
 10
18.2075
 20
11.2031
 11
18.2258
 21
11.22
  0
LINE
  8
0
 10
18.2258
 20
11.22
 11
18.2447
 21
11.2376
  0
LINE
  8
0
 10
18.2447
 20
11.2376
 11
18.2637
 21
11.2545
  0
LINE
  8
0
 10
18.2637
 20
11.2545
 11
18.2827
 21
11.272
  0
LINE
  8
0
 10
18.2827
 20
11.272
 11
18.3017
 21
11.2889
  0
LINE
  8
0
 10
18.3017
 20
11.2889
 11
18.32
 21
11.3065
  0
LINE
  8
0
 10
18.32
 20
11.3065
 11
18.339
 21
11.3234
  0
LINE
  8
0
 10
18.339
 20
11.3234
 11
18.358
 21
11.3409
  0
LINE
  8
0
 10
18.358
 20
11.3409
 11
18.3762
 21
11.3585
  0
LINE
  8
0
 10
18.3762
 20
11.3585
 11
18.3952
 21
11.3761
  0
LINE
  8
0
 10
18.3952
 20
11.3761
 11
18.4135
 21
11.393
  0
LINE
  8
0
 10
18.4135
 20
11.393
 11
18.4325
 21
11.4105
  0
LINE
  8
0
 10
18.4325
 20
11.4105
 11
18.4508
 21
11.4281
  0
LINE
  8
0
 10
18.4508
 20
11.4281
 11
18.4698
 21
11.4457
  0
LINE
  8
0
 10
18.4698
 20
11.4457
 11
18.488
 21
11.4633
  0
LINE
  8
0
 10
18.488
 20
11.4633
 11
18.507
 21
11.4809
  0
LINE
  8
0
 10
18.507
 20
11.4809
 11
18.5436
 21
11.516
  0
LINE
  8
0
 10
18.5436
 20
11.516
 11
18.5626
 21
11.5336
  0
LINE
  8
0
 10
18.5626
 20
11.5336
 11
18.6174
 21
11.5863
  0
LINE
  8
0
 10
18.6174
 20
11.5863
 11
18.6364
 21
11.6039
  0
LINE
  8
0
 10
18.6364
 20
11.6039
 11
18.673
 21
11.6391
  0
LINE
  8
0
 10
18.673
 20
11.6391
 11
18.6912
 21
11.6573
  0
LINE
  8
0
 10
18.6912
 20
11.6573
 11
18.7278
 21
11.6925
  0
LINE
  8
0
 10
18.7278
 20
11.6925
 11
18.7461
 21
11.7108
  0
LINE
  8
0
 10
18.7461
 20
11.7108
 11
18.7826
 21
11.7459
  0
LINE
  8
0
 10
18.7826
 20
11.7459
 11
18.8551
 21
11.8184
  0
LINE
  8
0
 10
18.8551
 20
11.8184
 11
18.8733
 21
11.8359
  0
LINE
  8
0
 10
18.8733
 20
11.8359
 11
18.8909
 21
11.8542
  0
LINE
  8
0
 10
18.8909
 20
11.8542
 11
18.9092
 21
11.8718
  0
LINE
  8
0
 10
18.9092
 20
11.8718
 11
18.9268
 21
11.8901
  0
LINE
  8
0
 10
18.9268
 20
11.8901
 11
18.9451
 21
11.9084
  0
LINE
  8
0
 10
18.9451
 20
11.9084
 11
18.9626
 21
11.9266
  0
LINE
  8
0
 10
18.9626
 20
11.9266
 11
18.9809
 21
11.9442
  0
LINE
  8
0
 10
18.9809
 20
11.9442
 11
18.9985
 21
11.9625
  0
LINE
  8
0
 10
18.9985
 20
11.9625
 11
19.0168
 21
11.9808
  0
LINE
  8
0
 10
19.0168
 20
11.9808
 11
19.0519
 21
12.0173
  0
LINE
  8
0
 10
19.0519
 20
12.0173
 11
19.0702
 21
12.0356
  0
LINE
  8
0
 10
19.0702
 20
12.0356
 11
19.1757
 21
12.1453
  0
LINE
  8
0
 10
19.1757
 20
12.1453
 11
19.1933
 21
12.1643
  0
LINE
  8
0
 10
19.1933
 20
12.1643
 11
19.2284
 21
12.2009
  0
LINE
  8
0
 10
19.2284
 20
12.2009
 11
19.246
 21
12.2198
  0
LINE
  8
0
 10
19.246
 20
12.2198
 11
19.2812
 21
12.2564
  0
LINE
  8
0
 10
19.2812
 20
12.2564
 11
19.298
 21
12.2754
  0
LINE
  8
0
 10
19.298
 20
12.2754
 11
19.3156
 21
12.2937
  0
LINE
  8
0
 10
19.3156
 20
12.2937
 11
19.3332
 21
12.3127
  0
LINE
  8
0
 10
19.3332
 20
12.3127
 11
19.3501
 21
12.3309
  0
LINE
  8
0
 10
19.3501
 20
12.3309
 11
19.3676
 21
12.3499
  0
LINE
  8
0
 10
19.3676
 20
12.3499
 11
19.3845
 21
12.3682
  0
LINE
  8
0
 10
19.3845
 20
12.3682
 11
19.4021
 21
12.3872
  0
LINE
  8
0
 10
19.4021
 20
12.3872
 11
19.419
 21
12.4062
  0
LINE
  8
0
 10
19.419
 20
12.4062
 11
19.4358
 21
12.4245
  0
LINE
  8
0
 10
19.4358
 20
12.4245
 11
19.4534
 21
12.4434
  0
LINE
  8
0
 10
19.4534
 20
12.4434
 11
19.504
 21
12.5004
  0
LINE
  8
0
 10
19.504
 20
12.5004
 11
19.5209
 21
12.5187
  0
LINE
  8
0
 10
19.5209
 20
12.5187
 11
19.6053
 21
12.6136
  0
LINE
  8
0
 10
19.6053
 20
12.6136
 11
19.6222
 21
12.6333
  0
LINE
  8
0
 10
19.6222
 20
12.6333
 11
19.6383
 21
12.6523
  0
LINE
  8
0
 10
19.6383
 20
12.6523
 11
19.6721
 21
12.6902
  0
LINE
  8
0
 10
19.6721
 20
12.6902
 11
19.6883
 21
12.7092
  0
LINE
  8
0
 10
19.6883
 20
12.7092
 11
19.7051
 21
12.7289
  0
LINE
  8
0
 10
19.7051
 20
12.7289
 11
19.7213
 21
12.7479
  0
LINE
  8
0
 10
19.7213
 20
12.7479
 11
19.7382
 21
12.7669
  0
LINE
  8
0
 10
19.7382
 20
12.7669
 11
19.7544
 21
12.7866
  0
LINE
  8
0
 10
19.7544
 20
12.7866
 11
19.7712
 21
12.8055
  0
LINE
  8
0
 10
19.7712
 20
12.8055
 11
19.7874
 21
12.8245
  0
LINE
  8
0
 10
19.7874
 20
12.8245
 11
19.8036
 21
12.8442
  0
LINE
  8
0
 10
19.8036
 20
12.8442
 11
19.8197
 21
12.8632
  0
LINE
  8
0
 10
19.8197
 20
12.8632
 11
19.8521
 21
12.9026
  0
LINE
  8
0
 10
19.8521
 20
12.9026
 11
19.8683
 21
12.9216
  0
LINE
  8
0
 10
19.8683
 20
12.9216
 11
19.9006
 21
12.9609
  0
LINE
  8
0
 10
19.9006
 20
12.9609
 11
19.9168
 21
12.9799
  0
LINE
  8
0
 10
19.9168
 20
12.9799
 11
19.9491
 21
13.0193
  0
LINE
  8
0
 10
19.9491
 20
13.0193
 11
19.9646
 21
13.039
  0
LINE
  8
0
 10
19.9646
 20
13.039
 11
19.9808
 21
13.058
  0
LINE
  8
0
 10
19.9808
 20
13.058
 11
19.9962
 21
13.0777
  0
LINE
  8
0
 10
19.9962
 20
13.0777
 11
20.0124
 21
13.0973
  0
LINE
  8
0
 10
20.0124
 20
13.0973
 11
20.0279
 21
13.117
  0
LINE
  8
0
 10
20.0279
 20
13.117
 11
20.044
 21
13.1367
  0
LINE
  8
0
 10
20.044
 20
13.1367
 11
20.0905
 21
13.1958
  0
LINE
  8
0
 10
20.0905
 20
13.1958
 11
20.1066
 21
13.2162
  0
LINE
  8
0
 10
20.1066
 20
13.2162
 11
20.1685
 21
13.2949
  0
LINE
  8
0
 10
20.1685
 20
13.2949
 11
20.1833
 21
13.3153
  0
LINE
  8
0
 10
20.1833
 20
13.3153
 11
20.2142
 21
13.3547
  0
LINE
  8
0
 10
20.2142
 20
13.3547
 11
20.2297
 21
13.3751
  0
LINE
  8
0
 10
20.2297
 20
13.3751
 11
20.2444
 21
13.3948
  0
LINE
  8
0
 10
20.2444
 20
13.3948
 11
20.2599
 21
13.4152
  0
LINE
  8
0
 10
20.2599
 20
13.4152
 11
20.2747
 21
13.4348
  0
LINE
  8
0
 10
20.2747
 20
13.4348
 11
20.2901
 21
13.4552
  0
LINE
  8
0
 10
20.2901
 20
13.4552
 11
20.3049
 21
13.4749
  0
LINE
  8
0
 10
20.3049
 20
13.4749
 11
20.3344
 21
13.5157
  0
LINE
  8
0
 10
20.3344
 20
13.5157
 11
20.3499
 21
13.5354
  0
LINE
  8
0
 10
20.3499
 20
13.5354
 11
20.3794
 21
13.5762
  0
LINE
  8
0
 10
20.3794
 20
13.5762
 11
20.3942
 21
13.5959
  0
LINE
  8
0
 10
20.3942
 20
13.5959
 11
20.4237
 21
13.6366
  0
LINE
  8
0
 10
20.4237
 20
13.6366
 11
20.4385
 21
13.6563
  0
LINE
  8
0
 10
20.4385
 20
13.6563
 11
20.468
 21
13.6971
  0
LINE
  8
0
 10
20.468
 20
13.6971
 11
20.4821
 21
13.7175
  0
LINE
  8
0
 10
20.4821
 20
13.7175
 11
20.4969
 21
13.7372
  0
LINE
  8
0
 10
20.4969
 20
13.7372
 11
20.5412
 21
13.7984
  0
LINE
  8
0
 10
20.5412
 20
13.7984
 11
20.5552
 21
13.8188
  0
LINE
  8
0
 10
20.5552
 20
13.8188
 11
20.57
 21
13.8384
  0
LINE
  8
0
 10
20.57
 20
13.8384
 11
20.584
 21
13.8588
  0
LINE
  8
0
 10
20.584
 20
13.8588
 11
20.6136
 21
13.8996
  0
LINE
  8
0
 10
20.6136
 20
13.8996
 11
20.6276
 21
13.92
  0
LINE
  8
0
 10
20.6276
 20
13.92
 11
20.6424
 21
13.9404
  0
LINE
  8
0
 10
20.6424
 20
13.9404
 11
20.6565
 21
13.9601
  0
LINE
  8
0
 10
20.6565
 20
13.9601
 11
20.6705
 21
13.9805
  0
LINE
  8
0
 10
20.6705
 20
13.9805
 11
20.6853
 21
14.0009
  0
LINE
  8
0
 10
20.6853
 20
14.0009
 11
20.7275
 21
14.062
  0
LINE
  8
0
 10
20.7275
 20
14.062
 11
20.7422
 21
14.0824
  0
LINE
  8
0
 10
20.7422
 20
14.0824
 11
20.8547
 21
14.2455
  0
LINE
  8
0
 10
20.8547
 20
14.2455
 11
20.8681
 21
14.2659
  0
LINE
  8
0
 10
20.8681
 20
14.2659
 11
20.9103
 21
14.3271
  0
LINE
  8
0
 10
20.9103
 20
14.3271
 11
20.9237
 21
14.3475
  0
LINE
  8
0
 10
20.9237
 20
14.3475
 11
20.9377
 21
14.3679
  0
LINE
  8
0
 10
20.9377
 20
14.3679
 11
20.9511
 21
14.3883
  0
LINE
  8
0
 10
20.9511
 20
14.3883
 11
20.9651
 21
14.4087
  0
LINE
  8
0
 10
20.9651
 20
14.4087
 11
20.9785
 21
14.4291
  0
LINE
  8
0
 10
20.9785
 20
14.4291
 11
20.9926
 21
14.4495
  0
LINE
  8
0
 10
20.9926
 20
14.4495
 11
21.0059
 21
14.4698
  0
LINE
  8
0
 10
21.0059
 20
14.4698
 11
21.02
 21
14.4902
  0
LINE
  8
0
 10
21.02
 20
14.4902
 11
21.0333
 21
14.5113
  0
LINE
  8
0
 10
21.0333
 20
14.5113
 11
21.0601
 21
14.5521
  0
LINE
  8
0
 10
21.0601
 20
14.5521
 11
21.0741
 21
14.5725
  0
LINE
  8
0
 10
21.0741
 20
14.5725
 11
21.0875
 21
14.5929
  0
LINE
  8
0
 10
21.0875
 20
14.5929
 11
21.1008
 21
14.614
  0
LINE
  8
0
 10
21.1008
 20
14.614
 11
21.1409
 21
14.6752
  0
LINE
  8
0
 10
21.1409
 20
14.6752
 11
21.1536
 21
14.6955
  0
LINE
  8
0
 10
21.1536
 20
14.6955
 11
21.1669
 21
14.7166
  0
LINE
  8
0
 10
21.1669
 20
14.7166
 11
21.207
 21
14.7778
  0
LINE
  8
0
 10
21.207
 20
14.7778
 11
21.2197
 21
14.7989
  0
LINE
  8
0
 10
21.2197
 20
14.7989
 11
21.233
 21
14.8193
  0
LINE
  8
0
 10
21.233
 20
14.8193
 11
21.2457
 21
14.8397
  0
LINE
  8
0
 10
21.2457
 20
14.8397
 11
21.259
 21
14.8608
  0
LINE
  8
0
 10
21.259
 20
14.8608
 11
21.2717
 21
14.8812
  0
LINE
  8
0
 10
21.2717
 20
14.8812
 11
21.2851
 21
14.9016
  0
LINE
  8
0
 10
21.2851
 20
14.9016
 11
21.2977
 21
14.9227
  0
LINE
  8
0
 10
21.2977
 20
14.9227
 11
21.3104
 21
14.943
  0
LINE
  8
0
 10
21.3104
 20
14.943
 11
21.323
 21
14.9641
  0
LINE
  8
0
 10
21.323
 20
14.9641
 11
21.3364
 21
14.9845
  0
LINE
  8
0
 10
21.3364
 20
14.9845
 11
21.349
 21
15.0049
  0
LINE
  8
0
 10
21.349
 20
15.0049
 11
21.3617
 21
15.026
  0
LINE
  8
0
 10
21.3617
 20
15.026
 11
21.3744
 21
15.0464
  0
LINE
  8
0
 10
21.3744
 20
15.0464
 11
21.387
 21
15.0675
  0
LINE
  8
0
 10
21.387
 20
15.0675
 11
21.3997
 21
15.0879
  0
LINE
  8
0
 10
21.3997
 20
15.0879
 11
21.4123
 21
15.109
  0
LINE
  8
0
 10
21.4123
 20
15.109
 11
21.4243
 21
15.1294
  0
LINE
  8
0
 10
21.4243
 20
15.1294
 11
21.4369
 21
15.1505
  0
LINE
  8
0
 10
21.4369
 20
15.1505
 11
21.4496
 21
15.1709
  0
LINE
  8
0
 10
21.4496
 20
15.1709
 11
21.4623
 21
15.192
  0
LINE
  8
0
 10
21.4623
 20
15.192
 11
21.4742
 21
15.2123
  0
LINE
  8
0
 10
21.4742
 20
15.2123
 11
21.4869
 21
15.2334
  0
LINE
  8
0
 10
21.4869
 20
15.2334
 11
21.4988
 21
15.2538
  0
LINE
  8
0
 10
21.4988
 20
15.2538
 11
21.5115
 21
15.2749
  0
LINE
  8
0
 10
21.5115
 20
15.2749
 11
21.5234
 21
15.296
  0
LINE
  8
0
 10
21.5234
 20
15.296
 11
21.5354
 21
15.3164
  0
LINE
  8
0
 10
21.5354
 20
15.3164
 11
21.548
 21
15.3375
  0
LINE
  8
0
 10
21.548
 20
15.3375
 11
21.56
 21
15.3579
  0
LINE
  8
0
 10
21.56
 20
15.3579
 11
21.5839
 21
15.4001
  0
LINE
  8
0
 10
21.5839
 20
15.4001
 11
21.5958
 21
15.4205
  0
LINE
  8
0
 10
21.5958
 20
15.4205
 11
21.6197
 21
15.4627
  0
LINE
  8
0
 10
21.6197
 20
15.4627
 11
21.6317
 21
15.483
  0
LINE
  8
0
 10
21.6317
 20
15.483
 11
21.6556
 21
15.5252
  0
LINE
  8
0
 10
21.6556
 20
15.5252
 11
21.6669
 21
15.5463
  0
LINE
  8
0
 10
21.6669
 20
15.5463
 11
21.6788
 21
15.5667
  0
LINE
  8
0
 10
21.6788
 20
15.5667
 11
21.6908
 21
15.5878
  0
LINE
  8
0
 10
21.6908
 20
15.5878
 11
21.702
 21
15.6089
  0
LINE
  8
0
 10
21.702
 20
15.6089
 11
21.714
 21
15.63
  0
LINE
  8
0
 10
21.714
 20
15.63
 11
21.7252
 21
15.6504
  0
LINE
  8
0
 10
21.7252
 20
15.6504
 11
21.7365
 21
15.6715
  0
LINE
  8
0
 10
21.7365
 20
15.6715
 11
21.7484
 21
15.6926
  0
LINE
  8
0
 10
21.7484
 20
15.6926
 11
21.7934
 21
15.777
  0
LINE
  8
0
 10
21.7934
 20
15.777
 11
21.8047
 21
15.7973
  0
LINE
  8
0
 10
21.8047
 20
15.7973
 11
21.8384
 21
15.8606
  0
LINE
  8
0
 10
21.8384
 20
15.8606
 11
21.849
 21
15.8817
  0
LINE
  8
0
 10
21.849
 20
15.8817
 11
21.8715
 21
15.9239
  0
LINE
  8
0
 10
21.8715
 20
15.9239
 11
21.882
 21
15.945
  0
LINE
  8
0
 10
21.882
 20
15.945
 11
21.8933
 21
15.9661
  0
LINE
  8
0
 10
21.8933
 20
15.9661
 11
21.9038
 21
15.9872
  0
LINE
  8
0
 10
21.9038
 20
15.9872
 11
21.9151
 21
16.0083
  0
LINE
  8
0
 10
21.9151
 20
16.0083
 11
21.9678
 21
16.1137
  0
LINE
  8
0
 10
21.9678
 20
16.1137
 11
21.9783
 21
16.1355
  0
LINE
  8
0
 10
21.9783
 20
16.1355
 11
22.0205
 21
16.2199
  0
LINE
  8
0
 10
22.0205
 20
16.2199
 11
22.0304
 21
16.241
  0
LINE
  8
0
 10
22.0304
 20
16.241
 11
22.0409
 21
16.2628
  0
LINE
  8
0
 10
22.0409
 20
16.2628
 11
22.0508
 21
16.2839
  0
LINE
  8
0
 10
22.0508
 20
16.2839
 11
22.0613
 21
16.305
  0
LINE
  8
0
 10
22.0613
 20
16.305
 11
22.0712
 21
16.3261
  0
LINE
  8
0
 10
22.0712
 20
16.3261
 11
22.0817
 21
16.3472
  0
LINE
  8
0
 10
22.0817
 20
16.3472
 11
22.0915
 21
16.369
  0
LINE
  8
0
 10
22.0915
 20
16.369
 11
22.1112
 21
16.4112
  0
LINE
  8
0
 10
22.1112
 20
16.4112
 11
22.1211
 21
16.433
  0
LINE
  8
0
 10
22.1211
 20
16.433
 11
22.1408
 21
16.4752
  0
LINE
  8
0
 10
22.1408
 20
16.4752
 11
22.1506
 21
16.497
  0
LINE
  8
0
 10
22.1506
 20
16.497
 11
22.1605
 21
16.518
  0
LINE
  8
0
 10
22.1605
 20
16.518
 11
22.1696
 21
16.5391
  0
LINE
  8
0
 10
22.1696
 20
16.5391
 11
22.1794
 21
16.5609
  0
LINE
  8
0
 10
22.1794
 20
16.5609
 11
22.1886
 21
16.582
  0
LINE
  8
0
 10
22.1886
 20
16.582
 11
22.1984
 21
16.6038
  0
LINE
  8
0
 10
22.1984
 20
16.6038
 11
22.2076
 21
16.6249
  0
LINE
  8
0
 10
22.2076
 20
16.6249
 11
22.2174
 21
16.646
  0
LINE
  8
0
 10
22.2174
 20
16.646
 11
22.2265
 21
16.6678
  0
LINE
  8
0
 10
22.2265
 20
16.6678
 11
22.2357
 21
16.6889
  0
LINE
  8
0
 10
22.2357
 20
16.6889
 11
22.2448
 21
16.7107
  0
LINE
  8
0
 10
22.2448
 20
16.7107
 11
22.254
 21
16.7318
  0
LINE
  8
0
 10
22.254
 20
16.7318
 11
22.2631
 21
16.7536
  0
LINE
  8
0
 10
22.2631
 20
16.7536
 11
22.2722
 21
16.7747
  0
LINE
  8
0
 10
22.2722
 20
16.7747
 11
22.2814
 21
16.7965
  0
LINE
  8
0
 10
22.2814
 20
16.7965
 11
22.2905
 21
16.8176
  0
LINE
  8
0
 10
22.2905
 20
16.8176
 11
22.2997
 21
16.8394
  0
LINE
  8
0
 10
22.2997
 20
16.8394
 11
22.3081
 21
16.8612
  0
LINE
  8
0
 10
22.3081
 20
16.8612
 11
22.3173
 21
16.8823
  0
LINE
  8
0
 10
22.3173
 20
16.8823
 11
22.3257
 21
16.9041
  0
LINE
  8
0
 10
22.3257
 20
16.9041
 11
22.3348
 21
16.9252
  0
LINE
  8
0
 10
22.3348
 20
16.9252
 11
22.3517
 21
16.9688
  0
LINE
  8
0
 10
22.3517
 20
16.9688
 11
22.3601
 21
16.9898
  0
LINE
  8
0
 10
22.3601
 20
16.9898
 11
22.3855
 21
17.0552
  0
LINE
  8
0
 10
22.3855
 20
17.0552
 11
22.3939
 21
17.0763
  0
LINE
  8
0
 10
22.3939
 20
17.0763
 11
22.4108
 21
17.1199
  0
LINE
  8
0
 10
22.4108
 20
17.1199
 11
22.4185
 21
17.1417
  0
LINE
  8
0
 10
22.4185
 20
17.1417
 11
22.4269
 21
17.1628
  0
LINE
  8
0
 10
22.4269
 20
17.1628
 11
22.4347
 21
17.1846
  0
LINE
  8
0
 10
22.4347
 20
17.1846
 11
22.4431
 21
17.2064
  0
LINE
  8
0
 10
22.4431
 20
17.2064
 11
22.4586
 21
17.25
  0
LINE
  8
0
 10
22.4586
 20
17.25
 11
22.467
 21
17.2711
  0
LINE
  8
0
 10
22.467
 20
17.2711
 11
22.498
 21
17.3583
  0
LINE
  8
0
 10
22.498
 20
17.3583
 11
22.505
 21
17.3801
  0
LINE
  8
0
 10
22.505
 20
17.3801
 11
22.5205
 21
17.4237
  0
LINE
  8
0
 10
22.5205
 20
17.4237
 11
22.5275
 21
17.4455
  0
LINE
  8
0
 10
22.5275
 20
17.4455
 11
22.5352
 21
17.4673
  0
LINE
  8
0
 10
22.5352
 20
17.4673
 11
22.5493
 21
17.5109
  0
LINE
  8
0
 10
22.5493
 20
17.5109
 11
22.557
 21
17.5327
  0
LINE
  8
0
 10
22.557
 20
17.5327
 11
22.5851
 21
17.6198
  0
LINE
  8
0
 10
22.5851
 20
17.6198
 11
22.5915
 21
17.6416
  0
LINE
  8
0
 10
22.5915
 20
17.6416
 11
22.6055
 21
17.6852
  0
LINE
  8
0
 10
22.6055
 20
17.6852
 11
22.6119
 21
17.707
  0
LINE
  8
0
 10
22.6119
 20
17.707
 11
22.6189
 21
17.7295
  0
LINE
  8
0
 10
22.6189
 20
17.7295
 11
22.6252
 21
17.7513
  0
LINE
  8
0
 10
22.6252
 20
17.7513
 11
22.6322
 21
17.7731
  0
LINE
  8
0
 10
22.6322
 20
17.7731
 11
22.6512
 21
17.8385
  0
LINE
  8
0
 10
22.6512
 20
17.8385
 11
22.6576
 21
17.861
  0
LINE
  8
0
 10
22.6576
 20
17.861
 11
22.6765
 21
17.9264
  0
LINE
  8
0
 10
22.6765
 20
17.9264
 11
22.6822
 21
17.9489
  0
LINE
  8
0
 10
22.6822
 20
17.9489
 11
22.6885
 21
17.9707
  0
LINE
  8
0
 10
22.6885
 20
17.9707
 11
22.6941
 21
17.9925
  0
LINE
  8
0
 10
22.6941
 20
17.9925
 11
22.7005
 21
18.015
  0
LINE
  8
0
 10
22.7005
 20
18.015
 11
22.7117
 21
18.0586
  0
LINE
  8
0
 10
22.7117
 20
18.0586
 11
22.7173
 21
18.0811
  0
LINE
  8
0
 10
22.7173
 20
18.0811
 11
22.7286
 21
18.1247
  0
LINE
  8
0
 10
22.7286
 20
18.1247
 11
22.7342
 21
18.1472
  0
LINE
  8
0
 10
22.7342
 20
18.1472
 11
22.7455
 21
18.1908
  0
LINE
  8
0
 10
22.7455
 20
18.1908
 11
22.7504
 21
18.2133
  0
LINE
  8
0
 10
22.7504
 20
18.2133
 11
22.756
 21
18.2351
  0
LINE
  8
0
 10
22.756
 20
18.2351
 11
22.7609
 21
18.2576
  0
LINE
  8
0
 10
22.7609
 20
18.2576
 11
22.7665
 21
18.2794
  0
LINE
  8
0
 10
22.7665
 20
18.2794
 11
22.7715
 21
18.3019
  0
LINE
  8
0
 10
22.7715
 20
18.3019
 11
22.7764
 21
18.3237
  0
LINE
  8
0
 10
22.7764
 20
18.3237
 11
22.7813
 21
18.3462
  0
LINE
  8
0
 10
22.7813
 20
18.3462
 11
22.7862
 21
18.368
  0
LINE
  8
0
 10
22.7862
 20
18.368
 11
22.7912
 21
18.3905
  0
LINE
  8
0
 10
22.7912
 20
18.3905
 11
22.7961
 21
18.4123
  0
LINE
  8
0
 10
22.7961
 20
18.4123
 11
22.801
 21
18.4348
  0
LINE
  8
0
 10
22.801
 20
18.4348
 11
22.8052
 21
18.4566
  0
LINE
  8
0
 10
22.8052
 20
18.4566
 11
22.8101
 21
18.4791
  0
LINE
  8
0
 10
22.8101
 20
18.4791
 11
22.8144
 21
18.5009
  0
LINE
  8
0
 10
22.8144
 20
18.5009
 11
22.8193
 21
18.5234
  0
LINE
  8
0
 10
22.8193
 20
18.5234
 11
22.8235
 21
18.5452
  0
LINE
  8
0
 10
22.8235
 20
18.5452
 11
22.8277
 21
18.5677
  0
LINE
  8
0
 10
22.8277
 20
18.5677
 11
22.8319
 21
18.5895
  0
LINE
  8
0
 10
22.8319
 20
18.5895
 11
22.8369
 21
18.612
  0
LINE
  8
0
 10
22.8369
 20
18.612
 11
22.8404
 21
18.6345
  0
LINE
  8
0
 10
22.8404
 20
18.6345
 11
22.8446
 21
18.6562
  0
LINE
  8
0
 10
22.8446
 20
18.6562
 11
22.853
 21
18.7013
  0
LINE
  8
0
 10
22.853
 20
18.7013
 11
22.8565
 21
18.723
  0
LINE
  8
0
 10
22.8565
 20
18.723
 11
22.8608
 21
18.7455
  0
LINE
  8
0
 10
22.8608
 20
18.7455
 11
22.8643
 21
18.768
  0
LINE
  8
0
 10
22.8643
 20
18.768
 11
22.8678
 21
18.7898
  0
LINE
  8
0
 10
22.8678
 20
18.7898
 11
22.872
 21
18.8123
  0
LINE
  8
0
 10
22.872
 20
18.8123
 11
22.8755
 21
18.8348
  0
LINE
  8
0
 10
22.8755
 20
18.8348
 11
22.879
 21
18.8566
  0
LINE
  8
0
 10
22.879
 20
18.8566
 11
22.8861
 21
18.9016
  0
LINE
  8
0
 10
22.8861
 20
18.9016
 11
22.8889
 21
18.9241
  0
LINE
  8
0
 10
22.8889
 20
18.9241
 11
22.8924
 21
18.9459
  0
LINE
  8
0
 10
22.8924
 20
18.9459
 11
22.8959
 21
18.9684
  0
LINE
  8
0
 10
22.8959
 20
18.9684
 11
22.9015
 21
19.0134
  0
LINE
  8
0
 10
22.9015
 20
19.0134
 11
22.9051
 21
19.0352
  0
LINE
  8
0
 10
22.9051
 20
19.0352
 11
22.9135
 21
19.1027
  0
LINE
  8
0
 10
22.9135
 20
19.1027
 11
22.9163
 21
19.1245
  0
LINE
  8
0
 10
22.9163
 20
19.1245
 11
22.9191
 21
19.147
  0
LINE
  8
0
 10
22.9191
 20
19.147
 11
22.9212
 21
19.1695
  0
LINE
  8
0
 10
22.9212
 20
19.1695
 11
22.9269
 21
19.2145
  0
LINE
  8
0
 10
22.9269
 20
19.2145
 11
22.929
 21
19.2363
  0
LINE
  8
0
 10
22.929
 20
19.2363
 11
22.9311
 21
19.2588
  0
LINE
  8
0
 10
22.9311
 20
19.2588
 11
22.9339
 21
19.2813
  0
LINE
  8
0
 10
22.9339
 20
19.2813
 11
22.9423
 21
19.3713
  0
LINE
  8
0
 10
22.9423
 20
19.3713
 11
22.9444
 21
19.3931
  0
LINE
  8
0
 10
22.9444
 20
19.3931
 11
22.9458
 21
19.4156
  0
LINE
  8
0
 10
22.9458
 20
19.4156
 11
22.948
 21
19.4381
  0
LINE
  8
0
 10
22.948
 20
19.4381
 11
22.9494
 21
19.4606
  0
LINE
  8
0
 10
22.9494
 20
19.4606
 11
22.9515
 21
19.4831
  0
LINE
  8
0
 10
22.9515
 20
19.4831
 11
22.9557
 21
19.5506
  0
LINE
  8
0
 10
22.9557
 20
19.5506
 11
22.9578
 21
19.5724
  0
LINE
  8
0
 10
22.9578
 20
19.5724
 11
22.9585
 21
19.5949
  0
LINE
  8
0
 10
22.9585
 20
19.5949
 11
22.9627
 21
19.6624
  0
LINE
  8
0
 10
22.9627
 20
19.6624
 11
22.9634
 21
19.6849
  0
LINE
  8
0
 10
22.9634
 20
19.6849
 11
22.9648
 21
19.7074
  0
LINE
  8
0
 10
22.9648
 20
19.7074
 11
22.9662
 21
19.7524
  0
LINE
  8
0
 10
22.9662
 20
19.7524
 11
22.9676
 21
19.7749
  0
LINE
  8
0
 10
22.9676
 20
19.7749
 11
22.969
 21
19.8199
  0
LINE
  8
0
 10
22.969
 20
19.8199
 11
22.969
 21
19.8424
  0
LINE
  8
0
 10
22.969
 20
19.8424
 11
22.9712
 21
19.9092
  0
LINE
  8
0
 10
22.9712
 20
19.9092
 11
22.9712
 21
19.9317
  0
LINE
  8
0
 10
22.9712
 20
19.9317
 11
22.9719
 21
19.9542
  0
LINE
  8
0
 10
22.9719
 20
19.9542
 11
22.9719
 21
20.1117
  0
LINE
  8
0
 10
22.9719
 20
20.1117
 11
22.9712
 21
20.1342
  0
LINE
  8
0
 10
31.7546
 20
28.6751
 11
31.7539
 21
28.7623
  0
LINE
  8
0
 10
31.7539
 20
28.7623
 11
31.7518
 21
28.8502
  0
LINE
  8
0
 10
31.7518
 20
28.8502
 11
31.7462
 21
29.0245
  0
LINE
  8
0
 10
31.7462
 20
29.0245
 11
31.7391
 21
29.1996
  0
LINE
  8
0
 10
31.7391
 20
29.1996
 11
31.7293
 21
29.374
  0
LINE
  8
0
 10
31.7293
 20
29.374
 11
31.7237
 21
29.4612
  0
LINE
  8
0
 10
31.7237
 20
29.4612
 11
31.7173
 21
29.5491
  0
LINE
  8
0
 10
31.7173
 20
29.5491
 11
31.711
 21
29.6363
  0
LINE
  8
0
 10
31.711
 20
29.6363
 11
31.7033
 21
29.7234
  0
LINE
  8
0
 10
31.7033
 20
29.7234
 11
31.6955
 21
29.8099
  0
LINE
  8
0
 10
31.6955
 20
29.8099
 11
31.6787
 21
29.9843
  0
LINE
  8
0
 10
31.6787
 20
29.9843
 11
31.6688
 21
30.0715
  0
LINE
  8
0
 10
31.6688
 20
30.0715
 11
31.659
 21
30.158
  0
LINE
  8
0
 10
31.659
 20
30.158
 11
31.6491
 21
30.2452
  0
LINE
  8
0
 10
31.6491
 20
30.2452
 11
31.6379
 21
30.3316
  0
LINE
  8
0
 10
31.6379
 20
30.3316
 11
31.6266
 21
30.4188
  0
LINE
  8
0
 10
31.6266
 20
30.4188
 11
31.614
 21
30.5053
  0
LINE
  8
0
 10
31.614
 20
30.5053
 11
31.602
 21
30.5918
  0
LINE
  8
0
 10
31.602
 20
30.5918
 11
31.5753
 21
30.7648
  0
LINE
  8
0
 10
31.5753
 20
30.7648
 11
31.5605
 21
30.8513
  0
LINE
  8
0
 10
31.5605
 20
30.8513
 11
31.5465
 21
30.937
  0
LINE
  8
0
 10
31.5465
 20
30.937
 11
31.531
 21
31.0235
  0
LINE
  8
0
 10
31.531
 20
31.0235
 11
31.4987
 21
31.1951
  0
LINE
  8
0
 10
31.4987
 20
31.1951
 11
31.4649
 21
31.3666
  0
LINE
  8
0
 10
31.4649
 20
31.3666
 11
31.4283
 21
31.5382
  0
LINE
  8
0
 10
31.4283
 20
31.5382
 11
31.4094
 21
31.6233
  0
LINE
  8
0
 10
31.4094
 20
31.6233
 11
31.3904
 21
31.7091
  0
LINE
  8
0
 10
31.3904
 20
31.7091
 11
31.3496
 21
31.8792
  0
LINE
  8
0
 10
31.3496
 20
31.8792
 11
31.3285
 21
31.9636
  0
LINE
  8
0
 10
31.3285
 20
31.9636
 11
31.3074
 21
32.0487
  0
LINE
  8
0
 10
31.3074
 20
32.0487
 11
31.2849
 21
32.133
  0
LINE
  8
0
 10
31.2849
 20
32.133
 11
31.2624
 21
32.2181
  0
LINE
  8
0
 10
31.2624
 20
32.2181
 11
31.2399
 21
32.3025
  0
LINE
  8
0
 10
31.2399
 20
32.3025
 11
31.216
 21
32.3862
  0
LINE
  8
0
 10
31.216
 20
32.3862
 11
31.1921
 21
32.4705
  0
LINE
  8
0
 10
31.1921
 20
32.4705
 11
31.1675
 21
32.5542
  0
LINE
  8
0
 10
31.1675
 20
32.5542
 11
31.1422
 21
32.6386
  0
LINE
  8
0
 10
31.1422
 20
32.6386
 11
31.1162
 21
32.7223
  0
LINE
  8
0
 10
31.1162
 20
32.7223
 11
31.0901
 21
32.8052
  0
LINE
  8
0
 10
31.0901
 20
32.8052
 11
31.0634
 21
32.8889
  0
LINE
  8
0
 10
31.0634
 20
32.8889
 11
31.0367
 21
32.9719
  0
LINE
  8
0
 10
31.0367
 20
32.9719
 11
30.9805
 21
33.1378
  0
LINE
  8
0
 10
30.9805
 20
33.1378
 11
30.9516
 21
33.2201
  0
LINE
  8
0
 10
30.9516
 20
33.2201
 11
30.9228
 21
33.303
  0
LINE
  8
0
 10
30.9228
 20
33.303
 11
30.8933
 21
33.3853
  0
LINE
  8
0
 10
30.8933
 20
33.3853
 11
30.863
 21
33.4669
  0
LINE
  8
0
 10
30.863
 20
33.4669
 11
30.8321
 21
33.5491
  0
LINE
  8
0
 10
30.8321
 20
33.5491
 11
30.7688
 21
33.7123
  0
LINE
  8
0
 10
30.7688
 20
33.7123
 11
30.7365
 21
33.7938
  0
LINE
  8
0
 10
30.7365
 20
33.7938
 11
30.7041
 21
33.8747
  0
LINE
  8
0
 10
30.7041
 20
33.8747
 11
30.6711
 21
33.9555
  0
LINE
  8
0
 10
30.6711
 20
33.9555
 11
30.6373
 21
34.0364
  0
LINE
  8
0
 10
30.6373
 20
34.0364
 11
30.5684
 21
34.1967
  0
LINE
  8
0
 10
30.5684
 20
34.1967
 11
30.5333
 21
34.2769
  0
LINE
  8
0
 10
30.5333
 20
34.2769
 11
30.4974
 21
34.357
  0
LINE
  8
0
 10
30.4974
 20
34.357
 11
30.4243
 21
34.5159
  0
LINE
  8
0
 10
30.4243
 20
34.5159
 11
30.387
 21
34.5954
  0
LINE
  8
0
 10
30.387
 20
34.5954
 11
30.3498
 21
34.6741
  0
LINE
  8
0
 10
30.3498
 20
34.6741
 11
30.3118
 21
34.7529
  0
LINE
  8
0
 10
30.3118
 20
34.7529
 11
30.2731
 21
34.8316
  0
LINE
  8
0
 10
30.2731
 20
34.8316
 11
30.1944
 21
34.9877
  0
LINE
  8
0
 10
30.1944
 20
34.9877
 11
30.1543
 21
35.0658
  0
LINE
  8
0
 10
30.1543
 20
35.0658
 11
30.0727
 21
35.2205
  0
LINE
  8
0
 10
30.0727
 20
35.2205
 11
30.0312
 21
35.2971
  0
LINE
  8
0
 10
30.0312
 20
35.2971
 11
29.9469
 21
35.4504
  0
LINE
  8
0
 10
29.9469
 20
35.4504
 11
29.904
 21
35.527
  0
LINE
  8
0
 10
29.904
 20
35.527
 11
29.8604
 21
35.603
  0
LINE
  8
0
 10
29.8604
 20
35.603
 11
29.8168
 21
35.6782
  0
LINE
  8
0
 10
29.8168
 20
35.6782
 11
29.7725
 21
35.7541
  0
LINE
  8
0
 10
29.7725
 20
35.7541
 11
29.7275
 21
35.8294
  0
LINE
  8
0
 10
29.7275
 20
35.8294
 11
29.6825
 21
35.9039
  0
LINE
  8
0
 10
29.6825
 20
35.9039
 11
29.5911
 21
36.053
  0
LINE
  8
0
 10
29.5911
 20
36.053
 11
29.4498
 21
36.2745
  0
LINE
  8
0
 10
29.4498
 20
36.2745
 11
29.4019
 21
36.3476
  0
LINE
  8
0
 10
29.4019
 20
36.3476
 11
29.3534
 21
36.42
  0
LINE
  8
0
 10
29.3534
 20
36.42
 11
29.3049
 21
36.4931
  0
LINE
  8
0
 10
29.3049
 20
36.4931
 11
29.2557
 21
36.5648
  0
LINE
  8
0
 10
29.2557
 20
36.5648
 11
29.2058
 21
36.6373
  0
LINE
  8
0
 10
29.2058
 20
36.6373
 11
29.1551
 21
36.709
  0
LINE
  8
0
 10
29.1551
 20
36.709
 11
29.1052
 21
36.78
  0
LINE
  8
0
 10
29.1052
 20
36.78
 11
29.0026
 21
36.922
  0
LINE
  8
0
 10
29.0026
 20
36.922
 11
28.8985
 21
37.0627
  0
LINE
  8
0
 10
28.8985
 20
37.0627
 11
28.8458
 21
37.1323
  0
LINE
  8
0
 10
28.8458
 20
37.1323
 11
28.7923
 21
37.2019
  0
LINE
  8
0
 10
28.7923
 20
37.2019
 11
28.7389
 21
37.2708
  0
LINE
  8
0
 10
28.7389
 20
37.2708
 11
28.6848
 21
37.3397
  0
LINE
  8
0
 10
28.6848
 20
37.3397
 11
28.5751
 21
37.4761
  0
LINE
  8
0
 10
28.5751
 20
37.4761
 11
28.5202
 21
37.5436
  0
LINE
  8
0
 10
28.5202
 20
37.5436
 11
28.4647
 21
37.6111
  0
LINE
  8
0
 10
28.4647
 20
37.6111
 11
28.4084
 21
37.6786
  0
LINE
  8
0
 10
28.4084
 20
37.6786
 11
28.3515
 21
37.7454
  0
LINE
  8
0
 10
28.3515
 20
37.7454
 11
28.2376
 21
37.8776
  0
LINE
  8
0
 10
28.2376
 20
37.8776
 11
28.1799
 21
37.9437
  0
LINE
  8
0
 10
28.1799
 20
37.9437
 11
28.1215
 21
38.0091
  0
LINE
  8
0
 10
28.1215
 20
38.0091
 11
28.0632
 21
38.0738
  0
LINE
  8
0
 10
28.0632
 20
38.0738
 11
28.0041
 21
38.1384
  0
LINE
  8
0
 10
28.0041
 20
38.1384
 11
27.9451
 21
38.2024
  0
LINE
  8
0
 10
27.9451
 20
38.2024
 11
27.8853
 21
38.2664
  0
LINE
  8
0
 10
27.8853
 20
38.2664
 11
27.8248
 21
38.3304
  0
LINE
  8
0
 10
27.8248
 20
38.3304
 11
27.7032
 21
38.4562
  0
LINE
  8
0
 10
27.7032
 20
38.4562
 11
27.642
 21
38.5181
  0
LINE
  8
0
 10
27.642
 20
38.5181
 11
27.5808
 21
38.5807
  0
LINE
  8
0
 10
27.5808
 20
38.5807
 11
27.5183
 21
38.6419
  0
LINE
  8
0
 10
27.5183
 20
38.6419
 11
27.4564
 21
38.7037
  0
LINE
  8
0
 10
27.4564
 20
38.7037
 11
27.2665
 21
38.8852
  0
LINE
  8
0
 10
27.2665
 20
38.8852
 11
27.2026
 21
38.9449
  0
LINE
  8
0
 10
27.2026
 20
38.9449
 11
27.1386
 21
39.004
  0
LINE
  8
0
 10
27.1386
 20
39.004
 11
27.0739
 21
39.063
  0
LINE
  8
0
 10
27.0739
 20
39.063
 11
26.9431
 21
39.1798
  0
LINE
  8
0
 10
26.9431
 20
39.1798
 11
26.8777
 21
39.2374
  0
LINE
  8
0
 10
26.8777
 20
39.2374
 11
26.8116
 21
39.2951
  0
LINE
  8
0
 10
26.8116
 20
39.2951
 11
26.7455
 21
39.352
  0
LINE
  8
0
 10
26.7455
 20
39.352
 11
26.6787
 21
39.4083
  0
LINE
  8
0
 10
26.6787
 20
39.4083
 11
26.6112
 21
39.4645
  0
LINE
  8
0
 10
26.6112
 20
39.4645
 11
26.4762
 21
39.5756
  0
LINE
  8
0
 10
26.4762
 20
39.5756
 11
26.408
 21
39.6305
  0
LINE
  8
0
 10
26.408
 20
39.6305
 11
26.3398
 21
39.6846
  0
LINE
  8
0
 10
26.3398
 20
39.6846
 11
26.2709
 21
39.7387
  0
LINE
  8
0
 10
26.2709
 20
39.7387
 11
26.2013
 21
39.7922
  0
LINE
  8
0
 10
26.2013
 20
39.7922
 11
26.1324
 21
39.8456
  0
LINE
  8
0
 10
26.1324
 20
39.8456
 11
26.0621
 21
39.8984
  0
LINE
  8
0
 10
26.0621
 20
39.8984
 11
25.9925
 21
39.9504
  0
LINE
  8
0
 10
25.9925
 20
39.9504
 11
25.9222
 21
40.0024
  0
LINE
  8
0
 10
25.9222
 20
40.0024
 11
25.7801
 21
40.1051
  0
LINE
  8
0
 10
25.7801
 20
40.1051
 11
25.7084
 21
40.1557
  0
LINE
  8
0
 10
25.7084
 20
40.1557
 11
25.565
 21
40.2555
  0
LINE
  8
0
 10
25.565
 20
40.2555
 11
25.4926
 21
40.3048
  0
LINE
  8
0
 10
25.4926
 20
40.3048
 11
25.4201
 21
40.3533
  0
LINE
  8
0
 10
25.4201
 20
40.3533
 11
25.347
 21
40.4018
  0
LINE
  8
0
 10
25.347
 20
40.4018
 11
25.2008
 21
40.4974
  0
LINE
  8
0
 10
25.2008
 20
40.4974
 11
25.1269
 21
40.5445
  0
LINE
  8
0
 10
25.1269
 20
40.5445
 11
25.0531
 21
40.5909
  0
LINE
  8
0
 10
25.0531
 20
40.5909
 11
24.904
 21
40.6823
  0
LINE
  8
0
 10
24.904
 20
40.6823
 11
24.8288
 21
40.728
  0
LINE
  8
0
 10
24.8288
 20
40.728
 11
24.6783
 21
40.8166
  0
LINE
  8
0
 10
24.6783
 20
40.8166
 11
24.6024
 21
40.8609
  0
LINE
  8
0
 10
24.6024
 20
40.8609
 11
24.4505
 21
40.9467
  0
LINE
  8
0
 10
24.4505
 20
40.9467
 11
24.2972
 21
41.0311
  0
LINE
  8
0
 10
24.2972
 20
41.0311
 11
24.2199
 21
41.0726
  0
LINE
  8
0
 10
24.2199
 20
41.0726
 11
24.1433
 21
41.1134
  0
LINE
  8
0
 10
24.1433
 20
41.1134
 11
24.0652
 21
41.1541
  0
LINE
  8
0
 10
24.0652
 20
41.1541
 11
23.9879
 21
41.1942
  0
LINE
  8
0
 10
23.9879
 20
41.1942
 11
23.9098
 21
41.2336
  0
LINE
  8
0
 10
23.9098
 20
41.2336
 11
23.8311
 21
41.273
  0
LINE
  8
0
 10
23.8311
 20
41.273
 11
23.753
 21
41.3116
  0
LINE
  8
0
 10
23.753
 20
41.3116
 11
23.5955
 21
41.3876
  0
LINE
  8
0
 10
23.5955
 20
41.3876
 11
23.5161
 21
41.4241
  0
LINE
  8
0
 10
23.5161
 20
41.4241
 11
23.4366
 21
41.4614
  0
LINE
  8
0
 10
23.4366
 20
41.4614
 11
23.3572
 21
41.4973
  0
LINE
  8
0
 10
23.3572
 20
41.4973
 11
23.277
 21
41.5331
  0
LINE
  8
0
 10
23.277
 20
41.5331
 11
23.1969
 21
41.5683
  0
LINE
  8
0
 10
23.1969
 20
41.5683
 11
23.0365
 21
41.6372
  0
LINE
  8
0
 10
23.0365
 20
41.6372
 11
22.9557
 21
41.6709
  0
LINE
  8
0
 10
22.9557
 20
41.6709
 11
22.8748
 21
41.704
  0
LINE
  8
0
 10
22.8748
 20
41.704
 11
22.7933
 21
41.737
  0
LINE
  8
0
 10
22.7933
 20
41.737
 11
22.7124
 21
41.7687
  0
LINE
  8
0
 10
22.7124
 20
41.7687
 11
22.6308
 21
41.801
  0
LINE
  8
0
 10
22.6308
 20
41.801
 11
22.5493
 21
41.832
  0
LINE
  8
0
 10
22.5493
 20
41.832
 11
22.467
 21
41.8629
  0
LINE
  8
0
 10
22.467
 20
41.8629
 11
22.3848
 21
41.8931
  0
LINE
  8
0
 10
22.3848
 20
41.8931
 11
22.2202
 21
41.9522
  0
LINE
  8
0
 10
22.2202
 20
41.9522
 11
22.138
 21
41.9803
  0
LINE
  8
0
 10
22.138
 20
41.9803
 11
21.972
 21
42.0366
  0
LINE
  8
0
 10
21.972
 20
42.0366
 11
21.889
 21
42.064
  0
LINE
  8
0
 10
21.889
 20
42.064
 11
21.8054
 21
42.09
  0
LINE
  8
0
 10
21.8054
 20
42.09
 11
21.7217
 21
42.1167
  0
LINE
  8
0
 10
21.7217
 20
42.1167
 11
21.5544
 21
42.1673
  0
LINE
  8
0
 10
21.5544
 20
42.1673
 11
21.4707
 21
42.192
  0
LINE
  8
0
 10
21.4707
 20
42.192
 11
21.3019
 21
42.2398
  0
LINE
  8
0
 10
21.3019
 20
42.2398
 11
21.2176
 21
42.263
  0
LINE
  8
0
 10
21.2176
 20
42.263
 11
21.1332
 21
42.2855
  0
LINE
  8
0
 10
21.1332
 20
42.2855
 11
21.0488
 21
42.3073
  0
LINE
  8
0
 10
21.0488
 20
42.3073
 11
20.9637
 21
42.3291
  0
LINE
  8
0
 10
20.9637
 20
42.3291
 11
20.8794
 21
42.3495
  0
LINE
  8
0
 10
20.8794
 20
42.3495
 11
20.7943
 21
42.3705
  0
LINE
  8
0
 10
20.7943
 20
42.3705
 11
20.7085
 21
42.3902
  0
LINE
  8
0
 10
20.7085
 20
42.3902
 11
20.6234
 21
42.4099
  0
LINE
  8
0
 10
20.6234
 20
42.4099
 11
20.5383
 21
42.4282
  0
LINE
  8
0
 10
20.5383
 20
42.4282
 11
20.4526
 21
42.4472
  0
LINE
  8
0
 10
20.4526
 20
42.4472
 11
20.281
 21
42.4823
  0
LINE
  8
0
 10
20.281
 20
42.4823
 11
20.1952
 21
42.4992
  0
LINE
  8
0
 10
20.1952
 20
42.4992
 11
20.1094
 21
42.5154
  0
LINE
  8
0
 10
20.1094
 20
42.5154
 11
20.0237
 21
42.5309
  0
LINE
  8
0
 10
20.0237
 20
42.5309
 11
19.9372
 21
42.5463
  0
LINE
  8
0
 10
19.9372
 20
42.5463
 11
19.8507
 21
42.5611
  0
LINE
  8
0
 10
19.8507
 20
42.5611
 11
19.7649
 21
42.5752
  0
LINE
  8
0
 10
19.7649
 20
42.5752
 11
19.5919
 21
42.6019
  0
LINE
  8
0
 10
19.5919
 20
42.6019
 11
19.5055
 21
42.6145
  0
LINE
  8
0
 10
19.5055
 20
42.6145
 11
19.4183
 21
42.6265
  0
LINE
  8
0
 10
19.4183
 20
42.6265
 11
19.2453
 21
42.649
  0
LINE
  8
0
 10
19.2453
 20
42.649
 11
19.1581
 21
42.6595
  0
LINE
  8
0
 10
19.1581
 20
42.6595
 11
19.0716
 21
42.6694
  0
LINE
  8
0
 10
19.0716
 20
42.6694
 11
18.8972
 21
42.6877
  0
LINE
  8
0
 10
18.8972
 20
42.6877
 11
18.6357
 21
42.7109
  0
LINE
  8
0
 10
18.6357
 20
42.7109
 11
18.4613
 21
42.7235
  0
LINE
  8
0
 10
18.4613
 20
42.7235
 11
18.3741
 21
42.7291
  0
LINE
  8
0
 10
18.3741
 20
42.7291
 11
18.3657
 21
42.7186
  0
LINE
  8
0
 10
18.3657
 20
42.7186
 11
18.3516
 21
42.6975
  0
LINE
  8
0
 10
18.3516
 20
42.6975
 11
18.3221
 21
42.6553
  0
LINE
  8
0
 10
18.3221
 20
42.6553
 11
18.308
 21
42.6342
  0
LINE
  8
0
 10
18.308
 20
42.6342
 11
18.2933
 21
42.6131
  0
LINE
  8
0
 10
18.2933
 20
42.6131
 11
18.2792
 21
42.592
  0
LINE
  8
0
 10
18.2792
 20
42.592
 11
18.2644
 21
42.5709
  0
LINE
  8
0
 10
18.2644
 20
42.5709
 11
18.2497
 21
42.5505
  0
LINE
  8
0
 10
18.2497
 20
42.5505
 11
18.2356
 21
42.5295
  0
LINE
  8
0
 10
18.2356
 20
42.5295
 11
18.2208
 21
42.5084
  0
LINE
  8
0
 10
18.2208
 20
42.5084
 11
18.2061
 21
42.488
  0
LINE
  8
0
 10
18.2061
 20
42.488
 11
18.192
 21
42.4669
  0
LINE
  8
0
 10
18.192
 20
42.4669
 11
18.1773
 21
42.4465
  0
LINE
  8
0
 10
18.1773
 20
42.4465
 11
18.1625
 21
42.4254
  0
LINE
  8
0
 10
18.1625
 20
42.4254
 11
18.1484
 21
42.405
  0
LINE
  8
0
 10
18.1484
 20
42.405
 11
18.1337
 21
42.3846
  0
LINE
  8
0
 10
18.1337
 20
42.3846
 11
18.1189
 21
42.3635
  0
LINE
  8
0
 10
18.1189
 20
42.3635
 11
18.1048
 21
42.3431
  0
LINE
  8
0
 10
18.1048
 20
42.3431
 11
18.0901
 21
42.3227
  0
LINE
  8
0
 10
18.0901
 20
42.3227
 11
18.076
 21
42.3023
  0
LINE
  8
0
 10
18.076
 20
42.3023
 11
18.0465
 21
42.2616
  0
LINE
  8
0
 10
18.0465
 20
42.2616
 11
18.0324
 21
42.2412
  0
LINE
  8
0
 10
18.0324
 20
42.2412
 11
18.0176
 21
42.2208
  0
LINE
  8
0
 10
18.0176
 20
42.2208
 11
18.0036
 21
42.2004
  0
LINE
  8
0
 10
18.0036
 20
42.2004
 11
17.974
 21
42.1596
  0
LINE
  8
0
 10
17.974
 20
42.1596
 11
17.96
 21
42.1392
  0
LINE
  8
0
 10
17.96
 20
42.1392
 11
17.9452
 21
42.1188
  0
LINE
  8
0
 10
17.9452
 20
42.1188
 11
17.9312
 21
42.0991
  0
LINE
  8
0
 10
17.9312
 20
42.0991
 11
17.9164
 21
42.0787
  0
LINE
  8
0
 10
17.9164
 20
42.0787
 11
17.9023
 21
42.0584
  0
LINE
  8
0
 10
17.9023
 20
42.0584
 11
17.8876
 21
42.0387
  0
LINE
  8
0
 10
17.8876
 20
42.0387
 11
17.8735
 21
42.0183
  0
LINE
  8
0
 10
17.8735
 20
42.0183
 11
17.8587
 21
41.9986
  0
LINE
  8
0
 10
17.8587
 20
41.9986
 11
17.8447
 21
41.9782
  0
LINE
  8
0
 10
17.8447
 20
41.9782
 11
17.8299
 21
41.9585
  0
LINE
  8
0
 10
17.8299
 20
41.9585
 11
17.8158
 21
41.9388
  0
LINE
  8
0
 10
17.8158
 20
41.9388
 11
17.8011
 21
41.9184
  0
LINE
  8
0
 10
17.8011
 20
41.9184
 11
17.773
 21
41.8791
  0
LINE
  8
0
 10
17.773
 20
41.8791
 11
17.7582
 21
41.8594
  0
LINE
  8
0
 10
17.7582
 20
41.8594
 11
17.7441
 21
41.839
  0
LINE
  8
0
 10
17.7441
 20
41.839
 11
17.7294
 21
41.8193
  0
LINE
  8
0
 10
17.7294
 20
41.8193
 11
17.7012
 21
41.7799
  0
LINE
  8
0
 10
17.7012
 20
41.7799
 11
17.6865
 21
41.7602
  0
LINE
  8
0
 10
17.6865
 20
41.7602
 11
17.6724
 21
41.7413
  0
LINE
  8
0
 10
17.6724
 20
41.7413
 11
17.6583
 21
41.7216
  0
LINE
  8
0
 10
17.6583
 20
41.7216
 11
17.6436
 21
41.7019
  0
LINE
  8
0
 10
17.6436
 20
41.7019
 11
17.6155
 21
41.6625
  0
LINE
  8
0
 10
17.6155
 20
41.6625
 11
17.6014
 21
41.6435
  0
LINE
  8
0
 10
17.6014
 20
41.6435
 11
17.5866
 21
41.6238
  0
LINE
  8
0
 10
17.5866
 20
41.6238
 11
17.5726
 21
41.6048
  0
LINE
  8
0
 10
17.5726
 20
41.6048
 11
17.5585
 21
41.5852
  0
LINE
  8
0
 10
17.5585
 20
41.5852
 11
17.5444
 21
41.5662
  0
LINE
  8
0
 10
17.5444
 20
41.5662
 11
17.5304
 21
41.5465
  0
LINE
  8
0
 10
17.5304
 20
41.5465
 11
17.5156
 21
41.5275
  0
LINE
  8
0
 10
17.5156
 20
41.5275
 11
17.5015
 21
41.5078
  0
LINE
  8
0
 10
17.5015
 20
41.5078
 11
17.4453
 21
41.4319
  0
LINE
  8
0
 10
17.4453
 20
41.4319
 11
17.4186
 21
41.3953
  0
LINE
  8
0
 10
17.4186
 20
41.3953
 11
17.3933
 21
41.3602
  0
LINE
  8
0
 10
17.3933
 20
41.3602
 11
17.3799
 21
41.3426
  0
LINE
  8
0
 10
17.3799
 20
41.3426
 11
17.3546
 21
41.3074
  0
LINE
  8
0
 10
17.3546
 20
41.3074
 11
17.3412
 21
41.2898
  0
LINE
  8
0
 10
17.3412
 20
41.2898
 11
17.2526
 21
41.1668
  0
LINE
  8
0
 10
17.2526
 20
41.1668
 11
17.24
 21
41.1499
  0
LINE
  8
0
 10
17.24
 20
41.1499
 11
17.228
 21
41.1323
  0
LINE
  8
0
 10
17.228
 20
41.1323
 11
17.2027
 21
41.0972
  0
LINE
  8
0
 10
17.2027
 20
41.0972
 11
17.1908
 21
41.0796
  0
LINE
  8
0
 10
17.1908
 20
41.0796
 11
17.1781
 21
41.0627
  0
LINE
  8
0
 10
17.1781
 20
41.0627
 11
17.1662
 21
41.0452
  0
LINE
  8
0
 10
17.1662
 20
41.0452
 11
17.1535
 21
41.0276
  0
LINE
  8
0
 10
17.1535
 20
41.0276
 11
17.1415
 21
41.0107
  0
LINE
  8
0
 10
17.1415
 20
41.0107
 11
17.1296
 21
40.9931
  0
LINE
  8
0
 10
17.1296
 20
40.9931
 11
17.1176
 21
40.9763
  0
LINE
  8
0
 10
17.1176
 20
40.9763
 11
17.105
 21
40.9587
  0
LINE
  8
0
 10
17.105
 20
40.9587
 11
17.093
 21
40.9411
  0
LINE
  8
0
 10
17.093
 20
40.9411
 11
17.0811
 21
40.9242
  0
LINE
  8
0
 10
17.0811
 20
40.9242
 11
17.0691
 21
40.9066
  0
LINE
  8
0
 10
17.0691
 20
40.9066
 11
17.0572
 21
40.8898
  0
LINE
  8
0
 10
17.0572
 20
40.8898
 11
17.0452
 21
40.8722
  0
LINE
  8
0
 10
17.0452
 20
40.8722
 11
17.0333
 21
40.8553
  0
LINE
  8
0
 10
17.0333
 20
40.8553
 11
17.022
 21
40.8384
  0
LINE
  8
0
 10
17.022
 20
40.8384
 11
17.0101
 21
40.8209
  0
LINE
  8
0
 10
17.0101
 20
40.8209
 11
16.9981
 21
40.804
  0
LINE
  8
0
 10
16.9981
 20
40.804
 11
16.9869
 21
40.7871
  0
LINE
  8
0
 10
16.9869
 20
40.7871
 11
16.9749
 21
40.7695
  0
LINE
  8
0
 10
16.9749
 20
40.7695
 11
16.9637
 21
40.7527
  0
LINE
  8
0
 10
16.9637
 20
40.7527
 11
16.9517
 21
40.7358
  0
LINE
  8
0
 10
16.9517
 20
40.7358
 11
16.9405
 21
40.7189
  0
LINE
  8
0
 10
16.9405
 20
40.7189
 11
16.9285
 21
40.7013
  0
LINE
  8
0
 10
16.9285
 20
40.7013
 11
16.8272
 21
40.5495
  0
LINE
  8
0
 10
16.8272
 20
40.5495
 11
16.8167
 21
40.5326
  0
LINE
  8
0
 10
16.8167
 20
40.5326
 11
16.7942
 21
40.4988
  0
LINE
  8
0
 10
16.7942
 20
40.4988
 11
16.7837
 21
40.482
  0
LINE
  8
0
 10
16.7837
 20
40.482
 11
16.7724
 21
40.4651
  0
LINE
  8
0
 10
16.7724
 20
40.4651
 11
16.7619
 21
40.4489
  0
LINE
  8
0
 10
16.7619
 20
40.4489
 11
16.7513
 21
40.432
  0
LINE
  8
0
 10
16.7513
 20
40.432
 11
16.7401
 21
40.4152
  0
LINE
  8
0
 10
16.7401
 20
40.4152
 11
16.7295
 21
40.3983
  0
LINE
  8
0
 10
16.7295
 20
40.3983
 11
16.719
 21
40.3821
  0
LINE
  8
0
 10
16.719
 20
40.3821
 11
16.6979
 21
40.3484
  0
LINE
  8
0
 10
16.6979
 20
40.3484
 11
16.6873
 21
40.3322
  0
LINE
  8
0
 10
16.6873
 20
40.3322
 11
16.6768
 21
40.3153
  0
LINE
  8
0
 10
16.6768
 20
40.3153
 11
16.6662
 21
40.2991
  0
LINE
  8
0
 10
16.6662
 20
40.2991
 11
16.6557
 21
40.2823
  0
LINE
  8
0
 10
16.6557
 20
40.2823
 11
16.6458
 21
40.2661
  0
LINE
  8
0
 10
16.6458
 20
40.2661
 11
16.6353
 21
40.2492
  0
LINE
  8
0
 10
16.6353
 20
40.2492
 11
16.6247
 21
40.233
  0
LINE
  8
0
 10
16.6247
 20
40.233
 11
16.6149
 21
40.2162
  0
LINE
  8
0
 10
16.6149
 20
40.2162
 11
16.6044
 21
40.2
  0
LINE
  8
0
 10
16.6044
 20
40.2
 11
16.5945
 21
40.1838
  0
LINE
  8
0
 10
16.5945
 20
40.1838
 11
16.5847
 21
40.167
  0
LINE
  8
0
 10
16.5847
 20
40.167
 11
16.5741
 21
40.1508
  0
LINE
  8
0
 10
16.5741
 20
40.1508
 11
16.5643
 21
40.1346
  0
LINE
  8
0
 10
16.5643
 20
40.1346
 11
16.5594
 21
40.1262
  0
LINE
  8
0
 10
16.5594
 20
40.1262
 11
16.5706
 21
40.1269
  0
LINE
  8
0
 10
16.5706
 20
40.1269
 11
16.6416
 21
40.1325
  0
LINE
  8
0
 10
16.6416
 20
40.1325
 11
16.7851
 21
40.1423
  0
LINE
  8
0
 10
16.7851
 20
40.1423
 11
16.8561
 21
40.1466
  0
LINE
  8
0
 10
16.8561
 20
40.1466
 11
16.9995
 21
40.1536
  0
LINE
  8
0
 10
16.9995
 20
40.1536
 11
17.0705
 21
40.1564
  0
LINE
  8
0
 10
17.0705
 20
40.1564
 11
17.214
 21
40.1606
  0
LINE
  8
0
 10
17.214
 20
40.1606
 11
17.3567
 21
40.1634
  0
LINE
  8
0
 10
17.3567
 20
40.1634
 11
17.4284
 21
40.1634
  0
LINE
  8
0
 10
17.4284
 20
40.1634
 11
17.5001
 21
40.1641
  0
LINE
  8
0
 10
17.5001
 20
40.1641
 11
17.5719
 21
40.1634
  0
LINE
  8
0
 10
17.5719
 20
40.1634
 11
17.6429
 21
40.1634
  0
LINE
  8
0
 10
17.6429
 20
40.1634
 11
17.7863
 21
40.1606
  0
LINE
  8
0
 10
17.7863
 20
40.1606
 11
17.929
 21
40.1564
  0
LINE
  8
0
 10
17.929
 20
40.1564
 11
18.0008
 21
40.1536
  0
LINE
  8
0
 10
18.0008
 20
40.1536
 11
18.0725
 21
40.1501
  0
LINE
  8
0
 10
18.0725
 20
40.1501
 11
18.1435
 21
40.1466
  0
LINE
  8
0
 10
18.1435
 20
40.1466
 11
18.2152
 21
40.1423
  0
LINE
  8
0
 10
18.2152
 20
40.1423
 11
18.2869
 21
40.1374
  0
LINE
  8
0
 10
18.2869
 20
40.1374
 11
18.358
 21
40.1325
  0
LINE
  8
0
 10
18.358
 20
40.1325
 11
18.4297
 21
40.1269
  0
LINE
  8
0
 10
18.4297
 20
40.1269
 11
18.5007
 21
40.1213
  0
LINE
  8
0
 10
18.5007
 20
40.1213
 11
18.5717
 21
40.1149
  0
LINE
  8
0
 10
18.5717
 20
40.1149
 11
18.6434
 21
40.1079
  0
LINE
  8
0
 10
18.6434
 20
40.1079
 11
18.7144
 21
40.1009
  0
LINE
  8
0
 10
18.7144
 20
40.1009
 11
18.7855
 21
40.0931
  0
LINE
  8
0
 10
18.7855
 20
40.0931
 11
18.9275
 21
40.0763
  0
LINE
  8
0
 10
18.9275
 20
40.0763
 11
19.0695
 21
40.058
  0
LINE
  8
0
 10
19.0695
 20
40.058
 11
19.1405
 21
40.0481
  0
LINE
  8
0
 10
19.1405
 20
40.0481
 11
19.2826
 21
40.027
  0
LINE
  8
0
 10
19.2826
 20
40.027
 11
19.3529
 21
40.0158
  0
LINE
  8
0
 10
19.3529
 20
40.0158
 11
19.4239
 21
40.0045
  0
LINE
  8
0
 10
19.4239
 20
40.0045
 11
19.4942
 21
39.9926
  0
LINE
  8
0
 10
19.4942
 20
39.9926
 11
19.6348
 21
39.9673
  0
LINE
  8
0
 10
19.6348
 20
39.9673
 11
19.7051
 21
39.9539
  0
LINE
  8
0
 10
19.7051
 20
39.9539
 11
19.8458
 21
39.9258
  0
LINE
  8
0
 10
19.8458
 20
39.9258
 11
19.9161
 21
39.911
  0
LINE
  8
0
 10
19.9161
 20
39.911
 11
19.9857
 21
39.8963
  0
LINE
  8
0
 10
19.9857
 20
39.8963
 11
20.0553
 21
39.8808
  0
LINE
  8
0
 10
20.0553
 20
39.8808
 11
20.1256
 21
39.8646
  0
LINE
  8
0
 10
20.1256
 20
39.8646
 11
20.1952
 21
39.8484
  0
LINE
  8
0
 10
20.1952
 20
39.8484
 11
20.3344
 21
39.8147
  0
LINE
  8
0
 10
20.3344
 20
39.8147
 11
20.4033
 21
39.7971
  0
LINE
  8
0
 10
20.4033
 20
39.7971
 11
20.473
 21
39.7788
  0
LINE
  8
0
 10
20.473
 20
39.7788
 11
20.5419
 21
39.7605
  0
LINE
  8
0
 10
20.5419
 20
39.7605
 11
20.6108
 21
39.7416
  0
LINE
  8
0
 10
20.6108
 20
39.7416
 11
20.8175
 21
39.6825
  0
LINE
  8
0
 10
20.8175
 20
39.6825
 11
20.8857
 21
39.6614
  0
LINE
  8
0
 10
20.8857
 20
39.6614
 11
20.9546
 21
39.641
  0
LINE
  8
0
 10
20.9546
 20
39.641
 11
21.091
 21
39.5974
  0
LINE
  8
0
 10
21.091
 20
39.5974
 11
21.1585
 21
39.5756
  0
LINE
  8
0
 10
21.1585
 20
39.5756
 11
21.2267
 21
39.5524
  0
LINE
  8
0
 10
21.2267
 20
39.5524
 11
21.3617
 21
39.506
  0
LINE
  8
0
 10
21.3617
 20
39.506
 11
21.4967
 21
39.4582
  0
LINE
  8
0
 10
21.4967
 20
39.4582
 11
21.5642
 21
39.4329
  0
LINE
  8
0
 10
21.5642
 20
39.4329
 11
21.631
 21
39.4083
  0
LINE
  8
0
 10
21.631
 20
39.4083
 11
21.8314
 21
39.3302
  0
LINE
  8
0
 10
21.8314
 20
39.3302
 11
21.8975
 21
39.3035
  0
LINE
  8
0
 10
21.8975
 20
39.3035
 11
22.0297
 21
39.2487
  0
LINE
  8
0
 10
22.0297
 20
39.2487
 11
22.0958
 21
39.2205
  0
LINE
  8
0
 10
22.0958
 20
39.2205
 11
22.1612
 21
39.1924
  0
LINE
  8
0
 10
22.1612
 20
39.1924
 11
22.2265
 21
39.1636
  0
LINE
  8
0
 10
22.2265
 20
39.1636
 11
22.3573
 21
39.1045
  0
LINE
  8
0
 10
22.3573
 20
39.1045
 11
22.4867
 21
39.0441
  0
LINE
  8
0
 10
22.4867
 20
39.0441
 11
22.6161
 21
38.9822
  0
LINE
  8
0
 10
22.6161
 20
38.9822
 11
22.744
 21
38.9189
  0
LINE
  8
0
 10
22.744
 20
38.9189
 11
22.808
 21
38.8859
  0
LINE
  8
0
 10
22.808
 20
38.8859
 11
22.872
 21
38.8535
  0
LINE
  8
0
 10
22.872
 20
38.8535
 11
22.9353
 21
38.8205
  0
LINE
  8
0
 10
22.9353
 20
38.8205
 11
22.9986
 21
38.7867
  0
LINE
  8
0
 10
22.9986
 20
38.7867
 11
23.0612
 21
38.753
  0
LINE
  8
0
 10
23.0612
 20
38.753
 11
23.1244
 21
38.7185
  0
LINE
  8
0
 10
23.1244
 20
38.7185
 11
23.187
 21
38.6841
  0
LINE
  8
0
 10
23.187
 20
38.6841
 11
23.2489
 21
38.6489
  0
LINE
  8
0
 10
23.2489
 20
38.6489
 11
23.3115
 21
38.613
  0
LINE
  8
0
 10
23.3115
 20
38.613
 11
23.4352
 21
38.5413
  0
LINE
  8
0
 10
23.4352
 20
38.5413
 11
23.4964
 21
38.5048
  0
LINE
  8
0
 10
23.4964
 20
38.5048
 11
23.6187
 21
38.4302
  0
LINE
  8
0
 10
23.6187
 20
38.4302
 11
23.6799
 21
38.3923
  0
LINE
  8
0
 10
23.6799
 20
38.3923
 11
23.7404
 21
38.3543
  0
LINE
  8
0
 10
23.7404
 20
38.3543
 11
23.8008
 21
38.3156
  0
LINE
  8
0
 10
23.8008
 20
38.3156
 11
23.8606
 21
38.277
  0
LINE
  8
0
 10
23.8606
 20
38.277
 11
23.9801
 21
38.1982
  0
LINE
  8
0
 10
23.9801
 20
38.1982
 11
24.0399
 21
38.1581
  0
LINE
  8
0
 10
24.0399
 20
38.1581
 11
24.099
 21
38.118
  0
LINE
  8
0
 10
24.099
 20
38.118
 11
24.1573
 21
38.0773
  0
LINE
  8
0
 10
24.1573
 20
38.0773
 11
24.2164
 21
38.0365
  0
LINE
  8
0
 10
24.2164
 20
38.0365
 11
24.2748
 21
37.995
  0
LINE
  8
0
 10
24.2748
 20
37.995
 11
24.3324
 21
37.9535
  0
LINE
  8
0
 10
24.3324
 20
37.9535
 11
24.3908
 21
37.9113
  0
LINE
  8
0
 10
24.3908
 20
37.9113
 11
24.4484
 21
37.8684
  0
LINE
  8
0
 10
24.4484
 20
37.8684
 11
24.5054
 21
37.8255
  0
LINE
  8
0
 10
24.5054
 20
37.8255
 11
24.563
 21
37.7827
  0
LINE
  8
0
 10
24.563
 20
37.7827
 11
24.6193
 21
37.7391
  0
LINE
  8
0
 10
24.6193
 20
37.7391
 11
24.6762
 21
37.6955
  0
LINE
  8
0
 10
24.6762
 20
37.6955
 11
24.7325
 21
37.6512
  0
LINE
  8
0
 10
24.7325
 20
37.6512
 11
24.788
 21
37.6062
  0
LINE
  8
0
 10
24.788
 20
37.6062
 11
24.8443
 21
37.5619
  0
LINE
  8
0
 10
24.8443
 20
37.5619
 11
24.8998
 21
37.5162
  0
LINE
  8
0
 10
24.8998
 20
37.5162
 11
24.9547
 21
37.4712
  0
LINE
  8
0
 10
24.9547
 20
37.4712
 11
25.0644
 21
37.3784
  0
LINE
  8
0
 10
25.0644
 20
37.3784
 11
25.1185
 21
37.332
  0
LINE
  8
0
 10
25.1185
 20
37.332
 11
25.1726
 21
37.2848
  0
LINE
  8
0
 10
25.1726
 20
37.2848
 11
25.2261
 21
37.2377
  0
LINE
  8
0
 10
25.2261
 20
37.2377
 11
25.2802
 21
37.1906
  0
LINE
  8
0
 10
25.2802
 20
37.1906
 11
25.333
 21
37.1421
  0
LINE
  8
0
 10
25.333
 20
37.1421
 11
25.3857
 21
37.0943
  0
LINE
  8
0
 10
25.3857
 20
37.0943
 11
25.4384
 21
37.0458
  0
LINE
  8
0
 10
25.4384
 20
37.0458
 11
25.4912
 21
36.9966
  0
LINE
  8
0
 10
25.4912
 20
36.9966
 11
25.5425
 21
36.9473
  0
LINE
  8
0
 10
25.5425
 20
36.9473
 11
25.5945
 21
36.8981
  0
LINE
  8
0
 10
25.5945
 20
36.8981
 11
25.6972
 21
36.7983
  0
LINE
  8
0
 10
25.6972
 20
36.7983
 11
25.7984
 21
36.697
  0
LINE
  8
0
 10
25.7984
 20
36.697
 11
25.8983
 21
36.5944
  0
LINE
  8
0
 10
25.8983
 20
36.5944
 11
25.9475
 21
36.543
  0
LINE
  8
0
 10
25.9475
 20
36.543
 11
25.9967
 21
36.491
  0
LINE
  8
0
 10
25.9967
 20
36.491
 11
26.0459
 21
36.4383
  0
LINE
  8
0
 10
26.0459
 20
36.4383
 11
26.0944
 21
36.3862
  0
LINE
  8
0
 10
26.0944
 20
36.3862
 11
26.1423
 21
36.3328
  0
LINE
  8
0
 10
26.1423
 20
36.3328
 11
26.1901
 21
36.2801
  0
LINE
  8
0
 10
26.1901
 20
36.2801
 11
26.2379
 21
36.2266
  0
LINE
  8
0
 10
26.2379
 20
36.2266
 11
26.3321
 21
36.1184
  0
LINE
  8
0
 10
26.3321
 20
36.1184
 11
26.3785
 21
36.0642
  0
LINE
  8
0
 10
26.3785
 20
36.0642
 11
26.4249
 21
36.0094
  0
LINE
  8
0
 10
26.4249
 20
36.0094
 11
26.5163
 21
35.8997
  0
LINE
  8
0
 10
26.5163
 20
35.8997
 11
26.6063
 21
35.7886
  0
LINE
  8
0
 10
26.6063
 20
35.7886
 11
26.6513
 21
35.7323
  0
LINE
  8
0
 10
26.6513
 20
35.7323
 11
26.6956
 21
35.6761
  0
LINE
  8
0
 10
26.6956
 20
35.6761
 11
26.7392
 21
35.6198
  0
LINE
  8
0
 10
26.7392
 20
35.6198
 11
26.7828
 21
35.5629
  0
LINE
  8
0
 10
26.7828
 20
35.5629
 11
26.8257
 21
35.5059
  0
LINE
  8
0
 10
26.8257
 20
35.5059
 11
26.8686
 21
35.4483
  0
LINE
  8
0
 10
26.8686
 20
35.4483
 11
26.953
 21
35.333
  0
LINE
  8
0
 10
26.953
 20
35.333
 11
26.9951
 21
35.2746
  0
LINE
  8
0
 10
26.9951
 20
35.2746
 11
27.0366
 21
35.2163
  0
LINE
  8
0
 10
27.0366
 20
35.2163
 11
27.0774
 21
35.1579
  0
LINE
  8
0
 10
27.0774
 20
35.1579
 11
27.1182
 21
35.0988
  0
LINE
  8
0
 10
27.1182
 20
35.0988
 11
27.1583
 21
35.0398
  0
LINE
  8
0
 10
27.1583
 20
35.0398
 11
27.1983
 21
34.98
  0
LINE
  8
0
 10
27.1983
 20
34.98
 11
27.2771
 21
34.8605
  0
LINE
  8
0
 10
27.2771
 20
34.8605
 11
27.3158
 21
34.8007
  0
LINE
  8
0
 10
27.3158
 20
34.8007
 11
27.3544
 21
34.7402
  0
LINE
  8
0
 10
27.3544
 20
34.7402
 11
27.3924
 21
34.6798
  0
LINE
  8
0
 10
27.3924
 20
34.6798
 11
27.4304
 21
34.6186
  0
LINE
  8
0
 10
27.4304
 20
34.6186
 11
27.4676
 21
34.5574
  0
LINE
  8
0
 10
27.4676
 20
34.5574
 11
27.5042
 21
34.4963
  0
LINE
  8
0
 10
27.5042
 20
34.4963
 11
27.5415
 21
34.4351
  0
LINE
  8
0
 10
27.5415
 20
34.4351
 11
27.6132
 21
34.3113
  0
LINE
  8
0
 10
27.6132
 20
34.3113
 11
27.6483
 21
34.2495
  0
LINE
  8
0
 10
27.6483
 20
34.2495
 11
27.7187
 21
34.1243
  0
LINE
  8
0
 10
27.7187
 20
34.1243
 11
27.7531
 21
34.0617
  0
LINE
  8
0
 10
27.7531
 20
34.0617
 11
27.8206
 21
33.9352
  0
LINE
  8
0
 10
27.8206
 20
33.9352
 11
27.8537
 21
33.8719
  0
LINE
  8
0
 10
27.8537
 20
33.8719
 11
27.886
 21
33.8079
  0
LINE
  8
0
 10
27.886
 20
33.8079
 11
27.9183
 21
33.7446
  0
LINE
  8
0
 10
27.9183
 20
33.7446
 11
27.9507
 21
33.6799
  0
LINE
  8
0
 10
27.9507
 20
33.6799
 11
27.9823
 21
33.6159
  0
LINE
  8
0
 10
27.9823
 20
33.6159
 11
28.0133
 21
33.552
  0
LINE
  8
0
 10
28.0133
 20
33.552
 11
28.0442
 21
33.4873
  0
LINE
  8
0
 10
28.0442
 20
33.4873
 11
28.0744
 21
33.4219
  0
LINE
  8
0
 10
28.0744
 20
33.4219
 11
28.1047
 21
33.3572
  0
LINE
  8
0
 10
28.1047
 20
33.3572
 11
28.1342
 21
33.2918
  0
LINE
  8
0
 10
28.1342
 20
33.2918
 11
28.2207
 21
33.0956
  0
LINE
  8
0
 10
28.2207
 20
33.0956
 11
28.2488
 21
33.0295
  0
LINE
  8
0
 10
28.2488
 20
33.0295
 11
28.3037
 21
32.8973
  0
LINE
  8
0
 10
28.3037
 20
32.8973
 11
28.3304
 21
32.8312
  0
LINE
  8
0
 10
28.3304
 20
32.8312
 11
28.3824
 21
32.6977
  0
LINE
  8
0
 10
28.3824
 20
32.6977
 11
28.433
 21
32.5641
  0
LINE
  8
0
 10
28.433
 20
32.5641
 11
28.4576
 21
32.4966
  0
LINE
  8
0
 10
28.4576
 20
32.4966
 11
28.4823
 21
32.4298
  0
LINE
  8
0
 10
28.4823
 20
32.4298
 11
28.5062
 21
32.3623
  0
LINE
  8
0
 10
28.5062
 20
32.3623
 11
28.5294
 21
32.2948
  0
LINE
  8
0
 10
28.5294
 20
32.2948
 11
28.5526
 21
32.2266
  0
LINE
  8
0
 10
28.5526
 20
32.2266
 11
28.5751
 21
32.1591
  0
LINE
  8
0
 10
28.5751
 20
32.1591
 11
28.5976
 21
32.0909
  0
LINE
  8
0
 10
28.5976
 20
32.0909
 11
28.6194
 21
32.0227
  0
LINE
  8
0
 10
28.6194
 20
32.0227
 11
28.6405
 21
31.9545
  0
LINE
  8
0
 10
28.6405
 20
31.9545
 11
28.6615
 21
31.8855
  0
LINE
  8
0
 10
28.6615
 20
31.8855
 11
28.6826
 21
31.8173
  0
LINE
  8
0
 10
28.6826
 20
31.8173
 11
28.7417
 21
31.6106
  0
LINE
  8
0
 10
28.7417
 20
31.6106
 11
28.7607
 21
31.5417
  0
LINE
  8
0
 10
28.7607
 20
31.5417
 11
28.779
 21
31.4728
  0
LINE
  8
0
 10
28.779
 20
31.4728
 11
28.7965
 21
31.4032
  0
LINE
  8
0
 10
28.7965
 20
31.4032
 11
28.8141
 21
31.3343
  0
LINE
  8
0
 10
28.8141
 20
31.3343
 11
28.8317
 21
31.2647
  0
LINE
  8
0
 10
28.8317
 20
31.2647
 11
28.8486
 21
31.1951
  0
LINE
  8
0
 10
28.8486
 20
31.1951
 11
28.8809
 21
31.0559
  0
LINE
  8
0
 10
28.8809
 20
31.0559
 11
28.8964
 21
30.9855
  0
LINE
  8
0
 10
28.8964
 20
30.9855
 11
28.9112
 21
30.9159
  0
LINE
  8
0
 10
28.9112
 20
30.9159
 11
28.9259
 21
30.8456
  0
LINE
  8
0
 10
28.9259
 20
30.8456
 11
28.94
 21
30.7753
  0
LINE
  8
0
 10
28.94
 20
30.7753
 11
28.9801
 21
30.5644
  0
LINE
  8
0
 10
28.9801
 20
30.5644
 11
29.004
 21
30.4237
  0
LINE
  8
0
 10
29.004
 20
30.4237
 11
29.0159
 21
30.3527
  0
LINE
  8
0
 10
29.0159
 20
30.3527
 11
29.0272
 21
30.2824
  0
LINE
  8
0
 10
29.0272
 20
30.2824
 11
29.0483
 21
30.1404
  0
LINE
  8
0
 10
29.0483
 20
30.1404
 11
29.0581
 21
30.0701
  0
LINE
  8
0
 10
29.0581
 20
30.0701
 11
29.0764
 21
29.928
  0
LINE
  8
0
 10
29.0764
 20
29.928
 11
29.0848
 21
29.857
  0
LINE
  8
0
 10
29.0848
 20
29.857
 11
29.0933
 21
29.7853
  0
LINE
  8
0
 10
29.0933
 20
29.7853
 11
29.1003
 21
29.7143
  0
LINE
  8
0
 10
29.1003
 20
29.7143
 11
29.108
 21
29.6433
  0
LINE
  8
0
 10
29.108
 20
29.6433
 11
29.1144
 21
29.5723
  0
LINE
  8
0
 10
29.1144
 20
29.5723
 11
29.1207
 21
29.5005
  0
LINE
  8
0
 10
29.1207
 20
29.5005
 11
29.127
 21
29.4295
  0
LINE
  8
0
 10
29.127
 20
29.4295
 11
29.1326
 21
29.3578
  0
LINE
  8
0
 10
29.1326
 20
29.3578
 11
29.1376
 21
29.2868
  0
LINE
  8
0
 10
29.1376
 20
29.2868
 11
29.1418
 21
29.2151
  0
LINE
  8
0
 10
29.1418
 20
29.2151
 11
29.146
 21
29.1441
  0
LINE
  8
0
 10
29.146
 20
29.1441
 11
29.1502
 21
29.0723
  0
LINE
  8
0
 10
29.1502
 20
29.0723
 11
29.1587
 21
28.8579
  0
LINE
  8
0
 10
29.1587
 20
28.8579
 11
29.1608
 21
28.7862
  0
LINE
  8
0
 10
29.1608
 20
28.7862
 11
29.1622
 21
28.7145
  0
LINE
  8
0
 10
29.1622
 20
28.7145
 11
29.1643
 21
28.5
  0
LINE
  8
0
 10
29.1643
 20
28.5
 11
29.1622
 21
28.2855
  0
LINE
  8
0
 10
29.1622
 20
28.2855
 11
29.1608
 21
28.2138
  0
LINE
  8
0
 10
29.1608
 20
28.2138
 11
29.1587
 21
28.1421
  0
LINE
  8
0
 10
29.1587
 20
28.1421
 11
29.1502
 21
27.9277
  0
LINE
  8
0
 10
29.1502
 20
27.9277
 11
29.146
 21
27.8559
  0
LINE
  8
0
 10
29.146
 20
27.8559
 11
29.1418
 21
27.7849
  0
LINE
  8
0
 10
29.1418
 20
27.7849
 11
29.1376
 21
27.7132
  0
LINE
  8
0
 10
29.1376
 20
27.7132
 11
29.1326
 21
27.6422
  0
LINE
  8
0
 10
29.1326
 20
27.6422
 11
29.127
 21
27.5705
  0
LINE
  8
0
 10
29.127
 20
27.5705
 11
29.1207
 21
27.4995
  0
LINE
  8
0
 10
29.1207
 20
27.4995
 11
29.1144
 21
27.4277
  0
LINE
  8
0
 10
29.1144
 20
27.4277
 11
29.108
 21
27.3567
  0
LINE
  8
0
 10
29.108
 20
27.3567
 11
29.1003
 21
27.2857
  0
LINE
  8
0
 10
29.1003
 20
27.2857
 11
29.0933
 21
27.2147
  0
LINE
  8
0
 10
29.0933
 20
27.2147
 11
29.0848
 21
27.143
  0
LINE
  8
0
 10
29.0848
 20
27.143
 11
29.0764
 21
27.072
  0
LINE
  8
0
 10
29.0764
 20
27.072
 11
29.0581
 21
26.9299
  0
LINE
  8
0
 10
29.0581
 20
26.9299
 11
29.0483
 21
26.8596
  0
LINE
  8
0
 10
29.0483
 20
26.8596
 11
29.0272
 21
26.7176
  0
LINE
  8
0
 10
29.0272
 20
26.7176
 11
29.0159
 21
26.6473
  0
LINE
  8
0
 10
29.0159
 20
26.6473
 11
29.004
 21
26.5763
  0
LINE
  8
0
 10
29.004
 20
26.5763
 11
28.9801
 21
26.4356
  0
LINE
  8
0
 10
28.9801
 20
26.4356
 11
28.94
 21
26.2247
  0
LINE
  8
0
 10
28.94
 20
26.2247
 11
28.9259
 21
26.1544
  0
LINE
  8
0
 10
28.9259
 20
26.1544
 11
28.9112
 21
26.0841
  0
LINE
  8
0
 10
28.9112
 20
26.0841
 11
28.8964
 21
26.0145
  0
LINE
  8
0
 10
28.8964
 20
26.0145
 11
28.8809
 21
25.9441
  0
LINE
  8
0
 10
28.8809
 20
25.9441
 11
28.8486
 21
25.8049
  0
LINE
  8
0
 10
28.8486
 20
25.8049
 11
28.8317
 21
25.7353
  0
LINE
  8
0
 10
28.8317
 20
25.7353
 11
28.8141
 21
25.6657
  0
LINE
  8
0
 10
28.8141
 20
25.6657
 11
28.7965
 21
25.5968
  0
LINE
  8
0
 10
28.7965
 20
25.5968
 11
28.779
 21
25.5272
  0
LINE
  8
0
 10
28.779
 20
25.5272
 11
28.7607
 21
25.4583
  0
LINE
  8
0
 10
28.7607
 20
25.4583
 11
28.7417
 21
25.3894
  0
LINE
  8
0
 10
28.7417
 20
25.3894
 11
28.6826
 21
25.1827
  0
LINE
  8
0
 10
28.6826
 20
25.1827
 11
28.6615
 21
25.1145
  0
LINE
  8
0
 10
28.6615
 20
25.1145
 11
28.6405
 21
25.0455
  0
LINE
  8
0
 10
28.6405
 20
25.0455
 11
28.6194
 21
24.9773
  0
LINE
  8
0
 10
28.6194
 20
24.9773
 11
28.5976
 21
24.9091
  0
LINE
  8
0
 10
28.5976
 20
24.9091
 11
28.5751
 21
24.8409
  0
LINE
  8
0
 10
28.5751
 20
24.8409
 11
28.5526
 21
24.7734
  0
LINE
  8
0
 10
28.5526
 20
24.7734
 11
28.5294
 21
24.7052
  0
LINE
  8
0
 10
28.5294
 20
24.7052
 11
28.5062
 21
24.6377
  0
LINE
  8
0
 10
28.5062
 20
24.6377
 11
28.4823
 21
24.5702
  0
LINE
  8
0
 10
28.4823
 20
24.5702
 11
28.4576
 21
24.5034
  0
LINE
  8
0
 10
28.4576
 20
24.5034
 11
28.433
 21
24.4359
  0
LINE
  8
0
 10
28.433
 20
24.4359
 11
28.3824
 21
24.3023
  0
LINE
  8
0
 10
28.3824
 20
24.3023
 11
28.3304
 21
24.1687
  0
LINE
  8
0
 10
28.3304
 20
24.1687
 11
28.3037
 21
24.1027
  0
LINE
  8
0
 10
28.3037
 20
24.1027
 11
28.2488
 21
23.9705
  0
LINE
  8
0
 10
28.2488
 20
23.9705
 11
28.2207
 21
23.9044
  0
LINE
  8
0
 10
28.2207
 20
23.9044
 11
28.1342
 21
23.7082
  0
LINE
  8
0
 10
28.1342
 20
23.7082
 11
28.1047
 21
23.6428
  0
LINE
  8
0
 10
28.1047
 20
23.6428
 11
28.0744
 21
23.5781
  0
LINE
  8
0
 10
28.0744
 20
23.5781
 11
28.0442
 21
23.5127
  0
LINE
  8
0
 10
28.0442
 20
23.5127
 11
28.0133
 21
23.448
  0
LINE
  8
0
 10
28.0133
 20
23.448
 11
27.9823
 21
23.3841
  0
LINE
  8
0
 10
27.9823
 20
23.3841
 11
27.9507
 21
23.3201
  0
LINE
  8
0
 10
27.9507
 20
23.3201
 11
27.9183
 21
23.2554
  0
LINE
  8
0
 10
27.9183
 20
23.2554
 11
27.886
 21
23.1921
  0
LINE
  8
0
 10
27.886
 20
23.1921
 11
27.8537
 21
23.1281
  0
LINE
  8
0
 10
27.8537
 20
23.1281
 11
27.8206
 21
23.0648
  0
LINE
  8
0
 10
27.8206
 20
23.0648
 11
27.7531
 21
22.9383
  0
LINE
  8
0
 10
27.7531
 20
22.9383
 11
27.7187
 21
22.8757
  0
LINE
  8
0
 10
27.7187
 20
22.8757
 11
27.6483
 21
22.7505
  0
LINE
  8
0
 10
27.6483
 20
22.7505
 11
27.6132
 21
22.6887
  0
LINE
  8
0
 10
27.6132
 20
22.6887
 11
27.5415
 21
22.5649
  0
LINE
  8
0
 10
27.5415
 20
22.5649
 11
27.5042
 21
22.5038
  0
LINE
  8
0
 10
27.5042
 20
22.5038
 11
27.4676
 21
22.4426
  0
LINE
  8
0
 10
27.4676
 20
22.4426
 11
27.4304
 21
22.3814
  0
LINE
  8
0
 10
27.4304
 20
22.3814
 11
27.3924
 21
22.3202
  0
LINE
  8
0
 10
27.3924
 20
22.3202
 11
27.3544
 21
22.2598
  0
LINE
  8
0
 10
27.3544
 20
22.2598
 11
27.3158
 21
22.1993
  0
LINE
  8
0
 10
27.3158
 20
22.1993
 11
27.2771
 21
22.1395
  0
LINE
  8
0
 10
27.2771
 20
22.1395
 11
27.1983
 21
22.02
  0
LINE
  8
0
 10
27.1983
 20
22.02
 11
27.1583
 21
21.9602
  0
LINE
  8
0
 10
27.1583
 20
21.9602
 11
27.1182
 21
21.9012
  0
LINE
  8
0
 10
27.1182
 20
21.9012
 11
27.0774
 21
21.8421
  0
LINE
  8
0
 10
27.0774
 20
21.8421
 11
27.0366
 21
21.7838
  0
LINE
  8
0
 10
27.0366
 20
21.7838
 11
26.9951
 21
21.7254
  0
LINE
  8
0
 10
26.9951
 20
21.7254
 11
26.953
 21
21.667
  0
LINE
  8
0
 10
26.953
 20
21.667
 11
26.8686
 21
21.5517
  0
LINE
  8
0
 10
26.8686
 20
21.5517
 11
26.8257
 21
21.4941
  0
LINE
  8
0
 10
26.8257
 20
21.4941
 11
26.7828
 21
21.4371
  0
LINE
  8
0
 10
26.7828
 20
21.4371
 11
26.7392
 21
21.3802
  0
LINE
  8
0
 10
26.7392
 20
21.3802
 11
26.6956
 21
21.3239
  0
LINE
  8
0
 10
26.6956
 20
21.3239
 11
26.6513
 21
21.2677
  0
LINE
  8
0
 10
26.6513
 20
21.2677
 11
26.6063
 21
21.2114
  0
LINE
  8
0
 10
26.6063
 20
21.2114
 11
26.5163
 21
21.1003
  0
LINE
  8
0
 10
26.5163
 20
21.1003
 11
26.4249
 21
20.9906
  0
LINE
  8
0
 10
26.4249
 20
20.9906
 11
26.3785
 21
20.9358
  0
LINE
  8
0
 10
26.3785
 20
20.9358
 11
26.3321
 21
20.8816
  0
LINE
  8
0
 10
26.3321
 20
20.8816
 11
26.2379
 21
20.7734
  0
LINE
  8
0
 10
26.2379
 20
20.7734
 11
26.1901
 21
20.7199
  0
LINE
  8
0
 10
26.1901
 20
20.7199
 11
26.1423
 21
20.6672
  0
LINE
  8
0
 10
26.1423
 20
20.6672
 11
26.0944
 21
20.6137
  0
LINE
  8
0
 10
26.0944
 20
20.6137
 11
26.0459
 21
20.5617
  0
LINE
  8
0
 10
26.0459
 20
20.5617
 11
25.9967
 21
20.509
  0
LINE
  8
0
 10
25.9967
 20
20.509
 11
25.9475
 21
20.457
  0
LINE
  8
0
 10
25.9475
 20
20.457
 11
25.8983
 21
20.4056
  0
LINE
  8
0
 10
25.8983
 20
20.4056
 11
25.7984
 21
20.303
  0
LINE
  8
0
 10
25.7984
 20
20.303
 11
25.6972
 21
20.2017
  0
LINE
  8
0
 10
25.6972
 20
20.2017
 11
25.5945
 21
20.1019
  0
LINE
  8
0
 10
25.5945
 20
20.1019
 11
25.5425
 21
20.0527
  0
LINE
  8
0
 10
25.5425
 20
20.0527
 11
25.4912
 21
20.0034
  0
LINE
  8
0
 10
25.4912
 20
20.0034
 11
25.4384
 21
19.9542
  0
LINE
  8
0
 10
25.4384
 20
19.9542
 11
25.3857
 21
19.9057
  0
LINE
  8
0
 10
25.3857
 20
19.9057
 11
25.333
 21
19.8579
  0
LINE
  8
0
 10
25.333
 20
19.8579
 11
25.2802
 21
19.8094
  0
LINE
  8
0
 10
25.2802
 20
19.8094
 11
25.2261
 21
19.7623
  0
LINE
  8
0
 10
25.2261
 20
19.7623
 11
25.1726
 21
19.7152
  0
LINE
  8
0
 10
25.1726
 20
19.7152
 11
25.1185
 21
19.668
  0
LINE
  8
0
 10
25.1185
 20
19.668
 11
25.0644
 21
19.6216
  0
LINE
  8
0
 10
25.0644
 20
19.6216
 11
24.9547
 21
19.5288
  0
LINE
  8
0
 10
24.9547
 20
19.5288
 11
24.8998
 21
19.4838
  0
LINE
  8
0
 10
24.8998
 20
19.4838
 11
24.8443
 21
19.4381
  0
LINE
  8
0
 10
24.8443
 20
19.4381
 11
24.788
 21
19.3938
  0
LINE
  8
0
 10
24.788
 20
19.3938
 11
24.7325
 21
19.3488
  0
LINE
  8
0
 10
24.7325
 20
19.3488
 11
24.6762
 21
19.3045
  0
LINE
  8
0
 10
24.6762
 20
19.3045
 11
24.6193
 21
19.2609
  0
LINE
  8
0
 10
24.6193
 20
19.2609
 11
24.563
 21
19.2173
  0
LINE
  8
0
 10
24.563
 20
19.2173
 11
24.5054
 21
19.1745
  0
LINE
  8
0
 10
24.5054
 20
19.1745
 11
24.4484
 21
19.1316
  0
LINE
  8
0
 10
24.4484
 20
19.1316
 11
24.3908
 21
19.0887
  0
LINE
  8
0
 10
24.3908
 20
19.0887
 11
24.3591
 21
19.0662
  0
LINE
  8
0
 10
24.3591
 20
19.0662
 11
24.3584
 21
19.0591
  0
LINE
  8
0
 10
24.3584
 20
19.0591
 11
24.3577
 21
19.0549
  0
LINE
  8
0
 10
24.3577
 20
19.0549
 11
24.3556
 21
19.0324
  0
LINE
  8
0
 10
24.3556
 20
19.0324
 11
24.3549
 21
19.0282
  0
LINE
  8
0
 10
24.3549
 20
19.0282
 11
24.3521
 21
19.0064
  0
LINE
  8
0
 10
24.3521
 20
19.0064
 11
24.3521
 21
19.0022
  0
LINE
  8
0
 10
24.3521
 20
19.0022
 11
24.3493
 21
18.9797
  0
LINE
  8
0
 10
24.3493
 20
18.9797
 11
24.3486
 21
18.9755
  0
LINE
  8
0
 10
24.3486
 20
18.9755
 11
24.3458
 21
18.953
  0
LINE
  8
0
 10
24.3458
 20
18.953
 11
24.3458
 21
18.9488
  0
LINE
  8
0
 10
24.3458
 20
18.9488
 11
24.343
 21
18.9262
  0
LINE
  8
0
 10
24.343
 20
18.9262
 11
24.3422
 21
18.922
  0
LINE
  8
0
 10
24.3422
 20
18.922
 11
24.3394
 21
18.9002
  0
LINE
  8
0
 10
24.3394
 20
18.9002
 11
24.3387
 21
18.896
  0
LINE
  8
0
 10
24.3387
 20
18.896
 11
24.3359
 21
18.8735
  0
LINE
  8
0
 10
24.3359
 20
18.8735
 11
24.3352
 21
18.8693
  0
LINE
  8
0
 10
24.3352
 20
18.8693
 11
24.3324
 21
18.8468
  0
LINE
  8
0
 10
24.3324
 20
18.8468
 11
24.3317
 21
18.8426
  0
LINE
  8
0
 10
24.3317
 20
18.8426
 11
24.3289
 21
18.8208
  0
LINE
  8
0
 10
24.3289
 20
18.8208
 11
24.3282
 21
18.8166
  0
LINE
  8
0
 10
24.3282
 20
18.8166
 11
24.3254
 21
18.7941
  0
LINE
  8
0
 10
24.3254
 20
18.7941
 11
24.3247
 21
18.7898
  0
LINE
  8
0
 10
24.3247
 20
18.7898
 11
24.3219
 21
18.7673
  0
LINE
  8
0
 10
24.3219
 20
18.7673
 11
24.3212
 21
18.7631
  0
LINE
  8
0
 10
24.3212
 20
18.7631
 11
24.3176
 21
18.7413
  0
LINE
  8
0
 10
24.3176
 20
18.7413
 11
24.3169
 21
18.7371
  0
LINE
  8
0
 10
24.3169
 20
18.7371
 11
24.3141
 21
18.7146
  0
LINE
  8
0
 10
24.3141
 20
18.7146
 11
24.3134
 21
18.7104
  0
LINE
  8
0
 10
24.3134
 20
18.7104
 11
24.3099
 21
18.6886
  0
LINE
  8
0
 10
24.3099
 20
18.6886
 11
24.3092
 21
18.6844
  0
LINE
  8
0
 10
24.3092
 20
18.6844
 11
24.3057
 21
18.6619
  0
LINE
  8
0
 10
24.3057
 20
18.6619
 11
24.305
 21
18.6577
  0
LINE
  8
0
 10
24.305
 20
18.6577
 11
24.3015
 21
18.6359
  0
LINE
  8
0
 10
24.3015
 20
18.6359
 11
24.3015
 21
18.6316
  0
LINE
  8
0
 10
24.3015
 20
18.6316
 11
24.298
 21
18.6091
  0
LINE
  8
0
 10
24.298
 20
18.6091
 11
24.2972
 21
18.6049
  0
LINE
  8
0
 10
24.2972
 20
18.6049
 11
24.2937
 21
18.5831
  0
LINE
  8
0
 10
24.2937
 20
18.5831
 11
24.293
 21
18.5789
  0
LINE
  8
0
 10
24.293
 20
18.5789
 11
24.2888
 21
18.5564
  0
LINE
  8
0
 10
24.2888
 20
18.5564
 11
24.2881
 21
18.5522
  0
LINE
  8
0
 10
24.2881
 20
18.5522
 11
24.2846
 21
18.5304
  0
LINE
  8
0
 10
24.2846
 20
18.5304
 11
24.2839
 21
18.5262
  0
LINE
  8
0
 10
24.2839
 20
18.5262
 11
24.2804
 21
18.5037
  0
LINE
  8
0
 10
24.2804
 20
18.5037
 11
24.2797
 21
18.4995
  0
LINE
  8
0
 10
24.2797
 20
18.4995
 11
24.2755
 21
18.4777
  0
LINE
  8
0
 10
24.2755
 20
18.4777
 11
24.2748
 21
18.4734
  0
LINE
  8
0
 10
24.2748
 20
18.4734
 11
24.2712
 21
18.4509
  0
LINE
  8
0
 10
24.2712
 20
18.4509
 11
24.2705
 21
18.4474
  0
LINE
  8
0
 10
24.2705
 20
18.4474
 11
24.2663
 21
18.4249
  0
LINE
  8
0
 10
24.2663
 20
18.4249
 11
24.2656
 21
18.4207
  0
LINE
  8
0
 10
24.2656
 20
18.4207
 11
24.2614
 21
18.3989
  0
LINE
  8
0
 10
24.2614
 20
18.3989
 11
24.2607
 21
18.3947
  0
LINE
  8
0
 10
24.2607
 20
18.3947
 11
24.2565
 21
18.3722
  0
LINE
  8
0
 10
24.2565
 20
18.3722
 11
24.2558
 21
18.3687
  0
LINE
  8
0
 10
24.2558
 20
18.3687
 11
24.2515
 21
18.3462
  0
LINE
  8
0
 10
24.2515
 20
18.3462
 11
24.2508
 21
18.342
  0
LINE
  8
0
 10
24.2508
 20
18.342
 11
24.2466
 21
18.3202
  0
LINE
  8
0
 10
24.2466
 20
18.3202
 11
24.2459
 21
18.3159
  0
LINE
  8
0
 10
24.2459
 20
18.3159
 11
24.2417
 21
18.2941
  0
LINE
  8
0
 10
24.2417
 20
18.2941
 11
24.241
 21
18.2899
  0
LINE
  8
0
 10
24.241
 20
18.2899
 11
24.2368
 21
18.2674
  0
LINE
  8
0
 10
24.2368
 20
18.2674
 11
24.2361
 21
18.2639
  0
LINE
  8
0
 10
24.2361
 20
18.2639
 11
24.2312
 21
18.2414
  0
LINE
  8
0
 10
24.2312
 20
18.2414
 11
24.2305
 21
18.2379
  0
LINE
  8
0
 10
24.2305
 20
18.2379
 11
24.2262
 21
18.2154
  0
LINE
  8
0
 10
24.2262
 20
18.2154
 11
24.2255
 21
18.2112
  0
LINE
  8
0
 10
24.2255
 20
18.2112
 11
24.2206
 21
18.1894
  0
LINE
  8
0
 10
24.2206
 20
18.1894
 11
24.2199
 21
18.1852
  0
LINE
  8
0
 10
24.2199
 20
18.1852
 11
24.215
 21
18.1634
  0
LINE
  8
0
 10
24.215
 20
18.1634
 11
24.2143
 21
18.1591
  0
LINE
  8
0
 10
24.2143
 20
18.1591
 11
24.2101
 21
18.1373
  0
LINE
  8
0
 10
24.2101
 20
18.1373
 11
24.2087
 21
18.1331
  0
LINE
  8
0
 10
24.2087
 20
18.1331
 11
24.2044
 21
18.1113
  0
LINE
  8
0
 10
24.2044
 20
18.1113
 11
24.2037
 21
18.1071
  0
LINE
  8
0
 10
24.2037
 20
18.1071
 11
24.1988
 21
18.0853
  0
LINE
  8
0
 10
24.1988
 20
18.0853
 11
24.1981
 21
18.0811
  0
LINE
  8
0
 10
24.1981
 20
18.0811
 11
24.1932
 21
18.0593
  0
LINE
  8
0
 10
24.1932
 20
18.0593
 11
24.1918
 21
18.0551
  0
LINE
  8
0
 10
24.1918
 20
18.0551
 11
24.1869
 21
18.0333
  0
LINE
  8
0
 10
24.1869
 20
18.0333
 11
24.1862
 21
18.0291
  0
LINE
  8
0
 10
24.1862
 20
18.0291
 11
24.1812
 21
18.0073
  0
LINE
  8
0
 10
24.1812
 20
18.0073
 11
24.1805
 21
18.003
  0
LINE
  8
0
 10
24.1805
 20
18.003
 11
24.1756
 21
17.9813
  0
LINE
  8
0
 10
24.1756
 20
17.9813
 11
24.1742
 21
17.977
  0
LINE
  8
0
 10
24.1742
 20
17.977
 11
24.1693
 21
17.9552
  0
LINE
  8
0
 10
24.1693
 20
17.9552
 11
24.1686
 21
17.951
  0
LINE
  8
0
 10
24.1686
 20
17.951
 11
24.163
 21
17.9292
  0
LINE
  8
0
 10
24.163
 20
17.9292
 11
24.1623
 21
17.9257
  0
LINE
  8
0
 10
24.1623
 20
17.9257
 11
24.1573
 21
17.9032
  0
LINE
  8
0
 10
24.1573
 20
17.9032
 11
24.1559
 21
17.8997
  0
LINE
  8
0
 10
24.1559
 20
17.8997
 11
24.151
 21
17.8772
  0
LINE
  8
0
 10
24.151
 20
17.8772
 11
24.1503
 21
17.8737
  0
LINE
  8
0
 10
24.1503
 20
17.8737
 11
24.1447
 21
17.8512
  0
LINE
  8
0
 10
24.1447
 20
17.8512
 11
24.144
 21
17.8477
  0
LINE
  8
0
 10
24.144
 20
17.8477
 11
24.1383
 21
17.8259
  0
LINE
  8
0
 10
24.1383
 20
17.8259
 11
24.1376
 21
17.8216
  0
LINE
  8
0
 10
24.1376
 20
17.8216
 11
24.132
 21
17.7998
  0
LINE
  8
0
 10
24.132
 20
17.7998
 11
24.1313
 21
17.7963
  0
LINE
  8
0
 10
24.1313
 20
17.7963
 11
24.1257
 21
17.7738
  0
LINE
  8
0
 10
24.1257
 20
17.7738
 11
24.1243
 21
17.7703
  0
LINE
  8
0
 10
24.1243
 20
17.7703
 11
24.1187
 21
17.7485
  0
LINE
  8
0
 10
24.1187
 20
17.7485
 11
24.118
 21
17.7443
  0
LINE
  8
0
 10
24.118
 20
17.7443
 11
24.1123
 21
17.7225
  0
LINE
  8
0
 10
24.1123
 20
17.7225
 11
24.1116
 21
17.719
  0
LINE
  8
0
 10
24.1116
 20
17.719
 11
24.1053
 21
17.6965
  0
LINE
  8
0
 10
24.1053
 20
17.6965
 11
24.1046
 21
17.693
  0
LINE
  8
0
 10
24.1046
 20
17.693
 11
24.099
 21
17.6712
  0
LINE
  8
0
 10
24.099
 20
17.6712
 11
24.0976
 21
17.667
  0
LINE
  8
0
 10
24.0976
 20
17.667
 11
24.0919
 21
17.6452
  0
LINE
  8
0
 10
24.0919
 20
17.6452
 11
24.0912
 21
17.6416
  0
LINE
  8
0
 10
24.0912
 20
17.6416
 11
24.0849
 21
17.6198
  0
LINE
  8
0
 10
24.0849
 20
17.6198
 11
24.0842
 21
17.6156
  0
LINE
  8
0
 10
24.0842
 20
17.6156
 11
24.0779
 21
17.5938
  0
LINE
  8
0
 10
24.0779
 20
17.5938
 11
24.0772
 21
17.5903
  0
LINE
  8
0
 10
24.0772
 20
17.5903
 11
24.0708
 21
17.5685
  0
LINE
  8
0
 10
24.0708
 20
17.5685
 11
24.0701
 21
17.5643
  0
LINE
  8
0
 10
24.0701
 20
17.5643
 11
24.0638
 21
17.5425
  0
LINE
  8
0
 10
24.0638
 20
17.5425
 11
24.0631
 21
17.539
  0
LINE
  8
0
 10
24.0631
 20
17.539
 11
24.0568
 21
17.5172
  0
LINE
  8
0
 10
24.0568
 20
17.5172
 11
24.0561
 21
17.5137
  0
LINE
  8
0
 10
24.0561
 20
17.5137
 11
24.0497
 21
17.4912
  0
LINE
  8
0
 10
24.0497
 20
17.4912
 11
24.0483
 21
17.4877
  0
LINE
  8
0
 10
24.0483
 20
17.4877
 11
24.0427
 21
17.4659
  0
LINE
  8
0
 10
24.0427
 20
17.4659
 11
24.0413
 21
17.4623
  0
LINE
  8
0
 10
24.0413
 20
17.4623
 11
24.035
 21
17.4405
  0
LINE
  8
0
 10
24.035
 20
17.4405
 11
24.0343
 21
17.437
  0
LINE
  8
0
 10
24.0343
 20
17.437
 11
24.028
 21
17.4145
  0
LINE
  8
0
 10
24.028
 20
17.4145
 11
24.0265
 21
17.411
  0
LINE
  8
0
 10
24.0265
 20
17.411
 11
24.0202
 21
17.3892
  0
LINE
  8
0
 10
24.0202
 20
17.3892
 11
24.0188
 21
17.3857
  0
LINE
  8
0
 10
24.0188
 20
17.3857
 11
24.0125
 21
17.3639
  0
LINE
  8
0
 10
24.0125
 20
17.3639
 11
24.0118
 21
17.3604
  0
LINE
  8
0
 10
24.0118
 20
17.3604
 11
24.0048
 21
17.3386
  0
LINE
  8
0
 10
24.0048
 20
17.3386
 11
24.004
 21
17.3351
  0
LINE
  8
0
 10
24.004
 20
17.3351
 11
23.997
 21
17.3133
  0
LINE
  8
0
 10
23.997
 20
17.3133
 11
23.9963
 21
17.3098
  0
LINE
  8
0
 10
23.9963
 20
17.3098
 11
23.9893
 21
17.2873
  0
LINE
  8
0
 10
23.9893
 20
17.2873
 11
23.9886
 21
17.2838
  0
LINE
  8
0
 10
23.9886
 20
17.2838
 11
23.9815
 21
17.262
  0
LINE
  8
0
 10
23.9815
 20
17.262
 11
23.9808
 21
17.2584
  0
LINE
  8
0
 10
23.9808
 20
17.2584
 11
23.9738
 21
17.2366
  0
LINE
  8
0
 10
23.9738
 20
17.2366
 11
23.9731
 21
17.2331
  0
LINE
  8
0
 10
23.9731
 20
17.2331
 11
23.9661
 21
17.2113
  0
LINE
  8
0
 10
23.9661
 20
17.2113
 11
23.9647
 21
17.2078
  0
LINE
  8
0
 10
23.9647
 20
17.2078
 11
23.9583
 21
17.186
  0
LINE
  8
0
 10
23.9583
 20
17.186
 11
23.9569
 21
17.1825
  0
LINE
  8
0
 10
23.9569
 20
17.1825
 11
23.9499
 21
17.1607
  0
LINE
  8
0
 10
23.9499
 20
17.1607
 11
23.9492
 21
17.1572
  0
LINE
  8
0
 10
23.9492
 20
17.1572
 11
23.9422
 21
17.1354
  0
LINE
  8
0
 10
23.9422
 20
17.1354
 11
23.9408
 21
17.1319
  0
LINE
  8
0
 10
23.9408
 20
17.1319
 11
23.9337
 21
17.1101
  0
LINE
  8
0
 10
23.9337
 20
17.1101
 11
23.9323
 21
17.1066
  0
LINE
  8
0
 10
23.9323
 20
17.1066
 11
23.9253
 21
17.0848
  0
LINE
  8
0
 10
23.9253
 20
17.0848
 11
23.9246
 21
17.082
  0
LINE
  8
0
 10
23.9246
 20
17.082
 11
23.9169
 21
17.0602
  0
LINE
  8
0
 10
23.9169
 20
17.0602
 11
23.9162
 21
17.0566
  0
LINE
  8
0
 10
23.9162
 20
17.0566
 11
23.9084
 21
17.0348
  0
LINE
  8
0
 10
23.9084
 20
17.0348
 11
23.9077
 21
17.0313
  0
LINE
  8
0
 10
23.9077
 20
17.0313
 11
23.9007
 21
17.0095
  0
LINE
  8
0
 10
23.9007
 20
17.0095
 11
23.8993
 21
17.006
  0
LINE
  8
0
 10
23.8993
 20
17.006
 11
23.8915
 21
16.9842
  0
LINE
  8
0
 10
23.8915
 20
16.9842
 11
23.8908
 21
16.9814
  0
LINE
  8
0
 10
23.8908
 20
16.9814
 11
23.8831
 21
16.9596
  0
LINE
  8
0
 10
23.8831
 20
16.9596
 11
23.8824
 21
16.9561
  0
LINE
  8
0
 10
23.8824
 20
16.9561
 11
23.8747
 21
16.9343
  0
LINE
  8
0
 10
23.8747
 20
16.9343
 11
23.8733
 21
16.9308
  0
LINE
  8
0
 10
23.8733
 20
16.9308
 11
23.8662
 21
16.909
  0
LINE
  8
0
 10
23.8662
 20
16.909
 11
23.8648
 21
16.9062
  0
LINE
  8
0
 10
23.8648
 20
16.9062
 11
23.8571
 21
16.8844
  0
LINE
  8
0
 10
23.8571
 20
16.8844
 11
23.8564
 21
16.8809
  0
LINE
  8
0
 10
23.8564
 20
16.8809
 11
23.8487
 21
16.8591
  0
LINE
  8
0
 10
23.8487
 20
16.8591
 11
23.8472
 21
16.8555
  0
LINE
  8
0
 10
23.8472
 20
16.8555
 11
23.8395
 21
16.8338
  0
LINE
  8
0
 10
23.8395
 20
16.8338
 11
23.8388
 21
16.8309
  0
LINE
  8
0
 10
23.8388
 20
16.8309
 11
23.8311
 21
16.8091
  0
LINE
  8
0
 10
23.8311
 20
16.8091
 11
23.8297
 21
16.8056
  0
LINE
  8
0
 10
23.8297
 20
16.8056
 11
23.8219
 21
16.7845
  0
LINE
  8
0
 10
23.8219
 20
16.7845
 11
23.8205
 21
16.781
  0
LINE
  8
0
 10
23.8205
 20
16.781
 11
23.8128
 21
16.7592
  0
LINE
  8
0
 10
23.8128
 20
16.7592
 11
23.8114
 21
16.7557
  0
LINE
  8
0
 10
23.8114
 20
16.7557
 11
23.8037
 21
16.7346
  0
LINE
  8
0
 10
23.8037
 20
16.7346
 11
23.8023
 21
16.7311
  0
LINE
  8
0
 10
23.8023
 20
16.7311
 11
23.7945
 21
16.7093
  0
LINE
  8
0
 10
23.7945
 20
16.7093
 11
23.7931
 21
16.7065
  0
LINE
  8
0
 10
23.7931
 20
16.7065
 11
23.7854
 21
16.6847
  0
LINE
  8
0
 10
23.7854
 20
16.6847
 11
23.784
 21
16.6812
  0
LINE
  8
0
 10
23.784
 20
16.6812
 11
23.7762
 21
16.6601
  0
LINE
  8
0
 10
23.7762
 20
16.6601
 11
23.7748
 21
16.6566
  0
LINE
  8
0
 10
23.7748
 20
16.6566
 11
23.7671
 21
16.6348
  0
LINE
  8
0
 10
23.7671
 20
16.6348
 11
23.7657
 21
16.632
  0
LINE
  8
0
 10
23.7657
 20
16.632
 11
23.7572
 21
16.6102
  0
LINE
  8
0
 10
23.7572
 20
16.6102
 11
23.7565
 21
16.6073
  0
LINE
  8
0
 10
23.7565
 20
16.6073
 11
23.7481
 21
16.5855
  0
LINE
  8
0
 10
23.7481
 20
16.5855
 11
23.7383
 21
16.5609
  0
LINE
  8
0
 10
23.7383
 20
16.5609
 11
23.7376
 21
16.5574
  0
LINE
  8
0
 10
23.7376
 20
16.5574
 11
23.7277
 21
16.5328
  0
LINE
  8
0
 10
23.7277
 20
16.5328
 11
23.7193
 21
16.511
  0
LINE
  8
0
 10
23.7193
 20
16.511
 11
23.7179
 21
16.5082
  0
LINE
  8
0
 10
23.7179
 20
16.5082
 11
23.7094
 21
16.4864
  0
LINE
  8
0
 10
23.7094
 20
16.4864
 11
23.7087
 21
16.4836
  0
LINE
  8
0
 10
23.7087
 20
16.4836
 11
23.7003
 21
16.4618
  0
LINE
  8
0
 10
23.7003
 20
16.4618
 11
23.6989
 21
16.459
  0
LINE
  8
0
 10
23.6989
 20
16.459
 11
23.6905
 21
16.4372
  0
LINE
  8
0
 10
23.6905
 20
16.4372
 11
23.689
 21
16.4344
  0
LINE
  8
0
 10
23.689
 20
16.4344
 11
23.6806
 21
16.4126
  0
LINE
  8
0
 10
23.6806
 20
16.4126
 11
23.6792
 21
16.4098
  0
LINE
  8
0
 10
23.6792
 20
16.4098
 11
23.6708
 21
16.388
  0
LINE
  8
0
 10
23.6708
 20
16.388
 11
23.6694
 21
16.3852
  0
LINE
  8
0
 10
23.6694
 20
16.3852
 11
23.6595
 21
16.3605
  0
LINE
  8
0
 10
23.6595
 20
16.3605
 11
23.6504
 21
16.3395
  0
LINE
  8
0
 10
23.6504
 20
16.3395
 11
23.6497
 21
16.3359
  0
LINE
  8
0
 10
23.6497
 20
16.3359
 11
23.6405
 21
16.3148
  0
LINE
  8
0
 10
23.6405
 20
16.3148
 11
23.6391
 21
16.312
  0
LINE
  8
0
 10
23.6391
 20
16.312
 11
23.6307
 21
16.2902
  0
LINE
  8
0
 10
23.6307
 20
16.2902
 11
23.6293
 21
16.2874
  0
LINE
  8
0
 10
23.6293
 20
16.2874
 11
23.6201
 21
16.2656
  0
LINE
  8
0
 10
23.6201
 20
16.2656
 11
23.6194
 21
16.2628
  0
LINE
  8
0
 10
23.6194
 20
16.2628
 11
23.6103
 21
16.2417
  0
LINE
  8
0
 10
23.6103
 20
16.2417
 11
23.6089
 21
16.2382
  0
LINE
  8
0
 10
23.6089
 20
16.2382
 11
23.5998
 21
16.2171
  0
LINE
  8
0
 10
23.5998
 20
16.2171
 11
23.599
 21
16.2143
  0
LINE
  8
0
 10
23.599
 20
16.2143
 11
23.5899
 21
16.1925
  0
LINE
  8
0
 10
23.5899
 20
16.1925
 11
23.5885
 21
16.1897
  0
LINE
  8
0
 10
23.5885
 20
16.1897
 11
23.5794
 21
16.1686
  0
LINE
  8
0
 10
23.5794
 20
16.1686
 11
23.578
 21
16.1658
  0
LINE
  8
0
 10
23.578
 20
16.1658
 11
23.5688
 21
16.144
  0
LINE
  8
0
 10
23.5688
 20
16.144
 11
23.5674
 21
16.1412
  0
LINE
  8
0
 10
23.5674
 20
16.1412
 11
23.5583
 21
16.1194
  0
LINE
  8
0
 10
23.5583
 20
16.1194
 11
23.5576
 21
16.1166
  0
LINE
  8
0
 10
23.5576
 20
16.1166
 11
23.5477
 21
16.0955
  0
LINE
  8
0
 10
23.5477
 20
16.0955
 11
23.547
 21
16.0927
  0
LINE
  8
0
 10
23.547
 20
16.0927
 11
23.5372
 21
16.0709
  0
LINE
  8
0
 10
23.5372
 20
16.0709
 11
23.5365
 21
16.068
  0
LINE
  8
0
 10
23.5365
 20
16.068
 11
23.5266
 21
16.047
  0
LINE
  8
0
 10
23.5266
 20
16.047
 11
23.5252
 21
16.0441
  0
LINE
  8
0
 10
23.5252
 20
16.0441
 11
23.5161
 21
16.023
  0
LINE
  8
0
 10
23.5161
 20
16.023
 11
23.5147
 21
16.0202
  0
LINE
  8
0
 10
23.5147
 20
16.0202
 11
23.5055
 21
15.9984
  0
LINE
  8
0
 10
23.5055
 20
15.9984
 11
23.5041
 21
15.9956
  0
LINE
  8
0
 10
23.5041
 20
15.9956
 11
23.4943
 21
15.9745
  0
LINE
  8
0
 10
23.4943
 20
15.9745
 11
23.4936
 21
15.9717
  0
LINE
  8
0
 10
23.4936
 20
15.9717
 11
23.4837
 21
15.9506
  0
LINE
  8
0
 10
23.4837
 20
15.9506
 11
23.4823
 21
15.9478
  0
LINE
  8
0
 10
23.4823
 20
15.9478
 11
23.4732
 21
15.926
  0
LINE
  8
0
 10
23.4732
 20
15.926
 11
23.4718
 21
15.9232
  0
LINE
  8
0
 10
23.4718
 20
15.9232
 11
23.4619
 21
15.9021
  0
LINE
  8
0
 10
23.4619
 20
15.9021
 11
23.4605
 21
15.8993
  0
LINE
  8
0
 10
23.4605
 20
15.8993
 11
23.4514
 21
15.8782
  0
LINE
  8
0
 10
23.4514
 20
15.8782
 11
23.45
 21
15.8754
  0
LINE
  8
0
 10
23.45
 20
15.8754
 11
23.4401
 21
15.8543
  0
LINE
  8
0
 10
23.4401
 20
15.8543
 11
23.4387
 21
15.8515
  0
LINE
  8
0
 10
23.4387
 20
15.8515
 11
23.4289
 21
15.8297
  0
LINE
  8
0
 10
23.4289
 20
15.8297
 11
23.4275
 21
15.8276
  0
LINE
  8
0
 10
23.4275
 20
15.8276
 11
23.4176
 21
15.8058
  0
LINE
  8
0
 10
23.4176
 20
15.8058
 11
23.4169
 21
15.8037
  0
LINE
  8
0
 10
23.4169
 20
15.8037
 11
23.4071
 21
15.7819
  0
LINE
  8
0
 10
23.4071
 20
15.7819
 11
23.4057
 21
15.7798
  0
LINE
  8
0
 10
23.4057
 20
15.7798
 11
23.3958
 21
15.758
  0
LINE
  8
0
 10
23.3958
 20
15.758
 11
23.3944
 21
15.7559
  0
LINE
  8
0
 10
23.3944
 20
15.7559
 11
23.3846
 21
15.7341
  0
LINE
  8
0
 10
23.3846
 20
15.7341
 11
23.3832
 21
15.732
  0
LINE
  8
0
 10
23.3832
 20
15.732
 11
23.3726
 21
15.7102
  0
LINE
  8
0
 10
23.3726
 20
15.7102
 11
23.3719
 21
15.708
  0
LINE
  8
0
 10
23.3719
 20
15.708
 11
23.3614
 21
15.6863
  0
LINE
  8
0
 10
23.3614
 20
15.6863
 11
23.3607
 21
15.6841
  0
LINE
  8
0
 10
23.3607
 20
15.6841
 11
23.3501
 21
15.6623
  0
LINE
  8
0
 10
23.3501
 20
15.6623
 11
23.3487
 21
15.6602
  0
LINE
  8
0
 10
23.3487
 20
15.6602
 11
23.3389
 21
15.6391
  0
LINE
  8
0
 10
23.3389
 20
15.6391
 11
23.3375
 21
15.6363
  0
LINE
  8
0
 10
23.3375
 20
15.6363
 11
23.3276
 21
15.6152
  0
LINE
  8
0
 10
23.3276
 20
15.6152
 11
23.3143
 21
15.5885
  0
LINE
  8
0
 10
23.3143
 20
15.5885
 11
23.3044
 21
15.5674
  0
LINE
  8
0
 10
23.3044
 20
15.5674
 11
23.303
 21
15.5653
  0
LINE
  8
0
 10
23.303
 20
15.5653
 11
23.2925
 21
15.5435
  0
LINE
  8
0
 10
23.2925
 20
15.5435
 11
23.2911
 21
15.5414
  0
LINE
  8
0
 10
23.2911
 20
15.5414
 11
23.2812
 21
15.5203
  0
LINE
  8
0
 10
23.2812
 20
15.5203
 11
23.2693
 21
15.4964
  0
LINE
  8
0
 10
23.2693
 20
15.4964
 11
23.2679
 21
15.4943
  0
LINE
  8
0
 10
23.2679
 20
15.4943
 11
23.2573
 21
15.4725
  0
LINE
  8
0
 10
23.2573
 20
15.4725
 11
23.2559
 21
15.4704
  0
LINE
  8
0
 10
23.2559
 20
15.4704
 11
23.2482
 21
15.4542
  0
LINE
  8
0
 10
23.2482
 20
15.4542
 11
23.277
 21
15.4669
  0
LINE
  8
0
 10
23.277
 20
15.4669
 11
23.3572
 21
15.5027
  0
LINE
  8
0
 10
23.3572
 20
15.5027
 11
23.4366
 21
15.5386
  0
LINE
  8
0
 10
23.4366
 20
15.5386
 11
23.5161
 21
15.5759
  0
LINE
  8
0
 10
23.5161
 20
15.5759
 11
23.5955
 21
15.6124
  0
LINE
  8
0
 10
23.5955
 20
15.6124
 11
23.753
 21
15.6884
  0
LINE
  8
0
 10
23.753
 20
15.6884
 11
23.8311
 21
15.727
  0
LINE
  8
0
 10
23.8311
 20
15.727
 11
23.9098
 21
15.7664
  0
LINE
  8
0
 10
23.9098
 20
15.7664
 11
23.9879
 21
15.8058
  0
LINE
  8
0
 10
23.9879
 20
15.8058
 11
24.0652
 21
15.8459
  0
LINE
  8
0
 10
24.0652
 20
15.8459
 11
24.1433
 21
15.8866
  0
LINE
  8
0
 10
24.1433
 20
15.8866
 11
24.2199
 21
15.9274
  0
LINE
  8
0
 10
24.2199
 20
15.9274
 11
24.2972
 21
15.9689
  0
LINE
  8
0
 10
24.2972
 20
15.9689
 11
24.4505
 21
16.0533
  0
LINE
  8
0
 10
24.4505
 20
16.0533
 11
24.6024
 21
16.1391
  0
LINE
  8
0
 10
24.6024
 20
16.1391
 11
24.6783
 21
16.1834
  0
LINE
  8
0
 10
24.6783
 20
16.1834
 11
24.8288
 21
16.272
  0
LINE
  8
0
 10
24.8288
 20
16.272
 11
24.904
 21
16.3177
  0
LINE
  8
0
 10
24.904
 20
16.3177
 11
25.0531
 21
16.4091
  0
LINE
  8
0
 10
25.0531
 20
16.4091
 11
25.1269
 21
16.4555
  0
LINE
  8
0
 10
25.1269
 20
16.4555
 11
25.2008
 21
16.5026
  0
LINE
  8
0
 10
25.2008
 20
16.5026
 11
25.347
 21
16.5982
  0
LINE
  8
0
 10
25.347
 20
16.5982
 11
25.4201
 21
16.6467
  0
LINE
  8
0
 10
25.4201
 20
16.6467
 11
25.4926
 21
16.6952
  0
LINE
  8
0
 10
25.4926
 20
16.6952
 11
25.565
 21
16.7445
  0
LINE
  8
0
 10
25.565
 20
16.7445
 11
25.7084
 21
16.8443
  0
LINE
  8
0
 10
25.7084
 20
16.8443
 11
25.7801
 21
16.8949
  0
LINE
  8
0
 10
25.7801
 20
16.8949
 11
25.9222
 21
16.9976
  0
LINE
  8
0
 10
25.9222
 20
16.9976
 11
25.9925
 21
17.0496
  0
LINE
  8
0
 10
25.9925
 20
17.0496
 11
26.0621
 21
17.1016
  0
LINE
  8
0
 10
26.0621
 20
17.1016
 11
26.1324
 21
17.1544
  0
LINE
  8
0
 10
26.1324
 20
17.1544
 11
26.2013
 21
17.2078
  0
LINE
  8
0
 10
26.2013
 20
17.2078
 11
26.2709
 21
17.2613
  0
LINE
  8
0
 10
26.2709
 20
17.2613
 11
26.3398
 21
17.3154
  0
LINE
  8
0
 10
26.3398
 20
17.3154
 11
26.408
 21
17.3695
  0
LINE
  8
0
 10
26.408
 20
17.3695
 11
26.4762
 21
17.4244
  0
LINE
  8
0
 10
26.4762
 20
17.4244
 11
26.6112
 21
17.5355
  0
LINE
  8
0
 10
26.6112
 20
17.5355
 11
26.6787
 21
17.5917
  0
LINE
  8
0
 10
26.6787
 20
17.5917
 11
26.7455
 21
17.648
  0
LINE
  8
0
 10
26.7455
 20
17.648
 11
26.8116
 21
17.7049
  0
LINE
  8
0
 10
26.8116
 20
17.7049
 11
26.8777
 21
17.7626
  0
LINE
  8
0
 10
26.8777
 20
17.7626
 11
26.9431
 21
17.8202
  0
LINE
  8
0
 10
26.9431
 20
17.8202
 11
27.0739
 21
17.937
  0
LINE
  8
0
 10
27.0739
 20
17.937
 11
27.1386
 21
17.996
  0
LINE
  8
0
 10
27.1386
 20
17.996
 11
27.2026
 21
18.0551
  0
LINE
  8
0
 10
27.2026
 20
18.0551
 11
27.2665
 21
18.1148
  0
LINE
  8
0
 10
27.2665
 20
18.1148
 11
27.4564
 21
18.2963
  0
LINE
  8
0
 10
27.4564
 20
18.2963
 11
27.5183
 21
18.3581
  0
LINE
  8
0
 10
27.5183
 20
18.3581
 11
27.5808
 21
18.4193
  0
LINE
  8
0
 10
27.5808
 20
18.4193
 11
27.642
 21
18.4819
  0
LINE
  8
0
 10
27.642
 20
18.4819
 11
27.7032
 21
18.5438
  0
LINE
  8
0
 10
27.7032
 20
18.5438
 11
27.8248
 21
18.6696
  0
LINE
  8
0
 10
27.8248
 20
18.6696
 11
27.8853
 21
18.7336
  0
LINE
  8
0
 10
27.8853
 20
18.7336
 11
27.9451
 21
18.7976
  0
LINE
  8
0
 10
27.9451
 20
18.7976
 11
28.0041
 21
18.8616
  0
LINE
  8
0
 10
28.0041
 20
18.8616
 11
28.0632
 21
18.9262
  0
LINE
  8
0
 10
28.0632
 20
18.9262
 11
28.1215
 21
18.9909
  0
LINE
  8
0
 10
28.1215
 20
18.9909
 11
28.1799
 21
19.0563
  0
LINE
  8
0
 10
28.1799
 20
19.0563
 11
28.2376
 21
19.1224
  0
LINE
  8
0
 10
28.2376
 20
19.1224
 11
28.3515
 21
19.2546
  0
LINE
  8
0
 10
28.3515
 20
19.2546
 11
28.4084
 21
19.3214
  0
LINE
  8
0
 10
28.4084
 20
19.3214
 11
28.4647
 21
19.3889
  0
LINE
  8
0
 10
28.4647
 20
19.3889
 11
28.5202
 21
19.4564
  0
LINE
  8
0
 10
28.5202
 20
19.4564
 11
28.5751
 21
19.5239
  0
LINE
  8
0
 10
28.5751
 20
19.5239
 11
28.6848
 21
19.6603
  0
LINE
  8
0
 10
28.6848
 20
19.6603
 11
28.7389
 21
19.7292
  0
LINE
  8
0
 10
28.7389
 20
19.7292
 11
28.7923
 21
19.7981
  0
LINE
  8
0
 10
28.7923
 20
19.7981
 11
28.8458
 21
19.8677
  0
LINE
  8
0
 10
28.8458
 20
19.8677
 11
28.8985
 21
19.9373
  0
LINE
  8
0
 10
28.8985
 20
19.9373
 11
29.0026
 21
20.078
  0
LINE
  8
0
 10
29.0026
 20
20.078
 11
29.1052
 21
20.22
  0
LINE
  8
0
 10
29.1052
 20
20.22
 11
29.1551
 21
20.291
  0
LINE
  8
0
 10
29.1551
 20
20.291
 11
29.2058
 21
20.3627
  0
LINE
  8
0
 10
29.2058
 20
20.3627
 11
29.2557
 21
20.4352
  0
LINE
  8
0
 10
29.2557
 20
20.4352
 11
29.3049
 21
20.5069
  0
LINE
  8
0
 10
29.3049
 20
20.5069
 11
29.3534
 21
20.58
  0
LINE
  8
0
 10
29.3534
 20
20.58
 11
29.4019
 21
20.6524
  0
LINE
  8
0
 10
29.4019
 20
20.6524
 11
29.4498
 21
20.7255
  0
LINE
  8
0
 10
29.4498
 20
20.7255
 11
29.5911
 21
20.947
  0
LINE
  8
0
 10
29.5911
 20
20.947
 11
29.6825
 21
21.0961
  0
LINE
  8
0
 10
29.6825
 20
21.0961
 11
29.7275
 21
21.1706
  0
LINE
  8
0
 10
29.7275
 20
21.1706
 11
29.7725
 21
21.2459
  0
LINE
  8
0
 10
29.7725
 20
21.2459
 11
29.8168
 21
21.3218
  0
LINE
  8
0
 10
29.8168
 20
21.3218
 11
29.8604
 21
21.397
  0
LINE
  8
0
 10
29.8604
 20
21.397
 11
29.904
 21
21.473
  0
LINE
  8
0
 10
29.904
 20
21.473
 11
29.9469
 21
21.5496
  0
LINE
  8
0
 10
29.9469
 20
21.5496
 11
30.0312
 21
21.7029
  0
LINE
  8
0
 10
30.0312
 20
21.7029
 11
30.0727
 21
21.7795
  0
LINE
  8
0
 10
30.0727
 20
21.7795
 11
30.1543
 21
21.9342
  0
LINE
  8
0
 10
30.1543
 20
21.9342
 11
30.1944
 21
22.0123
  0
LINE
  8
0
 10
30.1944
 20
22.0123
 11
30.2731
 21
22.1684
  0
LINE
  8
0
 10
30.2731
 20
22.1684
 11
30.3118
 21
22.2471
  0
LINE
  8
0
 10
30.3118
 20
22.2471
 11
30.3498
 21
22.3259
  0
LINE
  8
0
 10
30.3498
 20
22.3259
 11
30.387
 21
22.4046
  0
LINE
  8
0
 10
30.387
 20
22.4046
 11
30.4243
 21
22.4841
  0
LINE
  8
0
 10
30.4243
 20
22.4841
 11
30.4974
 21
22.643
  0
LINE
  8
0
 10
30.4974
 20
22.643
 11
30.5333
 21
22.7231
  0
LINE
  8
0
 10
30.5333
 20
22.7231
 11
30.5684
 21
22.8033
  0
LINE
  8
0
 10
30.5684
 20
22.8033
 11
30.6373
 21
22.9636
  0
LINE
  8
0
 10
30.6373
 20
22.9636
 11
30.6711
 21
23.0445
  0
LINE
  8
0
 10
30.6711
 20
23.0445
 11
30.7041
 21
23.1253
  0
LINE
  8
0
 10
30.7041
 20
23.1253
 11
30.7365
 21
23.2062
  0
LINE
  8
0
 10
30.7365
 20
23.2062
 11
30.7688
 21
23.2877
  0
LINE
  8
0
 10
30.7688
 20
23.2877
 11
30.8321
 21
23.4509
  0
LINE
  8
0
 10
30.8321
 20
23.4509
 11
30.863
 21
23.5331
  0
LINE
  8
0
 10
30.863
 20
23.5331
 11
30.8933
 21
23.6147
  0
LINE
  8
0
 10
30.8933
 20
23.6147
 11
30.9228
 21
23.697
  0
LINE
  8
0
 10
30.9228
 20
23.697
 11
30.9516
 21
23.7799
  0
LINE
  8
0
 10
30.9516
 20
23.7799
 11
30.9805
 21
23.8622
  0
LINE
  8
0
 10
30.9805
 20
23.8622
 11
31.0367
 21
24.0281
  0
LINE
  8
0
 10
31.0367
 20
24.0281
 11
31.0634
 21
24.1111
  0
LINE
  8
0
 10
31.0634
 20
24.1111
 11
31.0901
 21
24.1948
  0
LINE
  8
0
 10
31.0901
 20
24.1948
 11
31.1162
 21
24.2777
  0
LINE
  8
0
 10
31.1162
 20
24.2777
 11
31.1422
 21
24.3614
  0
LINE
  8
0
 10
31.1422
 20
24.3614
 11
31.1675
 21
24.4458
  0
LINE
  8
0
 10
31.1675
 20
24.4458
 11
31.1921
 21
24.5295
  0
LINE
  8
0
 10
31.1921
 20
24.5295
 11
31.216
 21
24.6138
  0
LINE
  8
0
 10
31.216
 20
24.6138
 11
31.2399
 21
24.6975
  0
LINE
  8
0
 10
31.2399
 20
24.6975
 11
31.2624
 21
24.7819
  0
LINE
  8
0
 10
31.2624
 20
24.7819
 11
31.2849
 21
24.867
  0
LINE
  8
0
 10
31.2849
 20
24.867
 11
31.3074
 21
24.9513
  0
LINE
  8
0
 10
31.3074
 20
24.9513
 11
31.3285
 21
25.0364
  0
LINE
  8
0
 10
31.3285
 20
25.0364
 11
31.3496
 21
25.1208
  0
LINE
  8
0
 10
31.3496
 20
25.1208
 11
31.3904
 21
25.2909
  0
LINE
  8
0
 10
31.3904
 20
25.2909
 11
31.4094
 21
25.3767
  0
LINE
  8
0
 10
31.4094
 20
25.3767
 11
31.4283
 21
25.4618
  0
LINE
  8
0
 10
31.4283
 20
25.4618
 11
31.4649
 21
25.6334
  0
LINE
  8
0
 10
31.4649
 20
25.6334
 11
31.4987
 21
25.8049
  0
LINE
  8
0
 10
31.4987
 20
25.8049
 11
31.531
 21
25.9765
  0
LINE
  8
0
 10
31.531
 20
25.9765
 11
31.5465
 21
26.063
  0
LINE
  8
0
 10
31.5465
 20
26.063
 11
31.5605
 21
26.1487
  0
LINE
  8
0
 10
31.5605
 20
26.1487
 11
31.5753
 21
26.2352
  0
LINE
  8
0
 10
31.5753
 20
26.2352
 11
31.602
 21
26.4082
  0
LINE
  8
0
 10
31.602
 20
26.4082
 11
31.614
 21
26.4947
  0
LINE
  8
0
 10
31.614
 20
26.4947
 11
31.6266
 21
26.5812
  0
LINE
  8
0
 10
31.6266
 20
26.5812
 11
31.6379
 21
26.6684
  0
LINE
  8
0
 10
31.6379
 20
26.6684
 11
31.6491
 21
26.7548
  0
LINE
  8
0
 10
31.6491
 20
26.7548
 11
31.659
 21
26.842
  0
LINE
  8
0
 10
31.659
 20
26.842
 11
31.6688
 21
26.9285
  0
LINE
  8
0
 10
31.6688
 20
26.9285
 11
31.6787
 21
27.0157
  0
LINE
  8
0
 10
31.6787
 20
27.0157
 11
31.6955
 21
27.1901
  0
LINE
  8
0
 10
31.6955
 20
27.1901
 11
31.7033
 21
27.2766
  0
LINE
  8
0
 10
31.7033
 20
27.2766
 11
31.711
 21
27.3637
  0
LINE
  8
0
 10
31.711
 20
27.3637
 11
31.7173
 21
27.4509
  0
LINE
  8
0
 10
31.7173
 20
27.4509
 11
31.7237
 21
27.5388
  0
LINE
  8
0
 10
31.7237
 20
27.5388
 11
31.7293
 21
27.626
  0
LINE
  8
0
 10
31.7293
 20
27.626
 11
31.7391
 21
27.8004
  0
LINE
  8
0
 10
31.7391
 20
27.8004
 11
31.7462
 21
27.9755
  0
LINE
  8
0
 10
31.7462
 20
27.9755
 11
31.7518
 21
28.1498
  0
LINE
  8
0
 10
31.7518
 20
28.1498
 11
31.7539
 21
28.2377
  0
LINE
  8
0
 10
31.7539
 20
28.2377
 11
31.7546
 21
28.3249
  0
LINE
  8
0
 10
31.7546
 20
28.3249
 11
31.756
 21
28.4128
  0
LINE
  8
0
 10
31.756
 20
28.4128
 11
31.756
 21
28.5872
  0
LINE
  8
0
 10
31.756
 20
28.5872
 11
31.7546
 21
28.6751
  0
ENDSEC
  0
SECTION
  2
OBJECTS
  0
DICTIONARY
  0
ENDSEC
  0
EOF
