ISO-10303-21;
HEADER;
/* Generated by software containing ST-Developer
 * from STEP Tools, Inc. (www.steptools.com) 
 */

FILE_DESCRIPTION(
/* description */ (''),
/* implementation_level */ '2;1');

FILE_NAME(
/* name */ 
'USB C 90 Adapter Type C Female to Male Right Angle v3.step',
/* time_stamp */ '2023-06-04T12:54:08+02:00',
/* author */ (''),
/* organization */ (''),
/* preprocessor_version */ 'ST-DEVELOPER v19.2',
/* originating_system */ 'Autodesk Translation Framework v12.4.0.73',
/* authorisation */ '');

FILE_SCHEMA (('AUTOMOTIVE_DESIGN { 1 0 10303 214 3 1 1 }'));
ENDSEC;

DATA;
#10=MECHANICAL_DESIGN_GEOMETRIC_PRESENTATION_REPRESENTATION('',(#31,#32,
#33,#34,#35,#36,#37,#38,#39,#40,#41,#42,#43,#44,#45,#46,#47,#48,#49,#50,
#51,#52,#53,#54,#55,#56,#57,#58,#59,#60,#61,#62,#63,#64,#65,#66,#67,#68,
#69,#70,#71,#72),#2411);
#11=SHAPE_REPRESENTATION_RELATIONSHIP('SRR','None',#2418,#12);
#12=ADVANCED_BREP_SHAPE_REPRESENTATION('',(#13),#2410);
#13=MANIFOLD_SOLID_BREP('Body3',#1429);
#14=B_SPLINE_CURVE_WITH_KNOTS('',3,(#2184,#2185,#2186,#2187,#2188,#2189,
#2190,#2191,#2192,#2193),.UNSPECIFIED.,.F.,.F.,(4,2,2,2,4),(0.352472503008383,
0.443165514176639,0.533858525344896,0.623598405182608,0.71333828502032),
 .UNSPECIFIED.);
#15=B_SPLINE_CURVE_WITH_KNOTS('',3,(#2246,#2247,#2248,#2249,#2250,#2251,
#2252,#2253,#2254,#2255),.UNSPECIFIED.,.F.,.F.,(4,2,2,2,4),(0.,0.0897398798377123,
0.179479759675425,0.270172770843681,0.360865782011937),.UNSPECIFIED.);
#16=(
BOUNDED_CURVE()
B_SPLINE_CURVE(2,(#2170,#2171,#2172),.UNSPECIFIED.,.F.,.F.)
B_SPLINE_CURVE_WITH_KNOTS((3,3),(0.,0.139148318992404),.UNSPECIFIED.)
CURVE()
GEOMETRIC_REPRESENTATION_ITEM()
RATIONAL_B_SPLINE_CURVE((1.,1.01203724754833,1.))
REPRESENTATION_ITEM('')
);
#17=(
BOUNDED_CURVE()
B_SPLINE_CURVE(2,(#2216,#2217,#2218),.UNSPECIFIED.,.F.,.F.)
B_SPLINE_CURVE_WITH_KNOTS((3,3),(0.,0.139148318992404),.UNSPECIFIED.)
CURVE()
GEOMETRIC_REPRESENTATION_ITEM()
RATIONAL_B_SPLINE_CURVE((1.,1.01203724754826,1.))
REPRESENTATION_ITEM('')
);
#18=CONICAL_SURFACE('',#1497,3.7,0.785398163397448);
#19=CONICAL_SURFACE('',#1503,3.7,0.785398163397448);
#20=CONICAL_SURFACE('',#1507,3.7,0.785398163397448);
#21=CONICAL_SURFACE('',#1511,3.7,0.785398163397448);
#22=CONICAL_SURFACE('',#1522,3.7,0.785398163397448);
#23=CONICAL_SURFACE('',#1525,3.7,0.785398163397448);
#24=CONICAL_SURFACE('',#1528,3.7,0.785398163397448);
#25=CONICAL_SURFACE('',#1532,3.7,0.785398163397448);
#26=FACE_BOUND('',#240,.T.);
#27=FACE_BOUND('',#258,.T.);
#28=FACE_BOUND('',#260,.T.);
#29=FACE_BOUND('',#310,.T.);
#30=FACE_BOUND('',#312,.T.);
#31=STYLED_ITEM('',(#2429),#1359);
#32=STYLED_ITEM('',(#2429),#1360);
#33=STYLED_ITEM('',(#2429),#1361);
#34=STYLED_ITEM('',(#2429),#1362);
#35=STYLED_ITEM('',(#2429),#1363);
#36=STYLED_ITEM('',(#2430),#1364);
#37=STYLED_ITEM('',(#2430),#1365);
#38=STYLED_ITEM('',(#2430),#1366);
#39=STYLED_ITEM('',(#2430),#1367);
#40=STYLED_ITEM('',(#2430),#1372);
#41=STYLED_ITEM('',(#2430),#1373);
#42=STYLED_ITEM('',(#2430),#1374);
#43=STYLED_ITEM('',(#2430),#1375);
#44=STYLED_ITEM('',(#2431),#1378);
#45=STYLED_ITEM('',(#2429),#1379);
#46=STYLED_ITEM('',(#2431),#1380);
#47=STYLED_ITEM('',(#2429),#1381);
#48=STYLED_ITEM('',(#2429),#1383);
#49=STYLED_ITEM('',(#2429),#1384);
#50=STYLED_ITEM('',(#2429),#1385);
#51=STYLED_ITEM('',(#2429),#1386);
#52=STYLED_ITEM('',(#2431),#1387);
#53=STYLED_ITEM('',(#2431),#1388);
#54=STYLED_ITEM('',(#2431),#1389);
#55=STYLED_ITEM('',(#2429),#1390);
#56=STYLED_ITEM('',(#2429),#1391);
#57=STYLED_ITEM('',(#2429),#1392);
#58=STYLED_ITEM('',(#2429),#1393);
#59=STYLED_ITEM('',(#2429),#1394);
#60=STYLED_ITEM('',(#2429),#1395);
#61=STYLED_ITEM('',(#2429),#1396);
#62=STYLED_ITEM('',(#2429),#1397);
#63=STYLED_ITEM('',(#2431),#1398);
#64=STYLED_ITEM('',(#2431),#1399);
#65=STYLED_ITEM('',(#2431),#1400);
#66=STYLED_ITEM('',(#2429),#1410);
#67=STYLED_ITEM('',(#2429),#1411);
#68=STYLED_ITEM('',(#2429),#1422);
#69=STYLED_ITEM('',(#2429),#1423);
#70=STYLED_ITEM('',(#2429),#1424);
#71=STYLED_ITEM('',(#2429),#1425);
#72=STYLED_ITEM('',(#2428),#13);
#73=CIRCLE('',#1445,0.700000000000001);
#74=CIRCLE('',#1446,0.700000000000001);
#75=CIRCLE('',#1449,0.700000000000001);
#76=CIRCLE('',#1450,0.700000000000001);
#77=CIRCLE('',#1453,0.700000000000001);
#78=CIRCLE('',#1454,0.700000000000001);
#79=CIRCLE('',#1457,0.700000000000001);
#80=CIRCLE('',#1458,0.700000000000001);
#81=CIRCLE('',#1460,0.300000000000001);
#82=CIRCLE('',#1461,0.3);
#83=CIRCLE('',#1462,0.300000000000001);
#84=CIRCLE('',#1463,0.3);
#85=CIRCLE('',#1466,0.3);
#86=CIRCLE('',#1469,0.300000000000001);
#87=CIRCLE('',#1472,1.2);
#88=CIRCLE('',#1473,1.2);
#89=CIRCLE('',#1476,1.2);
#90=CIRCLE('',#1477,1.2);
#91=CIRCLE('',#1483,1.2);
#92=CIRCLE('',#1484,1.2);
#93=CIRCLE('',#1487,1.2);
#94=CIRCLE('',#1488,1.2);
#95=CIRCLE('',#1492,2.3);
#96=CIRCLE('',#1493,2.3);
#97=CIRCLE('',#1494,2.3);
#98=CIRCLE('',#1495,2.3);
#99=CIRCLE('',#1498,4.1);
#100=CIRCLE('',#1499,3.3);
#101=CIRCLE('',#1501,4.1);
#102=CIRCLE('',#1502,4.1);
#103=CIRCLE('',#1504,3.3);
#104=CIRCLE('',#1505,4.1);
#105=CIRCLE('',#1508,3.3);
#106=CIRCLE('',#1509,4.1);
#107=CIRCLE('',#1512,3.3);
#108=CIRCLE('',#1513,4.1);
#109=CIRCLE('',#1516,4.1);
#110=CIRCLE('',#1517,4.1);
#111=CIRCLE('',#1520,4.1);
#112=CIRCLE('',#1523,3.3);
#113=CIRCLE('',#1526,3.3);
#114=CIRCLE('',#1529,3.3);
#115=CIRCLE('',#1530,4.1);
#116=CIRCLE('',#1533,3.3);
#117=CIRCLE('',#1540,2.3);
#118=CIRCLE('',#1544,2.3);
#119=CIRCLE('',#1554,0.25);
#120=CIRCLE('',#1555,0.25);
#121=CIRCLE('',#1558,0.25);
#122=CIRCLE('',#1559,0.25);
#123=CIRCLE('',#1562,0.25);
#124=CIRCLE('',#1563,0.25);
#125=CIRCLE('',#1566,0.25);
#126=CIRCLE('',#1567,0.25);
#127=CIRCLE('',#1570,0.3);
#128=CIRCLE('',#1573,0.300000000000001);
#129=CYLINDRICAL_SURFACE('',#1444,0.700000000000001);
#130=CYLINDRICAL_SURFACE('',#1448,0.700000000000001);
#131=CYLINDRICAL_SURFACE('',#1452,0.700000000000001);
#132=CYLINDRICAL_SURFACE('',#1456,0.700000000000001);
#133=CYLINDRICAL_SURFACE('',#1465,0.3);
#134=CYLINDRICAL_SURFACE('',#1468,0.300000000000001);
#135=CYLINDRICAL_SURFACE('',#1471,1.2);
#136=CYLINDRICAL_SURFACE('',#1475,1.2);
#137=CYLINDRICAL_SURFACE('',#1482,1.2);
#138=CYLINDRICAL_SURFACE('',#1486,1.2);
#139=CYLINDRICAL_SURFACE('',#1500,4.1);
#140=CYLINDRICAL_SURFACE('',#1515,4.1);
#141=CYLINDRICAL_SURFACE('',#1519,4.1);
#142=CYLINDRICAL_SURFACE('',#1535,4.1);
#143=CYLINDRICAL_SURFACE('',#1537,2.3);
#144=CYLINDRICAL_SURFACE('',#1539,2.3);
#145=CYLINDRICAL_SURFACE('',#1542,2.3);
#146=CYLINDRICAL_SURFACE('',#1543,2.3);
#147=CYLINDRICAL_SURFACE('',#1553,0.25);
#148=CYLINDRICAL_SURFACE('',#1557,0.25);
#149=CYLINDRICAL_SURFACE('',#1561,0.25);
#150=CYLINDRICAL_SURFACE('',#1565,0.25);
#151=CYLINDRICAL_SURFACE('',#1569,0.3);
#152=CYLINDRICAL_SURFACE('',#1572,0.300000000000001);
#153=FACE_OUTER_BOUND('',#231,.T.);
#154=FACE_OUTER_BOUND('',#232,.T.);
#155=FACE_OUTER_BOUND('',#233,.T.);
#156=FACE_OUTER_BOUND('',#234,.T.);
#157=FACE_OUTER_BOUND('',#235,.T.);
#158=FACE_OUTER_BOUND('',#236,.T.);
#159=FACE_OUTER_BOUND('',#237,.T.);
#160=FACE_OUTER_BOUND('',#238,.T.);
#161=FACE_OUTER_BOUND('',#239,.T.);
#162=FACE_OUTER_BOUND('',#241,.T.);
#163=FACE_OUTER_BOUND('',#242,.T.);
#164=FACE_OUTER_BOUND('',#243,.T.);
#165=FACE_OUTER_BOUND('',#244,.T.);
#166=FACE_OUTER_BOUND('',#245,.T.);
#167=FACE_OUTER_BOUND('',#246,.T.);
#168=FACE_OUTER_BOUND('',#247,.T.);
#169=FACE_OUTER_BOUND('',#248,.T.);
#170=FACE_OUTER_BOUND('',#249,.T.);
#171=FACE_OUTER_BOUND('',#250,.T.);
#172=FACE_OUTER_BOUND('',#251,.T.);
#173=FACE_OUTER_BOUND('',#252,.T.);
#174=FACE_OUTER_BOUND('',#253,.T.);
#175=FACE_OUTER_BOUND('',#254,.T.);
#176=FACE_OUTER_BOUND('',#255,.T.);
#177=FACE_OUTER_BOUND('',#256,.T.);
#178=FACE_OUTER_BOUND('',#257,.T.);
#179=FACE_OUTER_BOUND('',#259,.T.);
#180=FACE_OUTER_BOUND('',#261,.T.);
#181=FACE_OUTER_BOUND('',#262,.T.);
#182=FACE_OUTER_BOUND('',#263,.T.);
#183=FACE_OUTER_BOUND('',#264,.T.);
#184=FACE_OUTER_BOUND('',#265,.T.);
#185=FACE_OUTER_BOUND('',#266,.T.);
#186=FACE_OUTER_BOUND('',#267,.T.);
#187=FACE_OUTER_BOUND('',#268,.T.);
#188=FACE_OUTER_BOUND('',#269,.T.);
#189=FACE_OUTER_BOUND('',#270,.T.);
#190=FACE_OUTER_BOUND('',#271,.T.);
#191=FACE_OUTER_BOUND('',#272,.T.);
#192=FACE_OUTER_BOUND('',#273,.T.);
#193=FACE_OUTER_BOUND('',#274,.T.);
#194=FACE_OUTER_BOUND('',#275,.T.);
#195=FACE_OUTER_BOUND('',#276,.T.);
#196=FACE_OUTER_BOUND('',#277,.T.);
#197=FACE_OUTER_BOUND('',#278,.T.);
#198=FACE_OUTER_BOUND('',#279,.T.);
#199=FACE_OUTER_BOUND('',#280,.T.);
#200=FACE_OUTER_BOUND('',#281,.T.);
#201=FACE_OUTER_BOUND('',#282,.T.);
#202=FACE_OUTER_BOUND('',#283,.T.);
#203=FACE_OUTER_BOUND('',#284,.T.);
#204=FACE_OUTER_BOUND('',#285,.T.);
#205=FACE_OUTER_BOUND('',#286,.T.);
#206=FACE_OUTER_BOUND('',#287,.T.);
#207=FACE_OUTER_BOUND('',#288,.T.);
#208=FACE_OUTER_BOUND('',#289,.T.);
#209=FACE_OUTER_BOUND('',#290,.T.);
#210=FACE_OUTER_BOUND('',#291,.T.);
#211=FACE_OUTER_BOUND('',#292,.T.);
#212=FACE_OUTER_BOUND('',#293,.T.);
#213=FACE_OUTER_BOUND('',#294,.T.);
#214=FACE_OUTER_BOUND('',#295,.T.);
#215=FACE_OUTER_BOUND('',#296,.T.);
#216=FACE_OUTER_BOUND('',#297,.T.);
#217=FACE_OUTER_BOUND('',#298,.T.);
#218=FACE_OUTER_BOUND('',#299,.T.);
#219=FACE_OUTER_BOUND('',#300,.T.);
#220=FACE_OUTER_BOUND('',#301,.T.);
#221=FACE_OUTER_BOUND('',#302,.T.);
#222=FACE_OUTER_BOUND('',#303,.T.);
#223=FACE_OUTER_BOUND('',#304,.T.);
#224=FACE_OUTER_BOUND('',#305,.T.);
#225=FACE_OUTER_BOUND('',#306,.T.);
#226=FACE_OUTER_BOUND('',#307,.T.);
#227=FACE_OUTER_BOUND('',#308,.T.);
#228=FACE_OUTER_BOUND('',#309,.T.);
#229=FACE_OUTER_BOUND('',#311,.T.);
#230=FACE_OUTER_BOUND('',#313,.T.);
#231=EDGE_LOOP('',(#911,#912,#913,#914));
#232=EDGE_LOOP('',(#915,#916,#917,#918));
#233=EDGE_LOOP('',(#919,#920,#921,#922));
#234=EDGE_LOOP('',(#923,#924,#925,#926));
#235=EDGE_LOOP('',(#927,#928,#929,#930));
#236=EDGE_LOOP('',(#931,#932,#933,#934));
#237=EDGE_LOOP('',(#935,#936,#937,#938));
#238=EDGE_LOOP('',(#939,#940,#941,#942));
#239=EDGE_LOOP('',(#943,#944,#945,#946,#947,#948,#949,#950));
#240=EDGE_LOOP('',(#951,#952,#953,#954,#955,#956,#957,#958));
#241=EDGE_LOOP('',(#959,#960,#961,#962));
#242=EDGE_LOOP('',(#963,#964,#965,#966));
#243=EDGE_LOOP('',(#967,#968,#969,#970));
#244=EDGE_LOOP('',(#971,#972,#973,#974));
#245=EDGE_LOOP('',(#975,#976,#977,#978));
#246=EDGE_LOOP('',(#979,#980,#981,#982));
#247=EDGE_LOOP('',(#983,#984,#985,#986));
#248=EDGE_LOOP('',(#987,#988,#989,#990));
#249=EDGE_LOOP('',(#991,#992,#993,#994));
#250=EDGE_LOOP('',(#995,#996,#997,#998));
#251=EDGE_LOOP('',(#999,#1000,#1001,#1002));
#252=EDGE_LOOP('',(#1003,#1004,#1005,#1006));
#253=EDGE_LOOP('',(#1007,#1008,#1009,#1010));
#254=EDGE_LOOP('',(#1011,#1012,#1013,#1014));
#255=EDGE_LOOP('',(#1015,#1016,#1017,#1018));
#256=EDGE_LOOP('',(#1019,#1020,#1021,#1022));
#257=EDGE_LOOP('',(#1023,#1024,#1025,#1026,#1027,#1028,#1029,#1030));
#258=EDGE_LOOP('',(#1031,#1032,#1033,#1034));
#259=EDGE_LOOP('',(#1035,#1036,#1037,#1038,#1039,#1040,#1041,#1042));
#260=EDGE_LOOP('',(#1043,#1044,#1045,#1046,#1047,#1048,#1049,#1050));
#261=EDGE_LOOP('',(#1051,#1052,#1053,#1054));
#262=EDGE_LOOP('',(#1055,#1056,#1057,#1058));
#263=EDGE_LOOP('',(#1059,#1060,#1061,#1062,#1063,#1064,#1065,#1066));
#264=EDGE_LOOP('',(#1067,#1068,#1069,#1070));
#265=EDGE_LOOP('',(#1071,#1072,#1073,#1074));
#266=EDGE_LOOP('',(#1075,#1076,#1077,#1078));
#267=EDGE_LOOP('',(#1079,#1080,#1081,#1082));
#268=EDGE_LOOP('',(#1083,#1084,#1085,#1086));
#269=EDGE_LOOP('',(#1087,#1088,#1089,#1090));
#270=EDGE_LOOP('',(#1091,#1092,#1093,#1094,#1095,#1096,#1097,#1098));
#271=EDGE_LOOP('',(#1099,#1100,#1101,#1102));
#272=EDGE_LOOP('',(#1103,#1104,#1105,#1106));
#273=EDGE_LOOP('',(#1107,#1108,#1109,#1110));
#274=EDGE_LOOP('',(#1111,#1112,#1113,#1114));
#275=EDGE_LOOP('',(#1115,#1116,#1117,#1118));
#276=EDGE_LOOP('',(#1119,#1120,#1121,#1122));
#277=EDGE_LOOP('',(#1123,#1124,#1125,#1126));
#278=EDGE_LOOP('',(#1127,#1128,#1129,#1130));
#279=EDGE_LOOP('',(#1131,#1132,#1133,#1134));
#280=EDGE_LOOP('',(#1135,#1136,#1137,#1138));
#281=EDGE_LOOP('',(#1139,#1140,#1141,#1142));
#282=EDGE_LOOP('',(#1143,#1144,#1145,#1146));
#283=EDGE_LOOP('',(#1147,#1148,#1149,#1150));
#284=EDGE_LOOP('',(#1151,#1152,#1153,#1154));
#285=EDGE_LOOP('',(#1155,#1156,#1157,#1158));
#286=EDGE_LOOP('',(#1159,#1160,#1161,#1162,#1163));
#287=EDGE_LOOP('',(#1164,#1165,#1166,#1167));
#288=EDGE_LOOP('',(#1168,#1169,#1170,#1171));
#289=EDGE_LOOP('',(#1172,#1173,#1174,#1175,#1176));
#290=EDGE_LOOP('',(#1177,#1178,#1179,#1180));
#291=EDGE_LOOP('',(#1181,#1182,#1183,#1184,#1185,#1186));
#292=EDGE_LOOP('',(#1187,#1188,#1189,#1190));
#293=EDGE_LOOP('',(#1191,#1192,#1193,#1194,#1195));
#294=EDGE_LOOP('',(#1196,#1197,#1198,#1199,#1200));
#295=EDGE_LOOP('',(#1201,#1202,#1203,#1204,#1205,#1206));
#296=EDGE_LOOP('',(#1207,#1208,#1209,#1210,#1211,#1212,#1213,#1214,#1215,
#1216));
#297=EDGE_LOOP('',(#1217,#1218,#1219,#1220));
#298=EDGE_LOOP('',(#1221,#1222,#1223,#1224));
#299=EDGE_LOOP('',(#1225,#1226,#1227,#1228));
#300=EDGE_LOOP('',(#1229,#1230,#1231,#1232));
#301=EDGE_LOOP('',(#1233,#1234,#1235,#1236));
#302=EDGE_LOOP('',(#1237,#1238,#1239,#1240));
#303=EDGE_LOOP('',(#1241,#1242,#1243,#1244));
#304=EDGE_LOOP('',(#1245,#1246,#1247,#1248));
#305=EDGE_LOOP('',(#1249,#1250,#1251,#1252));
#306=EDGE_LOOP('',(#1253,#1254,#1255,#1256));
#307=EDGE_LOOP('',(#1257,#1258,#1259,#1260));
#308=EDGE_LOOP('',(#1261,#1262,#1263,#1264));
#309=EDGE_LOOP('',(#1265,#1266,#1267,#1268,#1269,#1270,#1271,#1272));
#310=EDGE_LOOP('',(#1273,#1274,#1275,#1276,#1277,#1278,#1279,#1280));
#311=EDGE_LOOP('',(#1281,#1282,#1283,#1284,#1285,#1286,#1287,#1288));
#312=EDGE_LOOP('',(#1289,#1290,#1291,#1292,#1293,#1294,#1295,#1296));
#313=EDGE_LOOP('',(#1297,#1298,#1299,#1300,#1301,#1302,#1303,#1304));
#314=LINE('',#1988,#451);
#315=LINE('',#1990,#452);
#316=LINE('',#1992,#453);
#317=LINE('',#1993,#454);
#318=LINE('',#1998,#455);
#319=LINE('',#2002,#456);
#320=LINE('',#2004,#457);
#321=LINE('',#2005,#458);
#322=LINE('',#2010,#459);
#323=LINE('',#2014,#460);
#324=LINE('',#2016,#461);
#325=LINE('',#2017,#462);
#326=LINE('',#2022,#463);
#327=LINE('',#2026,#464);
#328=LINE('',#2028,#465);
#329=LINE('',#2029,#466);
#330=LINE('',#2038,#467);
#331=LINE('',#2042,#468);
#332=LINE('',#2046,#469);
#333=LINE('',#2049,#470);
#334=LINE('',#2052,#471);
#335=LINE('',#2054,#472);
#336=LINE('',#2055,#473);
#337=LINE('',#2058,#474);
#338=LINE('',#2062,#475);
#339=LINE('',#2063,#476);
#340=LINE('',#2066,#477);
#341=LINE('',#2071,#478);
#342=LINE('',#2073,#479);
#343=LINE('',#2075,#480);
#344=LINE('',#2076,#481);
#345=LINE('',#2081,#482);
#346=LINE('',#2085,#483);
#347=LINE('',#2087,#484);
#348=LINE('',#2088,#485);
#349=LINE('',#2093,#486);
#350=LINE('',#2098,#487);
#351=LINE('',#2100,#488);
#352=LINE('',#2102,#489);
#353=LINE('',#2103,#490);
#354=LINE('',#2106,#491);
#355=LINE('',#2108,#492);
#356=LINE('',#2109,#493);
#357=LINE('',#2112,#494);
#358=LINE('',#2114,#495);
#359=LINE('',#2115,#496);
#360=LINE('',#2117,#497);
#361=LINE('',#2118,#498);
#362=LINE('',#2124,#499);
#363=LINE('',#2127,#500);
#364=LINE('',#2129,#501);
#365=LINE('',#2130,#502);
#366=LINE('',#2136,#503);
#367=LINE('',#2138,#504);
#368=LINE('',#2139,#505);
#369=LINE('',#2144,#506);
#370=LINE('',#2148,#507);
#371=LINE('',#2152,#508);
#372=LINE('',#2156,#509);
#373=LINE('',#2161,#510);
#374=LINE('',#2163,#511);
#375=LINE('',#2165,#512);
#376=LINE('',#2166,#513);
#377=LINE('',#2176,#514);
#378=LINE('',#2180,#515);
#379=LINE('',#2182,#516);
#380=LINE('',#2197,#517);
#381=LINE('',#2201,#518);
#382=LINE('',#2205,#519);
#383=LINE('',#2210,#520);
#384=LINE('',#2211,#521);
#385=LINE('',#2212,#522);
#386=LINE('',#2224,#523);
#387=LINE('',#2225,#524);
#388=LINE('',#2226,#525);
#389=LINE('',#2230,#526);
#390=LINE('',#2234,#527);
#391=LINE('',#2235,#528);
#392=LINE('',#2239,#529);
#393=LINE('',#2240,#530);
#394=LINE('',#2242,#531);
#395=LINE('',#2258,#532);
#396=LINE('',#2259,#533);
#397=LINE('',#2262,#534);
#398=LINE('',#2266,#535);
#399=LINE('',#2268,#536);
#400=LINE('',#2269,#537);
#401=LINE('',#2272,#538);
#402=LINE('',#2276,#539);
#403=LINE('',#2277,#540);
#404=LINE('',#2280,#541);
#405=LINE('',#2285,#542);
#406=LINE('',#2286,#543);
#407=LINE('',#2287,#544);
#408=LINE('',#2291,#545);
#409=LINE('',#2296,#546);
#410=LINE('',#2297,#547);
#411=LINE('',#2298,#548);
#412=LINE('',#2302,#549);
#413=LINE('',#2304,#550);
#414=LINE('',#2307,#551);
#415=LINE('',#2308,#552);
#416=LINE('',#2310,#553);
#417=LINE('',#2315,#554);
#418=LINE('',#2316,#555);
#419=LINE('',#2319,#556);
#420=LINE('',#2320,#557);
#421=LINE('',#2322,#558);
#422=LINE('',#2323,#559);
#423=LINE('',#2327,#560);
#424=LINE('',#2328,#561);
#425=LINE('',#2334,#562);
#426=LINE('',#2335,#563);
#427=LINE('',#2338,#564);
#428=LINE('',#2339,#565);
#429=LINE('',#2341,#566);
#430=LINE('',#2346,#567);
#431=LINE('',#2348,#568);
#432=LINE('',#2350,#569);
#433=LINE('',#2351,#570);
#434=LINE('',#2356,#571);
#435=LINE('',#2360,#572);
#436=LINE('',#2362,#573);
#437=LINE('',#2363,#574);
#438=LINE('',#2368,#575);
#439=LINE('',#2372,#576);
#440=LINE('',#2374,#577);
#441=LINE('',#2375,#578);
#442=LINE('',#2380,#579);
#443=LINE('',#2384,#580);
#444=LINE('',#2386,#581);
#445=LINE('',#2387,#582);
#446=LINE('',#2393,#583);
#447=LINE('',#2394,#584);
#448=LINE('',#2397,#585);
#449=LINE('',#2401,#586);
#450=LINE('',#2402,#587);
#451=VECTOR('',#1581,10.);
#452=VECTOR('',#1582,10.);
#453=VECTOR('',#1583,10.);
#454=VECTOR('',#1584,10.);
#455=VECTOR('',#1589,10.);
#456=VECTOR('',#1594,10.);
#457=VECTOR('',#1595,10.);
#458=VECTOR('',#1596,10.);
#459=VECTOR('',#1601,10.);
#460=VECTOR('',#1606,10.);
#461=VECTOR('',#1607,10.);
#462=VECTOR('',#1608,10.);
#463=VECTOR('',#1613,10.);
#464=VECTOR('',#1618,10.);
#465=VECTOR('',#1619,10.);
#466=VECTOR('',#1620,10.);
#467=VECTOR('',#1631,10.);
#468=VECTOR('',#1634,10.);
#469=VECTOR('',#1637,10.);
#470=VECTOR('',#1640,10.);
#471=VECTOR('',#1643,10.);
#472=VECTOR('',#1644,10.);
#473=VECTOR('',#1645,10.);
#474=VECTOR('',#1648,10.);
#475=VECTOR('',#1653,10.);
#476=VECTOR('',#1654,10.);
#477=VECTOR('',#1657,10.);
#478=VECTOR('',#1662,10.);
#479=VECTOR('',#1663,10.);
#480=VECTOR('',#1664,10.);
#481=VECTOR('',#1665,10.);
#482=VECTOR('',#1670,10.);
#483=VECTOR('',#1675,10.);
#484=VECTOR('',#1676,10.);
#485=VECTOR('',#1677,10.);
#486=VECTOR('',#1682,10.);
#487=VECTOR('',#1687,10.);
#488=VECTOR('',#1688,10.);
#489=VECTOR('',#1689,10.);
#490=VECTOR('',#1690,10.);
#491=VECTOR('',#1693,10.);
#492=VECTOR('',#1694,10.);
#493=VECTOR('',#1695,10.);
#494=VECTOR('',#1698,10.);
#495=VECTOR('',#1699,10.);
#496=VECTOR('',#1700,10.);
#497=VECTOR('',#1703,10.);
#498=VECTOR('',#1704,10.);
#499=VECTOR('',#1711,10.);
#500=VECTOR('',#1714,10.);
#501=VECTOR('',#1715,10.);
#502=VECTOR('',#1716,10.);
#503=VECTOR('',#1723,10.);
#504=VECTOR('',#1726,10.);
#505=VECTOR('',#1727,10.);
#506=VECTOR('',#1732,10.);
#507=VECTOR('',#1735,10.);
#508=VECTOR('',#1738,10.);
#509=VECTOR('',#1741,10.);
#510=VECTOR('',#1746,10.);
#511=VECTOR('',#1747,10.);
#512=VECTOR('',#1748,10.);
#513=VECTOR('',#1749,10.);
#514=VECTOR('',#1754,10.);
#515=VECTOR('',#1759,10.);
#516=VECTOR('',#1760,10.);
#517=VECTOR('',#1765,10.);
#518=VECTOR('',#1768,10.);
#519=VECTOR('',#1771,10.);
#520=VECTOR('',#1776,10.);
#521=VECTOR('',#1777,10.);
#522=VECTOR('',#1778,10.);
#523=VECTOR('',#1787,10.);
#524=VECTOR('',#1788,10.);
#525=VECTOR('',#1789,10.);
#526=VECTOR('',#1792,10.);
#527=VECTOR('',#1799,10.);
#528=VECTOR('',#1800,10.);
#529=VECTOR('',#1803,10.);
#530=VECTOR('',#1804,10.);
#531=VECTOR('',#1805,10.);
#532=VECTOR('',#1812,10.);
#533=VECTOR('',#1813,10.);
#534=VECTOR('',#1816,10.);
#535=VECTOR('',#1821,10.);
#536=VECTOR('',#1822,10.);
#537=VECTOR('',#1823,10.);
#538=VECTOR('',#1826,10.);
#539=VECTOR('',#1831,10.);
#540=VECTOR('',#1832,10.);
#541=VECTOR('',#1835,10.);
#542=VECTOR('',#1840,10.);
#543=VECTOR('',#1841,10.);
#544=VECTOR('',#1842,10.);
#545=VECTOR('',#1845,10.);
#546=VECTOR('',#1852,10.);
#547=VECTOR('',#1853,10.);
#548=VECTOR('',#1854,10.);
#549=VECTOR('',#1861,10.);
#550=VECTOR('',#1864,10.);
#551=VECTOR('',#1869,10.);
#552=VECTOR('',#1870,10.);
#553=VECTOR('',#1873,10.);
#554=VECTOR('',#1878,10.);
#555=VECTOR('',#1879,10.);
#556=VECTOR('',#1882,10.);
#557=VECTOR('',#1883,10.);
#558=VECTOR('',#1886,10.);
#559=VECTOR('',#1887,10.);
#560=VECTOR('',#1892,10.);
#561=VECTOR('',#1893,10.);
#562=VECTOR('',#1902,10.);
#563=VECTOR('',#1903,10.);
#564=VECTOR('',#1906,10.);
#565=VECTOR('',#1907,10.);
#566=VECTOR('',#1910,10.);
#567=VECTOR('',#1915,10.);
#568=VECTOR('',#1916,10.);
#569=VECTOR('',#1917,10.);
#570=VECTOR('',#1918,10.);
#571=VECTOR('',#1923,10.);
#572=VECTOR('',#1928,10.);
#573=VECTOR('',#1929,10.);
#574=VECTOR('',#1930,10.);
#575=VECTOR('',#1935,10.);
#576=VECTOR('',#1940,10.);
#577=VECTOR('',#1941,10.);
#578=VECTOR('',#1942,10.);
#579=VECTOR('',#1947,10.);
#580=VECTOR('',#1952,10.);
#581=VECTOR('',#1953,10.);
#582=VECTOR('',#1954,10.);
#583=VECTOR('',#1963,10.);
#584=VECTOR('',#1964,10.);
#585=VECTOR('',#1967,10.);
#586=VECTOR('',#1972,10.);
#587=VECTOR('',#1973,10.);
#588=VERTEX_POINT('',#1986);
#589=VERTEX_POINT('',#1987);
#590=VERTEX_POINT('',#1989);
#591=VERTEX_POINT('',#1991);
#592=VERTEX_POINT('',#1995);
#593=VERTEX_POINT('',#1997);
#594=VERTEX_POINT('',#2001);
#595=VERTEX_POINT('',#2003);
#596=VERTEX_POINT('',#2007);
#597=VERTEX_POINT('',#2009);
#598=VERTEX_POINT('',#2013);
#599=VERTEX_POINT('',#2015);
#600=VERTEX_POINT('',#2019);
#601=VERTEX_POINT('',#2021);
#602=VERTEX_POINT('',#2025);
#603=VERTEX_POINT('',#2027);
#604=VERTEX_POINT('',#2034);
#605=VERTEX_POINT('',#2035);
#606=VERTEX_POINT('',#2037);
#607=VERTEX_POINT('',#2039);
#608=VERTEX_POINT('',#2041);
#609=VERTEX_POINT('',#2043);
#610=VERTEX_POINT('',#2045);
#611=VERTEX_POINT('',#2047);
#612=VERTEX_POINT('',#2051);
#613=VERTEX_POINT('',#2053);
#614=VERTEX_POINT('',#2057);
#615=VERTEX_POINT('',#2061);
#616=VERTEX_POINT('',#2065);
#617=VERTEX_POINT('',#2069);
#618=VERTEX_POINT('',#2070);
#619=VERTEX_POINT('',#2072);
#620=VERTEX_POINT('',#2074);
#621=VERTEX_POINT('',#2078);
#622=VERTEX_POINT('',#2080);
#623=VERTEX_POINT('',#2084);
#624=VERTEX_POINT('',#2086);
#625=VERTEX_POINT('',#2090);
#626=VERTEX_POINT('',#2092);
#627=VERTEX_POINT('',#2096);
#628=VERTEX_POINT('',#2097);
#629=VERTEX_POINT('',#2099);
#630=VERTEX_POINT('',#2101);
#631=VERTEX_POINT('',#2105);
#632=VERTEX_POINT('',#2107);
#633=VERTEX_POINT('',#2111);
#634=VERTEX_POINT('',#2113);
#635=VERTEX_POINT('',#2120);
#636=VERTEX_POINT('',#2122);
#637=VERTEX_POINT('',#2126);
#638=VERTEX_POINT('',#2128);
#639=VERTEX_POINT('',#2132);
#640=VERTEX_POINT('',#2134);
#641=VERTEX_POINT('',#2142);
#642=VERTEX_POINT('',#2143);
#643=VERTEX_POINT('',#2145);
#644=VERTEX_POINT('',#2147);
#645=VERTEX_POINT('',#2149);
#646=VERTEX_POINT('',#2151);
#647=VERTEX_POINT('',#2153);
#648=VERTEX_POINT('',#2155);
#649=VERTEX_POINT('',#2159);
#650=VERTEX_POINT('',#2160);
#651=VERTEX_POINT('',#2162);
#652=VERTEX_POINT('',#2164);
#653=VERTEX_POINT('',#2168);
#654=VERTEX_POINT('',#2169);
#655=VERTEX_POINT('',#2173);
#656=VERTEX_POINT('',#2175);
#657=VERTEX_POINT('',#2179);
#658=VERTEX_POINT('',#2181);
#659=VERTEX_POINT('',#2183);
#660=VERTEX_POINT('',#2195);
#661=VERTEX_POINT('',#2199);
#662=VERTEX_POINT('',#2200);
#663=VERTEX_POINT('',#2202);
#664=VERTEX_POINT('',#2204);
#665=VERTEX_POINT('',#2208);
#666=VERTEX_POINT('',#2209);
#667=VERTEX_POINT('',#2214);
#668=VERTEX_POINT('',#2215);
#669=VERTEX_POINT('',#2222);
#670=VERTEX_POINT('',#2223);
#671=VERTEX_POINT('',#2228);
#672=VERTEX_POINT('',#2229);
#673=VERTEX_POINT('',#2237);
#674=VERTEX_POINT('',#2238);
#675=VERTEX_POINT('',#2241);
#676=VERTEX_POINT('',#2244);
#677=VERTEX_POINT('',#2257);
#678=VERTEX_POINT('',#2261);
#679=VERTEX_POINT('',#2265);
#680=VERTEX_POINT('',#2267);
#681=VERTEX_POINT('',#2271);
#682=VERTEX_POINT('',#2275);
#683=VERTEX_POINT('',#2279);
#684=VERTEX_POINT('',#2283);
#685=VERTEX_POINT('',#2284);
#686=VERTEX_POINT('',#2289);
#687=VERTEX_POINT('',#2290);
#688=VERTEX_POINT('',#2295);
#689=VERTEX_POINT('',#2312);
#690=VERTEX_POINT('',#2313);
#691=VERTEX_POINT('',#2318);
#692=VERTEX_POINT('',#2325);
#693=VERTEX_POINT('',#2333);
#694=VERTEX_POINT('',#2337);
#695=VERTEX_POINT('',#2344);
#696=VERTEX_POINT('',#2345);
#697=VERTEX_POINT('',#2347);
#698=VERTEX_POINT('',#2349);
#699=VERTEX_POINT('',#2353);
#700=VERTEX_POINT('',#2355);
#701=VERTEX_POINT('',#2359);
#702=VERTEX_POINT('',#2361);
#703=VERTEX_POINT('',#2365);
#704=VERTEX_POINT('',#2367);
#705=VERTEX_POINT('',#2371);
#706=VERTEX_POINT('',#2373);
#707=VERTEX_POINT('',#2377);
#708=VERTEX_POINT('',#2379);
#709=VERTEX_POINT('',#2383);
#710=VERTEX_POINT('',#2385);
#711=VERTEX_POINT('',#2392);
#712=VERTEX_POINT('',#2396);
#713=VERTEX_POINT('',#2400);
#714=EDGE_CURVE('',#588,#589,#314,.T.);
#715=EDGE_CURVE('',#588,#590,#315,.T.);
#716=EDGE_CURVE('',#590,#591,#316,.T.);
#717=EDGE_CURVE('',#589,#591,#317,.T.);
#718=EDGE_CURVE('',#592,#588,#73,.T.);
#719=EDGE_CURVE('',#592,#593,#318,.T.);
#720=EDGE_CURVE('',#593,#590,#74,.T.);
#721=EDGE_CURVE('',#594,#592,#319,.T.);
#722=EDGE_CURVE('',#594,#595,#320,.T.);
#723=EDGE_CURVE('',#595,#593,#321,.T.);
#724=EDGE_CURVE('',#596,#594,#75,.T.);
#725=EDGE_CURVE('',#596,#597,#322,.T.);
#726=EDGE_CURVE('',#597,#595,#76,.T.);
#727=EDGE_CURVE('',#598,#596,#323,.T.);
#728=EDGE_CURVE('',#598,#599,#324,.T.);
#729=EDGE_CURVE('',#599,#597,#325,.T.);
#730=EDGE_CURVE('',#600,#598,#77,.T.);
#731=EDGE_CURVE('',#600,#601,#326,.T.);
#732=EDGE_CURVE('',#601,#599,#78,.T.);
#733=EDGE_CURVE('',#602,#600,#327,.T.);
#734=EDGE_CURVE('',#602,#603,#328,.T.);
#735=EDGE_CURVE('',#603,#601,#329,.T.);
#736=EDGE_CURVE('',#589,#602,#79,.T.);
#737=EDGE_CURVE('',#591,#603,#80,.T.);
#738=EDGE_CURVE('',#604,#605,#81,.T.);
#739=EDGE_CURVE('',#606,#604,#330,.T.);
#740=EDGE_CURVE('',#607,#606,#82,.T.);
#741=EDGE_CURVE('',#608,#607,#331,.T.);
#742=EDGE_CURVE('',#609,#608,#83,.T.);
#743=EDGE_CURVE('',#610,#609,#332,.T.);
#744=EDGE_CURVE('',#611,#610,#84,.T.);
#745=EDGE_CURVE('',#605,#611,#333,.T.);
#746=EDGE_CURVE('',#607,#612,#334,.T.);
#747=EDGE_CURVE('',#612,#613,#335,.T.);
#748=EDGE_CURVE('',#608,#613,#336,.T.);
#749=EDGE_CURVE('',#606,#614,#337,.T.);
#750=EDGE_CURVE('',#614,#612,#85,.T.);
#751=EDGE_CURVE('',#604,#615,#338,.T.);
#752=EDGE_CURVE('',#615,#614,#339,.T.);
#753=EDGE_CURVE('',#605,#616,#340,.T.);
#754=EDGE_CURVE('',#616,#615,#86,.T.);
#755=EDGE_CURVE('',#617,#618,#341,.T.);
#756=EDGE_CURVE('',#617,#619,#342,.T.);
#757=EDGE_CURVE('',#620,#619,#343,.T.);
#758=EDGE_CURVE('',#618,#620,#344,.T.);
#759=EDGE_CURVE('',#621,#617,#87,.T.);
#760=EDGE_CURVE('',#621,#622,#345,.T.);
#761=EDGE_CURVE('',#619,#622,#88,.T.);
#762=EDGE_CURVE('',#623,#621,#346,.T.);
#763=EDGE_CURVE('',#623,#624,#347,.T.);
#764=EDGE_CURVE('',#622,#624,#348,.T.);
#765=EDGE_CURVE('',#625,#623,#89,.T.);
#766=EDGE_CURVE('',#625,#626,#349,.T.);
#767=EDGE_CURVE('',#624,#626,#90,.T.);
#768=EDGE_CURVE('',#627,#628,#350,.T.);
#769=EDGE_CURVE('',#627,#629,#351,.T.);
#770=EDGE_CURVE('',#630,#629,#352,.T.);
#771=EDGE_CURVE('',#628,#630,#353,.T.);
#772=EDGE_CURVE('',#628,#631,#354,.T.);
#773=EDGE_CURVE('',#632,#630,#355,.T.);
#774=EDGE_CURVE('',#631,#632,#356,.T.);
#775=EDGE_CURVE('',#631,#633,#357,.T.);
#776=EDGE_CURVE('',#634,#632,#358,.T.);
#777=EDGE_CURVE('',#633,#634,#359,.T.);
#778=EDGE_CURVE('',#633,#627,#360,.T.);
#779=EDGE_CURVE('',#629,#634,#361,.T.);
#780=EDGE_CURVE('',#618,#635,#91,.T.);
#781=EDGE_CURVE('',#636,#620,#92,.T.);
#782=EDGE_CURVE('',#635,#636,#362,.T.);
#783=EDGE_CURVE('',#635,#637,#363,.T.);
#784=EDGE_CURVE('',#638,#636,#364,.T.);
#785=EDGE_CURVE('',#637,#638,#365,.T.);
#786=EDGE_CURVE('',#637,#639,#93,.T.);
#787=EDGE_CURVE('',#640,#638,#94,.T.);
#788=EDGE_CURVE('',#639,#640,#366,.T.);
#789=EDGE_CURVE('',#639,#625,#367,.T.);
#790=EDGE_CURVE('',#626,#640,#368,.T.);
#791=EDGE_CURVE('',#641,#642,#369,.T.);
#792=EDGE_CURVE('',#642,#643,#95,.T.);
#793=EDGE_CURVE('',#643,#644,#370,.T.);
#794=EDGE_CURVE('',#644,#645,#96,.T.);
#795=EDGE_CURVE('',#645,#646,#371,.T.);
#796=EDGE_CURVE('',#646,#647,#97,.T.);
#797=EDGE_CURVE('',#647,#648,#372,.T.);
#798=EDGE_CURVE('',#648,#641,#98,.T.);
#799=EDGE_CURVE('',#649,#650,#373,.T.);
#800=EDGE_CURVE('',#651,#650,#374,.T.);
#801=EDGE_CURVE('',#652,#651,#375,.T.);
#802=EDGE_CURVE('',#652,#649,#376,.T.);
#803=EDGE_CURVE('',#653,#654,#16,.T.);
#804=EDGE_CURVE('',#654,#655,#99,.T.);
#805=EDGE_CURVE('',#655,#656,#377,.T.);
#806=EDGE_CURVE('',#653,#656,#100,.T.);
#807=EDGE_CURVE('',#654,#657,#378,.T.);
#808=EDGE_CURVE('',#658,#657,#379,.T.);
#809=EDGE_CURVE('',#659,#658,#14,.T.);
#810=EDGE_CURVE('',#649,#659,#101,.T.);
#811=EDGE_CURVE('',#660,#652,#102,.T.);
#812=EDGE_CURVE('',#660,#655,#380,.T.);
#813=EDGE_CURVE('',#661,#662,#381,.T.);
#814=EDGE_CURVE('',#663,#662,#103,.T.);
#815=EDGE_CURVE('',#663,#664,#382,.T.);
#816=EDGE_CURVE('',#664,#661,#104,.T.);
#817=EDGE_CURVE('',#665,#666,#383,.T.);
#818=EDGE_CURVE('',#662,#666,#384,.T.);
#819=EDGE_CURVE('',#661,#665,#385,.T.);
#820=EDGE_CURVE('',#667,#668,#17,.T.);
#821=EDGE_CURVE('',#666,#668,#105,.T.);
#822=EDGE_CURVE('',#665,#667,#106,.T.);
#823=EDGE_CURVE('',#669,#670,#386,.T.);
#824=EDGE_CURVE('',#656,#670,#387,.T.);
#825=EDGE_CURVE('',#655,#669,#388,.T.);
#826=EDGE_CURVE('',#671,#672,#389,.T.);
#827=EDGE_CURVE('',#670,#672,#107,.T.);
#828=EDGE_CURVE('',#669,#671,#108,.T.);
#829=EDGE_CURVE('',#672,#663,#390,.T.);
#830=EDGE_CURVE('',#671,#664,#391,.T.);
#831=EDGE_CURVE('',#673,#674,#392,.T.);
#832=EDGE_CURVE('',#673,#667,#393,.T.);
#833=EDGE_CURVE('',#675,#665,#394,.T.);
#834=EDGE_CURVE('',#651,#675,#109,.T.);
#835=EDGE_CURVE('',#676,#650,#110,.T.);
#836=EDGE_CURVE('',#674,#676,#15,.T.);
#837=EDGE_CURVE('',#677,#661,#395,.T.);
#838=EDGE_CURVE('',#675,#677,#396,.T.);
#839=EDGE_CURVE('',#678,#664,#397,.T.);
#840=EDGE_CURVE('',#677,#678,#111,.T.);
#841=EDGE_CURVE('',#651,#679,#398,.T.);
#842=EDGE_CURVE('',#680,#679,#399,.T.);
#843=EDGE_CURVE('',#680,#652,#400,.T.);
#844=EDGE_CURVE('',#675,#681,#401,.T.);
#845=EDGE_CURVE('',#679,#681,#112,.T.);
#846=EDGE_CURVE('',#677,#682,#402,.T.);
#847=EDGE_CURVE('',#681,#682,#403,.T.);
#848=EDGE_CURVE('',#678,#683,#404,.T.);
#849=EDGE_CURVE('',#682,#683,#113,.T.);
#850=EDGE_CURVE('',#684,#685,#405,.T.);
#851=EDGE_CURVE('',#683,#685,#406,.T.);
#852=EDGE_CURVE('',#678,#684,#407,.T.);
#853=EDGE_CURVE('',#686,#687,#408,.T.);
#854=EDGE_CURVE('',#685,#687,#114,.T.);
#855=EDGE_CURVE('',#684,#686,#115,.T.);
#856=EDGE_CURVE('',#660,#688,#409,.T.);
#857=EDGE_CURVE('',#687,#688,#410,.T.);
#858=EDGE_CURVE('',#686,#660,#411,.T.);
#859=EDGE_CURVE('',#688,#680,#116,.T.);
#860=EDGE_CURVE('',#684,#671,#412,.T.);
#861=EDGE_CURVE('',#686,#669,#413,.T.);
#862=EDGE_CURVE('',#658,#645,#414,.T.);
#863=EDGE_CURVE('',#659,#644,#415,.T.);
#864=EDGE_CURVE('',#657,#646,#416,.T.);
#865=EDGE_CURVE('',#689,#690,#117,.T.);
#866=EDGE_CURVE('',#689,#647,#417,.T.);
#867=EDGE_CURVE('',#657,#690,#418,.T.);
#868=EDGE_CURVE('',#691,#689,#419,.T.);
#869=EDGE_CURVE('',#691,#648,#420,.T.);
#870=EDGE_CURVE('',#676,#643,#421,.T.);
#871=EDGE_CURVE('',#674,#642,#422,.T.);
#872=EDGE_CURVE('',#692,#691,#118,.T.);
#873=EDGE_CURVE('',#673,#692,#423,.T.);
#874=EDGE_CURVE('',#673,#641,#424,.T.);
#875=EDGE_CURVE('',#693,#653,#425,.T.);
#876=EDGE_CURVE('',#693,#690,#426,.T.);
#877=EDGE_CURVE('',#692,#694,#427,.T.);
#878=EDGE_CURVE('',#668,#694,#428,.T.);
#879=EDGE_CURVE('',#694,#693,#429,.T.);
#880=EDGE_CURVE('',#695,#696,#430,.T.);
#881=EDGE_CURVE('',#695,#697,#431,.T.);
#882=EDGE_CURVE('',#697,#698,#432,.T.);
#883=EDGE_CURVE('',#696,#698,#433,.T.);
#884=EDGE_CURVE('',#699,#695,#119,.T.);
#885=EDGE_CURVE('',#699,#700,#434,.T.);
#886=EDGE_CURVE('',#700,#697,#120,.T.);
#887=EDGE_CURVE('',#701,#699,#435,.T.);
#888=EDGE_CURVE('',#701,#702,#436,.T.);
#889=EDGE_CURVE('',#702,#700,#437,.T.);
#890=EDGE_CURVE('',#703,#701,#121,.T.);
#891=EDGE_CURVE('',#703,#704,#438,.T.);
#892=EDGE_CURVE('',#704,#702,#122,.T.);
#893=EDGE_CURVE('',#705,#703,#439,.T.);
#894=EDGE_CURVE('',#705,#706,#440,.T.);
#895=EDGE_CURVE('',#706,#704,#441,.T.);
#896=EDGE_CURVE('',#707,#705,#123,.T.);
#897=EDGE_CURVE('',#707,#708,#442,.T.);
#898=EDGE_CURVE('',#708,#706,#124,.T.);
#899=EDGE_CURVE('',#709,#707,#443,.T.);
#900=EDGE_CURVE('',#709,#710,#444,.T.);
#901=EDGE_CURVE('',#710,#708,#445,.T.);
#902=EDGE_CURVE('',#696,#709,#125,.T.);
#903=EDGE_CURVE('',#698,#710,#126,.T.);
#904=EDGE_CURVE('',#611,#711,#446,.T.);
#905=EDGE_CURVE('',#711,#616,#447,.T.);
#906=EDGE_CURVE('',#610,#712,#448,.T.);
#907=EDGE_CURVE('',#712,#711,#127,.T.);
#908=EDGE_CURVE('',#609,#713,#449,.T.);
#909=EDGE_CURVE('',#713,#712,#450,.T.);
#910=EDGE_CURVE('',#613,#713,#128,.T.);
#911=ORIENTED_EDGE('',*,*,#714,.F.);
#912=ORIENTED_EDGE('',*,*,#715,.T.);
#913=ORIENTED_EDGE('',*,*,#716,.T.);
#914=ORIENTED_EDGE('',*,*,#717,.F.);
#915=ORIENTED_EDGE('',*,*,#718,.F.);
#916=ORIENTED_EDGE('',*,*,#719,.T.);
#917=ORIENTED_EDGE('',*,*,#720,.T.);
#918=ORIENTED_EDGE('',*,*,#715,.F.);
#919=ORIENTED_EDGE('',*,*,#721,.F.);
#920=ORIENTED_EDGE('',*,*,#722,.T.);
#921=ORIENTED_EDGE('',*,*,#723,.T.);
#922=ORIENTED_EDGE('',*,*,#719,.F.);
#923=ORIENTED_EDGE('',*,*,#724,.F.);
#924=ORIENTED_EDGE('',*,*,#725,.T.);
#925=ORIENTED_EDGE('',*,*,#726,.T.);
#926=ORIENTED_EDGE('',*,*,#722,.F.);
#927=ORIENTED_EDGE('',*,*,#727,.F.);
#928=ORIENTED_EDGE('',*,*,#728,.T.);
#929=ORIENTED_EDGE('',*,*,#729,.T.);
#930=ORIENTED_EDGE('',*,*,#725,.F.);
#931=ORIENTED_EDGE('',*,*,#730,.F.);
#932=ORIENTED_EDGE('',*,*,#731,.T.);
#933=ORIENTED_EDGE('',*,*,#732,.T.);
#934=ORIENTED_EDGE('',*,*,#728,.F.);
#935=ORIENTED_EDGE('',*,*,#733,.F.);
#936=ORIENTED_EDGE('',*,*,#734,.T.);
#937=ORIENTED_EDGE('',*,*,#735,.T.);
#938=ORIENTED_EDGE('',*,*,#731,.F.);
#939=ORIENTED_EDGE('',*,*,#736,.F.);
#940=ORIENTED_EDGE('',*,*,#717,.T.);
#941=ORIENTED_EDGE('',*,*,#737,.T.);
#942=ORIENTED_EDGE('',*,*,#734,.F.);
#943=ORIENTED_EDGE('',*,*,#737,.F.);
#944=ORIENTED_EDGE('',*,*,#716,.F.);
#945=ORIENTED_EDGE('',*,*,#720,.F.);
#946=ORIENTED_EDGE('',*,*,#723,.F.);
#947=ORIENTED_EDGE('',*,*,#726,.F.);
#948=ORIENTED_EDGE('',*,*,#729,.F.);
#949=ORIENTED_EDGE('',*,*,#732,.F.);
#950=ORIENTED_EDGE('',*,*,#735,.F.);
#951=ORIENTED_EDGE('',*,*,#738,.F.);
#952=ORIENTED_EDGE('',*,*,#739,.F.);
#953=ORIENTED_EDGE('',*,*,#740,.F.);
#954=ORIENTED_EDGE('',*,*,#741,.F.);
#955=ORIENTED_EDGE('',*,*,#742,.F.);
#956=ORIENTED_EDGE('',*,*,#743,.F.);
#957=ORIENTED_EDGE('',*,*,#744,.F.);
#958=ORIENTED_EDGE('',*,*,#745,.F.);
#959=ORIENTED_EDGE('',*,*,#741,.T.);
#960=ORIENTED_EDGE('',*,*,#746,.T.);
#961=ORIENTED_EDGE('',*,*,#747,.T.);
#962=ORIENTED_EDGE('',*,*,#748,.F.);
#963=ORIENTED_EDGE('',*,*,#740,.T.);
#964=ORIENTED_EDGE('',*,*,#749,.T.);
#965=ORIENTED_EDGE('',*,*,#750,.T.);
#966=ORIENTED_EDGE('',*,*,#746,.F.);
#967=ORIENTED_EDGE('',*,*,#739,.T.);
#968=ORIENTED_EDGE('',*,*,#751,.T.);
#969=ORIENTED_EDGE('',*,*,#752,.T.);
#970=ORIENTED_EDGE('',*,*,#749,.F.);
#971=ORIENTED_EDGE('',*,*,#738,.T.);
#972=ORIENTED_EDGE('',*,*,#753,.T.);
#973=ORIENTED_EDGE('',*,*,#754,.T.);
#974=ORIENTED_EDGE('',*,*,#751,.F.);
#975=ORIENTED_EDGE('',*,*,#755,.F.);
#976=ORIENTED_EDGE('',*,*,#756,.T.);
#977=ORIENTED_EDGE('',*,*,#757,.F.);
#978=ORIENTED_EDGE('',*,*,#758,.F.);
#979=ORIENTED_EDGE('',*,*,#759,.F.);
#980=ORIENTED_EDGE('',*,*,#760,.T.);
#981=ORIENTED_EDGE('',*,*,#761,.F.);
#982=ORIENTED_EDGE('',*,*,#756,.F.);
#983=ORIENTED_EDGE('',*,*,#762,.F.);
#984=ORIENTED_EDGE('',*,*,#763,.T.);
#985=ORIENTED_EDGE('',*,*,#764,.F.);
#986=ORIENTED_EDGE('',*,*,#760,.F.);
#987=ORIENTED_EDGE('',*,*,#765,.F.);
#988=ORIENTED_EDGE('',*,*,#766,.T.);
#989=ORIENTED_EDGE('',*,*,#767,.F.);
#990=ORIENTED_EDGE('',*,*,#763,.F.);
#991=ORIENTED_EDGE('',*,*,#768,.F.);
#992=ORIENTED_EDGE('',*,*,#769,.T.);
#993=ORIENTED_EDGE('',*,*,#770,.F.);
#994=ORIENTED_EDGE('',*,*,#771,.F.);
#995=ORIENTED_EDGE('',*,*,#772,.F.);
#996=ORIENTED_EDGE('',*,*,#771,.T.);
#997=ORIENTED_EDGE('',*,*,#773,.F.);
#998=ORIENTED_EDGE('',*,*,#774,.F.);
#999=ORIENTED_EDGE('',*,*,#775,.F.);
#1000=ORIENTED_EDGE('',*,*,#774,.T.);
#1001=ORIENTED_EDGE('',*,*,#776,.F.);
#1002=ORIENTED_EDGE('',*,*,#777,.F.);
#1003=ORIENTED_EDGE('',*,*,#778,.F.);
#1004=ORIENTED_EDGE('',*,*,#777,.T.);
#1005=ORIENTED_EDGE('',*,*,#779,.F.);
#1006=ORIENTED_EDGE('',*,*,#769,.F.);
#1007=ORIENTED_EDGE('',*,*,#780,.F.);
#1008=ORIENTED_EDGE('',*,*,#758,.T.);
#1009=ORIENTED_EDGE('',*,*,#781,.F.);
#1010=ORIENTED_EDGE('',*,*,#782,.F.);
#1011=ORIENTED_EDGE('',*,*,#783,.F.);
#1012=ORIENTED_EDGE('',*,*,#782,.T.);
#1013=ORIENTED_EDGE('',*,*,#784,.F.);
#1014=ORIENTED_EDGE('',*,*,#785,.F.);
#1015=ORIENTED_EDGE('',*,*,#786,.F.);
#1016=ORIENTED_EDGE('',*,*,#785,.T.);
#1017=ORIENTED_EDGE('',*,*,#787,.F.);
#1018=ORIENTED_EDGE('',*,*,#788,.F.);
#1019=ORIENTED_EDGE('',*,*,#789,.F.);
#1020=ORIENTED_EDGE('',*,*,#788,.T.);
#1021=ORIENTED_EDGE('',*,*,#790,.F.);
#1022=ORIENTED_EDGE('',*,*,#766,.F.);
#1023=ORIENTED_EDGE('',*,*,#767,.T.);
#1024=ORIENTED_EDGE('',*,*,#790,.T.);
#1025=ORIENTED_EDGE('',*,*,#787,.T.);
#1026=ORIENTED_EDGE('',*,*,#784,.T.);
#1027=ORIENTED_EDGE('',*,*,#781,.T.);
#1028=ORIENTED_EDGE('',*,*,#757,.T.);
#1029=ORIENTED_EDGE('',*,*,#761,.T.);
#1030=ORIENTED_EDGE('',*,*,#764,.T.);
#1031=ORIENTED_EDGE('',*,*,#779,.T.);
#1032=ORIENTED_EDGE('',*,*,#776,.T.);
#1033=ORIENTED_EDGE('',*,*,#773,.T.);
#1034=ORIENTED_EDGE('',*,*,#770,.T.);
#1035=ORIENTED_EDGE('',*,*,#791,.T.);
#1036=ORIENTED_EDGE('',*,*,#792,.T.);
#1037=ORIENTED_EDGE('',*,*,#793,.T.);
#1038=ORIENTED_EDGE('',*,*,#794,.T.);
#1039=ORIENTED_EDGE('',*,*,#795,.T.);
#1040=ORIENTED_EDGE('',*,*,#796,.T.);
#1041=ORIENTED_EDGE('',*,*,#797,.T.);
#1042=ORIENTED_EDGE('',*,*,#798,.T.);
#1043=ORIENTED_EDGE('',*,*,#765,.T.);
#1044=ORIENTED_EDGE('',*,*,#762,.T.);
#1045=ORIENTED_EDGE('',*,*,#759,.T.);
#1046=ORIENTED_EDGE('',*,*,#755,.T.);
#1047=ORIENTED_EDGE('',*,*,#780,.T.);
#1048=ORIENTED_EDGE('',*,*,#783,.T.);
#1049=ORIENTED_EDGE('',*,*,#786,.T.);
#1050=ORIENTED_EDGE('',*,*,#789,.T.);
#1051=ORIENTED_EDGE('',*,*,#799,.T.);
#1052=ORIENTED_EDGE('',*,*,#800,.F.);
#1053=ORIENTED_EDGE('',*,*,#801,.F.);
#1054=ORIENTED_EDGE('',*,*,#802,.T.);
#1055=ORIENTED_EDGE('',*,*,#803,.T.);
#1056=ORIENTED_EDGE('',*,*,#804,.T.);
#1057=ORIENTED_EDGE('',*,*,#805,.T.);
#1058=ORIENTED_EDGE('',*,*,#806,.F.);
#1059=ORIENTED_EDGE('',*,*,#807,.T.);
#1060=ORIENTED_EDGE('',*,*,#808,.F.);
#1061=ORIENTED_EDGE('',*,*,#809,.F.);
#1062=ORIENTED_EDGE('',*,*,#810,.F.);
#1063=ORIENTED_EDGE('',*,*,#802,.F.);
#1064=ORIENTED_EDGE('',*,*,#811,.F.);
#1065=ORIENTED_EDGE('',*,*,#812,.T.);
#1066=ORIENTED_EDGE('',*,*,#804,.F.);
#1067=ORIENTED_EDGE('',*,*,#813,.T.);
#1068=ORIENTED_EDGE('',*,*,#814,.F.);
#1069=ORIENTED_EDGE('',*,*,#815,.T.);
#1070=ORIENTED_EDGE('',*,*,#816,.T.);
#1071=ORIENTED_EDGE('',*,*,#817,.T.);
#1072=ORIENTED_EDGE('',*,*,#818,.F.);
#1073=ORIENTED_EDGE('',*,*,#813,.F.);
#1074=ORIENTED_EDGE('',*,*,#819,.T.);
#1075=ORIENTED_EDGE('',*,*,#820,.T.);
#1076=ORIENTED_EDGE('',*,*,#821,.F.);
#1077=ORIENTED_EDGE('',*,*,#817,.F.);
#1078=ORIENTED_EDGE('',*,*,#822,.T.);
#1079=ORIENTED_EDGE('',*,*,#823,.T.);
#1080=ORIENTED_EDGE('',*,*,#824,.F.);
#1081=ORIENTED_EDGE('',*,*,#805,.F.);
#1082=ORIENTED_EDGE('',*,*,#825,.T.);
#1083=ORIENTED_EDGE('',*,*,#826,.T.);
#1084=ORIENTED_EDGE('',*,*,#827,.F.);
#1085=ORIENTED_EDGE('',*,*,#823,.F.);
#1086=ORIENTED_EDGE('',*,*,#828,.T.);
#1087=ORIENTED_EDGE('',*,*,#815,.F.);
#1088=ORIENTED_EDGE('',*,*,#829,.F.);
#1089=ORIENTED_EDGE('',*,*,#826,.F.);
#1090=ORIENTED_EDGE('',*,*,#830,.T.);
#1091=ORIENTED_EDGE('',*,*,#831,.F.);
#1092=ORIENTED_EDGE('',*,*,#832,.T.);
#1093=ORIENTED_EDGE('',*,*,#822,.F.);
#1094=ORIENTED_EDGE('',*,*,#833,.F.);
#1095=ORIENTED_EDGE('',*,*,#834,.F.);
#1096=ORIENTED_EDGE('',*,*,#800,.T.);
#1097=ORIENTED_EDGE('',*,*,#835,.F.);
#1098=ORIENTED_EDGE('',*,*,#836,.F.);
#1099=ORIENTED_EDGE('',*,*,#819,.F.);
#1100=ORIENTED_EDGE('',*,*,#837,.F.);
#1101=ORIENTED_EDGE('',*,*,#838,.F.);
#1102=ORIENTED_EDGE('',*,*,#833,.T.);
#1103=ORIENTED_EDGE('',*,*,#816,.F.);
#1104=ORIENTED_EDGE('',*,*,#839,.F.);
#1105=ORIENTED_EDGE('',*,*,#840,.F.);
#1106=ORIENTED_EDGE('',*,*,#837,.T.);
#1107=ORIENTED_EDGE('',*,*,#841,.T.);
#1108=ORIENTED_EDGE('',*,*,#842,.F.);
#1109=ORIENTED_EDGE('',*,*,#843,.T.);
#1110=ORIENTED_EDGE('',*,*,#801,.T.);
#1111=ORIENTED_EDGE('',*,*,#844,.T.);
#1112=ORIENTED_EDGE('',*,*,#845,.F.);
#1113=ORIENTED_EDGE('',*,*,#841,.F.);
#1114=ORIENTED_EDGE('',*,*,#834,.T.);
#1115=ORIENTED_EDGE('',*,*,#846,.T.);
#1116=ORIENTED_EDGE('',*,*,#847,.F.);
#1117=ORIENTED_EDGE('',*,*,#844,.F.);
#1118=ORIENTED_EDGE('',*,*,#838,.T.);
#1119=ORIENTED_EDGE('',*,*,#848,.T.);
#1120=ORIENTED_EDGE('',*,*,#849,.F.);
#1121=ORIENTED_EDGE('',*,*,#846,.F.);
#1122=ORIENTED_EDGE('',*,*,#840,.T.);
#1123=ORIENTED_EDGE('',*,*,#850,.T.);
#1124=ORIENTED_EDGE('',*,*,#851,.F.);
#1125=ORIENTED_EDGE('',*,*,#848,.F.);
#1126=ORIENTED_EDGE('',*,*,#852,.T.);
#1127=ORIENTED_EDGE('',*,*,#853,.T.);
#1128=ORIENTED_EDGE('',*,*,#854,.F.);
#1129=ORIENTED_EDGE('',*,*,#850,.F.);
#1130=ORIENTED_EDGE('',*,*,#855,.T.);
#1131=ORIENTED_EDGE('',*,*,#856,.T.);
#1132=ORIENTED_EDGE('',*,*,#857,.F.);
#1133=ORIENTED_EDGE('',*,*,#853,.F.);
#1134=ORIENTED_EDGE('',*,*,#858,.T.);
#1135=ORIENTED_EDGE('',*,*,#843,.F.);
#1136=ORIENTED_EDGE('',*,*,#859,.F.);
#1137=ORIENTED_EDGE('',*,*,#856,.F.);
#1138=ORIENTED_EDGE('',*,*,#811,.T.);
#1139=ORIENTED_EDGE('',*,*,#830,.F.);
#1140=ORIENTED_EDGE('',*,*,#860,.F.);
#1141=ORIENTED_EDGE('',*,*,#852,.F.);
#1142=ORIENTED_EDGE('',*,*,#839,.T.);
#1143=ORIENTED_EDGE('',*,*,#828,.F.);
#1144=ORIENTED_EDGE('',*,*,#861,.F.);
#1145=ORIENTED_EDGE('',*,*,#855,.F.);
#1146=ORIENTED_EDGE('',*,*,#860,.T.);
#1147=ORIENTED_EDGE('',*,*,#825,.F.);
#1148=ORIENTED_EDGE('',*,*,#812,.F.);
#1149=ORIENTED_EDGE('',*,*,#858,.F.);
#1150=ORIENTED_EDGE('',*,*,#861,.T.);
#1151=ORIENTED_EDGE('',*,*,#809,.T.);
#1152=ORIENTED_EDGE('',*,*,#862,.T.);
#1153=ORIENTED_EDGE('',*,*,#794,.F.);
#1154=ORIENTED_EDGE('',*,*,#863,.F.);
#1155=ORIENTED_EDGE('',*,*,#808,.T.);
#1156=ORIENTED_EDGE('',*,*,#864,.T.);
#1157=ORIENTED_EDGE('',*,*,#795,.F.);
#1158=ORIENTED_EDGE('',*,*,#862,.F.);
#1159=ORIENTED_EDGE('',*,*,#865,.F.);
#1160=ORIENTED_EDGE('',*,*,#866,.T.);
#1161=ORIENTED_EDGE('',*,*,#796,.F.);
#1162=ORIENTED_EDGE('',*,*,#864,.F.);
#1163=ORIENTED_EDGE('',*,*,#867,.T.);
#1164=ORIENTED_EDGE('',*,*,#868,.F.);
#1165=ORIENTED_EDGE('',*,*,#869,.T.);
#1166=ORIENTED_EDGE('',*,*,#797,.F.);
#1167=ORIENTED_EDGE('',*,*,#866,.F.);
#1168=ORIENTED_EDGE('',*,*,#836,.T.);
#1169=ORIENTED_EDGE('',*,*,#870,.T.);
#1170=ORIENTED_EDGE('',*,*,#792,.F.);
#1171=ORIENTED_EDGE('',*,*,#871,.F.);
#1172=ORIENTED_EDGE('',*,*,#872,.F.);
#1173=ORIENTED_EDGE('',*,*,#873,.F.);
#1174=ORIENTED_EDGE('',*,*,#874,.T.);
#1175=ORIENTED_EDGE('',*,*,#798,.F.);
#1176=ORIENTED_EDGE('',*,*,#869,.F.);
#1177=ORIENTED_EDGE('',*,*,#831,.T.);
#1178=ORIENTED_EDGE('',*,*,#871,.T.);
#1179=ORIENTED_EDGE('',*,*,#791,.F.);
#1180=ORIENTED_EDGE('',*,*,#874,.F.);
#1181=ORIENTED_EDGE('',*,*,#810,.T.);
#1182=ORIENTED_EDGE('',*,*,#863,.T.);
#1183=ORIENTED_EDGE('',*,*,#793,.F.);
#1184=ORIENTED_EDGE('',*,*,#870,.F.);
#1185=ORIENTED_EDGE('',*,*,#835,.T.);
#1186=ORIENTED_EDGE('',*,*,#799,.F.);
#1187=ORIENTED_EDGE('',*,*,#768,.T.);
#1188=ORIENTED_EDGE('',*,*,#772,.T.);
#1189=ORIENTED_EDGE('',*,*,#775,.T.);
#1190=ORIENTED_EDGE('',*,*,#778,.T.);
#1191=ORIENTED_EDGE('',*,*,#867,.F.);
#1192=ORIENTED_EDGE('',*,*,#807,.F.);
#1193=ORIENTED_EDGE('',*,*,#803,.F.);
#1194=ORIENTED_EDGE('',*,*,#875,.F.);
#1195=ORIENTED_EDGE('',*,*,#876,.T.);
#1196=ORIENTED_EDGE('',*,*,#873,.T.);
#1197=ORIENTED_EDGE('',*,*,#877,.T.);
#1198=ORIENTED_EDGE('',*,*,#878,.F.);
#1199=ORIENTED_EDGE('',*,*,#820,.F.);
#1200=ORIENTED_EDGE('',*,*,#832,.F.);
#1201=ORIENTED_EDGE('',*,*,#865,.T.);
#1202=ORIENTED_EDGE('',*,*,#876,.F.);
#1203=ORIENTED_EDGE('',*,*,#879,.F.);
#1204=ORIENTED_EDGE('',*,*,#877,.F.);
#1205=ORIENTED_EDGE('',*,*,#872,.T.);
#1206=ORIENTED_EDGE('',*,*,#868,.T.);
#1207=ORIENTED_EDGE('',*,*,#878,.T.);
#1208=ORIENTED_EDGE('',*,*,#879,.T.);
#1209=ORIENTED_EDGE('',*,*,#875,.T.);
#1210=ORIENTED_EDGE('',*,*,#806,.T.);
#1211=ORIENTED_EDGE('',*,*,#824,.T.);
#1212=ORIENTED_EDGE('',*,*,#827,.T.);
#1213=ORIENTED_EDGE('',*,*,#829,.T.);
#1214=ORIENTED_EDGE('',*,*,#814,.T.);
#1215=ORIENTED_EDGE('',*,*,#818,.T.);
#1216=ORIENTED_EDGE('',*,*,#821,.T.);
#1217=ORIENTED_EDGE('',*,*,#880,.F.);
#1218=ORIENTED_EDGE('',*,*,#881,.T.);
#1219=ORIENTED_EDGE('',*,*,#882,.T.);
#1220=ORIENTED_EDGE('',*,*,#883,.F.);
#1221=ORIENTED_EDGE('',*,*,#884,.F.);
#1222=ORIENTED_EDGE('',*,*,#885,.T.);
#1223=ORIENTED_EDGE('',*,*,#886,.T.);
#1224=ORIENTED_EDGE('',*,*,#881,.F.);
#1225=ORIENTED_EDGE('',*,*,#887,.F.);
#1226=ORIENTED_EDGE('',*,*,#888,.T.);
#1227=ORIENTED_EDGE('',*,*,#889,.T.);
#1228=ORIENTED_EDGE('',*,*,#885,.F.);
#1229=ORIENTED_EDGE('',*,*,#890,.F.);
#1230=ORIENTED_EDGE('',*,*,#891,.T.);
#1231=ORIENTED_EDGE('',*,*,#892,.T.);
#1232=ORIENTED_EDGE('',*,*,#888,.F.);
#1233=ORIENTED_EDGE('',*,*,#893,.F.);
#1234=ORIENTED_EDGE('',*,*,#894,.T.);
#1235=ORIENTED_EDGE('',*,*,#895,.T.);
#1236=ORIENTED_EDGE('',*,*,#891,.F.);
#1237=ORIENTED_EDGE('',*,*,#896,.F.);
#1238=ORIENTED_EDGE('',*,*,#897,.T.);
#1239=ORIENTED_EDGE('',*,*,#898,.T.);
#1240=ORIENTED_EDGE('',*,*,#894,.F.);
#1241=ORIENTED_EDGE('',*,*,#899,.F.);
#1242=ORIENTED_EDGE('',*,*,#900,.T.);
#1243=ORIENTED_EDGE('',*,*,#901,.T.);
#1244=ORIENTED_EDGE('',*,*,#897,.F.);
#1245=ORIENTED_EDGE('',*,*,#902,.F.);
#1246=ORIENTED_EDGE('',*,*,#883,.T.);
#1247=ORIENTED_EDGE('',*,*,#903,.T.);
#1248=ORIENTED_EDGE('',*,*,#900,.F.);
#1249=ORIENTED_EDGE('',*,*,#745,.T.);
#1250=ORIENTED_EDGE('',*,*,#904,.T.);
#1251=ORIENTED_EDGE('',*,*,#905,.T.);
#1252=ORIENTED_EDGE('',*,*,#753,.F.);
#1253=ORIENTED_EDGE('',*,*,#744,.T.);
#1254=ORIENTED_EDGE('',*,*,#906,.T.);
#1255=ORIENTED_EDGE('',*,*,#907,.T.);
#1256=ORIENTED_EDGE('',*,*,#904,.F.);
#1257=ORIENTED_EDGE('',*,*,#743,.T.);
#1258=ORIENTED_EDGE('',*,*,#908,.T.);
#1259=ORIENTED_EDGE('',*,*,#909,.T.);
#1260=ORIENTED_EDGE('',*,*,#906,.F.);
#1261=ORIENTED_EDGE('',*,*,#742,.T.);
#1262=ORIENTED_EDGE('',*,*,#748,.T.);
#1263=ORIENTED_EDGE('',*,*,#910,.T.);
#1264=ORIENTED_EDGE('',*,*,#908,.F.);
#1265=ORIENTED_EDGE('',*,*,#754,.F.);
#1266=ORIENTED_EDGE('',*,*,#905,.F.);
#1267=ORIENTED_EDGE('',*,*,#907,.F.);
#1268=ORIENTED_EDGE('',*,*,#909,.F.);
#1269=ORIENTED_EDGE('',*,*,#910,.F.);
#1270=ORIENTED_EDGE('',*,*,#747,.F.);
#1271=ORIENTED_EDGE('',*,*,#750,.F.);
#1272=ORIENTED_EDGE('',*,*,#752,.F.);
#1273=ORIENTED_EDGE('',*,*,#903,.F.);
#1274=ORIENTED_EDGE('',*,*,#882,.F.);
#1275=ORIENTED_EDGE('',*,*,#886,.F.);
#1276=ORIENTED_EDGE('',*,*,#889,.F.);
#1277=ORIENTED_EDGE('',*,*,#892,.F.);
#1278=ORIENTED_EDGE('',*,*,#895,.F.);
#1279=ORIENTED_EDGE('',*,*,#898,.F.);
#1280=ORIENTED_EDGE('',*,*,#901,.F.);
#1281=ORIENTED_EDGE('',*,*,#845,.T.);
#1282=ORIENTED_EDGE('',*,*,#847,.T.);
#1283=ORIENTED_EDGE('',*,*,#849,.T.);
#1284=ORIENTED_EDGE('',*,*,#851,.T.);
#1285=ORIENTED_EDGE('',*,*,#854,.T.);
#1286=ORIENTED_EDGE('',*,*,#857,.T.);
#1287=ORIENTED_EDGE('',*,*,#859,.T.);
#1288=ORIENTED_EDGE('',*,*,#842,.T.);
#1289=ORIENTED_EDGE('',*,*,#714,.T.);
#1290=ORIENTED_EDGE('',*,*,#736,.T.);
#1291=ORIENTED_EDGE('',*,*,#733,.T.);
#1292=ORIENTED_EDGE('',*,*,#730,.T.);
#1293=ORIENTED_EDGE('',*,*,#727,.T.);
#1294=ORIENTED_EDGE('',*,*,#724,.T.);
#1295=ORIENTED_EDGE('',*,*,#721,.T.);
#1296=ORIENTED_EDGE('',*,*,#718,.T.);
#1297=ORIENTED_EDGE('',*,*,#880,.T.);
#1298=ORIENTED_EDGE('',*,*,#902,.T.);
#1299=ORIENTED_EDGE('',*,*,#899,.T.);
#1300=ORIENTED_EDGE('',*,*,#896,.T.);
#1301=ORIENTED_EDGE('',*,*,#893,.T.);
#1302=ORIENTED_EDGE('',*,*,#890,.T.);
#1303=ORIENTED_EDGE('',*,*,#887,.T.);
#1304=ORIENTED_EDGE('',*,*,#884,.T.);
#1305=PLANE('',#1443);
#1306=PLANE('',#1447);
#1307=PLANE('',#1451);
#1308=PLANE('',#1455);
#1309=PLANE('',#1459);
#1310=PLANE('',#1464);
#1311=PLANE('',#1467);
#1312=PLANE('',#1470);
#1313=PLANE('',#1474);
#1314=PLANE('',#1478);
#1315=PLANE('',#1479);
#1316=PLANE('',#1480);
#1317=PLANE('',#1481);
#1318=PLANE('',#1485);
#1319=PLANE('',#1489);
#1320=PLANE('',#1490);
#1321=PLANE('',#1491);
#1322=PLANE('',#1496);
#1323=PLANE('',#1506);
#1324=PLANE('',#1510);
#1325=PLANE('',#1514);
#1326=PLANE('',#1518);
#1327=PLANE('',#1521);
#1328=PLANE('',#1524);
#1329=PLANE('',#1527);
#1330=PLANE('',#1531);
#1331=PLANE('',#1534);
#1332=PLANE('',#1536);
#1333=PLANE('',#1538);
#1334=PLANE('',#1541);
#1335=PLANE('',#1545);
#1336=PLANE('',#1546);
#1337=PLANE('',#1547);
#1338=PLANE('',#1548);
#1339=PLANE('',#1549);
#1340=PLANE('',#1550);
#1341=PLANE('',#1551);
#1342=PLANE('',#1552);
#1343=PLANE('',#1556);
#1344=PLANE('',#1560);
#1345=PLANE('',#1564);
#1346=PLANE('',#1568);
#1347=PLANE('',#1571);
#1348=PLANE('',#1574);
#1349=PLANE('',#1575);
#1350=PLANE('',#1576);
#1351=ADVANCED_FACE('',(#153),#1305,.F.);
#1352=ADVANCED_FACE('',(#154),#129,.F.);
#1353=ADVANCED_FACE('',(#155),#1306,.F.);
#1354=ADVANCED_FACE('',(#156),#130,.F.);
#1355=ADVANCED_FACE('',(#157),#1307,.F.);
#1356=ADVANCED_FACE('',(#158),#131,.F.);
#1357=ADVANCED_FACE('',(#159),#1308,.F.);
#1358=ADVANCED_FACE('',(#160),#132,.F.);
#1359=ADVANCED_FACE('',(#161,#26),#1309,.T.);
#1360=ADVANCED_FACE('',(#162),#1310,.F.);
#1361=ADVANCED_FACE('',(#163),#133,.F.);
#1362=ADVANCED_FACE('',(#164),#1311,.F.);
#1363=ADVANCED_FACE('',(#165),#134,.F.);
#1364=ADVANCED_FACE('',(#166),#1312,.T.);
#1365=ADVANCED_FACE('',(#167),#135,.T.);
#1366=ADVANCED_FACE('',(#168),#1313,.T.);
#1367=ADVANCED_FACE('',(#169),#136,.T.);
#1368=ADVANCED_FACE('',(#170),#1314,.T.);
#1369=ADVANCED_FACE('',(#171),#1315,.T.);
#1370=ADVANCED_FACE('',(#172),#1316,.T.);
#1371=ADVANCED_FACE('',(#173),#1317,.T.);
#1372=ADVANCED_FACE('',(#174),#137,.T.);
#1373=ADVANCED_FACE('',(#175),#1318,.T.);
#1374=ADVANCED_FACE('',(#176),#138,.T.);
#1375=ADVANCED_FACE('',(#177),#1319,.T.);
#1376=ADVANCED_FACE('',(#178,#27),#1320,.T.);
#1377=ADVANCED_FACE('',(#179,#28),#1321,.T.);
#1378=ADVANCED_FACE('',(#180),#1322,.T.);
#1379=ADVANCED_FACE('',(#181),#18,.T.);
#1380=ADVANCED_FACE('',(#182),#139,.T.);
#1381=ADVANCED_FACE('',(#183),#19,.T.);
#1382=ADVANCED_FACE('',(#184),#1323,.T.);
#1383=ADVANCED_FACE('',(#185),#20,.T.);
#1384=ADVANCED_FACE('',(#186),#1324,.T.);
#1385=ADVANCED_FACE('',(#187),#21,.T.);
#1386=ADVANCED_FACE('',(#188),#1325,.T.);
#1387=ADVANCED_FACE('',(#189),#140,.T.);
#1388=ADVANCED_FACE('',(#190),#1326,.T.);
#1389=ADVANCED_FACE('',(#191),#141,.T.);
#1390=ADVANCED_FACE('',(#192),#1327,.T.);
#1391=ADVANCED_FACE('',(#193),#22,.T.);
#1392=ADVANCED_FACE('',(#194),#1328,.T.);
#1393=ADVANCED_FACE('',(#195),#23,.T.);
#1394=ADVANCED_FACE('',(#196),#1329,.T.);
#1395=ADVANCED_FACE('',(#197),#24,.T.);
#1396=ADVANCED_FACE('',(#198),#1330,.T.);
#1397=ADVANCED_FACE('',(#199),#25,.T.);
#1398=ADVANCED_FACE('',(#200),#1331,.T.);
#1399=ADVANCED_FACE('',(#201),#142,.T.);
#1400=ADVANCED_FACE('',(#202),#1332,.T.);
#1401=ADVANCED_FACE('',(#203),#143,.T.);
#1402=ADVANCED_FACE('',(#204),#1333,.T.);
#1403=ADVANCED_FACE('',(#205),#144,.T.);
#1404=ADVANCED_FACE('',(#206),#1334,.T.);
#1405=ADVANCED_FACE('',(#207),#145,.T.);
#1406=ADVANCED_FACE('',(#208),#146,.T.);
#1407=ADVANCED_FACE('',(#209),#1335,.T.);
#1408=ADVANCED_FACE('',(#210),#1336,.T.);
#1409=ADVANCED_FACE('',(#211),#1337,.T.);
#1410=ADVANCED_FACE('',(#212),#1338,.F.);
#1411=ADVANCED_FACE('',(#213),#1339,.F.);
#1412=ADVANCED_FACE('',(#214),#1340,.T.);
#1413=ADVANCED_FACE('',(#215),#1341,.F.);
#1414=ADVANCED_FACE('',(#216),#1342,.F.);
#1415=ADVANCED_FACE('',(#217),#147,.T.);
#1416=ADVANCED_FACE('',(#218),#1343,.F.);
#1417=ADVANCED_FACE('',(#219),#148,.T.);
#1418=ADVANCED_FACE('',(#220),#1344,.F.);
#1419=ADVANCED_FACE('',(#221),#149,.T.);
#1420=ADVANCED_FACE('',(#222),#1345,.F.);
#1421=ADVANCED_FACE('',(#223),#150,.T.);
#1422=ADVANCED_FACE('',(#224),#1346,.F.);
#1423=ADVANCED_FACE('',(#225),#151,.F.);
#1424=ADVANCED_FACE('',(#226),#1347,.F.);
#1425=ADVANCED_FACE('',(#227),#152,.F.);
#1426=ADVANCED_FACE('',(#228,#29),#1348,.T.);
#1427=ADVANCED_FACE('',(#229,#30),#1349,.T.);
#1428=ADVANCED_FACE('',(#230),#1350,.T.);
#1429=CLOSED_SHELL('',(#1351,#1352,#1353,#1354,#1355,#1356,#1357,#1358,
#1359,#1360,#1361,#1362,#1363,#1364,#1365,#1366,#1367,#1368,#1369,#1370,
#1371,#1372,#1373,#1374,#1375,#1376,#1377,#1378,#1379,#1380,#1381,#1382,
#1383,#1384,#1385,#1386,#1387,#1388,#1389,#1390,#1391,#1392,#1393,#1394,
#1395,#1396,#1397,#1398,#1399,#1400,#1401,#1402,#1403,#1404,#1405,#1406,
#1407,#1408,#1409,#1410,#1411,#1412,#1413,#1414,#1415,#1416,#1417,#1418,
#1419,#1420,#1421,#1422,#1423,#1424,#1425,#1426,#1427,#1428));
#1430=DERIVED_UNIT_ELEMENT(#1432,1.);
#1431=DERIVED_UNIT_ELEMENT(#2413,-3.);
#1432=(
MASS_UNIT()
NAMED_UNIT(*)
SI_UNIT(.KILO.,.GRAM.)
);
#1433=DERIVED_UNIT((#1430,#1431));
#1434=MEASURE_REPRESENTATION_ITEM('density measure',
POSITIVE_RATIO_MEASURE(1060.),#1433);
#1435=PROPERTY_DEFINITION_REPRESENTATION(#1440,#1437);
#1436=PROPERTY_DEFINITION_REPRESENTATION(#1441,#1438);
#1437=REPRESENTATION('material name',(#1439),#2410);
#1438=REPRESENTATION('density',(#1434),#2410);
#1439=DESCRIPTIVE_REPRESENTATION_ITEM('ABS Plastic','ABS Plastic');
#1440=PROPERTY_DEFINITION('material property','material name',#2420);
#1441=PROPERTY_DEFINITION('material property','density of part',#2420);
#1442=AXIS2_PLACEMENT_3D('',#1984,#1577,#1578);
#1443=AXIS2_PLACEMENT_3D('',#1985,#1579,#1580);
#1444=AXIS2_PLACEMENT_3D('',#1994,#1585,#1586);
#1445=AXIS2_PLACEMENT_3D('',#1996,#1587,#1588);
#1446=AXIS2_PLACEMENT_3D('',#1999,#1590,#1591);
#1447=AXIS2_PLACEMENT_3D('',#2000,#1592,#1593);
#1448=AXIS2_PLACEMENT_3D('',#2006,#1597,#1598);
#1449=AXIS2_PLACEMENT_3D('',#2008,#1599,#1600);
#1450=AXIS2_PLACEMENT_3D('',#2011,#1602,#1603);
#1451=AXIS2_PLACEMENT_3D('',#2012,#1604,#1605);
#1452=AXIS2_PLACEMENT_3D('',#2018,#1609,#1610);
#1453=AXIS2_PLACEMENT_3D('',#2020,#1611,#1612);
#1454=AXIS2_PLACEMENT_3D('',#2023,#1614,#1615);
#1455=AXIS2_PLACEMENT_3D('',#2024,#1616,#1617);
#1456=AXIS2_PLACEMENT_3D('',#2030,#1621,#1622);
#1457=AXIS2_PLACEMENT_3D('',#2031,#1623,#1624);
#1458=AXIS2_PLACEMENT_3D('',#2032,#1625,#1626);
#1459=AXIS2_PLACEMENT_3D('',#2033,#1627,#1628);
#1460=AXIS2_PLACEMENT_3D('',#2036,#1629,#1630);
#1461=AXIS2_PLACEMENT_3D('',#2040,#1632,#1633);
#1462=AXIS2_PLACEMENT_3D('',#2044,#1635,#1636);
#1463=AXIS2_PLACEMENT_3D('',#2048,#1638,#1639);
#1464=AXIS2_PLACEMENT_3D('',#2050,#1641,#1642);
#1465=AXIS2_PLACEMENT_3D('',#2056,#1646,#1647);
#1466=AXIS2_PLACEMENT_3D('',#2059,#1649,#1650);
#1467=AXIS2_PLACEMENT_3D('',#2060,#1651,#1652);
#1468=AXIS2_PLACEMENT_3D('',#2064,#1655,#1656);
#1469=AXIS2_PLACEMENT_3D('',#2067,#1658,#1659);
#1470=AXIS2_PLACEMENT_3D('',#2068,#1660,#1661);
#1471=AXIS2_PLACEMENT_3D('',#2077,#1666,#1667);
#1472=AXIS2_PLACEMENT_3D('',#2079,#1668,#1669);
#1473=AXIS2_PLACEMENT_3D('',#2082,#1671,#1672);
#1474=AXIS2_PLACEMENT_3D('',#2083,#1673,#1674);
#1475=AXIS2_PLACEMENT_3D('',#2089,#1678,#1679);
#1476=AXIS2_PLACEMENT_3D('',#2091,#1680,#1681);
#1477=AXIS2_PLACEMENT_3D('',#2094,#1683,#1684);
#1478=AXIS2_PLACEMENT_3D('',#2095,#1685,#1686);
#1479=AXIS2_PLACEMENT_3D('',#2104,#1691,#1692);
#1480=AXIS2_PLACEMENT_3D('',#2110,#1696,#1697);
#1481=AXIS2_PLACEMENT_3D('',#2116,#1701,#1702);
#1482=AXIS2_PLACEMENT_3D('',#2119,#1705,#1706);
#1483=AXIS2_PLACEMENT_3D('',#2121,#1707,#1708);
#1484=AXIS2_PLACEMENT_3D('',#2123,#1709,#1710);
#1485=AXIS2_PLACEMENT_3D('',#2125,#1712,#1713);
#1486=AXIS2_PLACEMENT_3D('',#2131,#1717,#1718);
#1487=AXIS2_PLACEMENT_3D('',#2133,#1719,#1720);
#1488=AXIS2_PLACEMENT_3D('',#2135,#1721,#1722);
#1489=AXIS2_PLACEMENT_3D('',#2137,#1724,#1725);
#1490=AXIS2_PLACEMENT_3D('',#2140,#1728,#1729);
#1491=AXIS2_PLACEMENT_3D('',#2141,#1730,#1731);
#1492=AXIS2_PLACEMENT_3D('',#2146,#1733,#1734);
#1493=AXIS2_PLACEMENT_3D('',#2150,#1736,#1737);
#1494=AXIS2_PLACEMENT_3D('',#2154,#1739,#1740);
#1495=AXIS2_PLACEMENT_3D('',#2157,#1742,#1743);
#1496=AXIS2_PLACEMENT_3D('',#2158,#1744,#1745);
#1497=AXIS2_PLACEMENT_3D('',#2167,#1750,#1751);
#1498=AXIS2_PLACEMENT_3D('',#2174,#1752,#1753);
#1499=AXIS2_PLACEMENT_3D('',#2177,#1755,#1756);
#1500=AXIS2_PLACEMENT_3D('',#2178,#1757,#1758);
#1501=AXIS2_PLACEMENT_3D('',#2194,#1761,#1762);
#1502=AXIS2_PLACEMENT_3D('',#2196,#1763,#1764);
#1503=AXIS2_PLACEMENT_3D('',#2198,#1766,#1767);
#1504=AXIS2_PLACEMENT_3D('',#2203,#1769,#1770);
#1505=AXIS2_PLACEMENT_3D('',#2206,#1772,#1773);
#1506=AXIS2_PLACEMENT_3D('',#2207,#1774,#1775);
#1507=AXIS2_PLACEMENT_3D('',#2213,#1779,#1780);
#1508=AXIS2_PLACEMENT_3D('',#2219,#1781,#1782);
#1509=AXIS2_PLACEMENT_3D('',#2220,#1783,#1784);
#1510=AXIS2_PLACEMENT_3D('',#2221,#1785,#1786);
#1511=AXIS2_PLACEMENT_3D('',#2227,#1790,#1791);
#1512=AXIS2_PLACEMENT_3D('',#2231,#1793,#1794);
#1513=AXIS2_PLACEMENT_3D('',#2232,#1795,#1796);
#1514=AXIS2_PLACEMENT_3D('',#2233,#1797,#1798);
#1515=AXIS2_PLACEMENT_3D('',#2236,#1801,#1802);
#1516=AXIS2_PLACEMENT_3D('',#2243,#1806,#1807);
#1517=AXIS2_PLACEMENT_3D('',#2245,#1808,#1809);
#1518=AXIS2_PLACEMENT_3D('',#2256,#1810,#1811);
#1519=AXIS2_PLACEMENT_3D('',#2260,#1814,#1815);
#1520=AXIS2_PLACEMENT_3D('',#2263,#1817,#1818);
#1521=AXIS2_PLACEMENT_3D('',#2264,#1819,#1820);
#1522=AXIS2_PLACEMENT_3D('',#2270,#1824,#1825);
#1523=AXIS2_PLACEMENT_3D('',#2273,#1827,#1828);
#1524=AXIS2_PLACEMENT_3D('',#2274,#1829,#1830);
#1525=AXIS2_PLACEMENT_3D('',#2278,#1833,#1834);
#1526=AXIS2_PLACEMENT_3D('',#2281,#1836,#1837);
#1527=AXIS2_PLACEMENT_3D('',#2282,#1838,#1839);
#1528=AXIS2_PLACEMENT_3D('',#2288,#1843,#1844);
#1529=AXIS2_PLACEMENT_3D('',#2292,#1846,#1847);
#1530=AXIS2_PLACEMENT_3D('',#2293,#1848,#1849);
#1531=AXIS2_PLACEMENT_3D('',#2294,#1850,#1851);
#1532=AXIS2_PLACEMENT_3D('',#2299,#1855,#1856);
#1533=AXIS2_PLACEMENT_3D('',#2300,#1857,#1858);
#1534=AXIS2_PLACEMENT_3D('',#2301,#1859,#1860);
#1535=AXIS2_PLACEMENT_3D('',#2303,#1862,#1863);
#1536=AXIS2_PLACEMENT_3D('',#2305,#1865,#1866);
#1537=AXIS2_PLACEMENT_3D('',#2306,#1867,#1868);
#1538=AXIS2_PLACEMENT_3D('',#2309,#1871,#1872);
#1539=AXIS2_PLACEMENT_3D('',#2311,#1874,#1875);
#1540=AXIS2_PLACEMENT_3D('',#2314,#1876,#1877);
#1541=AXIS2_PLACEMENT_3D('',#2317,#1880,#1881);
#1542=AXIS2_PLACEMENT_3D('',#2321,#1884,#1885);
#1543=AXIS2_PLACEMENT_3D('',#2324,#1888,#1889);
#1544=AXIS2_PLACEMENT_3D('',#2326,#1890,#1891);
#1545=AXIS2_PLACEMENT_3D('',#2329,#1894,#1895);
#1546=AXIS2_PLACEMENT_3D('',#2330,#1896,#1897);
#1547=AXIS2_PLACEMENT_3D('',#2331,#1898,#1899);
#1548=AXIS2_PLACEMENT_3D('',#2332,#1900,#1901);
#1549=AXIS2_PLACEMENT_3D('',#2336,#1904,#1905);
#1550=AXIS2_PLACEMENT_3D('',#2340,#1908,#1909);
#1551=AXIS2_PLACEMENT_3D('',#2342,#1911,#1912);
#1552=AXIS2_PLACEMENT_3D('',#2343,#1913,#1914);
#1553=AXIS2_PLACEMENT_3D('',#2352,#1919,#1920);
#1554=AXIS2_PLACEMENT_3D('',#2354,#1921,#1922);
#1555=AXIS2_PLACEMENT_3D('',#2357,#1924,#1925);
#1556=AXIS2_PLACEMENT_3D('',#2358,#1926,#1927);
#1557=AXIS2_PLACEMENT_3D('',#2364,#1931,#1932);
#1558=AXIS2_PLACEMENT_3D('',#2366,#1933,#1934);
#1559=AXIS2_PLACEMENT_3D('',#2369,#1936,#1937);
#1560=AXIS2_PLACEMENT_3D('',#2370,#1938,#1939);
#1561=AXIS2_PLACEMENT_3D('',#2376,#1943,#1944);
#1562=AXIS2_PLACEMENT_3D('',#2378,#1945,#1946);
#1563=AXIS2_PLACEMENT_3D('',#2381,#1948,#1949);
#1564=AXIS2_PLACEMENT_3D('',#2382,#1950,#1951);
#1565=AXIS2_PLACEMENT_3D('',#2388,#1955,#1956);
#1566=AXIS2_PLACEMENT_3D('',#2389,#1957,#1958);
#1567=AXIS2_PLACEMENT_3D('',#2390,#1959,#1960);
#1568=AXIS2_PLACEMENT_3D('',#2391,#1961,#1962);
#1569=AXIS2_PLACEMENT_3D('',#2395,#1965,#1966);
#1570=AXIS2_PLACEMENT_3D('',#2398,#1968,#1969);
#1571=AXIS2_PLACEMENT_3D('',#2399,#1970,#1971);
#1572=AXIS2_PLACEMENT_3D('',#2403,#1974,#1975);
#1573=AXIS2_PLACEMENT_3D('',#2404,#1976,#1977);
#1574=AXIS2_PLACEMENT_3D('',#2405,#1978,#1979);
#1575=AXIS2_PLACEMENT_3D('',#2406,#1980,#1981);
#1576=AXIS2_PLACEMENT_3D('',#2407,#1982,#1983);
#1577=DIRECTION('axis',(0.,0.,1.));
#1578=DIRECTION('refdir',(1.,0.,0.));
#1579=DIRECTION('center_axis',(-1.,0.,0.));
#1580=DIRECTION('ref_axis',(0.,1.,0.));
#1581=DIRECTION('',(0.,1.,0.));
#1582=DIRECTION('',(0.,0.,-1.));
#1583=DIRECTION('',(0.,1.,0.));
#1584=DIRECTION('',(0.,0.,-1.));
#1585=DIRECTION('center_axis',(0.,0.,-1.));
#1586=DIRECTION('ref_axis',(-1.,0.,0.));
#1587=DIRECTION('center_axis',(0.,0.,-1.));
#1588=DIRECTION('ref_axis',(-1.,0.,0.));
#1589=DIRECTION('',(0.,0.,-1.));
#1590=DIRECTION('center_axis',(0.,0.,-1.));
#1591=DIRECTION('ref_axis',(-1.,0.,0.));
#1592=DIRECTION('center_axis',(0.,-1.,0.));
#1593=DIRECTION('ref_axis',(-1.,0.,0.));
#1594=DIRECTION('',(-1.,0.,0.));
#1595=DIRECTION('',(0.,0.,-1.));
#1596=DIRECTION('',(-1.,0.,0.));
#1597=DIRECTION('center_axis',(0.,0.,-1.));
#1598=DIRECTION('ref_axis',(0.,-1.,0.));
#1599=DIRECTION('center_axis',(0.,0.,-1.));
#1600=DIRECTION('ref_axis',(0.,-1.,0.));
#1601=DIRECTION('',(0.,0.,-1.));
#1602=DIRECTION('center_axis',(0.,0.,-1.));
#1603=DIRECTION('ref_axis',(0.,-1.,0.));
#1604=DIRECTION('center_axis',(1.,0.,0.));
#1605=DIRECTION('ref_axis',(0.,-1.,0.));
#1606=DIRECTION('',(0.,-1.,0.));
#1607=DIRECTION('',(0.,0.,-1.));
#1608=DIRECTION('',(0.,-1.,0.));
#1609=DIRECTION('center_axis',(0.,0.,-1.));
#1610=DIRECTION('ref_axis',(1.,-1.98254111540206E-16,0.));
#1611=DIRECTION('center_axis',(0.,0.,-1.));
#1612=DIRECTION('ref_axis',(1.,-1.98254111540206E-16,0.));
#1613=DIRECTION('',(0.,0.,-1.));
#1614=DIRECTION('center_axis',(0.,0.,-1.));
#1615=DIRECTION('ref_axis',(1.,-1.98254111540206E-16,0.));
#1616=DIRECTION('center_axis',(-7.56282714322314E-17,1.,0.));
#1617=DIRECTION('ref_axis',(1.,7.56282714322314E-17,0.));
#1618=DIRECTION('',(1.,7.56282714322314E-17,0.));
#1619=DIRECTION('',(0.,0.,-1.));
#1620=DIRECTION('',(1.,7.56282714322314E-17,0.));
#1621=DIRECTION('center_axis',(0.,0.,-1.));
#1622=DIRECTION('ref_axis',(0.,1.,0.));
#1623=DIRECTION('center_axis',(0.,0.,-1.));
#1624=DIRECTION('ref_axis',(0.,1.,0.));
#1625=DIRECTION('center_axis',(0.,0.,-1.));
#1626=DIRECTION('ref_axis',(0.,1.,0.));
#1627=DIRECTION('center_axis',(0.,0.,1.));
#1628=DIRECTION('ref_axis',(1.,0.,0.));
#1629=DIRECTION('center_axis',(0.,0.,1.));
#1630=DIRECTION('ref_axis',(0.,1.,0.));
#1631=DIRECTION('',(-1.,-3.78141357161157E-17,0.));
#1632=DIRECTION('center_axis',(0.,0.,1.));
#1633=DIRECTION('ref_axis',(1.,-1.38777878078144E-15,0.));
#1634=DIRECTION('',(0.,1.,0.));
#1635=DIRECTION('center_axis',(0.,0.,1.));
#1636=DIRECTION('ref_axis',(0.,-1.,0.));
#1637=DIRECTION('',(1.,-1.89070678580578E-17,0.));
#1638=DIRECTION('center_axis',(0.,0.,1.));
#1639=DIRECTION('ref_axis',(-1.,0.,0.));
#1640=DIRECTION('',(0.,-1.,0.));
#1641=DIRECTION('center_axis',(1.,0.,0.));
#1642=DIRECTION('ref_axis',(0.,-1.,0.));
#1643=DIRECTION('',(0.,0.,-1.));
#1644=DIRECTION('',(0.,-1.,0.));
#1645=DIRECTION('',(0.,0.,-1.));
#1646=DIRECTION('center_axis',(0.,0.,-1.));
#1647=DIRECTION('ref_axis',(1.,-1.38777878078144E-15,0.));
#1648=DIRECTION('',(0.,0.,-1.));
#1649=DIRECTION('center_axis',(0.,0.,-1.));
#1650=DIRECTION('ref_axis',(1.,-1.38777878078144E-15,0.));
#1651=DIRECTION('center_axis',(-3.78141357161157E-17,1.,0.));
#1652=DIRECTION('ref_axis',(1.,3.78141357161157E-17,0.));
#1653=DIRECTION('',(0.,0.,-1.));
#1654=DIRECTION('',(1.,3.78141357161157E-17,0.));
#1655=DIRECTION('center_axis',(0.,0.,-1.));
#1656=DIRECTION('ref_axis',(0.,1.,0.));
#1657=DIRECTION('',(0.,0.,-1.));
#1658=DIRECTION('center_axis',(0.,0.,-1.));
#1659=DIRECTION('ref_axis',(0.,1.,0.));
#1660=DIRECTION('center_axis',(-1.,0.,0.));
#1661=DIRECTION('ref_axis',(0.,0.,1.));
#1662=DIRECTION('',(0.,0.,-1.));
#1663=DIRECTION('',(0.,1.,0.));
#1664=DIRECTION('',(0.,0.,1.));
#1665=DIRECTION('',(0.,1.,0.));
#1666=DIRECTION('center_axis',(0.,1.,0.));
#1667=DIRECTION('ref_axis',(-1.,0.,0.));
#1668=DIRECTION('center_axis',(0.,-1.,0.));
#1669=DIRECTION('ref_axis',(-1.,0.,0.));
#1670=DIRECTION('',(0.,1.,0.));
#1671=DIRECTION('center_axis',(0.,1.,0.));
#1672=DIRECTION('ref_axis',(-1.,0.,0.));
#1673=DIRECTION('center_axis',(0.,0.,1.));
#1674=DIRECTION('ref_axis',(1.,0.,0.));
#1675=DIRECTION('',(-1.,0.,0.));
#1676=DIRECTION('',(0.,1.,0.));
#1677=DIRECTION('',(1.,0.,0.));
#1678=DIRECTION('center_axis',(0.,1.,0.));
#1679=DIRECTION('ref_axis',(0.,0.,1.));
#1680=DIRECTION('center_axis',(0.,-1.,0.));
#1681=DIRECTION('ref_axis',(0.,0.,1.));
#1682=DIRECTION('',(0.,1.,0.));
#1683=DIRECTION('center_axis',(0.,1.,0.));
#1684=DIRECTION('ref_axis',(0.,0.,1.));
#1685=DIRECTION('center_axis',(0.,0.,-1.));
#1686=DIRECTION('ref_axis',(-1.,0.,0.));
#1687=DIRECTION('',(1.,0.,0.));
#1688=DIRECTION('',(0.,1.,0.));
#1689=DIRECTION('',(-1.,0.,0.));
#1690=DIRECTION('',(0.,1.,0.));
#1691=DIRECTION('center_axis',(-1.,0.,0.));
#1692=DIRECTION('ref_axis',(0.,0.,1.));
#1693=DIRECTION('',(0.,0.,-1.));
#1694=DIRECTION('',(0.,0.,1.));
#1695=DIRECTION('',(0.,1.,0.));
#1696=DIRECTION('center_axis',(0.,0.,1.));
#1697=DIRECTION('ref_axis',(1.,0.,0.));
#1698=DIRECTION('',(-1.,0.,0.));
#1699=DIRECTION('',(1.,0.,0.));
#1700=DIRECTION('',(0.,1.,0.));
#1701=DIRECTION('center_axis',(1.,0.,0.));
#1702=DIRECTION('ref_axis',(0.,0.,-1.));
#1703=DIRECTION('',(0.,0.,1.));
#1704=DIRECTION('',(0.,0.,-1.));
#1705=DIRECTION('center_axis',(0.,1.,0.));
#1706=DIRECTION('ref_axis',(0.,0.,-1.));
#1707=DIRECTION('center_axis',(0.,-1.,0.));
#1708=DIRECTION('ref_axis',(0.,0.,-1.));
#1709=DIRECTION('center_axis',(0.,1.,0.));
#1710=DIRECTION('ref_axis',(0.,0.,-1.));
#1711=DIRECTION('',(0.,1.,0.));
#1712=DIRECTION('center_axis',(0.,0.,-1.));
#1713=DIRECTION('ref_axis',(-1.,0.,0.));
#1714=DIRECTION('',(1.,0.,0.));
#1715=DIRECTION('',(-1.,0.,0.));
#1716=DIRECTION('',(0.,1.,0.));
#1717=DIRECTION('center_axis',(0.,1.,0.));
#1718=DIRECTION('ref_axis',(1.,0.,-1.85037170770859E-15));
#1719=DIRECTION('center_axis',(0.,-1.,0.));
#1720=DIRECTION('ref_axis',(1.,0.,-1.85037170770859E-15));
#1721=DIRECTION('center_axis',(0.,1.,0.));
#1722=DIRECTION('ref_axis',(1.,0.,-1.85037170770859E-15));
#1723=DIRECTION('',(0.,1.,0.));
#1724=DIRECTION('center_axis',(1.,0.,-5.55111512312578E-15));
#1725=DIRECTION('ref_axis',(-5.55111512312578E-15,0.,-1.));
#1726=DIRECTION('',(5.55111512312578E-15,0.,1.));
#1727=DIRECTION('',(-5.55111512312578E-15,0.,-1.));
#1728=DIRECTION('center_axis',(0.,1.,0.));
#1729=DIRECTION('ref_axis',(-1.,0.,0.));
#1730=DIRECTION('center_axis',(0.,1.,0.));
#1731=DIRECTION('ref_axis',(-1.,0.,0.));
#1732=DIRECTION('',(0.,0.,1.));
#1733=DIRECTION('center_axis',(0.,1.,0.));
#1734=DIRECTION('ref_axis',(-1.,0.,0.));
#1735=DIRECTION('',(1.,0.,0.));
#1736=DIRECTION('center_axis',(0.,1.,0.));
#1737=DIRECTION('ref_axis',(0.,0.,1.));
#1738=DIRECTION('',(0.,0.,-1.));
#1739=DIRECTION('center_axis',(0.,1.,0.));
#1740=DIRECTION('ref_axis',(1.,0.,0.));
#1741=DIRECTION('',(-1.,0.,0.));
#1742=DIRECTION('center_axis',(0.,1.,0.));
#1743=DIRECTION('ref_axis',(0.,0.,-1.));
#1744=DIRECTION('center_axis',(0.,1.,0.));
#1745=DIRECTION('ref_axis',(-1.,0.,0.));
#1746=DIRECTION('',(-1.,0.,0.));
#1747=DIRECTION('',(0.,0.,-1.));
#1748=DIRECTION('',(-1.,0.,0.));
#1749=DIRECTION('',(0.,0.,-1.));
#1750=DIRECTION('center_axis',(0.,0.,1.));
#1751=DIRECTION('ref_axis',(1.,6.76965258917778E-17,0.));
#1752=DIRECTION('center_axis',(0.,0.,-1.));
#1753=DIRECTION('ref_axis',(1.,6.76965258917778E-17,0.));
#1754=DIRECTION('',(-0.707106781186547,7.66646708341687E-18,-0.707106781186548));
#1755=DIRECTION('center_axis',(0.,0.,-1.));
#1756=DIRECTION('ref_axis',(1.,8.67361737988404E-17,0.));
#1757=DIRECTION('center_axis',(0.,0.,-1.));
#1758=DIRECTION('ref_axis',(1.,6.76965258917778E-17,0.));
#1759=DIRECTION('',(0.,0.,1.));
#1760=DIRECTION('',(0.,0.,-1.));
#1761=DIRECTION('center_axis',(0.,0.,-1.));
#1762=DIRECTION('ref_axis',(1.,6.76965258917778E-17,0.));
#1763=DIRECTION('center_axis',(0.,0.,1.));
#1764=DIRECTION('ref_axis',(1.,6.76965258917778E-17,0.));
#1765=DIRECTION('',(0.,0.,-1.));
#1766=DIRECTION('center_axis',(0.,0.,1.));
#1767=DIRECTION('ref_axis',(-1.,0.,0.));
#1768=DIRECTION('',(0.707106781186547,-7.66646708341687E-18,-0.707106781186548));
#1769=DIRECTION('center_axis',(0.,0.,-1.));
#1770=DIRECTION('ref_axis',(-1.,-2.62836890299516E-18,0.));
#1771=DIRECTION('',(2.4532694666934E-16,-0.707106781186547,0.707106781186548));
#1772=DIRECTION('center_axis',(0.,0.,-1.));
#1773=DIRECTION('ref_axis',(-1.,0.,0.));
#1774=DIRECTION('center_axis',(-0.707106781186548,0.,-0.707106781186547));
#1775=DIRECTION('ref_axis',(-0.707106781186547,0.,0.707106781186548));
#1776=DIRECTION('',(0.707106781186547,-4.59988025005012E-17,-0.707106781186548));
#1777=DIRECTION('',(0.,1.,0.));
#1778=DIRECTION('',(0.,1.,0.));
#1779=DIRECTION('center_axis',(0.,0.,1.));
#1780=DIRECTION('ref_axis',(0.,1.,0.));
#1781=DIRECTION('center_axis',(0.,0.,-1.));
#1782=DIRECTION('ref_axis',(0.,1.,0.));
#1783=DIRECTION('center_axis',(0.,0.,-1.));
#1784=DIRECTION('ref_axis',(0.,1.,0.));
#1785=DIRECTION('center_axis',(0.707106781186548,0.,-0.707106781186547));
#1786=DIRECTION('ref_axis',(-0.707106781186547,0.,-0.707106781186548));
#1787=DIRECTION('',(-0.707106781186547,-1.14997006251253E-16,-0.707106781186548));
#1788=DIRECTION('',(0.,-1.,0.));
#1789=DIRECTION('',(0.,-1.,0.));
#1790=DIRECTION('center_axis',(0.,0.,1.));
#1791=DIRECTION('ref_axis',(0.,-1.,0.));
#1792=DIRECTION('',(-4.90653893338679E-16,0.707106781186547,-0.707106781186548));
#1793=DIRECTION('center_axis',(0.,0.,-1.));
#1794=DIRECTION('ref_axis',(-8.41078048958452E-17,-1.,0.));
#1795=DIRECTION('center_axis',(0.,0.,-1.));
#1796=DIRECTION('ref_axis',(0.,-1.,0.));
#1797=DIRECTION('center_axis',(8.177564888978E-17,-0.707106781186548,-0.707106781186547));
#1798=DIRECTION('ref_axis',(-1.,0.,-1.15648231731787E-16));
#1799=DIRECTION('',(-1.,0.,0.));
#1800=DIRECTION('',(-1.,-1.15648231731787E-16,0.));
#1801=DIRECTION('center_axis',(0.,0.,-1.));
#1802=DIRECTION('ref_axis',(0.,1.,0.));
#1803=DIRECTION('',(0.,0.,1.));
#1804=DIRECTION('',(0.,0.,-1.));
#1805=DIRECTION('',(0.,0.,-1.));
#1806=DIRECTION('center_axis',(0.,0.,1.));
#1807=DIRECTION('ref_axis',(0.,1.,0.));
#1808=DIRECTION('center_axis',(0.,0.,-1.));
#1809=DIRECTION('ref_axis',(0.,1.,0.));
#1810=DIRECTION('center_axis',(-1.,0.,0.));
#1811=DIRECTION('ref_axis',(0.,1.,0.));
#1812=DIRECTION('',(0.,0.,-1.));
#1813=DIRECTION('',(0.,-1.,0.));
#1814=DIRECTION('center_axis',(0.,0.,-1.));
#1815=DIRECTION('ref_axis',(-1.,0.,0.));
#1816=DIRECTION('',(0.,0.,-1.));
#1817=DIRECTION('center_axis',(0.,0.,1.));
#1818=DIRECTION('ref_axis',(-1.,0.,0.));
#1819=DIRECTION('center_axis',(0.,0.707106781186548,0.707106781186548));
#1820=DIRECTION('ref_axis',(1.,0.,0.));
#1821=DIRECTION('',(0.,-0.707106781186547,0.707106781186547));
#1822=DIRECTION('',(-1.,0.,0.));
#1823=DIRECTION('',(0.,0.707106781186547,-0.707106781186547));
#1824=DIRECTION('center_axis',(0.,0.,-1.));
#1825=DIRECTION('ref_axis',(0.,1.,0.));
#1826=DIRECTION('',(0.707106781186547,-4.59988025005012E-17,0.707106781186548));
#1827=DIRECTION('center_axis',(0.,0.,1.));
#1828=DIRECTION('ref_axis',(0.,1.,0.));
#1829=DIRECTION('center_axis',(-0.707106781186548,0.,0.707106781186547));
#1830=DIRECTION('ref_axis',(0.707106781186547,0.,0.707106781186548));
#1831=DIRECTION('',(0.707106781186547,-7.66646708341687E-18,0.707106781186548));
#1832=DIRECTION('',(0.,-1.,0.));
#1833=DIRECTION('center_axis',(0.,0.,-1.));
#1834=DIRECTION('ref_axis',(-1.,0.,0.));
#1835=DIRECTION('',(0.,0.707106781186547,0.707106781186547));
#1836=DIRECTION('center_axis',(0.,0.,1.));
#1837=DIRECTION('ref_axis',(-1.,-2.62836890299516E-18,0.));
#1838=DIRECTION('center_axis',(8.17756488897799E-17,-0.707106781186548,
0.707106781186548));
#1839=DIRECTION('ref_axis',(1.,0.,-1.15648231731787E-16));
#1840=DIRECTION('',(-2.4532694666934E-16,0.707106781186547,0.707106781186547));
#1841=DIRECTION('',(1.,0.,0.));
#1842=DIRECTION('',(1.,1.15648231731787E-16,0.));
#1843=DIRECTION('center_axis',(0.,0.,-1.));
#1844=DIRECTION('ref_axis',(0.,-1.,0.));
#1845=DIRECTION('',(-0.707106781186547,-1.14997006251253E-16,0.707106781186548));
#1846=DIRECTION('center_axis',(0.,0.,1.));
#1847=DIRECTION('ref_axis',(-8.41078048958452E-17,-1.,0.));
#1848=DIRECTION('center_axis',(0.,0.,1.));
#1849=DIRECTION('ref_axis',(0.,-1.,0.));
#1850=DIRECTION('center_axis',(0.707106781186548,0.,0.707106781186547));
#1851=DIRECTION('ref_axis',(0.707106781186547,0.,-0.707106781186548));
#1852=DIRECTION('',(-0.707106781186547,7.66646708341687E-18,0.707106781186548));
#1853=DIRECTION('',(0.,1.,0.));
#1854=DIRECTION('',(0.,1.,0.));
#1855=DIRECTION('center_axis',(0.,0.,-1.));
#1856=DIRECTION('ref_axis',(1.,6.76965258917778E-17,0.));
#1857=DIRECTION('center_axis',(0.,0.,1.));
#1858=DIRECTION('ref_axis',(1.,8.67361737988404E-17,0.));
#1859=DIRECTION('center_axis',(1.15648231731787E-16,-1.,0.));
#1860=DIRECTION('ref_axis',(-1.,-1.15648231731787E-16,0.));
#1861=DIRECTION('',(0.,0.,-1.));
#1862=DIRECTION('center_axis',(0.,0.,-1.));
#1863=DIRECTION('ref_axis',(0.,-1.,0.));
#1864=DIRECTION('',(0.,0.,-1.));
#1865=DIRECTION('center_axis',(1.,0.,0.));
#1866=DIRECTION('ref_axis',(0.,-1.,0.));
#1867=DIRECTION('center_axis',(0.,-1.,0.));
#1868=DIRECTION('ref_axis',(0.,0.,1.));
#1869=DIRECTION('',(0.,1.,0.));
#1870=DIRECTION('',(0.,1.,0.));
#1871=DIRECTION('center_axis',(1.,0.,0.));
#1872=DIRECTION('ref_axis',(0.,0.,1.));
#1873=DIRECTION('',(0.,1.,0.));
#1874=DIRECTION('center_axis',(0.,-1.,0.));
#1875=DIRECTION('ref_axis',(1.,0.,0.));
#1876=DIRECTION('center_axis',(0.,-1.,0.));
#1877=DIRECTION('ref_axis',(1.,0.,0.));
#1878=DIRECTION('',(0.,1.,0.));
#1879=DIRECTION('',(0.,-1.,0.));
#1880=DIRECTION('center_axis',(0.,0.,-1.));
#1881=DIRECTION('ref_axis',(1.,0.,0.));
#1882=DIRECTION('',(1.,0.,0.));
#1883=DIRECTION('',(0.,1.,0.));
#1884=DIRECTION('center_axis',(0.,-1.,0.));
#1885=DIRECTION('ref_axis',(-1.,0.,0.));
#1886=DIRECTION('',(0.,1.,0.));
#1887=DIRECTION('',(0.,1.,0.));
#1888=DIRECTION('center_axis',(0.,-1.,0.));
#1889=DIRECTION('ref_axis',(0.,0.,-1.));
#1890=DIRECTION('center_axis',(0.,-1.,0.));
#1891=DIRECTION('ref_axis',(0.,0.,-1.));
#1892=DIRECTION('',(0.,-1.,0.));
#1893=DIRECTION('',(0.,1.,0.));
#1894=DIRECTION('center_axis',(-1.,0.,0.));
#1895=DIRECTION('ref_axis',(0.,0.,-1.));
#1896=DIRECTION('center_axis',(0.,0.,1.));
#1897=DIRECTION('ref_axis',(-1.,0.,0.));
#1898=DIRECTION('center_axis',(0.,1.,0.));
#1899=DIRECTION('ref_axis',(-1.,0.,0.));
#1900=DIRECTION('center_axis',(1.,0.,0.));
#1901=DIRECTION('ref_axis',(0.,0.,1.));
#1902=DIRECTION('',(0.,1.,0.));
#1903=DIRECTION('',(0.,0.,1.));
#1904=DIRECTION('center_axis',(-1.,0.,0.));
#1905=DIRECTION('ref_axis',(0.,0.,-1.));
#1906=DIRECTION('',(0.,0.,-1.));
#1907=DIRECTION('',(0.,-1.,0.));
#1908=DIRECTION('center_axis',(0.,1.,0.));
#1909=DIRECTION('ref_axis',(-1.,0.,0.));
#1910=DIRECTION('',(1.,0.,0.));
#1911=DIRECTION('center_axis',(0.,0.,1.));
#1912=DIRECTION('ref_axis',(1.,0.,0.));
#1913=DIRECTION('center_axis',(0.,1.,0.));
#1914=DIRECTION('ref_axis',(1.,0.,0.));
#1915=DIRECTION('',(1.,0.,0.));
#1916=DIRECTION('',(0.,0.,-1.));
#1917=DIRECTION('',(1.,0.,0.));
#1918=DIRECTION('',(0.,0.,-1.));
#1919=DIRECTION('center_axis',(0.,0.,-1.));
#1920=DIRECTION('ref_axis',(-1.,0.,0.));
#1921=DIRECTION('center_axis',(0.,0.,1.));
#1922=DIRECTION('ref_axis',(-1.,0.,0.));
#1923=DIRECTION('',(0.,0.,-1.));
#1924=DIRECTION('center_axis',(0.,0.,1.));
#1925=DIRECTION('ref_axis',(-1.,0.,0.));
#1926=DIRECTION('center_axis',(1.,2.77555756156289E-15,0.));
#1927=DIRECTION('ref_axis',(2.77555756156289E-15,-1.,0.));
#1928=DIRECTION('',(2.77555756156289E-15,-1.,0.));
#1929=DIRECTION('',(0.,0.,-1.));
#1930=DIRECTION('',(2.77555756156289E-15,-1.,0.));
#1931=DIRECTION('center_axis',(0.,0.,-1.));
#1932=DIRECTION('ref_axis',(0.,1.,0.));
#1933=DIRECTION('center_axis',(0.,0.,1.));
#1934=DIRECTION('ref_axis',(0.,1.,0.));
#1935=DIRECTION('',(0.,0.,-1.));
#1936=DIRECTION('center_axis',(0.,0.,1.));
#1937=DIRECTION('ref_axis',(0.,1.,0.));
#1938=DIRECTION('center_axis',(0.,-1.,0.));
#1939=DIRECTION('ref_axis',(-1.,0.,0.));
#1940=DIRECTION('',(-1.,0.,0.));
#1941=DIRECTION('',(0.,0.,-1.));
#1942=DIRECTION('',(-1.,0.,0.));
#1943=DIRECTION('center_axis',(0.,0.,-1.));
#1944=DIRECTION('ref_axis',(1.,-6.24500451351651E-16,0.));
#1945=DIRECTION('center_axis',(0.,0.,1.));
#1946=DIRECTION('ref_axis',(1.,-6.24500451351651E-16,0.));
#1947=DIRECTION('',(0.,0.,-1.));
#1948=DIRECTION('center_axis',(0.,0.,1.));
#1949=DIRECTION('ref_axis',(1.,-6.24500451351651E-16,0.));
#1950=DIRECTION('center_axis',(-1.,0.,0.));
#1951=DIRECTION('ref_axis',(0.,1.,0.));
#1952=DIRECTION('',(0.,1.,0.));
#1953=DIRECTION('',(0.,0.,-1.));
#1954=DIRECTION('',(0.,1.,0.));
#1955=DIRECTION('center_axis',(0.,0.,-1.));
#1956=DIRECTION('ref_axis',(0.,-1.,0.));
#1957=DIRECTION('center_axis',(0.,0.,1.));
#1958=DIRECTION('ref_axis',(0.,-1.,0.));
#1959=DIRECTION('center_axis',(0.,0.,1.));
#1960=DIRECTION('ref_axis',(0.,-1.,0.));
#1961=DIRECTION('center_axis',(-1.,0.,0.));
#1962=DIRECTION('ref_axis',(0.,1.,0.));
#1963=DIRECTION('',(0.,0.,-1.));
#1964=DIRECTION('',(0.,1.,0.));
#1965=DIRECTION('center_axis',(0.,0.,-1.));
#1966=DIRECTION('ref_axis',(-1.,0.,0.));
#1967=DIRECTION('',(0.,0.,-1.));
#1968=DIRECTION('center_axis',(0.,0.,-1.));
#1969=DIRECTION('ref_axis',(-1.,0.,0.));
#1970=DIRECTION('center_axis',(-1.89070678580578E-17,-1.,0.));
#1971=DIRECTION('ref_axis',(-1.,1.89070678580578E-17,0.));
#1972=DIRECTION('',(0.,0.,-1.));
#1973=DIRECTION('',(-1.,1.89070678580578E-17,0.));
#1974=DIRECTION('center_axis',(0.,0.,-1.));
#1975=DIRECTION('ref_axis',(0.,-1.,0.));
#1976=DIRECTION('center_axis',(0.,0.,-1.));
#1977=DIRECTION('ref_axis',(0.,-1.,0.));
#1978=DIRECTION('center_axis',(0.,0.,1.));
#1979=DIRECTION('ref_axis',(1.,0.,0.));
#1980=DIRECTION('center_axis',(0.,0.,1.));
#1981=DIRECTION('ref_axis',(1.,0.,0.));
#1982=DIRECTION('center_axis',(0.,0.,1.));
#1983=DIRECTION('ref_axis',(1.,0.,0.));
#1984=CARTESIAN_POINT('',(0.,0.,0.));
#1985=CARTESIAN_POINT('Origin',(-4.37,-0.779999999999999,0.));
#1986=CARTESIAN_POINT('',(-4.37,-0.779999999999999,0.));
#1987=CARTESIAN_POINT('',(-4.37,0.779999999999999,0.));
#1988=CARTESIAN_POINT('',(-4.37,-0.39,0.));
#1989=CARTESIAN_POINT('',(-4.37,-0.779999999999999,-0.1));
#1990=CARTESIAN_POINT('',(-4.37,-0.779999999999999,0.));
#1991=CARTESIAN_POINT('',(-4.37,0.779999999999999,-0.1));
#1992=CARTESIAN_POINT('',(-4.37,-0.779999999999999,-0.1));
#1993=CARTESIAN_POINT('',(-4.37,0.779999999999999,0.));
#1994=CARTESIAN_POINT('Origin',(-3.67,-0.779999999999999,0.));
#1995=CARTESIAN_POINT('',(-3.67,-1.48,0.));
#1996=CARTESIAN_POINT('Origin',(-3.67,-0.779999999999999,0.));
#1997=CARTESIAN_POINT('',(-3.67,-1.48,-0.1));
#1998=CARTESIAN_POINT('',(-3.67,-1.48,0.));
#1999=CARTESIAN_POINT('Origin',(-3.67,-0.779999999999999,-0.1));
#2000=CARTESIAN_POINT('Origin',(3.67,-1.48,0.));
#2001=CARTESIAN_POINT('',(3.67,-1.48,0.));
#2002=CARTESIAN_POINT('',(1.835,-1.48,0.));
#2003=CARTESIAN_POINT('',(3.67,-1.48,-0.1));
#2004=CARTESIAN_POINT('',(3.67,-1.48,0.));
#2005=CARTESIAN_POINT('',(3.67,-1.48,-0.1));
#2006=CARTESIAN_POINT('Origin',(3.67,-0.779999999999999,0.));
#2007=CARTESIAN_POINT('',(4.37,-0.779999999999999,0.));
#2008=CARTESIAN_POINT('Origin',(3.67,-0.779999999999999,0.));
#2009=CARTESIAN_POINT('',(4.37,-0.779999999999999,-0.1));
#2010=CARTESIAN_POINT('',(4.37,-0.779999999999999,0.));
#2011=CARTESIAN_POINT('Origin',(3.67,-0.779999999999999,-0.1));
#2012=CARTESIAN_POINT('Origin',(4.37,0.779999999999999,0.));
#2013=CARTESIAN_POINT('',(4.37,0.779999999999999,0.));
#2014=CARTESIAN_POINT('',(4.37,0.39,0.));
#2015=CARTESIAN_POINT('',(4.37,0.779999999999999,-0.1));
#2016=CARTESIAN_POINT('',(4.37,0.779999999999999,0.));
#2017=CARTESIAN_POINT('',(4.37,0.779999999999999,-0.1));
#2018=CARTESIAN_POINT('Origin',(3.67,0.78,0.));
#2019=CARTESIAN_POINT('',(3.67,1.48,0.));
#2020=CARTESIAN_POINT('Origin',(3.67,0.78,0.));
#2021=CARTESIAN_POINT('',(3.67,1.48,-0.1));
#2022=CARTESIAN_POINT('',(3.67,1.48,0.));
#2023=CARTESIAN_POINT('Origin',(3.67,0.78,-0.1));
#2024=CARTESIAN_POINT('Origin',(-3.67,1.48,0.));
#2025=CARTESIAN_POINT('',(-3.67,1.48,0.));
#2026=CARTESIAN_POINT('',(-1.835,1.48,0.));
#2027=CARTESIAN_POINT('',(-3.67,1.48,-0.1));
#2028=CARTESIAN_POINT('',(-3.67,1.48,0.));
#2029=CARTESIAN_POINT('',(-3.67,1.48,-0.1));
#2030=CARTESIAN_POINT('Origin',(-3.67,0.779999999999999,0.));
#2031=CARTESIAN_POINT('Origin',(-3.67,0.779999999999999,0.));
#2032=CARTESIAN_POINT('Origin',(-3.67,0.779999999999999,-0.1));
#2033=CARTESIAN_POINT('Origin',(0.,2.77555756156289E-16,-0.1));
#2034=CARTESIAN_POINT('',(-3.67,1.08,-0.1));
#2035=CARTESIAN_POINT('',(-3.97,0.779999999999999,-0.1));
#2036=CARTESIAN_POINT('Origin',(-3.67,0.779999999999999,-0.1));
#2037=CARTESIAN_POINT('',(3.67,1.08,-0.1));
#2038=CARTESIAN_POINT('',(-1.835,1.08,-0.1));
#2039=CARTESIAN_POINT('',(3.97,0.779999999999999,-0.1));
#2040=CARTESIAN_POINT('Origin',(3.67,0.78,-0.1));
#2041=CARTESIAN_POINT('',(3.97,-0.779999999999999,-0.1));
#2042=CARTESIAN_POINT('',(3.97,0.39,-0.1));
#2043=CARTESIAN_POINT('',(3.67,-1.08,-0.1));
#2044=CARTESIAN_POINT('Origin',(3.67,-0.779999999999999,-0.1));
#2045=CARTESIAN_POINT('',(-3.67,-1.08,-0.1));
#2046=CARTESIAN_POINT('',(1.835,-1.08,-0.1));
#2047=CARTESIAN_POINT('',(-3.97,-0.779999999999999,-0.1));
#2048=CARTESIAN_POINT('Origin',(-3.67,-0.779999999999999,-0.1));
#2049=CARTESIAN_POINT('',(-3.97,-0.389999999999999,-0.1));
#2050=CARTESIAN_POINT('Origin',(3.97,0.779999999999999,0.));
#2051=CARTESIAN_POINT('',(3.97,0.779999999999999,-6.));
#2052=CARTESIAN_POINT('',(3.97,0.779999999999999,0.));
#2053=CARTESIAN_POINT('',(3.97,-0.779999999999999,-6.));
#2054=CARTESIAN_POINT('',(3.97,0.779999999999999,-6.));
#2055=CARTESIAN_POINT('',(3.97,-0.779999999999999,0.));
#2056=CARTESIAN_POINT('Origin',(3.67,0.78,0.));
#2057=CARTESIAN_POINT('',(3.67,1.08,-6.));
#2058=CARTESIAN_POINT('',(3.67,1.08,0.));
#2059=CARTESIAN_POINT('Origin',(3.67,0.78,-6.));
#2060=CARTESIAN_POINT('Origin',(-3.67,1.08,0.));
#2061=CARTESIAN_POINT('',(-3.67,1.08,-6.));
#2062=CARTESIAN_POINT('',(-3.67,1.08,0.));
#2063=CARTESIAN_POINT('',(-3.67,1.08,-6.));
#2064=CARTESIAN_POINT('Origin',(-3.67,0.779999999999999,0.));
#2065=CARTESIAN_POINT('',(-3.97,0.779999999999999,-6.));
#2066=CARTESIAN_POINT('',(-3.97,0.779999999999999,0.));
#2067=CARTESIAN_POINT('Origin',(-3.67,0.779999999999999,-6.));
#2068=CARTESIAN_POINT('Origin',(-4.15,4.15,-14.7));
#2069=CARTESIAN_POINT('',(-4.15,4.65,-14.6));
#2070=CARTESIAN_POINT('',(-4.15,4.65,-14.7));
#2071=CARTESIAN_POINT('',(-4.15,4.65,-14.6));
#2072=CARTESIAN_POINT('',(-4.15,12.65,-14.6));
#2073=CARTESIAN_POINT('',(-4.15,4.15,-14.6));
#2074=CARTESIAN_POINT('',(-4.15,12.65,-14.7));
#2075=CARTESIAN_POINT('',(-4.15,12.65,-14.6));
#2076=CARTESIAN_POINT('',(-4.15,4.15,-14.7));
#2077=CARTESIAN_POINT('Origin',(-2.95,4.15,-14.6));
#2078=CARTESIAN_POINT('',(-2.95,4.65,-13.4));
#2079=CARTESIAN_POINT('Origin',(-2.95,4.65,-14.6));
#2080=CARTESIAN_POINT('',(-2.95,12.65,-13.4));
#2081=CARTESIAN_POINT('',(-2.95,4.15,-13.4));
#2082=CARTESIAN_POINT('Origin',(-2.95,12.65,-14.6));
#2083=CARTESIAN_POINT('Origin',(-2.95,4.15,-13.4));
#2084=CARTESIAN_POINT('',(2.95,4.65,-13.4));
#2085=CARTESIAN_POINT('',(2.95,4.65,-13.4));
#2086=CARTESIAN_POINT('',(2.95,12.65,-13.4));
#2087=CARTESIAN_POINT('',(2.95,4.15,-13.4));
#2088=CARTESIAN_POINT('',(2.95,12.65,-13.4));
#2089=CARTESIAN_POINT('Origin',(2.95,4.15,-14.6));
#2090=CARTESIAN_POINT('',(4.15,4.65,-14.6));
#2091=CARTESIAN_POINT('Origin',(2.95,4.65,-14.6));
#2092=CARTESIAN_POINT('',(4.15,12.65,-14.6));
#2093=CARTESIAN_POINT('',(4.15,4.15,-14.6));
#2094=CARTESIAN_POINT('Origin',(2.95,12.65,-14.6));
#2095=CARTESIAN_POINT('Origin',(3.45,4.15,-14.));
#2096=CARTESIAN_POINT('',(-3.45,4.15,-14.));
#2097=CARTESIAN_POINT('',(3.45,4.15,-14.));
#2098=CARTESIAN_POINT('',(1.725,4.15,-14.));
#2099=CARTESIAN_POINT('',(-3.45,12.65,-14.));
#2100=CARTESIAN_POINT('',(-3.45,4.15,-14.));
#2101=CARTESIAN_POINT('',(3.45,12.65,-14.));
#2102=CARTESIAN_POINT('',(-3.45,12.65,-14.));
#2103=CARTESIAN_POINT('',(3.45,4.15,-14.));
#2104=CARTESIAN_POINT('Origin',(3.45,4.15,-15.3));
#2105=CARTESIAN_POINT('',(3.45,4.15,-15.3));
#2106=CARTESIAN_POINT('',(3.45,4.15,-14.975));
#2107=CARTESIAN_POINT('',(3.45,12.65,-15.3));
#2108=CARTESIAN_POINT('',(3.45,12.65,-14.));
#2109=CARTESIAN_POINT('',(3.45,4.15,-15.3));
#2110=CARTESIAN_POINT('Origin',(-3.45,4.15,-15.3));
#2111=CARTESIAN_POINT('',(-3.45,4.15,-15.3));
#2112=CARTESIAN_POINT('',(-1.725,4.15,-15.3));
#2113=CARTESIAN_POINT('',(-3.45,12.65,-15.3));
#2114=CARTESIAN_POINT('',(3.45,12.65,-15.3));
#2115=CARTESIAN_POINT('',(-3.45,4.15,-15.3));
#2116=CARTESIAN_POINT('Origin',(-3.45,4.15,-14.));
#2117=CARTESIAN_POINT('',(-3.45,4.15,-14.325));
#2118=CARTESIAN_POINT('',(-3.45,12.65,-15.3));
#2119=CARTESIAN_POINT('Origin',(-2.95,4.15,-14.7));
#2120=CARTESIAN_POINT('',(-2.95,4.65,-15.9));
#2121=CARTESIAN_POINT('Origin',(-2.95,4.65,-14.7));
#2122=CARTESIAN_POINT('',(-2.95,12.65,-15.9));
#2123=CARTESIAN_POINT('Origin',(-2.95,12.65,-14.7));
#2124=CARTESIAN_POINT('',(-2.95,4.15,-15.9));
#2125=CARTESIAN_POINT('Origin',(2.95,4.15,-15.9));
#2126=CARTESIAN_POINT('',(2.95,4.65,-15.9));
#2127=CARTESIAN_POINT('',(-2.95,4.65,-15.9));
#2128=CARTESIAN_POINT('',(2.95,12.65,-15.9));
#2129=CARTESIAN_POINT('',(-2.95,12.65,-15.9));
#2130=CARTESIAN_POINT('',(2.95,4.15,-15.9));
#2131=CARTESIAN_POINT('Origin',(2.95,4.15,-14.7));
#2132=CARTESIAN_POINT('',(4.15,4.65,-14.7));
#2133=CARTESIAN_POINT('Origin',(2.95,4.65,-14.7));
#2134=CARTESIAN_POINT('',(4.15,12.65,-14.7));
#2135=CARTESIAN_POINT('Origin',(2.95,12.65,-14.7));
#2136=CARTESIAN_POINT('',(4.15,4.15,-14.7));
#2137=CARTESIAN_POINT('Origin',(4.15,4.15,-14.6));
#2138=CARTESIAN_POINT('',(4.15,4.65,-14.7));
#2139=CARTESIAN_POINT('',(4.15,12.65,-14.7));
#2140=CARTESIAN_POINT('Origin',(0.,12.65,-14.65));
#2141=CARTESIAN_POINT('Origin',(0.,4.65,-14.65));
#2142=CARTESIAN_POINT('',(-5.,4.65,-14.7));
#2143=CARTESIAN_POINT('',(-5.,4.65,-14.6));
#2144=CARTESIAN_POINT('',(-5.,4.65,-14.7));
#2145=CARTESIAN_POINT('',(-2.7,4.65,-12.3));
#2146=CARTESIAN_POINT('Origin',(-2.7,4.65,-14.6));
#2147=CARTESIAN_POINT('',(2.7,4.65,-12.3));
#2148=CARTESIAN_POINT('',(-2.7,4.65,-12.3));
#2149=CARTESIAN_POINT('',(5.,4.65,-14.6));
#2150=CARTESIAN_POINT('Origin',(2.7,4.65,-14.6));
#2151=CARTESIAN_POINT('',(5.,4.65,-14.7));
#2152=CARTESIAN_POINT('',(5.,4.65,-14.6));
#2153=CARTESIAN_POINT('',(2.7,4.65,-17.));
#2154=CARTESIAN_POINT('Origin',(2.7,4.65,-14.7));
#2155=CARTESIAN_POINT('',(-2.7,4.65,-17.));
#2156=CARTESIAN_POINT('',(2.7,4.65,-17.));
#2157=CARTESIAN_POINT('Origin',(-2.7,4.65,-14.7));
#2158=CARTESIAN_POINT('Origin',(0.,4.15,-14.65));
#2159=CARTESIAN_POINT('',(2.4,4.15,-12.3));
#2160=CARTESIAN_POINT('',(-2.4,4.15,-12.3));
#2161=CARTESIAN_POINT('',(-1.35,4.15,-12.3));
#2162=CARTESIAN_POINT('',(-2.4,4.15,-0.8));
#2163=CARTESIAN_POINT('',(-2.4,4.15,0.));
#2164=CARTESIAN_POINT('',(2.4,4.15,-0.8));
#2165=CARTESIAN_POINT('',(-1.2,4.15,-0.8));
#2166=CARTESIAN_POINT('',(2.4,4.15,0.));
#2167=CARTESIAN_POINT('Origin',(2.4,0.0500000000000006,-18.9));
#2168=CARTESIAN_POINT('',(5.,2.08224014329016,-19.3));
#2169=CARTESIAN_POINT('',(5.,3.22017349682947,-18.5));
#2170=CARTESIAN_POINT('Ctrl Pts',(5.,2.08224014329016,-19.3));
#2171=CARTESIAN_POINT('Ctrl Pts',(5.,2.5896969090577,-18.9874927241282));
#2172=CARTESIAN_POINT('Ctrl Pts',(5.,3.22017349682947,-18.5));
#2173=CARTESIAN_POINT('',(6.5,0.0500000000000009,-18.5));
#2174=CARTESIAN_POINT('Origin',(2.4,0.0500000000000006,-18.5));
#2175=CARTESIAN_POINT('',(5.7,0.0500000000000012,-19.3));
#2176=CARTESIAN_POINT('',(6.5,0.0500000000000009,-18.5));
#2177=CARTESIAN_POINT('Origin',(2.4,0.0500000000000006,-19.3));
#2178=CARTESIAN_POINT('Origin',(2.4,0.0500000000000006,0.));
#2179=CARTESIAN_POINT('',(5.,3.22017349682947,-14.7));
#2180=CARTESIAN_POINT('',(5.,3.22017349682947,0.));
#2181=CARTESIAN_POINT('',(5.,3.22017349682947,-14.6));
#2182=CARTESIAN_POINT('',(5.,3.22017349682947,0.));
#2183=CARTESIAN_POINT('',(2.7,4.13900966005217,-12.3));
#2184=CARTESIAN_POINT('Ctrl Pts',(2.7,4.13900966005217,-12.3));
#2185=CARTESIAN_POINT('Ctrl Pts',(3.00149967379367,4.11688941342577,-12.3));
#2186=CARTESIAN_POINT('Ctrl Pts',(3.31547649139458,4.05745527954595,-12.3626020438821));
#2187=CARTESIAN_POINT('Ctrl Pts',(3.88218204061161,3.88417934366228,-12.6032010071905));
#2188=CARTESIAN_POINT('Ctrl Pts',(4.13543196750252,3.77145713874035,-12.7807748530749));
#2189=CARTESIAN_POINT('Ctrl Pts',(4.53144084988561,3.55953866013733,-13.1807763151805));
#2190=CARTESIAN_POINT('Ctrl Pts',(4.70431739703447,3.44428887460112,-13.4317988283381));
#2191=CARTESIAN_POINT('Ctrl Pts',(4.93862515984647,3.27280318995595,-13.9912829239546));
#2192=CARTESIAN_POINT('Ctrl Pts',(5.,3.22017349682947,-14.3008670672076));
#2193=CARTESIAN_POINT('Ctrl Pts',(5.,3.22017349682947,-14.6));
#2194=CARTESIAN_POINT('Origin',(2.4,0.0500000000000006,-12.3));
#2195=CARTESIAN_POINT('',(6.5,0.0500000000000009,-0.8));
#2196=CARTESIAN_POINT('Origin',(2.4,0.0500000000000006,-0.8));
#2197=CARTESIAN_POINT('',(6.5,0.0500000000000009,0.));
#2198=CARTESIAN_POINT('Origin',(-2.4,-0.0499999999999995,-18.9));
#2199=CARTESIAN_POINT('',(-6.5,-0.0499999999999995,-18.5));
#2200=CARTESIAN_POINT('',(-5.7,-0.0499999999999995,-19.3));
#2201=CARTESIAN_POINT('',(-6.5,-0.0499999999999995,-18.5));
#2202=CARTESIAN_POINT('',(-2.4,-3.35,-19.3));
#2203=CARTESIAN_POINT('Origin',(-2.4,-0.0499999999999995,-19.3));
#2204=CARTESIAN_POINT('',(-2.4,-4.15,-18.5));
#2205=CARTESIAN_POINT('',(-2.4,-3.35,-19.3));
#2206=CARTESIAN_POINT('Origin',(-2.4,-0.0499999999999995,-18.5));
#2207=CARTESIAN_POINT('Origin',(-6.1,-0.0249999999999997,-18.9));
#2208=CARTESIAN_POINT('',(-6.5,0.0500000000000003,-18.5));
#2209=CARTESIAN_POINT('',(-5.7,0.05,-19.3));
#2210=CARTESIAN_POINT('',(-6.5,0.0500000000000003,-18.5));
#2211=CARTESIAN_POINT('',(-5.7,0.0500000000000002,-19.3));
#2212=CARTESIAN_POINT('',(-6.5,-0.0249999999999997,-18.5));
#2213=CARTESIAN_POINT('Origin',(-2.4,0.05,-18.9));
#2214=CARTESIAN_POINT('',(-5.,3.22017349682947,-18.5));
#2215=CARTESIAN_POINT('',(-5.,2.08224014329016,-19.3));
#2216=CARTESIAN_POINT('Ctrl Pts',(-5.,3.22017349682947,-18.5));
#2217=CARTESIAN_POINT('Ctrl Pts',(-5.,2.58969690905769,-18.9874927241282));
#2218=CARTESIAN_POINT('Ctrl Pts',(-5.,2.08224014329016,-19.3));
#2219=CARTESIAN_POINT('Origin',(-2.4,0.05,-19.3));
#2220=CARTESIAN_POINT('Origin',(-2.4,0.05,-18.5));
#2221=CARTESIAN_POINT('Origin',(6.1,0.0250000000000004,-18.9));
#2222=CARTESIAN_POINT('',(6.5,-0.0499999999999988,-18.5));
#2223=CARTESIAN_POINT('',(5.7,-0.0499999999999989,-19.3));
#2224=CARTESIAN_POINT('',(6.5,-0.0499999999999988,-18.5));
#2225=CARTESIAN_POINT('',(5.7,-0.049999999999999,-19.3));
#2226=CARTESIAN_POINT('',(6.5,0.0250000000000004,-18.5));
#2227=CARTESIAN_POINT('Origin',(2.4,-0.0499999999999995,-18.9));
#2228=CARTESIAN_POINT('',(2.4,-4.15,-18.5));
#2229=CARTESIAN_POINT('',(2.4,-3.35,-19.3));
#2230=CARTESIAN_POINT('',(2.4,-4.15,-18.5));
#2231=CARTESIAN_POINT('Origin',(2.4,-0.0499999999999995,-19.3));
#2232=CARTESIAN_POINT('Origin',(2.4,-0.0499999999999995,-18.5));
#2233=CARTESIAN_POINT('Origin',(1.2,-3.75,-18.9));
#2234=CARTESIAN_POINT('',(-2.4,-3.35,-19.3));
#2235=CARTESIAN_POINT('',(1.2,-4.15,-18.5));
#2236=CARTESIAN_POINT('Origin',(-2.4,0.05,0.));
#2237=CARTESIAN_POINT('',(-5.,3.22017349682947,-14.7));
#2238=CARTESIAN_POINT('',(-5.,3.22017349682947,-14.6));
#2239=CARTESIAN_POINT('',(-5.,3.22017349682947,0.));
#2240=CARTESIAN_POINT('',(-5.,3.22017349682947,0.));
#2241=CARTESIAN_POINT('',(-6.5,0.0500000000000003,-0.8));
#2242=CARTESIAN_POINT('',(-6.5,0.0500000000000003,0.));
#2243=CARTESIAN_POINT('Origin',(-2.4,0.05,-0.8));
#2244=CARTESIAN_POINT('',(-2.7,4.13900966005217,-12.3));
#2245=CARTESIAN_POINT('Origin',(-2.4,0.05,-12.3));
#2246=CARTESIAN_POINT('Ctrl Pts',(-5.,3.22017349682947,-14.6));
#2247=CARTESIAN_POINT('Ctrl Pts',(-5.,3.22017349682947,-14.3008670672076));
#2248=CARTESIAN_POINT('Ctrl Pts',(-4.93862515984647,3.27280318995595,-13.9912829239546));
#2249=CARTESIAN_POINT('Ctrl Pts',(-4.70431739703446,3.44428887460112,-13.4317988283382));
#2250=CARTESIAN_POINT('Ctrl Pts',(-4.53144084988561,3.55953866013733,-13.1807763151805));
#2251=CARTESIAN_POINT('Ctrl Pts',(-4.13543196750252,3.77145713874034,-12.7807748530749));
#2252=CARTESIAN_POINT('Ctrl Pts',(-3.88218204061161,3.88417934366228,-12.6032010071905));
#2253=CARTESIAN_POINT('Ctrl Pts',(-3.31547649139458,4.05745527954595,-12.3626020438821));
#2254=CARTESIAN_POINT('Ctrl Pts',(-3.00149967379367,4.11688941342577,-12.3));
#2255=CARTESIAN_POINT('Ctrl Pts',(-2.7,4.13900966005217,-12.3));
#2256=CARTESIAN_POINT('Origin',(-6.5,-0.0499999999999995,0.));
#2257=CARTESIAN_POINT('',(-6.5,-0.0499999999999995,-0.8));
#2258=CARTESIAN_POINT('',(-6.5,-0.0499999999999995,0.));
#2259=CARTESIAN_POINT('',(-6.5,-0.0249999999999997,-0.8));
#2260=CARTESIAN_POINT('Origin',(-2.4,-0.0499999999999995,0.));
#2261=CARTESIAN_POINT('',(-2.4,-4.15,-0.8));
#2262=CARTESIAN_POINT('',(-2.4,-4.15,0.));
#2263=CARTESIAN_POINT('Origin',(-2.4,-0.0499999999999995,-0.8));
#2264=CARTESIAN_POINT('Origin',(-1.2,3.75,-0.4));
#2265=CARTESIAN_POINT('',(-2.4,3.35,0.));
#2266=CARTESIAN_POINT('',(-2.4,4.15,-0.8));
#2267=CARTESIAN_POINT('',(2.4,3.35,0.));
#2268=CARTESIAN_POINT('',(2.4,3.35,0.));
#2269=CARTESIAN_POINT('',(2.4,3.35,0.));
#2270=CARTESIAN_POINT('Origin',(-2.4,0.05,-0.4));
#2271=CARTESIAN_POINT('',(-5.7,0.0500000000000002,0.));
#2272=CARTESIAN_POINT('',(-6.5,0.0500000000000003,-0.8));
#2273=CARTESIAN_POINT('Origin',(-2.4,0.05,0.));
#2274=CARTESIAN_POINT('Origin',(-6.1,-0.0249999999999997,-0.4));
#2275=CARTESIAN_POINT('',(-5.7,-0.0499999999999995,0.));
#2276=CARTESIAN_POINT('',(-6.5,-0.0499999999999995,-0.8));
#2277=CARTESIAN_POINT('',(-5.7,0.0500000000000002,0.));
#2278=CARTESIAN_POINT('Origin',(-2.4,-0.0499999999999995,-0.4));
#2279=CARTESIAN_POINT('',(-2.4,-3.35,0.));
#2280=CARTESIAN_POINT('',(-2.4,-4.15,-0.8));
#2281=CARTESIAN_POINT('Origin',(-2.4,-0.0499999999999995,0.));
#2282=CARTESIAN_POINT('Origin',(1.2,-3.75,-0.4));
#2283=CARTESIAN_POINT('',(2.4,-4.15,-0.8));
#2284=CARTESIAN_POINT('',(2.4,-3.35,0.));
#2285=CARTESIAN_POINT('',(2.4,-4.15,-0.8));
#2286=CARTESIAN_POINT('',(-2.4,-3.35,0.));
#2287=CARTESIAN_POINT('',(1.2,-4.15,-0.8));
#2288=CARTESIAN_POINT('Origin',(2.4,-0.0499999999999995,-0.4));
#2289=CARTESIAN_POINT('',(6.5,-0.0499999999999988,-0.8));
#2290=CARTESIAN_POINT('',(5.7,-0.049999999999999,0.));
#2291=CARTESIAN_POINT('',(6.5,-0.0499999999999988,-0.8));
#2292=CARTESIAN_POINT('Origin',(2.4,-0.0499999999999995,0.));
#2293=CARTESIAN_POINT('Origin',(2.4,-0.0499999999999995,-0.8));
#2294=CARTESIAN_POINT('Origin',(6.1,0.0250000000000004,-0.4));
#2295=CARTESIAN_POINT('',(5.7,0.0500000000000009,0.));
#2296=CARTESIAN_POINT('',(6.5,0.0500000000000009,-0.8));
#2297=CARTESIAN_POINT('',(5.7,-0.049999999999999,0.));
#2298=CARTESIAN_POINT('',(6.5,0.0250000000000004,-0.8));
#2299=CARTESIAN_POINT('Origin',(2.4,0.0500000000000006,-0.4));
#2300=CARTESIAN_POINT('Origin',(2.4,0.0500000000000006,0.));
#2301=CARTESIAN_POINT('Origin',(2.4,-4.15,0.));
#2302=CARTESIAN_POINT('',(2.4,-4.15,0.));
#2303=CARTESIAN_POINT('Origin',(2.4,-0.0499999999999995,0.));
#2304=CARTESIAN_POINT('',(6.5,-0.0499999999999988,0.));
#2305=CARTESIAN_POINT('Origin',(6.5,0.0500000000000009,0.));
#2306=CARTESIAN_POINT('Origin',(2.7,4.15,-14.6));
#2307=CARTESIAN_POINT('',(5.,4.15,-14.6));
#2308=CARTESIAN_POINT('',(2.7,4.15,-12.3));
#2309=CARTESIAN_POINT('Origin',(5.,4.15,-14.7));
#2310=CARTESIAN_POINT('',(5.,4.15,-14.7));
#2311=CARTESIAN_POINT('Origin',(2.7,4.15,-14.7));
#2312=CARTESIAN_POINT('',(2.7,2.05,-17.));
#2313=CARTESIAN_POINT('',(5.,2.05,-14.7));
#2314=CARTESIAN_POINT('Origin',(2.7,2.05,-14.7));
#2315=CARTESIAN_POINT('',(2.7,4.15,-17.));
#2316=CARTESIAN_POINT('',(5.,4.15,-14.7));
#2317=CARTESIAN_POINT('Origin',(-2.7,4.15,-17.));
#2318=CARTESIAN_POINT('',(-2.7,2.05,-17.));
#2319=CARTESIAN_POINT('',(-1.35,2.05,-17.));
#2320=CARTESIAN_POINT('',(-2.7,4.15,-17.));
#2321=CARTESIAN_POINT('Origin',(-2.7,4.15,-14.6));
#2322=CARTESIAN_POINT('',(-2.7,4.15,-12.3));
#2323=CARTESIAN_POINT('',(-5.,4.15,-14.6));
#2324=CARTESIAN_POINT('Origin',(-2.7,4.15,-14.7));
#2325=CARTESIAN_POINT('',(-5.,2.05,-14.7));
#2326=CARTESIAN_POINT('Origin',(-2.7,2.05,-14.7));
#2327=CARTESIAN_POINT('',(-5.,4.15,-14.7));
#2328=CARTESIAN_POINT('',(-5.,4.15,-14.7));
#2329=CARTESIAN_POINT('Origin',(-5.,4.15,-14.6));
#2330=CARTESIAN_POINT('Origin',(2.7,4.15,-12.3));
#2331=CARTESIAN_POINT('Origin',(0.,4.15,-14.65));
#2332=CARTESIAN_POINT('Origin',(5.,4.15,-19.3));
#2333=CARTESIAN_POINT('',(5.,2.05,-19.3));
#2334=CARTESIAN_POINT('',(5.,2.075,-19.3));
#2335=CARTESIAN_POINT('',(5.,2.05,-14.6));
#2336=CARTESIAN_POINT('Origin',(-5.,4.15,-14.6));
#2337=CARTESIAN_POINT('',(-5.,2.05,-19.3));
#2338=CARTESIAN_POINT('',(-5.,2.05,-14.65));
#2339=CARTESIAN_POINT('',(-5.,2.075,-19.3));
#2340=CARTESIAN_POINT('Origin',(0.,2.05,-15.8));
#2341=CARTESIAN_POINT('',(0.,2.05,-19.3));
#2342=CARTESIAN_POINT('Origin',(0.,0.,-19.3));
#2343=CARTESIAN_POINT('Origin',(-3.09500000000012,-0.350000000000002,0.));
#2344=CARTESIAN_POINT('',(-3.09500000000012,-0.350000000000002,0.));
#2345=CARTESIAN_POINT('',(3.09499999999988,-0.350000000000002,0.));
#2346=CARTESIAN_POINT('',(-1.54750000000006,-0.350000000000002,0.));
#2347=CARTESIAN_POINT('',(-3.09500000000012,-0.350000000000002,-6.));
#2348=CARTESIAN_POINT('',(-3.09500000000012,-0.350000000000002,0.));
#2349=CARTESIAN_POINT('',(3.09499999999988,-0.350000000000002,-6.));
#2350=CARTESIAN_POINT('',(3.09499999999988,-0.350000000000002,-6.));
#2351=CARTESIAN_POINT('',(3.09499999999988,-0.350000000000002,0.));
#2352=CARTESIAN_POINT('Origin',(-3.09500000000012,-0.100000000000002,0.));
#2353=CARTESIAN_POINT('',(-3.34500000000012,-0.100000000000002,0.));
#2354=CARTESIAN_POINT('Origin',(-3.09500000000012,-0.100000000000002,0.));
#2355=CARTESIAN_POINT('',(-3.34500000000012,-0.100000000000002,-6.));
#2356=CARTESIAN_POINT('',(-3.34500000000012,-0.100000000000002,0.));
#2357=CARTESIAN_POINT('Origin',(-3.09500000000012,-0.100000000000002,-6.));
#2358=CARTESIAN_POINT('Origin',(-3.34500000000012,0.0999999999999979,0.));
#2359=CARTESIAN_POINT('',(-3.34500000000012,0.099999999999998,0.));
#2360=CARTESIAN_POINT('',(-3.34500000000012,0.0499999999999943,0.));
#2361=CARTESIAN_POINT('',(-3.34500000000012,0.099999999999998,-6.));
#2362=CARTESIAN_POINT('',(-3.34500000000012,0.099999999999998,0.));
#2363=CARTESIAN_POINT('',(-3.34500000000012,-0.100000000000002,-6.));
#2364=CARTESIAN_POINT('Origin',(-3.09500000000012,0.0999999999999979,0.));
#2365=CARTESIAN_POINT('',(-3.09500000000012,0.349999999999998,0.));
#2366=CARTESIAN_POINT('Origin',(-3.09500000000012,0.0999999999999979,0.));
#2367=CARTESIAN_POINT('',(-3.09500000000012,0.349999999999998,-6.));
#2368=CARTESIAN_POINT('',(-3.09500000000012,0.349999999999998,0.));
#2369=CARTESIAN_POINT('Origin',(-3.09500000000012,0.0999999999999979,-6.));
#2370=CARTESIAN_POINT('Origin',(3.09499999999988,0.349999999999998,0.));
#2371=CARTESIAN_POINT('',(3.09499999999988,0.349999999999998,0.));
#2372=CARTESIAN_POINT('',(1.54749999999994,0.349999999999998,0.));
#2373=CARTESIAN_POINT('',(3.09499999999988,0.349999999999998,-6.));
#2374=CARTESIAN_POINT('',(3.09499999999988,0.349999999999998,0.));
#2375=CARTESIAN_POINT('',(-3.09500000000012,0.349999999999998,-6.));
#2376=CARTESIAN_POINT('Origin',(3.09499999999988,0.0999999999999981,0.));
#2377=CARTESIAN_POINT('',(3.34499999999988,0.0999999999999979,0.));
#2378=CARTESIAN_POINT('Origin',(3.09499999999988,0.0999999999999981,0.));
#2379=CARTESIAN_POINT('',(3.34499999999988,0.0999999999999979,-6.));
#2380=CARTESIAN_POINT('',(3.34499999999988,0.0999999999999979,0.));
#2381=CARTESIAN_POINT('Origin',(3.09499999999988,0.0999999999999981,-6.));
#2382=CARTESIAN_POINT('Origin',(3.34499999999988,-0.100000000000002,0.));
#2383=CARTESIAN_POINT('',(3.34499999999988,-0.100000000000002,0.));
#2384=CARTESIAN_POINT('',(3.34499999999988,-0.050000000000001,0.));
#2385=CARTESIAN_POINT('',(3.34499999999988,-0.100000000000002,-6.));
#2386=CARTESIAN_POINT('',(3.34499999999988,-0.100000000000002,0.));
#2387=CARTESIAN_POINT('',(3.34499999999988,0.0999999999999979,-6.));
#2388=CARTESIAN_POINT('Origin',(3.09499999999988,-0.100000000000002,0.));
#2389=CARTESIAN_POINT('Origin',(3.09499999999988,-0.100000000000002,0.));
#2390=CARTESIAN_POINT('Origin',(3.09499999999988,-0.100000000000002,-6.));
#2391=CARTESIAN_POINT('Origin',(-3.97,-0.779999999999999,0.));
#2392=CARTESIAN_POINT('',(-3.97,-0.779999999999999,-6.));
#2393=CARTESIAN_POINT('',(-3.97,-0.779999999999999,0.));
#2394=CARTESIAN_POINT('',(-3.97,-0.779999999999999,-6.));
#2395=CARTESIAN_POINT('Origin',(-3.67,-0.779999999999999,0.));
#2396=CARTESIAN_POINT('',(-3.67,-1.08,-6.));
#2397=CARTESIAN_POINT('',(-3.67,-1.08,0.));
#2398=CARTESIAN_POINT('Origin',(-3.67,-0.779999999999999,-6.));
#2399=CARTESIAN_POINT('Origin',(3.67,-1.08,0.));
#2400=CARTESIAN_POINT('',(3.67,-1.08,-6.));
#2401=CARTESIAN_POINT('',(3.67,-1.08,0.));
#2402=CARTESIAN_POINT('',(3.67,-1.08,-6.));
#2403=CARTESIAN_POINT('Origin',(3.67,-0.779999999999999,0.));
#2404=CARTESIAN_POINT('Origin',(3.67,-0.779999999999999,-6.));
#2405=CARTESIAN_POINT('Origin',(0.,1.38777878078145E-16,-6.));
#2406=CARTESIAN_POINT('Origin',(0.,0.,0.));
#2407=CARTESIAN_POINT('Origin',(0.,0.,0.));
#2408=UNCERTAINTY_MEASURE_WITH_UNIT(LENGTH_MEASURE(0.01),#2412,
'DISTANCE_ACCURACY_VALUE',
'Maximum model space distance between geometric entities at asserted c
onnectivities');
#2409=UNCERTAINTY_MEASURE_WITH_UNIT(LENGTH_MEASURE(0.01),#2412,
'DISTANCE_ACCURACY_VALUE',
'Maximum model space distance between geometric entities at asserted c
onnectivities');
#2410=(
GEOMETRIC_REPRESENTATION_CONTEXT(3)
GLOBAL_UNCERTAINTY_ASSIGNED_CONTEXT((#2408))
GLOBAL_UNIT_ASSIGNED_CONTEXT((#2412,#2414,#2415))
REPRESENTATION_CONTEXT('','3D')
);
#2411=(
GEOMETRIC_REPRESENTATION_CONTEXT(3)
GLOBAL_UNCERTAINTY_ASSIGNED_CONTEXT((#2409))
GLOBAL_UNIT_ASSIGNED_CONTEXT((#2412,#2414,#2415))
REPRESENTATION_CONTEXT('','3D')
);
#2412=(
LENGTH_UNIT()
NAMED_UNIT(*)
SI_UNIT(.MILLI.,.METRE.)
);
#2413=(
LENGTH_UNIT()
NAMED_UNIT(*)
SI_UNIT($,.METRE.)
);
#2414=(
NAMED_UNIT(*)
PLANE_ANGLE_UNIT()
SI_UNIT($,.RADIAN.)
);
#2415=(
NAMED_UNIT(*)
SI_UNIT($,.STERADIAN.)
SOLID_ANGLE_UNIT()
);
#2416=SHAPE_DEFINITION_REPRESENTATION(#2417,#2418);
#2417=PRODUCT_DEFINITION_SHAPE('',$,#2420);
#2418=SHAPE_REPRESENTATION('',(#1442),#2410);
#2419=PRODUCT_DEFINITION_CONTEXT('part definition',#2424,'design');
#2420=PRODUCT_DEFINITION(
'USB C 90\X\B0 Adapter Type C Female to Male Right Angle',
'USB C 90\X\B0 Adapter Type C Female to Male Right Angle v3',#2421,#2419);
#2421=PRODUCT_DEFINITION_FORMATION('',$,#2426);
#2422=PRODUCT_RELATED_PRODUCT_CATEGORY(
'USB C 90\X\B0 Adapter Type C Female to Male Right Angle v3',
'USB C 90\X\B0 Adapter Type C Female to Male Right Angle v3',(#2426));
#2423=APPLICATION_PROTOCOL_DEFINITION('international standard',
'automotive_design',2009,#2424);
#2424=APPLICATION_CONTEXT(
'Core Data for Automotive Mechanical Design Process');
#2425=PRODUCT_CONTEXT('part definition',#2424,'mechanical');
#2426=PRODUCT('USB C 90\X\B0 Adapter Type C Female to Male Right Angle',
'USB C 90\X\B0 Adapter Type C Female to Male Right Angle v3',$,(#2425));
#2427=PRESENTATION_STYLE_ASSIGNMENT((#2432));
#2428=PRESENTATION_STYLE_ASSIGNMENT((#2433));
#2429=PRESENTATION_STYLE_ASSIGNMENT((#2434));
#2430=PRESENTATION_STYLE_ASSIGNMENT((#2435));
#2431=PRESENTATION_STYLE_ASSIGNMENT((#2436));
#2432=SURFACE_STYLE_USAGE(.BOTH.,#2437);
#2433=SURFACE_STYLE_USAGE(.BOTH.,#2438);
#2434=SURFACE_STYLE_USAGE(.BOTH.,#2439);
#2435=SURFACE_STYLE_USAGE(.BOTH.,#2440);
#2436=SURFACE_STYLE_USAGE(.BOTH.,#2441);
#2437=SURFACE_SIDE_STYLE('',(#2442));
#2438=SURFACE_SIDE_STYLE('',(#2443));
#2439=SURFACE_SIDE_STYLE('',(#2444));
#2440=SURFACE_SIDE_STYLE('',(#2445));
#2441=SURFACE_SIDE_STYLE('',(#2446));
#2442=SURFACE_STYLE_FILL_AREA(#2447);
#2443=SURFACE_STYLE_FILL_AREA(#2448);
#2444=SURFACE_STYLE_FILL_AREA(#2449);
#2445=SURFACE_STYLE_FILL_AREA(#2450);
#2446=SURFACE_STYLE_FILL_AREA(#2451);
#2447=FILL_AREA_STYLE('ABS (White)',(#2452));
#2448=FILL_AREA_STYLE('ABS (Black)',(#2453));
#2449=FILL_AREA_STYLE('Aluminum - Polished',(#2454));
#2450=FILL_AREA_STYLE('Gold - Polished',(#2455));
#2451=FILL_AREA_STYLE('Aluminum - Anodized Glossy (Blue)',(#2456));
#2452=FILL_AREA_STYLE_COLOUR('ABS (White)',#2457);
#2453=FILL_AREA_STYLE_COLOUR('ABS (Black)',#2458);
#2454=FILL_AREA_STYLE_COLOUR('Aluminum - Polished',#2459);
#2455=FILL_AREA_STYLE_COLOUR('Gold - Polished',#2460);
#2456=FILL_AREA_STYLE_COLOUR('Aluminum - Anodized Glossy (Blue)',#2461);
#2457=COLOUR_RGB('ABS (White)',0.964705882352941,0.964705882352941,0.952941176470588);
#2458=COLOUR_RGB('ABS (Black)',0.,0.,0.);
#2459=COLOUR_RGB('Aluminum - Polished',0.96078431372549,0.96078431372549,
0.964705882352941);
#2460=COLOUR_RGB('Gold - Polished',0.956862745098039,0.898039215686275,
0.654901960784314);
#2461=COLOUR_RGB('Aluminum - Anodized Glossy (Blue)',0.168627450980392,
0.149019607843137,0.450980392156863);
ENDSEC;
END-ISO-10303-21;
