ISO-10303-21;
HEADER;
FILE_DESCRIPTION((''),'2;1');
FILE_NAME('D-NE8FDX-P6','2018-02-21T',('odo'),(''),
'CREO PARAMETRIC BY PTC INC, 2017020','CREO PARAMETRIC BY PTC INC, 2017020','');
FILE_SCHEMA(('CONFIG_CONTROL_DESIGN'));
ENDSEC;
DATA;
#1=DIRECTION('',(0.E0,-1.E0,0.E0));
#2=VECTOR('',#1,6.8E0);
#3=CARTESIAN_POINT('',(5.9E0,2.45E0,-2.99E1));
#4=LINE('',#3,#2);
#5=DIRECTION('',(-1.E0,0.E0,0.E0));
#6=VECTOR('',#5,2.6E0);
#7=CARTESIAN_POINT('',(5.9E0,-4.35E0,-2.99E1));
#8=LINE('',#7,#6);
#9=DIRECTION('',(0.E0,-1.E0,0.E0));
#10=VECTOR('',#9,2.E0);
#11=CARTESIAN_POINT('',(3.3E0,-4.35E0,-2.99E1));
#12=LINE('',#11,#10);
#13=DIRECTION('',(-1.E0,0.E0,0.E0));
#14=VECTOR('',#13,1.45E0);
#15=CARTESIAN_POINT('',(3.3E0,-6.35E0,-2.99E1));
#16=LINE('',#15,#14);
#17=DIRECTION('',(0.E0,-1.E0,0.E0));
#18=VECTOR('',#17,1.3E0);
#19=CARTESIAN_POINT('',(1.85E0,-6.35E0,-2.99E1));
#20=LINE('',#19,#18);
#21=DIRECTION('',(-1.E0,0.E0,0.E0));
#22=VECTOR('',#21,3.7E0);
#23=CARTESIAN_POINT('',(1.85E0,-7.65E0,-2.99E1));
#24=LINE('',#23,#22);
#25=DIRECTION('',(0.E0,1.E0,0.E0));
#26=VECTOR('',#25,1.3E0);
#27=CARTESIAN_POINT('',(-1.85E0,-7.65E0,-2.99E1));
#28=LINE('',#27,#26);
#29=DIRECTION('',(-1.E0,0.E0,0.E0));
#30=VECTOR('',#29,1.45E0);
#31=CARTESIAN_POINT('',(-1.85E0,-6.35E0,-2.99E1));
#32=LINE('',#31,#30);
#33=DIRECTION('',(0.E0,1.E0,0.E0));
#34=VECTOR('',#33,2.E0);
#35=CARTESIAN_POINT('',(-3.3E0,-6.35E0,-2.99E1));
#36=LINE('',#35,#34);
#37=DIRECTION('',(-1.E0,0.E0,0.E0));
#38=VECTOR('',#37,2.6E0);
#39=CARTESIAN_POINT('',(-3.3E0,-4.35E0,-2.99E1));
#40=LINE('',#39,#38);
#41=DIRECTION('',(0.E0,1.E0,0.E0));
#42=VECTOR('',#41,6.8E0);
#43=CARTESIAN_POINT('',(-5.9E0,-4.35E0,-2.99E1));
#44=LINE('',#43,#42);
#45=DIRECTION('',(1.E0,0.E0,0.E0));
#46=VECTOR('',#45,1.18E1);
#47=CARTESIAN_POINT('',(-5.9E0,2.45E0,-2.99E1));
#48=LINE('',#47,#46);
#49=DIRECTION('',(0.E0,1.E0,0.E0));
#50=VECTOR('',#49,9.420721840708E0);
#51=CARTESIAN_POINT('',(8.25E0,-5.910360920354E0,-2.99E1));
#52=LINE('',#51,#50);
#53=CARTESIAN_POINT('',(0.E0,-1.2E0,-2.99E1));
#54=DIRECTION('',(0.E0,0.E0,-1.E0));
#55=DIRECTION('',(5.052631578947E-1,8.629653186972E-1,0.E0));
#56=AXIS2_PLACEMENT_3D('',#53,#54,#55);
#58=DIRECTION('',(0.E0,1.E0,0.E0));
#59=VECTOR('',#58,3.501829472376E0);
#60=CARTESIAN_POINT('',(4.8E0,6.998170527624E0,-2.99E1));
#61=LINE('',#60,#59);
#62=DIRECTION('',(-1.E0,0.E0,0.E0));
#63=VECTOR('',#62,9.6E0);
#64=CARTESIAN_POINT('',(4.8E0,1.05E1,-2.99E1));
#65=LINE('',#64,#63);
#66=DIRECTION('',(0.E0,-1.E0,0.E0));
#67=VECTOR('',#66,3.501829472376E0);
#68=CARTESIAN_POINT('',(-4.8E0,1.05E1,-2.99E1));
#69=LINE('',#68,#67);
#70=CARTESIAN_POINT('',(0.E0,-1.2E0,-2.99E1));
#71=DIRECTION('',(0.E0,0.E0,-1.E0));
#72=DIRECTION('',(-8.684210526316E-1,4.958274653004E-1,0.E0));
#73=AXIS2_PLACEMENT_3D('',#70,#71,#72);
#75=DIRECTION('',(0.E0,-1.E0,0.E0));
#76=VECTOR('',#75,9.420721840708E0);
#77=CARTESIAN_POINT('',(-8.25E0,3.510360920354E0,-2.99E1));
#78=LINE('',#77,#76);
#79=CARTESIAN_POINT('',(0.E0,-1.2E0,-2.99E1));
#80=DIRECTION('',(0.E0,0.E0,-1.E0));
#81=DIRECTION('',(8.684210526316E-1,-4.958274653004E-1,0.E0));
#82=AXIS2_PLACEMENT_3D('',#79,#80,#81);
#84=DIRECTION('',(0.E0,0.E0,1.E0));
#85=VECTOR('',#84,1.55E1);
#86=CARTESIAN_POINT('',(5.9E0,2.45E0,-2.99E1));
#87=LINE('',#86,#85);
#88=DIRECTION('',(0.E0,0.E0,1.E0));
#89=VECTOR('',#88,1.55E1);
#90=CARTESIAN_POINT('',(-5.9E0,2.45E0,-2.99E1));
#91=LINE('',#90,#89);
#92=DIRECTION('',(0.E0,0.E0,1.E0));
#93=VECTOR('',#92,1.55E1);
#94=CARTESIAN_POINT('',(-5.9E0,-4.35E0,-2.99E1));
#95=LINE('',#94,#93);
#96=DIRECTION('',(0.E0,0.E0,1.E0));
#97=VECTOR('',#96,1.55E1);
#98=CARTESIAN_POINT('',(-3.3E0,-4.35E0,-2.99E1));
#99=LINE('',#98,#97);
#100=DIRECTION('',(0.E0,0.E0,1.E0));
#101=VECTOR('',#100,1.55E1);
#102=CARTESIAN_POINT('',(-3.3E0,-6.35E0,-2.99E1));
#103=LINE('',#102,#101);
#104=DIRECTION('',(0.E0,0.E0,1.E0));
#105=VECTOR('',#104,1.55E1);
#106=CARTESIAN_POINT('',(-1.85E0,-6.35E0,-2.99E1));
#107=LINE('',#106,#105);
#108=DIRECTION('',(0.E0,0.E0,1.E0));
#109=VECTOR('',#108,1.55E1);
#110=CARTESIAN_POINT('',(-1.85E0,-7.65E0,-2.99E1));
#111=LINE('',#110,#109);
#112=DIRECTION('',(0.E0,0.E0,1.E0));
#113=VECTOR('',#112,1.55E1);
#114=CARTESIAN_POINT('',(1.85E0,-7.65E0,-2.99E1));
#115=LINE('',#114,#113);
#116=DIRECTION('',(0.E0,0.E0,1.E0));
#117=VECTOR('',#116,1.55E1);
#118=CARTESIAN_POINT('',(1.85E0,-6.35E0,-2.99E1));
#119=LINE('',#118,#117);
#120=DIRECTION('',(0.E0,0.E0,1.E0));
#121=VECTOR('',#120,1.55E1);
#122=CARTESIAN_POINT('',(3.3E0,-6.35E0,-2.99E1));
#123=LINE('',#122,#121);
#124=DIRECTION('',(0.E0,0.E0,1.E0));
#125=VECTOR('',#124,1.55E1);
#126=CARTESIAN_POINT('',(3.3E0,-4.35E0,-2.99E1));
#127=LINE('',#126,#125);
#128=DIRECTION('',(0.E0,0.E0,1.E0));
#129=VECTOR('',#128,1.55E1);
#130=CARTESIAN_POINT('',(5.9E0,-4.35E0,-2.99E1));
#131=LINE('',#130,#129);
#132=DIRECTION('',(0.E0,-1.E0,0.E0));
#133=VECTOR('',#132,6.8E0);
#134=CARTESIAN_POINT('',(5.9E0,2.45E0,-1.44E1));
#135=LINE('',#134,#133);
#136=DIRECTION('',(1.E0,0.E0,0.E0));
#137=VECTOR('',#136,1.18E1);
#138=CARTESIAN_POINT('',(-5.9E0,2.45E0,-1.44E1));
#139=LINE('',#138,#137);
#140=DIRECTION('',(0.E0,1.E0,0.E0));
#141=VECTOR('',#140,6.8E0);
#142=CARTESIAN_POINT('',(-5.9E0,-4.35E0,-1.44E1));
#143=LINE('',#142,#141);
#144=DIRECTION('',(-1.E0,0.E0,0.E0));
#145=VECTOR('',#144,2.6E0);
#146=CARTESIAN_POINT('',(-3.3E0,-4.35E0,-1.44E1));
#147=LINE('',#146,#145);
#148=DIRECTION('',(0.E0,1.E0,0.E0));
#149=VECTOR('',#148,2.E0);
#150=CARTESIAN_POINT('',(-3.3E0,-6.35E0,-1.44E1));
#151=LINE('',#150,#149);
#152=DIRECTION('',(-1.E0,0.E0,0.E0));
#153=VECTOR('',#152,1.45E0);
#154=CARTESIAN_POINT('',(-1.85E0,-6.35E0,-1.44E1));
#155=LINE('',#154,#153);
#156=DIRECTION('',(0.E0,1.E0,0.E0));
#157=VECTOR('',#156,1.3E0);
#158=CARTESIAN_POINT('',(-1.85E0,-7.65E0,-1.44E1));
#159=LINE('',#158,#157);
#160=DIRECTION('',(-1.E0,0.E0,0.E0));
#161=VECTOR('',#160,3.7E0);
#162=CARTESIAN_POINT('',(1.85E0,-7.65E0,-1.44E1));
#163=LINE('',#162,#161);
#164=DIRECTION('',(0.E0,-1.E0,0.E0));
#165=VECTOR('',#164,1.3E0);
#166=CARTESIAN_POINT('',(1.85E0,-6.35E0,-1.44E1));
#167=LINE('',#166,#165);
#168=DIRECTION('',(-1.E0,0.E0,0.E0));
#169=VECTOR('',#168,1.45E0);
#170=CARTESIAN_POINT('',(3.3E0,-6.35E0,-1.44E1));
#171=LINE('',#170,#169);
#172=DIRECTION('',(0.E0,-1.E0,0.E0));
#173=VECTOR('',#172,2.E0);
#174=CARTESIAN_POINT('',(3.3E0,-4.35E0,-1.44E1));
#175=LINE('',#174,#173);
#176=DIRECTION('',(-1.E0,0.E0,0.E0));
#177=VECTOR('',#176,2.6E0);
#178=CARTESIAN_POINT('',(5.9E0,-4.35E0,-1.44E1));
#179=LINE('',#178,#177);
#180=DIRECTION('',(0.E0,1.E0,0.E0));
#181=VECTOR('',#180,9.420721840708E0);
#182=CARTESIAN_POINT('',(8.25E0,-5.910360920354E0,-1.44E1));
#183=LINE('',#182,#181);
#184=CARTESIAN_POINT('',(0.E0,-1.2E0,-1.44E1));
#185=DIRECTION('',(0.E0,0.E0,1.E0));
#186=DIRECTION('',(-8.684210526316E-1,-4.958274653004E-1,0.E0));
#187=AXIS2_PLACEMENT_3D('',#184,#185,#186);
#189=DIRECTION('',(0.E0,-1.E0,0.E0));
#190=VECTOR('',#189,9.420721840708E0);
#191=CARTESIAN_POINT('',(-8.25E0,3.510360920354E0,-1.44E1));
#192=LINE('',#191,#190);
#193=CARTESIAN_POINT('',(0.E0,-1.2E0,-1.44E1));
#194=DIRECTION('',(0.E0,0.E0,1.E0));
#195=DIRECTION('',(-5.052631578947E-1,8.629653186972E-1,0.E0));
#196=AXIS2_PLACEMENT_3D('',#193,#194,#195);
#198=DIRECTION('',(0.E0,-1.E0,0.E0));
#199=VECTOR('',#198,3.501829472376E0);
#200=CARTESIAN_POINT('',(-4.8E0,1.05E1,-1.44E1));
#201=LINE('',#200,#199);
#202=DIRECTION('',(-1.E0,0.E0,0.E0));
#203=VECTOR('',#202,9.6E0);
#204=CARTESIAN_POINT('',(4.8E0,1.05E1,-1.44E1));
#205=LINE('',#204,#203);
#206=DIRECTION('',(0.E0,1.E0,0.E0));
#207=VECTOR('',#206,3.501829472376E0);
#208=CARTESIAN_POINT('',(4.8E0,6.998170527624E0,-1.44E1));
#209=LINE('',#208,#207);
#210=CARTESIAN_POINT('',(0.E0,-1.2E0,-1.44E1));
#211=DIRECTION('',(0.E0,0.E0,1.E0));
#212=DIRECTION('',(8.684210526316E-1,4.958274653004E-1,0.E0));
#213=AXIS2_PLACEMENT_3D('',#210,#211,#212);
#215=DIRECTION('',(0.E0,0.E0,1.E0));
#216=VECTOR('',#215,1.55E1);
#217=CARTESIAN_POINT('',(8.25E0,-5.910360920354E0,-2.99E1));
#218=LINE('',#217,#216);
#219=DIRECTION('',(0.E0,0.E0,1.E0));
#220=VECTOR('',#219,1.55E1);
#221=CARTESIAN_POINT('',(-8.25E0,-5.910360920354E0,-2.99E1));
#222=LINE('',#221,#220);
#223=DIRECTION('',(0.E0,0.E0,1.E0));
#224=VECTOR('',#223,1.55E1);
#225=CARTESIAN_POINT('',(-8.25E0,3.510360920354E0,-2.99E1));
#226=LINE('',#225,#224);
#227=DIRECTION('',(0.E0,0.E0,1.E0));
#228=VECTOR('',#227,1.55E1);
#229=CARTESIAN_POINT('',(-4.8E0,6.998170527624E0,-2.99E1));
#230=LINE('',#229,#228);
#231=DIRECTION('',(0.E0,0.E0,1.E0));
#232=VECTOR('',#231,1.55E1);
#233=CARTESIAN_POINT('',(-4.8E0,1.05E1,-2.99E1));
#234=LINE('',#233,#232);
#235=DIRECTION('',(0.E0,0.E0,1.E0));
#236=VECTOR('',#235,1.55E1);
#237=CARTESIAN_POINT('',(4.8E0,1.05E1,-2.99E1));
#238=LINE('',#237,#236);
#239=DIRECTION('',(0.E0,0.E0,1.E0));
#240=VECTOR('',#239,1.55E1);
#241=CARTESIAN_POINT('',(4.8E0,6.998170527624E0,-2.99E1));
#242=LINE('',#241,#240);
#243=DIRECTION('',(0.E0,0.E0,1.E0));
#244=VECTOR('',#243,1.55E1);
#245=CARTESIAN_POINT('',(8.25E0,3.510360920354E0,-2.99E1));
#246=LINE('',#245,#244);
#247=CARTESIAN_POINT('',(0.E0,0.E0,-1.44E1));
#248=DIRECTION('',(0.E0,0.E0,-1.E0));
#249=DIRECTION('',(0.E0,1.E0,0.E0));
#250=AXIS2_PLACEMENT_3D('',#247,#248,#249);
#252=CARTESIAN_POINT('',(0.E0,0.E0,-1.44E1));
#253=DIRECTION('',(0.E0,0.E0,-1.E0));
#254=DIRECTION('',(0.E0,-1.E0,0.E0));
#255=AXIS2_PLACEMENT_3D('',#252,#253,#254);
#257=DIRECTION('',(0.E0,0.E0,1.E0));
#258=VECTOR('',#257,1.44E1);
#259=CARTESIAN_POINT('',(0.E0,1.2E1,-1.44E1));
#260=LINE('',#259,#258);
#261=DIRECTION('',(0.E0,0.E0,1.E0));
#262=VECTOR('',#261,1.44E1);
#263=CARTESIAN_POINT('',(0.E0,-1.2E1,-1.44E1));
#264=LINE('',#263,#262);
#265=CARTESIAN_POINT('',(0.E0,0.E0,0.E0));
#266=DIRECTION('',(0.E0,0.E0,-1.E0));
#267=DIRECTION('',(0.E0,1.E0,0.E0));
#268=AXIS2_PLACEMENT_3D('',#265,#266,#267);
#270=CARTESIAN_POINT('',(0.E0,0.E0,0.E0));
#271=DIRECTION('',(0.E0,0.E0,1.E0));
#272=DIRECTION('',(0.E0,1.E0,0.E0));
#273=AXIS2_PLACEMENT_3D('',#270,#271,#272);
#275=CARTESIAN_POINT('',(-9.5E0,1.2E1,0.E0));
#276=DIRECTION('',(0.E0,0.E0,1.E0));
#277=DIRECTION('',(1.E0,0.E0,0.E0));
#278=AXIS2_PLACEMENT_3D('',#275,#276,#277);
#280=CARTESIAN_POINT('',(-9.5E0,1.2E1,0.E0));
#281=DIRECTION('',(0.E0,0.E0,1.E0));
#282=DIRECTION('',(-1.E0,0.E0,0.E0));
#283=AXIS2_PLACEMENT_3D('',#280,#281,#282);
#285=CARTESIAN_POINT('',(9.5E0,-1.2E1,0.E0));
#286=DIRECTION('',(0.E0,0.E0,1.E0));
#287=DIRECTION('',(1.E0,0.E0,0.E0));
#288=AXIS2_PLACEMENT_3D('',#285,#286,#287);
#290=CARTESIAN_POINT('',(9.5E0,-1.2E1,0.E0));
#291=DIRECTION('',(0.E0,0.E0,1.E0));
#292=DIRECTION('',(-1.E0,0.E0,0.E0));
#293=AXIS2_PLACEMENT_3D('',#290,#291,#292);
#295=DIRECTION('',(0.E0,1.E0,0.E0));
#296=VECTOR('',#295,2.4E1);
#297=CARTESIAN_POINT('',(-1.3E1,-1.2E1,0.E0));
#298=LINE('',#297,#296);
#299=CARTESIAN_POINT('',(-9.5E0,-1.2E1,0.E0));
#300=DIRECTION('',(0.E0,0.E0,1.E0));
#301=DIRECTION('',(-1.E0,0.E0,0.E0));
#302=AXIS2_PLACEMENT_3D('',#299,#300,#301);
#304=DIRECTION('',(-1.E0,0.E0,0.E0));
#305=VECTOR('',#304,1.9E1);
#306=CARTESIAN_POINT('',(9.5E0,-1.55E1,0.E0));
#307=LINE('',#306,#305);
#308=CARTESIAN_POINT('',(9.5E0,-1.2E1,0.E0));
#309=DIRECTION('',(0.E0,0.E0,1.E0));
#310=DIRECTION('',(0.E0,-1.E0,0.E0));
#311=AXIS2_PLACEMENT_3D('',#308,#309,#310);
#313=DIRECTION('',(0.E0,-1.E0,0.E0));
#314=VECTOR('',#313,2.4E1);
#315=CARTESIAN_POINT('',(1.3E1,1.2E1,0.E0));
#316=LINE('',#315,#314);
#317=CARTESIAN_POINT('',(9.5E0,1.2E1,0.E0));
#318=DIRECTION('',(0.E0,0.E0,1.E0));
#319=DIRECTION('',(1.E0,0.E0,0.E0));
#320=AXIS2_PLACEMENT_3D('',#317,#318,#319);
#322=DIRECTION('',(1.E0,0.E0,0.E0));
#323=VECTOR('',#322,1.9E1);
#324=CARTESIAN_POINT('',(-9.5E0,1.55E1,0.E0));
#325=LINE('',#324,#323);
#326=CARTESIAN_POINT('',(-9.5E0,1.2E1,0.E0));
#327=DIRECTION('',(0.E0,0.E0,1.E0));
#328=DIRECTION('',(0.E0,1.E0,0.E0));
#329=AXIS2_PLACEMENT_3D('',#326,#327,#328);
#331=CARTESIAN_POINT('',(-9.5E0,1.2E1,1.35E0));
#332=DIRECTION('',(0.E0,0.E0,1.E0));
#333=DIRECTION('',(1.E0,0.E0,0.E0));
#334=AXIS2_PLACEMENT_3D('',#331,#332,#333);
#336=DIRECTION('',(1.075465643624E-9,-1.833900276410E-9,-1.E0));
#337=VECTOR('',#336,1.349999998548E0);
#338=CARTESIAN_POINT('',(-7.750000001452E0,1.200000000248E1,1.349999998548E0));
#339=LINE('',#338,#337);
#340=DIRECTION('',(7.071067811865E-1,1.000360419868E-9,7.071067811865E-1));
#341=VECTOR('',#340,1.767766951500E0);
#342=CARTESIAN_POINT('',(-7.750000001452E0,1.200000000248E1,1.349999998548E0));
#343=LINE('',#342,#341);
#344=DIRECTION('',(-7.071067811865E-1,-1.000360419868E-9,7.071067811865E-1));
#345=VECTOR('',#344,1.767766951500E0);
#346=CARTESIAN_POINT('',(-1.124999999855E1,1.199999999752E1,1.349999998548E0));
#347=LINE('',#346,#345);
#348=CARTESIAN_POINT('',(-9.5E0,1.2E1,1.35E0));
#349=DIRECTION('',(0.E0,0.E0,1.E0));
#350=DIRECTION('',(-1.E0,0.E0,0.E0));
#351=AXIS2_PLACEMENT_3D('',#348,#349,#350);
#353=DIRECTION('',(-1.075466959444E-9,1.833900276410E-9,-1.E0));
#354=VECTOR('',#353,1.349999998548E0);
#355=CARTESIAN_POINT('',(-1.124999999855E1,1.199999999752E1,1.349999998548E0));
#356=LINE('',#355,#354);
#357=CARTESIAN_POINT('',(-9.5E0,1.2E1,2.6E0));
#358=DIRECTION('',(0.E0,0.E0,1.E0));
#359=DIRECTION('',(-1.E0,0.E0,0.E0));
#360=AXIS2_PLACEMENT_3D('',#357,#358,#359);
#362=DIRECTION('',(8.296450864830E-9,-1.414722549584E-8,-1.E0));
#363=VECTOR('',#362,3.000000024889E-1);
#364=CARTESIAN_POINT('',(-1.25E1,1.2E1,2.9E0));
#365=LINE('',#364,#363);
#366=CARTESIAN_POINT('',(-9.5E0,1.2E1,2.6E0));
#367=DIRECTION('',(0.E0,0.E0,1.E0));
#368=DIRECTION('',(1.E0,0.E0,0.E0));
#369=AXIS2_PLACEMENT_3D('',#366,#367,#368);
#371=DIRECTION('',(-8.296456786019E-9,1.414722549584E-8,-1.E0));
#372=VECTOR('',#371,3.000000024889E-1);
#373=CARTESIAN_POINT('',(-6.5E0,1.2E1,2.9E0));
#374=LINE('',#373,#372);
#375=DIRECTION('',(0.E0,-1.E0,0.E0));
#376=VECTOR('',#375,6.8E0);
#377=CARTESIAN_POINT('',(5.9E0,2.45E0,2.9E0));
#378=LINE('',#377,#376);
#379=DIRECTION('',(1.E0,0.E0,0.E0));
#380=VECTOR('',#379,1.18E1);
#381=CARTESIAN_POINT('',(-5.9E0,2.45E0,2.9E0));
#382=LINE('',#381,#380);
#383=DIRECTION('',(0.E0,1.E0,0.E0));
#384=VECTOR('',#383,6.8E0);
#385=CARTESIAN_POINT('',(-5.9E0,-4.35E0,2.9E0));
#386=LINE('',#385,#384);
#387=DIRECTION('',(-1.E0,0.E0,0.E0));
#388=VECTOR('',#387,2.6E0);
#389=CARTESIAN_POINT('',(-3.3E0,-4.35E0,2.9E0));
#390=LINE('',#389,#388);
#391=DIRECTION('',(0.E0,1.E0,0.E0));
#392=VECTOR('',#391,2.E0);
#393=CARTESIAN_POINT('',(-3.3E0,-6.35E0,2.9E0));
#394=LINE('',#393,#392);
#395=DIRECTION('',(-1.E0,0.E0,0.E0));
#396=VECTOR('',#395,1.45E0);
#397=CARTESIAN_POINT('',(-1.85E0,-6.35E0,2.9E0));
#398=LINE('',#397,#396);
#399=DIRECTION('',(0.E0,1.E0,0.E0));
#400=VECTOR('',#399,1.3E0);
#401=CARTESIAN_POINT('',(-1.85E0,-7.65E0,2.9E0));
#402=LINE('',#401,#400);
#403=DIRECTION('',(-1.E0,0.E0,0.E0));
#404=VECTOR('',#403,3.7E0);
#405=CARTESIAN_POINT('',(1.85E0,-7.65E0,2.9E0));
#406=LINE('',#405,#404);
#407=DIRECTION('',(0.E0,-1.E0,0.E0));
#408=VECTOR('',#407,1.3E0);
#409=CARTESIAN_POINT('',(1.85E0,-6.35E0,2.9E0));
#410=LINE('',#409,#408);
#411=DIRECTION('',(-1.E0,0.E0,0.E0));
#412=VECTOR('',#411,1.45E0);
#413=CARTESIAN_POINT('',(3.3E0,-6.35E0,2.9E0));
#414=LINE('',#413,#412);
#415=DIRECTION('',(0.E0,-1.E0,0.E0));
#416=VECTOR('',#415,2.E0);
#417=CARTESIAN_POINT('',(3.3E0,-4.35E0,2.9E0));
#418=LINE('',#417,#416);
#419=DIRECTION('',(-1.E0,0.E0,0.E0));
#420=VECTOR('',#419,2.6E0);
#421=CARTESIAN_POINT('',(5.9E0,-4.35E0,2.9E0));
#422=LINE('',#421,#420);
#423=CARTESIAN_POINT('',(-9.5E0,1.2E1,2.9E0));
#424=DIRECTION('',(0.E0,0.E0,1.E0));
#425=DIRECTION('',(1.E0,0.E0,0.E0));
#426=AXIS2_PLACEMENT_3D('',#423,#424,#425);
#428=CARTESIAN_POINT('',(-9.5E0,1.2E1,2.9E0));
#429=DIRECTION('',(0.E0,0.E0,1.E0));
#430=DIRECTION('',(-1.E0,0.E0,0.E0));
#431=AXIS2_PLACEMENT_3D('',#428,#429,#430);
#433=CARTESIAN_POINT('',(9.5E0,-1.2E1,2.9E0));
#434=DIRECTION('',(0.E0,0.E0,1.E0));
#435=DIRECTION('',(1.E0,0.E0,0.E0));
#436=AXIS2_PLACEMENT_3D('',#433,#434,#435);
#438=CARTESIAN_POINT('',(9.5E0,-1.2E1,2.9E0));
#439=DIRECTION('',(0.E0,0.E0,1.E0));
#440=DIRECTION('',(-1.E0,0.E0,0.E0));
#441=AXIS2_PLACEMENT_3D('',#438,#439,#440);
#443=DIRECTION('',(0.E0,1.E0,0.E0));
#444=VECTOR('',#443,9.512563607257E-1);
#445=CARTESIAN_POINT('',(2.25E0,8.748743639274E0,2.9E0));
#446=LINE('',#445,#444);
#447=CARTESIAN_POINT('',(2.75E0,9.7E0,2.9E0));
#448=DIRECTION('',(0.E0,0.E0,1.E0));
#449=DIRECTION('',(0.E0,1.E0,0.E0));
#450=AXIS2_PLACEMENT_3D('',#447,#448,#449);
#452=DIRECTION('',(1.E0,0.E0,0.E0));
#453=VECTOR('',#452,5.E-1);
#454=CARTESIAN_POINT('',(2.75E0,1.02E1,2.9E0));
#455=LINE('',#454,#453);
#456=CARTESIAN_POINT('',(3.25E0,1.22E1,2.9E0));
#457=DIRECTION('',(0.E0,0.E0,1.E0));
#458=DIRECTION('',(0.E0,-1.E0,0.E0));
#459=AXIS2_PLACEMENT_3D('',#456,#457,#458);
#461=DIRECTION('',(0.E0,1.E0,0.E0));
#462=VECTOR('',#461,2.3E0);
#463=CARTESIAN_POINT('',(5.25E0,1.22E1,2.9E0));
#464=LINE('',#463,#462);
#465=CARTESIAN_POINT('',(6.25E0,1.45E1,2.9E0));
#466=DIRECTION('',(0.E0,0.E0,1.E0));
#467=DIRECTION('',(-3.819167204711E-14,1.E0,0.E0));
#468=AXIS2_PLACEMENT_3D('',#465,#466,#467);
#470=DIRECTION('',(1.E0,0.E0,0.E0));
#471=VECTOR('',#470,3.25E0);
#472=CARTESIAN_POINT('',(6.25E0,1.55E1,2.9E0));
#473=LINE('',#472,#471);
#474=CARTESIAN_POINT('',(9.5E0,1.2E1,2.9E0));
#475=DIRECTION('',(0.E0,0.E0,1.E0));
#476=DIRECTION('',(1.E0,0.E0,0.E0));
#477=AXIS2_PLACEMENT_3D('',#474,#475,#476);
#479=DIRECTION('',(0.E0,-1.E0,0.E0));
#480=VECTOR('',#479,2.4E1);
#481=CARTESIAN_POINT('',(1.3E1,1.2E1,2.9E0));
#482=LINE('',#481,#480);
#483=CARTESIAN_POINT('',(9.5E0,-1.2E1,2.9E0));
#484=DIRECTION('',(0.E0,0.E0,1.E0));
#485=DIRECTION('',(0.E0,-1.E0,0.E0));
#486=AXIS2_PLACEMENT_3D('',#483,#484,#485);
#488=DIRECTION('',(-1.E0,0.E0,0.E0));
#489=VECTOR('',#488,1.9E1);
#490=CARTESIAN_POINT('',(9.5E0,-1.55E1,2.9E0));
#491=LINE('',#490,#489);
#492=CARTESIAN_POINT('',(-9.5E0,-1.2E1,2.9E0));
#493=DIRECTION('',(0.E0,0.E0,1.E0));
#494=DIRECTION('',(-1.E0,0.E0,0.E0));
#495=AXIS2_PLACEMENT_3D('',#492,#493,#494);
#497=DIRECTION('',(0.E0,1.E0,0.E0));
#498=VECTOR('',#497,2.4E1);
#499=CARTESIAN_POINT('',(-1.3E1,-1.2E1,2.9E0));
#500=LINE('',#499,#498);
#501=CARTESIAN_POINT('',(-9.5E0,1.2E1,2.9E0));
#502=DIRECTION('',(0.E0,0.E0,1.E0));
#503=DIRECTION('',(0.E0,1.E0,0.E0));
#504=AXIS2_PLACEMENT_3D('',#501,#502,#503);
#506=DIRECTION('',(1.E0,0.E0,0.E0));
#507=VECTOR('',#506,3.25E0);
#508=CARTESIAN_POINT('',(-9.5E0,1.55E1,2.9E0));
#509=LINE('',#508,#507);
#510=CARTESIAN_POINT('',(-6.25E0,1.45E1,2.9E0));
#511=DIRECTION('',(0.E0,0.E0,1.E0));
#512=DIRECTION('',(1.E0,0.E0,0.E0));
#513=AXIS2_PLACEMENT_3D('',#510,#511,#512);
#515=DIRECTION('',(0.E0,-1.E0,0.E0));
#516=VECTOR('',#515,2.3E0);
#517=CARTESIAN_POINT('',(-5.25E0,1.45E1,2.9E0));
#518=LINE('',#517,#516);
#519=CARTESIAN_POINT('',(-3.25E0,1.22E1,2.9E0));
#520=DIRECTION('',(0.E0,0.E0,1.E0));
#521=DIRECTION('',(-1.E0,0.E0,0.E0));
#522=AXIS2_PLACEMENT_3D('',#519,#520,#521);
#524=DIRECTION('',(1.E0,0.E0,0.E0));
#525=VECTOR('',#524,5.E-1);
#526=CARTESIAN_POINT('',(-3.25E0,1.02E1,2.9E0));
#527=LINE('',#526,#525);
#528=CARTESIAN_POINT('',(-2.75E0,9.7E0,2.9E0));
#529=DIRECTION('',(0.E0,0.E0,1.E0));
#530=DIRECTION('',(1.E0,0.E0,0.E0));
#531=AXIS2_PLACEMENT_3D('',#528,#529,#530);
#533=DIRECTION('',(0.E0,-1.E0,0.E0));
#534=VECTOR('',#533,9.512563607257E-1);
#535=CARTESIAN_POINT('',(-2.25E0,9.7E0,2.9E0));
#536=LINE('',#535,#534);
#537=CARTESIAN_POINT('',(0.E0,-1.2E0,2.9E0));
#538=DIRECTION('',(0.E0,0.E0,1.E0));
#539=DIRECTION('',(-6.561547678625E-1,7.546263450287E-1,0.E0));
#540=AXIS2_PLACEMENT_3D('',#537,#538,#539);
#542=CARTESIAN_POINT('',(-5.216430404506E0,4.799279442978E0,2.899999999999E0));
#543=DIRECTION('',(0.E0,0.E0,-1.E0));
#544=DIRECTION('',(7.847370556747E-1,6.198288097943E-1,0.E0));
#545=AXIS2_PLACEMENT_3D('',#542,#543,#544);
#547=CARTESIAN_POINT('',(-4.627877612750E0,5.264151050324E0,2.9E0));
#548=DIRECTION('',(0.E0,0.E0,1.E0));
#549=DIRECTION('',(8.396543170103E-1,5.431211908276E-1,0.E0));
#550=AXIS2_PLACEMENT_3D('',#547,#548,#549);
#552=CARTESIAN_POINT('',(-3.998136874993E0,5.671491943445E0,2.899999999999E0));
#553=DIRECTION('',(0.E0,0.E0,-1.E0));
#554=DIRECTION('',(5.029102987412E-1,-8.643386092383E-1,0.E0));
#555=AXIS2_PLACEMENT_3D('',#552,#553,#554);
#557=CARTESIAN_POINT('',(0.E0,-1.2E0,2.9E0));
#558=DIRECTION('',(0.E0,0.E0,1.E0));
#559=DIRECTION('',(5.029102987412E-1,8.643386092383E-1,0.E0));
#560=AXIS2_PLACEMENT_3D('',#557,#558,#559);
#562=CARTESIAN_POINT('',(3.998136874993E0,5.671491943445E0,2.899999999999E0));
#563=DIRECTION('',(0.E0,0.E0,-1.E0));
#564=DIRECTION('',(8.396543170103E-1,-5.431211908276E-1,0.E0));
#565=AXIS2_PLACEMENT_3D('',#562,#563,#564);
#567=CARTESIAN_POINT('',(4.627877612750E0,5.264151050324E0,2.9E0));
#568=DIRECTION('',(0.E0,0.E0,1.E0));
#569=DIRECTION('',(7.847370556747E-1,-6.198288097943E-1,0.E0));
#570=AXIS2_PLACEMENT_3D('',#567,#568,#569);
#572=CARTESIAN_POINT('',(5.216430404506E0,4.799279442978E0,2.899999999999E0));
#573=DIRECTION('',(0.E0,0.E0,-1.E0));
#574=DIRECTION('',(-6.561547678624E-1,-7.546263450287E-1,0.E0));
#575=AXIS2_PLACEMENT_3D('',#572,#573,#574);
#577=DIRECTION('',(0.E0,0.E0,1.E0));
#578=VECTOR('',#577,1.27E1);
#579=CARTESIAN_POINT('',(5.9E0,2.45E0,-9.8E0));
#580=LINE('',#579,#578);
#581=DIRECTION('',(0.E0,-1.E0,0.E0));
#582=VECTOR('',#581,6.8E0);
#583=CARTESIAN_POINT('',(5.9E0,2.45E0,-9.8E0));
#584=LINE('',#583,#582);
#585=DIRECTION('',(-1.E0,0.E0,0.E0));
#586=VECTOR('',#585,2.6E0);
#587=CARTESIAN_POINT('',(5.9E0,-4.35E0,-9.8E0));
#588=LINE('',#587,#586);
#589=DIRECTION('',(0.E0,-1.E0,0.E0));
#590=VECTOR('',#589,2.E0);
#591=CARTESIAN_POINT('',(3.3E0,-4.35E0,-9.8E0));
#592=LINE('',#591,#590);
#593=DIRECTION('',(-1.E0,0.E0,0.E0));
#594=VECTOR('',#593,1.45E0);
#595=CARTESIAN_POINT('',(3.3E0,-6.35E0,-9.8E0));
#596=LINE('',#595,#594);
#597=DIRECTION('',(0.E0,-1.E0,0.E0));
#598=VECTOR('',#597,1.3E0);
#599=CARTESIAN_POINT('',(1.85E0,-6.35E0,-9.8E0));
#600=LINE('',#599,#598);
#601=DIRECTION('',(-1.E0,0.E0,0.E0));
#602=VECTOR('',#601,3.7E0);
#603=CARTESIAN_POINT('',(1.85E0,-7.65E0,-9.8E0));
#604=LINE('',#603,#602);
#605=DIRECTION('',(0.E0,1.E0,0.E0));
#606=VECTOR('',#605,1.3E0);
#607=CARTESIAN_POINT('',(-1.85E0,-7.65E0,-9.8E0));
#608=LINE('',#607,#606);
#609=DIRECTION('',(-1.E0,0.E0,0.E0));
#610=VECTOR('',#609,1.45E0);
#611=CARTESIAN_POINT('',(-1.85E0,-6.35E0,-9.8E0));
#612=LINE('',#611,#610);
#613=DIRECTION('',(0.E0,1.E0,0.E0));
#614=VECTOR('',#613,2.E0);
#615=CARTESIAN_POINT('',(-3.3E0,-6.35E0,-9.8E0));
#616=LINE('',#615,#614);
#617=DIRECTION('',(-1.E0,0.E0,0.E0));
#618=VECTOR('',#617,2.6E0);
#619=CARTESIAN_POINT('',(-3.3E0,-4.35E0,-9.8E0));
#620=LINE('',#619,#618);
#621=DIRECTION('',(0.E0,1.E0,0.E0));
#622=VECTOR('',#621,6.8E0);
#623=CARTESIAN_POINT('',(-5.9E0,-4.35E0,-9.8E0));
#624=LINE('',#623,#622);
#625=DIRECTION('',(1.E0,0.E0,0.E0));
#626=VECTOR('',#625,1.18E1);
#627=CARTESIAN_POINT('',(-5.9E0,2.45E0,-9.8E0));
#628=LINE('',#627,#626);
#629=CARTESIAN_POINT('',(-4.627877612750E0,5.264151050324E0,-9.8E0));
#630=DIRECTION('',(0.E0,0.E0,1.E0));
#631=DIRECTION('',(8.396543170103E-1,5.431211908276E-1,0.E0));
#632=AXIS2_PLACEMENT_3D('',#629,#630,#631);
#634=CARTESIAN_POINT('',(0.E0,-1.2E0,-9.8E0));
#635=DIRECTION('',(0.E0,0.E0,1.E0));
#636=DIRECTION('',(-6.561547678625E-1,7.546263450287E-1,0.E0));
#637=AXIS2_PLACEMENT_3D('',#634,#635,#636);
#639=CARTESIAN_POINT('',(4.627877612750E0,5.264151050324E0,-9.8E0));
#640=DIRECTION('',(0.E0,0.E0,1.E0));
#641=DIRECTION('',(7.847370556747E-1,-6.198288097943E-1,0.E0));
#642=AXIS2_PLACEMENT_3D('',#639,#640,#641);
#644=CARTESIAN_POINT('',(0.E0,-1.2E0,-9.8E0));
#645=DIRECTION('',(0.E0,0.E0,1.E0));
#646=DIRECTION('',(5.029102987412E-1,8.643386092383E-1,0.E0));
#647=AXIS2_PLACEMENT_3D('',#644,#645,#646);
#649=CARTESIAN_POINT('',(0.E0,-1.2E0,-9.8E0));
#650=DIRECTION('',(0.E0,0.E0,1.E0));
#651=DIRECTION('',(-1.E0,0.E0,0.E0));
#652=AXIS2_PLACEMENT_3D('',#649,#650,#651);
#654=CARTESIAN_POINT('',(0.E0,-1.2E0,-9.8E0));
#655=DIRECTION('',(0.E0,0.E0,1.E0));
#656=DIRECTION('',(1.E0,0.E0,0.E0));
#657=AXIS2_PLACEMENT_3D('',#654,#655,#656);
#659=DIRECTION('',(0.E0,0.E0,1.E0));
#660=VECTOR('',#659,1.27E1);
#661=CARTESIAN_POINT('',(5.9E0,-4.35E0,-9.8E0));
#662=LINE('',#661,#660);
#663=DIRECTION('',(0.E0,0.E0,1.E0));
#664=VECTOR('',#663,1.27E1);
#665=CARTESIAN_POINT('',(3.3E0,-4.35E0,-9.8E0));
#666=LINE('',#665,#664);
#667=DIRECTION('',(0.E0,0.E0,1.E0));
#668=VECTOR('',#667,1.27E1);
#669=CARTESIAN_POINT('',(3.3E0,-6.35E0,-9.8E0));
#670=LINE('',#669,#668);
#671=DIRECTION('',(0.E0,0.E0,1.E0));
#672=VECTOR('',#671,1.27E1);
#673=CARTESIAN_POINT('',(1.85E0,-6.35E0,-9.8E0));
#674=LINE('',#673,#672);
#675=DIRECTION('',(0.E0,0.E0,1.E0));
#676=VECTOR('',#675,1.27E1);
#677=CARTESIAN_POINT('',(1.85E0,-7.65E0,-9.8E0));
#678=LINE('',#677,#676);
#679=DIRECTION('',(0.E0,0.E0,1.E0));
#680=VECTOR('',#679,1.27E1);
#681=CARTESIAN_POINT('',(-1.85E0,-7.65E0,-9.8E0));
#682=LINE('',#681,#680);
#683=DIRECTION('',(0.E0,0.E0,1.E0));
#684=VECTOR('',#683,1.27E1);
#685=CARTESIAN_POINT('',(-1.85E0,-6.35E0,-9.8E0));
#686=LINE('',#685,#684);
#687=DIRECTION('',(0.E0,0.E0,1.E0));
#688=VECTOR('',#687,1.27E1);
#689=CARTESIAN_POINT('',(-3.3E0,-6.35E0,-9.8E0));
#690=LINE('',#689,#688);
#691=DIRECTION('',(0.E0,0.E0,1.E0));
#692=VECTOR('',#691,1.27E1);
#693=CARTESIAN_POINT('',(-3.3E0,-4.35E0,-9.8E0));
#694=LINE('',#693,#692);
#695=DIRECTION('',(0.E0,0.E0,1.E0));
#696=VECTOR('',#695,1.27E1);
#697=CARTESIAN_POINT('',(-5.9E0,-4.35E0,-9.8E0));
#698=LINE('',#697,#696);
#699=DIRECTION('',(0.E0,0.E0,1.E0));
#700=VECTOR('',#699,1.27E1);
#701=CARTESIAN_POINT('',(-5.9E0,2.45E0,-9.8E0));
#702=LINE('',#701,#700);
#703=DIRECTION('',(-2.933063628040E-12,-6.247534365982E-12,1.E0));
#704=VECTOR('',#703,1.22E1);
#705=CARTESIAN_POINT('',(-3.998136874993E0,5.671491943445E0,-9.8E0));
#706=LINE('',#705,#704);
#707=CARTESIAN_POINT('',(-4.627877612750E0,5.264151050324E0,2.4E0));
#708=DIRECTION('',(0.E0,0.E0,1.E0));
#709=DIRECTION('',(8.396543170103E-1,5.431211908276E-1,0.E0));
#710=AXIS2_PLACEMENT_3D('',#707,#708,#709);
#712=DIRECTION('',(8.687811854260E-11,1.344911067759E-10,1.E0));
#713=VECTOR('',#712,1.22E1);
#714=CARTESIAN_POINT('',(3.998136874993E0,5.671491943445E0,-9.8E0));
#715=LINE('',#714,#713);
#716=CARTESIAN_POINT('',(0.E0,-1.2E0,2.4E0));
#717=DIRECTION('',(0.E0,0.E0,1.E0));
#718=DIRECTION('',(5.029102987412E-1,8.643386092383E-1,0.E0));
#719=AXIS2_PLACEMENT_3D('',#716,#717,#718);
#721=DIRECTION('',(-2.575717417130E-12,-2.961492617621E-12,1.E0));
#722=VECTOR('',#721,1.22E1);
#723=CARTESIAN_POINT('',(5.216430404506E0,4.799279442978E0,-9.8E0));
#724=LINE('',#723,#722);
#725=CARTESIAN_POINT('',(4.627877612750E0,5.264151050324E0,2.4E0));
#726=DIRECTION('',(0.E0,0.E0,1.E0));
#727=DIRECTION('',(7.847370556747E-1,-6.198288097943E-1,0.E0));
#728=AXIS2_PLACEMENT_3D('',#725,#726,#727);
#730=DIRECTION('',(-9.926667866571E-11,1.256296342002E-10,1.E0));
#731=VECTOR('',#730,1.22E1);
#732=CARTESIAN_POINT('',(-5.216430404506E0,4.799279442978E0,-9.8E0));
#733=LINE('',#732,#731);
#734=CARTESIAN_POINT('',(0.E0,-1.2E0,2.4E0));
#735=DIRECTION('',(0.E0,0.E0,1.E0));
#736=DIRECTION('',(-6.561547678625E-1,7.546263450287E-1,0.E0));
#737=AXIS2_PLACEMENT_3D('',#734,#735,#736);
#739=CARTESIAN_POINT('',(-4.888353020575E0,4.421966270464E0,2.4E0));
#740=DIRECTION('',(-7.546263450287E-1,-6.561547678625E-1,0.E0));
#741=DIRECTION('',(0.E0,0.E0,1.E0));
#742=AXIS2_PLACEMENT_3D('',#739,#740,#741);
#744=CARTESIAN_POINT('',(4.888353020575E0,4.421966270464E0,2.4E0));
#745=DIRECTION('',(-7.546263450287E-1,6.561547678625E-1,0.E0));
#746=DIRECTION('',(0.E0,0.E0,1.E0));
#747=AXIS2_PLACEMENT_3D('',#744,#745,#746);
#749=CARTESIAN_POINT('',(-4.417964033498E0,5.399931348031E0,2.4E0));
#750=DIRECTION('',(-5.431211908276E-1,8.396543170103E-1,0.E0));
#751=DIRECTION('',(0.E0,0.E0,1.E0));
#752=AXIS2_PLACEMENT_3D('',#749,#750,#751);
#754=CARTESIAN_POINT('',(-4.824061876669E0,5.109193847875E0,2.4E0));
#755=DIRECTION('',(6.198288097943E-1,-7.847370556747E-1,0.E0));
#756=DIRECTION('',(0.E0,0.E0,1.E0));
#757=AXIS2_PLACEMENT_3D('',#754,#755,#756);
#759=CARTESIAN_POINT('',(-3.746681725622E0,5.239322638825E0,2.4E0));
#760=DIRECTION('',(-8.643386092383E-1,-5.029102987412E-1,0.E0));
#761=DIRECTION('',(0.E0,0.E0,1.E0));
#762=AXIS2_PLACEMENT_3D('',#759,#760,#761);
#764=CARTESIAN_POINT('',(3.746681725622E0,5.239322638825E0,2.4E0));
#765=DIRECTION('',(-8.643386092383E-1,5.029102987412E-1,0.E0));
#766=DIRECTION('',(0.E0,0.E0,1.E0));
#767=AXIS2_PLACEMENT_3D('',#764,#765,#766);
#769=CARTESIAN_POINT('',(4.824061876669E0,5.109193847875E0,2.4E0));
#770=DIRECTION('',(6.198288097943E-1,7.847370556747E-1,0.E0));
#771=DIRECTION('',(0.E0,0.E0,1.E0));
#772=AXIS2_PLACEMENT_3D('',#769,#770,#771);
#774=CARTESIAN_POINT('',(4.417964033498E0,5.399931348031E0,2.4E0));
#775=DIRECTION('',(-5.431211908276E-1,-8.396543170103E-1,0.E0));
#776=DIRECTION('',(0.E0,0.E0,1.E0));
#777=AXIS2_PLACEMENT_3D('',#774,#775,#776);
#779=CARTESIAN_POINT('',(0.E0,-1.2E0,2.4E0));
#780=DIRECTION('',(0.E0,0.E0,-1.E0));
#781=DIRECTION('',(1.E0,0.E0,0.E0));
#782=AXIS2_PLACEMENT_3D('',#779,#780,#781);
#784=DIRECTION('',(0.E0,1.497891064371E-13,1.E0));
#785=VECTOR('',#784,1.22E1);
#786=CARTESIAN_POINT('',(9.7E0,-1.2E0,-9.8E0));
#787=LINE('',#786,#785);
#788=CARTESIAN_POINT('',(0.E0,-1.2E0,2.9E0));
#789=DIRECTION('',(0.E0,0.E0,-1.E0));
#790=DIRECTION('',(2.205882352941E-1,9.753670234583E-1,0.E0));
#791=AXIS2_PLACEMENT_3D('',#788,#789,#790);
#793=DIRECTION('',(0.E0,0.E0,-1.E0));
#794=VECTOR('',#793,1.2E0);
#795=CARTESIAN_POINT('',(-2.25E0,9.7E0,2.9E0));
#796=LINE('',#795,#794);
#797=CARTESIAN_POINT('',(-2.25E0,8.748743639274E0,2.9E0));
#798=CARTESIAN_POINT('',(-2.25E0,8.693154648575E0,2.9E0));
#799=CARTESIAN_POINT('',(-2.25E0,8.587934599885E0,2.883499640233E0));
#800=CARTESIAN_POINT('',(-2.25E0,8.439560964756E0,2.809473022465E0));
#801=CARTESIAN_POINT('',(-2.25E0,8.325858482021E0,2.697724517708E0));
#802=CARTESIAN_POINT('',(-2.25E0,8.251612360207E0,2.553738562720E0));
#803=CARTESIAN_POINT('',(-2.25E0,8.235438516571E0,2.452971272321E0));
#804=CARTESIAN_POINT('',(-2.25E0,8.235438516571E0,2.4E0));
#806=DIRECTION('',(0.E0,0.E0,-1.E0));
#807=VECTOR('',#806,1.2E0);
#808=CARTESIAN_POINT('',(-2.75E0,1.02E1,2.9E0));
#809=LINE('',#808,#807);
#810=DIRECTION('',(0.E0,0.E0,-1.E0));
#811=VECTOR('',#810,1.2E0);
#812=CARTESIAN_POINT('',(-3.25E0,1.02E1,2.9E0));
#813=LINE('',#812,#811);
#814=DIRECTION('',(0.E0,0.E0,-1.E0));
#815=VECTOR('',#814,1.2E0);
#816=CARTESIAN_POINT('',(-5.25E0,1.22E1,2.9E0));
#817=LINE('',#816,#815);
#818=DIRECTION('',(0.E0,0.E0,-1.E0));
#819=VECTOR('',#818,1.2E0);
#820=CARTESIAN_POINT('',(-5.25E0,1.45E1,2.9E0));
#821=LINE('',#820,#819);
#822=DIRECTION('',(1.E0,0.E0,0.E0));
#823=VECTOR('',#822,1.25E1);
#824=CARTESIAN_POINT('',(-6.25E0,1.55E1,1.7E0));
#825=LINE('',#824,#823);
#826=DIRECTION('',(1.110223024625E-14,0.E0,1.E0));
#827=VECTOR('',#826,1.2E0);
#828=CARTESIAN_POINT('',(-6.25E0,1.55E1,1.7E0));
#829=LINE('',#828,#827);
#830=DIRECTION('',(0.E0,0.E0,-1.E0));
#831=VECTOR('',#830,2.9E0);
#832=CARTESIAN_POINT('',(-9.5E0,1.55E1,2.9E0));
#833=LINE('',#832,#831);
#834=DIRECTION('',(-1.110223024625E-14,0.E0,1.E0));
#835=VECTOR('',#834,1.2E0);
#836=CARTESIAN_POINT('',(6.25E0,1.55E1,1.7E0));
#837=LINE('',#836,#835);
#838=CARTESIAN_POINT('',(6.25E0,1.45E1,1.7E0));
#839=DIRECTION('',(0.E0,0.E0,-1.E0));
#840=DIRECTION('',(-1.E0,0.E0,0.E0));
#841=AXIS2_PLACEMENT_3D('',#838,#839,#840);
#843=DIRECTION('',(0.E0,1.E0,0.E0));
#844=VECTOR('',#843,2.3E0);
#845=CARTESIAN_POINT('',(5.25E0,1.22E1,1.7E0));
#846=LINE('',#845,#844);
#847=CARTESIAN_POINT('',(3.25E0,1.22E1,1.7E0));
#848=DIRECTION('',(0.E0,0.E0,1.E0));
#849=DIRECTION('',(0.E0,-1.E0,0.E0));
#850=AXIS2_PLACEMENT_3D('',#847,#848,#849);
#852=DIRECTION('',(1.E0,0.E0,0.E0));
#853=VECTOR('',#852,5.E-1);
#854=CARTESIAN_POINT('',(2.75E0,1.02E1,1.7E0));
#855=LINE('',#854,#853);
#856=CARTESIAN_POINT('',(2.75E0,9.7E0,1.7E0));
#857=DIRECTION('',(0.E0,0.E0,-1.E0));
#858=DIRECTION('',(-1.E0,0.E0,0.E0));
#859=AXIS2_PLACEMENT_3D('',#856,#857,#858);
#861=DIRECTION('',(0.E0,1.E0,0.E0));
#862=VECTOR('',#861,1.464561483429E0);
#863=CARTESIAN_POINT('',(2.25E0,8.235438516571E0,1.7E0));
#864=LINE('',#863,#862);
#865=DIRECTION('',(0.E0,-1.E0,0.E0));
#866=VECTOR('',#865,1.464561483429E0);
#867=CARTESIAN_POINT('',(-2.25E0,9.7E0,1.7E0));
#868=LINE('',#867,#866);
#869=CARTESIAN_POINT('',(-2.75E0,9.7E0,1.7E0));
#870=DIRECTION('',(0.E0,0.E0,-1.E0));
#871=DIRECTION('',(0.E0,1.E0,0.E0));
#872=AXIS2_PLACEMENT_3D('',#869,#870,#871);
#874=DIRECTION('',(1.E0,0.E0,0.E0));
#875=VECTOR('',#874,5.E-1);
#876=CARTESIAN_POINT('',(-3.25E0,1.02E1,1.7E0));
#877=LINE('',#876,#875);
#878=CARTESIAN_POINT('',(-3.25E0,1.22E1,1.7E0));
#879=DIRECTION('',(0.E0,0.E0,1.E0));
#880=DIRECTION('',(-1.E0,0.E0,0.E0));
#881=AXIS2_PLACEMENT_3D('',#878,#879,#880);
#883=DIRECTION('',(0.E0,-1.E0,0.E0));
#884=VECTOR('',#883,2.3E0);
#885=CARTESIAN_POINT('',(-5.25E0,1.45E1,1.7E0));
#886=LINE('',#885,#884);
#887=CARTESIAN_POINT('',(-6.25E0,1.45E1,1.7E0));
#888=DIRECTION('',(0.E0,0.E0,-1.E0));
#889=DIRECTION('',(0.E0,1.E0,0.E0));
#890=AXIS2_PLACEMENT_3D('',#887,#888,#889);
#892=DIRECTION('',(0.E0,1.E0,0.E0));
#893=VECTOR('',#892,7.E-1);
#894=CARTESIAN_POINT('',(-2.E0,8.6E0,1.7E0));
#895=LINE('',#894,#893);
#896=DIRECTION('',(1.E0,0.E0,0.E0));
#897=VECTOR('',#896,4.E0);
#898=CARTESIAN_POINT('',(-2.E0,8.6E0,1.7E0));
#899=LINE('',#898,#897);
#900=DIRECTION('',(0.E0,1.E0,0.E0));
#901=VECTOR('',#900,7.E-1);
#902=CARTESIAN_POINT('',(2.E0,8.6E0,1.7E0));
#903=LINE('',#902,#901);
#904=DIRECTION('',(1.E0,0.E0,0.E0));
#905=VECTOR('',#904,4.E0);
#906=CARTESIAN_POINT('',(-2.E0,9.3E0,1.7E0));
#907=LINE('',#906,#905);
#908=DIRECTION('',(0.E0,0.E0,-1.E0));
#909=VECTOR('',#908,1.2E0);
#910=CARTESIAN_POINT('',(5.25E0,1.45E1,2.9E0));
#911=LINE('',#910,#909);
#912=DIRECTION('',(0.E0,0.E0,-1.E0));
#913=VECTOR('',#912,1.2E0);
#914=CARTESIAN_POINT('',(5.25E0,1.22E1,2.9E0));
#915=LINE('',#914,#913);
#916=DIRECTION('',(0.E0,0.E0,-1.E0));
#917=VECTOR('',#916,1.2E0);
#918=CARTESIAN_POINT('',(3.25E0,1.02E1,2.9E0));
#919=LINE('',#918,#917);
#920=DIRECTION('',(0.E0,0.E0,-1.E0));
#921=VECTOR('',#920,1.2E0);
#922=CARTESIAN_POINT('',(2.75E0,1.02E1,2.9E0));
#923=LINE('',#922,#921);
#924=DIRECTION('',(0.E0,0.E0,-1.E0));
#925=VECTOR('',#924,1.2E0);
#926=CARTESIAN_POINT('',(2.25E0,9.7E0,2.9E0));
#927=LINE('',#926,#925);
#928=CARTESIAN_POINT('',(2.25E0,8.235438516571E0,2.4E0));
#929=CARTESIAN_POINT('',(2.25E0,8.235438516571E0,2.452971272321E0));
#930=CARTESIAN_POINT('',(2.25E0,8.251612360207E0,2.553738562720E0));
#931=CARTESIAN_POINT('',(2.25E0,8.325858482021E0,2.697724517708E0));
#932=CARTESIAN_POINT('',(2.25E0,8.439560964756E0,2.809473022465E0));
#933=CARTESIAN_POINT('',(2.25E0,8.587934599885E0,2.883499640233E0));
#934=CARTESIAN_POINT('',(2.25E0,8.693154648575E0,2.9E0));
#935=CARTESIAN_POINT('',(2.25E0,8.748743639274E0,2.9E0));
#937=CARTESIAN_POINT('',(0.E0,-1.2E0,2.4E0));
#938=DIRECTION('',(0.E0,0.E0,-1.E0));
#939=DIRECTION('',(-1.E0,0.E0,0.E0));
#940=AXIS2_PLACEMENT_3D('',#937,#938,#939);
#942=DIRECTION('',(0.E0,-1.776356839400E-14,1.E0));
#943=VECTOR('',#942,7.E-1);
#944=CARTESIAN_POINT('',(-2.25E0,8.235438516571E0,1.7E0));
#945=LINE('',#944,#943);
#946=CARTESIAN_POINT('',(0.E0,-1.2E0,1.7E0));
#947=DIRECTION('',(0.E0,0.E0,1.E0));
#948=DIRECTION('',(2.319587628866E-1,9.727256202651E-1,0.E0));
#949=AXIS2_PLACEMENT_3D('',#946,#947,#948);
#951=DIRECTION('',(0.E0,0.E0,1.E0));
#952=VECTOR('',#951,7.E-1);
#953=CARTESIAN_POINT('',(2.25E0,8.235438516571E0,1.7E0));
#954=LINE('',#953,#952);
#955=CARTESIAN_POINT('',(0.E0,-1.2E0,2.4E0));
#956=DIRECTION('',(0.E0,0.E0,-1.E0));
#957=DIRECTION('',(2.319587628866E-1,9.727256202651E-1,0.E0));
#958=AXIS2_PLACEMENT_3D('',#955,#956,#957);
#960=DIRECTION('',(0.E0,-1.498801083244E-13,1.E0));
#961=VECTOR('',#960,1.22E1);
#962=CARTESIAN_POINT('',(-9.7E0,-1.2E0,-9.8E0));
#963=LINE('',#962,#961);
#964=DIRECTION('',(0.E0,0.E0,1.E0));
#965=VECTOR('',#964,5.E-1);
#966=CARTESIAN_POINT('',(-2.E0,9.3E0,1.7E0));
#967=LINE('',#966,#965);
#968=CARTESIAN_POINT('',(-2.E0,1.04E1,2.2E0));
#969=DIRECTION('',(-1.E0,0.E0,0.E0));
#970=DIRECTION('',(0.E0,-1.E0,0.E0));
#971=AXIS2_PLACEMENT_3D('',#968,#969,#970);
#973=CARTESIAN_POINT('',(-2.E0,1.04E1,2.2E0));
#974=DIRECTION('',(1.E0,0.E0,0.E0));
#975=DIRECTION('',(0.E0,0.E0,1.E0));
#976=AXIS2_PLACEMENT_3D('',#973,#974,#975);
#978=DIRECTION('',(0.E0,0.E0,-1.E0));
#979=VECTOR('',#978,5.E-1);
#980=CARTESIAN_POINT('',(-2.E0,8.6E0,2.2E0));
#981=LINE('',#980,#979);
#982=DIRECTION('',(0.E0,0.E0,-1.E0));
#983=VECTOR('',#982,5.E-1);
#984=CARTESIAN_POINT('',(2.E0,8.6E0,2.2E0));
#985=LINE('',#984,#983);
#986=CARTESIAN_POINT('',(2.E0,1.04E1,2.2E0));
#987=DIRECTION('',(1.E0,0.E0,0.E0));
#988=DIRECTION('',(0.E0,0.E0,1.E0));
#989=AXIS2_PLACEMENT_3D('',#986,#987,#988);
#991=CARTESIAN_POINT('',(2.E0,1.04E1,2.2E0));
#992=DIRECTION('',(-1.E0,0.E0,0.E0));
#993=DIRECTION('',(0.E0,-1.E0,0.E0));
#994=AXIS2_PLACEMENT_3D('',#991,#992,#993);
#996=DIRECTION('',(0.E0,0.E0,1.E0));
#997=VECTOR('',#996,5.E-1);
#998=CARTESIAN_POINT('',(2.E0,9.3E0,1.7E0));
#999=LINE('',#998,#997);
#1000=DIRECTION('',(1.E0,0.E0,0.E0));
#1001=VECTOR('',#1000,4.E0);
#1002=CARTESIAN_POINT('',(-2.E0,8.6E0,2.2E0));
#1003=LINE('',#1002,#1001);
#1004=DIRECTION('',(1.E0,0.E0,0.E0));
#1005=VECTOR('',#1004,4.E0);
#1006=CARTESIAN_POINT('',(-2.E0,1.04E1,4.E0));
#1007=LINE('',#1006,#1005);
#1008=CARTESIAN_POINT('',(-2.2E0,1.04E1,4.E0));
#1009=DIRECTION('',(0.E0,0.E0,1.E0));
#1010=DIRECTION('',(1.E0,0.E0,0.E0));
#1011=AXIS2_PLACEMENT_3D('',#1008,#1009,#1010);
#1013=DIRECTION('',(-1.E0,0.E0,0.E0));
#1014=VECTOR('',#1013,7.E-1);
#1015=CARTESIAN_POINT('',(-2.2E0,1.06E1,4.E0));
#1016=LINE('',#1015,#1014);
#1017=CARTESIAN_POINT('',(-2.9E0,1.27E1,4.E0));
#1018=DIRECTION('',(0.E0,0.E0,-1.E0));
#1019=DIRECTION('',(0.E0,-1.E0,0.E0));
#1020=AXIS2_PLACEMENT_3D('',#1017,#1018,#1019);
#1022=DIRECTION('',(0.E0,1.E0,0.E0));
#1023=VECTOR('',#1022,1.635217326557E-1);
#1024=CARTESIAN_POINT('',(-5.E0,1.27E1,4.E0));
#1025=LINE('',#1024,#1023);
#1026=CARTESIAN_POINT('',(-2.9E0,1.286352173266E1,4.E0));
#1027=DIRECTION('',(0.E0,0.E0,-1.E0));
#1028=DIRECTION('',(-1.E0,0.E0,0.E0));
#1029=AXIS2_PLACEMENT_3D('',#1026,#1027,#1028);
#1031=CARTESIAN_POINT('',(0.E0,-4.8E0,4.E0));
#1032=DIRECTION('',(0.E0,0.E0,-1.E0));
#1033=DIRECTION('',(-1.620111731844E-1,9.867889236120E-1,0.E0));
#1034=AXIS2_PLACEMENT_3D('',#1031,#1032,#1033);
#1036=CARTESIAN_POINT('',(2.9E0,1.286352173266E1,4.E0));
#1037=DIRECTION('',(0.E0,0.E0,-1.E0));
#1038=DIRECTION('',(1.620111731843E-1,9.867889236121E-1,0.E0));
#1039=AXIS2_PLACEMENT_3D('',#1036,#1037,#1038);
#1041=DIRECTION('',(0.E0,-1.E0,0.E0));
#1042=VECTOR('',#1041,1.635217326557E-1);
#1043=CARTESIAN_POINT('',(5.E0,1.286352173266E1,4.E0));
#1044=LINE('',#1043,#1042);
#1045=CARTESIAN_POINT('',(2.9E0,1.27E1,4.E0));
#1046=DIRECTION('',(0.E0,0.E0,-1.E0));
#1047=DIRECTION('',(1.E0,0.E0,0.E0));
#1048=AXIS2_PLACEMENT_3D('',#1045,#1046,#1047);
#1050=DIRECTION('',(-1.E0,0.E0,0.E0));
#1051=VECTOR('',#1050,7.E-1);
#1052=CARTESIAN_POINT('',(2.9E0,1.06E1,4.E0));
#1053=LINE('',#1052,#1051);
#1054=CARTESIAN_POINT('',(2.2E0,1.04E1,4.E0));
#1055=DIRECTION('',(0.E0,0.E0,1.E0));
#1056=DIRECTION('',(0.E0,1.E0,0.E0));
#1057=AXIS2_PLACEMENT_3D('',#1054,#1055,#1056);
#1059=DIRECTION('',(0.E0,0.E0,1.E0));
#1060=VECTOR('',#1059,7.E-1);
#1061=CARTESIAN_POINT('',(-2.E0,1.04E1,3.3E0));
#1062=LINE('',#1061,#1060);
#1063=DIRECTION('',(0.E0,0.E0,1.E0));
#1064=VECTOR('',#1063,7.E-1);
#1065=CARTESIAN_POINT('',(-2.2E0,1.06E1,3.3E0));
#1066=LINE('',#1065,#1064);
#1067=DIRECTION('',(1.E0,0.E0,0.E0));
#1068=VECTOR('',#1067,4.E0);
#1069=CARTESIAN_POINT('',(-2.E0,1.04E1,3.3E0));
#1070=LINE('',#1069,#1068);
#1071=CARTESIAN_POINT('',(2.2E0,1.04E1,3.3E0));
#1072=DIRECTION('',(0.E0,0.E0,1.E0));
#1073=DIRECTION('',(0.E0,1.E0,0.E0));
#1074=AXIS2_PLACEMENT_3D('',#1071,#1072,#1073);
#1076=DIRECTION('',(-1.E0,0.E0,0.E0));
#1077=VECTOR('',#1076,7.E-1);
#1078=CARTESIAN_POINT('',(2.9E0,1.06E1,3.3E0));
#1079=LINE('',#1078,#1077);
#1080=CARTESIAN_POINT('',(2.9E0,1.27E1,3.3E0));
#1081=DIRECTION('',(0.E0,0.E0,-1.E0));
#1082=DIRECTION('',(1.E0,0.E0,0.E0));
#1083=AXIS2_PLACEMENT_3D('',#1080,#1081,#1082);
#1085=DIRECTION('',(0.E0,-1.E0,0.E0));
#1086=VECTOR('',#1085,1.635217326557E-1);
#1087=CARTESIAN_POINT('',(5.E0,1.286352173266E1,3.3E0));
#1088=LINE('',#1087,#1086);
#1089=CARTESIAN_POINT('',(2.9E0,1.286352173266E1,3.3E0));
#1090=DIRECTION('',(0.E0,0.E0,-1.E0));
#1091=DIRECTION('',(1.620111731843E-1,9.867889236121E-1,0.E0));
#1092=AXIS2_PLACEMENT_3D('',#1089,#1090,#1091);
#1094=CARTESIAN_POINT('',(0.E0,-4.8E0,3.3E0));
#1095=DIRECTION('',(0.E0,0.E0,-1.E0));
#1096=DIRECTION('',(-1.620111731844E-1,9.867889236120E-1,0.E0));
#1097=AXIS2_PLACEMENT_3D('',#1094,#1095,#1096);
#1099=CARTESIAN_POINT('',(-2.9E0,1.286352173266E1,3.3E0));
#1100=DIRECTION('',(0.E0,0.E0,-1.E0));
#1101=DIRECTION('',(-1.E0,0.E0,0.E0));
#1102=AXIS2_PLACEMENT_3D('',#1099,#1100,#1101);
#1104=DIRECTION('',(0.E0,1.E0,0.E0));
#1105=VECTOR('',#1104,1.635217326557E-1);
#1106=CARTESIAN_POINT('',(-5.E0,1.27E1,3.3E0));
#1107=LINE('',#1106,#1105);
#1108=CARTESIAN_POINT('',(-2.9E0,1.27E1,3.3E0));
#1109=DIRECTION('',(0.E0,0.E0,-1.E0));
#1110=DIRECTION('',(0.E0,-1.E0,0.E0));
#1111=AXIS2_PLACEMENT_3D('',#1108,#1109,#1110);
#1113=DIRECTION('',(-1.E0,0.E0,0.E0));
#1114=VECTOR('',#1113,7.E-1);
#1115=CARTESIAN_POINT('',(-2.2E0,1.06E1,3.3E0));
#1116=LINE('',#1115,#1114);
#1117=CARTESIAN_POINT('',(-2.2E0,1.04E1,3.3E0));
#1118=DIRECTION('',(0.E0,0.E0,1.E0));
#1119=DIRECTION('',(1.E0,0.E0,0.E0));
#1120=AXIS2_PLACEMENT_3D('',#1117,#1118,#1119);
#1122=DIRECTION('',(1.E0,0.E0,0.E0));
#1123=VECTOR('',#1122,4.E0);
#1124=CARTESIAN_POINT('',(-2.E0,9.3E0,2.2E0));
#1125=LINE('',#1124,#1123);
#1126=DIRECTION('',(0.E0,0.E0,1.E0));
#1127=VECTOR('',#1126,7.E-1);
#1128=CARTESIAN_POINT('',(2.E0,1.04E1,3.3E0));
#1129=LINE('',#1128,#1127);
#1130=DIRECTION('',(0.E0,0.E0,1.E0));
#1131=VECTOR('',#1130,7.E-1);
#1132=CARTESIAN_POINT('',(2.2E0,1.06E1,3.3E0));
#1133=LINE('',#1132,#1131);
#1134=DIRECTION('',(0.E0,0.E0,1.E0));
#1135=VECTOR('',#1134,7.E-1);
#1136=CARTESIAN_POINT('',(2.9E0,1.06E1,3.3E0));
#1137=LINE('',#1136,#1135);
#1138=DIRECTION('',(0.E0,0.E0,1.E0));
#1139=VECTOR('',#1138,7.E-1);
#1140=CARTESIAN_POINT('',(5.E0,1.27E1,3.3E0));
#1141=LINE('',#1140,#1139);
#1142=DIRECTION('',(0.E0,0.E0,1.E0));
#1143=VECTOR('',#1142,7.E-1);
#1144=CARTESIAN_POINT('',(5.E0,1.286352173266E1,3.3E0));
#1145=LINE('',#1144,#1143);
#1146=DIRECTION('',(0.E0,0.E0,1.E0));
#1147=VECTOR('',#1146,7.E-1);
#1148=CARTESIAN_POINT('',(3.240223463687E0,1.493577847224E1,3.3E0));
#1149=LINE('',#1148,#1147);
#1150=DIRECTION('',(0.E0,0.E0,1.E0));
#1151=VECTOR('',#1150,7.E-1);
#1152=CARTESIAN_POINT('',(-3.240223463687E0,1.493577847224E1,3.3E0));
#1153=LINE('',#1152,#1151);
#1154=DIRECTION('',(0.E0,0.E0,1.E0));
#1155=VECTOR('',#1154,7.E-1);
#1156=CARTESIAN_POINT('',(-5.E0,1.286352173266E1,3.3E0));
#1157=LINE('',#1156,#1155);
#1158=DIRECTION('',(0.E0,0.E0,1.E0));
#1159=VECTOR('',#1158,7.E-1);
#1160=CARTESIAN_POINT('',(-5.E0,1.27E1,3.3E0));
#1161=LINE('',#1160,#1159);
#1162=DIRECTION('',(0.E0,0.E0,1.E0));
#1163=VECTOR('',#1162,7.E-1);
#1164=CARTESIAN_POINT('',(-2.9E0,1.06E1,3.3E0));
#1165=LINE('',#1164,#1163);
#1166=DIRECTION('',(0.E0,0.E0,-1.E0));
#1167=VECTOR('',#1166,2.9E0);
#1168=CARTESIAN_POINT('',(-1.3E1,1.2E1,2.9E0));
#1169=LINE('',#1168,#1167);
#1170=DIRECTION('',(0.E0,0.E0,-1.E0));
#1171=VECTOR('',#1170,2.9E0);
#1172=CARTESIAN_POINT('',(-1.3E1,-1.2E1,2.9E0));
#1173=LINE('',#1172,#1171);
#1174=DIRECTION('',(0.E0,0.E0,-1.E0));
#1175=VECTOR('',#1174,2.9E0);
#1176=CARTESIAN_POINT('',(-9.5E0,-1.55E1,2.9E0));
#1177=LINE('',#1176,#1175);
#1178=DIRECTION('',(0.E0,0.E0,-1.E0));
#1179=VECTOR('',#1178,2.9E0);
#1180=CARTESIAN_POINT('',(9.5E0,-1.55E1,2.9E0));
#1181=LINE('',#1180,#1179);
#1182=DIRECTION('',(0.E0,0.E0,-1.E0));
#1183=VECTOR('',#1182,2.9E0);
#1184=CARTESIAN_POINT('',(1.3E1,-1.2E1,2.9E0));
#1185=LINE('',#1184,#1183);
#1186=DIRECTION('',(0.E0,0.E0,-1.E0));
#1187=VECTOR('',#1186,2.9E0);
#1188=CARTESIAN_POINT('',(1.3E1,1.2E1,2.9E0));
#1189=LINE('',#1188,#1187);
#1190=DIRECTION('',(0.E0,0.E0,-1.E0));
#1191=VECTOR('',#1190,2.9E0);
#1192=CARTESIAN_POINT('',(9.5E0,1.55E1,2.9E0));
#1193=LINE('',#1192,#1191);
#1194=CARTESIAN_POINT('',(9.5E0,-1.2E1,2.6E0));
#1195=DIRECTION('',(0.E0,0.E0,1.E0));
#1196=DIRECTION('',(1.E0,0.E0,0.E0));
#1197=AXIS2_PLACEMENT_3D('',#1194,#1195,#1196);
#1199=DIRECTION('',(-8.296450864830E-9,1.414721957465E-8,-1.E0));
#1200=VECTOR('',#1199,3.000000024889E-1);
#1201=CARTESIAN_POINT('',(1.25E1,-1.2E1,2.9E0));
#1202=LINE('',#1201,#1200);
#1203=DIRECTION('',(7.071067811865E-1,1.000360419868E-9,7.071067811865E-1));
#1204=VECTOR('',#1203,1.767766951500E0);
#1205=CARTESIAN_POINT('',(1.124999999855E1,-1.199999999752E1,1.349999998548E0));
#1206=LINE('',#1205,#1204);
#1207=CARTESIAN_POINT('',(9.5E0,-1.2E1,1.35E0));
#1208=DIRECTION('',(0.E0,0.E0,1.E0));
#1209=DIRECTION('',(1.E0,0.E0,0.E0));
#1210=AXIS2_PLACEMENT_3D('',#1207,#1208,#1209);
#1212=DIRECTION('',(1.075465643624E-9,-1.833898960590E-9,-1.E0));
#1213=VECTOR('',#1212,1.349999998548E0);
#1214=CARTESIAN_POINT('',(1.124999999855E1,-1.199999999752E1,1.349999998548E0));
#1215=LINE('',#1214,#1213);
#1216=CARTESIAN_POINT('',(9.5E0,-1.2E1,1.35E0));
#1217=DIRECTION('',(0.E0,0.E0,1.E0));
#1218=DIRECTION('',(-1.E0,0.E0,0.E0));
#1219=AXIS2_PLACEMENT_3D('',#1216,#1217,#1218);
#1221=DIRECTION('',(-1.075465643624E-9,1.833897644770E-9,-1.E0));
#1222=VECTOR('',#1221,1.349999998548E0);
#1223=CARTESIAN_POINT('',(7.750000001452E0,-1.200000000248E1,1.349999998548E0));
#1224=LINE('',#1223,#1222);
#1225=DIRECTION('',(-7.071067811865E-1,-1.000360419868E-9,7.071067811865E-1));
#1226=VECTOR('',#1225,1.767766951500E0);
#1227=CARTESIAN_POINT('',(7.750000001452E0,-1.200000000248E1,1.349999998548E0));
#1228=LINE('',#1227,#1226);
#1229=CARTESIAN_POINT('',(9.5E0,-1.2E1,2.6E0));
#1230=DIRECTION('',(0.E0,0.E0,1.E0));
#1231=DIRECTION('',(-1.E0,0.E0,0.E0));
#1232=AXIS2_PLACEMENT_3D('',#1229,#1230,#1231);
#1234=DIRECTION('',(8.296456786019E-9,-1.414723141703E-8,-1.E0));
#1235=VECTOR('',#1234,3.000000024889E-1);
#1236=CARTESIAN_POINT('',(6.5E0,-1.2E1,2.9E0));
#1237=LINE('',#1236,#1235);
#1238=CARTESIAN_POINT('',(-1.3E1,-1.2E1,2.9E0));
#1239=CARTESIAN_POINT('',(-1.3E1,1.2E1,2.9E0));
#1240=VERTEX_POINT('',#1238);
#1241=VERTEX_POINT('',#1239);
#1242=CARTESIAN_POINT('',(-9.5E0,1.55E1,2.9E0));
#1243=VERTEX_POINT('',#1242);
#1244=CARTESIAN_POINT('',(1.3E1,1.2E1,2.9E0));
#1245=CARTESIAN_POINT('',(9.5E0,1.55E1,2.9E0));
#1246=VERTEX_POINT('',#1244);
#1247=VERTEX_POINT('',#1245);
#1248=CARTESIAN_POINT('',(1.3E1,-1.2E1,2.9E0));
#1249=VERTEX_POINT('',#1248);
#1250=CARTESIAN_POINT('',(9.5E0,-1.55E1,2.9E0));
#1251=VERTEX_POINT('',#1250);
#1252=CARTESIAN_POINT('',(-9.5E0,-1.55E1,2.9E0));
#1253=VERTEX_POINT('',#1252);
#1254=CARTESIAN_POINT('',(-1.3E1,-1.2E1,0.E0));
#1255=VERTEX_POINT('',#1254);
#1256=CARTESIAN_POINT('',(-1.3E1,1.2E1,0.E0));
#1257=VERTEX_POINT('',#1256);
#1258=CARTESIAN_POINT('',(-9.5E0,1.55E1,0.E0));
#1259=VERTEX_POINT('',#1258);
#1260=CARTESIAN_POINT('',(9.5E0,1.55E1,0.E0));
#1261=VERTEX_POINT('',#1260);
#1262=CARTESIAN_POINT('',(1.3E1,1.2E1,0.E0));
#1263=VERTEX_POINT('',#1262);
#1264=CARTESIAN_POINT('',(1.3E1,-1.2E1,0.E0));
#1265=VERTEX_POINT('',#1264);
#1266=CARTESIAN_POINT('',(9.5E0,-1.55E1,0.E0));
#1267=VERTEX_POINT('',#1266);
#1268=CARTESIAN_POINT('',(-9.5E0,-1.55E1,0.E0));
#1269=VERTEX_POINT('',#1268);
#1270=CARTESIAN_POINT('',(5.9E0,2.45E0,2.9E0));
#1271=CARTESIAN_POINT('',(5.9E0,-4.35E0,2.9E0));
#1272=VERTEX_POINT('',#1270);
#1273=VERTEX_POINT('',#1271);
#1274=CARTESIAN_POINT('',(3.3E0,-4.35E0,2.9E0));
#1275=VERTEX_POINT('',#1274);
#1276=CARTESIAN_POINT('',(3.3E0,-6.35E0,2.9E0));
#1277=VERTEX_POINT('',#1276);
#1278=CARTESIAN_POINT('',(1.85E0,-6.35E0,2.9E0));
#1279=VERTEX_POINT('',#1278);
#1280=CARTESIAN_POINT('',(1.85E0,-7.65E0,2.9E0));
#1281=VERTEX_POINT('',#1280);
#1282=CARTESIAN_POINT('',(-1.85E0,-7.65E0,2.9E0));
#1283=VERTEX_POINT('',#1282);
#1284=CARTESIAN_POINT('',(-1.85E0,-6.35E0,2.9E0));
#1285=VERTEX_POINT('',#1284);
#1286=CARTESIAN_POINT('',(-3.3E0,-6.35E0,2.9E0));
#1287=VERTEX_POINT('',#1286);
#1288=CARTESIAN_POINT('',(-3.3E0,-4.35E0,2.9E0));
#1289=VERTEX_POINT('',#1288);
#1290=CARTESIAN_POINT('',(-5.9E0,-4.35E0,2.9E0));
#1291=VERTEX_POINT('',#1290);
#1292=CARTESIAN_POINT('',(-5.9E0,2.45E0,2.9E0));
#1293=VERTEX_POINT('',#1292);
#1294=CARTESIAN_POINT('',(5.9E0,2.45E0,-9.8E0));
#1295=CARTESIAN_POINT('',(5.9E0,-4.35E0,-9.8E0));
#1296=VERTEX_POINT('',#1294);
#1297=VERTEX_POINT('',#1295);
#1298=CARTESIAN_POINT('',(3.3E0,-4.35E0,-9.8E0));
#1299=VERTEX_POINT('',#1298);
#1300=CARTESIAN_POINT('',(3.3E0,-6.35E0,-9.8E0));
#1301=VERTEX_POINT('',#1300);
#1302=CARTESIAN_POINT('',(1.85E0,-6.35E0,-9.8E0));
#1303=VERTEX_POINT('',#1302);
#1304=CARTESIAN_POINT('',(1.85E0,-7.65E0,-9.8E0));
#1305=VERTEX_POINT('',#1304);
#1306=CARTESIAN_POINT('',(-1.85E0,-7.65E0,-9.8E0));
#1307=VERTEX_POINT('',#1306);
#1308=CARTESIAN_POINT('',(-1.85E0,-6.35E0,-9.8E0));
#1309=VERTEX_POINT('',#1308);
#1310=CARTESIAN_POINT('',(-3.3E0,-6.35E0,-9.8E0));
#1311=VERTEX_POINT('',#1310);
#1312=CARTESIAN_POINT('',(-3.3E0,-4.35E0,-9.8E0));
#1313=VERTEX_POINT('',#1312);
#1314=CARTESIAN_POINT('',(-5.9E0,-4.35E0,-9.8E0));
#1315=VERTEX_POINT('',#1314);
#1316=CARTESIAN_POINT('',(-5.9E0,2.45E0,-9.8E0));
#1317=VERTEX_POINT('',#1316);
#1318=CARTESIAN_POINT('',(-3.998136874993E0,5.671491943445E0,-9.8E0));
#1319=CARTESIAN_POINT('',(-5.216430404506E0,4.799279442978E0,-9.8E0));
#1320=VERTEX_POINT('',#1318);
#1321=VERTEX_POINT('',#1319);
#1322=CARTESIAN_POINT('',(5.216430404506E0,4.799279442978E0,-9.8E0));
#1323=VERTEX_POINT('',#1322);
#1324=CARTESIAN_POINT('',(3.998136874993E0,5.671491943445E0,-9.8E0));
#1325=VERTEX_POINT('',#1324);
#1326=CARTESIAN_POINT('',(5.E0,1.27E1,4.E0));
#1327=CARTESIAN_POINT('',(2.9E0,1.06E1,4.E0));
#1328=VERTEX_POINT('',#1326);
#1329=VERTEX_POINT('',#1327);
#1330=CARTESIAN_POINT('',(5.E0,1.286352173266E1,4.E0));
#1331=VERTEX_POINT('',#1330);
#1332=CARTESIAN_POINT('',(3.240223463687E0,1.493577847224E1,4.E0));
#1333=VERTEX_POINT('',#1332);
#1334=CARTESIAN_POINT('',(-3.240223463687E0,1.493577847224E1,4.E0));
#1335=VERTEX_POINT('',#1334);
#1336=CARTESIAN_POINT('',(-5.E0,1.286352173266E1,4.E0));
#1337=VERTEX_POINT('',#1336);
#1338=CARTESIAN_POINT('',(-5.E0,1.27E1,4.E0));
#1339=VERTEX_POINT('',#1338);
#1340=CARTESIAN_POINT('',(-2.9E0,1.06E1,4.E0));
#1341=VERTEX_POINT('',#1340);
#1342=CARTESIAN_POINT('',(5.E0,1.27E1,3.3E0));
#1343=CARTESIAN_POINT('',(2.9E0,1.06E1,3.3E0));
#1344=VERTEX_POINT('',#1342);
#1345=VERTEX_POINT('',#1343);
#1346=CARTESIAN_POINT('',(5.E0,1.286352173266E1,3.3E0));
#1347=VERTEX_POINT('',#1346);
#1348=CARTESIAN_POINT('',(3.240223463687E0,1.493577847224E1,3.3E0));
#1349=VERTEX_POINT('',#1348);
#1350=CARTESIAN_POINT('',(-3.240223463687E0,1.493577847224E1,3.3E0));
#1351=VERTEX_POINT('',#1350);
#1352=CARTESIAN_POINT('',(-5.E0,1.286352173266E1,3.3E0));
#1353=VERTEX_POINT('',#1352);
#1354=CARTESIAN_POINT('',(-5.E0,1.27E1,3.3E0));
#1355=VERTEX_POINT('',#1354);
#1356=CARTESIAN_POINT('',(-2.9E0,1.06E1,3.3E0));
#1357=VERTEX_POINT('',#1356);
#1358=CARTESIAN_POINT('',(-4.888353020575E0,4.421966270464E0,2.9E0));
#1359=CARTESIAN_POINT('',(-5.216430404506E0,4.799279442978E0,2.4E0));
#1360=VERTEX_POINT('',#1358);
#1361=VERTEX_POINT('',#1359);
#1362=CARTESIAN_POINT('',(4.888353020575E0,4.421966270464E0,2.9E0));
#1363=CARTESIAN_POINT('',(5.216430404506E0,4.799279442978E0,2.4E0));
#1364=VERTEX_POINT('',#1362);
#1365=VERTEX_POINT('',#1363);
#1366=CARTESIAN_POINT('',(-3.998136875029E0,5.671491943368E0,2.4E0));
#1367=VERTEX_POINT('',#1366);
#1368=CARTESIAN_POINT('',(3.998136876053E0,5.671491945085E0,2.4E0));
#1369=VERTEX_POINT('',#1368);
#1370=CARTESIAN_POINT('',(-4.417964033498E0,5.399931348031E0,2.9E0));
#1371=VERTEX_POINT('',#1370);
#1372=CARTESIAN_POINT('',(-4.824061876669E0,5.109193847875E0,2.9E0));
#1373=VERTEX_POINT('',#1372);
#1374=CARTESIAN_POINT('',(-3.746681725622E0,5.239322638825E0,2.9E0));
#1375=VERTEX_POINT('',#1374);
#1376=CARTESIAN_POINT('',(3.746681725622E0,5.239322638825E0,2.9E0));
#1377=VERTEX_POINT('',#1376);
#1378=CARTESIAN_POINT('',(4.824061876669E0,5.109193847875E0,2.9E0));
#1379=VERTEX_POINT('',#1378);
#1380=CARTESIAN_POINT('',(4.417964033498E0,5.399931348031E0,2.9E0));
#1381=VERTEX_POINT('',#1380);
#1382=CARTESIAN_POINT('',(0.E0,1.2E1,0.E0));
#1383=CARTESIAN_POINT('',(0.E0,-1.2E1,0.E0));
#1384=VERTEX_POINT('',#1382);
#1385=VERTEX_POINT('',#1383);
#1386=CARTESIAN_POINT('',(-7.75E0,1.2E1,0.E0));
#1387=CARTESIAN_POINT('',(-1.125E1,1.2E1,0.E0));
#1388=VERTEX_POINT('',#1386);
#1389=VERTEX_POINT('',#1387);
#1390=CARTESIAN_POINT('',(1.125E1,-1.2E1,0.E0));
#1391=CARTESIAN_POINT('',(7.75E0,-1.2E1,0.E0));
#1392=VERTEX_POINT('',#1390);
#1393=VERTEX_POINT('',#1391);
#1394=CARTESIAN_POINT('',(5.9E0,2.45E0,-1.44E1));
#1395=CARTESIAN_POINT('',(5.9E0,-4.35E0,-1.44E1));
#1396=VERTEX_POINT('',#1394);
#1397=VERTEX_POINT('',#1395);
#1398=CARTESIAN_POINT('',(3.3E0,-4.35E0,-1.44E1));
#1399=VERTEX_POINT('',#1398);
#1400=CARTESIAN_POINT('',(3.3E0,-6.35E0,-1.44E1));
#1401=VERTEX_POINT('',#1400);
#1402=CARTESIAN_POINT('',(1.85E0,-6.35E0,-1.44E1));
#1403=VERTEX_POINT('',#1402);
#1404=CARTESIAN_POINT('',(1.85E0,-7.65E0,-1.44E1));
#1405=VERTEX_POINT('',#1404);
#1406=CARTESIAN_POINT('',(-1.85E0,-7.65E0,-1.44E1));
#1407=VERTEX_POINT('',#1406);
#1408=CARTESIAN_POINT('',(-1.85E0,-6.35E0,-1.44E1));
#1409=VERTEX_POINT('',#1408);
#1410=CARTESIAN_POINT('',(-3.3E0,-6.35E0,-1.44E1));
#1411=VERTEX_POINT('',#1410);
#1412=CARTESIAN_POINT('',(-3.3E0,-4.35E0,-1.44E1));
#1413=VERTEX_POINT('',#1412);
#1414=CARTESIAN_POINT('',(-5.9E0,-4.35E0,-1.44E1));
#1415=VERTEX_POINT('',#1414);
#1416=CARTESIAN_POINT('',(-5.9E0,2.45E0,-1.44E1));
#1417=VERTEX_POINT('',#1416);
#1418=CARTESIAN_POINT('',(8.25E0,-5.910360920354E0,-1.44E1));
#1419=CARTESIAN_POINT('',(8.25E0,3.510360920354E0,-1.44E1));
#1420=VERTEX_POINT('',#1418);
#1421=VERTEX_POINT('',#1419);
#1422=CARTESIAN_POINT('',(4.8E0,6.998170527624E0,-1.44E1));
#1423=VERTEX_POINT('',#1422);
#1424=CARTESIAN_POINT('',(4.8E0,1.05E1,-1.44E1));
#1425=VERTEX_POINT('',#1424);
#1426=CARTESIAN_POINT('',(-4.8E0,1.05E1,-1.44E1));
#1427=VERTEX_POINT('',#1426);
#1428=CARTESIAN_POINT('',(-4.8E0,6.998170527624E0,-1.44E1));
#1429=VERTEX_POINT('',#1428);
#1430=CARTESIAN_POINT('',(-8.25E0,3.510360920354E0,-1.44E1));
#1431=VERTEX_POINT('',#1430);
#1432=CARTESIAN_POINT('',(-8.25E0,-5.910360920354E0,-1.44E1));
#1433=VERTEX_POINT('',#1432);
#1434=CARTESIAN_POINT('',(5.9E0,2.45E0,-2.99E1));
#1435=CARTESIAN_POINT('',(5.9E0,-4.35E0,-2.99E1));
#1436=VERTEX_POINT('',#1434);
#1437=VERTEX_POINT('',#1435);
#1438=CARTESIAN_POINT('',(3.3E0,-4.35E0,-2.99E1));
#1439=VERTEX_POINT('',#1438);
#1440=CARTESIAN_POINT('',(3.3E0,-6.35E0,-2.99E1));
#1441=VERTEX_POINT('',#1440);
#1442=CARTESIAN_POINT('',(1.85E0,-6.35E0,-2.99E1));
#1443=VERTEX_POINT('',#1442);
#1444=CARTESIAN_POINT('',(1.85E0,-7.65E0,-2.99E1));
#1445=VERTEX_POINT('',#1444);
#1446=CARTESIAN_POINT('',(-1.85E0,-7.65E0,-2.99E1));
#1447=VERTEX_POINT('',#1446);
#1448=CARTESIAN_POINT('',(-1.85E0,-6.35E0,-2.99E1));
#1449=VERTEX_POINT('',#1448);
#1450=CARTESIAN_POINT('',(-3.3E0,-6.35E0,-2.99E1));
#1451=VERTEX_POINT('',#1450);
#1452=CARTESIAN_POINT('',(-3.3E0,-4.35E0,-2.99E1));
#1453=VERTEX_POINT('',#1452);
#1454=CARTESIAN_POINT('',(-5.9E0,-4.35E0,-2.99E1));
#1455=VERTEX_POINT('',#1454);
#1456=CARTESIAN_POINT('',(-5.9E0,2.45E0,-2.99E1));
#1457=VERTEX_POINT('',#1456);
#1458=CARTESIAN_POINT('',(8.25E0,-5.910360920354E0,-2.99E1));
#1459=CARTESIAN_POINT('',(8.25E0,3.510360920354E0,-2.99E1));
#1460=VERTEX_POINT('',#1458);
#1461=VERTEX_POINT('',#1459);
#1462=CARTESIAN_POINT('',(4.8E0,6.998170527624E0,-2.99E1));
#1463=VERTEX_POINT('',#1462);
#1464=CARTESIAN_POINT('',(4.8E0,1.05E1,-2.99E1));
#1465=VERTEX_POINT('',#1464);
#1466=CARTESIAN_POINT('',(-4.8E0,1.05E1,-2.99E1));
#1467=VERTEX_POINT('',#1466);
#1468=CARTESIAN_POINT('',(-4.8E0,6.998170527624E0,-2.99E1));
#1469=VERTEX_POINT('',#1468);
#1470=CARTESIAN_POINT('',(-8.25E0,3.510360920354E0,-2.99E1));
#1471=VERTEX_POINT('',#1470);
#1472=CARTESIAN_POINT('',(-8.25E0,-5.910360920354E0,-2.99E1));
#1473=VERTEX_POINT('',#1472);
#1474=CARTESIAN_POINT('',(0.E0,1.2E1,-1.44E1));
#1475=CARTESIAN_POINT('',(0.E0,-1.2E1,-1.44E1));
#1476=VERTEX_POINT('',#1474);
#1477=VERTEX_POINT('',#1475);
#1478=CARTESIAN_POINT('',(2.2E0,1.06E1,4.E0));
#1479=VERTEX_POINT('',#1478);
#1480=CARTESIAN_POINT('',(-2.2E0,1.06E1,4.E0));
#1481=VERTEX_POINT('',#1480);
#1482=CARTESIAN_POINT('',(2.2E0,1.06E1,3.3E0));
#1483=VERTEX_POINT('',#1482);
#1484=CARTESIAN_POINT('',(-2.2E0,1.06E1,3.3E0));
#1485=VERTEX_POINT('',#1484);
#1486=CARTESIAN_POINT('',(2.25E0,9.7E0,1.7E0));
#1487=CARTESIAN_POINT('',(2.75E0,1.02E1,1.7E0));
#1488=VERTEX_POINT('',#1486);
#1489=VERTEX_POINT('',#1487);
#1490=CARTESIAN_POINT('',(3.25E0,1.02E1,1.7E0));
#1491=VERTEX_POINT('',#1490);
#1492=CARTESIAN_POINT('',(5.25E0,1.22E1,1.7E0));
#1493=VERTEX_POINT('',#1492);
#1494=CARTESIAN_POINT('',(5.25E0,1.45E1,1.7E0));
#1495=VERTEX_POINT('',#1494);
#1496=CARTESIAN_POINT('',(-5.25E0,1.45E1,1.7E0));
#1497=CARTESIAN_POINT('',(-5.25E0,1.22E1,1.7E0));
#1498=VERTEX_POINT('',#1496);
#1499=VERTEX_POINT('',#1497);
#1500=CARTESIAN_POINT('',(-3.25E0,1.02E1,1.7E0));
#1501=VERTEX_POINT('',#1500);
#1502=CARTESIAN_POINT('',(-2.75E0,1.02E1,1.7E0));
#1503=VERTEX_POINT('',#1502);
#1504=CARTESIAN_POINT('',(-2.25E0,9.7E0,1.7E0));
#1505=VERTEX_POINT('',#1504);
#1506=CARTESIAN_POINT('',(2.75E0,1.02E1,2.9E0));
#1507=CARTESIAN_POINT('',(2.25E0,9.7E0,2.9E0));
#1508=VERTEX_POINT('',#1506);
#1509=VERTEX_POINT('',#1507);
#1510=CARTESIAN_POINT('',(3.25E0,1.02E1,2.9E0));
#1511=VERTEX_POINT('',#1510);
#1512=CARTESIAN_POINT('',(5.25E0,1.22E1,2.9E0));
#1513=VERTEX_POINT('',#1512);
#1514=CARTESIAN_POINT('',(5.25E0,1.45E1,2.9E0));
#1515=VERTEX_POINT('',#1514);
#1516=CARTESIAN_POINT('',(6.25E0,1.55E1,2.9E0));
#1517=VERTEX_POINT('',#1516);
#1518=CARTESIAN_POINT('',(-5.25E0,1.45E1,2.9E0));
#1519=CARTESIAN_POINT('',(-6.25E0,1.55E1,2.9E0));
#1520=VERTEX_POINT('',#1518);
#1521=VERTEX_POINT('',#1519);
#1522=CARTESIAN_POINT('',(-5.25E0,1.22E1,2.9E0));
#1523=VERTEX_POINT('',#1522);
#1524=CARTESIAN_POINT('',(-3.25E0,1.02E1,2.9E0));
#1525=VERTEX_POINT('',#1524);
#1526=CARTESIAN_POINT('',(-2.75E0,1.02E1,2.9E0));
#1527=VERTEX_POINT('',#1526);
#1528=CARTESIAN_POINT('',(-2.25E0,9.7E0,2.9E0));
#1529=VERTEX_POINT('',#1528);
#1530=CARTESIAN_POINT('',(-6.25E0,1.55E1,1.7E0));
#1531=CARTESIAN_POINT('',(6.25E0,1.55E1,1.7E0));
#1532=VERTEX_POINT('',#1530);
#1533=VERTEX_POINT('',#1531);
#1534=CARTESIAN_POINT('',(2.25E0,8.235438516571E0,1.7E0));
#1535=VERTEX_POINT('',#1534);
#1536=CARTESIAN_POINT('',(-2.25E0,8.235438516571E0,1.7E0));
#1537=VERTEX_POINT('',#1536);
#1538=CARTESIAN_POINT('',(-2.E0,9.3E0,2.2E0));
#1539=CARTESIAN_POINT('',(2.E0,9.3E0,2.2E0));
#1540=VERTEX_POINT('',#1538);
#1541=VERTEX_POINT('',#1539);
#1542=CARTESIAN_POINT('',(-2.E0,1.04E1,4.E0));
#1543=CARTESIAN_POINT('',(2.E0,1.04E1,4.E0));
#1544=VERTEX_POINT('',#1542);
#1545=VERTEX_POINT('',#1543);
#1546=CARTESIAN_POINT('',(-2.E0,1.04E1,3.3E0));
#1547=CARTESIAN_POINT('',(2.E0,1.04E1,3.3E0));
#1548=VERTEX_POINT('',#1546);
#1549=VERTEX_POINT('',#1547);
#1550=CARTESIAN_POINT('',(-2.E0,8.6E0,1.7E0));
#1551=CARTESIAN_POINT('',(-2.E0,9.3E0,1.7E0));
#1552=VERTEX_POINT('',#1550);
#1553=VERTEX_POINT('',#1551);
#1554=CARTESIAN_POINT('',(2.E0,8.6E0,1.7E0));
#1555=CARTESIAN_POINT('',(2.E0,9.3E0,1.7E0));
#1556=VERTEX_POINT('',#1554);
#1557=VERTEX_POINT('',#1555);
#1558=CARTESIAN_POINT('',(-2.E0,8.6E0,2.2E0));
#1559=VERTEX_POINT('',#1558);
#1560=CARTESIAN_POINT('',(2.E0,8.6E0,2.2E0));
#1561=VERTEX_POINT('',#1560);
#1562=CARTESIAN_POINT('',(-6.5E0,1.2E1,2.9E0));
#1563=CARTESIAN_POINT('',(-1.25E1,1.2E1,2.9E0));
#1564=VERTEX_POINT('',#1562);
#1565=VERTEX_POINT('',#1563);
#1566=CARTESIAN_POINT('',(1.25E1,-1.2E1,2.9E0));
#1567=CARTESIAN_POINT('',(6.5E0,-1.2E1,2.9E0));
#1568=VERTEX_POINT('',#1566);
#1569=VERTEX_POINT('',#1567);
#1570=CARTESIAN_POINT('',(-1.125E1,1.2E1,1.35E0));
#1571=CARTESIAN_POINT('',(-7.75E0,1.2E1,1.35E0));
#1572=VERTEX_POINT('',#1570);
#1573=VERTEX_POINT('',#1571);
#1574=CARTESIAN_POINT('',(-1.25E1,1.2E1,2.6E0));
#1575=CARTESIAN_POINT('',(-6.5E0,1.2E1,2.6E0));
#1576=VERTEX_POINT('',#1574);
#1577=VERTEX_POINT('',#1575);
#1578=CARTESIAN_POINT('',(7.75E0,-1.2E1,1.35E0));
#1579=CARTESIAN_POINT('',(1.125E1,-1.2E1,1.35E0));
#1580=VERTEX_POINT('',#1578);
#1581=VERTEX_POINT('',#1579);
#1582=CARTESIAN_POINT('',(6.5E0,-1.2E1,2.6E0));
#1583=CARTESIAN_POINT('',(1.25E1,-1.2E1,2.6E0));
#1584=VERTEX_POINT('',#1582);
#1585=VERTEX_POINT('',#1583);
#1586=CARTESIAN_POINT('',(2.25E0,8.748743639274E0,2.9E0));
#1587=VERTEX_POINT('',#1586);
#1588=CARTESIAN_POINT('',(-2.25E0,8.748743639274E0,2.9E0));
#1589=VERTEX_POINT('',#1588);
#1590=CARTESIAN_POINT('',(-9.7E0,-1.2E0,-9.8E0));
#1591=CARTESIAN_POINT('',(9.7E0,-1.2E0,-9.8E0));
#1592=VERTEX_POINT('',#1590);
#1593=VERTEX_POINT('',#1591);
#1594=VERTEX_POINT('',#804);
#1595=CARTESIAN_POINT('',(-9.7E0,-1.2E0,2.4E0));
#1596=VERTEX_POINT('',#1595);
#1597=CARTESIAN_POINT('',(9.7E0,-1.2E0,2.4E0));
#1598=VERTEX_POINT('',#1597);
#1599=VERTEX_POINT('',#928);
#1600=CARTESIAN_POINT('',(0.E0,0.E0,-2.99E1));
#1601=DIRECTION('',(0.E0,0.E0,-1.E0));
#1602=DIRECTION('',(0.E0,-1.E0,0.E0));
#1603=AXIS2_PLACEMENT_3D('',#1600,#1601,#1602);
#1604=PLANE('',#1603);
#1606=ORIENTED_EDGE('',*,*,#1605,.T.);
#1608=ORIENTED_EDGE('',*,*,#1607,.F.);
#1610=ORIENTED_EDGE('',*,*,#1609,.T.);
#1612=ORIENTED_EDGE('',*,*,#1611,.T.);
#1614=ORIENTED_EDGE('',*,*,#1613,.T.);
#1616=ORIENTED_EDGE('',*,*,#1615,.F.);
#1618=ORIENTED_EDGE('',*,*,#1617,.T.);
#1620=ORIENTED_EDGE('',*,*,#1619,.F.);
#1621=EDGE_LOOP('',(#1606,#1608,#1610,#1612,#1614,#1616,#1618,#1620));
#1622=FACE_OUTER_BOUND('',#1621,.F.);
#1624=ORIENTED_EDGE('',*,*,#1623,.T.);
#1626=ORIENTED_EDGE('',*,*,#1625,.T.);
#1628=ORIENTED_EDGE('',*,*,#1627,.T.);
#1630=ORIENTED_EDGE('',*,*,#1629,.T.);
#1632=ORIENTED_EDGE('',*,*,#1631,.T.);
#1634=ORIENTED_EDGE('',*,*,#1633,.T.);
#1636=ORIENTED_EDGE('',*,*,#1635,.T.);
#1638=ORIENTED_EDGE('',*,*,#1637,.T.);
#1640=ORIENTED_EDGE('',*,*,#1639,.T.);
#1642=ORIENTED_EDGE('',*,*,#1641,.T.);
#1644=ORIENTED_EDGE('',*,*,#1643,.T.);
#1646=ORIENTED_EDGE('',*,*,#1645,.T.);
#1647=EDGE_LOOP('',(#1624,#1626,#1628,#1630,#1632,#1634,#1636,#1638,#1640,#1642,
#1644,#1646));
#1648=FACE_BOUND('',#1647,.F.);
#1649=ADVANCED_FACE('',(#1622,#1648),#1604,.T.);
#1650=CARTESIAN_POINT('',(5.9E0,2.45E0,-2.99E1));
#1651=DIRECTION('',(1.E0,0.E0,0.E0));
#1652=DIRECTION('',(0.E0,-1.E0,0.E0));
#1653=AXIS2_PLACEMENT_3D('',#1650,#1651,#1652);
#1654=PLANE('',#1653);
#1655=ORIENTED_EDGE('',*,*,#1623,.F.);
#1657=ORIENTED_EDGE('',*,*,#1656,.T.);
#1659=ORIENTED_EDGE('',*,*,#1658,.T.);
#1661=ORIENTED_EDGE('',*,*,#1660,.F.);
#1662=EDGE_LOOP('',(#1655,#1657,#1659,#1661));
#1663=FACE_OUTER_BOUND('',#1662,.F.);
#1664=ADVANCED_FACE('',(#1663),#1654,.F.);
#1665=CARTESIAN_POINT('',(-5.9E0,2.45E0,-2.99E1));
#1666=DIRECTION('',(0.E0,1.E0,0.E0));
#1667=DIRECTION('',(1.E0,0.E0,0.E0));
#1668=AXIS2_PLACEMENT_3D('',#1665,#1666,#1667);
#1669=PLANE('',#1668);
#1670=ORIENTED_EDGE('',*,*,#1645,.F.);
#1672=ORIENTED_EDGE('',*,*,#1671,.T.);
#1674=ORIENTED_EDGE('',*,*,#1673,.T.);
#1675=ORIENTED_EDGE('',*,*,#1656,.F.);
#1676=EDGE_LOOP('',(#1670,#1672,#1674,#1675));
#1677=FACE_OUTER_BOUND('',#1676,.F.);
#1678=ADVANCED_FACE('',(#1677),#1669,.F.);
#1679=CARTESIAN_POINT('',(-5.9E0,-4.35E0,-2.99E1));
#1680=DIRECTION('',(-1.E0,0.E0,0.E0));
#1681=DIRECTION('',(0.E0,1.E0,0.E0));
#1682=AXIS2_PLACEMENT_3D('',#1679,#1680,#1681);
#1683=PLANE('',#1682);
#1684=ORIENTED_EDGE('',*,*,#1643,.F.);
#1686=ORIENTED_EDGE('',*,*,#1685,.T.);
#1688=ORIENTED_EDGE('',*,*,#1687,.T.);
#1689=ORIENTED_EDGE('',*,*,#1671,.F.);
#1690=EDGE_LOOP('',(#1684,#1686,#1688,#1689));
#1691=FACE_OUTER_BOUND('',#1690,.F.);
#1692=ADVANCED_FACE('',(#1691),#1683,.F.);
#1693=CARTESIAN_POINT('',(-3.3E0,-4.35E0,-2.99E1));
#1694=DIRECTION('',(0.E0,-1.E0,0.E0));
#1695=DIRECTION('',(-1.E0,0.E0,0.E0));
#1696=AXIS2_PLACEMENT_3D('',#1693,#1694,#1695);
#1697=PLANE('',#1696);
#1698=ORIENTED_EDGE('',*,*,#1641,.F.);
#1700=ORIENTED_EDGE('',*,*,#1699,.T.);
#1702=ORIENTED_EDGE('',*,*,#1701,.T.);
#1703=ORIENTED_EDGE('',*,*,#1685,.F.);
#1704=EDGE_LOOP('',(#1698,#1700,#1702,#1703));
#1705=FACE_OUTER_BOUND('',#1704,.F.);
#1706=ADVANCED_FACE('',(#1705),#1697,.F.);
#1707=CARTESIAN_POINT('',(-3.3E0,-6.35E0,-2.99E1));
#1708=DIRECTION('',(-1.E0,0.E0,0.E0));
#1709=DIRECTION('',(0.E0,1.E0,0.E0));
#1710=AXIS2_PLACEMENT_3D('',#1707,#1708,#1709);
#1711=PLANE('',#1710);
#1712=ORIENTED_EDGE('',*,*,#1639,.F.);
#1714=ORIENTED_EDGE('',*,*,#1713,.T.);
#1716=ORIENTED_EDGE('',*,*,#1715,.T.);
#1717=ORIENTED_EDGE('',*,*,#1699,.F.);
#1718=EDGE_LOOP('',(#1712,#1714,#1716,#1717));
#1719=FACE_OUTER_BOUND('',#1718,.F.);
#1720=ADVANCED_FACE('',(#1719),#1711,.F.);
#1721=CARTESIAN_POINT('',(-1.85E0,-6.35E0,-2.99E1));
#1722=DIRECTION('',(0.E0,-1.E0,0.E0));
#1723=DIRECTION('',(-1.E0,0.E0,0.E0));
#1724=AXIS2_PLACEMENT_3D('',#1721,#1722,#1723);
#1725=PLANE('',#1724);
#1726=ORIENTED_EDGE('',*,*,#1637,.F.);
#1728=ORIENTED_EDGE('',*,*,#1727,.T.);
#1730=ORIENTED_EDGE('',*,*,#1729,.T.);
#1731=ORIENTED_EDGE('',*,*,#1713,.F.);
#1732=EDGE_LOOP('',(#1726,#1728,#1730,#1731));
#1733=FACE_OUTER_BOUND('',#1732,.F.);
#1734=ADVANCED_FACE('',(#1733),#1725,.F.);
#1735=CARTESIAN_POINT('',(-1.85E0,-7.65E0,-2.99E1));
#1736=DIRECTION('',(-1.E0,0.E0,0.E0));
#1737=DIRECTION('',(0.E0,1.E0,0.E0));
#1738=AXIS2_PLACEMENT_3D('',#1735,#1736,#1737);
#1739=PLANE('',#1738);
#1740=ORIENTED_EDGE('',*,*,#1635,.F.);
#1742=ORIENTED_EDGE('',*,*,#1741,.T.);
#1744=ORIENTED_EDGE('',*,*,#1743,.T.);
#1745=ORIENTED_EDGE('',*,*,#1727,.F.);
#1746=EDGE_LOOP('',(#1740,#1742,#1744,#1745));
#1747=FACE_OUTER_BOUND('',#1746,.F.);
#1748=ADVANCED_FACE('',(#1747),#1739,.F.);
#1749=CARTESIAN_POINT('',(1.85E0,-7.65E0,-2.99E1));
#1750=DIRECTION('',(0.E0,-1.E0,0.E0));
#1751=DIRECTION('',(-1.E0,0.E0,0.E0));
#1752=AXIS2_PLACEMENT_3D('',#1749,#1750,#1751);
#1753=PLANE('',#1752);
#1754=ORIENTED_EDGE('',*,*,#1633,.F.);
#1756=ORIENTED_EDGE('',*,*,#1755,.T.);
#1758=ORIENTED_EDGE('',*,*,#1757,.T.);
#1759=ORIENTED_EDGE('',*,*,#1741,.F.);
#1760=EDGE_LOOP('',(#1754,#1756,#1758,#1759));
#1761=FACE_OUTER_BOUND('',#1760,.F.);
#1762=ADVANCED_FACE('',(#1761),#1753,.F.);
#1763=CARTESIAN_POINT('',(1.85E0,-6.35E0,-2.99E1));
#1764=DIRECTION('',(1.E0,0.E0,0.E0));
#1765=DIRECTION('',(0.E0,-1.E0,0.E0));
#1766=AXIS2_PLACEMENT_3D('',#1763,#1764,#1765);
#1767=PLANE('',#1766);
#1768=ORIENTED_EDGE('',*,*,#1631,.F.);
#1770=ORIENTED_EDGE('',*,*,#1769,.T.);
#1772=ORIENTED_EDGE('',*,*,#1771,.T.);
#1773=ORIENTED_EDGE('',*,*,#1755,.F.);
#1774=EDGE_LOOP('',(#1768,#1770,#1772,#1773));
#1775=FACE_OUTER_BOUND('',#1774,.F.);
#1776=ADVANCED_FACE('',(#1775),#1767,.F.);
#1777=CARTESIAN_POINT('',(3.3E0,-6.35E0,-2.99E1));
#1778=DIRECTION('',(0.E0,-1.E0,0.E0));
#1779=DIRECTION('',(-1.E0,0.E0,0.E0));
#1780=AXIS2_PLACEMENT_3D('',#1777,#1778,#1779);
#1781=PLANE('',#1780);
#1782=ORIENTED_EDGE('',*,*,#1629,.F.);
#1784=ORIENTED_EDGE('',*,*,#1783,.T.);
#1786=ORIENTED_EDGE('',*,*,#1785,.T.);
#1787=ORIENTED_EDGE('',*,*,#1769,.F.);
#1788=EDGE_LOOP('',(#1782,#1784,#1786,#1787));
#1789=FACE_OUTER_BOUND('',#1788,.F.);
#1790=ADVANCED_FACE('',(#1789),#1781,.F.);
#1791=CARTESIAN_POINT('',(3.3E0,-4.35E0,-2.99E1));
#1792=DIRECTION('',(1.E0,0.E0,0.E0));
#1793=DIRECTION('',(0.E0,-1.E0,0.E0));
#1794=AXIS2_PLACEMENT_3D('',#1791,#1792,#1793);
#1795=PLANE('',#1794);
#1796=ORIENTED_EDGE('',*,*,#1627,.F.);
#1798=ORIENTED_EDGE('',*,*,#1797,.T.);
#1800=ORIENTED_EDGE('',*,*,#1799,.T.);
#1801=ORIENTED_EDGE('',*,*,#1783,.F.);
#1802=EDGE_LOOP('',(#1796,#1798,#1800,#1801));
#1803=FACE_OUTER_BOUND('',#1802,.F.);
#1804=ADVANCED_FACE('',(#1803),#1795,.F.);
#1805=CARTESIAN_POINT('',(5.9E0,-4.35E0,-2.99E1));
#1806=DIRECTION('',(0.E0,-1.E0,0.E0));
#1807=DIRECTION('',(-1.E0,0.E0,0.E0));
#1808=AXIS2_PLACEMENT_3D('',#1805,#1806,#1807);
#1809=PLANE('',#1808);
#1810=ORIENTED_EDGE('',*,*,#1625,.F.);
#1811=ORIENTED_EDGE('',*,*,#1660,.T.);
#1813=ORIENTED_EDGE('',*,*,#1812,.T.);
#1814=ORIENTED_EDGE('',*,*,#1797,.F.);
#1815=EDGE_LOOP('',(#1810,#1811,#1813,#1814));
#1816=FACE_OUTER_BOUND('',#1815,.F.);
#1817=ADVANCED_FACE('',(#1816),#1809,.F.);
#1818=CARTESIAN_POINT('',(0.E0,0.E0,-1.44E1));
#1819=DIRECTION('',(0.E0,0.E0,-1.E0));
#1820=DIRECTION('',(-1.E0,0.E0,0.E0));
#1821=AXIS2_PLACEMENT_3D('',#1818,#1819,#1820);
#1822=PLANE('',#1821);
#1823=ORIENTED_EDGE('',*,*,#1658,.F.);
#1824=ORIENTED_EDGE('',*,*,#1673,.F.);
#1825=ORIENTED_EDGE('',*,*,#1687,.F.);
#1826=ORIENTED_EDGE('',*,*,#1701,.F.);
#1827=ORIENTED_EDGE('',*,*,#1715,.F.);
#1828=ORIENTED_EDGE('',*,*,#1729,.F.);
#1829=ORIENTED_EDGE('',*,*,#1743,.F.);
#1830=ORIENTED_EDGE('',*,*,#1757,.F.);
#1831=ORIENTED_EDGE('',*,*,#1771,.F.);
#1832=ORIENTED_EDGE('',*,*,#1785,.F.);
#1833=ORIENTED_EDGE('',*,*,#1799,.F.);
#1834=ORIENTED_EDGE('',*,*,#1812,.F.);
#1835=EDGE_LOOP('',(#1823,#1824,#1825,#1826,#1827,#1828,#1829,#1830,#1831,#1832,
#1833,#1834));
#1836=FACE_OUTER_BOUND('',#1835,.F.);
#1837=ADVANCED_FACE('',(#1836),#1822,.T.);
#1838=CARTESIAN_POINT('',(0.E0,0.E0,-1.44E1));
#1839=DIRECTION('',(0.E0,0.E0,-1.E0));
#1840=DIRECTION('',(-1.E0,0.E0,0.E0));
#1841=AXIS2_PLACEMENT_3D('',#1838,#1839,#1840);
#1842=PLANE('',#1841);
#1844=ORIENTED_EDGE('',*,*,#1843,.F.);
#1846=ORIENTED_EDGE('',*,*,#1845,.F.);
#1847=EDGE_LOOP('',(#1844,#1846));
#1848=FACE_OUTER_BOUND('',#1847,.F.);
#1850=ORIENTED_EDGE('',*,*,#1849,.F.);
#1852=ORIENTED_EDGE('',*,*,#1851,.F.);
#1854=ORIENTED_EDGE('',*,*,#1853,.F.);
#1856=ORIENTED_EDGE('',*,*,#1855,.F.);
#1858=ORIENTED_EDGE('',*,*,#1857,.F.);
#1860=ORIENTED_EDGE('',*,*,#1859,.F.);
#1862=ORIENTED_EDGE('',*,*,#1861,.F.);
#1864=ORIENTED_EDGE('',*,*,#1863,.F.);
#1865=EDGE_LOOP('',(#1850,#1852,#1854,#1856,#1858,#1860,#1862,#1864));
#1866=FACE_BOUND('',#1865,.F.);
#1867=ADVANCED_FACE('',(#1848,#1866),#1842,.T.);
#1868=CARTESIAN_POINT('',(8.25E0,-5.910360920354E0,-2.99E1));
#1869=DIRECTION('',(-1.E0,0.E0,0.E0));
#1870=DIRECTION('',(0.E0,1.E0,0.E0));
#1871=AXIS2_PLACEMENT_3D('',#1868,#1869,#1870);
#1872=PLANE('',#1871);
#1873=ORIENTED_EDGE('',*,*,#1605,.F.);
#1875=ORIENTED_EDGE('',*,*,#1874,.T.);
#1876=ORIENTED_EDGE('',*,*,#1849,.T.);
#1878=ORIENTED_EDGE('',*,*,#1877,.F.);
#1879=EDGE_LOOP('',(#1873,#1875,#1876,#1878));
#1880=FACE_OUTER_BOUND('',#1879,.F.);
#1881=ADVANCED_FACE('',(#1880),#1872,.F.);
#1882=CARTESIAN_POINT('',(0.E0,-1.2E0,-2.99E1));
#1883=DIRECTION('',(0.E0,0.E0,-1.E0));
#1884=DIRECTION('',(-1.E0,0.E0,0.E0));
#1885=AXIS2_PLACEMENT_3D('',#1882,#1883,#1884);
#1886=CYLINDRICAL_SURFACE('',#1885,9.5E0);
#1887=ORIENTED_EDGE('',*,*,#1619,.T.);
#1889=ORIENTED_EDGE('',*,*,#1888,.T.);
#1890=ORIENTED_EDGE('',*,*,#1851,.T.);
#1891=ORIENTED_EDGE('',*,*,#1874,.F.);
#1892=EDGE_LOOP('',(#1887,#1889,#1890,#1891));
#1893=FACE_OUTER_BOUND('',#1892,.F.);
#1894=ADVANCED_FACE('',(#1893),#1886,.T.);
#1895=CARTESIAN_POINT('',(-8.25E0,3.510360920354E0,-2.99E1));
#1896=DIRECTION('',(1.E0,0.E0,0.E0));
#1897=DIRECTION('',(0.E0,-1.E0,0.E0));
#1898=AXIS2_PLACEMENT_3D('',#1895,#1896,#1897);
#1899=PLANE('',#1898);
#1900=ORIENTED_EDGE('',*,*,#1617,.F.);
#1902=ORIENTED_EDGE('',*,*,#1901,.T.);
#1903=ORIENTED_EDGE('',*,*,#1853,.T.);
#1904=ORIENTED_EDGE('',*,*,#1888,.F.);
#1905=EDGE_LOOP('',(#1900,#1902,#1903,#1904));
#1906=FACE_OUTER_BOUND('',#1905,.F.);
#1907=ADVANCED_FACE('',(#1906),#1899,.F.);
#1908=CARTESIAN_POINT('',(0.E0,-1.2E0,-2.99E1));
#1909=DIRECTION('',(0.E0,0.E0,-1.E0));
#1910=DIRECTION('',(-1.E0,0.E0,0.E0));
#1911=AXIS2_PLACEMENT_3D('',#1908,#1909,#1910);
#1912=CYLINDRICAL_SURFACE('',#1911,9.5E0);
#1913=ORIENTED_EDGE('',*,*,#1615,.T.);
#1915=ORIENTED_EDGE('',*,*,#1914,.T.);
#1916=ORIENTED_EDGE('',*,*,#1855,.T.);
#1917=ORIENTED_EDGE('',*,*,#1901,.F.);
#1918=EDGE_LOOP('',(#1913,#1915,#1916,#1917));
#1919=FACE_OUTER_BOUND('',#1918,.F.);
#1920=ADVANCED_FACE('',(#1919),#1912,.T.);
#1921=CARTESIAN_POINT('',(-4.8E0,1.05E1,-2.99E1));
#1922=DIRECTION('',(1.E0,0.E0,0.E0));
#1923=DIRECTION('',(0.E0,-1.E0,0.E0));
#1924=AXIS2_PLACEMENT_3D('',#1921,#1922,#1923);
#1925=PLANE('',#1924);
#1926=ORIENTED_EDGE('',*,*,#1613,.F.);
#1928=ORIENTED_EDGE('',*,*,#1927,.T.);
#1929=ORIENTED_EDGE('',*,*,#1857,.T.);
#1930=ORIENTED_EDGE('',*,*,#1914,.F.);
#1931=EDGE_LOOP('',(#1926,#1928,#1929,#1930));
#1932=FACE_OUTER_BOUND('',#1931,.F.);
#1933=ADVANCED_FACE('',(#1932),#1925,.F.);
#1934=CARTESIAN_POINT('',(4.8E0,1.05E1,-2.99E1));
#1935=DIRECTION('',(0.E0,-1.E0,0.E0));
#1936=DIRECTION('',(-1.E0,0.E0,0.E0));
#1937=AXIS2_PLACEMENT_3D('',#1934,#1935,#1936);
#1938=PLANE('',#1937);
#1939=ORIENTED_EDGE('',*,*,#1611,.F.);
#1941=ORIENTED_EDGE('',*,*,#1940,.T.);
#1942=ORIENTED_EDGE('',*,*,#1859,.T.);
#1943=ORIENTED_EDGE('',*,*,#1927,.F.);
#1944=EDGE_LOOP('',(#1939,#1941,#1942,#1943));
#1945=FACE_OUTER_BOUND('',#1944,.F.);
#1946=ADVANCED_FACE('',(#1945),#1938,.F.);
#1947=CARTESIAN_POINT('',(4.8E0,6.998170527624E0,-2.99E1));
#1948=DIRECTION('',(-1.E0,0.E0,0.E0));
#1949=DIRECTION('',(0.E0,1.E0,0.E0));
#1950=AXIS2_PLACEMENT_3D('',#1947,#1948,#1949);
#1951=PLANE('',#1950);
#1952=ORIENTED_EDGE('',*,*,#1609,.F.);
#1954=ORIENTED_EDGE('',*,*,#1953,.T.);
#1955=ORIENTED_EDGE('',*,*,#1861,.T.);
#1956=ORIENTED_EDGE('',*,*,#1940,.F.);
#1957=EDGE_LOOP('',(#1952,#1954,#1955,#1956));
#1958=FACE_OUTER_BOUND('',#1957,.F.);
#1959=ADVANCED_FACE('',(#1958),#1951,.F.);
#1960=CARTESIAN_POINT('',(0.E0,-1.2E0,-2.99E1));
#1961=DIRECTION('',(0.E0,0.E0,-1.E0));
#1962=DIRECTION('',(-1.E0,0.E0,0.E0));
#1963=AXIS2_PLACEMENT_3D('',#1960,#1961,#1962);
#1964=CYLINDRICAL_SURFACE('',#1963,9.5E0);
#1965=ORIENTED_EDGE('',*,*,#1607,.T.);
#1966=ORIENTED_EDGE('',*,*,#1877,.T.);
#1967=ORIENTED_EDGE('',*,*,#1863,.T.);
#1968=ORIENTED_EDGE('',*,*,#1953,.F.);
#1969=EDGE_LOOP('',(#1965,#1966,#1967,#1968));
#1970=FACE_OUTER_BOUND('',#1969,.F.);
#1971=ADVANCED_FACE('',(#1970),#1964,.T.);
#1972=CARTESIAN_POINT('',(0.E0,0.E0,4.54E0));
#1973=DIRECTION('',(0.E0,0.E0,-1.E0));
#1974=DIRECTION('',(0.E0,-1.E0,0.E0));
#1975=AXIS2_PLACEMENT_3D('',#1972,#1973,#1974);
#1976=CYLINDRICAL_SURFACE('',#1975,1.2E1);
#1977=ORIENTED_EDGE('',*,*,#1843,.T.);
#1979=ORIENTED_EDGE('',*,*,#1978,.T.);
#1981=ORIENTED_EDGE('',*,*,#1980,.F.);
#1983=ORIENTED_EDGE('',*,*,#1982,.F.);
#1984=EDGE_LOOP('',(#1977,#1979,#1981,#1983));
#1985=FACE_OUTER_BOUND('',#1984,.F.);
#1986=ADVANCED_FACE('',(#1985),#1976,.T.);
#1987=CARTESIAN_POINT('',(0.E0,0.E0,4.54E0));
#1988=DIRECTION('',(0.E0,0.E0,-1.E0));
#1989=DIRECTION('',(0.E0,-1.E0,0.E0));
#1990=AXIS2_PLACEMENT_3D('',#1987,#1988,#1989);
#1991=CYLINDRICAL_SURFACE('',#1990,1.2E1);
#1992=ORIENTED_EDGE('',*,*,#1845,.T.);
#1993=ORIENTED_EDGE('',*,*,#1982,.T.);
#1995=ORIENTED_EDGE('',*,*,#1994,.T.);
#1996=ORIENTED_EDGE('',*,*,#1978,.F.);
#1997=EDGE_LOOP('',(#1992,#1993,#1995,#1996));
#1998=FACE_OUTER_BOUND('',#1997,.F.);
#1999=ADVANCED_FACE('',(#1998),#1991,.T.);
#2000=CARTESIAN_POINT('',(0.E0,0.E0,0.E0));
#2001=DIRECTION('',(0.E0,0.E0,-1.E0));
#2002=DIRECTION('',(0.E0,-1.E0,0.E0));
#2003=AXIS2_PLACEMENT_3D('',#2000,#2001,#2002);
#2004=PLANE('',#2003);
#2006=ORIENTED_EDGE('',*,*,#2005,.F.);
#2008=ORIENTED_EDGE('',*,*,#2007,.T.);
#2010=ORIENTED_EDGE('',*,*,#2009,.F.);
#2012=ORIENTED_EDGE('',*,*,#2011,.T.);
#2014=ORIENTED_EDGE('',*,*,#2013,.F.);
#2016=ORIENTED_EDGE('',*,*,#2015,.T.);
#2018=ORIENTED_EDGE('',*,*,#2017,.F.);
#2020=ORIENTED_EDGE('',*,*,#2019,.T.);
#2021=EDGE_LOOP('',(#2006,#2008,#2010,#2012,#2014,#2016,#2018,#2020));
#2022=FACE_OUTER_BOUND('',#2021,.F.);
#2024=ORIENTED_EDGE('',*,*,#2023,.F.);
#2026=ORIENTED_EDGE('',*,*,#2025,.F.);
#2027=EDGE_LOOP('',(#2024,#2026));
#2028=FACE_BOUND('',#2027,.F.);
#2030=ORIENTED_EDGE('',*,*,#2029,.F.);
#2032=ORIENTED_EDGE('',*,*,#2031,.F.);
#2033=EDGE_LOOP('',(#2030,#2032));
#2034=FACE_BOUND('',#2033,.F.);
#2035=ORIENTED_EDGE('',*,*,#1980,.T.);
#2036=ORIENTED_EDGE('',*,*,#1994,.F.);
#2037=EDGE_LOOP('',(#2035,#2036));
#2038=FACE_BOUND('',#2037,.F.);
#2039=ADVANCED_FACE('',(#2022,#2028,#2034,#2038),#2004,.T.);
#2040=CARTESIAN_POINT('',(-9.5E0,1.2E1,0.E0));
#2041=DIRECTION('',(0.E0,0.E0,1.E0));
#2042=DIRECTION('',(1.E0,0.E0,0.E0));
#2043=AXIS2_PLACEMENT_3D('',#2040,#2041,#2042);
#2044=CYLINDRICAL_SURFACE('',#2043,1.75E0);
#2046=ORIENTED_EDGE('',*,*,#2045,.F.);
#2048=ORIENTED_EDGE('',*,*,#2047,.T.);
#2049=ORIENTED_EDGE('',*,*,#2023,.T.);
#2051=ORIENTED_EDGE('',*,*,#2050,.F.);
#2052=EDGE_LOOP('',(#2046,#2048,#2049,#2051));
#2053=FACE_OUTER_BOUND('',#2052,.F.);
#2054=ADVANCED_FACE('',(#2053),#2044,.F.);
#2055=CARTESIAN_POINT('',(-9.5E0,1.2E1,1.974999998765E0));
#2056=DIRECTION('',(0.E0,0.E0,1.E0));
#2057=DIRECTION('',(0.E0,-1.E0,0.E0));
#2058=AXIS2_PLACEMENT_3D('',#2055,#2056,#2057);
#2059=CONICAL_SURFACE('',#2058,2.374999998765E0,4.5E1);
#2060=ORIENTED_EDGE('',*,*,#2045,.T.);
#2062=ORIENTED_EDGE('',*,*,#2061,.T.);
#2064=ORIENTED_EDGE('',*,*,#2063,.F.);
#2066=ORIENTED_EDGE('',*,*,#2065,.F.);
#2067=EDGE_LOOP('',(#2060,#2062,#2064,#2066));
#2068=FACE_OUTER_BOUND('',#2067,.F.);
#2069=ADVANCED_FACE('',(#2068),#2059,.F.);
#2070=CARTESIAN_POINT('',(-9.5E0,1.2E1,1.974999998765E0));
#2071=DIRECTION('',(0.E0,0.E0,1.E0));
#2072=DIRECTION('',(0.E0,-1.E0,0.E0));
#2073=AXIS2_PLACEMENT_3D('',#2070,#2071,#2072);
#2074=CONICAL_SURFACE('',#2073,2.374999998765E0,4.5E1);
#2076=ORIENTED_EDGE('',*,*,#2075,.T.);
#2077=ORIENTED_EDGE('',*,*,#2065,.T.);
#2079=ORIENTED_EDGE('',*,*,#2078,.F.);
#2080=ORIENTED_EDGE('',*,*,#2061,.F.);
#2081=EDGE_LOOP('',(#2076,#2077,#2079,#2080));
#2082=FACE_OUTER_BOUND('',#2081,.F.);
#2083=ADVANCED_FACE('',(#2082),#2074,.F.);
#2084=CARTESIAN_POINT('',(-9.5E0,1.2E1,0.E0));
#2085=DIRECTION('',(0.E0,0.E0,1.E0));
#2086=DIRECTION('',(1.E0,0.E0,0.E0));
#2087=AXIS2_PLACEMENT_3D('',#2084,#2085,#2086);
#2088=CYLINDRICAL_SURFACE('',#2087,1.75E0);
#2089=ORIENTED_EDGE('',*,*,#2075,.F.);
#2090=ORIENTED_EDGE('',*,*,#2050,.T.);
#2091=ORIENTED_EDGE('',*,*,#2025,.T.);
#2092=ORIENTED_EDGE('',*,*,#2047,.F.);
#2093=EDGE_LOOP('',(#2089,#2090,#2091,#2092));
#2094=FACE_OUTER_BOUND('',#2093,.F.);
#2095=ADVANCED_FACE('',(#2094),#2088,.F.);
#2096=CARTESIAN_POINT('',(-9.5E0,1.2E1,2.9E0));
#2097=DIRECTION('',(0.E0,0.E0,1.E0));
#2098=DIRECTION('',(1.E0,0.E0,0.E0));
#2099=AXIS2_PLACEMENT_3D('',#2096,#2097,#2098);
#2100=CYLINDRICAL_SURFACE('',#2099,3.E0);
#2101=ORIENTED_EDGE('',*,*,#2078,.T.);
#2103=ORIENTED_EDGE('',*,*,#2102,.F.);
#2105=ORIENTED_EDGE('',*,*,#2104,.F.);
#2107=ORIENTED_EDGE('',*,*,#2106,.T.);
#2108=EDGE_LOOP('',(#2101,#2103,#2105,#2107));
#2109=FACE_OUTER_BOUND('',#2108,.F.);
#2110=ADVANCED_FACE('',(#2109),#2100,.F.);
#2111=CARTESIAN_POINT('',(-9.5E0,1.2E1,2.9E0));
#2112=DIRECTION('',(0.E0,0.E0,1.E0));
#2113=DIRECTION('',(1.E0,0.E0,0.E0));
#2114=AXIS2_PLACEMENT_3D('',#2111,#2112,#2113);
#2115=CYLINDRICAL_SURFACE('',#2114,3.E0);
#2116=ORIENTED_EDGE('',*,*,#2063,.T.);
#2117=ORIENTED_EDGE('',*,*,#2106,.F.);
#2119=ORIENTED_EDGE('',*,*,#2118,.F.);
#2120=ORIENTED_EDGE('',*,*,#2102,.T.);
#2121=EDGE_LOOP('',(#2116,#2117,#2119,#2120));
#2122=FACE_OUTER_BOUND('',#2121,.F.);
#2123=ADVANCED_FACE('',(#2122),#2115,.F.);
#2124=CARTESIAN_POINT('',(0.E0,0.E0,2.9E0));
#2125=DIRECTION('',(0.E0,0.E0,-1.E0));
#2126=DIRECTION('',(0.E0,-1.E0,0.E0));
#2127=AXIS2_PLACEMENT_3D('',#2124,#2125,#2126);
#2128=PLANE('',#2127);
#2130=ORIENTED_EDGE('',*,*,#2129,.T.);
#2132=ORIENTED_EDGE('',*,*,#2131,.F.);
#2134=ORIENTED_EDGE('',*,*,#2133,.T.);
#2136=ORIENTED_EDGE('',*,*,#2135,.T.);
#2138=ORIENTED_EDGE('',*,*,#2137,.T.);
#2140=ORIENTED_EDGE('',*,*,#2139,.F.);
#2142=ORIENTED_EDGE('',*,*,#2141,.T.);
#2144=ORIENTED_EDGE('',*,*,#2143,.F.);
#2146=ORIENTED_EDGE('',*,*,#2145,.T.);
#2148=ORIENTED_EDGE('',*,*,#2147,.F.);
#2150=ORIENTED_EDGE('',*,*,#2149,.T.);
#2152=ORIENTED_EDGE('',*,*,#2151,.F.);
#2154=ORIENTED_EDGE('',*,*,#2153,.T.);
#2156=ORIENTED_EDGE('',*,*,#2155,.F.);
#2158=ORIENTED_EDGE('',*,*,#2157,.T.);
#2160=ORIENTED_EDGE('',*,*,#2159,.F.);
#2162=ORIENTED_EDGE('',*,*,#2161,.T.);
#2164=ORIENTED_EDGE('',*,*,#2163,.T.);
#2166=ORIENTED_EDGE('',*,*,#2165,.T.);
#2168=ORIENTED_EDGE('',*,*,#2167,.F.);
#2170=ORIENTED_EDGE('',*,*,#2169,.T.);
#2172=ORIENTED_EDGE('',*,*,#2171,.F.);
#2173=EDGE_LOOP('',(#2130,#2132,#2134,#2136,#2138,#2140,#2142,#2144,#2146,#2148,
#2150,#2152,#2154,#2156,#2158,#2160,#2162,#2164,#2166,#2168,#2170,#2172));
#2174=FACE_OUTER_BOUND('',#2173,.F.);
#2175=ORIENTED_EDGE('',*,*,#2118,.T.);
#2176=ORIENTED_EDGE('',*,*,#2104,.T.);
#2177=EDGE_LOOP('',(#2175,#2176));
#2178=FACE_BOUND('',#2177,.F.);
#2180=ORIENTED_EDGE('',*,*,#2179,.T.);
#2182=ORIENTED_EDGE('',*,*,#2181,.T.);
#2183=EDGE_LOOP('',(#2180,#2182));
#2184=FACE_BOUND('',#2183,.F.);
#2185=ADVANCED_FACE('',(#2174,#2178,#2184),#2128,.F.);
#2186=CARTESIAN_POINT('',(0.E0,0.E0,2.9E0));
#2187=DIRECTION('',(0.E0,0.E0,-1.E0));
#2188=DIRECTION('',(0.E0,-1.E0,0.E0));
#2189=AXIS2_PLACEMENT_3D('',#2186,#2187,#2188);
#2190=PLANE('',#2189);
#2192=ORIENTED_EDGE('',*,*,#2191,.F.);
#2194=ORIENTED_EDGE('',*,*,#2193,.F.);
#2196=ORIENTED_EDGE('',*,*,#2195,.F.);
#2198=ORIENTED_EDGE('',*,*,#2197,.F.);
#2200=ORIENTED_EDGE('',*,*,#2199,.F.);
#2202=ORIENTED_EDGE('',*,*,#2201,.F.);
#2204=ORIENTED_EDGE('',*,*,#2203,.F.);
#2206=ORIENTED_EDGE('',*,*,#2205,.F.);
#2207=EDGE_LOOP('',(#2192,#2194,#2196,#2198,#2200,#2202,#2204,#2206));
#2208=FACE_OUTER_BOUND('',#2207,.F.);
#2210=ORIENTED_EDGE('',*,*,#2209,.F.);
#2212=ORIENTED_EDGE('',*,*,#2211,.F.);
#2214=ORIENTED_EDGE('',*,*,#2213,.F.);
#2216=ORIENTED_EDGE('',*,*,#2215,.F.);
#2218=ORIENTED_EDGE('',*,*,#2217,.F.);
#2220=ORIENTED_EDGE('',*,*,#2219,.F.);
#2222=ORIENTED_EDGE('',*,*,#2221,.F.);
#2224=ORIENTED_EDGE('',*,*,#2223,.F.);
#2226=ORIENTED_EDGE('',*,*,#2225,.F.);
#2228=ORIENTED_EDGE('',*,*,#2227,.F.);
#2230=ORIENTED_EDGE('',*,*,#2229,.F.);
#2232=ORIENTED_EDGE('',*,*,#2231,.F.);
#2233=EDGE_LOOP('',(#2210,#2212,#2214,#2216,#2218,#2220,#2222,#2224,#2226,#2228,
#2230,#2232));
#2234=FACE_BOUND('',#2233,.F.);
#2235=ADVANCED_FACE('',(#2208,#2234),#2190,.F.);
#2236=CARTESIAN_POINT('',(5.9E0,2.45E0,-9.8E0));
#2237=DIRECTION('',(-1.E0,0.E0,0.E0));
#2238=DIRECTION('',(0.E0,-1.E0,0.E0));
#2239=AXIS2_PLACEMENT_3D('',#2236,#2237,#2238);
#2240=PLANE('',#2239);
#2242=ORIENTED_EDGE('',*,*,#2241,.F.);
#2244=ORIENTED_EDGE('',*,*,#2243,.T.);
#2245=ORIENTED_EDGE('',*,*,#2209,.T.);
#2247=ORIENTED_EDGE('',*,*,#2246,.F.);
#2248=EDGE_LOOP('',(#2242,#2244,#2245,#2247));
#2249=FACE_OUTER_BOUND('',#2248,.F.);
#2250=ADVANCED_FACE('',(#2249),#2240,.T.);
#2251=CARTESIAN_POINT('',(0.E0,0.E0,-9.8E0));
#2252=DIRECTION('',(0.E0,0.E0,-1.E0));
#2253=DIRECTION('',(0.E0,-1.E0,0.E0));
#2254=AXIS2_PLACEMENT_3D('',#2251,#2252,#2253);
#2255=PLANE('',#2254);
#2256=ORIENTED_EDGE('',*,*,#2241,.T.);
#2258=ORIENTED_EDGE('',*,*,#2257,.T.);
#2260=ORIENTED_EDGE('',*,*,#2259,.T.);
#2262=ORIENTED_EDGE('',*,*,#2261,.T.);
#2264=ORIENTED_EDGE('',*,*,#2263,.T.);
#2266=ORIENTED_EDGE('',*,*,#2265,.T.);
#2268=ORIENTED_EDGE('',*,*,#2267,.T.);
#2270=ORIENTED_EDGE('',*,*,#2269,.T.);
#2272=ORIENTED_EDGE('',*,*,#2271,.T.);
#2274=ORIENTED_EDGE('',*,*,#2273,.T.);
#2276=ORIENTED_EDGE('',*,*,#2275,.T.);
#2278=ORIENTED_EDGE('',*,*,#2277,.T.);
#2279=EDGE_LOOP('',(#2256,#2258,#2260,#2262,#2264,#2266,#2268,#2270,#2272,#2274,
#2276,#2278));
#2280=FACE_OUTER_BOUND('',#2279,.F.);
#2281=ADVANCED_FACE('',(#2280),#2255,.F.);
#2282=CARTESIAN_POINT('',(0.E0,0.E0,-9.8E0));
#2283=DIRECTION('',(0.E0,0.E0,-1.E0));
#2284=DIRECTION('',(0.E0,-1.E0,0.E0));
#2285=AXIS2_PLACEMENT_3D('',#2282,#2283,#2284);
#2286=PLANE('',#2285);
#2288=ORIENTED_EDGE('',*,*,#2287,.F.);
#2290=ORIENTED_EDGE('',*,*,#2289,.F.);
#2291=EDGE_LOOP('',(#2288,#2290));
#2292=FACE_OUTER_BOUND('',#2291,.F.);
#2294=ORIENTED_EDGE('',*,*,#2293,.T.);
#2296=ORIENTED_EDGE('',*,*,#2295,.T.);
#2298=ORIENTED_EDGE('',*,*,#2297,.T.);
#2300=ORIENTED_EDGE('',*,*,#2299,.T.);
#2301=EDGE_LOOP('',(#2294,#2296,#2298,#2300));
#2302=FACE_BOUND('',#2301,.F.);
#2303=ADVANCED_FACE('',(#2292,#2302),#2286,.F.);
#2304=CARTESIAN_POINT('',(5.9E0,-4.35E0,-9.8E0));
#2305=DIRECTION('',(0.E0,1.E0,0.E0));
#2306=DIRECTION('',(-1.E0,0.E0,0.E0));
#2307=AXIS2_PLACEMENT_3D('',#2304,#2305,#2306);
#2308=PLANE('',#2307);
#2309=ORIENTED_EDGE('',*,*,#2257,.F.);
#2310=ORIENTED_EDGE('',*,*,#2246,.T.);
#2311=ORIENTED_EDGE('',*,*,#2231,.T.);
#2313=ORIENTED_EDGE('',*,*,#2312,.F.);
#2314=EDGE_LOOP('',(#2309,#2310,#2311,#2313));
#2315=FACE_OUTER_BOUND('',#2314,.F.);
#2316=ADVANCED_FACE('',(#2315),#2308,.T.);
#2317=CARTESIAN_POINT('',(3.3E0,-4.35E0,-9.8E0));
#2318=DIRECTION('',(-1.E0,0.E0,0.E0));
#2319=DIRECTION('',(0.E0,-1.E0,0.E0));
#2320=AXIS2_PLACEMENT_3D('',#2317,#2318,#2319);
#2321=PLANE('',#2320);
#2322=ORIENTED_EDGE('',*,*,#2259,.F.);
#2323=ORIENTED_EDGE('',*,*,#2312,.T.);
#2324=ORIENTED_EDGE('',*,*,#2229,.T.);
#2326=ORIENTED_EDGE('',*,*,#2325,.F.);
#2327=EDGE_LOOP('',(#2322,#2323,#2324,#2326));
#2328=FACE_OUTER_BOUND('',#2327,.F.);
#2329=ADVANCED_FACE('',(#2328),#2321,.T.);
#2330=CARTESIAN_POINT('',(3.3E0,-6.35E0,-9.8E0));
#2331=DIRECTION('',(0.E0,1.E0,0.E0));
#2332=DIRECTION('',(-1.E0,0.E0,0.E0));
#2333=AXIS2_PLACEMENT_3D('',#2330,#2331,#2332);
#2334=PLANE('',#2333);
#2335=ORIENTED_EDGE('',*,*,#2261,.F.);
#2336=ORIENTED_EDGE('',*,*,#2325,.T.);
#2337=ORIENTED_EDGE('',*,*,#2227,.T.);
#2339=ORIENTED_EDGE('',*,*,#2338,.F.);
#2340=EDGE_LOOP('',(#2335,#2336,#2337,#2339));
#2341=FACE_OUTER_BOUND('',#2340,.F.);
#2342=ADVANCED_FACE('',(#2341),#2334,.T.);
#2343=CARTESIAN_POINT('',(1.85E0,-6.35E0,-9.8E0));
#2344=DIRECTION('',(-1.E0,0.E0,0.E0));
#2345=DIRECTION('',(0.E0,-1.E0,0.E0));
#2346=AXIS2_PLACEMENT_3D('',#2343,#2344,#2345);
#2347=PLANE('',#2346);
#2348=ORIENTED_EDGE('',*,*,#2263,.F.);
#2349=ORIENTED_EDGE('',*,*,#2338,.T.);
#2350=ORIENTED_EDGE('',*,*,#2225,.T.);
#2352=ORIENTED_EDGE('',*,*,#2351,.F.);
#2353=EDGE_LOOP('',(#2348,#2349,#2350,#2352));
#2354=FACE_OUTER_BOUND('',#2353,.F.);
#2355=ADVANCED_FACE('',(#2354),#2347,.T.);
#2356=CARTESIAN_POINT('',(1.85E0,-7.65E0,-9.8E0));
#2357=DIRECTION('',(0.E0,1.E0,0.E0));
#2358=DIRECTION('',(-1.E0,0.E0,0.E0));
#2359=AXIS2_PLACEMENT_3D('',#2356,#2357,#2358);
#2360=PLANE('',#2359);
#2361=ORIENTED_EDGE('',*,*,#2265,.F.);
#2362=ORIENTED_EDGE('',*,*,#2351,.T.);
#2363=ORIENTED_EDGE('',*,*,#2223,.T.);
#2365=ORIENTED_EDGE('',*,*,#2364,.F.);
#2366=EDGE_LOOP('',(#2361,#2362,#2363,#2365));
#2367=FACE_OUTER_BOUND('',#2366,.F.);
#2368=ADVANCED_FACE('',(#2367),#2360,.T.);
#2369=CARTESIAN_POINT('',(-1.85E0,-7.65E0,-9.8E0));
#2370=DIRECTION('',(1.E0,0.E0,0.E0));
#2371=DIRECTION('',(0.E0,1.E0,0.E0));
#2372=AXIS2_PLACEMENT_3D('',#2369,#2370,#2371);
#2373=PLANE('',#2372);
#2374=ORIENTED_EDGE('',*,*,#2267,.F.);
#2375=ORIENTED_EDGE('',*,*,#2364,.T.);
#2376=ORIENTED_EDGE('',*,*,#2221,.T.);
#2378=ORIENTED_EDGE('',*,*,#2377,.F.);
#2379=EDGE_LOOP('',(#2374,#2375,#2376,#2378));
#2380=FACE_OUTER_BOUND('',#2379,.F.);
#2381=ADVANCED_FACE('',(#2380),#2373,.T.);
#2382=CARTESIAN_POINT('',(-1.85E0,-6.35E0,-9.8E0));
#2383=DIRECTION('',(0.E0,1.E0,0.E0));
#2384=DIRECTION('',(-1.E0,0.E0,0.E0));
#2385=AXIS2_PLACEMENT_3D('',#2382,#2383,#2384);
#2386=PLANE('',#2385);
#2387=ORIENTED_EDGE('',*,*,#2269,.F.);
#2388=ORIENTED_EDGE('',*,*,#2377,.T.);
#2389=ORIENTED_EDGE('',*,*,#2219,.T.);
#2391=ORIENTED_EDGE('',*,*,#2390,.F.);
#2392=EDGE_LOOP('',(#2387,#2388,#2389,#2391));
#2393=FACE_OUTER_BOUND('',#2392,.F.);
#2394=ADVANCED_FACE('',(#2393),#2386,.T.);
#2395=CARTESIAN_POINT('',(-3.3E0,-6.35E0,-9.8E0));
#2396=DIRECTION('',(1.E0,0.E0,0.E0));
#2397=DIRECTION('',(0.E0,1.E0,0.E0));
#2398=AXIS2_PLACEMENT_3D('',#2395,#2396,#2397);
#2399=PLANE('',#2398);
#2400=ORIENTED_EDGE('',*,*,#2271,.F.);
#2401=ORIENTED_EDGE('',*,*,#2390,.T.);
#2402=ORIENTED_EDGE('',*,*,#2217,.T.);
#2404=ORIENTED_EDGE('',*,*,#2403,.F.);
#2405=EDGE_LOOP('',(#2400,#2401,#2402,#2404));
#2406=FACE_OUTER_BOUND('',#2405,.F.);
#2407=ADVANCED_FACE('',(#2406),#2399,.T.);
#2408=CARTESIAN_POINT('',(-3.3E0,-4.35E0,-9.8E0));
#2409=DIRECTION('',(0.E0,1.E0,0.E0));
#2410=DIRECTION('',(-1.E0,0.E0,0.E0));
#2411=AXIS2_PLACEMENT_3D('',#2408,#2409,#2410);
#2412=PLANE('',#2411);
#2413=ORIENTED_EDGE('',*,*,#2273,.F.);
#2414=ORIENTED_EDGE('',*,*,#2403,.T.);
#2415=ORIENTED_EDGE('',*,*,#2215,.T.);
#2417=ORIENTED_EDGE('',*,*,#2416,.F.);
#2418=EDGE_LOOP('',(#2413,#2414,#2415,#2417));
#2419=FACE_OUTER_BOUND('',#2418,.F.);
#2420=ADVANCED_FACE('',(#2419),#2412,.T.);
#2421=CARTESIAN_POINT('',(-5.9E0,-4.35E0,-9.8E0));
#2422=DIRECTION('',(1.E0,0.E0,0.E0));
#2423=DIRECTION('',(0.E0,1.E0,0.E0));
#2424=AXIS2_PLACEMENT_3D('',#2421,#2422,#2423);
#2425=PLANE('',#2424);
#2426=ORIENTED_EDGE('',*,*,#2275,.F.);
#2427=ORIENTED_EDGE('',*,*,#2416,.T.);
#2428=ORIENTED_EDGE('',*,*,#2213,.T.);
#2430=ORIENTED_EDGE('',*,*,#2429,.F.);
#2431=EDGE_LOOP('',(#2426,#2427,#2428,#2430));
#2432=FACE_OUTER_BOUND('',#2431,.F.);
#2433=ADVANCED_FACE('',(#2432),#2425,.T.);
#2434=CARTESIAN_POINT('',(-5.9E0,2.45E0,-9.8E0));
#2435=DIRECTION('',(0.E0,-1.E0,0.E0));
#2436=DIRECTION('',(1.E0,0.E0,0.E0));
#2437=AXIS2_PLACEMENT_3D('',#2434,#2435,#2436);
#2438=PLANE('',#2437);
#2439=ORIENTED_EDGE('',*,*,#2277,.F.);
#2440=ORIENTED_EDGE('',*,*,#2429,.T.);
#2441=ORIENTED_EDGE('',*,*,#2211,.T.);
#2442=ORIENTED_EDGE('',*,*,#2243,.F.);
#2443=EDGE_LOOP('',(#2439,#2440,#2441,#2442));
#2444=FACE_OUTER_BOUND('',#2443,.F.);
#2445=ADVANCED_FACE('',(#2444),#2438,.T.);
#2446=CARTESIAN_POINT('',(-4.627877612750E0,5.264151050324E0,-9.8E0));
#2447=DIRECTION('',(0.E0,0.E0,1.E0));
#2448=DIRECTION('',(1.E0,0.E0,0.E0));
#2449=AXIS2_PLACEMENT_3D('',#2446,#2447,#2448);
#2450=CYLINDRICAL_SURFACE('',#2449,7.5E-1);
#2452=ORIENTED_EDGE('',*,*,#2451,.T.);
#2454=ORIENTED_EDGE('',*,*,#2453,.T.);
#2456=ORIENTED_EDGE('',*,*,#2455,.F.);
#2457=ORIENTED_EDGE('',*,*,#2293,.F.);
#2458=EDGE_LOOP('',(#2452,#2454,#2456,#2457));
#2459=FACE_OUTER_BOUND('',#2458,.F.);
#2460=ADVANCED_FACE('',(#2459),#2450,.T.);
#2461=CARTESIAN_POINT('',(0.E0,-1.2E0,-9.8E0));
#2462=DIRECTION('',(0.E0,0.E0,1.E0));
#2463=DIRECTION('',(1.E0,0.E0,0.E0));
#2464=AXIS2_PLACEMENT_3D('',#2461,#2462,#2463);
#2465=CYLINDRICAL_SURFACE('',#2464,7.95E0);
#2466=ORIENTED_EDGE('',*,*,#2451,.F.);
#2467=ORIENTED_EDGE('',*,*,#2299,.F.);
#2469=ORIENTED_EDGE('',*,*,#2468,.T.);
#2471=ORIENTED_EDGE('',*,*,#2470,.T.);
#2472=EDGE_LOOP('',(#2466,#2467,#2469,#2471));
#2473=FACE_OUTER_BOUND('',#2472,.F.);
#2474=ADVANCED_FACE('',(#2473),#2465,.T.);
#2475=CARTESIAN_POINT('',(4.627877612750E0,5.264151050324E0,-9.8E0));
#2476=DIRECTION('',(0.E0,0.E0,1.E0));
#2477=DIRECTION('',(1.E0,0.E0,0.E0));
#2478=AXIS2_PLACEMENT_3D('',#2475,#2476,#2477);
#2479=CYLINDRICAL_SURFACE('',#2478,7.5E-1);
#2481=ORIENTED_EDGE('',*,*,#2480,.T.);
#2483=ORIENTED_EDGE('',*,*,#2482,.T.);
#2484=ORIENTED_EDGE('',*,*,#2468,.F.);
#2485=ORIENTED_EDGE('',*,*,#2297,.F.);
#2486=EDGE_LOOP('',(#2481,#2483,#2484,#2485));
#2487=FACE_OUTER_BOUND('',#2486,.F.);
#2488=ADVANCED_FACE('',(#2487),#2479,.T.);
#2489=CARTESIAN_POINT('',(0.E0,-1.2E0,-9.8E0));
#2490=DIRECTION('',(0.E0,0.E0,1.E0));
#2491=DIRECTION('',(1.E0,0.E0,0.E0));
#2492=AXIS2_PLACEMENT_3D('',#2489,#2490,#2491);
#2493=CYLINDRICAL_SURFACE('',#2492,7.95E0);
#2494=ORIENTED_EDGE('',*,*,#2455,.T.);
#2496=ORIENTED_EDGE('',*,*,#2495,.T.);
#2497=ORIENTED_EDGE('',*,*,#2480,.F.);
#2498=ORIENTED_EDGE('',*,*,#2295,.F.);
#2499=EDGE_LOOP('',(#2494,#2496,#2497,#2498));
#2500=FACE_OUTER_BOUND('',#2499,.F.);
#2501=ADVANCED_FACE('',(#2500),#2493,.T.);
#2502=CARTESIAN_POINT('',(0.E0,-1.2E0,2.4E0));
#2503=DIRECTION('',(0.E0,0.E0,1.E0));
#2504=DIRECTION('',(-1.485959642860E-3,9.999988959614E-1,0.E0));
#2505=AXIS2_PLACEMENT_3D('',#2502,#2503,#2504);
#2506=TOROIDAL_SURFACE('',#2505,7.45E0,5.E-1);
#2508=ORIENTED_EDGE('',*,*,#2507,.F.);
#2509=ORIENTED_EDGE('',*,*,#2191,.T.);
#2511=ORIENTED_EDGE('',*,*,#2510,.T.);
#2512=ORIENTED_EDGE('',*,*,#2495,.F.);
#2513=EDGE_LOOP('',(#2508,#2509,#2511,#2512));
#2514=FACE_OUTER_BOUND('',#2513,.F.);
#2515=ADVANCED_FACE('',(#2514),#2506,.T.);
#2516=CARTESIAN_POINT('',(-4.888352933481E0,4.421966170299E0,2.9E0));
#2517=CARTESIAN_POINT('',(-5.080536255932E0,4.642991156019E0,2.900000077754E0));
#2518=CARTESIAN_POINT('',(-5.216430404506E0,4.799279442978E0,2.692893280464E0));
#2519=CARTESIAN_POINT('',(-5.216430404506E0,4.799279442978E0,2.4E0));
#2520=CARTESIAN_POINT('',(-4.675510445053E0,4.607034733709E0,2.9E0));
#2521=CARTESIAN_POINT('',(-4.992374003722E0,4.719649070913E0,2.900000077754E0));
#2522=CARTESIAN_POINT('',(-5.216430404506E0,4.799279442978E0,2.692893280464E0));
#2523=CARTESIAN_POINT('',(-5.216430404506E0,4.799279442978E0,2.4E0));
#2524=CARTESIAN_POINT('',(-4.649238951904E0,4.887858711835E0,2.9E0));
#2525=CARTESIAN_POINT('',(-4.981491994109E0,4.835970180337E0,2.900000077754E0));
#2526=CARTESIAN_POINT('',(-5.216430404506E0,4.799279442978E0,2.692893280464E0));
#2527=CARTESIAN_POINT('',(-5.216430404506E0,4.799279442978E0,2.4E0));
#2528=CARTESIAN_POINT('',(-4.824061773138E0,5.109193930945E0,2.9E0));
#2529=CARTESIAN_POINT('',(-5.053905983307E0,4.927650237051E0,2.900000077754E0));
#2530=CARTESIAN_POINT('',(-5.216430404506E0,4.799279442978E0,2.692893280464E0));
#2531=CARTESIAN_POINT('',(-5.216430404506E0,4.799279442978E0,2.4E0));
#2532=(BOUNDED_SURFACE()B_SPLINE_SURFACE(3,3,((#2516,#2517,#2518,#2519),(#2520,
#2521,#2522,#2523),(#2524,#2525,#2526,#2527),(#2528,#2529,#2530,#2531)),
.UNSPECIFIED.,.F.,.F.,.F.)B_SPLINE_SURFACE_WITH_KNOTS((4,4),(4,4),(0.E0,1.E0),(
0.E0,1.E0),.UNSPECIFIED.)GEOMETRIC_REPRESENTATION_ITEM()RATIONAL_B_SPLINE_SURFACE(((1.359455328284E0,1.094005078598E0,1.094005078598E0,1.359455328284E0),(
1.108945476795E0,8.924103339486E-1,8.924103339486E-1,1.108945476795E0),(
1.108945476795E0,8.924103339486E-1,8.924103339486E-1,1.108945476795E0),(
1.359455328284E0,1.094005078598E0,1.094005078598E0,1.359455328284E0)))REPRESENTATION_ITEM('')SURFACE());
#2533=ORIENTED_EDGE('',*,*,#2507,.T.);
#2535=ORIENTED_EDGE('',*,*,#2534,.F.);
#2536=ORIENTED_EDGE('',*,*,#2193,.T.);
#2537=EDGE_LOOP('',(#2533,#2535,#2536));
#2538=FACE_OUTER_BOUND('',#2537,.F.);
#2539=ADVANCED_FACE('',(#2538),#2532,.T.);
#2540=CARTESIAN_POINT('',(-3.998136874863E0,5.671491943243E0,2.4E0));
#2541=CARTESIAN_POINT('',(-3.998136874863E0,5.671491943243E0,2.692893218813E0));
#2542=CARTESIAN_POINT('',(-4.172034977804E0,5.559007861672E0,2.9E0));
#2543=CARTESIAN_POINT('',(-4.417964033454E0,5.399931347964E0,2.9E0));
#2544=CARTESIAN_POINT('',(-4.245777163265E0,6.054338793781E0,2.4E0));
#2545=CARTESIAN_POINT('',(-4.245777163265E0,6.054338793781E0,2.692893218813E0));
#2546=CARTESIAN_POINT('',(-4.351291288842E0,5.836134473674E0,2.9E0));
#2547=CARTESIAN_POINT('',(-4.500510796255E0,5.527546964810E0,2.9E0));
#2548=CARTESIAN_POINT('',(-4.693730288599E0,6.139400071169E0,2.4E0));
#2549=CARTESIAN_POINT('',(-4.693730288599E0,6.139400071169E0,2.692893218813E0));
#2550=CARTESIAN_POINT('',(-4.675545574296E0,5.897706727911E0,2.9E0));
#2551=CARTESIAN_POINT('',(-4.649828504700E0,5.555900723939E0,2.9E0));
#2552=CARTESIAN_POINT('',(-5.064469840653E0,5.873976620905E0,2.4E0));
#2553=CARTESIAN_POINT('',(-5.064469840653E0,5.873976620905E0,2.692893218813E0));
#2554=CARTESIAN_POINT('',(-4.943908225971E0,5.705577939561E0,2.9E0));
#2555=CARTESIAN_POINT('',(-4.773408355385E0,5.467426240518E0,2.9E0));
#2556=CARTESIAN_POINT('',(-5.435209392707E0,5.608553170641E0,2.4E0));
#2557=CARTESIAN_POINT('',(-5.435209392707E0,5.608553170641E0,2.692893218813E0));
#2558=CARTESIAN_POINT('',(-5.212270877645E0,5.513449151211E0,2.9E0));
#2559=CARTESIAN_POINT('',(-4.896988206069E0,5.378951757096E0,2.9E0));
#2560=CARTESIAN_POINT('',(-5.499046122348E0,5.157086344223E0,2.4E0));
#2561=CARTESIAN_POINT('',(-5.499046122348E0,5.157086344223E0,2.692893218813E0));
#2562=CARTESIAN_POINT('',(-5.258479581156E0,5.186651446435E0,2.9E0));
#2563=CARTESIAN_POINT('',(-4.918267115950E0,5.228462814957E0,2.9E0));
#2564=CARTESIAN_POINT('',(-5.216430403924E0,4.799279442240E0,2.4E0));
#2565=CARTESIAN_POINT('',(-5.216430403924E0,4.799279442240E0,2.692893218813E0));
#2566=CARTESIAN_POINT('',(-5.053906038406E0,4.927650192127E0,2.9E0));
#2567=CARTESIAN_POINT('',(-4.824061876475E0,5.109193847629E0,2.9E0));
#2568=(BOUNDED_SURFACE()B_SPLINE_SURFACE(3,3,((#2540,#2541,#2542,#2543),(#2544,
#2545,#2546,#2547),(#2548,#2549,#2550,#2551),(#2552,#2553,#2554,#2555),(#2556,
#2557,#2558,#2559),(#2560,#2561,#2562,#2563),(#2564,#2565,#2566,#2567)),
.UNSPECIFIED.,.F.,.F.,.F.)B_SPLINE_SURFACE_WITH_KNOTS((4,3,4),(4,4),(0.E0,1.E0,
2.E0),(0.E0,1.E0),.UNSPECIFIED.)GEOMETRIC_REPRESENTATION_ITEM()RATIONAL_B_SPLINE_SURFACE(((1.386289510555E0,1.115599645919E0,1.115599645919E0,1.386289510555E0),(
1.100000663487E0,8.852121734697E-1,8.852121734697E-1,1.100000663487E0),(
1.100000663487E0,8.852121734697E-1,8.852121734697E-1,1.100000663487E0),(
1.386289510555E0,1.115599645919E0,1.115599645919E0,1.386289510555E0),(
1.100000663487E0,8.852121734697E-1,8.852121734697E-1,1.100000663487E0),(
1.100000663487E0,8.852121734697E-1,8.852121734697E-1,1.100000663487E0),(
1.386289510555E0,1.115599645919E0,1.115599645919E0,1.386289510555E0)))REPRESENTATION_ITEM('')SURFACE());
#2570=ORIENTED_EDGE('',*,*,#2569,.F.);
#2571=ORIENTED_EDGE('',*,*,#2195,.T.);
#2572=ORIENTED_EDGE('',*,*,#2534,.T.);
#2573=ORIENTED_EDGE('',*,*,#2453,.F.);
#2574=EDGE_LOOP('',(#2570,#2571,#2572,#2573));
#2575=FACE_OUTER_BOUND('',#2574,.F.);
#2576=ADVANCED_FACE('',(#2575),#2568,.T.);
#2577=CARTESIAN_POINT('',(-4.417964144948E0,5.399931275940E0,2.9E0));
#2578=CARTESIAN_POINT('',(-4.172035037584E0,5.559007823211E0,2.900000077754E0));
#2579=CARTESIAN_POINT('',(-3.998136874993E0,5.671491943445E0,2.692893280464E0));
#2580=CARTESIAN_POINT('',(-3.998136874993E0,5.671491943445E0,2.4E0));
#2581=CARTESIAN_POINT('',(-4.264776721086E0,5.163106633614E0,2.9E0));
#2582=CARTESIAN_POINT('',(-4.108582724101E0,5.460911836828E0,2.900000077754E0));
#2583=CARTESIAN_POINT('',(-3.998136874993E0,5.671491943445E0,2.692893280464E0));
#2584=CARTESIAN_POINT('',(-3.998136874993E0,5.671491943445E0,2.4E0));
#2585=CARTESIAN_POINT('',(-3.990468508833E0,5.097476589175E0,2.9E0));
#2586=CARTESIAN_POINT('',(-3.994960533481E0,5.433726980209E0,2.900000077754E0));
#2587=CARTESIAN_POINT('',(-3.998136874993E0,5.671491943445E0,2.692893280464E0));
#2588=CARTESIAN_POINT('',(-3.998136874993E0,5.671491943445E0,2.4E0));
#2589=CARTESIAN_POINT('',(-3.746681657991E0,5.239322524609E0,2.9E0));
#2590=CARTESIAN_POINT('',(-3.893980705682E0,5.492481495001E0,2.900000077754E0));
#2591=CARTESIAN_POINT('',(-3.998136874993E0,5.671491943445E0,2.692893280464E0));
#2592=CARTESIAN_POINT('',(-3.998136874993E0,5.671491943445E0,2.4E0));
#2593=(BOUNDED_SURFACE()B_SPLINE_SURFACE(3,3,((#2577,#2578,#2579,#2580),(#2581,
#2582,#2583,#2584),(#2585,#2586,#2587,#2588),(#2589,#2590,#2591,#2592)),
.UNSPECIFIED.,.F.,.F.,.F.)B_SPLINE_SURFACE_WITH_KNOTS((4,4),(4,4),(0.E0,1.E0),(
0.E0,1.E0),.UNSPECIFIED.)GEOMETRIC_REPRESENTATION_ITEM()RATIONAL_B_SPLINE_SURFACE(((1.359455328284E0,1.094005078598E0,1.094005078598E0,1.359455328284E0),(
1.108945476795E0,8.924103339486E-1,8.924103339486E-1,1.108945476795E0),(
1.108945476795E0,8.924103339486E-1,8.924103339486E-1,1.108945476795E0),(
1.359455328284E0,1.094005078598E0,1.094005078598E0,1.359455328284E0)))REPRESENTATION_ITEM('')SURFACE());
#2594=ORIENTED_EDGE('',*,*,#2569,.T.);
#2596=ORIENTED_EDGE('',*,*,#2595,.F.);
#2597=ORIENTED_EDGE('',*,*,#2197,.T.);
#2598=EDGE_LOOP('',(#2594,#2596,#2597));
#2599=FACE_OUTER_BOUND('',#2598,.F.);
#2600=ADVANCED_FACE('',(#2599),#2593,.T.);
#2601=CARTESIAN_POINT('',(0.E0,-1.2E0,2.4E0));
#2602=DIRECTION('',(0.E0,0.E0,1.E0));
#2603=DIRECTION('',(1.485959642860E-3,-9.999988959614E-1,0.E0));
#2604=AXIS2_PLACEMENT_3D('',#2601,#2602,#2603);
#2605=TOROIDAL_SURFACE('',#2604,7.45E0,5.E-1);
#2606=ORIENTED_EDGE('',*,*,#2595,.T.);
#2607=ORIENTED_EDGE('',*,*,#2470,.F.);
#2609=ORIENTED_EDGE('',*,*,#2608,.F.);
#2610=ORIENTED_EDGE('',*,*,#2199,.T.);
#2611=EDGE_LOOP('',(#2606,#2607,#2609,#2610));
#2612=FACE_OUTER_BOUND('',#2611,.F.);
#2613=ADVANCED_FACE('',(#2612),#2605,.T.);
#2614=CARTESIAN_POINT('',(3.746681658869E0,5.239322524098E0,2.9E0));
#2615=CARTESIAN_POINT('',(3.893980706046E0,5.492481494790E0,2.900000077754E0));
#2616=CARTESIAN_POINT('',(3.998136874993E0,5.671491943445E0,2.692893280464E0));
#2617=CARTESIAN_POINT('',(3.998136874993E0,5.671491943445E0,2.4E0));
#2618=CARTESIAN_POINT('',(3.990468509999E0,5.097476589160E0,2.9E0));
#2619=CARTESIAN_POINT('',(3.994960533964E0,5.433726980202E0,2.900000077754E0));
#2620=CARTESIAN_POINT('',(3.998136874993E0,5.671491943445E0,2.692893280464E0));
#2621=CARTESIAN_POINT('',(3.998136874993E0,5.671491943445E0,2.4E0));
#2622=CARTESIAN_POINT('',(4.264776722119E0,5.163106634155E0,2.9E0));
#2623=CARTESIAN_POINT('',(4.108582724529E0,5.460911837052E0,2.900000077754E0));
#2624=CARTESIAN_POINT('',(3.998136874993E0,5.671491943445E0,2.692893280464E0));
#2625=CARTESIAN_POINT('',(3.998136874993E0,5.671491943445E0,2.4E0));
#2626=CARTESIAN_POINT('',(4.417964145500E0,5.399931276793E0,2.9E0));
#2627=CARTESIAN_POINT('',(4.172035037812E0,5.559007823564E0,2.900000077754E0));
#2628=CARTESIAN_POINT('',(3.998136874993E0,5.671491943445E0,2.692893280464E0));
#2629=CARTESIAN_POINT('',(3.998136874993E0,5.671491943445E0,2.4E0));
#2630=(BOUNDED_SURFACE()B_SPLINE_SURFACE(3,3,((#2614,#2615,#2616,#2617),(#2618,
#2619,#2620,#2621),(#2622,#2623,#2624,#2625),(#2626,#2627,#2628,#2629)),
.UNSPECIFIED.,.F.,.F.,.F.)B_SPLINE_SURFACE_WITH_KNOTS((4,4),(4,4),(0.E0,1.E0),(
0.E0,1.E0),.UNSPECIFIED.)GEOMETRIC_REPRESENTATION_ITEM()RATIONAL_B_SPLINE_SURFACE(((1.359455328284E0,1.094005078598E0,1.094005078598E0,1.359455328284E0),(
1.108945476795E0,8.924103339486E-1,8.924103339486E-1,1.108945476795E0),(
1.108945476795E0,8.924103339486E-1,8.924103339486E-1,1.108945476795E0),(
1.359455328284E0,1.094005078598E0,1.094005078598E0,1.359455328284E0)))REPRESENTATION_ITEM('')SURFACE());
#2631=ORIENTED_EDGE('',*,*,#2608,.T.);
#2633=ORIENTED_EDGE('',*,*,#2632,.F.);
#2634=ORIENTED_EDGE('',*,*,#2201,.T.);
#2635=EDGE_LOOP('',(#2631,#2633,#2634));
#2636=FACE_OUTER_BOUND('',#2635,.F.);
#2637=ADVANCED_FACE('',(#2636),#2630,.T.);
#2638=CARTESIAN_POINT('',(5.216430404358E0,4.799279442790E0,2.4E0));
#2639=CARTESIAN_POINT('',(5.216430404358E0,4.799279442790E0,2.692893218813E0));
#2640=CARTESIAN_POINT('',(5.053906038720E0,4.927650192525E0,2.9E0));
#2641=CARTESIAN_POINT('',(4.824061876620E0,5.109193847813E0,2.9E0));
#2642=CARTESIAN_POINT('',(5.499046122448E0,5.157086345037E0,2.4E0));
#2643=CARTESIAN_POINT('',(5.499046122448E0,5.157086345037E0,2.692893218813E0));
#2644=CARTESIAN_POINT('',(5.258479581229E0,5.186651447025E0,2.9E0));
#2645=CARTESIAN_POINT('',(4.918267115983E0,5.228462815228E0,2.9E0));
#2646=CARTESIAN_POINT('',(5.435209392385E0,5.608553171395E0,2.4E0));
#2647=CARTESIAN_POINT('',(5.435209392385E0,5.608553171395E0,2.692893218813E0));
#2648=CARTESIAN_POINT('',(5.212270877412E0,5.513449151757E0,2.9E0));
#2649=CARTESIAN_POINT('',(4.896988205962E0,5.378951757348E0,2.9E0));
#2650=CARTESIAN_POINT('',(5.064469840083E0,5.873976621313E0,2.4E0));
#2651=CARTESIAN_POINT('',(5.064469840083E0,5.873976621313E0,2.692893218813E0));
#2652=CARTESIAN_POINT('',(4.943908225558E0,5.705577939856E0,2.9E0));
#2653=CARTESIAN_POINT('',(4.773408355195E0,5.467426240654E0,2.9E0));
#2654=CARTESIAN_POINT('',(4.693730287782E0,6.139400071231E0,2.4E0));
#2655=CARTESIAN_POINT('',(4.693730287781E0,6.139400071231E0,2.692893218813E0));
#2656=CARTESIAN_POINT('',(4.675545573704E0,5.897706727955E0,2.9E0));
#2657=CARTESIAN_POINT('',(4.649828504427E0,5.555900723960E0,2.9E0));
#2658=CARTESIAN_POINT('',(4.245777162527E0,6.054338793424E0,2.4E0));
#2659=CARTESIAN_POINT('',(4.245777162527E0,6.054338793424E0,2.692893218813E0));
#2660=CARTESIAN_POINT('',(4.351291288308E0,5.836134473416E0,2.9E0));
#2661=CARTESIAN_POINT('',(4.500510796009E0,5.527546964691E0,2.9E0));
#2662=CARTESIAN_POINT('',(3.998136874482E0,5.671491942655E0,2.4E0));
#2663=CARTESIAN_POINT('',(3.998136874482E0,5.671491942655E0,2.692893218813E0));
#2664=CARTESIAN_POINT('',(4.172034977528E0,5.559007861246E0,2.9E0));
#2665=CARTESIAN_POINT('',(4.417964033328E0,5.399931347768E0,2.9E0));
#2666=(BOUNDED_SURFACE()B_SPLINE_SURFACE(3,3,((#2638,#2639,#2640,#2641),(#2642,
#2643,#2644,#2645),(#2646,#2647,#2648,#2649),(#2650,#2651,#2652,#2653),(#2654,
#2655,#2656,#2657),(#2658,#2659,#2660,#2661),(#2662,#2663,#2664,#2665)),
.UNSPECIFIED.,.F.,.F.,.F.)B_SPLINE_SURFACE_WITH_KNOTS((4,3,4),(4,4),(0.E0,1.E0,
2.E0),(0.E0,1.E0),.UNSPECIFIED.)GEOMETRIC_REPRESENTATION_ITEM()RATIONAL_B_SPLINE_SURFACE(((1.386289510555E0,1.115599645919E0,1.115599645919E0,1.386289510555E0),(
1.100000663487E0,8.852121734697E-1,8.852121734697E-1,1.100000663487E0),(
1.100000663487E0,8.852121734697E-1,8.852121734697E-1,1.100000663487E0),(
1.386289510555E0,1.115599645919E0,1.115599645919E0,1.386289510555E0),(
1.100000663487E0,8.852121734697E-1,8.852121734697E-1,1.100000663487E0),(
1.100000663487E0,8.852121734697E-1,8.852121734697E-1,1.100000663487E0),(
1.386289510555E0,1.115599645919E0,1.115599645919E0,1.386289510555E0)))REPRESENTATION_ITEM('')SURFACE());
#2668=ORIENTED_EDGE('',*,*,#2667,.F.);
#2669=ORIENTED_EDGE('',*,*,#2203,.T.);
#2670=ORIENTED_EDGE('',*,*,#2632,.T.);
#2671=ORIENTED_EDGE('',*,*,#2482,.F.);
#2672=EDGE_LOOP('',(#2668,#2669,#2670,#2671));
#2673=FACE_OUTER_BOUND('',#2672,.F.);
#2674=ADVANCED_FACE('',(#2673),#2666,.T.);
#2675=CARTESIAN_POINT('',(4.824061772508E0,5.109193930148E0,2.9E0));
#2676=CARTESIAN_POINT('',(5.053905983046E0,4.927650236721E0,2.900000077754E0));
#2677=CARTESIAN_POINT('',(5.216430404506E0,4.799279442978E0,2.692893280464E0));
#2678=CARTESIAN_POINT('',(5.216430404506E0,4.799279442978E0,2.4E0));
#2679=CARTESIAN_POINT('',(4.649238951724E0,4.887858710682E0,2.9E0));
#2680=CARTESIAN_POINT('',(4.981491994035E0,4.835970179859E0,2.900000077754E0));
#2681=CARTESIAN_POINT('',(5.216430404506E0,4.799279442978E0,2.692893280464E0));
#2682=CARTESIAN_POINT('',(5.216430404506E0,4.799279442978E0,2.4E0));
#2683=CARTESIAN_POINT('',(4.675510445444E0,4.607034732610E0,2.9E0));
#2684=CARTESIAN_POINT('',(4.992374003883E0,4.719649070458E0,2.900000077754E0));
#2685=CARTESIAN_POINT('',(5.216430404506E0,4.799279442978E0,2.692893280464E0));
#2686=CARTESIAN_POINT('',(5.216430404506E0,4.799279442978E0,2.4E0));
#2687=CARTESIAN_POINT('',(4.888352934248E0,4.421966169633E0,2.9E0));
#2688=CARTESIAN_POINT('',(5.080536256250E0,4.642991155743E0,2.900000077754E0));
#2689=CARTESIAN_POINT('',(5.216430404506E0,4.799279442978E0,2.692893280464E0));
#2690=CARTESIAN_POINT('',(5.216430404506E0,4.799279442978E0,2.4E0));
#2691=(BOUNDED_SURFACE()B_SPLINE_SURFACE(3,3,((#2675,#2676,#2677,#2678),(#2679,
#2680,#2681,#2682),(#2683,#2684,#2685,#2686),(#2687,#2688,#2689,#2690)),
.UNSPECIFIED.,.F.,.F.,.F.)B_SPLINE_SURFACE_WITH_KNOTS((4,4),(4,4),(0.E0,1.E0),(
0.E0,1.E0),.UNSPECIFIED.)GEOMETRIC_REPRESENTATION_ITEM()RATIONAL_B_SPLINE_SURFACE(((1.359455328284E0,1.094005078598E0,1.094005078598E0,1.359455328284E0),(
1.108945476795E0,8.924103339486E-1,8.924103339486E-1,1.108945476795E0),(
1.108945476795E0,8.924103339486E-1,8.924103339486E-1,1.108945476795E0),(
1.359455328284E0,1.094005078598E0,1.094005078598E0,1.359455328284E0)))REPRESENTATION_ITEM('')SURFACE());
#2692=ORIENTED_EDGE('',*,*,#2510,.F.);
#2693=ORIENTED_EDGE('',*,*,#2205,.T.);
#2694=ORIENTED_EDGE('',*,*,#2667,.T.);
#2695=EDGE_LOOP('',(#2692,#2693,#2694));
#2696=FACE_OUTER_BOUND('',#2695,.F.);
#2697=ADVANCED_FACE('',(#2696),#2691,.T.);
#2698=CARTESIAN_POINT('',(0.E0,-1.2E0,-9.8E0));
#2699=DIRECTION('',(0.E0,0.E0,1.E0));
#2700=DIRECTION('',(1.E0,0.E0,0.E0));
#2701=AXIS2_PLACEMENT_3D('',#2698,#2699,#2700);
#2702=CYLINDRICAL_SURFACE('',#2701,9.7E0);
#2704=ORIENTED_EDGE('',*,*,#2703,.T.);
#2706=ORIENTED_EDGE('',*,*,#2705,.F.);
#2707=ORIENTED_EDGE('',*,*,#2287,.T.);
#2709=ORIENTED_EDGE('',*,*,#2708,.T.);
#2710=EDGE_LOOP('',(#2704,#2706,#2707,#2709));
#2711=FACE_OUTER_BOUND('',#2710,.F.);
#2712=ADVANCED_FACE('',(#2711),#2702,.F.);
#2713=CARTESIAN_POINT('',(0.E0,-1.2E0,2.4E0));
#2714=DIRECTION('',(0.E0,0.E0,1.E0));
#2715=DIRECTION('',(-9.998915464501E-1,-1.472736696386E-2,0.E0));
#2716=AXIS2_PLACEMENT_3D('',#2713,#2714,#2715);
#2717=TOROIDAL_SURFACE('',#2716,1.02E1,5.E-1);
#2718=ORIENTED_EDGE('',*,*,#2171,.T.);
#2720=ORIENTED_EDGE('',*,*,#2719,.T.);
#2722=ORIENTED_EDGE('',*,*,#2721,.F.);
#2723=ORIENTED_EDGE('',*,*,#2703,.F.);
#2725=ORIENTED_EDGE('',*,*,#2724,.F.);
#2727=ORIENTED_EDGE('',*,*,#2726,.T.);
#2728=EDGE_LOOP('',(#2718,#2720,#2722,#2723,#2725,#2727));
#2729=FACE_OUTER_BOUND('',#2728,.F.);
#2730=ADVANCED_FACE('',(#2729),#2717,.T.);
#2731=CARTESIAN_POINT('',(-2.25E0,9.7E0,2.9E0));
#2732=DIRECTION('',(-1.E0,0.E0,0.E0));
#2733=DIRECTION('',(0.E0,-1.E0,0.E0));
#2734=AXIS2_PLACEMENT_3D('',#2731,#2732,#2733);
#2735=PLANE('',#2734);
#2736=ORIENTED_EDGE('',*,*,#2169,.F.);
#2738=ORIENTED_EDGE('',*,*,#2737,.T.);
#2740=ORIENTED_EDGE('',*,*,#2739,.T.);
#2742=ORIENTED_EDGE('',*,*,#2741,.T.);
#2743=ORIENTED_EDGE('',*,*,#2719,.F.);
#2744=EDGE_LOOP('',(#2736,#2738,#2740,#2742,#2743));
#2745=FACE_OUTER_BOUND('',#2744,.F.);
#2746=ADVANCED_FACE('',(#2745),#2735,.F.);
#2747=CARTESIAN_POINT('',(-2.75E0,9.7E0,2.9E0));
#2748=DIRECTION('',(0.E0,0.E0,1.E0));
#2749=DIRECTION('',(1.E0,0.E0,0.E0));
#2750=AXIS2_PLACEMENT_3D('',#2747,#2748,#2749);
#2751=CYLINDRICAL_SURFACE('',#2750,5.E-1);
#2752=ORIENTED_EDGE('',*,*,#2167,.T.);
#2754=ORIENTED_EDGE('',*,*,#2753,.T.);
#2756=ORIENTED_EDGE('',*,*,#2755,.T.);
#2757=ORIENTED_EDGE('',*,*,#2737,.F.);
#2758=EDGE_LOOP('',(#2752,#2754,#2756,#2757));
#2759=FACE_OUTER_BOUND('',#2758,.F.);
#2760=ADVANCED_FACE('',(#2759),#2751,.T.);
#2761=CARTESIAN_POINT('',(-3.25E0,1.02E1,2.9E0));
#2762=DIRECTION('',(0.E0,-1.E0,0.E0));
#2763=DIRECTION('',(1.E0,0.E0,0.E0));
#2764=AXIS2_PLACEMENT_3D('',#2761,#2762,#2763);
#2765=PLANE('',#2764);
#2766=ORIENTED_EDGE('',*,*,#2165,.F.);
#2768=ORIENTED_EDGE('',*,*,#2767,.T.);
#2770=ORIENTED_EDGE('',*,*,#2769,.T.);
#2771=ORIENTED_EDGE('',*,*,#2753,.F.);
#2772=EDGE_LOOP('',(#2766,#2768,#2770,#2771));
#2773=FACE_OUTER_BOUND('',#2772,.F.);
#2774=ADVANCED_FACE('',(#2773),#2765,.F.);
#2775=CARTESIAN_POINT('',(-3.25E0,1.22E1,2.9E0));
#2776=DIRECTION('',(0.E0,0.E0,1.E0));
#2777=DIRECTION('',(1.E0,0.E0,0.E0));
#2778=AXIS2_PLACEMENT_3D('',#2775,#2776,#2777);
#2779=CYLINDRICAL_SURFACE('',#2778,2.E0);
#2780=ORIENTED_EDGE('',*,*,#2163,.F.);
#2782=ORIENTED_EDGE('',*,*,#2781,.T.);
#2784=ORIENTED_EDGE('',*,*,#2783,.T.);
#2785=ORIENTED_EDGE('',*,*,#2767,.F.);
#2786=EDGE_LOOP('',(#2780,#2782,#2784,#2785));
#2787=FACE_OUTER_BOUND('',#2786,.F.);
#2788=ADVANCED_FACE('',(#2787),#2779,.F.);
#2789=CARTESIAN_POINT('',(-5.25E0,1.45E1,2.9E0));
#2790=DIRECTION('',(-1.E0,0.E0,0.E0));
#2791=DIRECTION('',(0.E0,-1.E0,0.E0));
#2792=AXIS2_PLACEMENT_3D('',#2789,#2790,#2791);
#2793=PLANE('',#2792);
#2794=ORIENTED_EDGE('',*,*,#2161,.F.);
#2796=ORIENTED_EDGE('',*,*,#2795,.T.);
#2798=ORIENTED_EDGE('',*,*,#2797,.T.);
#2799=ORIENTED_EDGE('',*,*,#2781,.F.);
#2800=EDGE_LOOP('',(#2794,#2796,#2798,#2799));
#2801=FACE_OUTER_BOUND('',#2800,.F.);
#2802=ADVANCED_FACE('',(#2801),#2793,.F.);
#2803=CARTESIAN_POINT('',(-6.25E0,1.45E1,2.9E0));
#2804=DIRECTION('',(0.E0,0.E0,1.E0));
#2805=DIRECTION('',(1.E0,0.E0,0.E0));
#2806=AXIS2_PLACEMENT_3D('',#2803,#2804,#2805);
#2807=CYLINDRICAL_SURFACE('',#2806,1.E0);
#2808=ORIENTED_EDGE('',*,*,#2159,.T.);
#2810=ORIENTED_EDGE('',*,*,#2809,.F.);
#2812=ORIENTED_EDGE('',*,*,#2811,.T.);
#2813=ORIENTED_EDGE('',*,*,#2795,.F.);
#2814=EDGE_LOOP('',(#2808,#2810,#2812,#2813));
#2815=FACE_OUTER_BOUND('',#2814,.F.);
#2816=ADVANCED_FACE('',(#2815),#2807,.T.);
#2817=CARTESIAN_POINT('',(-9.5E0,1.55E1,0.E0));
#2818=DIRECTION('',(0.E0,-1.E0,0.E0));
#2819=DIRECTION('',(1.E0,0.E0,0.E0));
#2820=AXIS2_PLACEMENT_3D('',#2817,#2818,#2819);
#2821=PLANE('',#2820);
#2823=ORIENTED_EDGE('',*,*,#2822,.F.);
#2824=ORIENTED_EDGE('',*,*,#2809,.T.);
#2825=ORIENTED_EDGE('',*,*,#2157,.F.);
#2827=ORIENTED_EDGE('',*,*,#2826,.T.);
#2828=ORIENTED_EDGE('',*,*,#2017,.T.);
#2830=ORIENTED_EDGE('',*,*,#2829,.F.);
#2831=ORIENTED_EDGE('',*,*,#2141,.F.);
#2833=ORIENTED_EDGE('',*,*,#2832,.F.);
#2834=EDGE_LOOP('',(#2823,#2824,#2825,#2827,#2828,#2830,#2831,#2833));
#2835=FACE_OUTER_BOUND('',#2834,.F.);
#2836=ADVANCED_FACE('',(#2835),#2821,.F.);
#2837=CARTESIAN_POINT('',(0.E0,0.E0,1.7E0));
#2838=DIRECTION('',(0.E0,0.E0,1.E0));
#2839=DIRECTION('',(1.E0,0.E0,0.E0));
#2840=AXIS2_PLACEMENT_3D('',#2837,#2838,#2839);
#2841=PLANE('',#2840);
#2842=ORIENTED_EDGE('',*,*,#2822,.T.);
#2844=ORIENTED_EDGE('',*,*,#2843,.F.);
#2846=ORIENTED_EDGE('',*,*,#2845,.F.);
#2848=ORIENTED_EDGE('',*,*,#2847,.F.);
#2850=ORIENTED_EDGE('',*,*,#2849,.F.);
#2852=ORIENTED_EDGE('',*,*,#2851,.F.);
#2854=ORIENTED_EDGE('',*,*,#2853,.F.);
#2856=ORIENTED_EDGE('',*,*,#2855,.T.);
#2857=ORIENTED_EDGE('',*,*,#2739,.F.);
#2858=ORIENTED_EDGE('',*,*,#2755,.F.);
#2859=ORIENTED_EDGE('',*,*,#2769,.F.);
#2860=ORIENTED_EDGE('',*,*,#2783,.F.);
#2861=ORIENTED_EDGE('',*,*,#2797,.F.);
#2862=ORIENTED_EDGE('',*,*,#2811,.F.);
#2863=EDGE_LOOP('',(#2842,#2844,#2846,#2848,#2850,#2852,#2854,#2856,#2857,#2858,
#2859,#2860,#2861,#2862));
#2864=FACE_OUTER_BOUND('',#2863,.F.);
#2866=ORIENTED_EDGE('',*,*,#2865,.F.);
#2868=ORIENTED_EDGE('',*,*,#2867,.T.);
#2870=ORIENTED_EDGE('',*,*,#2869,.T.);
#2872=ORIENTED_EDGE('',*,*,#2871,.F.);
#2873=EDGE_LOOP('',(#2866,#2868,#2870,#2872));
#2874=FACE_BOUND('',#2873,.F.);
#2875=ADVANCED_FACE('',(#2864,#2874),#2841,.T.);
#2876=CARTESIAN_POINT('',(6.25E0,1.45E1,2.9E0));
#2877=DIRECTION('',(0.E0,0.E0,1.E0));
#2878=DIRECTION('',(1.E0,0.E0,0.E0));
#2879=AXIS2_PLACEMENT_3D('',#2876,#2877,#2878);
#2880=CYLINDRICAL_SURFACE('',#2879,1.E0);
#2881=ORIENTED_EDGE('',*,*,#2139,.T.);
#2883=ORIENTED_EDGE('',*,*,#2882,.T.);
#2884=ORIENTED_EDGE('',*,*,#2843,.T.);
#2885=ORIENTED_EDGE('',*,*,#2832,.T.);
#2886=EDGE_LOOP('',(#2881,#2883,#2884,#2885));
#2887=FACE_OUTER_BOUND('',#2886,.F.);
#2888=ADVANCED_FACE('',(#2887),#2880,.T.);
#2889=CARTESIAN_POINT('',(5.25E0,1.22E1,2.9E0));
#2890=DIRECTION('',(1.E0,0.E0,0.E0));
#2891=DIRECTION('',(0.E0,1.E0,0.E0));
#2892=AXIS2_PLACEMENT_3D('',#2889,#2890,#2891);
#2893=PLANE('',#2892);
#2894=ORIENTED_EDGE('',*,*,#2137,.F.);
#2896=ORIENTED_EDGE('',*,*,#2895,.T.);
#2897=ORIENTED_EDGE('',*,*,#2845,.T.);
#2898=ORIENTED_EDGE('',*,*,#2882,.F.);
#2899=EDGE_LOOP('',(#2894,#2896,#2897,#2898));
#2900=FACE_OUTER_BOUND('',#2899,.F.);
#2901=ADVANCED_FACE('',(#2900),#2893,.F.);
#2902=CARTESIAN_POINT('',(3.25E0,1.22E1,2.9E0));
#2903=DIRECTION('',(0.E0,0.E0,1.E0));
#2904=DIRECTION('',(1.E0,0.E0,0.E0));
#2905=AXIS2_PLACEMENT_3D('',#2902,#2903,#2904);
#2906=CYLINDRICAL_SURFACE('',#2905,2.E0);
#2907=ORIENTED_EDGE('',*,*,#2135,.F.);
#2909=ORIENTED_EDGE('',*,*,#2908,.T.);
#2910=ORIENTED_EDGE('',*,*,#2847,.T.);
#2911=ORIENTED_EDGE('',*,*,#2895,.F.);
#2912=EDGE_LOOP('',(#2907,#2909,#2910,#2911));
#2913=FACE_OUTER_BOUND('',#2912,.F.);
#2914=ADVANCED_FACE('',(#2913),#2906,.F.);
#2915=CARTESIAN_POINT('',(2.75E0,1.02E1,2.9E0));
#2916=DIRECTION('',(0.E0,-1.E0,0.E0));
#2917=DIRECTION('',(1.E0,0.E0,0.E0));
#2918=AXIS2_PLACEMENT_3D('',#2915,#2916,#2917);
#2919=PLANE('',#2918);
#2920=ORIENTED_EDGE('',*,*,#2133,.F.);
#2922=ORIENTED_EDGE('',*,*,#2921,.T.);
#2923=ORIENTED_EDGE('',*,*,#2849,.T.);
#2924=ORIENTED_EDGE('',*,*,#2908,.F.);
#2925=EDGE_LOOP('',(#2920,#2922,#2923,#2924));
#2926=FACE_OUTER_BOUND('',#2925,.F.);
#2927=ADVANCED_FACE('',(#2926),#2919,.F.);
#2928=CARTESIAN_POINT('',(2.75E0,9.7E0,2.9E0));
#2929=DIRECTION('',(0.E0,0.E0,1.E0));
#2930=DIRECTION('',(1.E0,0.E0,0.E0));
#2931=AXIS2_PLACEMENT_3D('',#2928,#2929,#2930);
#2932=CYLINDRICAL_SURFACE('',#2931,5.E-1);
#2933=ORIENTED_EDGE('',*,*,#2131,.T.);
#2935=ORIENTED_EDGE('',*,*,#2934,.T.);
#2936=ORIENTED_EDGE('',*,*,#2851,.T.);
#2937=ORIENTED_EDGE('',*,*,#2921,.F.);
#2938=EDGE_LOOP('',(#2933,#2935,#2936,#2937));
#2939=FACE_OUTER_BOUND('',#2938,.F.);
#2940=ADVANCED_FACE('',(#2939),#2932,.T.);
#2941=CARTESIAN_POINT('',(2.25E0,8.235438516571E0,2.9E0));
#2942=DIRECTION('',(1.E0,0.E0,0.E0));
#2943=DIRECTION('',(0.E0,1.E0,0.E0));
#2944=AXIS2_PLACEMENT_3D('',#2941,#2942,#2943);
#2945=PLANE('',#2944);
#2946=ORIENTED_EDGE('',*,*,#2129,.F.);
#2947=ORIENTED_EDGE('',*,*,#2726,.F.);
#2949=ORIENTED_EDGE('',*,*,#2948,.F.);
#2950=ORIENTED_EDGE('',*,*,#2853,.T.);
#2951=ORIENTED_EDGE('',*,*,#2934,.F.);
#2952=EDGE_LOOP('',(#2946,#2947,#2949,#2950,#2951));
#2953=FACE_OUTER_BOUND('',#2952,.F.);
#2954=ADVANCED_FACE('',(#2953),#2945,.F.);
#2955=CARTESIAN_POINT('',(0.E0,-1.2E0,-9.8E0));
#2956=DIRECTION('',(0.E0,0.E0,1.E0));
#2957=DIRECTION('',(1.E0,0.E0,0.E0));
#2958=AXIS2_PLACEMENT_3D('',#2955,#2956,#2957);
#2959=CYLINDRICAL_SURFACE('',#2958,9.7E0);
#2960=ORIENTED_EDGE('',*,*,#2721,.T.);
#2961=ORIENTED_EDGE('',*,*,#2741,.F.);
#2962=ORIENTED_EDGE('',*,*,#2855,.F.);
#2963=ORIENTED_EDGE('',*,*,#2948,.T.);
#2964=ORIENTED_EDGE('',*,*,#2724,.T.);
#2965=ORIENTED_EDGE('',*,*,#2708,.F.);
#2966=ORIENTED_EDGE('',*,*,#2289,.T.);
#2967=ORIENTED_EDGE('',*,*,#2705,.T.);
#2968=EDGE_LOOP('',(#2960,#2961,#2962,#2963,#2964,#2965,#2966,#2967));
#2969=FACE_OUTER_BOUND('',#2968,.F.);
#2970=ADVANCED_FACE('',(#2969),#2959,.F.);
#2971=CARTESIAN_POINT('',(-2.E0,0.E0,0.E0));
#2972=DIRECTION('',(1.E0,0.E0,0.E0));
#2973=DIRECTION('',(0.E0,0.E0,-1.E0));
#2974=AXIS2_PLACEMENT_3D('',#2971,#2972,#2973);
#2975=PLANE('',#2974);
#2976=ORIENTED_EDGE('',*,*,#2865,.T.);
#2978=ORIENTED_EDGE('',*,*,#2977,.T.);
#2980=ORIENTED_EDGE('',*,*,#2979,.T.);
#2982=ORIENTED_EDGE('',*,*,#2981,.T.);
#2984=ORIENTED_EDGE('',*,*,#2983,.T.);
#2986=ORIENTED_EDGE('',*,*,#2985,.T.);
#2987=EDGE_LOOP('',(#2976,#2978,#2980,#2982,#2984,#2986));
#2988=FACE_OUTER_BOUND('',#2987,.F.);
#2989=ADVANCED_FACE('',(#2988),#2975,.F.);
#2990=CARTESIAN_POINT('',(-2.E0,9.3E0,1.7E0));
#2991=DIRECTION('',(0.E0,1.E0,0.E0));
#2992=DIRECTION('',(0.E0,0.E0,1.E0));
#2993=AXIS2_PLACEMENT_3D('',#2990,#2991,#2992);
#2994=PLANE('',#2993);
#2995=ORIENTED_EDGE('',*,*,#2871,.T.);
#2997=ORIENTED_EDGE('',*,*,#2996,.T.);
#2999=ORIENTED_EDGE('',*,*,#2998,.F.);
#3000=ORIENTED_EDGE('',*,*,#2977,.F.);
#3001=EDGE_LOOP('',(#2995,#2997,#2999,#3000));
#3002=FACE_OUTER_BOUND('',#3001,.F.);
#3003=ADVANCED_FACE('',(#3002),#2994,.T.);
#3004=CARTESIAN_POINT('',(2.E0,0.E0,0.E0));
#3005=DIRECTION('',(1.E0,0.E0,0.E0));
#3006=DIRECTION('',(0.E0,0.E0,-1.E0));
#3007=AXIS2_PLACEMENT_3D('',#3004,#3005,#3006);
#3008=PLANE('',#3007);
#3009=ORIENTED_EDGE('',*,*,#2869,.F.);
#3011=ORIENTED_EDGE('',*,*,#3010,.F.);
#3013=ORIENTED_EDGE('',*,*,#3012,.F.);
#3015=ORIENTED_EDGE('',*,*,#3014,.F.);
#3017=ORIENTED_EDGE('',*,*,#3016,.F.);
#3018=ORIENTED_EDGE('',*,*,#2996,.F.);
#3019=EDGE_LOOP('',(#3009,#3011,#3013,#3015,#3017,#3018));
#3020=FACE_OUTER_BOUND('',#3019,.F.);
#3021=ADVANCED_FACE('',(#3020),#3008,.T.);
#3022=CARTESIAN_POINT('',(-2.E0,8.6E0,2.2E0));
#3023=DIRECTION('',(0.E0,-1.E0,0.E0));
#3024=DIRECTION('',(0.E0,0.E0,-1.E0));
#3025=AXIS2_PLACEMENT_3D('',#3022,#3023,#3024);
#3026=PLANE('',#3025);
#3027=ORIENTED_EDGE('',*,*,#2867,.F.);
#3028=ORIENTED_EDGE('',*,*,#2985,.F.);
#3030=ORIENTED_EDGE('',*,*,#3029,.T.);
#3031=ORIENTED_EDGE('',*,*,#3010,.T.);
#3032=EDGE_LOOP('',(#3027,#3028,#3030,#3031));
#3033=FACE_OUTER_BOUND('',#3032,.F.);
#3034=ADVANCED_FACE('',(#3033),#3026,.T.);
#3035=CARTESIAN_POINT('',(-2.E0,1.04E1,2.2E0));
#3036=DIRECTION('',(1.E0,0.E0,0.E0));
#3037=DIRECTION('',(0.E0,0.E0,-1.E0));
#3038=AXIS2_PLACEMENT_3D('',#3035,#3036,#3037);
#3039=CYLINDRICAL_SURFACE('',#3038,1.8E0);
#3041=ORIENTED_EDGE('',*,*,#3040,.T.);
#3042=ORIENTED_EDGE('',*,*,#3012,.T.);
#3043=ORIENTED_EDGE('',*,*,#3029,.F.);
#3044=ORIENTED_EDGE('',*,*,#2983,.F.);
#3045=EDGE_LOOP('',(#3041,#3042,#3043,#3044));
#3046=FACE_OUTER_BOUND('',#3045,.F.);
#3047=ADVANCED_FACE('',(#3046),#3039,.T.);
#3048=CARTESIAN_POINT('',(0.E0,0.E0,4.E0));
#3049=DIRECTION('',(0.E0,0.E0,1.E0));
#3050=DIRECTION('',(1.E0,0.E0,0.E0));
#3051=AXIS2_PLACEMENT_3D('',#3048,#3049,#3050);
#3052=PLANE('',#3051);
#3053=ORIENTED_EDGE('',*,*,#3040,.F.);
#3055=ORIENTED_EDGE('',*,*,#3054,.T.);
#3057=ORIENTED_EDGE('',*,*,#3056,.T.);
#3059=ORIENTED_EDGE('',*,*,#3058,.T.);
#3061=ORIENTED_EDGE('',*,*,#3060,.T.);
#3063=ORIENTED_EDGE('',*,*,#3062,.T.);
#3065=ORIENTED_EDGE('',*,*,#3064,.T.);
#3067=ORIENTED_EDGE('',*,*,#3066,.T.);
#3069=ORIENTED_EDGE('',*,*,#3068,.T.);
#3071=ORIENTED_EDGE('',*,*,#3070,.T.);
#3073=ORIENTED_EDGE('',*,*,#3072,.T.);
#3075=ORIENTED_EDGE('',*,*,#3074,.T.);
#3076=EDGE_LOOP('',(#3053,#3055,#3057,#3059,#3061,#3063,#3065,#3067,#3069,#3071,
#3073,#3075));
#3077=FACE_OUTER_BOUND('',#3076,.F.);
#3078=ADVANCED_FACE('',(#3077),#3052,.T.);
#3079=CARTESIAN_POINT('',(-2.2E0,1.04E1,4.E0));
#3080=DIRECTION('',(0.E0,0.E0,1.E0));
#3081=DIRECTION('',(1.E0,0.E0,0.E0));
#3082=AXIS2_PLACEMENT_3D('',#3079,#3080,#3081);
#3083=CYLINDRICAL_SURFACE('',#3082,2.E-1);
#3084=ORIENTED_EDGE('',*,*,#2981,.F.);
#3086=ORIENTED_EDGE('',*,*,#3085,.T.);
#3088=ORIENTED_EDGE('',*,*,#3087,.T.);
#3089=ORIENTED_EDGE('',*,*,#3054,.F.);
#3090=EDGE_LOOP('',(#3084,#3086,#3088,#3089));
#3091=FACE_OUTER_BOUND('',#3090,.F.);
#3092=ADVANCED_FACE('',(#3091),#3083,.F.);
#3093=CARTESIAN_POINT('',(0.E0,0.E0,3.3E0));
#3094=DIRECTION('',(0.E0,0.E0,1.E0));
#3095=DIRECTION('',(1.E0,0.E0,0.E0));
#3096=AXIS2_PLACEMENT_3D('',#3093,#3094,#3095);
#3097=PLANE('',#3096);
#3099=ORIENTED_EDGE('',*,*,#3098,.T.);
#3101=ORIENTED_EDGE('',*,*,#3100,.F.);
#3103=ORIENTED_EDGE('',*,*,#3102,.F.);
#3105=ORIENTED_EDGE('',*,*,#3104,.F.);
#3107=ORIENTED_EDGE('',*,*,#3106,.F.);
#3109=ORIENTED_EDGE('',*,*,#3108,.F.);
#3111=ORIENTED_EDGE('',*,*,#3110,.F.);
#3113=ORIENTED_EDGE('',*,*,#3112,.F.);
#3115=ORIENTED_EDGE('',*,*,#3114,.F.);
#3117=ORIENTED_EDGE('',*,*,#3116,.F.);
#3119=ORIENTED_EDGE('',*,*,#3118,.F.);
#3120=ORIENTED_EDGE('',*,*,#3085,.F.);
#3121=EDGE_LOOP('',(#3099,#3101,#3103,#3105,#3107,#3109,#3111,#3113,#3115,#3117,
#3119,#3120));
#3122=FACE_OUTER_BOUND('',#3121,.F.);
#3123=ADVANCED_FACE('',(#3122),#3097,.F.);
#3124=CARTESIAN_POINT('',(-2.E0,1.04E1,2.2E0));
#3125=DIRECTION('',(1.E0,0.E0,0.E0));
#3126=DIRECTION('',(0.E0,0.E0,-1.E0));
#3127=AXIS2_PLACEMENT_3D('',#3124,#3125,#3126);
#3128=CYLINDRICAL_SURFACE('',#3127,1.1E0);
#3129=ORIENTED_EDGE('',*,*,#3098,.F.);
#3130=ORIENTED_EDGE('',*,*,#2979,.F.);
#3131=ORIENTED_EDGE('',*,*,#2998,.T.);
#3132=ORIENTED_EDGE('',*,*,#3016,.T.);
#3133=EDGE_LOOP('',(#3129,#3130,#3131,#3132));
#3134=FACE_OUTER_BOUND('',#3133,.F.);
#3135=ADVANCED_FACE('',(#3134),#3128,.F.);
#3136=CARTESIAN_POINT('',(2.2E0,1.04E1,4.E0));
#3137=DIRECTION('',(0.E0,0.E0,1.E0));
#3138=DIRECTION('',(1.E0,0.E0,0.E0));
#3139=AXIS2_PLACEMENT_3D('',#3136,#3137,#3138);
#3140=CYLINDRICAL_SURFACE('',#3139,2.E-1);
#3141=ORIENTED_EDGE('',*,*,#3014,.T.);
#3142=ORIENTED_EDGE('',*,*,#3074,.F.);
#3144=ORIENTED_EDGE('',*,*,#3143,.F.);
#3145=ORIENTED_EDGE('',*,*,#3100,.T.);
#3146=EDGE_LOOP('',(#3141,#3142,#3144,#3145));
#3147=FACE_OUTER_BOUND('',#3146,.F.);
#3148=ADVANCED_FACE('',(#3147),#3140,.F.);
#3149=CARTESIAN_POINT('',(2.2E0,1.06E1,4.E0));
#3150=DIRECTION('',(0.E0,-1.E0,0.E0));
#3151=DIRECTION('',(1.E0,0.E0,0.E0));
#3152=AXIS2_PLACEMENT_3D('',#3149,#3150,#3151);
#3153=PLANE('',#3152);
#3154=ORIENTED_EDGE('',*,*,#3072,.F.);
#3156=ORIENTED_EDGE('',*,*,#3155,.F.);
#3157=ORIENTED_EDGE('',*,*,#3102,.T.);
#3158=ORIENTED_EDGE('',*,*,#3143,.T.);
#3159=EDGE_LOOP('',(#3154,#3156,#3157,#3158));
#3160=FACE_OUTER_BOUND('',#3159,.F.);
#3161=ADVANCED_FACE('',(#3160),#3153,.T.);
#3162=CARTESIAN_POINT('',(2.9E0,1.27E1,4.E0));
#3163=DIRECTION('',(0.E0,0.E0,1.E0));
#3164=DIRECTION('',(1.E0,0.E0,0.E0));
#3165=AXIS2_PLACEMENT_3D('',#3162,#3163,#3164);
#3166=CYLINDRICAL_SURFACE('',#3165,2.1E0);
#3167=ORIENTED_EDGE('',*,*,#3070,.F.);
#3169=ORIENTED_EDGE('',*,*,#3168,.F.);
#3170=ORIENTED_EDGE('',*,*,#3104,.T.);
#3171=ORIENTED_EDGE('',*,*,#3155,.T.);
#3172=EDGE_LOOP('',(#3167,#3169,#3170,#3171));
#3173=FACE_OUTER_BOUND('',#3172,.F.);
#3174=ADVANCED_FACE('',(#3173),#3166,.T.);
#3175=CARTESIAN_POINT('',(5.E0,1.27E1,4.E0));
#3176=DIRECTION('',(1.E0,0.E0,0.E0));
#3177=DIRECTION('',(0.E0,1.E0,0.E0));
#3178=AXIS2_PLACEMENT_3D('',#3175,#3176,#3177);
#3179=PLANE('',#3178);
#3180=ORIENTED_EDGE('',*,*,#3068,.F.);
#3182=ORIENTED_EDGE('',*,*,#3181,.F.);
#3183=ORIENTED_EDGE('',*,*,#3106,.T.);
#3184=ORIENTED_EDGE('',*,*,#3168,.T.);
#3185=EDGE_LOOP('',(#3180,#3182,#3183,#3184));
#3186=FACE_OUTER_BOUND('',#3185,.F.);
#3187=ADVANCED_FACE('',(#3186),#3179,.T.);
#3188=CARTESIAN_POINT('',(2.9E0,1.286352173266E1,4.E0));
#3189=DIRECTION('',(0.E0,0.E0,1.E0));
#3190=DIRECTION('',(1.E0,0.E0,0.E0));
#3191=AXIS2_PLACEMENT_3D('',#3188,#3189,#3190);
#3192=CYLINDRICAL_SURFACE('',#3191,2.1E0);
#3193=ORIENTED_EDGE('',*,*,#3066,.F.);
#3195=ORIENTED_EDGE('',*,*,#3194,.F.);
#3196=ORIENTED_EDGE('',*,*,#3108,.T.);
#3197=ORIENTED_EDGE('',*,*,#3181,.T.);
#3198=EDGE_LOOP('',(#3193,#3195,#3196,#3197));
#3199=FACE_OUTER_BOUND('',#3198,.F.);
#3200=ADVANCED_FACE('',(#3199),#3192,.T.);
#3201=CARTESIAN_POINT('',(0.E0,-4.8E0,4.E0));
#3202=DIRECTION('',(0.E0,0.E0,1.E0));
#3203=DIRECTION('',(1.E0,0.E0,0.E0));
#3204=AXIS2_PLACEMENT_3D('',#3201,#3202,#3203);
#3205=CYLINDRICAL_SURFACE('',#3204,2.E1);
#3206=ORIENTED_EDGE('',*,*,#3064,.F.);
#3208=ORIENTED_EDGE('',*,*,#3207,.F.);
#3209=ORIENTED_EDGE('',*,*,#3110,.T.);
#3210=ORIENTED_EDGE('',*,*,#3194,.T.);
#3211=EDGE_LOOP('',(#3206,#3208,#3209,#3210));
#3212=FACE_OUTER_BOUND('',#3211,.F.);
#3213=ADVANCED_FACE('',(#3212),#3205,.T.);
#3214=CARTESIAN_POINT('',(-2.9E0,1.286352173266E1,4.E0));
#3215=DIRECTION('',(0.E0,0.E0,1.E0));
#3216=DIRECTION('',(1.E0,0.E0,0.E0));
#3217=AXIS2_PLACEMENT_3D('',#3214,#3215,#3216);
#3218=CYLINDRICAL_SURFACE('',#3217,2.1E0);
#3219=ORIENTED_EDGE('',*,*,#3062,.F.);
#3221=ORIENTED_EDGE('',*,*,#3220,.F.);
#3222=ORIENTED_EDGE('',*,*,#3112,.T.);
#3223=ORIENTED_EDGE('',*,*,#3207,.T.);
#3224=EDGE_LOOP('',(#3219,#3221,#3222,#3223));
#3225=FACE_OUTER_BOUND('',#3224,.F.);
#3226=ADVANCED_FACE('',(#3225),#3218,.T.);
#3227=CARTESIAN_POINT('',(-5.E0,1.286352173266E1,4.E0));
#3228=DIRECTION('',(-1.E0,0.E0,0.E0));
#3229=DIRECTION('',(0.E0,-1.E0,0.E0));
#3230=AXIS2_PLACEMENT_3D('',#3227,#3228,#3229);
#3231=PLANE('',#3230);
#3232=ORIENTED_EDGE('',*,*,#3060,.F.);
#3234=ORIENTED_EDGE('',*,*,#3233,.F.);
#3235=ORIENTED_EDGE('',*,*,#3114,.T.);
#3236=ORIENTED_EDGE('',*,*,#3220,.T.);
#3237=EDGE_LOOP('',(#3232,#3234,#3235,#3236));
#3238=FACE_OUTER_BOUND('',#3237,.F.);
#3239=ADVANCED_FACE('',(#3238),#3231,.T.);
#3240=CARTESIAN_POINT('',(-2.9E0,1.27E1,4.E0));
#3241=DIRECTION('',(0.E0,0.E0,1.E0));
#3242=DIRECTION('',(1.E0,0.E0,0.E0));
#3243=AXIS2_PLACEMENT_3D('',#3240,#3241,#3242);
#3244=CYLINDRICAL_SURFACE('',#3243,2.1E0);
#3245=ORIENTED_EDGE('',*,*,#3058,.F.);
#3247=ORIENTED_EDGE('',*,*,#3246,.F.);
#3248=ORIENTED_EDGE('',*,*,#3116,.T.);
#3249=ORIENTED_EDGE('',*,*,#3233,.T.);
#3250=EDGE_LOOP('',(#3245,#3247,#3248,#3249));
#3251=FACE_OUTER_BOUND('',#3250,.F.);
#3252=ADVANCED_FACE('',(#3251),#3244,.T.);
#3253=CARTESIAN_POINT('',(-2.9E0,1.06E1,4.E0));
#3254=DIRECTION('',(0.E0,-1.E0,0.E0));
#3255=DIRECTION('',(1.E0,0.E0,0.E0));
#3256=AXIS2_PLACEMENT_3D('',#3253,#3254,#3255);
#3257=PLANE('',#3256);
#3258=ORIENTED_EDGE('',*,*,#3056,.F.);
#3259=ORIENTED_EDGE('',*,*,#3087,.F.);
#3260=ORIENTED_EDGE('',*,*,#3118,.T.);
#3261=ORIENTED_EDGE('',*,*,#3246,.T.);
#3262=EDGE_LOOP('',(#3258,#3259,#3260,#3261));
#3263=FACE_OUTER_BOUND('',#3262,.F.);
#3264=ADVANCED_FACE('',(#3263),#3257,.T.);
#3265=CARTESIAN_POINT('',(-9.5E0,1.2E1,0.E0));
#3266=DIRECTION('',(0.E0,0.E0,1.E0));
#3267=DIRECTION('',(1.E0,0.E0,0.E0));
#3268=AXIS2_PLACEMENT_3D('',#3265,#3266,#3267);
#3269=CYLINDRICAL_SURFACE('',#3268,3.5E0);
#3270=ORIENTED_EDGE('',*,*,#2155,.T.);
#3272=ORIENTED_EDGE('',*,*,#3271,.T.);
#3273=ORIENTED_EDGE('',*,*,#2019,.F.);
#3274=ORIENTED_EDGE('',*,*,#2826,.F.);
#3275=EDGE_LOOP('',(#3270,#3272,#3273,#3274));
#3276=FACE_OUTER_BOUND('',#3275,.F.);
#3277=ADVANCED_FACE('',(#3276),#3269,.T.);
#3278=CARTESIAN_POINT('',(-1.3E1,-1.2E1,0.E0));
#3279=DIRECTION('',(1.E0,0.E0,0.E0));
#3280=DIRECTION('',(0.E0,1.E0,0.E0));
#3281=AXIS2_PLACEMENT_3D('',#3278,#3279,#3280);
#3282=PLANE('',#3281);
#3283=ORIENTED_EDGE('',*,*,#2153,.F.);
#3285=ORIENTED_EDGE('',*,*,#3284,.T.);
#3286=ORIENTED_EDGE('',*,*,#2005,.T.);
#3287=ORIENTED_EDGE('',*,*,#3271,.F.);
#3288=EDGE_LOOP('',(#3283,#3285,#3286,#3287));
#3289=FACE_OUTER_BOUND('',#3288,.F.);
#3290=ADVANCED_FACE('',(#3289),#3282,.F.);
#3291=CARTESIAN_POINT('',(-9.5E0,-1.2E1,0.E0));
#3292=DIRECTION('',(0.E0,0.E0,1.E0));
#3293=DIRECTION('',(1.E0,0.E0,0.E0));
#3294=AXIS2_PLACEMENT_3D('',#3291,#3292,#3293);
#3295=CYLINDRICAL_SURFACE('',#3294,3.5E0);
#3296=ORIENTED_EDGE('',*,*,#2151,.T.);
#3298=ORIENTED_EDGE('',*,*,#3297,.T.);
#3299=ORIENTED_EDGE('',*,*,#2007,.F.);
#3300=ORIENTED_EDGE('',*,*,#3284,.F.);
#3301=EDGE_LOOP('',(#3296,#3298,#3299,#3300));
#3302=FACE_OUTER_BOUND('',#3301,.F.);
#3303=ADVANCED_FACE('',(#3302),#3295,.T.);
#3304=CARTESIAN_POINT('',(9.5E0,-1.55E1,0.E0));
#3305=DIRECTION('',(0.E0,1.E0,0.E0));
#3306=DIRECTION('',(-1.E0,0.E0,0.E0));
#3307=AXIS2_PLACEMENT_3D('',#3304,#3305,#3306);
#3308=PLANE('',#3307);
#3309=ORIENTED_EDGE('',*,*,#2149,.F.);
#3311=ORIENTED_EDGE('',*,*,#3310,.T.);
#3312=ORIENTED_EDGE('',*,*,#2009,.T.);
#3313=ORIENTED_EDGE('',*,*,#3297,.F.);
#3314=EDGE_LOOP('',(#3309,#3311,#3312,#3313));
#3315=FACE_OUTER_BOUND('',#3314,.F.);
#3316=ADVANCED_FACE('',(#3315),#3308,.F.);
#3317=CARTESIAN_POINT('',(9.5E0,-1.2E1,0.E0));
#3318=DIRECTION('',(0.E0,0.E0,1.E0));
#3319=DIRECTION('',(1.E0,0.E0,0.E0));
#3320=AXIS2_PLACEMENT_3D('',#3317,#3318,#3319);
#3321=CYLINDRICAL_SURFACE('',#3320,3.5E0);
#3322=ORIENTED_EDGE('',*,*,#2147,.T.);
#3324=ORIENTED_EDGE('',*,*,#3323,.T.);
#3325=ORIENTED_EDGE('',*,*,#2011,.F.);
#3326=ORIENTED_EDGE('',*,*,#3310,.F.);
#3327=EDGE_LOOP('',(#3322,#3324,#3325,#3326));
#3328=FACE_OUTER_BOUND('',#3327,.F.);
#3329=ADVANCED_FACE('',(#3328),#3321,.T.);
#3330=CARTESIAN_POINT('',(1.3E1,1.2E1,0.E0));
#3331=DIRECTION('',(-1.E0,0.E0,0.E0));
#3332=DIRECTION('',(0.E0,-1.E0,0.E0));
#3333=AXIS2_PLACEMENT_3D('',#3330,#3331,#3332);
#3334=PLANE('',#3333);
#3335=ORIENTED_EDGE('',*,*,#2145,.F.);
#3337=ORIENTED_EDGE('',*,*,#3336,.T.);
#3338=ORIENTED_EDGE('',*,*,#2013,.T.);
#3339=ORIENTED_EDGE('',*,*,#3323,.F.);
#3340=EDGE_LOOP('',(#3335,#3337,#3338,#3339));
#3341=FACE_OUTER_BOUND('',#3340,.F.);
#3342=ADVANCED_FACE('',(#3341),#3334,.F.);
#3343=CARTESIAN_POINT('',(9.5E0,1.2E1,0.E0));
#3344=DIRECTION('',(0.E0,0.E0,1.E0));
#3345=DIRECTION('',(1.E0,0.E0,0.E0));
#3346=AXIS2_PLACEMENT_3D('',#3343,#3344,#3345);
#3347=CYLINDRICAL_SURFACE('',#3346,3.5E0);
#3348=ORIENTED_EDGE('',*,*,#2143,.T.);
#3349=ORIENTED_EDGE('',*,*,#2829,.T.);
#3350=ORIENTED_EDGE('',*,*,#2015,.F.);
#3351=ORIENTED_EDGE('',*,*,#3336,.F.);
#3352=EDGE_LOOP('',(#3348,#3349,#3350,#3351));
#3353=FACE_OUTER_BOUND('',#3352,.F.);
#3354=ADVANCED_FACE('',(#3353),#3347,.T.);
#3355=CARTESIAN_POINT('',(9.5E0,-1.2E1,2.9E0));
#3356=DIRECTION('',(0.E0,0.E0,1.E0));
#3357=DIRECTION('',(1.E0,0.E0,0.E0));
#3358=AXIS2_PLACEMENT_3D('',#3355,#3356,#3357);
#3359=CYLINDRICAL_SURFACE('',#3358,3.E0);
#3361=ORIENTED_EDGE('',*,*,#3360,.T.);
#3363=ORIENTED_EDGE('',*,*,#3362,.F.);
#3364=ORIENTED_EDGE('',*,*,#2179,.F.);
#3366=ORIENTED_EDGE('',*,*,#3365,.T.);
#3367=EDGE_LOOP('',(#3361,#3363,#3364,#3366));
#3368=FACE_OUTER_BOUND('',#3367,.F.);
#3369=ADVANCED_FACE('',(#3368),#3359,.F.);
#3370=CARTESIAN_POINT('',(9.5E0,-1.2E1,1.974999998765E0));
#3371=DIRECTION('',(0.E0,0.E0,1.E0));
#3372=DIRECTION('',(0.E0,-1.E0,0.E0));
#3373=AXIS2_PLACEMENT_3D('',#3370,#3371,#3372);
#3374=CONICAL_SURFACE('',#3373,2.374999998765E0,4.5E1);
#3376=ORIENTED_EDGE('',*,*,#3375,.T.);
#3378=ORIENTED_EDGE('',*,*,#3377,.T.);
#3379=ORIENTED_EDGE('',*,*,#3360,.F.);
#3381=ORIENTED_EDGE('',*,*,#3380,.F.);
#3382=EDGE_LOOP('',(#3376,#3378,#3379,#3381));
#3383=FACE_OUTER_BOUND('',#3382,.F.);
#3384=ADVANCED_FACE('',(#3383),#3374,.F.);
#3385=CARTESIAN_POINT('',(9.5E0,-1.2E1,0.E0));
#3386=DIRECTION('',(0.E0,0.E0,1.E0));
#3387=DIRECTION('',(1.E0,0.E0,0.E0));
#3388=AXIS2_PLACEMENT_3D('',#3385,#3386,#3387);
#3389=CYLINDRICAL_SURFACE('',#3388,1.75E0);
#3390=ORIENTED_EDGE('',*,*,#3375,.F.);
#3392=ORIENTED_EDGE('',*,*,#3391,.T.);
#3393=ORIENTED_EDGE('',*,*,#2029,.T.);
#3395=ORIENTED_EDGE('',*,*,#3394,.F.);
#3396=EDGE_LOOP('',(#3390,#3392,#3393,#3395));
#3397=FACE_OUTER_BOUND('',#3396,.F.);
#3398=ADVANCED_FACE('',(#3397),#3389,.F.);
#3399=CARTESIAN_POINT('',(9.5E0,-1.2E1,0.E0));
#3400=DIRECTION('',(0.E0,0.E0,1.E0));
#3401=DIRECTION('',(1.E0,0.E0,0.E0));
#3402=AXIS2_PLACEMENT_3D('',#3399,#3400,#3401);
#3403=CYLINDRICAL_SURFACE('',#3402,1.75E0);
#3405=ORIENTED_EDGE('',*,*,#3404,.F.);
#3406=ORIENTED_EDGE('',*,*,#3394,.T.);
#3407=ORIENTED_EDGE('',*,*,#2031,.T.);
#3408=ORIENTED_EDGE('',*,*,#3391,.F.);
#3409=EDGE_LOOP('',(#3405,#3406,#3407,#3408));
#3410=FACE_OUTER_BOUND('',#3409,.F.);
#3411=ADVANCED_FACE('',(#3410),#3403,.F.);
#3412=CARTESIAN_POINT('',(9.5E0,-1.2E1,1.974999998765E0));
#3413=DIRECTION('',(0.E0,0.E0,1.E0));
#3414=DIRECTION('',(0.E0,-1.E0,0.E0));
#3415=AXIS2_PLACEMENT_3D('',#3412,#3413,#3414);
#3416=CONICAL_SURFACE('',#3415,2.374999998765E0,4.5E1);
#3417=ORIENTED_EDGE('',*,*,#3404,.T.);
#3418=ORIENTED_EDGE('',*,*,#3380,.T.);
#3420=ORIENTED_EDGE('',*,*,#3419,.F.);
#3421=ORIENTED_EDGE('',*,*,#3377,.F.);
#3422=EDGE_LOOP('',(#3417,#3418,#3420,#3421));
#3423=FACE_OUTER_BOUND('',#3422,.F.);
#3424=ADVANCED_FACE('',(#3423),#3416,.F.);
#3425=CARTESIAN_POINT('',(9.5E0,-1.2E1,2.9E0));
#3426=DIRECTION('',(0.E0,0.E0,1.E0));
#3427=DIRECTION('',(1.E0,0.E0,0.E0));
#3428=AXIS2_PLACEMENT_3D('',#3425,#3426,#3427);
#3429=CYLINDRICAL_SURFACE('',#3428,3.E0);
#3430=ORIENTED_EDGE('',*,*,#3419,.T.);
#3431=ORIENTED_EDGE('',*,*,#3365,.F.);
#3432=ORIENTED_EDGE('',*,*,#2181,.F.);
#3433=ORIENTED_EDGE('',*,*,#3362,.T.);
#3434=EDGE_LOOP('',(#3430,#3431,#3432,#3433));
#3435=FACE_OUTER_BOUND('',#3434,.F.);
#3436=ADVANCED_FACE('',(#3435),#3429,.F.);
#3437=CLOSED_SHELL('',(#1649,#1664,#1678,#1692,#1706,#1720,#1734,#1748,#1762,
#1776,#1790,#1804,#1817,#1837,#1867,#1881,#1894,#1907,#1920,#1933,#1946,#1959,
#1971,#1986,#1999,#2039,#2054,#2069,#2083,#2095,#2110,#2123,#2185,#2235,#2250,
#2281,#2303,#2316,#2329,#2342,#2355,#2368,#2381,#2394,#2407,#2420,#2433,#2445,
#2460,#2474,#2488,#2501,#2515,#2539,#2576,#2600,#2613,#2637,#2674,#2697,#2712,
#2730,#2746,#2760,#2774,#2788,#2802,#2816,#2836,#2875,#2888,#2901,#2914,#2927,
#2940,#2954,#2970,#2989,#3003,#3021,#3034,#3047,#3078,#3092,#3123,#3135,#3148,
#3161,#3174,#3187,#3200,#3213,#3226,#3239,#3252,#3264,#3277,#3290,#3303,#3316,
#3329,#3342,#3354,#3369,#3384,#3398,#3411,#3424,#3436));
#3438=MANIFOLD_SOLID_BREP('',#3437);
#3440=DIMENSIONAL_EXPONENTS(0.E0,0.E0,0.E0,0.E0,0.E0,0.E0,0.E0);
#3442=PLANE_ANGLE_MEASURE_WITH_UNIT(PLANE_ANGLE_MEASURE(1.745329251994E-2),
#3441);
#3443=(CONVERSION_BASED_UNIT('DEGREE',#3442)NAMED_UNIT(*)PLANE_ANGLE_UNIT());
#3445=UNCERTAINTY_MEASURE_WITH_UNIT(LENGTH_MEASURE(6.540159322062E-3),#3439,
'closure',
'Maximum model space distance between geometric entities at asserted connectivities');
#3446=(GEOMETRIC_REPRESENTATION_CONTEXT(3)GLOBAL_UNCERTAINTY_ASSIGNED_CONTEXT((
#3445))GLOBAL_UNIT_ASSIGNED_CONTEXT((#3439,#3443,#3444))REPRESENTATION_CONTEXT(
'ID1','3'));
#3448=APPLICATION_CONTEXT(
'CONFIGURATION CONTROLLED 3D DESIGNS OF MECHANICAL PARTS AND ASSEMBLIES');
#3449=APPLICATION_PROTOCOL_DEFINITION('international standard',
'config_control_design',1994,#3448);
#3450=DESIGN_CONTEXT('',#3448,'design');
#3451=MECHANICAL_CONTEXT('',#3448,'mechanical');
#3452=PRODUCT('D-NE8FDX-P6','D-NE8FDX-P6','NOT SPECIFIED',(#3451));
#3453=PRODUCT_DEFINITION_FORMATION_WITH_SPECIFIED_SOURCE('1','LAST_VERSION',
#3452,.MADE.);
#3457=PRODUCT_CATEGORY('part','');
#3458=PRODUCT_RELATED_PRODUCT_CATEGORY('detail','',(#3452));
#3459=PRODUCT_CATEGORY_RELATIONSHIP('','',#3457,#3458);
#3460=SECURITY_CLASSIFICATION_LEVEL('unclassified');
#3461=SECURITY_CLASSIFICATION('','',#3460);
#3462=CC_DESIGN_SECURITY_CLASSIFICATION(#3461,(#3453));
#3463=APPROVAL_STATUS('approved');
#3464=APPROVAL(#3463,'');
#3465=CC_DESIGN_APPROVAL(#3464,(#3461,#3453,#3454));
#3466=CALENDAR_DATE(118,21,2);
#3467=COORDINATED_UNIVERSAL_TIME_OFFSET(1,0,.AHEAD.);
#3468=LOCAL_TIME(11,7,3.E1,#3467);
#3469=DATE_AND_TIME(#3466,#3468);
#3470=APPROVAL_DATE_TIME(#3469,#3464);
#3471=DATE_TIME_ROLE('creation_date');
#3472=CC_DESIGN_DATE_AND_TIME_ASSIGNMENT(#3469,#3471,(#3454));
#3473=DATE_TIME_ROLE('classification_date');
#3474=CC_DESIGN_DATE_AND_TIME_ASSIGNMENT(#3469,#3473,(#3461));
#3475=PERSON('UNSPECIFIED','UNSPECIFIED',$,$,$,$);
#3476=ORGANIZATION('UNSPECIFIED','UNSPECIFIED','UNSPECIFIED');
#3477=PERSON_AND_ORGANIZATION(#3475,#3476);
#3478=APPROVAL_ROLE('approver');
#3479=APPROVAL_PERSON_ORGANIZATION(#3477,#3464,#3478);
#3480=PERSON_AND_ORGANIZATION_ROLE('creator');
#3481=CC_DESIGN_PERSON_AND_ORGANIZATION_ASSIGNMENT(#3477,#3480,(#3453,#3454));
#3482=PERSON_AND_ORGANIZATION_ROLE('design_supplier');
#3483=CC_DESIGN_PERSON_AND_ORGANIZATION_ASSIGNMENT(#3477,#3482,(#3453));
#3484=PERSON_AND_ORGANIZATION_ROLE('classification_officer');
#3485=CC_DESIGN_PERSON_AND_ORGANIZATION_ASSIGNMENT(#3477,#3484,(#3461));
#3486=PERSON_AND_ORGANIZATION_ROLE('design_owner');
#3487=CC_DESIGN_PERSON_AND_ORGANIZATION_ASSIGNMENT(#3477,#3486,(#3452));
#57=CIRCLE('',#56,9.5E0);
#74=CIRCLE('',#73,9.5E0);
#83=CIRCLE('',#82,9.5E0);
#188=CIRCLE('',#187,9.5E0);
#197=CIRCLE('',#196,9.5E0);
#214=CIRCLE('',#213,9.5E0);
#251=CIRCLE('',#250,1.2E1);
#256=CIRCLE('',#255,1.2E1);
#269=CIRCLE('',#268,1.2E1);
#274=CIRCLE('',#273,1.2E1);
#279=CIRCLE('',#278,1.75E0);
#284=CIRCLE('',#283,1.75E0);
#289=CIRCLE('',#288,1.75E0);
#294=CIRCLE('',#293,1.75E0);
#303=CIRCLE('',#302,3.5E0);
#312=CIRCLE('',#311,3.5E0);
#321=CIRCLE('',#320,3.5E0);
#330=CIRCLE('',#329,3.5E0);
#335=CIRCLE('',#334,1.75E0);
#352=CIRCLE('',#351,1.75E0);
#361=CIRCLE('',#360,3.E0);
#370=CIRCLE('',#369,3.E0);
#427=CIRCLE('',#426,3.E0);
#432=CIRCLE('',#431,3.E0);
#437=CIRCLE('',#436,3.E0);
#442=CIRCLE('',#441,3.E0);
#451=CIRCLE('',#450,5.E-1);
#460=CIRCLE('',#459,2.E0);
#469=CIRCLE('',#468,1.E0);
#478=CIRCLE('',#477,3.5E0);
#487=CIRCLE('',#486,3.5E0);
#496=CIRCLE('',#495,3.5E0);
#505=CIRCLE('',#504,3.5E0);
#514=CIRCLE('',#513,1.E0);
#523=CIRCLE('',#522,2.E0);
#532=CIRCLE('',#531,5.E-1);
#541=CIRCLE('',#540,7.45E0);
#546=CIRCLE('',#545,4.999990609362E-1);
#551=CIRCLE('',#550,2.5E-1);
#556=CIRCLE('',#555,4.999990609362E-1);
#561=CIRCLE('',#560,7.45E0);
#566=CIRCLE('',#565,4.999990609362E-1);
#571=CIRCLE('',#570,2.5E-1);
#576=CIRCLE('',#575,4.999990609362E-1);
#633=CIRCLE('',#632,7.5E-1);
#638=CIRCLE('',#637,7.95E0);
#643=CIRCLE('',#642,7.5E-1);
#648=CIRCLE('',#647,7.95E0);
#653=CIRCLE('',#652,9.7E0);
#658=CIRCLE('',#657,9.7E0);
#711=CIRCLE('',#710,7.5E-1);
#720=CIRCLE('',#719,7.95E0);
#729=CIRCLE('',#728,7.5E-1);
#738=CIRCLE('',#737,7.95E0);
#743=CIRCLE('',#742,5.E-1);
#748=CIRCLE('',#747,5.E-1);
#753=CIRCLE('',#752,5.E-1);
#758=CIRCLE('',#757,5.E-1);
#763=CIRCLE('',#762,5.E-1);
#768=CIRCLE('',#767,5.E-1);
#773=CIRCLE('',#772,5.E-1);
#778=CIRCLE('',#777,5.E-1);
#783=CIRCLE('',#782,9.7E0);
#792=CIRCLE('',#791,1.02E1);
#805=B_SPLINE_CURVE_WITH_KNOTS('',3,(#797,#798,#799,#800,#801,#802,#803,#804),
.UNSPECIFIED.,.F.,.F.,(4,1,1,1,1,4),(0.E0,2.E-1,4.E-1,6.E-1,8.E-1,1.E0),
.UNSPECIFIED.);
#842=CIRCLE('',#841,1.E0);
#851=CIRCLE('',#850,2.E0);
#860=CIRCLE('',#859,5.E-1);
#873=CIRCLE('',#872,5.E-1);
#882=CIRCLE('',#881,2.E0);
#891=CIRCLE('',#890,1.E0);
#936=B_SPLINE_CURVE_WITH_KNOTS('',3,(#928,#929,#930,#931,#932,#933,#934,#935),
.UNSPECIFIED.,.F.,.F.,(4,1,1,1,1,4),(0.E0,2.E-1,4.E-1,6.E-1,8.E-1,1.E0),
.UNSPECIFIED.);
#941=CIRCLE('',#940,9.7E0);
#950=CIRCLE('',#949,9.7E0);
#959=CIRCLE('',#958,9.7E0);
#972=CIRCLE('',#971,1.1E0);
#977=CIRCLE('',#976,1.8E0);
#990=CIRCLE('',#989,1.8E0);
#995=CIRCLE('',#994,1.1E0);
#1012=CIRCLE('',#1011,2.E-1);
#1021=CIRCLE('',#1020,2.1E0);
#1030=CIRCLE('',#1029,2.1E0);
#1035=CIRCLE('',#1034,2.E1);
#1040=CIRCLE('',#1039,2.1E0);
#1049=CIRCLE('',#1048,2.1E0);
#1058=CIRCLE('',#1057,2.E-1);
#1075=CIRCLE('',#1074,2.E-1);
#1084=CIRCLE('',#1083,2.1E0);
#1093=CIRCLE('',#1092,2.1E0);
#1098=CIRCLE('',#1097,2.E1);
#1103=CIRCLE('',#1102,2.1E0);
#1112=CIRCLE('',#1111,2.1E0);
#1121=CIRCLE('',#1120,2.E-1);
#1198=CIRCLE('',#1197,3.E0);
#1211=CIRCLE('',#1210,1.75E0);
#1220=CIRCLE('',#1219,1.75E0);
#1233=CIRCLE('',#1232,3.E0);
#1605=EDGE_CURVE('',#1460,#1461,#52,.T.);
#1607=EDGE_CURVE('',#1463,#1461,#57,.T.);
#1609=EDGE_CURVE('',#1463,#1465,#61,.T.);
#1611=EDGE_CURVE('',#1465,#1467,#65,.T.);
#1613=EDGE_CURVE('',#1467,#1469,#69,.T.);
#1615=EDGE_CURVE('',#1471,#1469,#74,.T.);
#1617=EDGE_CURVE('',#1471,#1473,#78,.T.);
#1619=EDGE_CURVE('',#1460,#1473,#83,.T.);
#1623=EDGE_CURVE('',#1436,#1437,#4,.T.);
#1625=EDGE_CURVE('',#1437,#1439,#8,.T.);
#1627=EDGE_CURVE('',#1439,#1441,#12,.T.);
#1629=EDGE_CURVE('',#1441,#1443,#16,.T.);
#1631=EDGE_CURVE('',#1443,#1445,#20,.T.);
#1633=EDGE_CURVE('',#1445,#1447,#24,.T.);
#1635=EDGE_CURVE('',#1447,#1449,#28,.T.);
#1637=EDGE_CURVE('',#1449,#1451,#32,.T.);
#1639=EDGE_CURVE('',#1451,#1453,#36,.T.);
#1641=EDGE_CURVE('',#1453,#1455,#40,.T.);
#1643=EDGE_CURVE('',#1455,#1457,#44,.T.);
#1645=EDGE_CURVE('',#1457,#1436,#48,.T.);
#1656=EDGE_CURVE('',#1436,#1396,#87,.T.);
#1658=EDGE_CURVE('',#1396,#1397,#135,.T.);
#1660=EDGE_CURVE('',#1437,#1397,#131,.T.);
#1671=EDGE_CURVE('',#1457,#1417,#91,.T.);
#1673=EDGE_CURVE('',#1417,#1396,#139,.T.);
#1685=EDGE_CURVE('',#1455,#1415,#95,.T.);
#1687=EDGE_CURVE('',#1415,#1417,#143,.T.);
#1699=EDGE_CURVE('',#1453,#1413,#99,.T.);
#1701=EDGE_CURVE('',#1413,#1415,#147,.T.);
#1713=EDGE_CURVE('',#1451,#1411,#103,.T.);
#1715=EDGE_CURVE('',#1411,#1413,#151,.T.);
#1727=EDGE_CURVE('',#1449,#1409,#107,.T.);
#1729=EDGE_CURVE('',#1409,#1411,#155,.T.);
#1741=EDGE_CURVE('',#1447,#1407,#111,.T.);
#1743=EDGE_CURVE('',#1407,#1409,#159,.T.);
#1755=EDGE_CURVE('',#1445,#1405,#115,.T.);
#1757=EDGE_CURVE('',#1405,#1407,#163,.T.);
#1769=EDGE_CURVE('',#1443,#1403,#119,.T.);
#1771=EDGE_CURVE('',#1403,#1405,#167,.T.);
#1783=EDGE_CURVE('',#1441,#1401,#123,.T.);
#1785=EDGE_CURVE('',#1401,#1403,#171,.T.);
#1797=EDGE_CURVE('',#1439,#1399,#127,.T.);
#1799=EDGE_CURVE('',#1399,#1401,#175,.T.);
#1812=EDGE_CURVE('',#1397,#1399,#179,.T.);
#1843=EDGE_CURVE('',#1476,#1477,#251,.T.);
#1845=EDGE_CURVE('',#1477,#1476,#256,.T.);
#1849=EDGE_CURVE('',#1420,#1421,#183,.T.);
#1851=EDGE_CURVE('',#1433,#1420,#188,.T.);
#1853=EDGE_CURVE('',#1431,#1433,#192,.T.);
#1855=EDGE_CURVE('',#1429,#1431,#197,.T.);
#1857=EDGE_CURVE('',#1427,#1429,#201,.T.);
#1859=EDGE_CURVE('',#1425,#1427,#205,.T.);
#1861=EDGE_CURVE('',#1423,#1425,#209,.T.);
#1863=EDGE_CURVE('',#1421,#1423,#214,.T.);
#1874=EDGE_CURVE('',#1460,#1420,#218,.T.);
#1877=EDGE_CURVE('',#1461,#1421,#246,.T.);
#1888=EDGE_CURVE('',#1473,#1433,#222,.T.);
#1901=EDGE_CURVE('',#1471,#1431,#226,.T.);
#1914=EDGE_CURVE('',#1469,#1429,#230,.T.);
#1927=EDGE_CURVE('',#1467,#1427,#234,.T.);
#1940=EDGE_CURVE('',#1465,#1425,#238,.T.);
#1953=EDGE_CURVE('',#1463,#1423,#242,.T.);
#1978=EDGE_CURVE('',#1477,#1385,#264,.T.);
#1980=EDGE_CURVE('',#1384,#1385,#269,.T.);
#1982=EDGE_CURVE('',#1476,#1384,#260,.T.);
#1994=EDGE_CURVE('',#1384,#1385,#274,.T.);
#2005=EDGE_CURVE('',#1255,#1257,#298,.T.);
#2007=EDGE_CURVE('',#1255,#1269,#303,.T.);
#2009=EDGE_CURVE('',#1267,#1269,#307,.T.);
#2011=EDGE_CURVE('',#1267,#1265,#312,.T.);
#2013=EDGE_CURVE('',#1263,#1265,#316,.T.);
#2015=EDGE_CURVE('',#1263,#1261,#321,.T.);
#2017=EDGE_CURVE('',#1259,#1261,#325,.T.);
#2019=EDGE_CURVE('',#1259,#1257,#330,.T.);
#2023=EDGE_CURVE('',#1388,#1389,#279,.T.);
#2025=EDGE_CURVE('',#1389,#1388,#284,.T.);
#2029=EDGE_CURVE('',#1392,#1393,#289,.T.);
#2031=EDGE_CURVE('',#1393,#1392,#294,.T.);
#2045=EDGE_CURVE('',#1573,#1572,#335,.T.);
#2047=EDGE_CURVE('',#1573,#1388,#339,.T.);
#2050=EDGE_CURVE('',#1572,#1389,#356,.T.);
#2061=EDGE_CURVE('',#1572,#1576,#347,.T.);
#2063=EDGE_CURVE('',#1577,#1576,#370,.T.);
#2065=EDGE_CURVE('',#1573,#1577,#343,.T.);
#2075=EDGE_CURVE('',#1572,#1573,#352,.T.);
#2078=EDGE_CURVE('',#1576,#1577,#361,.T.);
#2102=EDGE_CURVE('',#1564,#1577,#374,.T.);
#2104=EDGE_CURVE('',#1565,#1564,#432,.T.);
#2106=EDGE_CURVE('',#1565,#1576,#365,.T.);
#2118=EDGE_CURVE('',#1564,#1565,#427,.T.);
#2129=EDGE_CURVE('',#1587,#1509,#446,.T.);
#2131=EDGE_CURVE('',#1508,#1509,#451,.T.);
#2133=EDGE_CURVE('',#1508,#1511,#455,.T.);
#2135=EDGE_CURVE('',#1511,#1513,#460,.T.);
#2137=EDGE_CURVE('',#1513,#1515,#464,.T.);
#2139=EDGE_CURVE('',#1517,#1515,#469,.T.);
#2141=EDGE_CURVE('',#1517,#1247,#473,.T.);
#2143=EDGE_CURVE('',#1246,#1247,#478,.T.);
#2145=EDGE_CURVE('',#1246,#1249,#482,.T.);
#2147=EDGE_CURVE('',#1251,#1249,#487,.T.);
#2149=EDGE_CURVE('',#1251,#1253,#491,.T.);
#2151=EDGE_CURVE('',#1240,#1253,#496,.T.);
#2153=EDGE_CURVE('',#1240,#1241,#500,.T.);
#2155=EDGE_CURVE('',#1243,#1241,#505,.T.);
#2157=EDGE_CURVE('',#1243,#1521,#509,.T.);
#2159=EDGE_CURVE('',#1520,#1521,#514,.T.);
#2161=EDGE_CURVE('',#1520,#1523,#518,.T.);
#2163=EDGE_CURVE('',#1523,#1525,#523,.T.);
#2165=EDGE_CURVE('',#1525,#1527,#527,.T.);
#2167=EDGE_CURVE('',#1529,#1527,#532,.T.);
#2169=EDGE_CURVE('',#1529,#1589,#536,.T.);
#2171=EDGE_CURVE('',#1587,#1589,#792,.T.);
#2179=EDGE_CURVE('',#1568,#1569,#437,.T.);
#2181=EDGE_CURVE('',#1569,#1568,#442,.T.);
#2191=EDGE_CURVE('',#1360,#1364,#541,.T.);
#2193=EDGE_CURVE('',#1373,#1360,#546,.T.);
#2195=EDGE_CURVE('',#1371,#1373,#551,.T.);
#2197=EDGE_CURVE('',#1375,#1371,#556,.T.);
#2199=EDGE_CURVE('',#1377,#1375,#561,.T.);
#2201=EDGE_CURVE('',#1381,#1377,#566,.T.);
#2203=EDGE_CURVE('',#1379,#1381,#571,.T.);
#2205=EDGE_CURVE('',#1364,#1379,#576,.T.);
#2209=EDGE_CURVE('',#1272,#1273,#378,.T.);
#2211=EDGE_CURVE('',#1293,#1272,#382,.T.);
#2213=EDGE_CURVE('',#1291,#1293,#386,.T.);
#2215=EDGE_CURVE('',#1289,#1291,#390,.T.);
#2217=EDGE_CURVE('',#1287,#1289,#394,.T.);
#2219=EDGE_CURVE('',#1285,#1287,#398,.T.);
#2221=EDGE_CURVE('',#1283,#1285,#402,.T.);
#2223=EDGE_CURVE('',#1281,#1283,#406,.T.);
#2225=EDGE_CURVE('',#1279,#1281,#410,.T.);
#2227=EDGE_CURVE('',#1277,#1279,#414,.T.);
#2229=EDGE_CURVE('',#1275,#1277,#418,.T.);
#2231=EDGE_CURVE('',#1273,#1275,#422,.T.);
#2241=EDGE_CURVE('',#1296,#1297,#584,.T.);
#2243=EDGE_CURVE('',#1296,#1272,#580,.T.);
#2246=EDGE_CURVE('',#1297,#1273,#662,.T.);
#2257=EDGE_CURVE('',#1297,#1299,#588,.T.);
#2259=EDGE_CURVE('',#1299,#1301,#592,.T.);
#2261=EDGE_CURVE('',#1301,#1303,#596,.T.);
#2263=EDGE_CURVE('',#1303,#1305,#600,.T.);
#2265=EDGE_CURVE('',#1305,#1307,#604,.T.);
#2267=EDGE_CURVE('',#1307,#1309,#608,.T.);
#2269=EDGE_CURVE('',#1309,#1311,#612,.T.);
#2271=EDGE_CURVE('',#1311,#1313,#616,.T.);
#2273=EDGE_CURVE('',#1313,#1315,#620,.T.);
#2275=EDGE_CURVE('',#1315,#1317,#624,.T.);
#2277=EDGE_CURVE('',#1317,#1296,#628,.T.);
#2287=EDGE_CURVE('',#1592,#1593,#653,.T.);
#2289=EDGE_CURVE('',#1593,#1592,#658,.T.);
#2293=EDGE_CURVE('',#1320,#1321,#633,.T.);
#2295=EDGE_CURVE('',#1321,#1323,#638,.T.);
#2297=EDGE_CURVE('',#1323,#1325,#643,.T.);
#2299=EDGE_CURVE('',#1325,#1320,#648,.T.);
#2312=EDGE_CURVE('',#1299,#1275,#666,.T.);
#2325=EDGE_CURVE('',#1301,#1277,#670,.T.);
#2338=EDGE_CURVE('',#1303,#1279,#674,.T.);
#2351=EDGE_CURVE('',#1305,#1281,#678,.T.);
#2364=EDGE_CURVE('',#1307,#1283,#682,.T.);
#2377=EDGE_CURVE('',#1309,#1285,#686,.T.);
#2390=EDGE_CURVE('',#1311,#1287,#690,.T.);
#2403=EDGE_CURVE('',#1313,#1289,#694,.T.);
#2416=EDGE_CURVE('',#1315,#1291,#698,.T.);
#2429=EDGE_CURVE('',#1317,#1293,#702,.T.);
#2451=EDGE_CURVE('',#1320,#1367,#706,.T.);
#2453=EDGE_CURVE('',#1367,#1361,#711,.T.);
#2455=EDGE_CURVE('',#1321,#1361,#733,.T.);
#2468=EDGE_CURVE('',#1325,#1369,#715,.T.);
#2470=EDGE_CURVE('',#1369,#1367,#720,.T.);
#2480=EDGE_CURVE('',#1323,#1365,#724,.T.);
#2482=EDGE_CURVE('',#1365,#1369,#729,.T.);
#2495=EDGE_CURVE('',#1361,#1365,#738,.T.);
#2507=EDGE_CURVE('',#1360,#1361,#743,.T.);
#2510=EDGE_CURVE('',#1364,#1365,#748,.T.);
#2534=EDGE_CURVE('',#1373,#1361,#758,.T.);
#2569=EDGE_CURVE('',#1371,#1367,#753,.T.);
#2595=EDGE_CURVE('',#1375,#1367,#763,.T.);
#2608=EDGE_CURVE('',#1377,#1369,#768,.T.);
#2632=EDGE_CURVE('',#1381,#1369,#778,.T.);
#2667=EDGE_CURVE('',#1379,#1365,#773,.T.);
#2703=EDGE_CURVE('',#1598,#1596,#783,.T.);
#2705=EDGE_CURVE('',#1592,#1596,#963,.T.);
#2708=EDGE_CURVE('',#1593,#1598,#787,.T.);
#2719=EDGE_CURVE('',#1589,#1594,#805,.T.);
#2721=EDGE_CURVE('',#1596,#1594,#941,.T.);
#2724=EDGE_CURVE('',#1599,#1598,#959,.T.);
#2726=EDGE_CURVE('',#1599,#1587,#936,.T.);
#2737=EDGE_CURVE('',#1529,#1505,#796,.T.);
#2739=EDGE_CURVE('',#1505,#1537,#868,.T.);
#2741=EDGE_CURVE('',#1537,#1594,#945,.T.);
#2753=EDGE_CURVE('',#1527,#1503,#809,.T.);
#2755=EDGE_CURVE('',#1503,#1505,#873,.T.);
#2767=EDGE_CURVE('',#1525,#1501,#813,.T.);
#2769=EDGE_CURVE('',#1501,#1503,#877,.T.);
#2781=EDGE_CURVE('',#1523,#1499,#817,.T.);
#2783=EDGE_CURVE('',#1499,#1501,#882,.T.);
#2795=EDGE_CURVE('',#1520,#1498,#821,.T.);
#2797=EDGE_CURVE('',#1498,#1499,#886,.T.);
#2809=EDGE_CURVE('',#1532,#1521,#829,.T.);
#2811=EDGE_CURVE('',#1532,#1498,#891,.T.);
#2822=EDGE_CURVE('',#1532,#1533,#825,.T.);
#2826=EDGE_CURVE('',#1243,#1259,#833,.T.);
#2829=EDGE_CURVE('',#1247,#1261,#1193,.T.);
#2832=EDGE_CURVE('',#1533,#1517,#837,.T.);
#2843=EDGE_CURVE('',#1495,#1533,#842,.T.);
#2845=EDGE_CURVE('',#1493,#1495,#846,.T.);
#2847=EDGE_CURVE('',#1491,#1493,#851,.T.);
#2849=EDGE_CURVE('',#1489,#1491,#855,.T.);
#2851=EDGE_CURVE('',#1488,#1489,#860,.T.);
#2853=EDGE_CURVE('',#1535,#1488,#864,.T.);
#2855=EDGE_CURVE('',#1535,#1537,#950,.T.);
#2865=EDGE_CURVE('',#1552,#1553,#895,.T.);
#2867=EDGE_CURVE('',#1552,#1556,#899,.T.);
#2869=EDGE_CURVE('',#1556,#1557,#903,.T.);
#2871=EDGE_CURVE('',#1553,#1557,#907,.T.);
#2882=EDGE_CURVE('',#1515,#1495,#911,.T.);
#2895=EDGE_CURVE('',#1513,#1493,#915,.T.);
#2908=EDGE_CURVE('',#1511,#1491,#919,.T.);
#2921=EDGE_CURVE('',#1508,#1489,#923,.T.);
#2934=EDGE_CURVE('',#1509,#1488,#927,.T.);
#2948=EDGE_CURVE('',#1535,#1599,#954,.T.);
#2977=EDGE_CURVE('',#1553,#1540,#967,.T.);
#2979=EDGE_CURVE('',#1540,#1548,#972,.T.);
#2981=EDGE_CURVE('',#1548,#1544,#1062,.T.);
#2983=EDGE_CURVE('',#1544,#1559,#977,.T.);
#2985=EDGE_CURVE('',#1559,#1552,#981,.T.);
#2996=EDGE_CURVE('',#1557,#1541,#999,.T.);
#2998=EDGE_CURVE('',#1540,#1541,#1125,.T.);
#3010=EDGE_CURVE('',#1561,#1556,#985,.T.);
#3012=EDGE_CURVE('',#1545,#1561,#990,.T.);
#3014=EDGE_CURVE('',#1549,#1545,#1129,.T.);
#3016=EDGE_CURVE('',#1541,#1549,#995,.T.);
#3029=EDGE_CURVE('',#1559,#1561,#1003,.T.);
#3040=EDGE_CURVE('',#1544,#1545,#1007,.T.);
#3054=EDGE_CURVE('',#1544,#1481,#1012,.T.);
#3056=EDGE_CURVE('',#1481,#1341,#1016,.T.);
#3058=EDGE_CURVE('',#1341,#1339,#1021,.T.);
#3060=EDGE_CURVE('',#1339,#1337,#1025,.T.);
#3062=EDGE_CURVE('',#1337,#1335,#1030,.T.);
#3064=EDGE_CURVE('',#1335,#1333,#1035,.T.);
#3066=EDGE_CURVE('',#1333,#1331,#1040,.T.);
#3068=EDGE_CURVE('',#1331,#1328,#1044,.T.);
#3070=EDGE_CURVE('',#1328,#1329,#1049,.T.);
#3072=EDGE_CURVE('',#1329,#1479,#1053,.T.);
#3074=EDGE_CURVE('',#1479,#1545,#1058,.T.);
#3085=EDGE_CURVE('',#1548,#1485,#1121,.T.);
#3087=EDGE_CURVE('',#1485,#1481,#1066,.T.);
#3098=EDGE_CURVE('',#1548,#1549,#1070,.T.);
#3100=EDGE_CURVE('',#1483,#1549,#1075,.T.);
#3102=EDGE_CURVE('',#1345,#1483,#1079,.T.);
#3104=EDGE_CURVE('',#1344,#1345,#1084,.T.);
#3106=EDGE_CURVE('',#1347,#1344,#1088,.T.);
#3108=EDGE_CURVE('',#1349,#1347,#1093,.T.);
#3110=EDGE_CURVE('',#1351,#1349,#1098,.T.);
#3112=EDGE_CURVE('',#1353,#1351,#1103,.T.);
#3114=EDGE_CURVE('',#1355,#1353,#1107,.T.);
#3116=EDGE_CURVE('',#1357,#1355,#1112,.T.);
#3118=EDGE_CURVE('',#1485,#1357,#1116,.T.);
#3143=EDGE_CURVE('',#1483,#1479,#1133,.T.);
#3155=EDGE_CURVE('',#1345,#1329,#1137,.T.);
#3168=EDGE_CURVE('',#1344,#1328,#1141,.T.);
#3181=EDGE_CURVE('',#1347,#1331,#1145,.T.);
#3194=EDGE_CURVE('',#1349,#1333,#1149,.T.);
#3207=EDGE_CURVE('',#1351,#1335,#1153,.T.);
#3220=EDGE_CURVE('',#1353,#1337,#1157,.T.);
#3233=EDGE_CURVE('',#1355,#1339,#1161,.T.);
#3246=EDGE_CURVE('',#1357,#1341,#1165,.T.);
#3271=EDGE_CURVE('',#1241,#1257,#1169,.T.);
#3284=EDGE_CURVE('',#1240,#1255,#1173,.T.);
#3297=EDGE_CURVE('',#1253,#1269,#1177,.T.);
#3310=EDGE_CURVE('',#1251,#1267,#1181,.T.);
#3323=EDGE_CURVE('',#1249,#1265,#1185,.T.);
#3336=EDGE_CURVE('',#1246,#1263,#1189,.T.);
#3360=EDGE_CURVE('',#1585,#1584,#1198,.T.);
#3362=EDGE_CURVE('',#1569,#1584,#1237,.T.);
#3365=EDGE_CURVE('',#1568,#1585,#1202,.T.);
#3375=EDGE_CURVE('',#1581,#1580,#1211,.T.);
#3377=EDGE_CURVE('',#1580,#1584,#1228,.T.);
#3380=EDGE_CURVE('',#1581,#1585,#1206,.T.);
#3391=EDGE_CURVE('',#1581,#1392,#1215,.T.);
#3394=EDGE_CURVE('',#1580,#1393,#1224,.T.);
#3404=EDGE_CURVE('',#1580,#1581,#1220,.T.);
#3419=EDGE_CURVE('',#1584,#1585,#1233,.T.);
#3439=(LENGTH_UNIT()NAMED_UNIT(*)SI_UNIT(.MILLI.,.METRE.));
#3441=(NAMED_UNIT(*)PLANE_ANGLE_UNIT()SI_UNIT($,.RADIAN.));
#3444=(NAMED_UNIT(*)SI_UNIT($,.STERADIAN.)SOLID_ANGLE_UNIT());
#3447=ADVANCED_BREP_SHAPE_REPRESENTATION('',(#3438),#3446);
#3454=PRODUCT_DEFINITION('design','',#3453,#3450);
#3455=PRODUCT_DEFINITION_SHAPE('','SHAPE FOR D-NE8FDX-P6.',#3454);
#3456=SHAPE_DEFINITION_REPRESENTATION(#3455,#3447);
ENDSEC;
END-ISO-10303-21;
