999
DXF file: 20005999_B.dxf
999
Pro/ENGINEER 2023424 by Parametric Technology Corporation
  0
SECTION
  2
HEADER
  9
$ACADVER
  1
AC1032
  9
$DWGCODEPAGE
  3
ANSI_1252
  9
$EXTMAX
 10
420.0
 20
297.0
 30
0.0
  9
$EXTMIN
 10
0.0
 20
0.0
 30
0.0
  9
$LIMMIN
 10
0.0
 20
0.0
  9
$LIMMAX
 10
420.0
 20
297.0
  9
$VIEWCTR
 10
210.0
 20
148.5
  9
$VIEWSIZE
 40
297.0
  9
$CLAYER
  8
0
  9
$LTSCALE
 40
23.1
  9
$CELTYPE
  6
BYLAYER
  9
$DIMSCALE
 40
1.0
  9
$DIMASZ
 40
3.5
  9
$DIMEXO
 40
1.0
  9
$DIMDLI
 40
15.96
  9
$DIMEXE
 40
1.5
  9
$DIMCEN
 40
3.78
  9
$DIMLFAC
 40
1.0
  9
$DIMBLK
  1
_FILLED
  9
$DIMALT
 70
1
  9
$DIMALTD
 70
1
  9
$DIMALTTD
 70
2
  9
$DIMALTF
 40
0.0393700787
  9
$DIMTXT
 40
3.5
  9
$DIMTOL
 70
1
  9
$DIMLIM
 70
0
  9
$DIMTFAC
 40
1.0
  9
$DIMTP
 40
0.05
  9
$DIMTM
 40
0.05
  9
$DIMGAP
 40
0.625
  9
$DIMDSEP
 70
46
  9
$AUNITS
 70
0
  9
$PDMODE
 70
3
  9
$PDSIZE
 40
0.3125
  9
$HANDSEED
  5
E82
  9
$TILEMODE
 70
1
  9
$MEASUREMENT
 70
1
  9
$INSUNITS
 70
4
  0
ENDSEC
  0
SECTION
  2
CLASSES
  0
CLASS
  1
ACDBDICTIONARYWDFLT
  2
AcDbDictionaryWithDefault
  3
AutoCAD 2000
 90
0
 91
1
280
0
281
0
  0
CLASS
  1
ACDBPLACEHOLDER
  2
AcDbPlaceHolder
  3
AutoCAD 2000
 90
0
 91
1
280
0
281
0
  0
CLASS
  1
LAYOUT
  2
AcDbLayout
  3
AutoCAD 2000
 90
0
 91
0
280
0
281
0
  0
CLASS
  1
TABLESTYLE
  2
AcDbTableStyle
  3
ObjectDBX Classes
 90
2047
 91
1
280
0
281
0
  0
CLASS
  1
ACAD_TABLE
  2
AcDbTable
  3
ObjectDBX Classes
 90
1025
 91
1
280
0
281
1
  0
ENDSEC
  0
SECTION
  2
TABLES
  0
TABLE
  2
VPORT
  5
8
100
AcDbSymbolTable
 70
2
  0
VPORT
  5
1F4
100
AcDbSymbolTableRecord
100
AcDbViewportTableRecord
  2
*ACTIVE
 70
0
 10
0.0
 20
0.0
 11
1.0
 21
1.0
 12
210.0
 22
148.5
 13
0.0
 23
0.0
 14
1.0
 24
1.0
 15
0.0
 25
0.0
 16
0.0
 26
0.0
 36
1.0
 17
0.0
 27
0.0
 37
0.0
 40
297.0
 41
1.4141414141
 42
50.0
 43
0.0
 44
0.0
 50
0.0
 51
0.0
 71
0
 72
100
 73
1
 74
1
 75
0
 76
0
 77
0
 78
0
  0
ENDTAB
  0
TABLE
  2
LTYPE
  5
5
100
AcDbSymbolTable
 70
6
  0
LTYPE
  5
14
100
AcDbSymbolTableRecord
100
AcDbLinetypeTableRecord
  2
BYBLOCK
 70
0
  3

 72
65
 73
0
 40
0.0
  0
LTYPE
  5
15
100
AcDbSymbolTableRecord
100
AcDbLinetypeTableRecord
  2
BYLAYER
 70
0
  3

 72
65
 73
0
 40
0.0
  0
LTYPE
  5
16
100
AcDbSymbolTableRecord
100
AcDbLinetypeTableRecord
  2
CONTINUOUS
 70
64
  3
Solid line
 72
65
 73
0
 40
0.0
  0
LTYPE
  5
1F5
100
AcDbSymbolTableRecord
100
AcDbLinetypeTableRecord
  2
CENTER
 70
64
  3
____ _ ____ _ ____ _ ____ _ ____ _ ____ _ ____
 72
65
 73
4
 40
0.6
 49
0.375
 74
0
 49
-0.075
 74
0
 49
0.075
 74
0
 49
-0.075
 74
0
  0
LTYPE
  5
1F6
100
AcDbSymbolTableRecord
100
AcDbLinetypeTableRecord
  2
HIDDEN
 70
64
  3
- - - - - - - - - - - - - - - - - - - -
 72
65
 73
2
 40
0.2
 49
0.1
 74
0
 49
-0.1
 74
0
  0
LTYPE
  5
1F7
100
AcDbSymbolTableRecord
100
AcDbLinetypeTableRecord
  2
PHANTOM
 70
64
  3
_____ _ _ _____ _ _ _____ _ _ _____
 72
65
 73
6
 40
0.8
 49
0.45
 74
0
 49
-0.05
 74
0
 49
0.1
 74
0
 49
-0.05
 74
0
 49
0.1
 74
0
 49
-0.05
 74
0
  0
LTYPE
  5
1F8
100
AcDbSymbolTableRecord
100
AcDbLinetypeTableRecord
  2
DOT
 70
64
  3
. . . . . . . . . . . . . . . . . . . .
 72
65
 73
2
 40
0.2
 49
0.1
 74
0
 49
-0.1
 74
0
  0
LTYPE
  5
1F9
100
AcDbSymbolTableRecord
100
AcDbLinetypeTableRecord
  2
DASHED
 70
64
  3
- - - - - - - - - - - - - - - - - - - -
 72
65
 73
2
 40
0.2
 49
0.1
 74
0
 49
-0.1
 74
0
  0
ENDTAB
  0
TABLE
  2
LAYER
  5
2
100
AcDbSymbolTable
 70
36
  0
LAYER
  5
10
100
AcDbSymbolTableRecord
100
AcDbLayerTableRecord
  2
0
 70
0
 62
7
  6
CONTINUOUS
370
-3
390
F
  0
LAYER
  5
1FA
100
AcDbSymbolTableRecord
100
AcDbLayerTableRecord
  2
DEFAULT_1
 70
0
 62
7
  6
CENTER
370
-3
390
F
  0
LAYER
  5
1FB
100
AcDbSymbolTableRecord
100
AcDbLayerTableRecord
  2
DEFAULT_2
 70
0
 62
6
  6
HIDDEN
370
-3
390
F
  0
LAYER
  5
1FC
100
AcDbSymbolTableRecord
100
AcDbLayerTableRecord
  2
DEFAULT_3
 70
0
 62
7
  6
PHANTOM
370
-3
390
F
  0
LAYER
  5
1FD
100
AcDbSymbolTableRecord
100
AcDbLayerTableRecord
  2
04___PRT_ALL_DTM_PNT
 70
0
 62
7
  6
CONTINUOUS
370
-3
390
F
  0
LAYER
  5
1FE
100
AcDbSymbolTableRecord
100
AcDbLayerTableRecord
  2
4171
 70
0
 62
7
  6
CONTINUOUS
370
-3
390
F
  0
LAYER
  5
1FF
100
AcDbSymbolTableRecord
100
AcDbLayerTableRecord
  2
4551
 70
0
 62
7
  6
CONTINUOUS
370
-3
390
F
  0
LAYER
  5
200
100
AcDbSymbolTableRecord
100
AcDbLayerTableRecord
  2
ASM_STARTDATUMS
 70
0
 62
7
  6
CONTINUOUS
370
-3
390
F
  0
LAYER
  5
201
100
AcDbSymbolTableRecord
100
AcDbLayerTableRecord
  2
AUSFORMSCHRAEGEN
 70
0
 62
7
  6
CONTINUOUS
370
-3
390
F
  0
LAYER
  5
202
100
AcDbSymbolTableRecord
100
AcDbLayerTableRecord
  2
BEMASSUNGEN
 70
0
 62
7
  6
CONTINUOUS
370
-3
390
F
  0
LAYER
  5
203
100
AcDbSymbolTableRecord
100
AcDbLayerTableRecord
  2
BEZUGSACHSEN
 70
0
 62
7
  6
CONTINUOUS
370
-3
390
F
  0
LAYER
  5
204
100
AcDbSymbolTableRecord
100
AcDbLayerTableRecord
  2
BEZUGSEBENEN
 70
0
 62
7
  6
CONTINUOUS
370
-3
390
F
  0
LAYER
  5
205
100
AcDbSymbolTableRecord
100
AcDbLayerTableRecord
  2
BG_STARTBEZUEGE
 70
0
 62
7
  6
CONTINUOUS
370
-3
390
F
  0
LAYER
  5
206
100
AcDbSymbolTableRecord
100
AcDbLayerTableRecord
  2
BOHRUNGEN
 70
0
 62
7
  6
CONTINUOUS
370
-3
390
F
  0
LAYER
  5
207
100
AcDbSymbolTableRecord
100
AcDbLayerTableRecord
  2
BZ-EBENEN
 70
0
 62
7
  6
CONTINUOUS
370
-3
390
F
  0
LAYER
  5
208
100
AcDbSymbolTableRecord
100
AcDbLayerTableRecord
  2
BZ-KOORDSYS
 70
0
 62
7
  6
CONTINUOUS
370
-3
390
F
  0
LAYER
  5
209
100
AcDbSymbolTableRecord
100
AcDbLayerTableRecord
  2
BZ-KURVEN
 70
0
 62
7
  6
CONTINUOUS
370
-3
390
F
  0
LAYER
  5
20A
100
AcDbSymbolTableRecord
100
AcDbLayerTableRecord
  2
FASEN
 70
0
 62
7
  6
CONTINUOUS
370
-3
390
F
  0
LAYER
  5
20B
100
AcDbSymbolTableRecord
100
AcDbLayerTableRecord
  2
FLAECHEN
 70
0
 62
7
  6
CONTINUOUS
370
-3
390
F
  0
LAYER
  5
20C
100
AcDbSymbolTableRecord
100
AcDbLayerTableRecord
  2
GEWINDE
 70
0
 62
7
  6
CONTINUOUS
370
-3
390
F
  0
LAYER
  5
20D
100
AcDbSymbolTableRecord
100
AcDbLayerTableRecord
  2
HILFEN
 70
0
 62
7
  6
CONTINUOUS
370
-3
390
F
  0
LAYER
  5
20E
100
AcDbSymbolTableRecord
100
AcDbLayerTableRecord
  2
KANTENFASEN
 70
0
 62
7
  6
CONTINUOUS
370
-3
390
F
  0
LAYER
  5
20F
100
AcDbSymbolTableRecord
100
AcDbLayerTableRecord
  2
KE-OHNE-GEOMETRIE
 70
0
 62
7
  6
CONTINUOUS
370
-3
390
F
  0
LAYER
  5
210
100
AcDbSymbolTableRecord
100
AcDbLayerTableRecord
  2
KURVEN
 70
0
 62
7
  6
CONTINUOUS
370
-3
390
F
  0
LAYER
  5
211
100
AcDbSymbolTableRecord
100
AcDbLayerTableRecord
  2
PLAZIERUNG
 70
0
 62
7
  6
CONTINUOUS
370
-3
390
F
  0
LAYER
  5
212
100
AcDbSymbolTableRecord
100
AcDbLayerTableRecord
  2
PRT_STARTDATUMS
 70
0
 62
7
  6
CONTINUOUS
370
-3
390
F
  0
LAYER
  5
213
100
AcDbSymbolTableRecord
100
AcDbLayerTableRecord
  2
REF-BEMASSUNGEN
 70
0
 62
7
  6
CONTINUOUS
370
-3
390
F
  0
LAYER
  5
214
100
AcDbSymbolTableRecord
100
AcDbLayerTableRecord
  2
RUNDUNGEN
 70
0
 62
7
  6
CONTINUOUS
370
-3
390
F
  0
LAYER
  5
215
100
AcDbSymbolTableRecord
100
AcDbLayerTableRecord
  2
TEIL_STARTBEZUEGE
 70
0
 62
7
  6
CONTINUOUS
370
-3
390
F
  0
LAYER
  5
216
100
AcDbSymbolTableRecord
100
AcDbLayerTableRecord
  2
XSEC_DATUMS
 70
0
 62
7
  6
CONTINUOUS
370
-3
390
F
  0
LAYER
  5
217
100
AcDbSymbolTableRecord
100
AcDbLayerTableRecord
  2
ZEICHNUNGSBEMASSUNGEN
 70
0
 62
7
  6
CONTINUOUS
370
-3
390
F
  0
LAYER
  5
218
100
AcDbSymbolTableRecord
100
AcDbLayerTableRecord
  2
ZEICHNUNGSBEMAßUNGEN
 70
0
 62
7
  6
CONTINUOUS
370
-3
390
F
  0
LAYER
  5
219
100
AcDbSymbolTableRecord
100
AcDbLayerTableRecord
  2
_01_3D_MODEL_DIMENSION
 70
0
 62
7
  6
CONTINUOUS
370
-3
390
F
  0
LAYER
  5
21A
100
AcDbSymbolTableRecord
100
AcDbLayerTableRecord
  2
_02_2D_MODEL_DIMENSION
 70
0
 62
7
  6
CONTINUOUS
370
-3
390
F
  0
LAYER
  5
21B
100
AcDbSymbolTableRecord
100
AcDbLayerTableRecord
  2
_03_2D_DRAWING_DIMENSION
 70
0
 62
7
  6
CONTINUOUS
370
-3
390
F
  0
LAYER
  5
21C
100
AcDbSymbolTableRecord
100
AcDbLayerTableRecord
  2
_04_NOTES
 70
0
 62
7
  6
CONTINUOUS
370
-3
390
F
  0
LAYER
  5
21D
100
AcDbSymbolTableRecord
100
AcDbLayerTableRecord
  2
_05_DRAFT_ENTITIES
 70
0
 62
7
  6
CONTINUOUS
370
-3
390
F
  0
LAYER
  5
21E
100
AcDbSymbolTableRecord
100
AcDbLayerTableRecord
  2
_06_SYMBOLS
 70
0
 62
7
  6
CONTINUOUS
370
-3
390
F
  0
LAYER
  5
21F
100
AcDbSymbolTableRecord
100
AcDbLayerTableRecord
  2
_07_SNAP_LINES
 70
0
 62
7
  6
CONTINUOUS
370
-3
390
F
  0
LAYER
  5
220
100
AcDbSymbolTableRecord
100
AcDbLayerTableRecord
  2
_21_CURVES
 70
0
 62
7
  6
CONTINUOUS
370
-3
390
F
  0
LAYER
  5
221
100
AcDbSymbolTableRecord
100
AcDbLayerTableRecord
  2
_22_SURFACES
 70
0
 62
7
  6
CONTINUOUS
370
-3
390
F
  0
LAYER
  5
222
100
AcDbSymbolTableRecord
100
AcDbLayerTableRecord
  2
_24_IMPORT
 70
0
 62
7
  6
CONTINUOUS
370
-3
390
F
  0
LAYER
  5
223
100
AcDbSymbolTableRecord
100
AcDbLayerTableRecord
  2
_26_DATUM_AXIS
 70
0
 62
7
  6
CONTINUOUS
370
-3
390
F
  0
LAYER
  5
224
100
AcDbSymbolTableRecord
100
AcDbLayerTableRecord
  2
_27_DATUM_PLANES
 70
0
 62
7
  6
CONTINUOUS
370
-3
390
F
  0
LAYER
  5
225
100
AcDbSymbolTableRecord
100
AcDbLayerTableRecord
  2
_28_DATUM_POINTS
 70
0
 62
7
  6
CONTINUOUS
370
-3
390
F
  0
LAYER
  5
226
100
AcDbSymbolTableRecord
100
AcDbLayerTableRecord
  2
_29_COORDINATE_SYSTEMS
 70
0
 62
7
  6
CONTINUOUS
370
-3
390
F
  0
LAYER
  5
227
100
AcDbSymbolTableRecord
100
AcDbLayerTableRecord
  2
_30_SOLID_GEOMETRY
 70
0
 62
7
  6
CONTINUOUS
370
-3
390
F
  0
LAYER
  5
228
100
AcDbSymbolTableRecord
100
AcDbLayerTableRecord
  2
_31_COSMETIC
 70
0
 62
7
  6
CONTINUOUS
370
-3
390
F
  0
LAYER
  5
229
100
AcDbSymbolTableRecord
100
AcDbLayerTableRecord
  2
_33_THREADS
 70
0
 62
7
  6
CONTINUOUS
370
-3
390
F
  0
LAYER
  5
22A
100
AcDbSymbolTableRecord
100
AcDbLayerTableRecord
  2
_34_HOLES
 70
0
 62
7
  6
CONTINUOUS
370
-3
390
F
  0
LAYER
  5
22B
100
AcDbSymbolTableRecord
100
AcDbLayerTableRecord
  2
_35_WELDING_SEAMS
 70
0
 62
7
  6
CONTINUOUS
370
-3
390
F
  0
LAYER
  5
22C
100
AcDbSymbolTableRecord
100
AcDbLayerTableRecord
  2
_36_HOLE_NOTES
 70
0
 62
7
  6
CONTINUOUS
370
-3
390
F
  0
LAYER
  5
22D
100
AcDbSymbolTableRecord
100
AcDbLayerTableRecord
  2
_50_PIPING_CSYS
 70
0
 62
7
  6
CONTINUOUS
370
-3
390
F
  0
LAYER
  5
22E
100
AcDbSymbolTableRecord
100
AcDbLayerTableRecord
  2
_51_PIPING_REFERENCE
 70
0
 62
7
  6
CONTINUOUS
370
-3
390
F
  0
LAYER
  5
22F
100
AcDbSymbolTableRecord
100
AcDbLayerTableRecord
  2
_VISIBLE_SURFACE_1
 70
0
 62
7
  6
CONTINUOUS
370
-3
390
F
  0
LAYER
  5
230
100
AcDbSymbolTableRecord
100
AcDbLayerTableRecord
  2
_VISIBLE_SURFACE_2
 70
0
 62
7
  6
CONTINUOUS
370
-3
390
F
  0
LAYER
  5
231
100
AcDbSymbolTableRecord
100
AcDbLayerTableRecord
  2
_VISIBLE_SURFACE_3
 70
0
 62
7
  6
CONTINUOUS
370
-3
390
F
  0
ENDTAB
  0
TABLE
  2
STYLE
  5
3
100
AcDbSymbolTable
 70
1
  0
STYLE
  5
11
100
AcDbSymbolTableRecord
100
AcDbTextStyleTableRecord
  2
STANDARD
 70
0
 40
0.0
 41
1.0
 50
0.0
 71
0
 42
0.2
  3
arialn.ttf
  4

1001
ACAD
1000
Arial Narrow
1071
34
  0
STYLE
  5
232
100
AcDbSymbolTableRecord
100
AcDbTextStyleTableRecord
  2
TEXTSTYLE_1
 70
0
 40
0.0
 41
0.8
 50
0.0
 71
0
 42
0.2
  3
gdt
  4

  0
STYLE
  5
233
100
AcDbSymbolTableRecord
100
AcDbTextStyleTableRecord
  2
TEXTSTYLE_2
 70
0
 40
0.0
 41
1.0
 50
0.0
 71
0
 42
0.2
  3
ariali.ttf
  4

1001
ACAD
1000
Arial
1071
16777250
  0
STYLE
  5
234
100
AcDbSymbolTableRecord
100
AcDbTextStyleTableRecord
  2
TEXTSTYLE_3
 70
0
 40
0.0
 41
1.0
 50
0.0
 71
0
 42
0.2
  3
arial.ttf
  4

1001
ACAD
1000
Arial
1071
34
  0
STYLE
  5
235
100
AcDbSymbolTableRecord
100
AcDbTextStyleTableRecord
  2
TEXTSTYLE_4
 70
0
 40
0.0
 41
1.0
 50
0.0
 71
0
 42
0.2
  3
symbol_iso.ttf
  4

1001
ACAD
1000
Symbol_ISO
1071
34
  0
ENDTAB
  0
TABLE
  2
VIEW
  5
6
100
AcDbSymbolTable
 70
0
  0
ENDTAB
  0
TABLE
  2
UCS
  5
7
100
AcDbSymbolTable
 70
0
  0
ENDTAB
  0
TABLE
  2
APPID
  5
9
100
AcDbSymbolTable
 70
1
  0
APPID
  5
236
100
AcDbSymbolTableRecord
100
AcDbRegAppTableRecord
  2
ACAD
 70
0
  0
ENDTAB
  0
TABLE
  2
BLOCK_RECORD
  5
1
100
AcDbSymbolTable
 70
0
  0
BLOCK_RECORD
  5
237
100
AcDbSymbolTableRecord
100
AcDbBlockTableRecord
  2
*Model_Space
  0
BLOCK_RECORD
  5
238
100
AcDbSymbolTableRecord
100
AcDbBlockTableRecord
  2
*Paper_Space
  0
BLOCK_RECORD
  5
239
100
AcDbSymbolTableRecord
100
AcDbBlockTableRecord
  2
_FILLED
  0
BLOCK_RECORD
  5
23A
100
AcDbSymbolTableRecord
100
AcDbBlockTableRecord
  2
*D0
  0
BLOCK_RECORD
  5
23B
100
AcDbSymbolTableRecord
100
AcDbBlockTableRecord
  2
*D1
  0
BLOCK_RECORD
  5
23C
100
AcDbSymbolTableRecord
100
AcDbBlockTableRecord
  2
*D2
  0
BLOCK_RECORD
  5
23D
100
AcDbSymbolTableRecord
100
AcDbBlockTableRecord
  2
*D3
  0
BLOCK_RECORD
  5
23E
100
AcDbSymbolTableRecord
100
AcDbBlockTableRecord
  2
*D4
  0
BLOCK_RECORD
  5
23F
100
AcDbSymbolTableRecord
100
AcDbBlockTableRecord
  2
*D5
  0
BLOCK_RECORD
  5
240
100
AcDbSymbolTableRecord
100
AcDbBlockTableRecord
  2
*D6
  0
BLOCK_RECORD
  5
241
100
AcDbSymbolTableRecord
100
AcDbBlockTableRecord
  2
*D7
  0
BLOCK_RECORD
  5
242
100
AcDbSymbolTableRecord
100
AcDbBlockTableRecord
  2
*D8
  0
BLOCK_RECORD
  5
243
100
AcDbSymbolTableRecord
100
AcDbBlockTableRecord
  2
*D9
  0
BLOCK_RECORD
  5
244
100
AcDbSymbolTableRecord
100
AcDbBlockTableRecord
  2
*D10
  0
BLOCK_RECORD
  5
245
100
AcDbSymbolTableRecord
100
AcDbBlockTableRecord
  2
*D11
  0
BLOCK_RECORD
  5
246
100
AcDbSymbolTableRecord
100
AcDbBlockTableRecord
  2
*D12
  0
BLOCK_RECORD
  5
247
100
AcDbSymbolTableRecord
100
AcDbBlockTableRecord
  2
*D13
  0
BLOCK_RECORD
  5
248
100
AcDbSymbolTableRecord
100
AcDbBlockTableRecord
  2
*D14
  0
BLOCK_RECORD
  5
249
100
AcDbSymbolTableRecord
100
AcDbBlockTableRecord
  2
*D15
  0
BLOCK_RECORD
  5
24A
100
AcDbSymbolTableRecord
100
AcDbBlockTableRecord
  2
*D16
  0
BLOCK_RECORD
  5
24B
100
AcDbSymbolTableRecord
100
AcDbBlockTableRecord
  2
*D17
  0
BLOCK_RECORD
  5
24C
100
AcDbSymbolTableRecord
100
AcDbBlockTableRecord
  2
*D18
  0
BLOCK_RECORD
  5
24D
100
AcDbSymbolTableRecord
100
AcDbBlockTableRecord
  2
*D19
  0
BLOCK_RECORD
  5
24E
100
AcDbSymbolTableRecord
100
AcDbBlockTableRecord
  2
*D20
  0
BLOCK_RECORD
  5
24F
100
AcDbSymbolTableRecord
100
AcDbBlockTableRecord
  2
*D21
  0
BLOCK_RECORD
  5
250
100
AcDbSymbolTableRecord
100
AcDbBlockTableRecord
  2
*D22
  0
BLOCK_RECORD
  5
251
100
AcDbSymbolTableRecord
100
AcDbBlockTableRecord
  2
*D23
  0
BLOCK_RECORD
  5
252
100
AcDbSymbolTableRecord
100
AcDbBlockTableRecord
  2
*D24
  0
BLOCK_RECORD
  5
253
100
AcDbSymbolTableRecord
100
AcDbBlockTableRecord
  2
*D25
  0
BLOCK_RECORD
  5
254
100
AcDbSymbolTableRecord
100
AcDbBlockTableRecord
  2
PROJEKTION_BL0
  0
BLOCK_RECORD
  5
255
100
AcDbSymbolTableRecord
100
AcDbBlockTableRecord
  2
*T1
  0
ENDTAB
  0
TABLE
  2
DIMSTYLE
  5
A
100
AcDbSymbolTable
 70
1
100
AcDbDimStyleTable
 71
0
  0
DIMSTYLE
105
256
100
AcDbSymbolTableRecord
100
AcDbDimStyleTableRecord
  2
STANDARD
 70
0
  3

  4

 40
1.0
 41
3.5
 42
1.0
 43
0.38
 44
1.5
 45
0.0
 46
0.0
 47
0.05
 48
0.05
140
3.5
141
0.09
142
0.0
143
0.0393700787
144
1.0
145
0.0
146
1.0
147
0.625
 71
1
 72
0
 73
0
 74
0
 75
0
 76
0
 77
1
 78
8
 79
2
170
1
171
1
172
0
173
0
174
0
175
0
176
0
177
0
178
7
270
2
179
2
271
2
272
2
273
2
274
2
275
0
280
0
281
0
282
0
283
1
284
8
285
0
286
0
287
3
288
0
340
11
278
46
341
239
342
239
343
239
344
239
  0
DIMSTYLE
105
257
100
AcDbSymbolTableRecord
100
AcDbDimStyleTableRecord
  2
DIMSTYLE_1
 70
0
  3

  4

 40
1.0
 41
3.5
 42
1.0
 43
0.38
 44
1.5
 45
0.0
 46
0.0
 47
0.2
 48
0.2
140
3.5
141
0.09
142
0.0
143
0.0393700787
144
0.3333333333
145
0.0
146
1.0
147
0.875
 71
0
 72
0
 73
0
 74
0
 75
0
 76
0
 77
1
 78
8
 79
2
170
1
171
3
172
0
173
0
174
0
175
0
176
0
177
0
178
7
270
2
179
2
271
2
272
2
273
2
274
0
275
0
280
0
281
0
282
0
283
1
284
8
285
0
286
0
287
3
288
0
340
11
278
46
341
239
342
239
343
239
344
239
  0
DIMSTYLE
105
258
100
AcDbSymbolTableRecord
100
AcDbDimStyleTableRecord
  2
DIMSTYLE_2
 70
0
  3

  4

 40
1.0
 41
3.5
 42
1.0
 43
0.38
 44
1.5
 45
0.0
 46
0.0
 47
0.1
 48
0.1
140
3.5
141
0.09
142
0.0
143
0.0393700787
144
0.3333333333
145
0.0
146
1.0
147
0.875
 71
0
 72
0
 73
0
 74
0
 75
0
 76
0
 77
1
 78
8
 79
2
170
1
171
3
172
0
173
0
174
0
175
0
176
0
177
0
178
7
270
2
179
2
271
2
272
2
273
2
274
0
275
0
280
0
281
0
282
0
283
1
284
8
285
0
286
0
287
3
288
0
340
11
278
46
341
239
342
239
343
239
344
239
  0
DIMSTYLE
105
259
100
AcDbSymbolTableRecord
100
AcDbDimStyleTableRecord
  2
DIMSTYLE_3
 70
0
  3

  4

 40
1.0
 41
3.5
 42
1.0
 43
0.38
 44
1.5
 45
0.0
 46
0.0
 47
0.2
 48
0.2
140
3.5
141
0.09
142
0.0
143
0.0393700787
144
1.0
145
0.0
146
1.0
147
0.875
 71
0
 72
0
 73
0
 74
0
 75
0
 76
0
 77
1
 78
8
 79
2
170
1
171
3
172
0
173
0
174
0
175
0
176
0
177
0
178
7
270
2
179
2
271
2
272
2
273
2
274
3
275
0
280
0
281
0
282
0
283
1
284
8
285
0
286
0
287
3
288
0
340
11
278
46
341
239
342
239
343
239
344
239
  0
DIMSTYLE
105
25A
100
AcDbSymbolTableRecord
100
AcDbDimStyleTableRecord
  2
DIMSTYLE_4
 70
0
  3

  4

 40
1.0
 41
3.5
 42
1.0
 43
0.38
 44
1.5
 45
0.0
 46
0.0
 47
0.3
 48
0.3
140
3.5
141
0.09
142
0.0
143
0.0393700787
144
1.0
145
0.0
146
1.0
147
0.875
 71
0
 72
0
 73
0
 74
0
 75
0
 76
0
 77
1
 78
8
 79
2
170
1
171
3
172
0
173
0
174
0
175
0
176
0
177
0
178
7
270
2
179
2
271
2
272
2
273
2
274
3
275
0
280
0
281
0
282
0
283
1
284
8
285
0
286
0
287
3
288
0
340
11
278
46
341
239
342
239
343
239
344
239
  0
DIMSTYLE
105
25B
100
AcDbSymbolTableRecord
100
AcDbDimStyleTableRecord
  2
DIMSTYLE_5
 70
0
  3

  4

 40
1.0
 41
3.5
 42
1.0
 43
0.38
 44
1.5
 45
0.0
 46
0.0
 47
0.1
 48
0.1
140
3.5
141
0.09
142
0.0
143
0.0393700787
144
1.0
145
0.0
146
1.0
147
0.875
 71
0
 72
0
 73
0
 74
0
 75
0
 76
0
 77
1
 78
8
 79
2
170
1
171
3
172
0
173
0
174
0
175
0
176
0
177
0
178
7
270
2
179
2
271
2
272
2
273
2
274
0
275
0
280
0
281
0
282
0
283
1
284
8
285
0
286
0
287
3
288
0
340
11
278
46
341
239
342
239
343
239
344
239
  0
DIMSTYLE
105
25C
100
AcDbSymbolTableRecord
100
AcDbDimStyleTableRecord
  2
DIMSTYLE_6
 70
0
  3

  4

 40
1.0
 41
3.5
 42
1.0
 43
0.38
 44
1.5
 45
0.0
 46
0.0
 47
0.2
 48
0.2
140
3.5
141
0.09
142
0.0
143
0.0393700787
144
1.0
145
0.0
146
1.0
147
0.875
 71
0
 72
0
 73
0
 74
0
 75
0
 76
0
 77
1
 78
8
 79
2
170
1
171
4
172
0
173
0
174
0
175
0
176
0
177
0
178
7
270
2
179
2
271
3
272
3
273
2
274
4
275
0
280
0
281
0
282
0
283
1
284
8
285
0
286
0
287
3
288
0
340
11
278
46
341
239
342
239
343
239
344
239
  0
DIMSTYLE
105
25D
100
AcDbSymbolTableRecord
100
AcDbDimStyleTableRecord
  2
DIMSTYLE_7
 70
0
  3
<>
  4

 40
1.0
 41
3.5
 42
1.0
 43
0.38
 44
1.5
 45
0.0
 46
0.0
 47
0.1
 48
0.1
140
3.5
141
0.09
142
0.0
143
0.0393700787
144
1.0
145
0.0
146
1.0
147
0.625
 71
0
 72
0
 73
0
 74
0
 75
0
 76
0
 77
1
 78
8
 79
2
170
1
171
3
172
1
173
0
174
0
175
0
176
0
177
0
178
7
270
2
179
2
271
2
272
2
273
2
274
3
275
0
280
0
281
0
282
0
283
1
284
8
285
0
286
0
287
3
288
1
340
11
278
46
289
2
341
239
342
239
343
239
344
239
  0
DIMSTYLE
105
25E
100
AcDbSymbolTableRecord
100
AcDbDimStyleTableRecord
  2
DIMSTYLE_8
 70
0
  3

  4

 40
1.0
 41
3.5
 42
1.0
 43
0.38
 44
1.5
 45
0.0
 46
0.0
 47
0.1
 48
0.1
140
3.5
141
0.09
142
0.0
143
0.0393700787
144
1.0
145
0.0
146
1.0
147
0.875
 71
0
 72
0
 73
0
 74
0
 75
0
 76
0
 77
1
 78
8
 79
2
170
1
171
3
172
0
173
0
174
0
175
0
176
0
177
0
178
7
270
2
179
2
271
2
272
2
273
2
274
3
275
0
280
0
281
0
282
0
283
1
284
8
285
0
286
0
287
3
288
0
340
11
278
46
341
239
342
239
343
239
344
239
  0
DIMSTYLE
105
25F
100
AcDbSymbolTableRecord
100
AcDbDimStyleTableRecord
  2
DIMSTYLE_9
 70
0
  3
<>
  4

 40
1.0
 41
3.5
 42
1.0
 43
0.38
 44
1.5
 45
0.0
 46
0.0
 47
0.3
 48
0.3
140
3.5
141
0.09
142
0.0
143
0.0393700787
144
1.0
145
0.0
146
1.0
147
0.625
 71
0
 72
0
 73
0
 74
0
 75
0
 76
0
 77
1
 78
8
 79
2
170
1
171
3
172
1
173
0
174
0
175
0
176
0
177
0
178
7
270
2
179
2
271
2
272
2
273
2
274
3
275
0
280
0
281
0
282
0
283
1
284
8
285
0
286
0
287
3
288
1
340
11
278
46
289
2
341
239
342
239
343
239
344
239
  0
DIMSTYLE
105
260
100
AcDbSymbolTableRecord
100
AcDbDimStyleTableRecord
  2
DIMSTYLE_10
 70
0
  3

  4

 40
1.0
 41
3.5
 42
1.0
 43
0.38
 44
1.5
 45
0.0
 46
0.0
 47
0.1
 48
0.1
140
3.5
141
0.09
142
0.0
143
0.0393700787
144
1.0
145
0.0
146
1.0
147
0.875
 71
1
 72
0
 73
0
 74
0
 75
0
 76
0
 77
1
 78
8
 79
2
170
1
171
3
172
0
173
0
174
0
175
0
176
0
177
0
178
7
270
2
179
2
271
2
272
2
273
2
274
3
275
0
280
0
281
0
282
0
283
1
284
8
285
0
286
0
287
3
288
0
340
11
278
46
341
239
342
239
343
239
344
239
  0
DIMSTYLE
105
261
100
AcDbSymbolTableRecord
100
AcDbDimStyleTableRecord
  2
DIMSTYLE_11
 70
0
  3
<>
  4

 40
1.0
 41
3.5
 42
1.0
 43
0.38
 44
1.5
 45
0.0
 46
0.0
 47
0.2
 48
0.2
140
3.5
141
0.09
142
0.0
143
0.0393700787
144
1.0
145
0.0
146
1.0
147
0.625
 71
0
 72
0
 73
0
 74
0
 75
0
 76
0
 77
1
 78
8
 79
2
170
1
171
3
172
1
173
0
174
0
175
0
176
0
177
0
178
7
270
2
179
2
271
2
272
2
273
2
274
3
275
0
280
0
281
0
282
0
283
1
284
8
285
0
286
0
287
3
288
1
340
11
278
46
289
2
341
239
342
239
343
239
344
239
  0
ENDTAB
  0
ENDSEC
  0
SECTION
  2
BLOCKS
  0
BLOCK
  5
20
100
AcDbEntity
  8
0
100
AcDbBlockBegin
  2
*Model_Space
 70
0
 10
0.0
 20
0.0
 30
0.0
  3
*Model_Space
  1

  0
ENDBLK
  5
21
100
AcDbEntity
  8
0
100
AcDbBlockEnd
  0
BLOCK
  5
1C
100
AcDbEntity
  8
0
100
AcDbBlockBegin
  2
*Paper_Space
 70
0
 10
0.0
 20
0.0
 30
0.0
  3
*Paper_Space
  1

  0
ENDBLK
  5
1D
100
AcDbEntity
  8
0
100
AcDbBlockEnd
  0
BLOCK
  5
262
100
AcDbEntity
  8
0
100
AcDbBlockBegin
 62
7
  6
BYLAYER
  2
PROJEKTION_BL0
 70
64
 10
300.4715872636
 20
43.65
 30
0.0
  3
PROJEKTION_BL0
  1

  0
LINE
  5
263
100
AcDbEntity
  8
DEFAULT_1
100
AcDbLine
 62
7
  6
BYLAYER
 10
303.2850231977
 20
41.4
 30
0.0
 11
303.2850231977
 21
45.9
 31
0.0
  0
LINE
  5
264
100
AcDbEntity
  8
DEFAULT_1
100
AcDbLine
 62
7
  6
BYLAYER
 10
301.0350231977
 20
43.65
 30
0.0
 11
305.5350231977
 21
43.65
 31
0.0
  0
LINE
  5
265
100
AcDbEntity
  8
DEFAULT_1
100
AcDbLine
 62
7
  6
BYLAYER
 10
295.4081513296
 20
43.6711519782
 30
0.0
 11
300.410677434
 21
43.6711519782
 31
0.0
  0
LINE
  5
266
100
AcDbEntity
  8
0
100
AcDbLine
 62
7
  6
BYLAYER
 10
303.2850231977
 20
43.65
 30
0.0
 11
303.2850231977
 21
43.6731039305
 31
0.0
  0
LINE
  5
267
100
AcDbEntity
  8
0
100
AcDbLine
 62
7
  6
BYLAYER
 10
300.1206452249
 20
41.68125
 30
0.0
 11
300.1206452249
 21
45.61875
 31
0.0
  0
CIRCLE
  5
268
100
AcDbEntity
  8
0
100
AcDbCircle
 62
7
  6
BYLAYER
 10
303.2850231977
 20
43.65
 30
0.0
 40
1.125
  0
LINE
  5
269
100
AcDbEntity
  8
0
100
AcDbLine
 62
7
  6
BYLAYER
 10
295.831267252
 20
42.525
 30
0.0
 11
295.831267252
 21
44.775
 31
0.0
  0
CIRCLE
  5
26A
100
AcDbEntity
  8
0
100
AcDbCircle
 62
7
  6
BYLAYER
 10
303.2850231977
 20
43.65
 30
0.0
 40
1.96875
  0
LINE
  5
26B
100
AcDbEntity
  8
0
100
AcDbLine
 62
7
  6
BYLAYER
 10
295.831267252
 20
44.775
 30
0.0
 11
300.1206452249
 21
45.61875
 31
0.0
  0
LINE
  5
26C
100
AcDbEntity
  8
0
100
AcDbLine
 62
7
  6
BYLAYER
 10
295.831267252
 20
42.525
 30
0.0
 11
300.1206452249
 21
41.68125
 31
0.0
  0
ENDBLK
  5
26D
100
AcDbEntity
  8
0
  6
BYBLOCK
 62
0
100
AcDbBlockEnd
  0
BLOCK
  5
26E
100
AcDbEntity
  8
0
100
AcDbBlockBegin
  2
_FILLED
 70
64
 10
0.0
 20
0.0
 30
0.0
  3
_FILLED
  1

  0
SOLID
  5
26F
100
AcDbEntity
  8
0
  6
BYBLOCK
 62
0
100
AcDbTrace
 10
0.0
 20
0.0
 30
0.0
 11
-1.0
 21
0.125
 31
0.0
 12
-1.0
 22
-0.125
 32
0.0
 13
-1.0
 23
-0.125
 33
0.0
  0
ENDBLK
  5
270
100
AcDbEntity
  8
0
  6
BYBLOCK
 62
0
100
AcDbBlockEnd
  0
BLOCK
  5
271
100
AcDbEntity
  8
_03_2D_DRAWING_DIMENSION
100
AcDbBlockBegin
 62
7
  6
BYLAYER
  2
*D0
 70
65
 10
0.0
 20
0.0
 30
0.0
  3
*D0
  1

  0
MTEXT
  5
272
100
AcDbEntity
  8
_03_2D_DRAWING_DIMENSION
100
AcDbMText
 62
7
  6
BYLAYER
  7
STANDARD
 71
2
 72
1
 10
30.9315142828
 20
199.3912947201
 30
0.0
 11
0.0
 21
1.0
 31
0.0
 73
2
 44
0.9
  1
12,5{\ftxt;\W0.0001;\H0.0001;\~}{\ftxt;\W1.0;\H3.5; }[0.492]
 40
3.5
 41
24.612
  0
LINE
  5
273
100
AcDbEntity
  8
_03_2D_DRAWING_DIMENSION
100
AcDbLine
 62
7
  6
BYLAYER
 10
54.4808489354
 20
218.1412947201
 30
0.0
 11
33.8065142828
 21
218.1412947201
 31
0.0
  0
LINE
  5
274
100
AcDbEntity
  8
_03_2D_DRAWING_DIMENSION
100
AcDbLine
 62
7
  6
BYLAYER
 10
64.0808489354
 20
180.6412947201
 30
0.0
 11
33.8065142828
 21
180.6412947201
 31
0.0
  0
LINE
  5
275
100
AcDbEntity
  8
_03_2D_DRAWING_DIMENSION
100
AcDbLine
 62
7
  6
BYLAYER
 10
35.3065142828
 20
218.1412947201
 30
0.0
 11
35.3065142828
 21
199.3912947201
 31
0.0
  0
LINE
  5
276
100
AcDbEntity
  8
_03_2D_DRAWING_DIMENSION
100
AcDbLine
 62
7
  6
BYLAYER
 10
35.3065142828
 20
180.6412947201
 30
0.0
 11
35.3065142828
 21
199.3912947201
 31
0.0
  0
INSERT
  5
277
100
AcDbEntity
  8
_03_2D_DRAWING_DIMENSION
100
AcDbBlockReference
 62
7
  6
BYLAYER
  2
_FILLED
 10
35.3065142828
 20
218.1412947201
 30
0.0
 41
3.5
 42
3.5
 43
3.5
 50
90.0
  0
INSERT
  5
278
100
AcDbEntity
  8
_03_2D_DRAWING_DIMENSION
100
AcDbBlockReference
 62
7
  6
BYLAYER
  2
_FILLED
 10
35.3065142828
 20
180.6412947201
 30
0.0
 41
3.5
 42
3.5
 43
3.5
 50
270.0
  0
ENDBLK
  5
279
100
AcDbEntity
  8
0
  6
BYBLOCK
 62
0
100
AcDbBlockEnd
  0
BLOCK
  5
27A
100
AcDbEntity
  8
_03_2D_DRAWING_DIMENSION
100
AcDbBlockBegin
 62
7
  6
BYLAYER
  2
*D1
 70
65
 10
0.0
 20
0.0
 30
0.0
  3
*D1
  1

  0
MTEXT
  5
27B
100
AcDbEntity
  8
_03_2D_DRAWING_DIMENSION
100
AcDbMText
 62
7
  6
BYLAYER
  7
STANDARD
 71
2
 72
1
 10
22.9315142828
 20
218.1412947201
 30
0.0
 11
0.0
 21
1.0
 31
0.0
 73
2
 44
0.9
  1
25{\ftxt;\W0.0001;\H0.0001;\~}{\ftxt;\W1.0;\H3.5; }[0.984]
 40
3.5
 41
21.308
  0
LINE
  5
27C
100
AcDbEntity
  8
_03_2D_DRAWING_DIMENSION
100
AcDbLine
 62
7
  6
BYLAYER
 10
64.0808489354
 20
180.6412947201
 30
0.0
 11
25.8065142828
 21
180.6412947201
 31
0.0
  0
LINE
  5
27D
100
AcDbEntity
  8
_03_2D_DRAWING_DIMENSION
100
AcDbLine
 62
7
  6
BYLAYER
 10
52.0808489354
 20
255.6412947201
 30
0.0
 11
25.8065142828
 21
255.6412947201
 31
0.0
  0
LINE
  5
27E
100
AcDbEntity
  8
_03_2D_DRAWING_DIMENSION
100
AcDbLine
 62
7
  6
BYLAYER
 10
27.3065142828
 20
180.6412947201
 30
0.0
 11
27.3065142828
 21
218.1412947201
 31
0.0
  0
LINE
  5
27F
100
AcDbEntity
  8
_03_2D_DRAWING_DIMENSION
100
AcDbLine
 62
7
  6
BYLAYER
 10
27.3065142828
 20
255.6412947201
 30
0.0
 11
27.3065142828
 21
218.1412947201
 31
0.0
  0
INSERT
  5
280
100
AcDbEntity
  8
_03_2D_DRAWING_DIMENSION
100
AcDbBlockReference
 62
7
  6
BYLAYER
  2
_FILLED
 10
27.3065142828
 20
180.6412947201
 30
0.0
 41
3.5
 42
3.5
 43
3.5
 50
270.0
  0
INSERT
  5
281
100
AcDbEntity
  8
_03_2D_DRAWING_DIMENSION
100
AcDbBlockReference
 62
7
  6
BYLAYER
  2
_FILLED
 10
27.3065142828
 20
255.6412947201
 30
0.0
 41
3.5
 42
3.5
 43
3.5
 50
90.0
  0
ENDBLK
  5
282
100
AcDbEntity
  8
0
  6
BYBLOCK
 62
0
100
AcDbBlockEnd
  0
BLOCK
  5
283
100
AcDbEntity
  8
_03_2D_DRAWING_DIMENSION
100
AcDbBlockBegin
 62
7
  6
BYLAYER
  2
*D2
 70
65
 10
0.0
 20
0.0
 30
0.0
  3
*D2
  1

  0
MTEXT
  5
284
100
AcDbEntity
  8
_03_2D_DRAWING_DIMENSION
100
AcDbMText
 62
7
  6
BYLAYER
  7
STANDARD
 71
2
 72
1
 10
82.7808489354
 20
282.2243274963
 30
0.0
 11
1.0
 21
0.0
 31
0.0
 73
2
 44
0.9
  1
25{\ftxt;\W0.0001;\H0.0001;\~}{\ftxt;\W1.0;\H3.5; }[0.984]
 40
3.5
 41
21.308
  0
LINE
  5
285
100
AcDbEntity
  8
_03_2D_DRAWING_DIMENSION
100
AcDbLine
 62
7
  6
BYLAYER
 10
45.2808489354
 20
248.8412947201
 30
0.0
 11
45.2808489354
 21
279.3493274963
 31
0.0
  0
LINE
  5
286
100
AcDbEntity
  8
_03_2D_DRAWING_DIMENSION
100
AcDbLine
 62
7
  6
BYLAYER
 10
120.2808489354
 20
189.4412947201
 30
0.0
 11
120.2808489354
 21
279.3493274963
 31
0.0
  0
LINE
  5
287
100
AcDbEntity
  8
_03_2D_DRAWING_DIMENSION
100
AcDbLine
 62
7
  6
BYLAYER
 10
45.2808489354
 20
277.8493274963
 30
0.0
 11
82.7808489354
 21
277.8493274963
 31
0.0
  0
LINE
  5
288
100
AcDbEntity
  8
_03_2D_DRAWING_DIMENSION
100
AcDbLine
 62
7
  6
BYLAYER
 10
120.2808489354
 20
277.8493274963
 30
0.0
 11
82.7808489354
 21
277.8493274963
 31
0.0
  0
INSERT
  5
289
100
AcDbEntity
  8
_03_2D_DRAWING_DIMENSION
100
AcDbBlockReference
 62
7
  6
BYLAYER
  2
_FILLED
 10
45.2808489354
 20
277.8493274963
 30
0.0
 41
3.5
 42
3.5
 43
3.5
 50
180.0
  0
INSERT
  5
28A
100
AcDbEntity
  8
_03_2D_DRAWING_DIMENSION
100
AcDbBlockReference
 62
7
  6
BYLAYER
  2
_FILLED
 10
120.2808489354
 20
277.8493274963
 30
0.0
 41
3.5
 42
3.5
 43
3.5
  0
ENDBLK
  5
28B
100
AcDbEntity
  8
0
  6
BYBLOCK
 62
0
100
AcDbBlockEnd
  0
BLOCK
  5
28C
100
AcDbEntity
  8
_03_2D_DRAWING_DIMENSION
100
AcDbBlockBegin
 62
7
  6
BYLAYER
  2
*D3
 70
65
 10
0.0
 20
0.0
 30
0.0
  3
*D3
  1

  0
MTEXT
  5
28D
100
AcDbEntity
  8
_03_2D_DRAWING_DIMENSION
100
AcDbMText
 62
7
  6
BYLAYER
  7
STANDARD
 71
2
 72
1
 10
205.4489315693
 20
274.4534945946
 30
0.0
 11
1.0
 21
0.0
 31
0.0
 73
2
 44
0.9
  1
21,6{\ftxt;\W0.0001;\H0.0001;\~}{\ftxt;\W1.0;\H3.5; }[0.85]
 40
3.5
 41
22.26
  0
LINE
  5
28E
100
AcDbEntity
  8
_03_2D_DRAWING_DIMENSION
100
AcDbLine
 62
7
  6
BYLAYER
 10
237.8489315693
 20
255.5463252413
 30
0.0
 11
237.8489315693
 21
271.5784945946
 31
0.0
  0
LINE
  5
28F
100
AcDbEntity
  8
_03_2D_DRAWING_DIMENSION
100
AcDbLine
 62
7
  6
BYLAYER
 10
173.0489315693
 20
255.2912947201
 30
0.0
 11
173.0489315693
 21
271.5784945946
 31
0.0
  0
LINE
  5
290
100
AcDbEntity
  8
_03_2D_DRAWING_DIMENSION
100
AcDbLine
 62
7
  6
BYLAYER
 10
237.8489315693
 20
270.0784945946
 30
0.0
 11
205.4489315693
 21
270.0784945946
 31
0.0
  0
LINE
  5
291
100
AcDbEntity
  8
_03_2D_DRAWING_DIMENSION
100
AcDbLine
 62
7
  6
BYLAYER
 10
173.0489315693
 20
270.0784945946
 30
0.0
 11
205.4489315693
 21
270.0784945946
 31
0.0
  0
INSERT
  5
292
100
AcDbEntity
  8
_03_2D_DRAWING_DIMENSION
100
AcDbBlockReference
 62
7
  6
BYLAYER
  2
_FILLED
 10
237.8489315693
 20
270.0784945946
 30
0.0
 41
3.5
 42
3.5
 43
3.5
  0
INSERT
  5
293
100
AcDbEntity
  8
_03_2D_DRAWING_DIMENSION
100
AcDbBlockReference
 62
7
  6
BYLAYER
  2
_FILLED
 10
173.0489315693
 20
270.0784945946
 30
0.0
 41
3.5
 42
3.5
 43
3.5
 50
180.0
  0
ENDBLK
  5
294
100
AcDbEntity
  8
0
  6
BYBLOCK
 62
0
100
AcDbBlockEnd
  0
BLOCK
  5
295
100
AcDbEntity
  8
_03_2D_DRAWING_DIMENSION
100
AcDbBlockBegin
 62
7
  6
BYLAYER
  2
*D4
 70
65
 10
0.0
 20
0.0
 30
0.0
  3
*D4
  1

  0
MTEXT
  5
296
100
AcDbEntity
  8
_03_2D_DRAWING_DIMENSION
100
AcDbMText
 62
7
  6
BYLAYER
  7
STANDARD
 71
1
 72
1
 10
250.7346118671
 20
274.4534945946
 30
0.0
 11
1.0
 21
0.0
 31
0.0
 73
2
 44
0.9
  1
2,75{\ftxt;\W0.0001;\H0.0001;\~}{\ftxt;\W1.0;\H3.5; }[0.108]
 40
3.5
 41
24.612
  0
LINE
  5
297
100
AcDbEntity
  8
_03_2D_DRAWING_DIMENSION
100
AcDbLine
 62
7
  6
BYLAYER
 10
237.8489315693
 20
255.5463252413
 30
0.0
 11
237.8489315693
 21
271.5784945946
 31
0.0
  0
LINE
  5
298
100
AcDbEntity
  8
_03_2D_DRAWING_DIMENSION
100
AcDbLine
 62
7
  6
BYLAYER
 10
246.0989315693
 20
246.5509987499
 30
0.0
 11
246.0989315693
 21
271.5784945946
 31
0.0
  0
LINE
  5
299
100
AcDbEntity
  8
_03_2D_DRAWING_DIMENSION
100
AcDbLine
 62
7
  6
BYLAYER
 10
237.8489315693
 20
270.0784945946
 30
0.0
 11
231.8489315693
 21
270.0784945946
 31
0.0
  0
LINE
  5
29A
100
AcDbEntity
  8
_03_2D_DRAWING_DIMENSION
100
AcDbLine
 62
7
  6
BYLAYER
 10
231.8489315693
 20
270.0784945946
 30
0.0
 11
241.9739315693
 21
270.0784945946
 31
0.0
  0
LINE
  5
29B
100
AcDbEntity
  8
_03_2D_DRAWING_DIMENSION
100
AcDbLine
 62
7
  6
BYLAYER
 10
246.0989315693
 20
270.0784945946
 30
0.0
 11
275.3466118671
 21
270.0784945946
 31
0.0
  0
LINE
  5
29C
100
AcDbEntity
  8
_03_2D_DRAWING_DIMENSION
100
AcDbLine
 62
7
  6
BYLAYER
 10
275.3466118671
 20
270.0784945946
 30
0.0
 11
241.9739315693
 21
270.0784945946
 31
0.0
  0
INSERT
  5
29D
100
AcDbEntity
  8
_03_2D_DRAWING_DIMENSION
100
AcDbBlockReference
 62
7
  6
BYLAYER
  2
_FILLED
 10
237.8489315693
 20
270.0784945946
 30
0.0
 41
3.5
 42
3.5
 43
3.5
  0
INSERT
  5
29E
100
AcDbEntity
  8
_03_2D_DRAWING_DIMENSION
100
AcDbBlockReference
 62
7
  6
BYLAYER
  2
_FILLED
 10
246.0989315693
 20
270.0784945946
 30
0.0
 41
3.5
 42
3.5
 43
3.5
 50
180.0
  0
ENDBLK
  5
29F
100
AcDbEntity
  8
0
  6
BYBLOCK
 62
0
100
AcDbBlockEnd
  0
BLOCK
  5
2A0
100
AcDbEntity
  8
_03_2D_DRAWING_DIMENSION
100
AcDbBlockBegin
 62
7
  6
BYLAYER
  2
*D5
 70
65
 10
0.0
 20
0.0
 30
0.0
  3
*D5
  1

  0
MTEXT
  5
2A1
100
AcDbEntity
  8
_03_2D_DRAWING_DIMENSION
100
AcDbMText
 62
7
  6
BYLAYER
  7
STANDARD
 71
2
 72
1
 10
351.7412133396
 20
282.2243274963
 30
0.0
 11
1.0
 21
0.0
 31
0.0
 73
2
 44
0.9
  1
19,8{\ftxt;\W0.0001;\H0.0001;\~}{\ftxt;\W1.0;\H3.5; }[0.78]
 40
3.5
 41
22.26
  0
LINE
  5
2A2
100
AcDbEntity
  8
_03_2D_DRAWING_DIMENSION
100
AcDbLine
 62
7
  6
BYLAYER
 10
322.0412133396
 20
196.9412947201
 30
0.0
 11
322.0412133396
 21
279.3493274963
 31
0.0
  0
LINE
  5
2A3
100
AcDbEntity
  8
_03_2D_DRAWING_DIMENSION
100
AcDbLine
 62
7
  6
BYLAYER
 10
381.4412133396
 20
256.3412947201
 30
0.0
 11
381.4412133396
 21
279.3493274963
 31
0.0
  0
LINE
  5
2A4
100
AcDbEntity
  8
_03_2D_DRAWING_DIMENSION
100
AcDbLine
 62
7
  6
BYLAYER
 10
322.0412133396
 20
277.8493274963
 30
0.0
 11
351.7412133396
 21
277.8493274963
 31
0.0
  0
LINE
  5
2A5
100
AcDbEntity
  8
_03_2D_DRAWING_DIMENSION
100
AcDbLine
 62
7
  6
BYLAYER
 10
381.4412133396
 20
277.8493274963
 30
0.0
 11
351.7412133396
 21
277.8493274963
 31
0.0
  0
INSERT
  5
2A6
100
AcDbEntity
  8
_03_2D_DRAWING_DIMENSION
100
AcDbBlockReference
 62
7
  6
BYLAYER
  2
_FILLED
 10
322.0412133396
 20
277.8493274963
 30
0.0
 41
3.5
 42
3.5
 43
3.5
 50
180.0
  0
INSERT
  5
2A7
100
AcDbEntity
  8
_03_2D_DRAWING_DIMENSION
100
AcDbBlockReference
 62
7
  6
BYLAYER
  2
_FILLED
 10
381.4412133396
 20
277.8493274963
 30
0.0
 41
3.5
 42
3.5
 43
3.5
  0
ENDBLK
  5
2A8
100
AcDbEntity
  8
0
  6
BYBLOCK
 62
0
100
AcDbBlockEnd
  0
BLOCK
  5
2A9
100
AcDbEntity
  8
_03_2D_DRAWING_DIMENSION
100
AcDbBlockBegin
 62
7
  6
BYLAYER
  2
*D6
 70
65
 10
0.0
 20
0.0
 30
0.0
  3
*D6
  1

  0
MTEXT
  5
2AA
100
AcDbEntity
  8
_03_2D_DRAWING_DIMENSION
100
AcDbMText
 62
7
  6
BYLAYER
  7
STANDARD
 71
2
 72
1
 10
299.8862703724
 20
218.1412947201
 30
0.0
 11
0.0
 21
1.0
 31
0.0
 73
2
 44
0.9
  1
19,8{\ftxt;\W0.0001;\H0.0001;\~}{\ftxt;\W1.0;\H3.5; }[0.78]
 40
3.5
 41
22.26
  0
LINE
  5
2AB
100
AcDbEntity
  8
_03_2D_DRAWING_DIMENSION
100
AcDbLine
 62
7
  6
BYLAYER
 10
372.9412133396
 20
247.8412947201
 30
0.0
 11
302.7612703724
 21
247.8412947201
 31
0.0
  0
LINE
  5
2AC
100
AcDbEntity
  8
_03_2D_DRAWING_DIMENSION
100
AcDbLine
 62
7
  6
BYLAYER
 10
313.5412133396
 20
188.4412947201
 30
0.0
 11
302.7612703724
 21
188.4412947201
 31
0.0
  0
LINE
  5
2AD
100
AcDbEntity
  8
_03_2D_DRAWING_DIMENSION
100
AcDbLine
 62
7
  6
BYLAYER
 10
304.2612703724
 20
247.8412947201
 30
0.0
 11
304.2612703724
 21
218.1412947201
 31
0.0
  0
LINE
  5
2AE
100
AcDbEntity
  8
_03_2D_DRAWING_DIMENSION
100
AcDbLine
 62
7
  6
BYLAYER
 10
304.2612703724
 20
188.4412947201
 30
0.0
 11
304.2612703724
 21
218.1412947201
 31
0.0
  0
INSERT
  5
2AF
100
AcDbEntity
  8
_03_2D_DRAWING_DIMENSION
100
AcDbBlockReference
 62
7
  6
BYLAYER
  2
_FILLED
 10
304.2612703724
 20
247.8412947201
 30
0.0
 41
3.5
 42
3.5
 43
3.5
 50
90.0
  0
INSERT
  5
2B0
100
AcDbEntity
  8
_03_2D_DRAWING_DIMENSION
100
AcDbBlockReference
 62
7
  6
BYLAYER
  2
_FILLED
 10
304.2612703724
 20
188.4412947201
 30
0.0
 41
3.5
 42
3.5
 43
3.5
 50
270.0
  0
ENDBLK
  5
2B1
100
AcDbEntity
  8
0
  6
BYBLOCK
 62
0
100
AcDbBlockEnd
  0
BLOCK
  5
2B2
100
AcDbEntity
  8
_03_2D_DRAWING_DIMENSION
100
AcDbBlockBegin
 62
7
  6
BYLAYER
  2
*D7
 70
65
 10
0.0
 20
0.0
 30
0.0
  3
*D7
  1

  0
MTEXT
  5
2B3
100
AcDbEntity
  8
_03_2D_DRAWING_DIMENSION
100
AcDbMText
 62
7
  6
BYLAYER
  7
STANDARD
 71
3
 72
1
 10
23.6803702694
 20
92.4677448794
 30
0.0
 11
0.0
 21
1.0
 31
0.0
 73
2
 44
0.9
  1
3,81{\ftxt;\W0.0001;\H0.0001;\~}{\ftxt;\W1.0;\H3.5; }[0.15]
 40
3.5
 41
22.26
  0
LINE
  5
2B4
100
AcDbEntity
  8
_03_2D_DRAWING_DIMENSION
100
AcDbLine
 62
7
  6
BYLAYER
 10
114.9688320205
 20
110.181996874
 30
0.0
 11
26.5553702694
 21
110.181996874
 31
0.0
  0
LINE
  5
2B5
100
AcDbEntity
  8
_03_2D_DRAWING_DIMENSION
100
AcDbLine
 62
7
  6
BYLAYER
 10
93.4382333779
 20
98.751996874
 30
0.0
 11
26.5553702694
 21
98.751996874
 31
0.0
  0
LINE
  5
2B6
100
AcDbEntity
  8
_03_2D_DRAWING_DIMENSION
100
AcDbLine
 62
7
  6
BYLAYER
 10
28.0553702694
 20
110.181996874
 30
0.0
 11
28.0553702694
 21
104.466996874
 31
0.0
  0
LINE
  5
2B7
100
AcDbEntity
  8
_03_2D_DRAWING_DIMENSION
100
AcDbLine
 62
7
  6
BYLAYER
 10
28.0553702694
 20
98.751996874
 30
0.0
 11
28.0553702694
 21
104.466996874
 31
0.0
  0
LINE
  5
2B8
100
AcDbEntity
  8
_03_2D_DRAWING_DIMENSION
100
AcDbLine
 62
7
  6
BYLAYER
 10
28.0553702694
 20
104.466996874
 30
0.0
 11
28.0553702694
 21
70.2077448794
 31
0.0
  0
INSERT
  5
2B9
100
AcDbEntity
  8
_03_2D_DRAWING_DIMENSION
100
AcDbBlockReference
 62
7
  6
BYLAYER
  2
_FILLED
 10
28.0553702694
 20
110.181996874
 30
0.0
 41
3.5
 42
3.5
 43
3.5
 50
90.0
  0
INSERT
  5
2BA
100
AcDbEntity
  8
_03_2D_DRAWING_DIMENSION
100
AcDbBlockReference
 62
7
  6
BYLAYER
  2
_FILLED
 10
28.0553702694
 20
98.751996874
 30
0.0
 41
3.5
 42
3.5
 43
3.5
 50
270.0
  0
ENDBLK
  5
2BB
100
AcDbEntity
  8
0
  6
BYBLOCK
 62
0
100
AcDbBlockEnd
  0
BLOCK
  5
2BC
100
AcDbEntity
  8
_03_2D_DRAWING_DIMENSION
100
AcDbBlockBegin
 62
7
  6
BYLAYER
  2
*D8
 70
65
 10
0.0
 20
0.0
 30
0.0
  3
*D8
  1

  0
MTEXT
  5
2BD
100
AcDbEntity
  8
_03_2D_DRAWING_DIMENSION
100
AcDbMText
 62
7
  6
BYLAYER
  7
STANDARD
 71
2
 72
1
 10
42.4966653453
 20
85.416996874
 30
0.0
 11
0.0
 21
1.0
 31
0.0
 73
2
 44
0.9
  1
8,89{\ftxt;\W0.0001;\H0.0001;\~}{\ftxt;\W1.0;\H3.5; }[0.35]
 40
3.5
 41
22.26
  0
LINE
  5
2BE
100
AcDbEntity
  8
_03_2D_DRAWING_DIMENSION
100
AcDbLine
 62
7
  6
BYLAYER
 10
62.218585421
 20
72.081996874
 30
0.0
 11
45.3716653453
 21
72.081996874
 31
0.0
  0
LINE
  5
2BF
100
AcDbEntity
  8
_03_2D_DRAWING_DIMENSION
100
AcDbLine
 62
7
  6
BYLAYER
 10
93.4382333779
 20
98.751996874
 30
0.0
 11
45.3716653453
 21
98.751996874
 31
0.0
  0
LINE
  5
2C0
100
AcDbEntity
  8
_03_2D_DRAWING_DIMENSION
100
AcDbLine
 62
7
  6
BYLAYER
 10
46.8716653453
 20
72.081996874
 30
0.0
 11
46.8716653453
 21
85.416996874
 31
0.0
  0
LINE
  5
2C1
100
AcDbEntity
  8
_03_2D_DRAWING_DIMENSION
100
AcDbLine
 62
7
  6
BYLAYER
 10
46.8716653453
 20
98.751996874
 30
0.0
 11
46.8716653453
 21
85.416996874
 31
0.0
  0
INSERT
  5
2C2
100
AcDbEntity
  8
_03_2D_DRAWING_DIMENSION
100
AcDbBlockReference
 62
7
  6
BYLAYER
  2
_FILLED
 10
46.8716653453
 20
72.081996874
 30
0.0
 41
3.5
 42
3.5
 43
3.5
 50
270.0
  0
INSERT
  5
2C3
100
AcDbEntity
  8
_03_2D_DRAWING_DIMENSION
100
AcDbBlockReference
 62
7
  6
BYLAYER
  2
_FILLED
 10
46.8716653453
 20
98.751996874
 30
0.0
 41
3.5
 42
3.5
 43
3.5
 50
90.0
  0
ENDBLK
  5
2C4
100
AcDbEntity
  8
0
  6
BYBLOCK
 62
0
100
AcDbBlockEnd
  0
BLOCK
  5
2C5
100
AcDbEntity
  8
_03_2D_DRAWING_DIMENSION
100
AcDbBlockBegin
 62
7
  6
BYLAYER
  2
*D9
 70
65
 10
0.0
 20
0.0
 30
0.0
  3
*D9
  1

  0
MTEXT
  5
2C6
100
AcDbEntity
  8
_03_2D_DRAWING_DIMENSION
100
AcDbMText
 62
7
  6
BYLAYER
  7
STANDARD
 71
2
 72
1
 10
32.7303505182
 20
82.551996874
 30
0.0
 11
0.0
 21
1.0
 31
0.0
 73
2
 44
0.9
  1
10,8{\ftxt;\W0.0001;\H0.0001;\~}{\ftxt;\W1.0;\H3.5; }[0.425]
 40
3.5
 41
24.612
  0
LINE
  5
2C7
100
AcDbEntity
  8
_03_2D_DRAWING_DIMENSION
100
AcDbLine
 62
7
  6
BYLAYER
 10
69.3230565907
 20
66.351996874
 30
0.0
 11
35.6053505182
 21
66.351996874
 31
0.0
  0
LINE
  5
2C8
100
AcDbEntity
  8
_03_2D_DRAWING_DIMENSION
100
AcDbLine
 62
7
  6
BYLAYER
 10
93.4382333779
 20
98.751996874
 30
0.0
 11
35.6053505182
 21
98.751996874
 31
0.0
  0
LINE
  5
2C9
100
AcDbEntity
  8
_03_2D_DRAWING_DIMENSION
100
AcDbLine
 62
7
  6
BYLAYER
 10
37.1053505182
 20
66.351996874
 30
0.0
 11
37.1053505182
 21
82.551996874
 31
0.0
  0
LINE
  5
2CA
100
AcDbEntity
  8
_03_2D_DRAWING_DIMENSION
100
AcDbLine
 62
7
  6
BYLAYER
 10
37.1053505182
 20
98.751996874
 30
0.0
 11
37.1053505182
 21
82.551996874
 31
0.0
  0
INSERT
  5
2CB
100
AcDbEntity
  8
_03_2D_DRAWING_DIMENSION
100
AcDbBlockReference
 62
7
  6
BYLAYER
  2
_FILLED
 10
37.1053505182
 20
66.351996874
 30
0.0
 41
3.5
 42
3.5
 43
3.5
 50
270.0
  0
INSERT
  5
2CC
100
AcDbEntity
  8
_03_2D_DRAWING_DIMENSION
100
AcDbBlockReference
 62
7
  6
BYLAYER
  2
_FILLED
 10
37.1053505182
 20
98.751996874
 30
0.0
 41
3.5
 42
3.5
 43
3.5
 50
90.0
  0
ENDBLK
  5
2CD
100
AcDbEntity
  8
0
  6
BYBLOCK
 62
0
100
AcDbBlockEnd
  0
BLOCK
  5
2CE
100
AcDbEntity
  8
_03_2D_DRAWING_DIMENSION
100
AcDbBlockBegin
 62
7
  6
BYLAYER
  2
*D10
 70
65
 10
0.0
 20
0.0
 30
0.0
  3
*D10
  1

  0
MTEXT
  5
2CF
100
AcDbEntity
  8
_03_2D_DRAWING_DIMENSION
100
AcDbMText
 62
7
  6
BYLAYER
  7
STANDARD
 71
2
 72
1
 10
82.9688320205
 20
138.436493328
 30
0.0
 11
1.0
 21
0.0
 31
0.0
 73
2
 44
0.9
  1
22{\ftxt;\W0.0001;\H0.0001;\~}{\ftxt;\W1.0;\H3.5; }[0.866]
 40
3.5
 41
21.308
  0
LINE
  5
2D0
100
AcDbEntity
  8
_03_2D_DRAWING_DIMENSION
100
AcDbLine
 62
7
  6
BYLAYER
 10
49.9688320205
 20
120.181996874
 30
0.0
 11
49.9688320205
 21
135.561493328
 31
0.0
  0
LINE
  5
2D1
100
AcDbEntity
  8
_03_2D_DRAWING_DIMENSION
100
AcDbLine
 62
7
  6
BYLAYER
 10
115.9688320205
 20
120.181996874
 30
0.0
 11
115.9688320205
 21
135.561493328
 31
0.0
  0
LINE
  5
2D2
100
AcDbEntity
  8
_03_2D_DRAWING_DIMENSION
100
AcDbLine
 62
7
  6
BYLAYER
 10
49.9688320205
 20
134.061493328
 30
0.0
 11
82.9688320205
 21
134.061493328
 31
0.0
  0
LINE
  5
2D3
100
AcDbEntity
  8
_03_2D_DRAWING_DIMENSION
100
AcDbLine
 62
7
  6
BYLAYER
 10
115.9688320205
 20
134.061493328
 30
0.0
 11
82.9688320205
 21
134.061493328
 31
0.0
  0
INSERT
  5
2D4
100
AcDbEntity
  8
_03_2D_DRAWING_DIMENSION
100
AcDbBlockReference
 62
7
  6
BYLAYER
  2
_FILLED
 10
49.9688320205
 20
134.061493328
 30
0.0
 41
3.5
 42
3.5
 43
3.5
 50
180.0
  0
INSERT
  5
2D5
100
AcDbEntity
  8
_03_2D_DRAWING_DIMENSION
100
AcDbBlockReference
 62
7
  6
BYLAYER
  2
_FILLED
 10
115.9688320205
 20
134.061493328
 30
0.0
 41
3.5
 42
3.5
 43
3.5
  0
ENDBLK
  5
2D6
100
AcDbEntity
  8
0
  6
BYBLOCK
 62
0
100
AcDbBlockEnd
  0
BLOCK
  5
2D7
100
AcDbEntity
  8
_03_2D_DRAWING_DIMENSION
100
AcDbBlockBegin
 62
7
  6
BYLAYER
  2
*D11
 70
65
 10
0.0
 20
0.0
 30
0.0
  3
*D11
  1

  0
MTEXT
  5
2D8
100
AcDbEntity
  8
_03_2D_DRAWING_DIMENSION
100
AcDbMText
 62
7
  6
BYLAYER
  7
STANDARD
 71
2
 72
1
 10
82.9688320205
 20
130.9344155354
 30
0.0
 11
1.0
 21
0.0
 31
0.0
 73
2
 44
0.9
  1
10,16{\ftxt;\W0.0001;\H0.0001;\~}{\ftxt;\W1.0;\H3.5; }[0.4]
 40
3.5
 41
22.26
  0
LINE
  5
2D9
100
AcDbEntity
  8
_03_2D_DRAWING_DIMENSION
100
AcDbLine
 62
7
  6
BYLAYER
 10
98.2088320205
 20
104.1119726761
 30
0.0
 11
98.2088320205
 21
128.0594155354
 31
0.0
  0
LINE
  5
2DA
100
AcDbEntity
  8
_03_2D_DRAWING_DIMENSION
100
AcDbLine
 62
7
  6
BYLAYER
 10
67.7288320205
 20
77.1950326107
 30
0.0
 11
67.7288320205
 21
128.0594155354
 31
0.0
  0
LINE
  5
2DB
100
AcDbEntity
  8
_03_2D_DRAWING_DIMENSION
100
AcDbLine
 62
7
  6
BYLAYER
 10
98.2088320205
 20
126.5594155354
 30
0.0
 11
82.9688320205
 21
126.5594155354
 31
0.0
  0
LINE
  5
2DC
100
AcDbEntity
  8
_03_2D_DRAWING_DIMENSION
100
AcDbLine
 62
7
  6
BYLAYER
 10
67.7288320205
 20
126.5594155354
 30
0.0
 11
82.9688320205
 21
126.5594155354
 31
0.0
  0
INSERT
  5
2DD
100
AcDbEntity
  8
_03_2D_DRAWING_DIMENSION
100
AcDbBlockReference
 62
7
  6
BYLAYER
  2
_FILLED
 10
98.2088320205
 20
126.5594155354
 30
0.0
 41
3.5
 42
3.5
 43
3.5
  0
INSERT
  5
2DE
100
AcDbEntity
  8
_03_2D_DRAWING_DIMENSION
100
AcDbBlockReference
 62
7
  6
BYLAYER
  2
_FILLED
 10
67.7288320205
 20
126.5594155354
 30
0.0
 41
3.5
 42
3.5
 43
3.5
 50
180.0
  0
ENDBLK
  5
2DF
100
AcDbEntity
  8
0
  6
BYBLOCK
 62
0
100
AcDbBlockEnd
  0
BLOCK
  5
2E0
100
AcDbEntity
  8
_03_2D_DRAWING_DIMENSION
100
AcDbBlockBegin
 62
7
  6
BYLAYER
  2
*D12
 70
65
 10
0.0
 20
0.0
 30
0.0
  3
*D12
  1

  0
MTEXT
  5
2E1
100
AcDbEntity
  8
_03_2D_DRAWING_DIMENSION
100
AcDbMText
 62
7
  6
BYLAYER
  7
TEXTSTYLE_4
 71
3
 72
1
 10
144.5211448768
 20
135.4207268558
 30
0.0
 11
0.0
 21
1.0
 31
0.0
 73
2
 44
0.9
  1
{\ftxt;\W0.0001;\H0.0001;\~}{\ftxt;\W0.8995983936;\H3.5; }{\ftxt;\W0.0001;\H0.0001;\~}\fArial Narrow;{\W0.7;4,65}{\W0.7;{\ftxt;\W0.0001;\H0.0001;\~}{\ftxt;\W1.0;\H3.5; }[}{\W0.7;0.183}{\W0.7;]}
 40
3.5
 41
41.6408915663
  0
LINE
  5
2E2
100
AcDbEntity
  8
_03_2D_DRAWING_DIMENSION
100
AcDbLine
 62
7
  6
BYLAYER
 10
99.208999416
 20
96.4270688792
 30
0.0
 11
150.3989521266
 21
96.4307545137
 31
0.0
  0
LINE
  5
2E3
100
AcDbEntity
  8
_03_2D_DRAWING_DIMENSION
100
AcDbLine
 62
7
  6
BYLAYER
 10
99.2086646198
 20
101.0770688672
 30
0.0
 11
150.3986173305
 21
101.0807545017
 31
0.0
  0
LINE
  5
2E4
100
AcDbEntity
  8
_03_2D_DRAWING_DIMENSION
100
AcDbLine
 62
7
  6
BYLAYER
 10
148.8989521305
 20
96.430646515
 30
0.0
 11
148.8993841256
 21
90.4306465305
 31
0.0
  0
LINE
  5
2E5
100
AcDbEntity
  8
_03_2D_DRAWING_DIMENSION
100
AcDbLine
 62
7
  6
BYLAYER
 10
148.8993841256
 20
90.4306465305
 30
0.0
 11
148.8987847324
 21
98.7556465089
 31
0.0
  0
LINE
  5
2E6
100
AcDbEntity
  8
_03_2D_DRAWING_DIMENSION
100
AcDbLine
 62
7
  6
BYLAYER
 10
148.8986173343
 20
101.0806465029
 30
0.0
 11
148.8961448768
 21
135.4207268558
 31
0.0
  0
LINE
  5
2E7
100
AcDbEntity
  8
_03_2D_DRAWING_DIMENSION
100
AcDbLine
 62
7
  6
BYLAYER
 10
148.8961448768
 20
135.4207268558
 30
0.0
 11
148.8987847324
 21
98.7556465089
 31
0.0
  0
INSERT
  5
2E8
100
AcDbEntity
  8
_03_2D_DRAWING_DIMENSION
100
AcDbBlockReference
 62
7
  6
BYLAYER
  2
_FILLED
 10
148.8989521305
 20
96.430646515
 30
0.0
 41
3.5
 42
3.5
 43
3.5
 50
90.004125249
  0
INSERT
  5
2E9
100
AcDbEntity
  8
_03_2D_DRAWING_DIMENSION
100
AcDbBlockReference
 62
7
  6
BYLAYER
  2
_FILLED
 10
148.8986173343
 20
101.0806465029
 30
0.0
 41
3.5
 42
3.5
 43
3.5
 50
270.004125249
  0
ENDBLK
  5
2EA
100
AcDbEntity
  8
0
  6
BYBLOCK
 62
0
100
AcDbBlockEnd
  0
BLOCK
  5
2EB
100
AcDbEntity
  8
_03_2D_DRAWING_DIMENSION
100
AcDbBlockBegin
 62
7
  6
BYLAYER
  2
*D13
 70
65
 10
0.0
 20
0.0
 30
0.0
  3
*D13
  1

  0
MTEXT
  5
2EC
100
AcDbEntity
  8
_03_2D_DRAWING_DIMENSION
100
AcDbMText
 62
7
  6
BYLAYER
  7
STANDARD
 71
1
 72
1
 10
107.7076170987
 20
83.0586619453
 30
0.0
 11
1.0
 21
0.0
 31
0.0
 73
2
 44
0.9
  1
2,155{\ftxt;\W0.0001;\H0.0001;\~}{\ftxt;\W1.0;\H3.5; }[0.0848]
 40
3.5
 41
29.316
  0
LINE
  5
2ED
100
AcDbEntity
  8
_03_2D_DRAWING_DIMENSION
100
AcDbLine
 62
7
  6
BYLAYER
 10
96.2888320205
 20
71.0911911832
 30
0.0
 11
96.2888320205
 21
80.1836619453
 31
0.0
  0
LINE
  5
2EE
100
AcDbEntity
  8
_03_2D_DRAWING_DIMENSION
100
AcDbLine
 62
7
  6
BYLAYER
 10
102.7538320205
 20
75.0937101521
 30
0.0
 11
102.7538320205
 21
80.1836619453
 31
0.0
  0
LINE
  5
2EF
100
AcDbEntity
  8
_03_2D_DRAWING_DIMENSION
100
AcDbLine
 62
7
  6
BYLAYER
 10
96.2888320205
 20
78.6836619453
 30
0.0
 11
90.2888320205
 21
78.6836619453
 31
0.0
  0
LINE
  5
2F0
100
AcDbEntity
  8
_03_2D_DRAWING_DIMENSION
100
AcDbLine
 62
7
  6
BYLAYER
 10
90.2888320205
 20
78.6836619453
 30
0.0
 11
99.5213320205
 21
78.6836619453
 31
0.0
  0
LINE
  5
2F1
100
AcDbEntity
  8
_03_2D_DRAWING_DIMENSION
100
AcDbLine
 62
7
  6
BYLAYER
 10
102.7538320205
 20
78.6836619453
 30
0.0
 11
137.0236170987
 21
78.6836619453
 31
0.0
  0
LINE
  5
2F2
100
AcDbEntity
  8
_03_2D_DRAWING_DIMENSION
100
AcDbLine
 62
7
  6
BYLAYER
 10
137.0236170987
 20
78.6836619453
 30
0.0
 11
99.5213320205
 21
78.6836619453
 31
0.0
  0
INSERT
  5
2F3
100
AcDbEntity
  8
_03_2D_DRAWING_DIMENSION
100
AcDbBlockReference
 62
7
  6
BYLAYER
  2
_FILLED
 10
96.2888320205
 20
78.6836619453
 30
0.0
 41
3.5
 42
3.5
 43
3.5
  0
INSERT
  5
2F4
100
AcDbEntity
  8
_03_2D_DRAWING_DIMENSION
100
AcDbBlockReference
 62
7
  6
BYLAYER
  2
_FILLED
 10
102.7538320205
 20
78.6836619453
 30
0.0
 41
3.5
 42
3.5
 43
3.5
 50
180.0
  0
ENDBLK
  5
2F5
100
AcDbEntity
  8
0
  6
BYBLOCK
 62
0
100
AcDbBlockEnd
  0
BLOCK
  5
2F6
100
AcDbEntity
  8
_03_2D_DRAWING_DIMENSION
100
AcDbBlockBegin
 62
7
  6
BYLAYER
  2
*D14
 70
65
 10
0.0
 20
0.0
 30
0.0
  3
*D14
  1

  0
MTEXT
  5
2F7
100
AcDbEntity
  8
_03_2D_DRAWING_DIMENSION
100
AcDbMText
 62
7
  6
BYLAYER
  7
STANDARD
 71
1
 72
1
 10
102.4138740205
 20
90.8212151368
 30
0.0
 11
1.0
 21
0.0
 31
0.0
 73
2
 44
0.9
  1
3x 2,54{\ftxt;\W0.0001;\H0.0001;\~}{\ftxt;\W1.0;\H3.5; }[0.1]
 40
3.5
 41
25.27
  0
LINE
  5
2F8
100
AcDbEntity
  8
_03_2D_DRAWING_DIMENSION
100
AcDbLine
 62
7
  6
BYLAYER
 10
96.2888320205
 20
71.0911911832
 30
0.0
 11
96.2888320205
 21
87.9462151368
 31
0.0
  0
LINE
  5
2F9
100
AcDbEntity
  8
_03_2D_DRAWING_DIMENSION
100
AcDbLine
 62
7
  6
BYLAYER
 10
88.6688320205
 20
71.0911911832
 30
0.0
 11
88.6688320205
 21
87.9462151368
 31
0.0
  0
LINE
  5
2FA
100
AcDbEntity
  8
_03_2D_DRAWING_DIMENSION
100
AcDbLine
 62
7
  6
BYLAYER
 10
96.2888320205
 20
86.4462151368
 30
0.0
 11
127.6838740205
 21
86.4462151368
 31
0.0
  0
LINE
  5
2FB
100
AcDbEntity
  8
_03_2D_DRAWING_DIMENSION
100
AcDbLine
 62
7
  6
BYLAYER
 10
127.6838740205
 20
86.4462151368
 30
0.0
 11
92.4788320205
 21
86.4462151368
 31
0.0
  0
LINE
  5
2FC
100
AcDbEntity
  8
_03_2D_DRAWING_DIMENSION
100
AcDbLine
 62
7
  6
BYLAYER
 10
88.6688320205
 20
86.4462151368
 30
0.0
 11
82.6688320205
 21
86.4462151368
 31
0.0
  0
LINE
  5
2FD
100
AcDbEntity
  8
_03_2D_DRAWING_DIMENSION
100
AcDbLine
 62
7
  6
BYLAYER
 10
82.6688320205
 20
86.4462151368
 30
0.0
 11
92.4788320205
 21
86.4462151368
 31
0.0
  0
INSERT
  5
2FE
100
AcDbEntity
  8
_03_2D_DRAWING_DIMENSION
100
AcDbBlockReference
 62
7
  6
BYLAYER
  2
_FILLED
 10
96.2888320205
 20
86.4462151368
 30
0.0
 41
3.5
 42
3.5
 43
3.5
 50
180.0
  0
INSERT
  5
2FF
100
AcDbEntity
  8
_03_2D_DRAWING_DIMENSION
100
AcDbBlockReference
 62
7
  6
BYLAYER
  2
_FILLED
 10
88.6688320205
 20
86.4462151368
 30
0.0
 41
3.5
 42
3.5
 43
3.5
  0
ENDBLK
  5
300
100
AcDbEntity
  8
0
  6
BYBLOCK
 62
0
100
AcDbBlockEnd
  0
BLOCK
  5
301
100
AcDbEntity
  8
_03_2D_DRAWING_DIMENSION
100
AcDbBlockBegin
 62
7
  6
BYLAYER
  2
*D15
 70
65
 10
0.0
 20
0.0
 30
0.0
  3
*D15
  1

  0
MTEXT
  5
302
100
AcDbEntity
  8
_03_2D_DRAWING_DIMENSION
100
AcDbMText
 62
7
  6
BYLAYER
  7
STANDARD
 71
3
 72
1
 10
59.9099835233
 20
59.5230217409
 30
0.0
 11
0.9269867983
 21
0.375093956
 31
0.0
 73
2
 44
0.9
  1
8x {\ftxt;\W0.0001;\H0.0001;\~}{\ftxt;\W0.8995983936;\H3.5; }{\ftxt;\W0.0001;\H0.0001;\~}0,8{\ftxt;\W0.0001;\H0.0001;\~}{\ftxt;\W1.0;\H3.5; }[0.032]
 40
3.5
 41
46.1558915663
  0
LINE
  5
303
100
AcDbEntity
  8
_03_2D_DRAWING_DIMENSION
100
AcDbLine
 62
7
  6
BYLAYER
 10
68.5064478618
 20
58.2818841265
 30
0.0
 11
69.6188320205
 21
58.731996874
 31
0.0
  0
LINE
  5
304
100
AcDbEntity
  8
_03_2D_DRAWING_DIMENSION
100
AcDbLine
 62
7
  6
BYLAYER
 10
69.6188320205
 20
58.731996874
 30
0.0
 11
33.0270848184
 21
43.9255905239
 31
0.0
  0
LINE
  5
305
100
AcDbEntity
  8
_03_2D_DRAWING_DIMENSION
100
AcDbLine
 62
7
  6
BYLAYER
 10
70.7312161792
 20
59.1821096216
 30
0.0
 11
69.6188320205
 21
58.731996874
 31
0.0
  0
LINE
  5
306
100
AcDbEntity
  8
_03_2D_DRAWING_DIMENSION
100
AcDbLine
 62
7
  6
BYLAYER
 10
69.6188320205
 20
58.731996874
 30
0.0
 11
76.293136968
 21
61.4326733575
 31
0.0
  0
INSERT
  5
307
100
AcDbEntity
  8
_03_2D_DRAWING_DIMENSION
100
AcDbBlockReference
 62
7
  6
BYLAYER
  2
_FILLED
 10
68.5064478626
 20
58.2818841268
 30
0.0
 41
3.5
 42
3.5
 43
3.5
 50
22.0303653086
  0
INSERT
  5
308
100
AcDbEntity
  8
_03_2D_DRAWING_DIMENSION
100
AcDbBlockReference
 62
7
  6
BYLAYER
  2
_FILLED
 10
70.7312161784
 20
59.1821096213
 30
0.0
 41
3.5
 42
3.5
 43
3.5
 50
202.0303653086
  0
ENDBLK
  5
309
100
AcDbEntity
  8
0
  6
BYBLOCK
 62
0
100
AcDbBlockEnd
  0
BLOCK
  5
30A
100
AcDbEntity
  8
_03_2D_DRAWING_DIMENSION
100
AcDbBlockBegin
 62
7
  6
BYLAYER
  2
*D16
 70
65
 10
0.0
 20
0.0
 30
0.0
  3
*D16
  1

  0
MTEXT
  5
30B
100
AcDbEntity
  8
_03_2D_DRAWING_DIMENSION
100
AcDbMText
 62
7
  6
BYLAYER
  7
STANDARD
 71
3
 72
1
 10
79.2748527724
 20
42.9007069808
 30
0.0
 11
1.0
 21
0.0
 31
0.0
 73
2
 44
0.9
  1
3x 2,54{\ftxt;\W0.0001;\H0.0001;\~}{\ftxt;\W1.0;\H3.5; }[0.1]
 40
3.5
 41
25.27
  0
LINE
  5
30C
100
AcDbEntity
  8
_03_2D_DRAWING_DIMENSION
100
AcDbLine
 62
7
  6
BYLAYER
 10
84.8588320205
 20
53.4813672048
 30
0.0
 11
84.8588320205
 21
37.0257069808
 31
0.0
  0
LINE
  5
30D
100
AcDbEntity
  8
_03_2D_DRAWING_DIMENSION
100
AcDbLine
 62
7
  6
BYLAYER
 10
92.4788320205
 20
53.581430179
 30
0.0
 11
92.4788320205
 21
37.0257069808
 31
0.0
  0
LINE
  5
30E
100
AcDbEntity
  8
_03_2D_DRAWING_DIMENSION
100
AcDbLine
 62
7
  6
BYLAYER
 10
84.8588320205
 20
38.5257069808
 30
0.0
 11
88.6688320205
 21
38.5257069808
 31
0.0
  0
LINE
  5
30F
100
AcDbEntity
  8
_03_2D_DRAWING_DIMENSION
100
AcDbLine
 62
7
  6
BYLAYER
 10
88.6688320205
 20
38.5257069808
 30
0.0
 11
54.0048527724
 21
38.5257069808
 31
0.0
  0
LINE
  5
310
100
AcDbEntity
  8
_03_2D_DRAWING_DIMENSION
100
AcDbLine
 62
7
  6
BYLAYER
 10
92.4788320205
 20
38.5257069808
 30
0.0
 11
88.6688320205
 21
38.5257069808
 31
0.0
  0
INSERT
  5
311
100
AcDbEntity
  8
_03_2D_DRAWING_DIMENSION
100
AcDbBlockReference
 62
7
  6
BYLAYER
  2
_FILLED
 10
84.8588320205
 20
38.5257069808
 30
0.0
 41
3.5
 42
3.5
 43
3.5
 50
180.0
  0
INSERT
  5
312
100
AcDbEntity
  8
_03_2D_DRAWING_DIMENSION
100
AcDbBlockReference
 62
7
  6
BYLAYER
  2
_FILLED
 10
92.4788320205
 20
38.5257069808
 30
0.0
 41
3.5
 42
3.5
 43
3.5
  0
ENDBLK
  5
313
100
AcDbEntity
  8
0
  6
BYBLOCK
 62
0
100
AcDbBlockEnd
  0
BLOCK
  5
314
100
AcDbEntity
  8
_03_2D_DRAWING_DIMENSION
100
AcDbBlockBegin
 62
7
  6
BYLAYER
  2
*D17
 70
65
 10
0.0
 20
0.0
 30
0.0
  3
*D17
  1

  0
MTEXT
  5
315
100
AcDbEntity
  8
_03_2D_DRAWING_DIMENSION
100
AcDbMText
 62
7
  6
BYLAYER
  7
STANDARD
 71
3
 72
1
 10
76.8838990135
 20
33.278794924
 30
0.0
 11
1.0
 21
0.0
 31
0.0
 73
2
 44
0.9
  1
4,44{\ftxt;\W0.0001;\H0.0001;\~}{\ftxt;\W1.0;\H3.5; }[0.175]
 40
3.5
 41
24.612
  0
LINE
  5
316
100
AcDbEntity
  8
_03_2D_DRAWING_DIMENSION
100
AcDbLine
 62
7
  6
BYLAYER
 10
82.9690545582
 20
45.5126515032
 30
0.0
 11
82.9730841598
 21
27.4051499601
 31
0.0
  0
LINE
  5
317
100
AcDbEntity
  8
_03_2D_DRAWING_DIMENSION
100
AcDbLine
 62
7
  6
BYLAYER
 10
96.2890545582
 20
61.6865311157
 30
0.0
 11
96.2966827979
 21
27.408114963
 31
0.0
  0
LINE
  5
318
100
AcDbEntity
  8
_03_2D_DRAWING_DIMENSION
100
AcDbLine
 62
7
  6
BYLAYER
 10
82.9727503533
 20
28.905149923
 30
0.0
 11
89.6345496723
 21
28.9066324244
 31
0.0
  0
LINE
  5
319
100
AcDbEntity
  8
_03_2D_DRAWING_DIMENSION
100
AcDbLine
 62
7
  6
BYLAYER
 10
89.6345496723
 20
28.9066324244
 30
0.0
 11
52.2718990135
 21
28.903794924
 31
0.0
  0
LINE
  5
31A
100
AcDbEntity
  8
_03_2D_DRAWING_DIMENSION
100
AcDbLine
 62
7
  6
BYLAYER
 10
96.2963489914
 20
28.9081149259
 30
0.0
 11
89.6345496723
 21
28.9066324244
 31
0.0
  0
INSERT
  5
31B
100
AcDbEntity
  8
_03_2D_DRAWING_DIMENSION
100
AcDbBlockReference
 62
7
  6
BYLAYER
  2
_FILLED
 10
82.9727503533
 20
28.905149923
 30
0.0
 41
3.5
 42
3.5
 43
3.5
 50
180.0127504705
  0
INSERT
  5
31C
100
AcDbEntity
  8
_03_2D_DRAWING_DIMENSION
100
AcDbBlockReference
 62
7
  6
BYLAYER
  2
_FILLED
 10
96.2963489914
 20
28.9081149259
 30
0.0
 41
3.5
 42
3.5
 43
3.5
 50
0.0127504705
  0
ENDBLK
  5
31D
100
AcDbEntity
  8
0
  6
BYBLOCK
 62
0
100
AcDbBlockEnd
  0
BLOCK
  5
31E
100
AcDbEntity
  8
_03_2D_DRAWING_DIMENSION
100
AcDbBlockBegin
 62
7
  6
BYLAYER
  2
*D18
 70
65
 10
0.0
 20
0.0
 30
0.0
  3
*D18
  1

  0
MTEXT
  5
31F
100
AcDbEntity
  8
_03_2D_DRAWING_DIMENSION
100
AcDbMText
 62
7
  6
BYLAYER
  7
STANDARD
 71
1
 72
1
 10
100.7409912121
 20
49.8330502432
 30
0.0
 11
1.0
 21
0.0
 31
0.0
 73
2
 44
0.9
  1
1,27{\ftxt;\W0.0001;\H0.0001;\~}{\ftxt;\W1.0;\H3.5; }[0.05]
 40
3.5
 41
22.26
  0
LINE
  5
320
100
AcDbEntity
  8
_03_2D_DRAWING_DIMENSION
100
AcDbLine
 62
7
  6
BYLAYER
 10
96.2888320205
 20
61.6865310909
 30
0.0
 11
96.2888320205
 21
43.9580502432
 31
0.0
  0
LINE
  5
321
100
AcDbEntity
  8
_03_2D_DRAWING_DIMENSION
100
AcDbLine
 62
7
  6
BYLAYER
 10
92.4788320205
 20
53.581430179
 30
0.0
 11
92.4788320205
 21
43.9580502432
 31
0.0
  0
LINE
  5
322
100
AcDbEntity
  8
_03_2D_DRAWING_DIMENSION
100
AcDbLine
 62
7
  6
BYLAYER
 10
96.2888320205
 20
45.4580502432
 30
0.0
 11
123.0009912121
 21
45.4580502432
 31
0.0
  0
LINE
  5
323
100
AcDbEntity
  8
_03_2D_DRAWING_DIMENSION
100
AcDbLine
 62
7
  6
BYLAYER
 10
123.0009912121
 20
45.4580502432
 30
0.0
 11
94.3838320205
 21
45.4580502432
 31
0.0
  0
LINE
  5
324
100
AcDbEntity
  8
_03_2D_DRAWING_DIMENSION
100
AcDbLine
 62
7
  6
BYLAYER
 10
92.4788320205
 20
45.4580502432
 30
0.0
 11
86.4788320205
 21
45.4580502432
 31
0.0
  0
LINE
  5
325
100
AcDbEntity
  8
_03_2D_DRAWING_DIMENSION
100
AcDbLine
 62
7
  6
BYLAYER
 10
86.4788320205
 20
45.4580502432
 30
0.0
 11
94.3838320205
 21
45.4580502432
 31
0.0
  0
INSERT
  5
326
100
AcDbEntity
  8
_03_2D_DRAWING_DIMENSION
100
AcDbBlockReference
 62
7
  6
BYLAYER
  2
_FILLED
 10
96.2888320205
 20
45.4580502432
 30
0.0
 41
3.5
 42
3.5
 43
3.5
 50
180.0
  0
INSERT
  5
327
100
AcDbEntity
  8
_03_2D_DRAWING_DIMENSION
100
AcDbBlockReference
 62
7
  6
BYLAYER
  2
_FILLED
 10
92.4788320205
 20
45.4580502432
 30
0.0
 41
3.5
 42
3.5
 43
3.5
  0
ENDBLK
  5
328
100
AcDbEntity
  8
0
  6
BYBLOCK
 62
0
100
AcDbBlockEnd
  0
BLOCK
  5
329
100
AcDbEntity
  8
_03_2D_DRAWING_DIMENSION
100
AcDbBlockBegin
 62
7
  6
BYLAYER
  2
*D19
 70
65
 10
0.0
 20
0.0
 30
0.0
  3
*D19
  1

  0
MTEXT
  5
32A
100
AcDbEntity
  8
_03_2D_DRAWING_DIMENSION
100
AcDbMText
 62
7
  6
BYLAYER
  7
TEXTSTYLE_4
 71
1
 72
1
 10
111.0111910151
 20
25.5082965639
 30
0.0
 11
1.0
 21
0.0
 31
0.0
 73
2
 44
0.9
  1
{\ftxt;\W0.0001;\H0.0001;\~}{\ftxt;\W0.8995983936;\H3.5; }{\ftxt;\W0.0001;\H0.0001;\~}\fArial Narrow;{\W0.7;0,9}{\W0.7;{\ftxt;\W0.0001;\H0.0001;\~}{\ftxt;\W1.0;\H3.5; }[}{\W0.7;0.035}{\W0.7;]}{\W0.7;  (Gnd)}
 40
3.5
 41
56.5088915663
  0
LINE
  5
32B
100
AcDbEntity
  8
_03_2D_DRAWING_DIMENSION
100
AcDbLine
 62
7
  6
BYLAYER
 10
101.4029101859
 20
69.1632425515
 30
0.0
 11
101.3857661205
 21
50.5770632062
 31
0.0
  0
LINE
  5
32C
100
AcDbEntity
  8
_03_2D_DRAWING_DIMENSION
100
AcDbLine
 62
7
  6
BYLAYER
 10
101.3801592933
 20
44.498604378
 30
0.0
 11
101.3572315145
 21
19.6422008282
 31
0.0
  0
LINE
  5
32D
100
AcDbEntity
  8
_03_2D_DRAWING_DIMENSION
100
AcDbLine
 62
7
  6
BYLAYER
 10
104.1029090372
 20
69.1607520474
 30
0.0
 11
104.0857674764
 21
50.577287958
 31
0.0
  0
LINE
  5
32E
100
AcDbEntity
  8
_03_2D_DRAWING_DIMENSION
100
AcDbLine
 62
7
  6
BYLAYER
 10
104.0801960424
 20
44.5371994828
 30
0.0
 11
104.0572303659
 21
19.639710324
 31
0.0
  0
LINE
  5
32F
100
AcDbEntity
  8
_03_2D_DRAWING_DIMENSION
100
AcDbLine
 62
7
  6
BYLAYER
 10
101.3586151279
 20
21.14220019
 30
0.0
 11
95.3586176804
 21
21.1477346437
 31
0.0
  0
LINE
  5
330
100
AcDbEntity
  8
_03_2D_DRAWING_DIMENSION
100
AcDbLine
 62
7
  6
BYLAYER
 10
95.3586176804
 20
21.1477346437
 30
0.0
 11
102.7086145536
 21
21.140954938
 31
0.0
  0
LINE
  5
331
100
AcDbEntity
  8
_03_2D_DRAWING_DIMENSION
100
AcDbLine
 62
7
  6
BYLAYER
 10
104.0586139793
 20
21.1397096859
 30
0.0
 11
148.6837853926
 21
21.1332965639
 31
0.0
  0
LINE
  5
332
100
AcDbEntity
  8
_03_2D_DRAWING_DIMENSION
100
AcDbLine
 62
7
  6
BYLAYER
 10
148.6837853926
 20
21.1332965639
 30
0.0
 11
102.7086145536
 21
21.140954938
 31
0.0
  0
INSERT
  5
333
100
AcDbEntity
  8
_03_2D_DRAWING_DIMENSION
100
AcDbBlockReference
 62
7
  6
BYLAYER
  2
_FILLED
 10
101.3586151279
 20
21.14220019
 30
0.0
 41
3.5
 42
3.5
 43
3.5
 50
359.9471498529
  0
INSERT
  5
334
100
AcDbEntity
  8
_03_2D_DRAWING_DIMENSION
100
AcDbBlockReference
 62
7
  6
BYLAYER
  2
_FILLED
 10
104.0586139793
 20
21.1397096859
 30
0.0
 41
3.5
 42
3.5
 43
3.5
 50
179.991765974
  0
ENDBLK
  5
335
100
AcDbEntity
  8
0
  6
BYBLOCK
 62
0
100
AcDbBlockEnd
  0
BLOCK
  5
336
100
AcDbEntity
  8
_03_2D_DRAWING_DIMENSION
100
AcDbBlockBegin
 62
7
  6
BYLAYER
  2
*D20
 70
65
 10
0.0
 20
0.0
 30
0.0
  3
*D20
  1

  0
MTEXT
  5
337
100
AcDbEntity
  8
_03_2D_DRAWING_DIMENSION
100
AcDbMText
 62
7
  6
BYLAYER
  7
STANDARD
 71
3
 72
1
 10
142.5490044958
 20
53.0801374982
 30
0.0
 11
0.0
 21
1.0
 31
0.0
 73
2
 44
0.9
  1
2,54{\ftxt;\W0.0001;\H0.0001;\~}{\ftxt;\W1.0;\H3.5; }[0.1]
 40
3.5
 41
19.908
  0
LINE
  5
338
100
AcDbEntity
  8
_03_2D_DRAWING_DIMENSION
100
AcDbLine
 62
7
  6
BYLAYER
 10
99.4407523467
 20
66.351996874
 30
0.0
 11
148.4240044958
 21
66.351996874
 31
0.0
  0
LINE
  5
339
100
AcDbEntity
  8
_03_2D_DRAWING_DIMENSION
100
AcDbLine
 62
7
  6
BYLAYER
 10
96.9391779912
 20
58.731996874
 30
0.0
 11
148.4240044958
 21
58.731996874
 31
0.0
  0
LINE
  5
33A
100
AcDbEntity
  8
_03_2D_DRAWING_DIMENSION
100
AcDbLine
 62
7
  6
BYLAYER
 10
146.9240044958
 20
66.351996874
 30
0.0
 11
146.9240044958
 21
72.351996874
 31
0.0
  0
LINE
  5
33B
100
AcDbEntity
  8
_03_2D_DRAWING_DIMENSION
100
AcDbLine
 62
7
  6
BYLAYER
 10
146.9240044958
 20
72.351996874
 30
0.0
 11
146.9240044958
 21
62.541996874
 31
0.0
  0
LINE
  5
33C
100
AcDbEntity
  8
_03_2D_DRAWING_DIMENSION
100
AcDbLine
 62
7
  6
BYLAYER
 10
146.9240044958
 20
58.731996874
 30
0.0
 11
146.9240044958
 21
33.1721374982
 31
0.0
  0
LINE
  5
33D
100
AcDbEntity
  8
_03_2D_DRAWING_DIMENSION
100
AcDbLine
 62
7
  6
BYLAYER
 10
146.9240044958
 20
33.1721374982
 30
0.0
 11
146.9240044958
 21
62.541996874
 31
0.0
  0
INSERT
  5
33E
100
AcDbEntity
  8
_03_2D_DRAWING_DIMENSION
100
AcDbBlockReference
 62
7
  6
BYLAYER
  2
_FILLED
 10
146.9240044958
 20
66.351996874
 30
0.0
 41
3.5
 42
3.5
 43
3.5
 50
270.0
  0
INSERT
  5
33F
100
AcDbEntity
  8
_03_2D_DRAWING_DIMENSION
100
AcDbBlockReference
 62
7
  6
BYLAYER
  2
_FILLED
 10
146.9240044958
 20
58.731996874
 30
0.0
 41
3.5
 42
3.5
 43
3.5
 50
90.0
  0
ENDBLK
  5
340
100
AcDbEntity
  8
0
  6
BYBLOCK
 62
0
100
AcDbBlockEnd
  0
BLOCK
  5
341
100
AcDbEntity
  8
_03_2D_DRAWING_DIMENSION
100
AcDbBlockBegin
 62
7
  6
BYLAYER
  2
*D21
 70
65
 10
0.0
 20
0.0
 30
0.0
  3
*D21
  1

  0
MTEXT
  5
342
100
AcDbEntity
  8
_03_2D_DRAWING_DIMENSION
100
AcDbMText
 62
7
  6
BYLAYER
  7
STANDARD
 71
3
 72
1
 10
154.2777279001
 20
59.7683110372
 30
0.0
 11
0.0
 21
1.0
 31
0.0
 73
2
 44
0.9
  1
3,81{\ftxt;\W0.0001;\H0.0001;\~}{\ftxt;\W1.0;\H3.5; }[0.15]
 40
3.5
 41
22.26
  0
LINE
  5
343
100
AcDbEntity
  8
_03_2D_DRAWING_DIMENSION
100
AcDbLine
 62
7
  6
BYLAYER
 10
108.5464830008
 20
70.161996874
 30
0.0
 11
145.6824107084
 21
70.161996874
 31
0.0
  0
LINE
  5
344
100
AcDbEntity
  8
_03_2D_DRAWING_DIMENSION
100
AcDbLine
 62
7
  6
BYLAYER
 10
148.1673173751
 20
70.161996874
 30
0.0
 11
160.1527279001
 21
70.161996874
 31
0.0
  0
LINE
  5
345
100
AcDbEntity
  8
_03_2D_DRAWING_DIMENSION
100
AcDbLine
 62
7
  6
BYLAYER
 10
99.4407523467
 20
66.351996874
 30
0.0
 11
160.1527279001
 21
66.351996874
 31
0.0
  0
LINE
  5
346
100
AcDbEntity
  8
_03_2D_DRAWING_DIMENSION
100
AcDbLine
 62
7
  6
BYLAYER
 10
158.6527279001
 20
70.161996874
 30
0.0
 11
158.6527279001
 21
76.161996874
 31
0.0
  0
LINE
  5
347
100
AcDbEntity
  8
_03_2D_DRAWING_DIMENSION
100
AcDbLine
 62
7
  6
BYLAYER
 10
158.6527279001
 20
76.161996874
 30
0.0
 11
158.6527279001
 21
68.256996874
 31
0.0
  0
LINE
  5
348
100
AcDbEntity
  8
_03_2D_DRAWING_DIMENSION
100
AcDbLine
 62
7
  6
BYLAYER
 10
158.6527279001
 20
66.351996874
 30
0.0
 11
158.6527279001
 21
37.5083110372
 31
0.0
  0
LINE
  5
349
100
AcDbEntity
  8
_03_2D_DRAWING_DIMENSION
100
AcDbLine
 62
7
  6
BYLAYER
 10
158.6527279001
 20
37.5083110372
 30
0.0
 11
158.6527279001
 21
68.256996874
 31
0.0
  0
INSERT
  5
34A
100
AcDbEntity
  8
_03_2D_DRAWING_DIMENSION
100
AcDbBlockReference
 62
7
  6
BYLAYER
  2
_FILLED
 10
158.6527279001
 20
70.161996874
 30
0.0
 41
3.5
 42
3.5
 43
3.5
 50
270.0
  0
INSERT
  5
34B
100
AcDbEntity
  8
_03_2D_DRAWING_DIMENSION
100
AcDbBlockReference
 62
7
  6
BYLAYER
  2
_FILLED
 10
158.6527279001
 20
66.351996874
 30
0.0
 41
3.5
 42
3.5
 43
3.5
 50
90.0
  0
ENDBLK
  5
34C
100
AcDbEntity
  8
0
  6
BYBLOCK
 62
0
100
AcDbBlockEnd
  0
BLOCK
  5
34D
100
AcDbEntity
  8
_03_2D_DRAWING_DIMENSION
100
AcDbBlockBegin
 62
7
  6
BYLAYER
  2
*D22
 70
65
 10
0.0
 20
0.0
 30
0.0
  3
*D22
  1

  0
MTEXT
  5
34E
100
AcDbEntity
  8
_03_2D_DRAWING_DIMENSION
100
AcDbMText
 62
7
  6
BYLAYER
  7
STANDARD
 71
2
 72
1
 10
234.393405605
 20
95.0457597153
 30
0.0
 11
0.9356278505
 21
0.352987996
 31
0.0
 73
2
 44
0.9
  1
>={\ftxt;\W0.0001;\H0.0001;\~}{\ftxt;\W0.8995983936;\H3.5; }{\ftxt;\W0.0001;\H0.0001;\~}22{\ftxt;\W0.0001;\H0.0001;\~}{\ftxt;\W1.0;\H3.5; }[0.866]
 40
3.5
 41
44.1608915663
  0
LINE
  5
34F
100
AcDbEntity
  8
_03_2D_DRAWING_DIMENSION
100
AcDbLine
 62
7
  6
BYLAYER
 10
205.0620090201
 20
79.3037840013
 30
0.0
 11
235.9377280875
 21
90.9523878692
 31
0.0
  0
LINE
  5
350
100
AcDbEntity
  8
_03_2D_DRAWING_DIMENSION
100
AcDbLine
 62
7
  6
BYLAYER
 10
266.8134471549
 20
102.6009917371
 30
0.0
 11
235.9377280875
 21
90.9523878692
 31
0.0
  0
INSERT
  5
351
100
AcDbEntity
  8
_03_2D_DRAWING_DIMENSION
100
AcDbBlockReference
 62
7
  6
BYLAYER
  2
_FILLED
 10
205.0620090201
 20
79.3037840013
 30
0.0
 41
3.5
 42
3.5
 43
3.5
 50
200.6701835907
  0
INSERT
  5
352
100
AcDbEntity
  8
_03_2D_DRAWING_DIMENSION
100
AcDbBlockReference
 62
7
  6
BYLAYER
  2
_FILLED
 10
266.8134471549
 20
102.6009917371
 30
0.0
 41
3.5
 42
3.5
 43
3.5
 50
20.6701835907
  0
ENDBLK
  5
353
100
AcDbEntity
  8
0
  6
BYBLOCK
 62
0
100
AcDbBlockEnd
  0
BLOCK
  5
354
100
AcDbEntity
  8
_03_2D_DRAWING_DIMENSION
100
AcDbBlockBegin
 62
7
  6
BYLAYER
  2
*D23
 70
65
 10
0.0
 20
0.0
 30
0.0
  3
*D23
  1

  0
MTEXT
  5
355
100
AcDbEntity
  8
_03_2D_DRAWING_DIMENSION
100
AcDbMText
 62
7
  6
BYLAYER
  7
STANDARD
 71
2
 72
1
 10
235.9377280875
 20
138.112386492
 30
0.0
 11
1.0
 21
0.0
 31
0.0
 73
2
 44
0.9
  3
19,8{\ftxt;\W0.0001;\H0.0001;\~}{\ftxt;\W0.6987951807;\H2.45; }{\ftxt;\W0.0001;\H0.0001;\~}\H2.45;0,1\H3.5;{\ftxt;\W0.0001;\H0.0001;\~}{\ftxt;\W1.0111874208;\H3.5; }[0.78{\ftxt;\W0.0001;\H0.0001;\~}{\ftxt;\W0.6987951807;\H2.45; }{\ftxt;\W0.0001;\H0.0
  1
001;\~}\H2.45;0.003\H3.5;{\ftxt;\W0.0001;\H0.0001;\~}{\ftxt;\W0.15;\H3.5; }]
 40
3.5
 41
55.3429445783
  0
LINE
  5
356
100
AcDbEntity
  8
_03_2D_DRAWING_DIMENSION
100
AcDbLine
 62
7
  6
BYLAYER
 10
265.6377280875
 20
127.4372227499
 30
0.0
 11
265.6377280875
 21
135.237386492
 31
0.0
  0
LINE
  5
357
100
AcDbEntity
  8
_03_2D_DRAWING_DIMENSION
100
AcDbLine
 62
7
  6
BYLAYER
 10
206.2377280875
 20
68.2732867147
 30
0.0
 11
206.2377280875
 21
135.237386492
 31
0.0
  0
LINE
  5
358
100
AcDbEntity
  8
_03_2D_DRAWING_DIMENSION
100
AcDbLine
 62
7
  6
BYLAYER
 10
265.6377280875
 20
133.737386492
 30
0.0
 11
235.9377280875
 21
133.737386492
 31
0.0
  0
LINE
  5
359
100
AcDbEntity
  8
_03_2D_DRAWING_DIMENSION
100
AcDbLine
 62
7
  6
BYLAYER
 10
206.2377280875
 20
133.737386492
 30
0.0
 11
235.9377280875
 21
133.737386492
 31
0.0
  0
INSERT
  5
35A
100
AcDbEntity
  8
_03_2D_DRAWING_DIMENSION
100
AcDbBlockReference
 62
7
  6
BYLAYER
  2
_FILLED
 10
265.6377280875
 20
133.737386492
 30
0.0
 41
3.5
 42
3.5
 43
3.5
  0
INSERT
  5
35B
100
AcDbEntity
  8
_03_2D_DRAWING_DIMENSION
100
AcDbBlockReference
 62
7
  6
BYLAYER
  2
_FILLED
 10
206.2377280875
 20
133.737386492
 30
0.0
 41
3.5
 42
3.5
 43
3.5
 50
180.0
  0
ENDBLK
  5
35C
100
AcDbEntity
  8
0
  6
BYBLOCK
 62
0
100
AcDbBlockEnd
  0
BLOCK
  5
35D
100
AcDbEntity
  8
_03_2D_DRAWING_DIMENSION
100
AcDbBlockBegin
 62
7
  6
BYLAYER
  2
*D24
 70
65
 10
0.0
 20
0.0
 30
0.0
  3
*D24
  1

  0
MTEXT
  5
35E
100
AcDbEntity
  8
_03_2D_DRAWING_DIMENSION
100
AcDbMText
 62
7
  6
BYLAYER
  7
STANDARD
 71
2
 72
1
 10
182.8665214991
 20
90.9523878692
 30
0.0
 11
0.0
 21
1.0
 31
0.0
 73
2
 44
0.9
  3
19,8{\ftxt;\W0.0001;\H0.0001;\~}{\ftxt;\W0.6987951807;\H2.45; }{\ftxt;\W0.0001;\H0.0001;\~}\H2.45;0,1\H3.5;{\ftxt;\W0.0001;\H0.0001;\~}{\ftxt;\W1.0111874208;\H3.5; }[0.78{\ftxt;\W0.0001;\H0.0001;\~}{\ftxt;\W0.6987951807;\H2.45; }{\ftxt;\W0.0001;\H0.0
  1
001;\~}\H2.45;0.003\H3.5;{\ftxt;\W0.0001;\H0.0001;\~}{\ftxt;\W0.15;\H3.5; }]
 40
3.5
 41
55.3429445783
  0
LINE
  5
35F
100
AcDbEntity
  8
_03_2D_DRAWING_DIMENSION
100
AcDbLine
 62
7
  6
BYLAYER
 10
197.7005044913
 20
61.2523878692
 30
0.0
 11
185.7415214991
 21
61.2523878692
 31
0.0
  0
LINE
  5
360
100
AcDbEntity
  8
_03_2D_DRAWING_DIMENSION
100
AcDbLine
 62
7
  6
BYLAYER
 10
258.5628594585
 20
120.6523878692
 30
0.0
 11
185.7415214991
 21
120.6523878692
 31
0.0
  0
LINE
  5
361
100
AcDbEntity
  8
_03_2D_DRAWING_DIMENSION
100
AcDbLine
 62
7
  6
BYLAYER
 10
187.2415214991
 20
61.2523878692
 30
0.0
 11
187.2415214991
 21
90.9523878692
 31
0.0
  0
LINE
  5
362
100
AcDbEntity
  8
_03_2D_DRAWING_DIMENSION
100
AcDbLine
 62
7
  6
BYLAYER
 10
187.2415214991
 20
120.6523878692
 30
0.0
 11
187.2415214991
 21
90.9523878692
 31
0.0
  0
INSERT
  5
363
100
AcDbEntity
  8
_03_2D_DRAWING_DIMENSION
100
AcDbBlockReference
 62
7
  6
BYLAYER
  2
_FILLED
 10
187.2415214991
 20
61.2523878692
 30
0.0
 41
3.5
 42
3.5
 43
3.5
 50
270.0
  0
INSERT
  5
364
100
AcDbEntity
  8
_03_2D_DRAWING_DIMENSION
100
AcDbBlockReference
 62
7
  6
BYLAYER
  2
_FILLED
 10
187.2415214991
 20
120.6523878692
 30
0.0
 41
3.5
 42
3.5
 43
3.5
 50
90.0
  0
ENDBLK
  5
365
100
AcDbEntity
  8
0
  6
BYBLOCK
 62
0
100
AcDbBlockEnd
  0
BLOCK
  5
366
100
AcDbEntity
  8
_03_2D_DRAWING_DIMENSION
100
AcDbBlockBegin
 62
7
  6
BYLAYER
  2
*D25
 70
65
 10
0.0
 20
0.0
 30
0.0
  3
*D25
  1

  0
MTEXT
  5
367
100
AcDbEntity
  8
_03_2D_DRAWING_DIMENSION
100
AcDbMText
 62
7
  6
BYLAYER
  7
STANDARD
 71
1
 72
1
 10
276.4804581999
 20
130.463291719
 30
0.0
 11
0.9082844166
 21
0.4183532222
 31
0.0
 73
2
 44
0.9
  1
2x >={\ftxt;\W0.0001;\H0.0001;\~}{\ftxt;\W0.8995983936;\H3.5; }{\ftxt;\W0.0001;\H0.0001;\~}3,2{\ftxt;\W0.0001;\H0.0001;\~}{\ftxt;\W1.0;\H3.5; }[0.126]
 40
3.5
 41
53.6318915663
  0
LINE
  5
368
100
AcDbEntity
  8
_03_2D_DRAWING_DIMENSION
100
AcDbLine
 62
7
  6
BYLAYER
 10
269.997493288
 20
122.660483336
 30
0.0
 11
265.6377280875
 21
120.6523878692
 31
0.0
  0
LINE
  5
369
100
AcDbEntity
  8
_03_2D_DRAWING_DIMENSION
100
AcDbLine
 62
7
  6
BYLAYER
 10
265.6377280875
 20
120.6523878692
 30
0.0
 11
310.7860944429
 21
141.447597162
 31
0.0
  0
LINE
  5
36A
100
AcDbEntity
  8
_03_2D_DRAWING_DIMENSION
100
AcDbLine
 62
7
  6
BYLAYER
 10
261.2779628869
 20
118.6442924024
 30
0.0
 11
265.6377280875
 21
120.6523878692
 31
0.0
  0
LINE
  5
36B
100
AcDbEntity
  8
_03_2D_DRAWING_DIMENSION
100
AcDbLine
 62
7
  6
BYLAYER
 10
265.6377280875
 20
120.6523878692
 30
0.0
 11
255.8282563879
 21
116.1341730696
 31
0.0
  0
INSERT
  5
36C
100
AcDbEntity
  8
_03_2D_DRAWING_DIMENSION
100
AcDbBlockReference
 62
7
  6
BYLAYER
  2
_FILLED
 10
269.9974932873
 20
122.6604833357
 30
0.0
 41
3.5
 42
3.5
 43
3.5
 50
204.7301874194
  0
INSERT
  5
36D
100
AcDbEntity
  8
_03_2D_DRAWING_DIMENSION
100
AcDbBlockReference
 62
7
  6
BYLAYER
  2
_FILLED
 10
261.2779628877
 20
118.6442924027
 30
0.0
 41
3.5
 42
3.5
 43
3.5
 50
24.7301874194
  0
ENDBLK
  5
36E
100
AcDbEntity
  8
0
  6
BYBLOCK
 62
0
100
AcDbBlockEnd
  0
BLOCK
  5
36F
100
AcDbEntity
  8
0
100
AcDbBlockBegin
  2
*T1
 70
1
 10
0.0
 20
0.0
 30
0.0
  3
*T1
  1

  0
LINE
  5
370
100
AcDbEntity
  8
0
100
AcDbLine
 62
7
  6
BYLAYER
 10
0.0
 20
0.0
 30
0.0
 11
138.6
 21
0.0
 31
0.0
  0
LINE
  5
371
100
AcDbEntity
  8
0
100
AcDbLine
 62
7
  6
BYLAYER
 10
0.0
 20
0.0
 30
0.0
 11
0.0
 21
-38.85
 31
0.0
  0
LINE
  5
372
100
AcDbEntity
  8
0
100
AcDbLine
 62
7
  6
BYLAYER
 10
0.0
 20
-8.0
 30
0.0
 11
138.6
 21
-8.0
 31
0.0
  0
LINE
  5
373
100
AcDbEntity
  8
0
100
AcDbLine
 62
7
  6
BYLAYER
 10
0.0
 20
-14.0
 30
0.0
 11
138.6
 21
-14.0
 31
0.0
  0
LINE
  5
374
100
AcDbEntity
  8
0
100
AcDbLine
 62
7
  6
BYLAYER
 10
69.3
 20
-20.0
 30
0.0
 11
138.6
 21
-20.0
 31
0.0
  0
LINE
  5
375
100
AcDbEntity
  8
0
100
AcDbLine
 62
7
  6
BYLAYER
 10
69.3
 20
-23.0
 30
0.0
 11
138.6
 21
-23.0
 31
0.0
  0
LINE
  5
376
100
AcDbEntity
  8
0
100
AcDbLine
 62
7
  6
BYLAYER
 10
0.0
 20
-29.0
 30
0.0
 11
138.6
 21
-29.0
 31
0.0
  0
LINE
  5
377
100
AcDbEntity
  8
0
100
AcDbLine
 62
7
  6
BYLAYER
 10
0.0
 20
-32.0
 30
0.0
 11
115.5
 21
-32.0
 31
0.0
  0
LINE
  5
378
100
AcDbEntity
  8
0
100
AcDbLine
 62
7
  6
BYLAYER
 10
0.0
 20
-38.85
 30
0.0
 11
138.6
 21
-38.85
 31
0.0
  0
LINE
  5
379
100
AcDbEntity
  8
0
100
AcDbLine
 62
7
  6
BYLAYER
 10
23.1
 20
0.0
 30
0.0
 11
23.1
 21
-8.0
 31
0.0
  0
LINE
  5
37A
100
AcDbEntity
  8
0
100
AcDbLine
 62
7
  6
BYLAYER
 10
46.2
 20
0.0
 30
0.0
 11
46.2
 21
-8.0
 31
0.0
  0
LINE
  5
37B
100
AcDbEntity
  8
0
100
AcDbLine
 62
7
  6
BYLAYER
 10
69.3
 20
0.0
 30
0.0
 11
69.3
 21
-38.85
 31
0.0
  0
LINE
  5
37C
100
AcDbEntity
  8
0
100
AcDbLine
 62
7
  6
BYLAYER
 10
92.4
 20
0.0
 30
0.0
 11
92.4
 21
-38.85
 31
0.0
  0
LINE
  5
37D
100
AcDbEntity
  8
0
100
AcDbLine
 62
7
  6
BYLAYER
 10
115.5
 20
-8.0
 30
0.0
 11
115.5
 21
-38.85
 31
0.0
  0
LINE
  5
37E
100
AcDbEntity
  8
0
100
AcDbLine
 62
7
  6
BYLAYER
 10
138.6
 20
0.0
 30
0.0
 11
138.6
 21
-38.85
 31
0.0
  0
MTEXT
  5
37F
100
AcDbEntity
  8
_04_NOTES
100
AcDbMText
 62
7
  6
BYLAYER
  7
STANDARD
 71
1
 72
1
 10
1.05
 20
-0.6
 30
0.0
 11
1.0
 21
0.0
 31
0.0
 73
2
 44
0.9
  1
Sheet Number
 40
1.8
 41
28.08
  0
MTEXT
  5
380
100
AcDbEntity
  8
_04_NOTES
100
AcDbMText
 62
7
  6
BYLAYER
  7
STANDARD
 71
1
 72
1
 10
24.15
 20
-0.6
 30
0.0
 11
1.0
 21
0.0
 31
0.0
 73
2
 44
0.9
  1
Projection
 40
1.8
 41
20.2608
  0
MTEXT
  5
381
100
AcDbEntity
  8
_04_NOTES
100
AcDbMText
 62
7
  6
BYLAYER
  7
STANDARD
 71
1
 72
1
 10
47.25
 20
-0.6
 30
0.0
 11
1.0
 21
0.0
 31
0.0
 73
2
 44
0.9
  1
Scale
 40
1.8
 41
10.296
  0
MTEXT
  5
382
100
AcDbEntity
  8
_04_NOTES
100
AcDbMText
 62
7
  6
BYLAYER
  7
STANDARD
 71
1
 72
1
 10
70.35
 20
-0.6
 30
0.0
 11
1.0
 21
0.0
 31
0.0
 73
2
 44
0.9
  1
Format
 40
1.8
 41
13.9248
  0
MTEXT
  5
383
100
AcDbEntity
  8
_04_NOTES
100
AcDbMText
 62
7
  6
BYLAYER
  7
STANDARD
 71
1
 72
1
 10
93.45
 20
-0.6
 30
0.0
 11
1.0
 21
0.0
 31
0.0
 73
2
 44
0.9
  1
General Tolerancing
 40
1.8
 41
39.8016
  0
MTEXT
  5
384
100
AcDbEntity
  8
_04_NOTES
100
AcDbMText
 62
7
  6
BYLAYER
  7
STANDARD
 71
1
 72
1
 10
1.05
 20
-4.5
 30
0.0
 11
1.0
 21
0.0
 31
0.0
 73
2
 44
0.9
  1
1/1
 40
2.0
 41
8.192
  0
MTEXT
  5
385
100
AcDbEntity
  8
_04_NOTES
100
AcDbMText
 62
7
  6
BYLAYER
  7
STANDARD
 71
1
 72
1
 10
47.25
 20
-4.5
 30
0.0
 11
1.0
 21
0.0
 31
0.0
 73
2
 44
0.9
  1
3:1
 40
2.0
 41
6.464
  0
MTEXT
  5
386
100
AcDbEntity
  8
_04_NOTES
100
AcDbMText
 62
7
  6
BYLAYER
  7
STANDARD
 71
1
 72
1
 10
70.35
 20
-4.5
 30
0.0
 11
1.0
 21
0.0
 31
0.0
 73
2
 44
0.9
  1
A3
 40
2.0
 41
5.744
  0
MTEXT
  5
387
100
AcDbEntity
  8
_04_NOTES
100
AcDbMText
 62
7
  6
BYLAYER
  7
STANDARD
 71
1
 72
1
 10
93.45
 20
-4.5
 30
0.0
 11
1.0
 21
0.0
 31
0.0
 73
2
 44
0.9
  1
ISO 2768 mK 
 40
2.0
 41
28.384
  0
MTEXT
  5
388
100
AcDbEntity
  8
_04_NOTES
100
AcDbMText
 62
7
  6
BYLAYER
  7
STANDARD
 71
1
 72
1
 10
1.05
 20
-10.0
 30
0.0
 11
1.0
 21
0.0
 31
0.0
 73
2
 44
0.9
  1
Description
 40
2.0
 41
25.232
  0
MTEXT
  5
389
100
AcDbEntity
  8
_04_NOTES
100
AcDbMText
 62
7
  6
BYLAYER
  7
STANDARD
 71
1
 72
1
 10
70.35
 20
-10.1
 30
0.0
 11
1.0
 21
0.0
 31
0.0
 73
2
 44
0.9
  1
Created on/by
 40
1.8
 41
28.368
  0
MTEXT
  5
38A
100
AcDbEntity
  8
_04_NOTES
100
AcDbMText
 62
7
  6
BYLAYER
  7
STANDARD
 71
1
 72
1
 10
93.45
 20
-10.0
 30
0.0
 11
1.0
 21
0.0
 31
0.0
 73
2
 44
0.9
  1
22.11.2001
 40
2.0
 41
23.68
  0
MTEXT
  5
38B
100
AcDbEntity
  8
_04_NOTES
100
AcDbMText
 62
7
  6
BYLAYER
  7
STANDARD
 71
1
 72
1
 10
116.55
 20
-10.0
 30
0.0
 11
1.0
 21
0.0
 31
0.0
 73
2
 44
0.9
  1
wcadmin
 40
2.0
 41
18.448
  0
MTEXT
  5
38C
100
AcDbEntity
  8
_04_NOTES
100
AcDbMText
 62
7
  6
BYLAYER
  7
STANDARD
 71
1
 72
1
 10
1.05
 20
-20.5
 30
0.0
 11
1.0
 21
0.0
 31
0.0
 73
2
 44
0.9
  1
NE8FAH komplett
 40
2.0
 41
38.448
  0
MTEXT
  5
38D
100
AcDbEntity
  8
_04_NOTES
100
AcDbMText
 62
7
  6
BYLAYER
  7
STANDARD
 71
1
 72
1
 10
70.35
 20
-16.1
 30
0.0
 11
1.0
 21
0.0
 31
0.0
 73
2
 44
0.9
  1
Approved on/by
 40
1.8
 41
32.0544
  0
MTEXT
  5
38E
100
AcDbEntity
  8
_04_NOTES
100
AcDbMText
 62
7
  6
BYLAYER
  7
STANDARD
 71
1
 72
1
 10
93.45
 20
-16.0
 30
0.0
 11
1.0
 21
0.0
 31
0.0
 73
2
 44
0.9
  1
02.08.2024
 40
2.0
 41
23.68
  0
MTEXT
  5
38F
100
AcDbEntity
  8
_04_NOTES
100
AcDbMText
 62
7
  6
BYLAYER
  7
STANDARD
 71
1
 72
1
 10
116.55
 20
-16.0
 30
0.0
 11
1.0
 21
0.0
 31
0.0
 73
2
 44
0.9
  1
Schmiedl T.
 40
2.0
 41
24.224
  0
MTEXT
  5
390
100
AcDbEntity
  8
_04_NOTES
100
AcDbMText
 62
7
  6
BYLAYER
  7
STANDARD
 71
1
 72
1
 10
70.35
 20
-20.6
 30
0.0
 11
1.0
 21
0.0
 31
0.0
 73
2
 44
0.9
  1
Article ID
 40
1.8
 41
18.2304
  0
MTEXT
  5
391
100
AcDbEntity
  8
_04_NOTES
100
AcDbMText
 62
7
  6
BYLAYER
  7
STANDARD
 71
1
 72
1
 10
93.45
 20
-20.6
 30
0.0
 11
1.0
 21
0.0
 31
0.0
 73
2
 44
0.9
  1
Model ID
 40
1.8
 41
17.424
  0
MTEXT
  5
392
100
AcDbEntity
  8
_04_NOTES
100
AcDbMText
 62
7
  6
BYLAYER
  7
STANDARD
 71
1
 72
1
 10
116.55
 20
-20.6
 30
0.0
 11
1.0
 21
0.0
 31
0.0
 73
2
 44
0.9
  1
Drawing ID
 40
1.8
 41
21.8304
  0
MTEXT
  5
393
100
AcDbEntity
  8
_04_NOTES
100
AcDbMText
 62
7
  6
BYLAYER
  7
STANDARD
 71
1
 72
1
 10
93.45
 20
-25.0
 30
0.0
 11
1.0
 21
0.0
 31
0.0
 73
2
 44
0.9
  1
30011673
 40
2.0
 41
21.504
  0
MTEXT
  5
394
100
AcDbEntity
  8
_04_NOTES
100
AcDbMText
 62
7
  6
BYLAYER
  7
STANDARD
 71
1
 72
1
 10
116.55
 20
-25.0
 30
0.0
 11
1.0
 21
0.0
 31
0.0
 73
2
 44
0.9
  1
20005999
 40
2.0
 41
21.504
  0
MTEXT
  5
395
100
AcDbEntity
  8
_04_NOTES
100
AcDbMText
 62
7
  6
BYLAYER
  7
STANDARD
 71
1
 72
1
 10
1.05
 20
-29.6
 30
0.0
 11
1.0
 21
0.0
 31
0.0
 73
2
 44
0.9
  1
Status
 40
1.8
 41
12.8736
  0
MTEXT
  5
396
100
AcDbEntity
  8
_04_NOTES
100
AcDbMText
 62
7
  6
BYLAYER
  7
STANDARD
 71
1
 72
1
 10
70.35
 20
-29.6
 30
0.0
 11
1.0
 21
0.0
 31
0.0
 73
2
 44
0.9
  1
Revision
 40
1.8
 41
16.7616
  0
MTEXT
  5
397
100
AcDbEntity
  8
_04_NOTES
100
AcDbMText
 62
7
  6
BYLAYER
  7
STANDARD
 71
1
 72
1
 10
93.45
 20
-29.6
 30
0.0
 11
1.0
 21
0.0
 31
0.0
 73
2
 44
0.9
  1
ECN Number
 40
1.8
 41
24.624
  0
MTEXT
  5
398
100
AcDbEntity
  8
_04_NOTES
100
AcDbMText
 62
7
  6
BYLAYER
  7
STANDARD
 71
1
 72
1
 10
1.05
 20
-34.425
 30
0.0
 11
1.0
 21
0.0
 31
0.0
 73
2
 44
0.9
  1
Released
 40
2.0
 41
20.128
  0
MTEXT
  5
399
100
AcDbEntity
  8
_04_NOTES
100
AcDbMText
 62
7
  6
BYLAYER
  7
STANDARD
 71
1
 72
1
 10
70.35
 20
-34.425
 30
0.0
 11
1.0
 21
0.0
 31
0.0
 73
2
 44
0.9
  1
C
 40
2.0
 41
2.496
  0
MTEXT
  5
39A
100
AcDbEntity
  8
_04_NOTES
100
AcDbMText
 62
7
  6
BYLAYER
  7
STANDARD
 71
1
 72
1
 10
93.45
 20
-34.425
 30
0.0
 11
1.0
 21
0.0
 31
0.0
 73
2
 44
0.9
  1
-
 40
2.0
 41
1.616
  0
ENDBLK
  5
39B
100
AcDbEntity
  8
0
  6
BYBLOCK
 62
0
100
AcDbBlockEnd
  0
ENDSEC
  0
SECTION
  2
ENTITIES
  0
MTEXT
  5
39C
100
AcDbEntity
  8
0
100
AcDbMText
 62
7
  6
BYLAYER
  7
STANDARD
 71
1
 72
1
 10
412.3
 20
10.65
 30
0.0
 11
0.0
 21
1.0
 31
0.0
 73
2
 44
0.9
  1
Copyright © Neutrik AG / Im alten Riet 143 / 9494 Schaan / Liechtenstein
 40
1.7
 41
68.8296
  0
INSERT
  5
39D
100
AcDbEntity
  8
0
100
AcDbBlockReference
 62
7
  6
BYLAYER
  2
PROJEKTION_BL0
 10
300.4715872636
 20
43.65
 30
0.0
  0
DIMENSION
  5
39E
100
AcDbEntity
  8
_03_2D_DRAWING_DIMENSION
100
AcDbDimension
 62
7
  6
BYLAYER
  2
*D0
 10
35.3065142828
 20
180.6412947201
 30
0.0
 11
35.3065142828
 21
199.3912947201
 31
0.0
 70
160
 71
2
 72
2
 41
0.9
 42
12.5
  3
DIMSTYLE_1
100
AcDbAlignedDimension
 13
55.4808489354
 23
218.1412947201
 33
0.0
 14
65.0808489354
 24
180.6412947201
 34
0.0
 50
270.0
100
AcDbRotatedDimension
  0
DIMENSION
  5
39F
100
AcDbEntity
  8
_03_2D_DRAWING_DIMENSION
100
AcDbDimension
 62
7
  6
BYLAYER
  2
*D1
 10
27.3065142828
 20
255.6412947201
 30
0.0
 11
27.3065142828
 21
218.1412947201
 31
0.0
 70
160
 71
2
 72
2
 41
0.9
 42
25.0
  3
DIMSTYLE_1
100
AcDbAlignedDimension
 13
65.0808489354
 23
180.6412947201
 33
0.0
 14
53.0808489354
 24
255.6412947201
 34
0.0
 50
90.0
100
AcDbRotatedDimension
  0
DIMENSION
  5
3A0
100
AcDbEntity
  8
_03_2D_DRAWING_DIMENSION
100
AcDbDimension
 62
7
  6
BYLAYER
  2
*D2
 10
120.2808489354
 20
277.8493274963
 30
0.0
 11
82.7808489354
 21
277.8493274963
 31
0.0
 70
160
 71
2
 72
2
 41
0.9
 42
25.0
  3
DIMSTYLE_1
100
AcDbAlignedDimension
 13
45.2808489354
 23
247.8412947201
 33
0.0
 14
120.2808489354
 24
188.4412947201
 34
0.0
100
AcDbRotatedDimension
  0
DIMENSION
  5
3A1
100
AcDbEntity
  8
_03_2D_DRAWING_DIMENSION
100
AcDbDimension
 62
7
  6
BYLAYER
  2
*D3
 10
173.0489315693
 20
270.0784945946
 30
0.0
 11
205.4489315693
 21
270.0784945946
 31
0.0
 70
160
 71
2
 72
2
 41
0.9
 42
21.6
  3
DIMSTYLE_1
100
AcDbAlignedDimension
 13
237.8489315693
 23
254.5463252413
 33
0.0
 14
173.0489315693
 24
254.2912947201
 34
0.0
 50
180.0
100
AcDbRotatedDimension
  0
DIMENSION
  5
3A2
100
AcDbEntity
  8
_03_2D_DRAWING_DIMENSION
100
AcDbDimension
 62
7
  6
BYLAYER
  2
*D4
 10
246.0989315693
 20
270.0784945946
 30
0.0
 11
263.0406118671
 21
270.0784945946
 31
0.0
 70
160
 71
1
 72
2
 41
0.9
 42
2.75
  3
DIMSTYLE_2
100
AcDbAlignedDimension
 13
237.8489315693
 23
254.5463252413
 33
0.0
 14
246.0989315693
 24
245.5509987499
 34
0.0
100
AcDbRotatedDimension
  0
DIMENSION
  5
3A3
100
AcDbEntity
  8
_03_2D_DRAWING_DIMENSION
100
AcDbDimension
 62
7
  6
BYLAYER
  2
*D5
 10
381.4412133396
 20
277.8493274963
 30
0.0
 11
351.7412133396
 21
277.8493274963
 31
0.0
 70
160
 71
2
 72
2
 41
0.9
 42
19.8
  3
DIMSTYLE_1
100
AcDbAlignedDimension
 13
322.0412133396
 23
195.9412947201
 33
0.0
 14
381.4412133396
 24
255.3412947201
 34
0.0
100
AcDbRotatedDimension
  0
DIMENSION
  5
3A4
100
AcDbEntity
  8
_03_2D_DRAWING_DIMENSION
100
AcDbDimension
 62
7
  6
BYLAYER
  2
*D6
 10
304.2612703724
 20
188.4412947201
 30
0.0
 11
304.2612703724
 21
218.1412947201
 31
0.0
 70
160
 71
2
 72
2
 41
0.9
 42
19.8
  3
DIMSTYLE_1
100
AcDbAlignedDimension
 13
373.9412133396
 23
247.8412947201
 33
0.0
 14
314.5412133396
 24
188.4412947201
 34
0.0
 50
270.0
100
AcDbRotatedDimension
  0
DIMENSION
  5
3A5
100
AcDbEntity
  8
_03_2D_DRAWING_DIMENSION
100
AcDbDimension
 62
7
  6
BYLAYER
  2
*D7
 10
28.0553702694
 20
98.751996874
 30
0.0
 11
28.0553702694
 21
81.3377448794
 31
0.0
 70
160
 71
3
 72
2
 41
0.9
 42
11.43
  3
DIMSTYLE_3
100
AcDbAlignedDimension
 13
115.9688320205
 23
110.181996874
 33
0.0
 14
94.4382333779
 24
98.751996874
 34
0.0
 50
270.0
100
AcDbRotatedDimension
  0
DIMENSION
  5
3A6
100
AcDbEntity
  8
_03_2D_DRAWING_DIMENSION
100
AcDbDimension
 62
7
  6
BYLAYER
  2
*D8
 10
46.8716653453
 20
98.751996874
 30
0.0
 11
46.8716653453
 21
85.416996874
 31
0.0
 70
160
 71
2
 72
2
 41
0.9
 42
26.67
  3
DIMSTYLE_3
100
AcDbAlignedDimension
 13
63.218585421
 23
72.081996874
 33
0.0
 14
94.4382333779
 24
98.751996874
 34
0.0
 50
90.0
100
AcDbRotatedDimension
  0
DIMENSION
  5
3A7
100
AcDbEntity
  8
_03_2D_DRAWING_DIMENSION
100
AcDbDimension
 62
7
  6
BYLAYER
  2
*D9
 10
37.1053505182
 20
98.751996874
 30
0.0
 11
37.1053505182
 21
82.551996874
 31
0.0
 70
160
 71
2
 72
2
 41
0.9
 42
32.4
  3
DIMSTYLE_4
100
AcDbAlignedDimension
 13
70.3230565907
 23
66.351996874
 33
0.0
 14
94.4382333779
 24
98.751996874
 34
0.0
 50
90.0
100
AcDbRotatedDimension
  0
DIMENSION
  5
3A8
100
AcDbEntity
  8
_03_2D_DRAWING_DIMENSION
100
AcDbDimension
 62
7
  6
BYLAYER
  2
*D10
 10
115.9688320205
 20
134.061493328
 30
0.0
 11
82.9688320205
 21
134.061493328
 31
0.0
 70
160
 71
2
 72
2
 41
0.9
 42
66.0
  3
DIMSTYLE_4
100
AcDbAlignedDimension
 13
49.9688320205
 23
119.181996874
 33
0.0
 14
115.9688320205
 24
119.181996874
 34
0.0
100
AcDbRotatedDimension
  0
DIMENSION
  5
3A9
100
AcDbEntity
  8
_03_2D_DRAWING_DIMENSION
100
AcDbDimension
 62
7
  6
BYLAYER
  2
*D11
 10
67.7288320205
 20
126.5594155354
 30
0.0
 11
82.9688320205
 21
126.5594155354
 31
0.0
 70
160
 71
2
 72
2
 41
0.9
 42
30.48
  3
DIMSTYLE_4
100
AcDbAlignedDimension
 13
98.2088320205
 23
103.1119726761
 33
0.0
 14
67.7288320205
 24
76.1950326107
 34
0.0
 50
180.0
100
AcDbRotatedDimension
  0
SOLID
  5
3AA
100
AcDbEntity
  8
_03_2D_DRAWING_DIMENSION
100
AcDbTrace
 62
7
  6
BYLAYER
 10
144.5491448768
 20
109.6761324783
 30
0.0
 11
144.5211448768
 21
109.7321324783
 31
0.0
 12
144.5491448768
 22
109.7881324783
 32
0.0
 13
144.5491448768
 23
109.7881324783
 33
0.0
  0
SOLID
  5
3AB
100
AcDbEntity
  8
_03_2D_DRAWING_DIMENSION
100
AcDbTrace
 62
7
  6
BYLAYER
 10
144.5491448768
 20
109.7881324783
 30
0.0
 11
144.5771448768
 21
109.6481324783
 31
0.0
 12
144.5491448768
 22
109.6761324783
 32
0.0
 13
144.5491448768
 23
109.6761324783
 33
0.0
  0
SOLID
  5
3AC
100
AcDbEntity
  8
_03_2D_DRAWING_DIMENSION
100
AcDbTrace
 62
7
  6
BYLAYER
 10
144.5771448768
 20
109.6481324783
 30
0.0
 11
144.5491448768
 21
109.7881324783
 31
0.0
 12
144.5771448768
 22
109.8441324783
 32
0.0
 13
144.5771448768
 23
109.8441324783
 33
0.0
  0
SOLID
  5
3AD
100
AcDbEntity
  8
_03_2D_DRAWING_DIMENSION
100
AcDbTrace
 62
7
  6
BYLAYER
 10
144.5771448768
 20
109.8441324783
 30
0.0
 11
144.6051448768
 21
109.5921324783
 31
0.0
 12
144.5771448768
 22
109.6481324783
 32
0.0
 13
144.5771448768
 23
109.6481324783
 33
0.0
  0
SOLID
  5
3AE
100
AcDbEntity
  8
_03_2D_DRAWING_DIMENSION
100
AcDbTrace
 62
7
  6
BYLAYER
 10
144.6051448768
 20
109.5921324783
 30
0.0
 11
144.5771448768
 21
109.8441324783
 31
0.0
 12
144.6051448768
 22
109.8721324783
 32
0.0
 13
144.6051448768
 23
109.8721324783
 33
0.0
  0
SOLID
  5
3AF
100
AcDbEntity
  8
_03_2D_DRAWING_DIMENSION
100
AcDbTrace
 62
7
  6
BYLAYER
 10
144.6051448768
 20
109.8721324783
 30
0.0
 11
144.6611448768
 21
109.5641324783
 31
0.0
 12
144.6051448768
 22
109.5921324783
 32
0.0
 13
144.6051448768
 23
109.5921324783
 33
0.0
  0
SOLID
  5
3B0
100
AcDbEntity
  8
_03_2D_DRAWING_DIMENSION
100
AcDbTrace
 62
7
  6
BYLAYER
 10
144.6611448768
 20
109.5641324783
 30
0.0
 11
144.6051448768
 21
109.8721324783
 31
0.0
 12
144.6611448768
 22
109.9001324783
 32
0.0
 13
144.6611448768
 23
109.9001324783
 33
0.0
  0
SOLID
  5
3B1
100
AcDbEntity
  8
_03_2D_DRAWING_DIMENSION
100
AcDbTrace
 62
7
  6
BYLAYER
 10
145.0811448768
 20
109.0601324783
 30
0.0
 11
145.0531448768
 21
109.2281324783
 31
0.0
 12
145.0811448768
 22
109.3121324783
 32
0.0
 13
145.0811448768
 23
109.3121324783
 33
0.0
  0
SOLID
  5
3B2
100
AcDbEntity
  8
_03_2D_DRAWING_DIMENSION
100
AcDbTrace
 62
7
  6
BYLAYER
 10
144.7171448768
 20
109.9281324783
 30
0.0
 11
144.7731448768
 21
109.9001324783
 31
0.0
 12
145.0811448768
 22
109.4241324783
 32
0.0
 13
145.0811448768
 23
109.4241324783
 33
0.0
  0
SOLID
  5
3B3
100
AcDbEntity
  8
_03_2D_DRAWING_DIMENSION
100
AcDbTrace
 62
7
  6
BYLAYER
 10
144.6611448768
 20
109.9001324783
 30
0.0
 11
144.7171448768
 21
109.9281324783
 31
0.0
 12
145.0811448768
 22
109.4241324783
 32
0.0
 13
145.0811448768
 23
109.4241324783
 33
0.0
  0
SOLID
  5
3B4
100
AcDbEntity
  8
_03_2D_DRAWING_DIMENSION
100
AcDbTrace
 62
7
  6
BYLAYER
 10
144.6611448768
 20
109.9001324783
 30
0.0
 11
145.0811448768
 21
109.4241324783
 31
0.0
 12
144.6611448768
 22
109.5641324783
 32
0.0
 13
144.6611448768
 23
109.5641324783
 33
0.0
  0
SOLID
  5
3B5
100
AcDbEntity
  8
_03_2D_DRAWING_DIMENSION
100
AcDbTrace
 62
7
  6
BYLAYER
 10
145.0811448768
 20
109.3121324783
 30
0.0
 11
145.0811448768
 21
109.4241324783
 31
0.0
 12
145.1091448768
 22
108.8921324783
 32
0.0
 13
145.1091448768
 23
108.8921324783
 33
0.0
  0
SOLID
  5
3B6
100
AcDbEntity
  8
_03_2D_DRAWING_DIMENSION
100
AcDbTrace
 62
7
  6
BYLAYER
 10
145.0811448768
 20
109.3121324783
 30
0.0
 11
145.1091448768
 21
108.8921324783
 31
0.0
 12
145.0811448768
 22
109.0601324783
 32
0.0
 13
145.0811448768
 23
109.0601324783
 33
0.0
  0
SOLID
  5
3B7
100
AcDbEntity
  8
_03_2D_DRAWING_DIMENSION
100
AcDbTrace
 62
7
  6
BYLAYER
 10
145.1651448768
 20
108.7521324783
 30
0.0
 11
145.1091448768
 21
108.8921324783
 31
0.0
 12
145.0811448768
 22
109.4241324783
 32
0.0
 13
145.0811448768
 23
109.4241324783
 33
0.0
  0
SOLID
  5
3B8
100
AcDbEntity
  8
_03_2D_DRAWING_DIMENSION
100
AcDbTrace
 62
7
  6
BYLAYER
 10
145.1931448768
 20
109.7601324783
 30
0.0
 11
145.1651448768
 21
108.7521324783
 31
0.0
 12
145.0811448768
 22
109.4241324783
 32
0.0
 13
145.0811448768
 23
109.4241324783
 33
0.0
  0
SOLID
  5
3B9
100
AcDbEntity
  8
_03_2D_DRAWING_DIMENSION
100
AcDbTrace
 62
7
  6
BYLAYER
 10
145.0811448768
 20
109.4241324783
 30
0.0
 11
144.7731448768
 21
109.9001324783
 31
0.0
 12
145.1931448768
 22
109.7601324783
 32
0.0
 13
145.1931448768
 23
109.7601324783
 33
0.0
  0
SOLID
  5
3BA
100
AcDbEntity
  8
_03_2D_DRAWING_DIMENSION
100
AcDbTrace
 62
7
  6
BYLAYER
 10
145.1931448768
 20
109.7601324783
 30
0.0
 11
145.2211448768
 21
108.6121324783
 31
0.0
 12
145.1651448768
 22
108.7521324783
 32
0.0
 13
145.1651448768
 23
108.7521324783
 33
0.0
  0
SOLID
  5
3BB
100
AcDbEntity
  8
_03_2D_DRAWING_DIMENSION
100
AcDbTrace
 62
7
  6
BYLAYER
 10
145.2211448768
 20
108.6121324783
 30
0.0
 11
145.1931448768
 21
109.7601324783
 31
0.0
 12
145.3051448768
 22
109.9561324783
 32
0.0
 13
145.3051448768
 23
109.9561324783
 33
0.0
  0
SOLID
  5
3BC
100
AcDbEntity
  8
_03_2D_DRAWING_DIMENSION
100
AcDbTrace
 62
7
  6
BYLAYER
 10
145.3051448768
 20
109.9561324783
 30
0.0
 11
145.3331448768
 21
108.4721324783
 31
0.0
 12
145.2211448768
 22
108.6121324783
 32
0.0
 13
145.2211448768
 23
108.6121324783
 33
0.0
  0
SOLID
  5
3BD
100
AcDbEntity
  8
_03_2D_DRAWING_DIMENSION
100
AcDbTrace
 62
7
  6
BYLAYER
 10
145.4171448768
 20
108.3601324783
 30
0.0
 11
145.3331448768
 21
108.4721324783
 31
0.0
 12
145.3051448768
 22
109.9561324783
 32
0.0
 13
145.3051448768
 23
109.9561324783
 33
0.0
  0
SOLID
  5
3BE
100
AcDbEntity
  8
_03_2D_DRAWING_DIMENSION
100
AcDbTrace
 62
7
  6
BYLAYER
 10
145.4171448768
 20
109.1161324783
 30
0.0
 11
145.4171448768
 21
108.3601324783
 31
0.0
 12
145.3051448768
 22
109.9561324783
 32
0.0
 13
145.3051448768
 23
109.9561324783
 33
0.0
  0
SOLID
  5
3BF
100
AcDbEntity
  8
_03_2D_DRAWING_DIMENSION
100
AcDbTrace
 62
7
  6
BYLAYER
 10
145.4171448768
 20
109.2281324783
 30
0.0
 11
145.4171448768
 21
109.1161324783
 31
0.0
 12
145.3051448768
 22
109.9561324783
 32
0.0
 13
145.3051448768
 23
109.9561324783
 33
0.0
  0
SOLID
  5
3C0
100
AcDbEntity
  8
_03_2D_DRAWING_DIMENSION
100
AcDbTrace
 62
7
  6
BYLAYER
 10
145.4171448768
 20
109.2561324783
 30
0.0
 11
145.4171448768
 21
109.2281324783
 31
0.0
 12
145.3051448768
 22
109.9561324783
 32
0.0
 13
145.3051448768
 23
109.9561324783
 33
0.0
  0
SOLID
  5
3C1
100
AcDbEntity
  8
_03_2D_DRAWING_DIMENSION
100
AcDbTrace
 62
7
  6
BYLAYER
 10
145.4171448768
 20
109.3121324783
 30
0.0
 11
145.4171448768
 21
109.2561324783
 31
0.0
 12
145.3051448768
 22
109.9561324783
 32
0.0
 13
145.3051448768
 23
109.9561324783
 33
0.0
  0
SOLID
  5
3C2
100
AcDbEntity
  8
_03_2D_DRAWING_DIMENSION
100
AcDbTrace
 62
7
  6
BYLAYER
 10
145.4171448768
 20
109.3121324783
 30
0.0
 11
145.3051448768
 21
109.9561324783
 31
0.0
 12
145.4731448768
 22
110.1241324783
 32
0.0
 13
145.4731448768
 23
110.1241324783
 33
0.0
  0
SOLID
  5
3C3
100
AcDbEntity
  8
_03_2D_DRAWING_DIMENSION
100
AcDbTrace
 62
7
  6
BYLAYER
 10
145.4731448768
 20
108.8921324783
 30
0.0
 11
145.5291448768
 21
108.7801324783
 31
0.0
 12
145.5571448768
 22
108.2481324783
 32
0.0
 13
145.5571448768
 23
108.2481324783
 33
0.0
  0
SOLID
  5
3C4
100
AcDbEntity
  8
_03_2D_DRAWING_DIMENSION
100
AcDbTrace
 62
7
  6
BYLAYER
 10
145.4451448768
 20
109.0041324783
 30
0.0
 11
145.4731448768
 21
108.8921324783
 31
0.0
 12
145.5571448768
 22
108.2481324783
 32
0.0
 13
145.5571448768
 23
108.2481324783
 33
0.0
  0
SOLID
  5
3C5
100
AcDbEntity
  8
_03_2D_DRAWING_DIMENSION
100
AcDbTrace
 62
7
  6
BYLAYER
 10
145.4171448768
 20
109.1161324783
 30
0.0
 11
145.4451448768
 21
109.0041324783
 31
0.0
 12
145.5571448768
 22
108.2481324783
 32
0.0
 13
145.5571448768
 23
108.2481324783
 33
0.0
  0
SOLID
  5
3C6
100
AcDbEntity
  8
_03_2D_DRAWING_DIMENSION
100
AcDbTrace
 62
7
  6
BYLAYER
 10
145.4171448768
 20
109.1161324783
 30
0.0
 11
145.5571448768
 21
108.2481324783
 31
0.0
 12
145.4171448768
 22
108.3601324783
 32
0.0
 13
145.4171448768
 23
108.3601324783
 33
0.0
  0
SOLID
  5
3C7
100
AcDbEntity
  8
_03_2D_DRAWING_DIMENSION
100
AcDbTrace
 62
7
  6
BYLAYER
 10
145.5571448768
 20
108.2481324783
 30
0.0
 11
145.5291448768
 21
108.7801324783
 31
0.0
 12
145.5851448768
 22
108.6961324783
 32
0.0
 13
145.5851448768
 23
108.6961324783
 33
0.0
  0
SOLID
  5
3C8
100
AcDbEntity
  8
_03_2D_DRAWING_DIMENSION
100
AcDbTrace
 62
7
  6
BYLAYER
 10
145.5851448768
 20
109.7601324783
 30
0.0
 11
145.5291448768
 21
109.6481324783
 31
0.0
 12
145.4731448768
 22
110.1241324783
 32
0.0
 13
145.4731448768
 23
110.1241324783
 33
0.0
  0
SOLID
  5
3C9
100
AcDbEntity
  8
_03_2D_DRAWING_DIMENSION
100
AcDbTrace
 62
7
  6
BYLAYER
 10
145.5851448768
 20
109.7601324783
 30
0.0
 11
145.4731448768
 21
110.1241324783
 31
0.0
 12
145.6411448768
 22
110.2641324783
 32
0.0
 13
145.6411448768
 23
110.2641324783
 33
0.0
  0
SOLID
  5
3CA
100
AcDbEntity
  8
_03_2D_DRAWING_DIMENSION
100
AcDbTrace
 62
7
  6
BYLAYER
 10
145.5851448768
 20
108.6961324783
 30
0.0
 11
145.6691448768
 21
108.1641324783
 31
0.0
 12
145.5571448768
 22
108.2481324783
 32
0.0
 13
145.5571448768
 23
108.2481324783
 33
0.0
  0
SOLID
  5
3CB
100
AcDbEntity
  8
_03_2D_DRAWING_DIMENSION
100
AcDbTrace
 62
7
  6
BYLAYER
 10
145.6691448768
 20
108.1641324783
 30
0.0
 11
145.5851448768
 21
108.6961324783
 31
0.0
 12
145.6691448768
 22
108.6121324783
 32
0.0
 13
145.6691448768
 23
108.6121324783
 33
0.0
  0
SOLID
  5
3CC
100
AcDbEntity
  8
_03_2D_DRAWING_DIMENSION
100
AcDbTrace
 62
7
  6
BYLAYER
 10
145.6411448768
 20
110.2641324783
 30
0.0
 11
145.6691448768
 21
109.8441324783
 31
0.0
 12
145.5851448768
 22
109.7601324783
 32
0.0
 13
145.5851448768
 23
109.7601324783
 33
0.0
  0
SOLID
  5
3CD
100
AcDbEntity
  8
_03_2D_DRAWING_DIMENSION
100
AcDbTrace
 62
7
  6
BYLAYER
 10
145.6691448768
 20
108.6121324783
 30
0.0
 11
145.7531448768
 21
108.5281324783
 31
0.0
 12
145.8091448768
 22
108.0801324783
 32
0.0
 13
145.8091448768
 23
108.0801324783
 33
0.0
  0
SOLID
  5
3CE
100
AcDbEntity
  8
_03_2D_DRAWING_DIMENSION
100
AcDbTrace
 62
7
  6
BYLAYER
 10
145.6691448768
 20
108.6121324783
 30
0.0
 11
145.8091448768
 21
108.0801324783
 31
0.0
 12
145.6691448768
 22
108.1641324783
 32
0.0
 13
145.6691448768
 23
108.1641324783
 33
0.0
  0
SOLID
  5
3CF
100
AcDbEntity
  8
_03_2D_DRAWING_DIMENSION
100
AcDbTrace
 62
7
  6
BYLAYER
 10
145.8091448768
 20
108.0801324783
 30
0.0
 11
145.7531448768
 21
108.5281324783
 31
0.0
 12
145.8371448768
 22
108.4721324783
 32
0.0
 13
145.8371448768
 23
108.4721324783
 33
0.0
  0
SOLID
  5
3D0
100
AcDbEntity
  8
_03_2D_DRAWING_DIMENSION
100
AcDbTrace
 62
7
  6
BYLAYER
 10
145.7531448768
 20
109.9001324783
 30
0.0
 11
145.6691448768
 21
109.8441324783
 31
0.0
 12
145.6411448768
 22
110.2641324783
 32
0.0
 13
145.6411448768
 23
110.2641324783
 33
0.0
  0
SOLID
  5
3D1
100
AcDbEntity
  8
_03_2D_DRAWING_DIMENSION
100
AcDbTrace
 62
7
  6
BYLAYER
 10
145.8371448768
 20
109.9841324783
 30
0.0
 11
145.7531448768
 21
109.9001324783
 31
0.0
 12
145.6411448768
 22
110.2641324783
 32
0.0
 13
145.6411448768
 23
110.2641324783
 33
0.0
  0
SOLID
  5
3D2
100
AcDbEntity
  8
_03_2D_DRAWING_DIMENSION
100
AcDbTrace
 62
7
  6
BYLAYER
 10
145.8371448768
 20
109.9841324783
 30
0.0
 11
145.6411448768
 21
110.2641324783
 31
0.0
 12
145.8371448768
 22
110.3481324783
 32
0.0
 13
145.8371448768
 23
110.3481324783
 33
0.0
  0
SOLID
  5
3D3
100
AcDbEntity
  8
_03_2D_DRAWING_DIMENSION
100
AcDbTrace
 62
7
  6
BYLAYER
 10
145.8371448768
 20
110.3481324783
 30
0.0
 11
145.9491448768
 21
110.0401324783
 31
0.0
 12
145.8371448768
 22
109.9841324783
 32
0.0
 13
145.8371448768
 23
109.9841324783
 33
0.0
  0
SOLID
  5
3D4
100
AcDbEntity
  8
_03_2D_DRAWING_DIMENSION
100
AcDbTrace
 62
7
  6
BYLAYER
 10
145.8371448768
 20
108.4721324783
 30
0.0
 11
145.9491448768
 21
108.4161324783
 31
0.0
 12
145.9771448768
 22
108.0241324783
 32
0.0
 13
145.9771448768
 23
108.0241324783
 33
0.0
  0
SOLID
  5
3D5
100
AcDbEntity
  8
_03_2D_DRAWING_DIMENSION
100
AcDbTrace
 62
7
  6
BYLAYER
 10
145.8371448768
 20
108.4721324783
 30
0.0
 11
145.9771448768
 21
108.0241324783
 31
0.0
 12
145.8091448768
 22
108.0801324783
 32
0.0
 13
145.8091448768
 23
108.0801324783
 33
0.0
  0
SOLID
  5
3D6
100
AcDbEntity
  8
_03_2D_DRAWING_DIMENSION
100
AcDbTrace
 62
7
  6
BYLAYER
 10
145.9771448768
 20
108.0241324783
 30
0.0
 11
145.9491448768
 21
108.4161324783
 31
0.0
 12
146.0611448768
 22
108.3881324783
 32
0.0
 13
146.0611448768
 23
108.3881324783
 33
0.0
  0
SOLID
  5
3D7
100
AcDbEntity
  8
_03_2D_DRAWING_DIMENSION
100
AcDbTrace
 62
7
  6
BYLAYER
 10
146.0611448768
 20
110.0681324783
 30
0.0
 11
145.9491448768
 21
110.0401324783
 31
0.0
 12
145.8371448768
 22
110.3481324783
 32
0.0
 13
145.8371448768
 23
110.3481324783
 33
0.0
  0
SOLID
  5
3D8
100
AcDbEntity
  8
_03_2D_DRAWING_DIMENSION
100
AcDbTrace
 62
7
  6
BYLAYER
 10
146.0611448768
 20
110.0681324783
 30
0.0
 11
145.8371448768
 21
110.3481324783
 31
0.0
 12
146.0611448768
 22
110.4321324783
 32
0.0
 13
146.0611448768
 23
110.4321324783
 33
0.0
  0
SOLID
  5
3D9
100
AcDbEntity
  8
_03_2D_DRAWING_DIMENSION
100
AcDbTrace
 62
7
  6
BYLAYER
 10
146.0611448768
 20
108.3881324783
 30
0.0
 11
146.1171448768
 21
107.9961324783
 31
0.0
 12
145.9771448768
 22
108.0241324783
 32
0.0
 13
145.9771448768
 23
108.0241324783
 33
0.0
  0
SOLID
  5
3DA
100
AcDbEntity
  8
_03_2D_DRAWING_DIMENSION
100
AcDbTrace
 62
7
  6
BYLAYER
 10
146.1171448768
 20
107.9961324783
 30
0.0
 11
146.0611448768
 21
108.3881324783
 31
0.0
 12
146.1731448768
 22
108.3601324783
 32
0.0
 13
146.1731448768
 23
108.3601324783
 33
0.0
  0
SOLID
  5
3DB
100
AcDbEntity
  8
_03_2D_DRAWING_DIMENSION
100
AcDbTrace
 62
7
  6
BYLAYER
 10
146.0611448768
 20
110.4321324783
 30
0.0
 11
146.1731448768
 21
110.0961324783
 31
0.0
 12
146.0611448768
 22
110.0681324783
 32
0.0
 13
146.0611448768
 23
110.0681324783
 33
0.0
  0
SOLID
  5
3DC
100
AcDbEntity
  8
_03_2D_DRAWING_DIMENSION
100
AcDbTrace
 62
7
  6
BYLAYER
 10
146.1731448768
 20
108.3601324783
 30
0.0
 11
146.2851448768
 21
107.9961324783
 31
0.0
 12
146.1171448768
 22
107.9961324783
 32
0.0
 13
146.1171448768
 23
107.9961324783
 33
0.0
  0
SOLID
  5
3DD
100
AcDbEntity
  8
_03_2D_DRAWING_DIMENSION
100
AcDbTrace
 62
7
  6
BYLAYER
 10
146.2851448768
 20
107.9961324783
 30
0.0
 11
146.1731448768
 21
108.3601324783
 31
0.0
 12
146.2851448768
 22
108.3321324783
 32
0.0
 13
146.2851448768
 23
108.3321324783
 33
0.0
  0
SOLID
  5
3DE
100
AcDbEntity
  8
_03_2D_DRAWING_DIMENSION
100
AcDbTrace
 62
7
  6
BYLAYER
 10
146.2851448768
 20
110.0961324783
 30
0.0
 11
146.1731448768
 21
110.0961324783
 31
0.0
 12
146.0611448768
 22
110.4321324783
 32
0.0
 13
146.0611448768
 23
110.4321324783
 33
0.0
  0
SOLID
  5
3DF
100
AcDbEntity
  8
_03_2D_DRAWING_DIMENSION
100
AcDbTrace
 62
7
  6
BYLAYER
 10
146.2851448768
 20
110.0961324783
 30
0.0
 11
146.0611448768
 21
110.4321324783
 31
0.0
 12
146.2851448768
 22
110.4321324783
 32
0.0
 13
146.2851448768
 23
110.4321324783
 33
0.0
  0
SOLID
  5
3E0
100
AcDbEntity
  8
_03_2D_DRAWING_DIMENSION
100
AcDbTrace
 62
7
  6
BYLAYER
 10
146.2851448768
 20
110.4321324783
 30
0.0
 11
146.3971448768
 21
110.0961324783
 31
0.0
 12
146.2851448768
 22
110.0961324783
 32
0.0
 13
146.2851448768
 23
110.0961324783
 33
0.0
  0
SOLID
  5
3E1
100
AcDbEntity
  8
_03_2D_DRAWING_DIMENSION
100
AcDbTrace
 62
7
  6
BYLAYER
 10
146.2851448768
 20
108.3321324783
 30
0.0
 11
146.3971448768
 21
108.3601324783
 31
0.0
 12
146.4531448768
 22
107.9961324783
 32
0.0
 13
146.4531448768
 23
107.9961324783
 33
0.0
  0
SOLID
  5
3E2
100
AcDbEntity
  8
_03_2D_DRAWING_DIMENSION
100
AcDbTrace
 62
7
  6
BYLAYER
 10
146.2851448768
 20
108.3321324783
 30
0.0
 11
146.4531448768
 21
107.9961324783
 31
0.0
 12
146.2851448768
 22
107.9961324783
 32
0.0
 13
146.2851448768
 23
107.9961324783
 33
0.0
  0
SOLID
  5
3E3
100
AcDbEntity
  8
_03_2D_DRAWING_DIMENSION
100
AcDbTrace
 62
7
  6
BYLAYER
 10
146.3971448768
 20
110.0961324783
 30
0.0
 11
146.2851448768
 21
110.4321324783
 31
0.0
 12
146.4531448768
 22
110.4321324783
 32
0.0
 13
146.4531448768
 23
110.4321324783
 33
0.0
  0
SOLID
  5
3E4
100
AcDbEntity
  8
_03_2D_DRAWING_DIMENSION
100
AcDbTrace
 62
7
  6
BYLAYER
 10
146.4531448768
 20
107.9961324783
 30
0.0
 11
146.3971448768
 21
108.3601324783
 31
0.0
 12
146.5091448768
 22
108.3881324783
 32
0.0
 13
146.5091448768
 23
108.3881324783
 33
0.0
  0
SOLID
  5
3E5
100
AcDbEntity
  8
_03_2D_DRAWING_DIMENSION
100
AcDbTrace
 62
7
  6
BYLAYER
 10
146.4531448768
 20
110.4321324783
 30
0.0
 11
146.5091448768
 21
110.0681324783
 31
0.0
 12
146.3971448768
 22
110.0961324783
 32
0.0
 13
146.3971448768
 23
110.0961324783
 33
0.0
  0
SOLID
  5
3E6
100
AcDbEntity
  8
_03_2D_DRAWING_DIMENSION
100
AcDbTrace
 62
7
  6
BYLAYER
 10
146.5091448768
 20
110.0681324783
 30
0.0
 11
146.4531448768
 21
110.4321324783
 31
0.0
 12
146.5931448768
 22
110.4041324783
 32
0.0
 13
146.5931448768
 23
110.4041324783
 33
0.0
  0
SOLID
  5
3E7
100
AcDbEntity
  8
_03_2D_DRAWING_DIMENSION
100
AcDbTrace
 62
7
  6
BYLAYER
 10
146.5091448768
 20
108.3881324783
 30
0.0
 11
146.6211448768
 21
108.0521324783
 31
0.0
 12
146.4531448768
 22
107.9961324783
 32
0.0
 13
146.4531448768
 23
107.9961324783
 33
0.0
  0
SOLID
  5
3E8
100
AcDbEntity
  8
_03_2D_DRAWING_DIMENSION
100
AcDbTrace
 62
7
  6
BYLAYER
 10
146.6211448768
 20
108.0521324783
 30
0.0
 11
146.5091448768
 21
108.3881324783
 31
0.0
 12
146.6211448768
 22
108.4161324783
 32
0.0
 13
146.6211448768
 23
108.4161324783
 33
0.0
  0
SOLID
  5
3E9
100
AcDbEntity
  8
_03_2D_DRAWING_DIMENSION
100
AcDbTrace
 62
7
  6
BYLAYER
 10
146.5931448768
 20
110.4041324783
 30
0.0
 11
146.6211448768
 21
110.0401324783
 31
0.0
 12
146.5091448768
 22
110.0681324783
 32
0.0
 13
146.5091448768
 23
110.0681324783
 33
0.0
  0
SOLID
  5
3EA
100
AcDbEntity
  8
_03_2D_DRAWING_DIMENSION
100
AcDbTrace
 62
7
  6
BYLAYER
 10
146.7331448768
 20
109.9841324783
 30
0.0
 11
146.6211448768
 21
110.0401324783
 31
0.0
 12
146.5931448768
 22
110.4041324783
 32
0.0
 13
146.5931448768
 23
110.4041324783
 33
0.0
  0
SOLID
  5
3EB
100
AcDbEntity
  8
_03_2D_DRAWING_DIMENSION
100
AcDbTrace
 62
7
  6
BYLAYER
 10
146.7331448768
 20
109.9841324783
 30
0.0
 11
146.5931448768
 21
110.4041324783
 31
0.0
 12
146.7611448768
 22
110.3481324783
 32
0.0
 13
146.7611448768
 23
110.3481324783
 33
0.0
  0
SOLID
  5
3EC
100
AcDbEntity
  8
_03_2D_DRAWING_DIMENSION
100
AcDbTrace
 62
7
  6
BYLAYER
 10
146.6211448768
 20
108.4161324783
 30
0.0
 11
146.7331448768
 21
108.4721324783
 31
0.0
 12
146.7891448768
 22
108.1081324783
 32
0.0
 13
146.7891448768
 23
108.1081324783
 33
0.0
  0
SOLID
  5
3ED
100
AcDbEntity
  8
_03_2D_DRAWING_DIMENSION
100
AcDbTrace
 62
7
  6
BYLAYER
 10
146.6211448768
 20
108.4161324783
 30
0.0
 11
146.7891448768
 21
108.1081324783
 31
0.0
 12
146.6211448768
 22
108.0521324783
 32
0.0
 13
146.6211448768
 23
108.0521324783
 33
0.0
  0
SOLID
  5
3EE
100
AcDbEntity
  8
_03_2D_DRAWING_DIMENSION
100
AcDbTrace
 62
7
  6
BYLAYER
 10
146.7891448768
 20
108.1081324783
 30
0.0
 11
146.7331448768
 21
108.4721324783
 31
0.0
 12
146.8171448768
 22
108.5281324783
 32
0.0
 13
146.8171448768
 23
108.5281324783
 33
0.0
  0
SOLID
  5
3EF
100
AcDbEntity
  8
_03_2D_DRAWING_DIMENSION
100
AcDbTrace
 62
7
  6
BYLAYER
 10
146.7611448768
 20
110.3481324783
 30
0.0
 11
146.8171448768
 21
109.9001324783
 31
0.0
 12
146.7331448768
 22
109.9841324783
 32
0.0
 13
146.7331448768
 23
109.9841324783
 33
0.0
  0
SOLID
  5
3F0
100
AcDbEntity
  8
_03_2D_DRAWING_DIMENSION
100
AcDbTrace
 62
7
  6
BYLAYER
 10
146.9011448768
 20
109.8441324783
 30
0.0
 11
146.8171448768
 21
109.9001324783
 31
0.0
 12
146.7611448768
 22
110.3481324783
 32
0.0
 13
146.7611448768
 23
110.3481324783
 33
0.0
  0
SOLID
  5
3F1
100
AcDbEntity
  8
_03_2D_DRAWING_DIMENSION
100
AcDbTrace
 62
7
  6
BYLAYER
 10
146.9011448768
 20
109.8441324783
 30
0.0
 11
146.7611448768
 21
110.3481324783
 31
0.0
 12
146.9011448768
 22
110.2921324783
 32
0.0
 13
146.9011448768
 23
110.2921324783
 33
0.0
  0
SOLID
  5
3F2
100
AcDbEntity
  8
_03_2D_DRAWING_DIMENSION
100
AcDbTrace
 62
7
  6
BYLAYER
 10
146.8171448768
 20
108.5281324783
 30
0.0
 11
146.9011448768
 21
108.6121324783
 31
0.0
 12
146.9291448768
 22
108.1921324783
 32
0.0
 13
146.9291448768
 23
108.1921324783
 33
0.0
  0
SOLID
  5
3F3
100
AcDbEntity
  8
_03_2D_DRAWING_DIMENSION
100
AcDbTrace
 62
7
  6
BYLAYER
 10
146.8171448768
 20
108.5281324783
 30
0.0
 11
146.9291448768
 21
108.1921324783
 31
0.0
 12
146.7891448768
 22
108.1081324783
 32
0.0
 13
146.7891448768
 23
108.1081324783
 33
0.0
  0
SOLID
  5
3F4
100
AcDbEntity
  8
_03_2D_DRAWING_DIMENSION
100
AcDbTrace
 62
7
  6
BYLAYER
 10
146.9291448768
 20
108.1921324783
 30
0.0
 11
146.9011448768
 21
108.6121324783
 31
0.0
 12
146.9851448768
 22
108.6961324783
 32
0.0
 13
146.9851448768
 23
108.6961324783
 33
0.0
  0
SOLID
  5
3F5
100
AcDbEntity
  8
_03_2D_DRAWING_DIMENSION
100
AcDbTrace
 62
7
  6
BYLAYER
 10
146.9011448768
 20
110.2921324783
 30
0.0
 11
146.9851448768
 21
109.7601324783
 31
0.0
 12
146.9011448768
 22
109.8441324783
 32
0.0
 13
146.9011448768
 23
109.8441324783
 33
0.0
  0
SOLID
  5
3F6
100
AcDbEntity
  8
_03_2D_DRAWING_DIMENSION
100
AcDbTrace
 62
7
  6
BYLAYER
 10
146.9851448768
 20
109.7601324783
 30
0.0
 11
146.9011448768
 21
110.2921324783
 31
0.0
 12
147.0131448768
 22
110.1801324783
 32
0.0
 13
147.0131448768
 23
110.1801324783
 33
0.0
  0
SOLID
  5
3F7
100
AcDbEntity
  8
_03_2D_DRAWING_DIMENSION
100
AcDbTrace
 62
7
  6
BYLAYER
 10
145.4171448768
 20
109.3121324783
 30
0.0
 11
145.4731448768
 21
110.1241324783
 31
0.0
 12
145.5291448768
 22
109.6481324783
 32
0.0
 13
145.5291448768
 23
109.6481324783
 33
0.0
  0
SOLID
  5
3F8
100
AcDbEntity
  8
_03_2D_DRAWING_DIMENSION
100
AcDbTrace
 62
7
  6
BYLAYER
 10
145.5291448768
 20
109.6481324783
 30
0.0
 11
147.0411448768
 21
108.7801324783
 31
0.0
 12
145.4171448768
 22
109.3121324783
 32
0.0
 13
145.4171448768
 23
109.3121324783
 33
0.0
  0
SOLID
  5
3F9
100
AcDbEntity
  8
_03_2D_DRAWING_DIMENSION
100
AcDbTrace
 62
7
  6
BYLAYER
 10
147.0131448768
 20
110.1801324783
 30
0.0
 11
147.0411448768
 21
109.6481324783
 31
0.0
 12
146.9851448768
 22
109.7601324783
 32
0.0
 13
146.9851448768
 23
109.7601324783
 33
0.0
  0
SOLID
  5
3FA
100
AcDbEntity
  8
_03_2D_DRAWING_DIMENSION
100
AcDbTrace
 62
7
  6
BYLAYER
 10
146.9851448768
 20
108.6961324783
 30
0.0
 11
147.0411448768
 21
108.7801324783
 31
0.0
 12
147.0691448768
 22
108.2761324783
 32
0.0
 13
147.0691448768
 23
108.2761324783
 33
0.0
  0
SOLID
  5
3FB
100
AcDbEntity
  8
_03_2D_DRAWING_DIMENSION
100
AcDbTrace
 62
7
  6
BYLAYER
 10
146.9851448768
 20
108.6961324783
 30
0.0
 11
147.0691448768
 21
108.2761324783
 31
0.0
 12
146.9291448768
 22
108.1921324783
 32
0.0
 13
146.9291448768
 23
108.1921324783
 33
0.0
  0
SOLID
  5
3FC
100
AcDbEntity
  8
_03_2D_DRAWING_DIMENSION
100
AcDbTrace
 62
7
  6
BYLAYER
 10
147.1531448768
 20
109.1161324783
 30
0.0
 11
147.0691448768
 21
108.2761324783
 31
0.0
 12
147.0411448768
 22
108.7801324783
 32
0.0
 13
147.0411448768
 23
108.7801324783
 33
0.0
  0
SOLID
  5
3FD
100
AcDbEntity
  8
_03_2D_DRAWING_DIMENSION
100
AcDbTrace
 62
7
  6
BYLAYER
 10
147.0411448768
 20
108.7801324783
 30
0.0
 11
145.5291448768
 21
109.6481324783
 31
0.0
 12
147.1531448768
 22
109.1161324783
 32
0.0
 13
147.1531448768
 23
109.1161324783
 33
0.0
  0
SOLID
  5
3FE
100
AcDbEntity
  8
_03_2D_DRAWING_DIMENSION
100
AcDbTrace
 62
7
  6
BYLAYER
 10
147.0971448768
 20
109.5641324783
 30
0.0
 11
147.0411448768
 21
109.6481324783
 31
0.0
 12
147.0131448768
 22
110.1801324783
 32
0.0
 13
147.0131448768
 23
110.1801324783
 33
0.0
  0
SOLID
  5
3FF
100
AcDbEntity
  8
_03_2D_DRAWING_DIMENSION
100
AcDbTrace
 62
7
  6
BYLAYER
 10
147.1251448768
 20
109.4521324783
 30
0.0
 11
147.0971448768
 21
109.5641324783
 31
0.0
 12
147.0131448768
 22
110.1801324783
 32
0.0
 13
147.0131448768
 23
110.1801324783
 33
0.0
  0
SOLID
  5
400
100
AcDbEntity
  8
_03_2D_DRAWING_DIMENSION
100
AcDbTrace
 62
7
  6
BYLAYER
 10
147.1531448768
 20
109.3401324783
 30
0.0
 11
147.1251448768
 21
109.4521324783
 31
0.0
 12
147.0131448768
 22
110.1801324783
 32
0.0
 13
147.0131448768
 23
110.1801324783
 33
0.0
  0
SOLID
  5
401
100
AcDbEntity
  8
_03_2D_DRAWING_DIMENSION
100
AcDbTrace
 62
7
  6
BYLAYER
 10
147.1531448768
 20
109.3401324783
 30
0.0
 11
147.0131448768
 21
110.1801324783
 31
0.0
 12
147.1531448768
 22
110.0961324783
 32
0.0
 13
147.1531448768
 23
110.0961324783
 33
0.0
  0
SOLID
  5
402
100
AcDbEntity
  8
_03_2D_DRAWING_DIMENSION
100
AcDbTrace
 62
7
  6
BYLAYER
 10
147.1531448768
 20
109.3401324783
 30
0.0
 11
147.1531448768
 21
110.0961324783
 31
0.0
 12
147.1811448768
 22
108.3881324783
 32
0.0
 13
147.1811448768
 23
108.3881324783
 33
0.0
  0
SOLID
  5
403
100
AcDbEntity
  8
_03_2D_DRAWING_DIMENSION
100
AcDbTrace
 62
7
  6
BYLAYER
 10
147.1531448768
 20
109.2281324783
 30
0.0
 11
147.1531448768
 21
109.3401324783
 31
0.0
 12
147.1811448768
 22
108.3881324783
 32
0.0
 13
147.1811448768
 23
108.3881324783
 33
0.0
  0
SOLID
  5
404
100
AcDbEntity
  8
_03_2D_DRAWING_DIMENSION
100
AcDbTrace
 62
7
  6
BYLAYER
 10
147.1531448768
 20
109.1721324783
 30
0.0
 11
147.1531448768
 21
109.2281324783
 31
0.0
 12
147.1811448768
 22
108.3881324783
 32
0.0
 13
147.1811448768
 23
108.3881324783
 33
0.0
  0
SOLID
  5
405
100
AcDbEntity
  8
_03_2D_DRAWING_DIMENSION
100
AcDbTrace
 62
7
  6
BYLAYER
 10
147.1531448768
 20
109.1161324783
 30
0.0
 11
147.1531448768
 21
109.1721324783
 31
0.0
 12
147.1811448768
 22
108.3881324783
 32
0.0
 13
147.1811448768
 23
108.3881324783
 33
0.0
  0
SOLID
  5
406
100
AcDbEntity
  8
_03_2D_DRAWING_DIMENSION
100
AcDbTrace
 62
7
  6
BYLAYER
 10
147.1531448768
 20
109.1161324783
 30
0.0
 11
147.1811448768
 21
108.3881324783
 31
0.0
 12
147.0691448768
 22
108.2761324783
 32
0.0
 13
147.0691448768
 23
108.2761324783
 33
0.0
  0
SOLID
  5
407
100
AcDbEntity
  8
_03_2D_DRAWING_DIMENSION
100
AcDbTrace
 62
7
  6
BYLAYER
 10
147.1811448768
 20
108.3881324783
 30
0.0
 11
147.1531448768
 21
110.0961324783
 31
0.0
 12
147.2371448768
 22
109.9561324783
 32
0.0
 13
147.2371448768
 23
109.9561324783
 33
0.0
  0
SOLID
  5
408
100
AcDbEntity
  8
_03_2D_DRAWING_DIMENSION
100
AcDbTrace
 62
7
  6
BYLAYER
 10
147.2371448768
 20
109.9561324783
 30
0.0
 11
147.2931448768
 21
108.5281324783
 31
0.0
 12
147.1811448768
 22
108.3881324783
 32
0.0
 13
147.1811448768
 23
108.3881324783
 33
0.0
  0
SOLID
  5
409
100
AcDbEntity
  8
_03_2D_DRAWING_DIMENSION
100
AcDbTrace
 62
7
  6
BYLAYER
 10
147.2931448768
 20
108.5281324783
 30
0.0
 11
147.2371448768
 21
109.9561324783
 31
0.0
 12
147.3491448768
 22
109.8441324783
 32
0.0
 13
147.3491448768
 23
109.8441324783
 33
0.0
  0
SOLID
  5
40A
100
AcDbEntity
  8
_03_2D_DRAWING_DIMENSION
100
AcDbTrace
 62
7
  6
BYLAYER
 10
147.3491448768
 20
109.8441324783
 30
0.0
 11
147.3771448768
 21
108.6681324783
 31
0.0
 12
147.2931448768
 22
108.5281324783
 32
0.0
 13
147.2931448768
 23
108.5281324783
 33
0.0
  0
SOLID
  5
40B
100
AcDbEntity
  8
_03_2D_DRAWING_DIMENSION
100
AcDbTrace
 62
7
  6
BYLAYER
 10
147.3771448768
 20
108.6681324783
 30
0.0
 11
147.3491448768
 21
109.8441324783
 31
0.0
 12
147.4051448768
 22
109.6761324783
 32
0.0
 13
147.4051448768
 23
109.6761324783
 33
0.0
  0
SOLID
  5
40C
100
AcDbEntity
  8
_03_2D_DRAWING_DIMENSION
100
AcDbTrace
 62
7
  6
BYLAYER
 10
147.4891448768
 20
109.2281324783
 30
0.0
 11
147.4891448768
 21
109.0041324783
 31
0.0
 12
147.4611448768
 22
109.5361324783
 32
0.0
 13
147.4611448768
 23
109.5361324783
 33
0.0
  0
SOLID
  5
40D
100
AcDbEntity
  8
_03_2D_DRAWING_DIMENSION
100
AcDbTrace
 62
7
  6
BYLAYER
 10
147.4891448768
 20
109.2281324783
 30
0.0
 11
147.4611448768
 21
109.5361324783
 31
0.0
 12
147.4891448768
 22
109.3961324783
 32
0.0
 13
147.4891448768
 23
109.3961324783
 33
0.0
  0
SOLID
  5
40E
100
AcDbEntity
  8
_03_2D_DRAWING_DIMENSION
100
AcDbTrace
 62
7
  6
BYLAYER
 10
147.4051448768
 20
109.6761324783
 30
0.0
 11
147.4611448768
 21
109.5361324783
 31
0.0
 12
147.4891448768
 22
109.0041324783
 32
0.0
 13
147.4891448768
 23
109.0041324783
 33
0.0
  0
SOLID
  5
40F
100
AcDbEntity
  8
_03_2D_DRAWING_DIMENSION
100
AcDbTrace
 62
7
  6
BYLAYER
 10
147.3771448768
 20
108.6681324783
 30
0.0
 11
147.4051448768
 21
109.6761324783
 31
0.0
 12
147.4891448768
 22
109.0041324783
 32
0.0
 13
147.4891448768
 23
109.0041324783
 33
0.0
  0
SOLID
  5
410
100
AcDbEntity
  8
_03_2D_DRAWING_DIMENSION
100
AcDbTrace
 62
7
  6
BYLAYER
 10
147.4891448768
 20
109.0041324783
 30
0.0
 11
147.7971448768
 21
108.5281324783
 31
0.0
 12
147.3771448768
 22
108.6681324783
 32
0.0
 13
147.3771448768
 23
108.6681324783
 33
0.0
  0
SOLID
  5
411
100
AcDbEntity
  8
_03_2D_DRAWING_DIMENSION
100
AcDbTrace
 62
7
  6
BYLAYER
 10
147.8531448768
 20
108.5281324783
 30
0.0
 11
147.7971448768
 21
108.5281324783
 31
0.0
 12
147.4891448768
 22
109.0041324783
 32
0.0
 13
147.4891448768
 23
109.0041324783
 33
0.0
  0
SOLID
  5
412
100
AcDbEntity
  8
_03_2D_DRAWING_DIMENSION
100
AcDbTrace
 62
7
  6
BYLAYER
 10
147.9091448768
 20
108.5281324783
 30
0.0
 11
147.8531448768
 21
108.5281324783
 31
0.0
 12
147.4891448768
 22
109.0041324783
 32
0.0
 13
147.4891448768
 23
109.0041324783
 33
0.0
  0
SOLID
  5
413
100
AcDbEntity
  8
_03_2D_DRAWING_DIMENSION
100
AcDbTrace
 62
7
  6
BYLAYER
 10
147.9091448768
 20
108.5281324783
 30
0.0
 11
147.4891448768
 21
109.0041324783
 31
0.0
 12
147.9091448768
 22
108.8641324783
 32
0.0
 13
147.9091448768
 23
108.8641324783
 33
0.0
  0
SOLID
  5
414
100
AcDbEntity
  8
_03_2D_DRAWING_DIMENSION
100
AcDbTrace
 62
7
  6
BYLAYER
 10
147.9091448768
 20
108.8641324783
 30
0.0
 11
147.9651448768
 21
108.5561324783
 31
0.0
 12
147.9091448768
 22
108.5281324783
 32
0.0
 13
147.9091448768
 23
108.5281324783
 33
0.0
  0
SOLID
  5
415
100
AcDbEntity
  8
_03_2D_DRAWING_DIMENSION
100
AcDbTrace
 62
7
  6
BYLAYER
 10
147.9651448768
 20
108.5561324783
 30
0.0
 11
147.9091448768
 21
108.8641324783
 31
0.0
 12
147.9651448768
 22
108.8361324783
 32
0.0
 13
147.9651448768
 23
108.8361324783
 33
0.0
  0
SOLID
  5
416
100
AcDbEntity
  8
_03_2D_DRAWING_DIMENSION
100
AcDbTrace
 62
7
  6
BYLAYER
 10
147.9651448768
 20
108.8361324783
 30
0.0
 11
147.9931448768
 21
108.5841324783
 31
0.0
 12
147.9651448768
 22
108.5561324783
 32
0.0
 13
147.9651448768
 23
108.5561324783
 33
0.0
  0
SOLID
  5
417
100
AcDbEntity
  8
_03_2D_DRAWING_DIMENSION
100
AcDbTrace
 62
7
  6
BYLAYER
 10
147.9931448768
 20
108.5841324783
 30
0.0
 11
147.9651448768
 21
108.8361324783
 31
0.0
 12
147.9931448768
 22
108.8081324783
 32
0.0
 13
147.9931448768
 23
108.8081324783
 33
0.0
  0
SOLID
  5
418
100
AcDbEntity
  8
_03_2D_DRAWING_DIMENSION
100
AcDbTrace
 62
7
  6
BYLAYER
 10
147.9931448768
 20
108.8081324783
 30
0.0
 11
148.0211448768
 21
108.6401324783
 31
0.0
 12
147.9931448768
 22
108.5841324783
 32
0.0
 13
147.9931448768
 23
108.5841324783
 33
0.0
  0
SOLID
  5
419
100
AcDbEntity
  8
_03_2D_DRAWING_DIMENSION
100
AcDbTrace
 62
7
  6
BYLAYER
 10
148.0211448768
 20
108.6961324783
 30
0.0
 11
148.0211448768
 21
108.6401324783
 31
0.0
 12
147.9931448768
 22
108.8081324783
 32
0.0
 13
147.9931448768
 23
108.8081324783
 33
0.0
  0
SOLID
  5
41A
100
AcDbEntity
  8
_03_2D_DRAWING_DIMENSION
100
AcDbTrace
 62
7
  6
BYLAYER
 10
148.0211448768
 20
108.6961324783
 30
0.0
 11
147.9931448768
 21
108.8081324783
 31
0.0
 12
148.0211448768
 22
108.7521324783
 32
0.0
 13
148.0211448768
 23
108.7521324783
 33
0.0
  0
DIMENSION
  5
41B
100
AcDbEntity
  8
_03_2D_DRAWING_DIMENSION
100
AcDbDimension
 62
7
  6
BYLAYER
  2
*D12
 10
148.8986173343
 20
101.0806465029
 30
0.0
 11
148.8970308851
 21
123.1149159174
 31
0.0
 70
160
 71
3
 72
2
 41
0.9
 42
4.65
  1
{\fSymbol_ISO;\W1.0;⌀}<>
  3
DIMSTYLE_5
100
AcDbAlignedDimension
 13
98.2089994186
 23
96.4269968801
 33
0.0
 14
98.2086646224
 24
101.076996868
 34
0.0
 50
90.004125249
100
AcDbRotatedDimension
  0
DIMENSION
  5
41C
100
AcDbEntity
  8
_03_2D_DRAWING_DIMENSION
100
AcDbDimension
 62
7
  6
BYLAYER
  2
*D13
 10
102.7538320205
 20
78.6836619453
 30
0.0
 11
122.3656170987
 21
78.6836619453
 31
0.0
 70
160
 71
1
 72
2
 41
0.9
 42
6.465
  3
DIMSTYLE_6
100
AcDbAlignedDimension
 13
96.2888320205
 23
70.0911911832
 33
0.0
 14
102.7538320205
 24
74.0937101521
 34
0.0
100
AcDbRotatedDimension
  0
DIMENSION
  5
41D
100
AcDbEntity
  8
_03_2D_DRAWING_DIMENSION
100
AcDbDimension
 62
7
  6
BYLAYER
  2
*D14
 10
88.6688320205
 20
86.4462151368
 30
0.0
 11
115.0488740205
 21
86.4462151368
 31
0.0
 70
160
 71
1
 72
2
 41
0.9
 42
7.62
  1
3x <>
  3
DIMSTYLE_3
100
AcDbAlignedDimension
 13
96.2888320205
 23
70.0911911832
 33
0.0
 14
88.6688320205
 24
70.0911911832
 34
0.0
 50
180.0
100
AcDbRotatedDimension
  0
SOLID
  5
41E
100
AcDbEntity
  8
_03_2D_DRAWING_DIMENSION
100
AcDbTrace
 62
7
  6
BYLAYER
 10
38.2358599891
 20
50.7226453436
 30
0.0
 11
38.277268619
 21
50.7696062355
 31
0.0
 12
38.3396825105
 22
50.7646558666
 32
0.0
 13
38.3396825105
 23
50.7646558666
 33
0.0
  0
SOLID
  5
41F
100
AcDbEntity
  8
_03_2D_DRAWING_DIMENSION
100
AcDbTrace
 62
7
  6
BYLAYER
 10
38.3396825105
 20
50.7646558666
 30
0.0
 11
38.2204069895
 21
50.6861870825
 31
0.0
 12
38.2358599891
 22
50.7226453436
 32
0.0
 13
38.2358599891
 23
50.7226453436
 33
0.0
  0
SOLID
  5
420
100
AcDbEntity
  8
_03_2D_DRAWING_DIMENSION
100
AcDbTrace
 62
7
  6
BYLAYER
 10
38.2204069895
 20
50.6861870825
 30
0.0
 11
38.3396825105
 21
50.7646558666
 31
0.0
 12
38.4020964019
 22
50.7597054978
 32
0.0
 13
38.4020964019
 23
50.7597054978
 33
0.0
  0
SOLID
  5
421
100
AcDbEntity
  8
_03_2D_DRAWING_DIMENSION
100
AcDbTrace
 62
7
  6
BYLAYER
 10
38.4020964019
 20
50.7597054978
 30
0.0
 11
38.1789983595
 21
50.6392261906
 31
0.0
 12
38.2204069895
 22
50.6861870825
 32
0.0
 13
38.2204069895
 23
50.6861870825
 33
0.0
  0
SOLID
  5
422
100
AcDbEntity
  8
_03_2D_DRAWING_DIMENSION
100
AcDbTrace
 62
7
  6
BYLAYER
 10
38.1789983595
 20
50.6392261906
 30
0.0
 11
38.4020964019
 21
50.7597054978
 31
0.0
 12
38.4385546631
 22
50.7442524983
 32
0.0
 13
38.4385546631
 23
50.7442524983
 33
0.0
  0
SOLID
  5
423
100
AcDbEntity
  8
_03_2D_DRAWING_DIMENSION
100
AcDbTrace
 62
7
  6
BYLAYER
 10
38.4385546631
 20
50.7442524983
 30
0.0
 11
38.1740479907
 21
50.5768122991
 31
0.0
 12
38.1789983595
 22
50.6392261906
 32
0.0
 13
38.1789983595
 23
50.6392261906
 33
0.0
  0
SOLID
  5
424
100
AcDbEntity
  8
_03_2D_DRAWING_DIMENSION
100
AcDbTrace
 62
7
  6
BYLAYER
 10
38.1740479907
 20
50.5768122991
 30
0.0
 11
38.4385546631
 21
50.7442524983
 31
0.0
 12
38.4855155549
 22
50.7028438683
 32
0.0
 13
38.4855155549
 23
50.7028438683
 33
0.0
  0
SOLID
  5
425
100
AcDbEntity
  8
_03_2D_DRAWING_DIMENSION
100
AcDbTrace
 62
7
  6
BYLAYER
 10
37.8643861059
 20
49.99843049
 30
0.0
 11
38.0096172573
 21
50.0874019049
 31
0.0
 12
38.0979867791
 22
50.0929541669
 32
0.0
 13
38.0979867791
 23
50.0929541669
 33
0.0
  0
SOLID
  5
426
100
AcDbEntity
  8
_03_2D_DRAWING_DIMENSION
100
AcDbTrace
 62
7
  6
BYLAYER
 10
38.5324764468
 20
50.6614352384
 30
0.0
 11
38.527526078
 21
50.5990213469
 31
0.0
 12
38.2018093005
 22
50.13496469
 32
0.0
 13
38.2018093005
 23
50.13496469
 33
0.0
  0
SOLID
  5
427
100
AcDbEntity
  8
_03_2D_DRAWING_DIMENSION
100
AcDbTrace
 62
7
  6
BYLAYER
 10
38.4855155549
 20
50.7028438683
 30
0.0
 11
38.5324764468
 21
50.6614352384
 31
0.0
 12
38.2018093005
 22
50.13496469
 32
0.0
 13
38.2018093005
 23
50.13496469
 33
0.0
  0
SOLID
  5
428
100
AcDbEntity
  8
_03_2D_DRAWING_DIMENSION
100
AcDbTrace
 62
7
  6
BYLAYER
 10
38.4855155549
 20
50.7028438683
 30
0.0
 11
38.2018093005
 21
50.13496469
 31
0.0
 12
38.1740479907
 22
50.5768122991
 32
0.0
 13
38.1740479907
 23
50.5768122991
 33
0.0
  0
SOLID
  5
429
100
AcDbEntity
  8
_03_2D_DRAWING_DIMENSION
100
AcDbTrace
 62
7
  6
BYLAYER
 10
38.0979867791
 20
50.0929541669
 30
0.0
 11
38.2018093005
 21
50.13496469
 31
0.0
 12
37.7191549546
 22
49.909459075
 32
0.0
 13
37.7191549546
 23
49.909459075
 33
0.0
  0
SOLID
  5
42A
100
AcDbEntity
  8
_03_2D_DRAWING_DIMENSION
100
AcDbTrace
 62
7
  6
BYLAYER
 10
38.0979867791
 20
50.0929541669
 30
0.0
 11
37.7191549546
 21
49.909459075
 31
0.0
 12
37.8643861059
 22
49.99843049
 32
0.0
 13
37.8643861059
 23
49.99843049
 33
0.0
  0
SOLID
  5
42B
100
AcDbEntity
  8
_03_2D_DRAWING_DIMENSION
100
AcDbTrace
 62
7
  6
BYLAYER
 10
37.6103820644
 20
49.8050346605
 30
0.0
 11
37.7191549546
 21
49.909459075
 31
0.0
 12
38.2018093005
 22
50.13496469
 32
0.0
 13
38.2018093005
 23
50.13496469
 33
0.0
  0
SOLID
  5
42C
100
AcDbEntity
  8
_03_2D_DRAWING_DIMENSION
100
AcDbTrace
 62
7
  6
BYLAYER
 10
38.5552873878
 20
50.1571737378
 30
0.0
 11
37.6103820644
 21
49.8050346605
 31
0.0
 12
38.2018093005
 22
50.13496469
 32
0.0
 13
38.2018093005
 23
50.13496469
 33
0.0
  0
SOLID
  5
42D
100
AcDbEntity
  8
_03_2D_DRAWING_DIMENSION
100
AcDbTrace
 62
7
  6
BYLAYER
 10
38.2018093005
 20
50.13496469
 30
0.0
 11
38.527526078
 21
50.5990213469
 31
0.0
 12
38.5552873878
 22
50.1571737378
 32
0.0
 13
38.5552873878
 23
50.1571737378
 33
0.0
  0
SOLID
  5
42E
100
AcDbEntity
  8
_03_2D_DRAWING_DIMENSION
100
AcDbTrace
 62
7
  6
BYLAYER
 10
38.5552873878
 20
50.1571737378
 30
0.0
 11
37.5016091742
 21
49.7006102459
 31
0.0
 12
37.6103820644
 22
49.8050346605
 32
0.0
 13
37.6103820644
 23
49.8050346605
 33
0.0
  0
SOLID
  5
42F
100
AcDbEntity
  8
_03_2D_DRAWING_DIMENSION
100
AcDbTrace
 62
7
  6
BYLAYER
 10
37.5016091742
 20
49.7006102459
 30
0.0
 11
38.5552873878
 21
50.1571737378
 31
0.0
 12
38.7789873233
 22
50.1268696318
 32
0.0
 13
38.7789873233
 23
50.1268696318
 33
0.0
  0
SOLID
  5
430
100
AcDbEntity
  8
_03_2D_DRAWING_DIMENSION
100
AcDbTrace
 62
7
  6
BYLAYER
 10
38.7789873233
 20
50.1268696318
 30
0.0
 11
37.4138415455
 21
49.5442745707
 31
0.0
 12
37.5016091742
 22
49.7006102459
 32
0.0
 13
37.5016091742
 23
49.7006102459
 33
0.0
  0
SOLID
  5
431
100
AcDbEntity
  8
_03_2D_DRAWING_DIMENSION
100
AcDbTrace
 62
7
  6
BYLAYER
 10
37.3415269164
 20
49.4243971565
 30
0.0
 11
37.4138415455
 21
49.5442745707
 31
0.0
 12
38.7789873233
 22
50.1268696318
 32
0.0
 13
38.7789873233
 23
50.1268696318
 33
0.0
  0
SOLID
  5
432
100
AcDbEntity
  8
_03_2D_DRAWING_DIMENSION
100
AcDbTrace
 62
7
  6
BYLAYER
 10
38.0423289359
 20
49.7079681873
 30
0.0
 11
37.3415269164
 21
49.4243971565
 31
0.0
 12
38.7789873233
 22
50.1268696318
 32
0.0
 13
38.7789873233
 23
50.1268696318
 33
0.0
  0
SOLID
  5
433
100
AcDbEntity
  8
_03_2D_DRAWING_DIMENSION
100
AcDbTrace
 62
7
  6
BYLAYER
 10
38.1461514573
 20
49.7499787104
 30
0.0
 11
38.0423289359
 21
49.7079681873
 31
0.0
 12
38.7789873233
 22
50.1268696318
 32
0.0
 13
38.7789873233
 23
50.1268696318
 33
0.0
  0
SOLID
  5
434
100
AcDbEntity
  8
_03_2D_DRAWING_DIMENSION
100
AcDbTrace
 62
7
  6
BYLAYER
 10
38.1721070876
 20
49.7604813411
 30
0.0
 11
38.1461514573
 21
49.7499787104
 31
0.0
 12
38.7789873233
 22
50.1268696318
 32
0.0
 13
38.7789873233
 23
50.1268696318
 33
0.0
  0
SOLID
  5
435
100
AcDbEntity
  8
_03_2D_DRAWING_DIMENSION
100
AcDbTrace
 62
7
  6
BYLAYER
 10
38.2240183483
 20
49.7814866027
 30
0.0
 11
38.1721070876
 21
49.7604813411
 31
0.0
 12
38.7789873233
 22
50.1268696318
 32
0.0
 13
38.7789873233
 23
50.1268696318
 33
0.0
  0
SOLID
  5
436
100
AcDbEntity
  8
_03_2D_DRAWING_DIMENSION
100
AcDbTrace
 62
7
  6
BYLAYER
 10
38.2240183483
 20
49.7814866027
 30
0.0
 11
38.7789873233
 21
50.1268696318
 31
0.0
 12
38.9977368901
 22
50.0341516343
 32
0.0
 13
38.9977368901
 23
50.0341516343
 33
0.0
  0
SOLID
  5
437
100
AcDbEntity
  8
_03_2D_DRAWING_DIMENSION
100
AcDbTrace
 62
7
  6
BYLAYER
 10
37.8556891546
 20
49.5720358804
 30
0.0
 11
37.7728718947
 21
49.4781140967
 31
0.0
 12
37.2902175488
 22
49.2526084817
 32
0.0
 13
37.2902175488
 23
49.2526084817
 33
0.0
  0
SOLID
  5
438
100
AcDbEntity
  8
_03_2D_DRAWING_DIMENSION
100
AcDbTrace
 62
7
  6
BYLAYER
 10
37.9490090452
 20
49.6400020339
 30
0.0
 11
37.8556891546
 21
49.5720358804
 31
0.0
 12
37.2902175488
 22
49.2526084817
 32
0.0
 13
37.2902175488
 23
49.2526084817
 33
0.0
  0
SOLID
  5
439
100
AcDbEntity
  8
_03_2D_DRAWING_DIMENSION
100
AcDbTrace
 62
7
  6
BYLAYER
 10
38.0423289359
 20
49.7079681873
 30
0.0
 11
37.9490090452
 21
49.6400020339
 31
0.0
 12
37.2902175488
 22
49.2526084817
 32
0.0
 13
37.2902175488
 23
49.2526084817
 33
0.0
  0
SOLID
  5
43A
100
AcDbEntity
  8
_03_2D_DRAWING_DIMENSION
100
AcDbTrace
 62
7
  6
BYLAYER
 10
38.0423289359
 20
49.7079681873
 30
0.0
 11
37.2902175488
 21
49.2526084817
 31
0.0
 12
37.3415269164
 22
49.4243971565
 32
0.0
 13
37.3415269164
 23
49.4243971565
 33
0.0
  0
SOLID
  5
43B
100
AcDbEntity
  8
_03_2D_DRAWING_DIMENSION
100
AcDbTrace
 62
7
  6
BYLAYER
 10
37.2902175488
 20
49.2526084817
 30
0.0
 11
37.7728718947
 21
49.4781140967
 31
0.0
 12
37.7160102652
 22
49.3946949437
 32
0.0
 13
37.7160102652
 23
49.3946949437
 33
0.0
  0
SOLID
  5
43C
100
AcDbEntity
  8
_03_2D_DRAWING_DIMENSION
100
AcDbTrace
 62
7
  6
BYLAYER
 10
38.7023242186
 20
49.7937949129
 30
0.0
 11
38.5774964356
 21
49.8036956505
 31
0.0
 12
38.9977368901
 22
50.0341516343
 32
0.0
 13
38.9977368901
 23
50.0341516343
 33
0.0
  0
SOLID
  5
43D
100
AcDbEntity
  8
_03_2D_DRAWING_DIMENSION
100
AcDbTrace
 62
7
  6
BYLAYER
 10
38.7023242186
 20
49.7937949129
 30
0.0
 11
38.9977368901
 21
50.0341516343
 31
0.0
 12
39.1905308264
 22
49.930931006
 32
0.0
 13
39.1905308264
 23
49.930931006
 33
0.0
  0
SOLID
  5
43E
100
AcDbEntity
  8
_03_2D_DRAWING_DIMENSION
100
AcDbTrace
 62
7
  6
BYLAYER
 10
37.7160102652
 20
49.3946949437
 30
0.0
 11
37.2543611808
 21
49.117278068
 31
0.0
 12
37.2902175488
 22
49.2526084817
 32
0.0
 13
37.2902175488
 23
49.2526084817
 33
0.0
  0
SOLID
  5
43F
100
AcDbEntity
  8
_03_2D_DRAWING_DIMENSION
100
AcDbTrace
 62
7
  6
BYLAYER
 10
37.2543611808
 20
49.117278068
 30
0.0
 11
37.7160102652
 21
49.3946949437
 31
0.0
 12
37.6696512665
 22
49.2853201603
 32
0.0
 13
37.6696512665
 23
49.2853201603
 33
0.0
  0
SOLID
  5
440
100
AcDbEntity
  8
_03_2D_DRAWING_DIMENSION
100
AcDbTrace
 62
7
  6
BYLAYER
 10
39.1905308264
 20
49.930931006
 30
0.0
 11
38.8116990019
 21
49.7474359141
 31
0.0
 12
38.7023242186
 22
49.7937949129
 32
0.0
 13
38.7023242186
 23
49.7937949129
 33
0.0
  0
SOLID
  5
441
100
AcDbEntity
  8
_03_2D_DRAWING_DIMENSION
100
AcDbTrace
 62
7
  6
BYLAYER
 10
37.6696512665
 20
49.2853201603
 30
0.0
 11
37.6232922677
 21
49.1759453769
 31
0.0
 12
37.2290074436
 22
48.9559920239
 32
0.0
 13
37.2290074436
 23
48.9559920239
 33
0.0
  0
SOLID
  5
442
100
AcDbEntity
  8
_03_2D_DRAWING_DIMENSION
100
AcDbTrace
 62
7
  6
BYLAYER
 10
37.6696512665
 20
49.2853201603
 30
0.0
 11
37.2290074436
 21
48.9559920239
 31
0.0
 12
37.2543611808
 22
49.117278068
 32
0.0
 13
37.2543611808
 23
49.117278068
 33
0.0
  0
SOLID
  5
443
100
AcDbEntity
  8
_03_2D_DRAWING_DIMENSION
100
AcDbTrace
 62
7
  6
BYLAYER
 10
37.2290074436
 20
48.9559920239
 30
0.0
 11
37.6232922677
 21
49.1759453769
 31
0.0
 12
37.6028888993
 22
49.0770732243
 32
0.0
 13
37.6028888993
 23
49.0770732243
 33
0.0
  0
SOLID
  5
444
100
AcDbEntity
  8
_03_2D_DRAWING_DIMENSION
100
AcDbTrace
 62
7
  6
BYLAYER
 10
38.8951181549
 20
49.6905742846
 30
0.0
 11
38.8116990019
 21
49.7474359141
 31
0.0
 12
39.1905308264
 22
49.930931006
 32
0.0
 13
39.1905308264
 23
49.930931006
 33
0.0
  0
SOLID
  5
445
100
AcDbEntity
  8
_03_2D_DRAWING_DIMENSION
100
AcDbTrace
 62
7
  6
BYLAYER
 10
39.0044929383
 20
49.6442152859
 30
0.0
 11
38.8951181549
 21
49.6905742846
 31
0.0
 12
39.1905308264
 22
49.930931006
 32
0.0
 13
39.1905308264
 23
49.930931006
 33
0.0
  0
SOLID
  5
446
100
AcDbEntity
  8
_03_2D_DRAWING_DIMENSION
100
AcDbTrace
 62
7
  6
BYLAYER
 10
39.0044929383
 20
49.6442152859
 30
0.0
 11
39.1905308264
 21
49.930931006
 31
0.0
 12
39.3419161329
 22
49.7807494859
 32
0.0
 13
39.3419161329
 23
49.7807494859
 33
0.0
  0
SOLID
  5
447
100
AcDbEntity
  8
_03_2D_DRAWING_DIMENSION
100
AcDbTrace
 62
7
  6
BYLAYER
 10
39.3419161329
 20
49.7807494859
 30
0.0
 11
39.0984147221
 21
49.561398026
 31
0.0
 12
39.0044929383
 22
49.6442152859
 32
0.0
 13
39.0044929383
 23
49.6442152859
 33
0.0
  0
SOLID
  5
448
100
AcDbEntity
  8
_03_2D_DRAWING_DIMENSION
100
AcDbTrace
 62
7
  6
BYLAYER
 10
37.6028888993
 20
49.0770732243
 30
0.0
 11
37.5929881617
 21
48.9522454414
 31
0.0
 12
37.2401119675
 22
48.7792529803
 32
0.0
 13
37.2401119675
 23
48.7792529803
 33
0.0
  0
SOLID
  5
449
100
AcDbEntity
  8
_03_2D_DRAWING_DIMENSION
100
AcDbTrace
 62
7
  6
BYLAYER
 10
37.6028888993
 20
49.0770732243
 30
0.0
 11
37.2401119675
 21
48.7792529803
 31
0.0
 12
37.2290074436
 22
48.9559920239
 32
0.0
 13
37.2290074436
 23
48.9559920239
 33
0.0
  0
SOLID
  5
44A
100
AcDbEntity
  8
_03_2D_DRAWING_DIMENSION
100
AcDbTrace
 62
7
  6
BYLAYER
 10
37.2401119675
 20
48.7792529803
 30
0.0
 11
37.5929881617
 21
48.9522454414
 31
0.0
 12
37.6090430544
 22
48.8379202892
 32
0.0
 13
37.6090430544
 23
48.8379202892
 33
0.0
  0
SOLID
  5
44B
100
AcDbEntity
  8
_03_2D_DRAWING_DIMENSION
100
AcDbTrace
 62
7
  6
BYLAYER
 10
39.1663808755
 20
49.4680781354
 30
0.0
 11
39.0984147221
 21
49.561398026
 31
0.0
 12
39.3419161329
 22
49.7807494859
 32
0.0
 13
39.3419161329
 23
49.7807494859
 33
0.0
  0
SOLID
  5
44C
100
AcDbEntity
  8
_03_2D_DRAWING_DIMENSION
100
AcDbTrace
 62
7
  6
BYLAYER
 10
39.1663808755
 20
49.4680781354
 30
0.0
 11
39.3419161329
 21
49.7807494859
 31
0.0
 12
39.5038040701
 22
49.6046123354
 32
0.0
 13
39.5038040701
 23
49.6046123354
 33
0.0
  0
SOLID
  5
44D
100
AcDbEntity
  8
_03_2D_DRAWING_DIMENSION
100
AcDbTrace
 62
7
  6
BYLAYER
 10
37.6090430544
 20
48.8379202892
 30
0.0
 11
37.266669491
 21
48.6389721978
 31
0.0
 12
37.2401119675
 22
48.7792529803
 32
0.0
 13
37.2401119675
 23
48.7792529803
 33
0.0
  0
SOLID
  5
44E
100
AcDbEntity
  8
_03_2D_DRAWING_DIMENSION
100
AcDbTrace
 62
7
  6
BYLAYER
 10
37.266669491
 20
48.6389721978
 30
0.0
 11
37.6090430544
 21
48.8379202892
 31
0.0
 12
37.6250979471
 22
48.7235951371
 32
0.0
 13
37.6250979471
 23
48.7235951371
 33
0.0
  0
SOLID
  5
44F
100
AcDbEntity
  8
_03_2D_DRAWING_DIMENSION
100
AcDbTrace
 62
7
  6
BYLAYER
 10
39.5038040701
 20
49.6046123354
 30
0.0
 11
39.2343470289
 21
49.3747582447
 31
0.0
 12
39.1663808755
 22
49.4680781354
 32
0.0
 13
39.1663808755
 23
49.4680781354
 33
0.0
  0
SOLID
  5
450
100
AcDbEntity
  8
_03_2D_DRAWING_DIMENSION
100
AcDbTrace
 62
7
  6
BYLAYER
 10
37.6250979471
 20
48.7235951371
 30
0.0
 11
37.3296852757
 21
48.4832384157
 31
0.0
 12
37.266669491
 22
48.6389721978
 32
0.0
 13
37.266669491
 23
48.6389721978
 33
0.0
  0
SOLID
  5
451
100
AcDbEntity
  8
_03_2D_DRAWING_DIMENSION
100
AcDbTrace
 62
7
  6
BYLAYER
 10
37.3296852757
 20
48.4832384157
 30
0.0
 11
37.6250979471
 21
48.7235951371
 31
0.0
 12
37.6411528399
 22
48.6092699849
 32
0.0
 13
37.6411528399
 23
48.6092699849
 33
0.0
  0
SOLID
  5
452
100
AcDbEntity
  8
_03_2D_DRAWING_DIMENSION
100
AcDbTrace
 62
7
  6
BYLAYER
 10
39.276357552
 20
49.2709357233
 30
0.0
 11
39.2343470289
 21
49.3747582447
 31
0.0
 12
39.5038040701
 22
49.6046123354
 32
0.0
 13
39.5038040701
 23
49.6046123354
 33
0.0
  0
SOLID
  5
453
100
AcDbEntity
  8
_03_2D_DRAWING_DIMENSION
100
AcDbTrace
 62
7
  6
BYLAYER
 10
39.276357552
 20
49.2709357233
 30
0.0
 11
39.5038040701
 21
49.6046123354
 31
0.0
 12
39.5878251162
 22
49.3969672926
 32
0.0
 13
39.5878251162
 23
49.3969672926
 33
0.0
  0
SOLID
  5
454
100
AcDbEntity
  8
_03_2D_DRAWING_DIMENSION
100
AcDbTrace
 62
7
  6
BYLAYER
 10
39.5878251162
 20
49.3969672926
 30
0.0
 11
39.3183680751
 21
49.1671132019
 31
0.0
 12
39.276357552
 22
49.2709357233
 32
0.0
 13
39.276357552
 23
49.2709357233
 33
0.0
  0
SOLID
  5
455
100
AcDbEntity
  8
_03_2D_DRAWING_DIMENSION
100
AcDbTrace
 62
7
  6
BYLAYER
 10
37.6411528399
 20
48.6092699849
 30
0.0
 11
37.7091189933
 21
48.5159500942
 31
0.0
 12
37.3927010603
 22
48.3275046335
 32
0.0
 13
37.3927010603
 23
48.3275046335
 33
0.0
  0
SOLID
  5
456
100
AcDbEntity
  8
_03_2D_DRAWING_DIMENSION
100
AcDbTrace
 62
7
  6
BYLAYER
 10
37.6411528399
 20
48.6092699849
 30
0.0
 11
37.3927010603
 21
48.3275046335
 31
0.0
 12
37.3296852757
 22
48.4832384157
 32
0.0
 13
37.3296852757
 23
48.4832384157
 33
0.0
  0
SOLID
  5
457
100
AcDbEntity
  8
_03_2D_DRAWING_DIMENSION
100
AcDbTrace
 62
7
  6
BYLAYER
 10
39.3183680751
 20
49.1671132019
 30
0.0
 11
39.5878251162
 21
49.3969672926
 31
0.0
 12
39.6508409008
 22
49.2412335104
 32
0.0
 13
39.6508409008
 23
49.2412335104
 33
0.0
  0
SOLID
  5
458
100
AcDbEntity
  8
_03_2D_DRAWING_DIMENSION
100
AcDbTrace
 62
7
  6
BYLAYER
 10
37.3927010603
 20
48.3275046335
 30
0.0
 11
37.7091189933
 21
48.5159500942
 31
0.0
 12
37.7770851467
 22
48.4226302036
 32
0.0
 13
37.7770851467
 23
48.4226302036
 33
0.0
  0
SOLID
  5
459
100
AcDbEntity
  8
_03_2D_DRAWING_DIMENSION
100
AcDbTrace
 62
7
  6
BYLAYER
 10
39.6508409008
 20
49.2412335104
 30
0.0
 11
39.3344229678
 21
49.0527880497
 31
0.0
 12
39.3183680751
 22
49.1671132019
 32
0.0
 13
39.3183680751
 23
49.1671132019
 33
0.0
  0
SOLID
  5
45A
100
AcDbEntity
  8
_03_2D_DRAWING_DIMENSION
100
AcDbTrace
 62
7
  6
BYLAYER
 10
39.3344229678
 20
49.0527880497
 30
0.0
 11
39.6508409008
 21
49.2412335104
 31
0.0
 12
39.6773984243
 22
49.1009527279
 32
0.0
 13
39.6773984243
 23
49.1009527279
 33
0.0
  0
SOLID
  5
45B
100
AcDbEntity
  8
_03_2D_DRAWING_DIMENSION
100
AcDbTrace
 62
7
  6
BYLAYER
 10
37.7770851467
 20
48.4226302036
 30
0.0
 11
37.5076281056
 21
48.192776113
 31
0.0
 12
37.3927010603
 22
48.3275046335
 32
0.0
 13
37.3927010603
 23
48.3275046335
 33
0.0
  0
SOLID
  5
45C
100
AcDbEntity
  8
_03_2D_DRAWING_DIMENSION
100
AcDbTrace
 62
7
  6
BYLAYER
 10
37.5076281056
 20
48.192776113
 30
0.0
 11
37.7770851467
 21
48.4226302036
 31
0.0
 12
37.8450513002
 22
48.329310313
 32
0.0
 13
37.8450513002
 23
48.329310313
 33
0.0
  0
SOLID
  5
45D
100
AcDbEntity
  8
_03_2D_DRAWING_DIMENSION
100
AcDbTrace
 62
7
  6
BYLAYER
 10
39.6773984243
 20
49.1009527279
 30
0.0
 11
39.3504778605
 21
48.9384628976
 31
0.0
 12
39.3344229678
 22
49.0527880497
 32
0.0
 13
39.3344229678
 23
49.0527880497
 33
0.0
  0
SOLID
  5
45E
100
AcDbEntity
  8
_03_2D_DRAWING_DIMENSION
100
AcDbTrace
 62
7
  6
BYLAYER
 10
39.3405771229
 20
48.8136351146
 30
0.0
 11
39.3504778605
 21
48.9384628976
 31
0.0
 12
39.6773984243
 22
49.1009527279
 32
0.0
 13
39.6773984243
 23
49.1009527279
 33
0.0
  0
SOLID
  5
45F
100
AcDbEntity
  8
_03_2D_DRAWING_DIMENSION
100
AcDbTrace
 62
7
  6
BYLAYER
 10
39.3405771229
 20
48.8136351146
 30
0.0
 11
39.6773984243
 21
49.1009527279
 31
0.0
 12
39.6885029482
 22
48.9242136843
 32
0.0
 13
39.6885029482
 23
48.9242136843
 33
0.0
  0
SOLID
  5
460
100
AcDbEntity
  8
_03_2D_DRAWING_DIMENSION
100
AcDbTrace
 62
7
  6
BYLAYER
 10
37.8450513002
 20
48.329310313
 30
0.0
 11
37.9389730839
 21
48.2464930531
 31
0.0
 12
37.6225551509
 22
48.0580475924
 32
0.0
 13
37.6225551509
 23
48.0580475924
 33
0.0
  0
SOLID
  5
461
100
AcDbEntity
  8
_03_2D_DRAWING_DIMENSION
100
AcDbTrace
 62
7
  6
BYLAYER
 10
37.8450513002
 20
48.329310313
 30
0.0
 11
37.6225551509
 21
48.0580475924
 31
0.0
 12
37.5076281056
 22
48.192776113
 32
0.0
 13
37.5076281056
 23
48.192776113
 33
0.0
  0
SOLID
  5
462
100
AcDbEntity
  8
_03_2D_DRAWING_DIMENSION
100
AcDbTrace
 62
7
  6
BYLAYER
 10
37.6225551509
 20
48.0580475924
 30
0.0
 11
37.9389730839
 21
48.2464930531
 31
0.0
 12
38.0223922369
 22
48.1896314236
 32
0.0
 13
38.0223922369
 23
48.1896314236
 33
0.0
  0
SOLID
  5
463
100
AcDbEntity
  8
_03_2D_DRAWING_DIMENSION
100
AcDbTrace
 62
7
  6
BYLAYER
 10
39.6885029482
 20
48.9242136843
 30
0.0
 11
39.2942181242
 21
48.7042603313
 31
0.0
 12
39.3405771229
 22
48.8136351146
 32
0.0
 13
39.3405771229
 23
48.8136351146
 33
0.0
  0
SOLID
  5
464
100
AcDbEntity
  8
_03_2D_DRAWING_DIMENSION
100
AcDbTrace
 62
7
  6
BYLAYER
 10
39.2738147558
 20
48.6053881787
 30
0.0
 11
39.2942181242
 21
48.7042603313
 31
0.0
 12
39.6885029482
 22
48.9242136843
 32
0.0
 13
39.6885029482
 23
48.9242136843
 33
0.0
  0
SOLID
  5
465
100
AcDbEntity
  8
_03_2D_DRAWING_DIMENSION
100
AcDbTrace
 62
7
  6
BYLAYER
 10
39.2738147558
 20
48.6053881787
 30
0.0
 11
39.6885029482
 21
48.9242136843
 31
0.0
 12
39.6891048414
 22
48.773430271
 32
0.0
 13
39.6891048414
 23
48.773430271
 33
0.0
  0
SOLID
  5
466
100
AcDbEntity
  8
_03_2D_DRAWING_DIMENSION
100
AcDbTrace
 62
7
  6
BYLAYER
 10
38.0223922369
 20
48.1896314236
 30
0.0
 11
38.1317670203
 21
48.1432724248
 31
0.0
 12
37.7529351958
 22
47.959777333
 32
0.0
 13
37.7529351958
 23
47.959777333
 33
0.0
  0
SOLID
  5
467
100
AcDbEntity
  8
_03_2D_DRAWING_DIMENSION
100
AcDbTrace
 62
7
  6
BYLAYER
 10
38.0223922369
 20
48.1896314236
 30
0.0
 11
37.7529351958
 21
47.959777333
 31
0.0
 12
37.6225551509
 22
48.0580475924
 32
0.0
 13
37.6225551509
 23
48.0580475924
 33
0.0
  0
SOLID
  5
468
100
AcDbEntity
  8
_03_2D_DRAWING_DIMENSION
100
AcDbTrace
 62
7
  6
BYLAYER
 10
37.7529351958
 20
47.959777333
 30
0.0
 11
38.1317670203
 21
48.1432724248
 31
0.0
 12
38.2411418037
 22
48.0969134261
 32
0.0
 13
38.2411418037
 23
48.0969134261
 33
0.0
  0
SOLID
  5
469
100
AcDbEntity
  8
_03_2D_DRAWING_DIMENSION
100
AcDbTrace
 62
7
  6
BYLAYER
 10
39.6891048414
 20
48.773430271
 30
0.0
 11
39.227455757
 21
48.4960133953
 31
0.0
 12
39.2738147558
 22
48.6053881787
 32
0.0
 13
39.2738147558
 23
48.6053881787
 33
0.0
  0
SOLID
  5
46A
100
AcDbEntity
  8
_03_2D_DRAWING_DIMENSION
100
AcDbTrace
 62
7
  6
BYLAYER
 10
39.227455757
 20
48.4960133953
 30
0.0
 11
39.6891048414
 21
48.773430271
 31
0.0
 12
39.627292843
 22
48.6275972265
 32
0.0
 13
39.627292843
 23
48.6275972265
 33
0.0
  0
SOLID
  5
46B
100
AcDbEntity
  8
_03_2D_DRAWING_DIMENSION
100
AcDbTrace
 62
7
  6
BYLAYER
 10
38.2240183483
 20
49.7814866027
 30
0.0
 11
38.9977368901
 21
50.0341516343
 31
0.0
 12
38.5774964356
 22
49.8036956505
 32
0.0
 13
38.5774964356
 23
49.8036956505
 33
0.0
  0
SOLID
  5
46C
100
AcDbEntity
  8
_03_2D_DRAWING_DIMENSION
100
AcDbTrace
 62
7
  6
BYLAYER
 10
38.5774964356
 20
49.8036956505
 30
0.0
 11
38.3400139563
 21
48.0765100577
 31
0.0
 12
38.2240183483
 22
49.7814866027
 32
0.0
 13
38.2240183483
 23
49.7814866027
 33
0.0
  0
SOLID
  5
46D
100
AcDbEntity
  8
_03_2D_DRAWING_DIMENSION
100
AcDbTrace
 62
7
  6
BYLAYER
 10
39.627292843
 20
48.6275972265
 30
0.0
 11
39.1446384971
 21
48.4020916115
 31
0.0
 12
39.227455757
 22
48.4960133953
 32
0.0
 13
39.227455757
 23
48.4960133953
 33
0.0
  0
SOLID
  5
46E
100
AcDbEntity
  8
_03_2D_DRAWING_DIMENSION
100
AcDbTrace
 62
7
  6
BYLAYER
 10
38.2411418037
 20
48.0969134261
 30
0.0
 11
38.3400139563
 21
48.0765100577
 31
0.0
 12
37.8833152407
 22
47.8615070735
 32
0.0
 13
37.8833152407
 23
47.8615070735
 33
0.0
  0
SOLID
  5
46F
100
AcDbEntity
  8
_03_2D_DRAWING_DIMENSION
100
AcDbTrace
 62
7
  6
BYLAYER
 10
38.2411418037
 20
48.0969134261
 30
0.0
 11
37.8833152407
 21
47.8615070735
 31
0.0
 12
37.7529351958
 22
47.959777333
 32
0.0
 13
37.7529351958
 23
47.959777333
 33
0.0
  0
SOLID
  5
470
100
AcDbEntity
  8
_03_2D_DRAWING_DIMENSION
100
AcDbTrace
 62
7
  6
BYLAYER
 10
38.6934920435
 20
48.0987191055
 30
0.0
 11
37.8833152407
 21
47.8615070735
 31
0.0
 12
38.3400139563
 22
48.0765100577
 32
0.0
 13
38.3400139563
 23
48.0765100577
 33
0.0
  0
SOLID
  5
471
100
AcDbEntity
  8
_03_2D_DRAWING_DIMENSION
100
AcDbTrace
 62
7
  6
BYLAYER
 10
38.3400139563
 20
48.0765100577
 30
0.0
 11
38.5774964356
 21
49.8036956505
 31
0.0
 12
38.6934920435
 22
48.0987191055
 32
0.0
 13
38.6934920435
 23
48.0987191055
 33
0.0
  0
SOLID
  5
472
100
AcDbEntity
  8
_03_2D_DRAWING_DIMENSION
100
AcDbTrace
 62
7
  6
BYLAYER
 10
39.0877768676
 20
48.3186724585
 30
0.0
 11
39.1446384971
 21
48.4020916115
 31
0.0
 12
39.627292843
 22
48.6275972265
 32
0.0
 13
39.627292843
 23
48.6275972265
 33
0.0
  0
SOLID
  5
473
100
AcDbEntity
  8
_03_2D_DRAWING_DIMENSION
100
AcDbTrace
 62
7
  6
BYLAYER
 10
38.994456977
 20
48.2507063051
 30
0.0
 11
39.0877768676
 21
48.3186724585
 31
0.0
 12
39.627292843
 22
48.6275972265
 32
0.0
 13
39.627292843
 23
48.6275972265
 33
0.0
  0
SOLID
  5
474
100
AcDbEntity
  8
_03_2D_DRAWING_DIMENSION
100
AcDbTrace
 62
7
  6
BYLAYER
 10
38.9011370864
 20
48.1827401517
 30
0.0
 11
38.994456977
 21
48.2507063051
 31
0.0
 12
39.627292843
 22
48.6275972265
 32
0.0
 13
39.627292843
 23
48.6275972265
 33
0.0
  0
SOLID
  5
475
100
AcDbEntity
  8
_03_2D_DRAWING_DIMENSION
100
AcDbTrace
 62
7
  6
BYLAYER
 10
38.9011370864
 20
48.1827401517
 30
0.0
 11
39.627292843
 21
48.6275972265
 31
0.0
 12
39.6019391058
 22
48.4663111824
 32
0.0
 13
39.6019391058
 23
48.4663111824
 33
0.0
  0
SOLID
  5
476
100
AcDbEntity
  8
_03_2D_DRAWING_DIMENSION
100
AcDbTrace
 62
7
  6
BYLAYER
 10
38.9011370864
 20
48.1827401517
 30
0.0
 11
39.6019391058
 21
48.4663111824
 31
0.0
 12
38.0291482852
 22
47.7996950752
 32
0.0
 13
38.0291482852
 23
47.7996950752
 33
0.0
  0
SOLID
  5
477
100
AcDbEntity
  8
_03_2D_DRAWING_DIMENSION
100
AcDbTrace
 62
7
  6
BYLAYER
 10
38.7973145649
 20
48.1407296286
 30
0.0
 11
38.9011370864
 21
48.1827401517
 31
0.0
 12
38.0291482852
 22
47.7996950752
 32
0.0
 13
38.0291482852
 23
47.7996950752
 33
0.0
  0
SOLID
  5
478
100
AcDbEntity
  8
_03_2D_DRAWING_DIMENSION
100
AcDbTrace
 62
7
  6
BYLAYER
 10
38.7454033042
 20
48.1197243671
 30
0.0
 11
38.7973145649
 21
48.1407296286
 31
0.0
 12
38.0291482852
 22
47.7996950752
 32
0.0
 13
38.0291482852
 23
47.7996950752
 33
0.0
  0
SOLID
  5
479
100
AcDbEntity
  8
_03_2D_DRAWING_DIMENSION
100
AcDbTrace
 62
7
  6
BYLAYER
 10
38.6934920435
 20
48.0987191055
 30
0.0
 11
38.7454033042
 21
48.1197243671
 31
0.0
 12
38.0291482852
 22
47.7996950752
 32
0.0
 13
38.0291482852
 23
47.7996950752
 33
0.0
  0
SOLID
  5
47A
100
AcDbEntity
  8
_03_2D_DRAWING_DIMENSION
100
AcDbTrace
 62
7
  6
BYLAYER
 10
38.6934920435
 20
48.0987191055
 30
0.0
 11
38.0291482852
 21
47.7996950752
 31
0.0
 12
37.8833152407
 22
47.8615070735
 32
0.0
 13
37.8833152407
 23
47.8615070735
 33
0.0
  0
SOLID
  5
47B
100
AcDbEntity
  8
_03_2D_DRAWING_DIMENSION
100
AcDbTrace
 62
7
  6
BYLAYER
 10
38.0291482852
 20
47.7996950752
 30
0.0
 11
39.6019391058
 21
48.4663111824
 31
0.0
 12
39.5036688464
 22
48.3359311375
 32
0.0
 13
39.5036688464
 23
48.3359311375
 33
0.0
  0
SOLID
  5
47C
100
AcDbEntity
  8
_03_2D_DRAWING_DIMENSION
100
AcDbTrace
 62
7
  6
BYLAYER
 10
39.5036688464
 20
48.3359311375
 30
0.0
 11
38.20093696
 21
47.7483857076
 31
0.0
 12
38.0291482852
 22
47.7996950752
 32
0.0
 13
38.0291482852
 23
47.7996950752
 33
0.0
  0
SOLID
  5
47D
100
AcDbEntity
  8
_03_2D_DRAWING_DIMENSION
100
AcDbTrace
 62
7
  6
BYLAYER
 10
38.20093696
 20
47.7483857076
 30
0.0
 11
39.5036688464
 21
48.3359311375
 31
0.0
 12
39.4418568481
 22
48.1900980931
 32
0.0
 13
39.4418568481
 23
48.1900980931
 33
0.0
  0
SOLID
  5
47E
100
AcDbEntity
  8
_03_2D_DRAWING_DIMENSION
100
AcDbTrace
 62
7
  6
BYLAYER
 10
39.4418568481
 20
48.1900980931
 30
0.0
 11
38.3622230041
 21
47.7230319704
 31
0.0
 12
38.20093696
 22
47.7483857076
 32
0.0
 13
38.20093696
 23
47.7483857076
 33
0.0
  0
SOLID
  5
47F
100
AcDbEntity
  8
_03_2D_DRAWING_DIMENSION
100
AcDbTrace
 62
7
  6
BYLAYER
 10
38.3622230041
 20
47.7230319704
 30
0.0
 11
39.4418568481
 21
48.1900980931
 31
0.0
 12
39.3071283275
 22
48.0751710477
 32
0.0
 13
39.3071283275
 23
48.0751710477
 33
0.0
  0
SOLID
  5
480
100
AcDbEntity
  8
_03_2D_DRAWING_DIMENSION
100
AcDbTrace
 62
7
  6
BYLAYER
 10
38.9233461342
 20
47.8292620644
 30
0.0
 11
38.7157010914
 21
47.7452410182
 31
0.0
 12
39.1983554373
 22
47.9707466332
 32
0.0
 13
39.1983554373
 23
47.9707466332
 33
0.0
  0
SOLID
  5
481
100
AcDbEntity
  8
_03_2D_DRAWING_DIMENSION
100
AcDbTrace
 62
7
  6
BYLAYER
 10
38.9233461342
 20
47.8292620644
 30
0.0
 11
39.1983554373
 21
47.9707466332
 31
0.0
 12
39.0790799163
 22
47.892277849
 32
0.0
 13
39.0790799163
 23
47.892277849
 33
0.0
  0
SOLID
  5
482
100
AcDbEntity
  8
_03_2D_DRAWING_DIMENSION
100
AcDbTrace
 62
7
  6
BYLAYER
 10
39.3071283275
 20
48.0751710477
 30
0.0
 11
39.1983554373
 21
47.9707466332
 31
0.0
 12
38.7157010914
 22
47.7452410182
 32
0.0
 13
38.7157010914
 23
47.7452410182
 33
0.0
  0
SOLID
  5
483
100
AcDbEntity
  8
_03_2D_DRAWING_DIMENSION
100
AcDbTrace
 62
7
  6
BYLAYER
 10
38.3622230041
 20
47.7230319704
 30
0.0
 11
39.3071283275
 21
48.0751710477
 31
0.0
 12
38.7157010914
 22
47.7452410182
 32
0.0
 13
38.7157010914
 23
47.7452410182
 33
0.0
  0
SOLID
  5
484
100
AcDbEntity
  8
_03_2D_DRAWING_DIMENSION
100
AcDbTrace
 62
7
  6
BYLAYER
 10
38.7157010914
 20
47.7452410182
 30
0.0
 11
38.3899843139
 21
47.2811843613
 31
0.0
 12
38.3622230041
 22
47.7230319704
 32
0.0
 13
38.3622230041
 23
47.7230319704
 33
0.0
  0
SOLID
  5
485
100
AcDbEntity
  8
_03_2D_DRAWING_DIMENSION
100
AcDbTrace
 62
7
  6
BYLAYER
 10
38.4109895754
 20
47.2292731006
 30
0.0
 11
38.3899843139
 21
47.2811843613
 31
0.0
 12
38.7157010914
 22
47.7452410182
 32
0.0
 13
38.7157010914
 23
47.7452410182
 33
0.0
  0
SOLID
  5
486
100
AcDbEntity
  8
_03_2D_DRAWING_DIMENSION
100
AcDbTrace
 62
7
  6
BYLAYER
 10
38.4319948369
 20
47.1773618399
 30
0.0
 11
38.4109895754
 21
47.2292731006
 31
0.0
 12
38.7157010914
 22
47.7452410182
 32
0.0
 13
38.7157010914
 23
47.7452410182
 33
0.0
  0
SOLID
  5
487
100
AcDbEntity
  8
_03_2D_DRAWING_DIMENSION
100
AcDbTrace
 62
7
  6
BYLAYER
 10
38.4319948369
 20
47.1773618399
 30
0.0
 11
38.7157010914
 21
47.7452410182
 31
0.0
 12
38.7434624011
 22
47.3033934091
 32
0.0
 13
38.7434624011
 23
47.3033934091
 33
0.0
  0
SOLID
  5
488
100
AcDbEntity
  8
_03_2D_DRAWING_DIMENSION
100
AcDbTrace
 62
7
  6
BYLAYER
 10
38.7434624011
 20
47.3033934091
 30
0.0
 11
38.4789557288
 21
47.13595321
 31
0.0
 12
38.4319948369
 22
47.1773618399
 32
0.0
 13
38.4319948369
 23
47.1773618399
 33
0.0
  0
SOLID
  5
489
100
AcDbEntity
  8
_03_2D_DRAWING_DIMENSION
100
AcDbTrace
 62
7
  6
BYLAYER
 10
38.4789557288
 20
47.13595321
 30
0.0
 11
38.7434624011
 21
47.3033934091
 31
0.0
 12
38.7385120323
 22
47.2409795176
 32
0.0
 13
38.7385120323
 23
47.2409795176
 33
0.0
  0
SOLID
  5
48A
100
AcDbEntity
  8
_03_2D_DRAWING_DIMENSION
100
AcDbTrace
 62
7
  6
BYLAYER
 10
38.7385120323
 20
47.2409795176
 30
0.0
 11
38.5154139899
 21
47.1205002104
 31
0.0
 12
38.4789557288
 22
47.13595321
 32
0.0
 13
38.4789557288
 23
47.13595321
 33
0.0
  0
SOLID
  5
48B
100
AcDbEntity
  8
_03_2D_DRAWING_DIMENSION
100
AcDbTrace
 62
7
  6
BYLAYER
 10
38.5154139899
 20
47.1205002104
 30
0.0
 11
38.7385120323
 21
47.2409795176
 31
0.0
 12
38.7230590327
 22
47.2045212565
 32
0.0
 13
38.7230590327
 23
47.2045212565
 33
0.0
  0
SOLID
  5
48C
100
AcDbEntity
  8
_03_2D_DRAWING_DIMENSION
100
AcDbTrace
 62
7
  6
BYLAYER
 10
38.7230590327
 20
47.2045212565
 30
0.0
 11
38.5778278814
 21
47.1155498416
 31
0.0
 12
38.5154139899
 22
47.1205002104
 32
0.0
 13
38.5154139899
 23
47.1205002104
 33
0.0
  0
SOLID
  5
48D
100
AcDbEntity
  8
_03_2D_DRAWING_DIMENSION
100
AcDbTrace
 62
7
  6
BYLAYER
 10
38.6297391421
 20
47.1365551031
 30
0.0
 11
38.5778278814
 21
47.1155498416
 31
0.0
 12
38.7230590327
 22
47.2045212565
 32
0.0
 13
38.7230590327
 23
47.2045212565
 33
0.0
  0
SOLID
  5
48E
100
AcDbEntity
  8
_03_2D_DRAWING_DIMENSION
100
AcDbTrace
 62
7
  6
BYLAYER
 10
38.6297391421
 20
47.1365551031
 30
0.0
 11
38.7230590327
 21
47.2045212565
 31
0.0
 12
38.6816504028
 22
47.1575603646
 32
0.0
 13
38.6816504028
 23
47.1575603646
 33
0.0
  0
DIMENSION
  5
48F
100
AcDbEntity
  8
_03_2D_DRAWING_DIMENSION
100
AcDbDimension
 62
7
  6
BYLAYER
  2
*D15
 10
68.5064478626
 20
58.2818841268
 30
0.0
 11
46.3044305651
 21
52.1298628566
 31
0.0
 70
163
 71
3
 72
2
 41
0.9
 42
2.4
  1
8x {\fSymbol_ISO;\W1.0;⌀}<>
  3
DIMSTYLE_7
100
AcDbDiametricDimension
 15
70.7312161784
 25
59.1821096213
 35
0.0
  0
DIMENSION
  5
490
100
AcDbEntity
  8
_03_2D_DRAWING_DIMENSION
100
AcDbDimension
 62
7
  6
BYLAYER
  2
*D16
 10
92.4788320205
 20
38.5257069808
 30
0.0
 11
66.6398527724
 21
38.5257069808
 31
0.0
 70
160
 71
3
 72
2
 41
0.9
 42
7.62
  1
3x <>
  3
DIMSTYLE_3
100
AcDbAlignedDimension
 13
84.8588320205
 23
54.4813672048
 33
0.0
 14
92.4788320205
 24
54.581430179
 34
0.0
100
AcDbRotatedDimension
  0
DIMENSION
  5
491
100
AcDbEntity
  8
_03_2D_DRAWING_DIMENSION
100
AcDbDimension
 62
7
  6
BYLAYER
  2
*D17
 10
96.2963489914
 20
28.9081149259
 30
0.0
 11
64.5784837844
 21
28.9010565053
 31
0.0
 70
160
 71
3
 72
2
 41
0.9
 42
13.323598968
  3
DIMSTYLE_3
100
AcDbAlignedDimension
 13
82.9688320205
 23
46.5126514784
 33
0.0
 14
96.2888320205
 24
62.6865310909
 34
0.0
 50
0.0127504705
100
AcDbRotatedDimension
  0
DIMENSION
  5
492
100
AcDbEntity
  8
_03_2D_DRAWING_DIMENSION
100
AcDbDimension
 62
7
  6
BYLAYER
  2
*D18
 10
92.4788320205
 20
45.4580502432
 30
0.0
 11
111.8709912121
 21
45.4580502432
 31
0.0
 70
160
 71
1
 72
2
 41
0.9
 42
3.81
  3
DIMSTYLE_8
100
AcDbAlignedDimension
 13
96.2888320205
 23
62.6865310909
 33
0.0
 14
92.4788320205
 24
54.581430179
 34
0.0
 50
180.0
100
AcDbRotatedDimension
  0
SOLID
  5
493
100
AcDbEntity
  8
_03_2D_DRAWING_DIMENSION
100
AcDbTrace
 62
7
  6
BYLAYER
 10
113.0271910151
 20
25.4802965639
 30
0.0
 11
113.0831910151
 21
25.5082965639
 31
0.0
 12
113.1391910151
 22
25.4802965639
 32
0.0
 13
113.1391910151
 23
25.4802965639
 33
0.0
  0
SOLID
  5
494
100
AcDbEntity
  8
_03_2D_DRAWING_DIMENSION
100
AcDbTrace
 62
7
  6
BYLAYER
 10
113.1391910151
 20
25.4802965639
 30
0.0
 11
112.9991910151
 21
25.4522965639
 31
0.0
 12
113.0271910151
 22
25.4802965639
 32
0.0
 13
113.0271910151
 23
25.4802965639
 33
0.0
  0
SOLID
  5
495
100
AcDbEntity
  8
_03_2D_DRAWING_DIMENSION
100
AcDbTrace
 62
7
  6
BYLAYER
 10
112.9991910151
 20
25.4522965639
 30
0.0
 11
113.1391910151
 21
25.4802965639
 31
0.0
 12
113.1951910151
 22
25.4522965639
 32
0.0
 13
113.1951910151
 23
25.4522965639
 33
0.0
  0
SOLID
  5
496
100
AcDbEntity
  8
_03_2D_DRAWING_DIMENSION
100
AcDbTrace
 62
7
  6
BYLAYER
 10
113.1951910151
 20
25.4522965639
 30
0.0
 11
112.9431910151
 21
25.4242965639
 31
0.0
 12
112.9991910151
 22
25.4522965639
 32
0.0
 13
112.9991910151
 23
25.4522965639
 33
0.0
  0
SOLID
  5
497
100
AcDbEntity
  8
_03_2D_DRAWING_DIMENSION
100
AcDbTrace
 62
7
  6
BYLAYER
 10
112.9431910151
 20
25.4242965639
 30
0.0
 11
113.1951910151
 21
25.4522965639
 31
0.0
 12
113.2231910151
 22
25.4242965639
 32
0.0
 13
113.2231910151
 23
25.4242965639
 33
0.0
  0
SOLID
  5
498
100
AcDbEntity
  8
_03_2D_DRAWING_DIMENSION
100
AcDbTrace
 62
7
  6
BYLAYER
 10
113.2231910151
 20
25.4242965639
 30
0.0
 11
112.9151910151
 21
25.3682965639
 31
0.0
 12
112.9431910151
 22
25.4242965639
 32
0.0
 13
112.9431910151
 23
25.4242965639
 33
0.0
  0
SOLID
  5
499
100
AcDbEntity
  8
_03_2D_DRAWING_DIMENSION
100
AcDbTrace
 62
7
  6
BYLAYER
 10
112.9151910151
 20
25.3682965639
 30
0.0
 11
113.2231910151
 21
25.4242965639
 31
0.0
 12
113.2511910151
 22
25.3682965639
 32
0.0
 13
113.2511910151
 23
25.3682965639
 33
0.0
  0
SOLID
  5
49A
100
AcDbEntity
  8
_03_2D_DRAWING_DIMENSION
100
AcDbTrace
 62
7
  6
BYLAYER
 10
112.4111910151
 20
24.9482965639
 30
0.0
 11
112.5791910151
 21
24.9762965639
 31
0.0
 12
112.6631910151
 22
24.9482965639
 32
0.0
 13
112.6631910151
 23
24.9482965639
 33
0.0
  0
SOLID
  5
49B
100
AcDbEntity
  8
_03_2D_DRAWING_DIMENSION
100
AcDbTrace
 62
7
  6
BYLAYER
 10
113.2791910151
 20
25.3122965639
 30
0.0
 11
113.2511910151
 21
25.2562965639
 31
0.0
 12
112.7751910151
 22
24.9482965639
 32
0.0
 13
112.7751910151
 23
24.9482965639
 33
0.0
  0
SOLID
  5
49C
100
AcDbEntity
  8
_03_2D_DRAWING_DIMENSION
100
AcDbTrace
 62
7
  6
BYLAYER
 10
113.2511910151
 20
25.3682965639
 30
0.0
 11
113.2791910151
 21
25.3122965639
 31
0.0
 12
112.7751910151
 22
24.9482965639
 32
0.0
 13
112.7751910151
 23
24.9482965639
 33
0.0
  0
SOLID
  5
49D
100
AcDbEntity
  8
_03_2D_DRAWING_DIMENSION
100
AcDbTrace
 62
7
  6
BYLAYER
 10
113.2511910151
 20
25.3682965639
 30
0.0
 11
112.7751910151
 21
24.9482965639
 31
0.0
 12
112.9151910151
 22
25.3682965639
 32
0.0
 13
112.9151910151
 23
25.3682965639
 33
0.0
  0
SOLID
  5
49E
100
AcDbEntity
  8
_03_2D_DRAWING_DIMENSION
100
AcDbTrace
 62
7
  6
BYLAYER
 10
112.6631910151
 20
24.9482965639
 30
0.0
 11
112.7751910151
 21
24.9482965639
 31
0.0
 12
112.2431910151
 22
24.9202965639
 32
0.0
 13
112.2431910151
 23
24.9202965639
 33
0.0
  0
SOLID
  5
49F
100
AcDbEntity
  8
_03_2D_DRAWING_DIMENSION
100
AcDbTrace
 62
7
  6
BYLAYER
 10
112.6631910151
 20
24.9482965639
 30
0.0
 11
112.2431910151
 21
24.9202965639
 31
0.0
 12
112.4111910151
 22
24.9482965639
 32
0.0
 13
112.4111910151
 23
24.9482965639
 33
0.0
  0
SOLID
  5
4A0
100
AcDbEntity
  8
_03_2D_DRAWING_DIMENSION
100
AcDbTrace
 62
7
  6
BYLAYER
 10
112.1031910151
 20
24.8642965639
 30
0.0
 11
112.2431910151
 21
24.9202965639
 31
0.0
 12
112.7751910151
 22
24.9482965639
 32
0.0
 13
112.7751910151
 23
24.9482965639
 33
0.0
  0
SOLID
  5
4A1
100
AcDbEntity
  8
_03_2D_DRAWING_DIMENSION
100
AcDbTrace
 62
7
  6
BYLAYER
 10
113.1111910151
 20
24.8362965639
 30
0.0
 11
112.1031910151
 21
24.8642965639
 31
0.0
 12
112.7751910151
 22
24.9482965639
 32
0.0
 13
112.7751910151
 23
24.9482965639
 33
0.0
  0
SOLID
  5
4A2
100
AcDbEntity
  8
_03_2D_DRAWING_DIMENSION
100
AcDbTrace
 62
7
  6
BYLAYER
 10
112.7751910151
 20
24.9482965639
 30
0.0
 11
113.2511910151
 21
25.2562965639
 31
0.0
 12
113.1111910151
 22
24.8362965639
 32
0.0
 13
113.1111910151
 23
24.8362965639
 33
0.0
  0
SOLID
  5
4A3
100
AcDbEntity
  8
_03_2D_DRAWING_DIMENSION
100
AcDbTrace
 62
7
  6
BYLAYER
 10
113.1111910151
 20
24.8362965639
 30
0.0
 11
111.9631910151
 21
24.8082965639
 31
0.0
 12
112.1031910151
 22
24.8642965639
 32
0.0
 13
112.1031910151
 23
24.8642965639
 33
0.0
  0
SOLID
  5
4A4
100
AcDbEntity
  8
_03_2D_DRAWING_DIMENSION
100
AcDbTrace
 62
7
  6
BYLAYER
 10
111.9631910151
 20
24.8082965639
 30
0.0
 11
113.1111910151
 21
24.8362965639
 31
0.0
 12
113.3071910151
 22
24.7242965639
 32
0.0
 13
113.3071910151
 23
24.7242965639
 33
0.0
  0
SOLID
  5
4A5
100
AcDbEntity
  8
_03_2D_DRAWING_DIMENSION
100
AcDbTrace
 62
7
  6
BYLAYER
 10
113.3071910151
 20
24.7242965639
 30
0.0
 11
111.8231910151
 21
24.6962965639
 31
0.0
 12
111.9631910151
 22
24.8082965639
 32
0.0
 13
111.9631910151
 23
24.8082965639
 33
0.0
  0
SOLID
  5
4A6
100
AcDbEntity
  8
_03_2D_DRAWING_DIMENSION
100
AcDbTrace
 62
7
  6
BYLAYER
 10
111.7111910151
 20
24.6122965639
 30
0.0
 11
111.8231910151
 21
24.6962965639
 31
0.0
 12
113.3071910151
 22
24.7242965639
 32
0.0
 13
113.3071910151
 23
24.7242965639
 33
0.0
  0
SOLID
  5
4A7
100
AcDbEntity
  8
_03_2D_DRAWING_DIMENSION
100
AcDbTrace
 62
7
  6
BYLAYER
 10
112.4671910151
 20
24.6122965639
 30
0.0
 11
111.7111910151
 21
24.6122965639
 31
0.0
 12
113.3071910151
 22
24.7242965639
 32
0.0
 13
113.3071910151
 23
24.7242965639
 33
0.0
  0
SOLID
  5
4A8
100
AcDbEntity
  8
_03_2D_DRAWING_DIMENSION
100
AcDbTrace
 62
7
  6
BYLAYER
 10
112.5791910151
 20
24.6122965639
 30
0.0
 11
112.4671910151
 21
24.6122965639
 31
0.0
 12
113.3071910151
 22
24.7242965639
 32
0.0
 13
113.3071910151
 23
24.7242965639
 33
0.0
  0
SOLID
  5
4A9
100
AcDbEntity
  8
_03_2D_DRAWING_DIMENSION
100
AcDbTrace
 62
7
  6
BYLAYER
 10
112.6071910151
 20
24.6122965639
 30
0.0
 11
112.5791910151
 21
24.6122965639
 31
0.0
 12
113.3071910151
 22
24.7242965639
 32
0.0
 13
113.3071910151
 23
24.7242965639
 33
0.0
  0
SOLID
  5
4AA
100
AcDbEntity
  8
_03_2D_DRAWING_DIMENSION
100
AcDbTrace
 62
7
  6
BYLAYER
 10
112.6631910151
 20
24.6122965639
 30
0.0
 11
112.6071910151
 21
24.6122965639
 31
0.0
 12
113.3071910151
 22
24.7242965639
 32
0.0
 13
113.3071910151
 23
24.7242965639
 33
0.0
  0
SOLID
  5
4AB
100
AcDbEntity
  8
_03_2D_DRAWING_DIMENSION
100
AcDbTrace
 62
7
  6
BYLAYER
 10
112.6631910151
 20
24.6122965639
 30
0.0
 11
113.3071910151
 21
24.7242965639
 31
0.0
 12
113.4751910151
 22
24.5562965639
 32
0.0
 13
113.4751910151
 23
24.5562965639
 33
0.0
  0
SOLID
  5
4AC
100
AcDbEntity
  8
_03_2D_DRAWING_DIMENSION
100
AcDbTrace
 62
7
  6
BYLAYER
 10
112.2431910151
 20
24.5562965639
 30
0.0
 11
112.1311910151
 21
24.5002965639
 31
0.0
 12
111.5991910151
 22
24.4722965639
 32
0.0
 13
111.5991910151
 23
24.4722965639
 33
0.0
  0
SOLID
  5
4AD
100
AcDbEntity
  8
_03_2D_DRAWING_DIMENSION
100
AcDbTrace
 62
7
  6
BYLAYER
 10
112.3551910151
 20
24.5842965639
 30
0.0
 11
112.2431910151
 21
24.5562965639
 31
0.0
 12
111.5991910151
 22
24.4722965639
 32
0.0
 13
111.5991910151
 23
24.4722965639
 33
0.0
  0
SOLID
  5
4AE
100
AcDbEntity
  8
_03_2D_DRAWING_DIMENSION
100
AcDbTrace
 62
7
  6
BYLAYER
 10
112.4671910151
 20
24.6122965639
 30
0.0
 11
112.3551910151
 21
24.5842965639
 31
0.0
 12
111.5991910151
 22
24.4722965639
 32
0.0
 13
111.5991910151
 23
24.4722965639
 33
0.0
  0
SOLID
  5
4AF
100
AcDbEntity
  8
_03_2D_DRAWING_DIMENSION
100
AcDbTrace
 62
7
  6
BYLAYER
 10
112.4671910151
 20
24.6122965639
 30
0.0
 11
111.5991910151
 21
24.4722965639
 31
0.0
 12
111.7111910151
 22
24.6122965639
 32
0.0
 13
111.7111910151
 23
24.6122965639
 33
0.0
  0
SOLID
  5
4B0
100
AcDbEntity
  8
_03_2D_DRAWING_DIMENSION
100
AcDbTrace
 62
7
  6
BYLAYER
 10
111.5991910151
 20
24.4722965639
 30
0.0
 11
112.1311910151
 21
24.5002965639
 31
0.0
 12
112.0471910151
 22
24.4442965639
 32
0.0
 13
112.0471910151
 23
24.4442965639
 33
0.0
  0
SOLID
  5
4B1
100
AcDbEntity
  8
_03_2D_DRAWING_DIMENSION
100
AcDbTrace
 62
7
  6
BYLAYER
 10
113.1111910151
 20
24.4442965639
 30
0.0
 11
112.9991910151
 21
24.5002965639
 31
0.0
 12
113.4751910151
 22
24.5562965639
 32
0.0
 13
113.4751910151
 23
24.5562965639
 33
0.0
  0
SOLID
  5
4B2
100
AcDbEntity
  8
_03_2D_DRAWING_DIMENSION
100
AcDbTrace
 62
7
  6
BYLAYER
 10
113.1111910151
 20
24.4442965639
 30
0.0
 11
113.4751910151
 21
24.5562965639
 31
0.0
 12
113.6151910151
 22
24.3882965639
 32
0.0
 13
113.6151910151
 23
24.3882965639
 33
0.0
  0
SOLID
  5
4B3
100
AcDbEntity
  8
_03_2D_DRAWING_DIMENSION
100
AcDbTrace
 62
7
  6
BYLAYER
 10
112.0471910151
 20
24.4442965639
 30
0.0
 11
111.5151910151
 21
24.3602965639
 31
0.0
 12
111.5991910151
 22
24.4722965639
 32
0.0
 13
111.5991910151
 23
24.4722965639
 33
0.0
  0
SOLID
  5
4B4
100
AcDbEntity
  8
_03_2D_DRAWING_DIMENSION
100
AcDbTrace
 62
7
  6
BYLAYER
 10
111.5151910151
 20
24.3602965639
 30
0.0
 11
112.0471910151
 21
24.4442965639
 31
0.0
 12
111.9631910151
 22
24.3602965639
 32
0.0
 13
111.9631910151
 23
24.3602965639
 33
0.0
  0
SOLID
  5
4B5
100
AcDbEntity
  8
_03_2D_DRAWING_DIMENSION
100
AcDbTrace
 62
7
  6
BYLAYER
 10
113.6151910151
 20
24.3882965639
 30
0.0
 11
113.1951910151
 21
24.3602965639
 31
0.0
 12
113.1111910151
 22
24.4442965639
 32
0.0
 13
113.1111910151
 23
24.4442965639
 33
0.0
  0
SOLID
  5
4B6
100
AcDbEntity
  8
_03_2D_DRAWING_DIMENSION
100
AcDbTrace
 62
7
  6
BYLAYER
 10
111.9631910151
 20
24.3602965639
 30
0.0
 11
111.8791910151
 21
24.2762965639
 31
0.0
 12
111.4311910151
 22
24.2202965639
 32
0.0
 13
111.4311910151
 23
24.2202965639
 33
0.0
  0
SOLID
  5
4B7
100
AcDbEntity
  8
_03_2D_DRAWING_DIMENSION
100
AcDbTrace
 62
7
  6
BYLAYER
 10
111.9631910151
 20
24.3602965639
 30
0.0
 11
111.4311910151
 21
24.2202965639
 31
0.0
 12
111.5151910151
 22
24.3602965639
 32
0.0
 13
111.5151910151
 23
24.3602965639
 33
0.0
  0
SOLID
  5
4B8
100
AcDbEntity
  8
_03_2D_DRAWING_DIMENSION
100
AcDbTrace
 62
7
  6
BYLAYER
 10
111.4311910151
 20
24.2202965639
 30
0.0
 11
111.8791910151
 21
24.2762965639
 31
0.0
 12
111.8231910151
 22
24.1922965639
 32
0.0
 13
111.8231910151
 23
24.1922965639
 33
0.0
  0
SOLID
  5
4B9
100
AcDbEntity
  8
_03_2D_DRAWING_DIMENSION
100
AcDbTrace
 62
7
  6
BYLAYER
 10
113.2511910151
 20
24.2762965639
 30
0.0
 11
113.1951910151
 21
24.3602965639
 31
0.0
 12
113.6151910151
 22
24.3882965639
 32
0.0
 13
113.6151910151
 23
24.3882965639
 33
0.0
  0
SOLID
  5
4BA
100
AcDbEntity
  8
_03_2D_DRAWING_DIMENSION
100
AcDbTrace
 62
7
  6
BYLAYER
 10
113.3351910151
 20
24.1922965639
 30
0.0
 11
113.2511910151
 21
24.2762965639
 31
0.0
 12
113.6151910151
 22
24.3882965639
 32
0.0
 13
113.6151910151
 23
24.3882965639
 33
0.0
  0
SOLID
  5
4BB
100
AcDbEntity
  8
_03_2D_DRAWING_DIMENSION
100
AcDbTrace
 62
7
  6
BYLAYER
 10
113.3351910151
 20
24.1922965639
 30
0.0
 11
113.6151910151
 21
24.3882965639
 31
0.0
 12
113.6991910151
 22
24.1922965639
 32
0.0
 13
113.6991910151
 23
24.1922965639
 33
0.0
  0
SOLID
  5
4BC
100
AcDbEntity
  8
_03_2D_DRAWING_DIMENSION
100
AcDbTrace
 62
7
  6
BYLAYER
 10
113.6991910151
 20
24.1922965639
 30
0.0
 11
113.3911910151
 21
24.0802965639
 31
0.0
 12
113.3351910151
 22
24.1922965639
 32
0.0
 13
113.3351910151
 23
24.1922965639
 33
0.0
  0
SOLID
  5
4BD
100
AcDbEntity
  8
_03_2D_DRAWING_DIMENSION
100
AcDbTrace
 62
7
  6
BYLAYER
 10
111.8231910151
 20
24.1922965639
 30
0.0
 11
111.7671910151
 21
24.0802965639
 31
0.0
 12
111.3751910151
 22
24.0522965639
 32
0.0
 13
111.3751910151
 23
24.0522965639
 33
0.0
  0
SOLID
  5
4BE
100
AcDbEntity
  8
_03_2D_DRAWING_DIMENSION
100
AcDbTrace
 62
7
  6
BYLAYER
 10
111.8231910151
 20
24.1922965639
 30
0.0
 11
111.3751910151
 21
24.0522965639
 31
0.0
 12
111.4311910151
 22
24.2202965639
 32
0.0
 13
111.4311910151
 23
24.2202965639
 33
0.0
  0
SOLID
  5
4BF
100
AcDbEntity
  8
_03_2D_DRAWING_DIMENSION
100
AcDbTrace
 62
7
  6
BYLAYER
 10
111.3751910151
 20
24.0522965639
 30
0.0
 11
111.7671910151
 21
24.0802965639
 31
0.0
 12
111.7391910151
 22
23.9682965639
 32
0.0
 13
111.7391910151
 23
23.9682965639
 33
0.0
  0
SOLID
  5
4C0
100
AcDbEntity
  8
_03_2D_DRAWING_DIMENSION
100
AcDbTrace
 62
7
  6
BYLAYER
 10
113.4191910151
 20
23.9682965639
 30
0.0
 11
113.3911910151
 21
24.0802965639
 31
0.0
 12
113.6991910151
 22
24.1922965639
 32
0.0
 13
113.6991910151
 23
24.1922965639
 33
0.0
  0
SOLID
  5
4C1
100
AcDbEntity
  8
_03_2D_DRAWING_DIMENSION
100
AcDbTrace
 62
7
  6
BYLAYER
 10
113.4191910151
 20
23.9682965639
 30
0.0
 11
113.6991910151
 21
24.1922965639
 31
0.0
 12
113.7831910151
 22
23.9682965639
 32
0.0
 13
113.7831910151
 23
23.9682965639
 33
0.0
  0
SOLID
  5
4C2
100
AcDbEntity
  8
_03_2D_DRAWING_DIMENSION
100
AcDbTrace
 62
7
  6
BYLAYER
 10
111.7391910151
 20
23.9682965639
 30
0.0
 11
111.3471910151
 21
23.9122965639
 31
0.0
 12
111.3751910151
 22
24.0522965639
 32
0.0
 13
111.3751910151
 23
24.0522965639
 33
0.0
  0
SOLID
  5
4C3
100
AcDbEntity
  8
_03_2D_DRAWING_DIMENSION
100
AcDbTrace
 62
7
  6
BYLAYER
 10
111.3471910151
 20
23.9122965639
 30
0.0
 11
111.7391910151
 21
23.9682965639
 31
0.0
 12
111.7111910151
 22
23.8562965639
 32
0.0
 13
111.7111910151
 23
23.8562965639
 33
0.0
  0
SOLID
  5
4C4
100
AcDbEntity
  8
_03_2D_DRAWING_DIMENSION
100
AcDbTrace
 62
7
  6
BYLAYER
 10
113.7831910151
 20
23.9682965639
 30
0.0
 11
113.4471910151
 21
23.8562965639
 31
0.0
 12
113.4191910151
 22
23.9682965639
 32
0.0
 13
113.4191910151
 23
23.9682965639
 33
0.0
  0
SOLID
  5
4C5
100
AcDbEntity
  8
_03_2D_DRAWING_DIMENSION
100
AcDbTrace
 62
7
  6
BYLAYER
 10
111.7111910151
 20
23.8562965639
 30
0.0
 11
111.3471910151
 21
23.7442965639
 31
0.0
 12
111.3471910151
 22
23.9122965639
 32
0.0
 13
111.3471910151
 23
23.9122965639
 33
0.0
  0
SOLID
  5
4C6
100
AcDbEntity
  8
_03_2D_DRAWING_DIMENSION
100
AcDbTrace
 62
7
  6
BYLAYER
 10
111.3471910151
 20
23.7442965639
 30
0.0
 11
111.7111910151
 21
23.8562965639
 31
0.0
 12
111.6831910151
 22
23.7442965639
 32
0.0
 13
111.6831910151
 23
23.7442965639
 33
0.0
  0
SOLID
  5
4C7
100
AcDbEntity
  8
_03_2D_DRAWING_DIMENSION
100
AcDbTrace
 62
7
  6
BYLAYER
 10
113.4471910151
 20
23.7442965639
 30
0.0
 11
113.4471910151
 21
23.8562965639
 31
0.0
 12
113.7831910151
 22
23.9682965639
 32
0.0
 13
113.7831910151
 23
23.9682965639
 33
0.0
  0
SOLID
  5
4C8
100
AcDbEntity
  8
_03_2D_DRAWING_DIMENSION
100
AcDbTrace
 62
7
  6
BYLAYER
 10
113.4471910151
 20
23.7442965639
 30
0.0
 11
113.7831910151
 21
23.9682965639
 31
0.0
 12
113.7831910151
 22
23.7442965639
 32
0.0
 13
113.7831910151
 23
23.7442965639
 33
0.0
  0
SOLID
  5
4C9
100
AcDbEntity
  8
_03_2D_DRAWING_DIMENSION
100
AcDbTrace
 62
7
  6
BYLAYER
 10
113.7831910151
 20
23.7442965639
 30
0.0
 11
113.4471910151
 21
23.6322965639
 31
0.0
 12
113.4471910151
 22
23.7442965639
 32
0.0
 13
113.4471910151
 23
23.7442965639
 33
0.0
  0
SOLID
  5
4CA
100
AcDbEntity
  8
_03_2D_DRAWING_DIMENSION
100
AcDbTrace
 62
7
  6
BYLAYER
 10
111.6831910151
 20
23.7442965639
 30
0.0
 11
111.7111910151
 21
23.6322965639
 31
0.0
 12
111.3471910151
 22
23.5762965639
 32
0.0
 13
111.3471910151
 23
23.5762965639
 33
0.0
  0
SOLID
  5
4CB
100
AcDbEntity
  8
_03_2D_DRAWING_DIMENSION
100
AcDbTrace
 62
7
  6
BYLAYER
 10
111.6831910151
 20
23.7442965639
 30
0.0
 11
111.3471910151
 21
23.5762965639
 31
0.0
 12
111.3471910151
 22
23.7442965639
 32
0.0
 13
111.3471910151
 23
23.7442965639
 33
0.0
  0
SOLID
  5
4CC
100
AcDbEntity
  8
_03_2D_DRAWING_DIMENSION
100
AcDbTrace
 62
7
  6
BYLAYER
 10
113.4471910151
 20
23.6322965639
 30
0.0
 11
113.7831910151
 21
23.7442965639
 31
0.0
 12
113.7831910151
 22
23.5762965639
 32
0.0
 13
113.7831910151
 23
23.5762965639
 33
0.0
  0
SOLID
  5
4CD
100
AcDbEntity
  8
_03_2D_DRAWING_DIMENSION
100
AcDbTrace
 62
7
  6
BYLAYER
 10
111.3471910151
 20
23.5762965639
 30
0.0
 11
111.7111910151
 21
23.6322965639
 31
0.0
 12
111.7391910151
 22
23.5202965639
 32
0.0
 13
111.7391910151
 23
23.5202965639
 33
0.0
  0
SOLID
  5
4CE
100
AcDbEntity
  8
_03_2D_DRAWING_DIMENSION
100
AcDbTrace
 62
7
  6
BYLAYER
 10
113.7831910151
 20
23.5762965639
 30
0.0
 11
113.4191910151
 21
23.5202965639
 31
0.0
 12
113.4471910151
 22
23.6322965639
 32
0.0
 13
113.4471910151
 23
23.6322965639
 33
0.0
  0
SOLID
  5
4CF
100
AcDbEntity
  8
_03_2D_DRAWING_DIMENSION
100
AcDbTrace
 62
7
  6
BYLAYER
 10
113.4191910151
 20
23.5202965639
 30
0.0
 11
113.7831910151
 21
23.5762965639
 31
0.0
 12
113.7551910151
 22
23.4362965639
 32
0.0
 13
113.7551910151
 23
23.4362965639
 33
0.0
  0
SOLID
  5
4D0
100
AcDbEntity
  8
_03_2D_DRAWING_DIMENSION
100
AcDbTrace
 62
7
  6
BYLAYER
 10
111.7391910151
 20
23.5202965639
 30
0.0
 11
111.4031910151
 21
23.4082965639
 31
0.0
 12
111.3471910151
 22
23.5762965639
 32
0.0
 13
111.3471910151
 23
23.5762965639
 33
0.0
  0
SOLID
  5
4D1
100
AcDbEntity
  8
_03_2D_DRAWING_DIMENSION
100
AcDbTrace
 62
7
  6
BYLAYER
 10
111.4031910151
 20
23.4082965639
 30
0.0
 11
111.7391910151
 21
23.5202965639
 31
0.0
 12
111.7671910151
 22
23.4082965639
 32
0.0
 13
111.7671910151
 23
23.4082965639
 33
0.0
  0
SOLID
  5
4D2
100
AcDbEntity
  8
_03_2D_DRAWING_DIMENSION
100
AcDbTrace
 62
7
  6
BYLAYER
 10
113.7551910151
 20
23.4362965639
 30
0.0
 11
113.3911910151
 21
23.4082965639
 31
0.0
 12
113.4191910151
 22
23.5202965639
 32
0.0
 13
113.4191910151
 23
23.5202965639
 33
0.0
  0
SOLID
  5
4D3
100
AcDbEntity
  8
_03_2D_DRAWING_DIMENSION
100
AcDbTrace
 62
7
  6
BYLAYER
 10
113.3351910151
 20
23.2962965639
 30
0.0
 11
113.3911910151
 21
23.4082965639
 31
0.0
 12
113.7551910151
 22
23.4362965639
 32
0.0
 13
113.7551910151
 23
23.4362965639
 33
0.0
  0
SOLID
  5
4D4
100
AcDbEntity
  8
_03_2D_DRAWING_DIMENSION
100
AcDbTrace
 62
7
  6
BYLAYER
 10
113.3351910151
 20
23.2962965639
 30
0.0
 11
113.7551910151
 21
23.4362965639
 31
0.0
 12
113.6991910151
 22
23.2682965639
 32
0.0
 13
113.6991910151
 23
23.2682965639
 33
0.0
  0
SOLID
  5
4D5
100
AcDbEntity
  8
_03_2D_DRAWING_DIMENSION
100
AcDbTrace
 62
7
  6
BYLAYER
 10
111.7671910151
 20
23.4082965639
 30
0.0
 11
111.8231910151
 21
23.2962965639
 31
0.0
 12
111.4591910151
 22
23.2402965639
 32
0.0
 13
111.4591910151
 23
23.2402965639
 33
0.0
  0
SOLID
  5
4D6
100
AcDbEntity
  8
_03_2D_DRAWING_DIMENSION
100
AcDbTrace
 62
7
  6
BYLAYER
 10
111.7671910151
 20
23.4082965639
 30
0.0
 11
111.4591910151
 21
23.2402965639
 31
0.0
 12
111.4031910151
 22
23.4082965639
 32
0.0
 13
111.4031910151
 23
23.4082965639
 33
0.0
  0
SOLID
  5
4D7
100
AcDbEntity
  8
_03_2D_DRAWING_DIMENSION
100
AcDbTrace
 62
7
  6
BYLAYER
 10
111.4591910151
 20
23.2402965639
 30
0.0
 11
111.8231910151
 21
23.2962965639
 31
0.0
 12
111.8791910151
 22
23.2122965639
 32
0.0
 13
111.8791910151
 23
23.2122965639
 33
0.0
  0
SOLID
  5
4D8
100
AcDbEntity
  8
_03_2D_DRAWING_DIMENSION
100
AcDbTrace
 62
7
  6
BYLAYER
 10
113.6991910151
 20
23.2682965639
 30
0.0
 11
113.2511910151
 21
23.2122965639
 31
0.0
 12
113.3351910151
 22
23.2962965639
 32
0.0
 13
113.3351910151
 23
23.2962965639
 33
0.0
  0
SOLID
  5
4D9
100
AcDbEntity
  8
_03_2D_DRAWING_DIMENSION
100
AcDbTrace
 62
7
  6
BYLAYER
 10
113.1951910151
 20
23.1282965639
 30
0.0
 11
113.2511910151
 21
23.2122965639
 31
0.0
 12
113.6991910151
 22
23.2682965639
 32
0.0
 13
113.6991910151
 23
23.2682965639
 33
0.0
  0
SOLID
  5
4DA
100
AcDbEntity
  8
_03_2D_DRAWING_DIMENSION
100
AcDbTrace
 62
7
  6
BYLAYER
 10
113.1951910151
 20
23.1282965639
 30
0.0
 11
113.6991910151
 21
23.2682965639
 31
0.0
 12
113.6431910151
 22
23.1282965639
 32
0.0
 13
113.6431910151
 23
23.1282965639
 33
0.0
  0
SOLID
  5
4DB
100
AcDbEntity
  8
_03_2D_DRAWING_DIMENSION
100
AcDbTrace
 62
7
  6
BYLAYER
 10
111.8791910151
 20
23.2122965639
 30
0.0
 11
111.9631910151
 21
23.1282965639
 31
0.0
 12
111.5431910151
 22
23.1002965639
 32
0.0
 13
111.5431910151
 23
23.1002965639
 33
0.0
  0
SOLID
  5
4DC
100
AcDbEntity
  8
_03_2D_DRAWING_DIMENSION
100
AcDbTrace
 62
7
  6
BYLAYER
 10
111.8791910151
 20
23.2122965639
 30
0.0
 11
111.5431910151
 21
23.1002965639
 31
0.0
 12
111.4591910151
 22
23.2402965639
 32
0.0
 13
111.4591910151
 23
23.2402965639
 33
0.0
  0
SOLID
  5
4DD
100
AcDbEntity
  8
_03_2D_DRAWING_DIMENSION
100
AcDbTrace
 62
7
  6
BYLAYER
 10
111.5431910151
 20
23.1002965639
 30
0.0
 11
111.9631910151
 21
23.1282965639
 31
0.0
 12
112.0471910151
 22
23.0442965639
 32
0.0
 13
112.0471910151
 23
23.0442965639
 33
0.0
  0
SOLID
  5
4DE
100
AcDbEntity
  8
_03_2D_DRAWING_DIMENSION
100
AcDbTrace
 62
7
  6
BYLAYER
 10
113.6431910151
 20
23.1282965639
 30
0.0
 11
113.1111910151
 21
23.0442965639
 31
0.0
 12
113.1951910151
 22
23.1282965639
 32
0.0
 13
113.1951910151
 23
23.1282965639
 33
0.0
  0
SOLID
  5
4DF
100
AcDbEntity
  8
_03_2D_DRAWING_DIMENSION
100
AcDbTrace
 62
7
  6
BYLAYER
 10
113.1111910151
 20
23.0442965639
 30
0.0
 11
113.6431910151
 21
23.1282965639
 31
0.0
 12
113.5311910151
 22
23.0162965639
 32
0.0
 13
113.5311910151
 23
23.0162965639
 33
0.0
  0
SOLID
  5
4E0
100
AcDbEntity
  8
_03_2D_DRAWING_DIMENSION
100
AcDbTrace
 62
7
  6
BYLAYER
 10
112.6631910151
 20
24.6122965639
 30
0.0
 11
113.4751910151
 21
24.5562965639
 31
0.0
 12
112.9991910151
 22
24.5002965639
 32
0.0
 13
112.9991910151
 23
24.5002965639
 33
0.0
  0
SOLID
  5
4E1
100
AcDbEntity
  8
_03_2D_DRAWING_DIMENSION
100
AcDbTrace
 62
7
  6
BYLAYER
 10
112.9991910151
 20
24.5002965639
 30
0.0
 11
112.1311910151
 21
22.9882965639
 31
0.0
 12
112.6631910151
 22
24.6122965639
 32
0.0
 13
112.6631910151
 23
24.6122965639
 33
0.0
  0
SOLID
  5
4E2
100
AcDbEntity
  8
_03_2D_DRAWING_DIMENSION
100
AcDbTrace
 62
7
  6
BYLAYER
 10
113.5311910151
 20
23.0162965639
 30
0.0
 11
112.9991910151
 21
22.9882965639
 31
0.0
 12
113.1111910151
 22
23.0442965639
 32
0.0
 13
113.1111910151
 23
23.0442965639
 33
0.0
  0
SOLID
  5
4E3
100
AcDbEntity
  8
_03_2D_DRAWING_DIMENSION
100
AcDbTrace
 62
7
  6
BYLAYER
 10
112.0471910151
 20
23.0442965639
 30
0.0
 11
112.1311910151
 21
22.9882965639
 31
0.0
 12
111.6271910151
 22
22.9602965639
 32
0.0
 13
111.6271910151
 23
22.9602965639
 33
0.0
  0
SOLID
  5
4E4
100
AcDbEntity
  8
_03_2D_DRAWING_DIMENSION
100
AcDbTrace
 62
7
  6
BYLAYER
 10
112.0471910151
 20
23.0442965639
 30
0.0
 11
111.6271910151
 21
22.9602965639
 31
0.0
 12
111.5431910151
 22
23.1002965639
 32
0.0
 13
111.5431910151
 23
23.1002965639
 33
0.0
  0
SOLID
  5
4E5
100
AcDbEntity
  8
_03_2D_DRAWING_DIMENSION
100
AcDbTrace
 62
7
  6
BYLAYER
 10
112.4671910151
 20
22.8762965639
 30
0.0
 11
111.6271910151
 21
22.9602965639
 31
0.0
 12
112.1311910151
 22
22.9882965639
 32
0.0
 13
112.1311910151
 23
22.9882965639
 33
0.0
  0
SOLID
  5
4E6
100
AcDbEntity
  8
_03_2D_DRAWING_DIMENSION
100
AcDbTrace
 62
7
  6
BYLAYER
 10
112.1311910151
 20
22.9882965639
 30
0.0
 11
112.9991910151
 21
24.5002965639
 31
0.0
 12
112.4671910151
 22
22.8762965639
 32
0.0
 13
112.4671910151
 23
22.8762965639
 33
0.0
  0
SOLID
  5
4E7
100
AcDbEntity
  8
_03_2D_DRAWING_DIMENSION
100
AcDbTrace
 62
7
  6
BYLAYER
 10
112.9151910151
 20
22.9322965639
 30
0.0
 11
112.9991910151
 21
22.9882965639
 31
0.0
 12
113.5311910151
 22
23.0162965639
 32
0.0
 13
113.5311910151
 23
23.0162965639
 33
0.0
  0
SOLID
  5
4E8
100
AcDbEntity
  8
_03_2D_DRAWING_DIMENSION
100
AcDbTrace
 62
7
  6
BYLAYER
 10
112.8031910151
 20
22.9042965639
 30
0.0
 11
112.9151910151
 21
22.9322965639
 31
0.0
 12
113.5311910151
 22
23.0162965639
 32
0.0
 13
113.5311910151
 23
23.0162965639
 33
0.0
  0
SOLID
  5
4E9
100
AcDbEntity
  8
_03_2D_DRAWING_DIMENSION
100
AcDbTrace
 62
7
  6
BYLAYER
 10
112.6911910151
 20
22.8762965639
 30
0.0
 11
112.8031910151
 21
22.9042965639
 31
0.0
 12
113.5311910151
 22
23.0162965639
 32
0.0
 13
113.5311910151
 23
23.0162965639
 33
0.0
  0
SOLID
  5
4EA
100
AcDbEntity
  8
_03_2D_DRAWING_DIMENSION
100
AcDbTrace
 62
7
  6
BYLAYER
 10
112.6911910151
 20
22.8762965639
 30
0.0
 11
113.5311910151
 21
23.0162965639
 31
0.0
 12
113.4471910151
 22
22.8762965639
 32
0.0
 13
113.4471910151
 23
22.8762965639
 33
0.0
  0
SOLID
  5
4EB
100
AcDbEntity
  8
_03_2D_DRAWING_DIMENSION
100
AcDbTrace
 62
7
  6
BYLAYER
 10
112.6911910151
 20
22.8762965639
 30
0.0
 11
113.4471910151
 21
22.8762965639
 31
0.0
 12
111.7391910151
 22
22.8482965639
 32
0.0
 13
111.7391910151
 23
22.8482965639
 33
0.0
  0
SOLID
  5
4EC
100
AcDbEntity
  8
_03_2D_DRAWING_DIMENSION
100
AcDbTrace
 62
7
  6
BYLAYER
 10
112.5791910151
 20
22.8762965639
 30
0.0
 11
112.6911910151
 21
22.8762965639
 31
0.0
 12
111.7391910151
 22
22.8482965639
 32
0.0
 13
111.7391910151
 23
22.8482965639
 33
0.0
  0
SOLID
  5
4ED
100
AcDbEntity
  8
_03_2D_DRAWING_DIMENSION
100
AcDbTrace
 62
7
  6
BYLAYER
 10
112.5231910151
 20
22.8762965639
 30
0.0
 11
112.5791910151
 21
22.8762965639
 31
0.0
 12
111.7391910151
 22
22.8482965639
 32
0.0
 13
111.7391910151
 23
22.8482965639
 33
0.0
  0
SOLID
  5
4EE
100
AcDbEntity
  8
_03_2D_DRAWING_DIMENSION
100
AcDbTrace
 62
7
  6
BYLAYER
 10
112.4671910151
 20
22.8762965639
 30
0.0
 11
112.5231910151
 21
22.8762965639
 31
0.0
 12
111.7391910151
 22
22.8482965639
 32
0.0
 13
111.7391910151
 23
22.8482965639
 33
0.0
  0
SOLID
  5
4EF
100
AcDbEntity
  8
_03_2D_DRAWING_DIMENSION
100
AcDbTrace
 62
7
  6
BYLAYER
 10
112.4671910151
 20
22.8762965639
 30
0.0
 11
111.7391910151
 21
22.8482965639
 31
0.0
 12
111.6271910151
 22
22.9602965639
 32
0.0
 13
111.6271910151
 23
22.9602965639
 33
0.0
  0
SOLID
  5
4F0
100
AcDbEntity
  8
_03_2D_DRAWING_DIMENSION
100
AcDbTrace
 62
7
  6
BYLAYER
 10
111.7391910151
 20
22.8482965639
 30
0.0
 11
113.4471910151
 21
22.8762965639
 31
0.0
 12
113.3071910151
 22
22.7922965639
 32
0.0
 13
113.3071910151
 23
22.7922965639
 33
0.0
  0
SOLID
  5
4F1
100
AcDbEntity
  8
_03_2D_DRAWING_DIMENSION
100
AcDbTrace
 62
7
  6
BYLAYER
 10
113.3071910151
 20
22.7922965639
 30
0.0
 11
111.8791910151
 21
22.7362965639
 31
0.0
 12
111.7391910151
 22
22.8482965639
 32
0.0
 13
111.7391910151
 23
22.8482965639
 33
0.0
  0
SOLID
  5
4F2
100
AcDbEntity
  8
_03_2D_DRAWING_DIMENSION
100
AcDbTrace
 62
7
  6
BYLAYER
 10
111.8791910151
 20
22.7362965639
 30
0.0
 11
113.3071910151
 21
22.7922965639
 31
0.0
 12
113.1951910151
 22
22.6802965639
 32
0.0
 13
113.1951910151
 23
22.6802965639
 33
0.0
  0
SOLID
  5
4F3
100
AcDbEntity
  8
_03_2D_DRAWING_DIMENSION
100
AcDbTrace
 62
7
  6
BYLAYER
 10
113.1951910151
 20
22.6802965639
 30
0.0
 11
112.0191910151
 21
22.6522965639
 31
0.0
 12
111.8791910151
 22
22.7362965639
 32
0.0
 13
111.8791910151
 23
22.7362965639
 33
0.0
  0
SOLID
  5
4F4
100
AcDbEntity
  8
_03_2D_DRAWING_DIMENSION
100
AcDbTrace
 62
7
  6
BYLAYER
 10
112.0191910151
 20
22.6522965639
 30
0.0
 11
113.1951910151
 21
22.6802965639
 31
0.0
 12
113.0271910151
 22
22.6242965639
 32
0.0
 13
113.0271910151
 23
22.6242965639
 33
0.0
  0
SOLID
  5
4F5
100
AcDbEntity
  8
_03_2D_DRAWING_DIMENSION
100
AcDbTrace
 62
7
  6
BYLAYER
 10
112.5791910151
 20
22.5402965639
 30
0.0
 11
112.3551910151
 21
22.5402965639
 31
0.0
 12
112.8871910151
 22
22.5682965639
 32
0.0
 13
112.8871910151
 23
22.5682965639
 33
0.0
  0
SOLID
  5
4F6
100
AcDbEntity
  8
_03_2D_DRAWING_DIMENSION
100
AcDbTrace
 62
7
  6
BYLAYER
 10
112.5791910151
 20
22.5402965639
 30
0.0
 11
112.8871910151
 21
22.5682965639
 31
0.0
 12
112.7471910151
 22
22.5402965639
 32
0.0
 13
112.7471910151
 23
22.5402965639
 33
0.0
  0
SOLID
  5
4F7
100
AcDbEntity
  8
_03_2D_DRAWING_DIMENSION
100
AcDbTrace
 62
7
  6
BYLAYER
 10
113.0271910151
 20
22.6242965639
 30
0.0
 11
112.8871910151
 21
22.5682965639
 31
0.0
 12
112.3551910151
 22
22.5402965639
 32
0.0
 13
112.3551910151
 23
22.5402965639
 33
0.0
  0
SOLID
  5
4F8
100
AcDbEntity
  8
_03_2D_DRAWING_DIMENSION
100
AcDbTrace
 62
7
  6
BYLAYER
 10
112.0191910151
 20
22.6522965639
 30
0.0
 11
113.0271910151
 21
22.6242965639
 31
0.0
 12
112.3551910151
 22
22.5402965639
 32
0.0
 13
112.3551910151
 23
22.5402965639
 33
0.0
  0
SOLID
  5
4F9
100
AcDbEntity
  8
_03_2D_DRAWING_DIMENSION
100
AcDbTrace
 62
7
  6
BYLAYER
 10
112.3551910151
 20
22.5402965639
 30
0.0
 11
111.8791910151
 21
22.2322965639
 31
0.0
 12
112.0191910151
 22
22.6522965639
 32
0.0
 13
112.0191910151
 23
22.6522965639
 33
0.0
  0
SOLID
  5
4FA
100
AcDbEntity
  8
_03_2D_DRAWING_DIMENSION
100
AcDbTrace
 62
7
  6
BYLAYER
 10
111.8791910151
 20
22.1762965639
 30
0.0
 11
111.8791910151
 21
22.2322965639
 31
0.0
 12
112.3551910151
 22
22.5402965639
 32
0.0
 13
112.3551910151
 23
22.5402965639
 33
0.0
  0
SOLID
  5
4FB
100
AcDbEntity
  8
_03_2D_DRAWING_DIMENSION
100
AcDbTrace
 62
7
  6
BYLAYER
 10
111.8791910151
 20
22.1202965639
 30
0.0
 11
111.8791910151
 21
22.1762965639
 31
0.0
 12
112.3551910151
 22
22.5402965639
 32
0.0
 13
112.3551910151
 23
22.5402965639
 33
0.0
  0
SOLID
  5
4FC
100
AcDbEntity
  8
_03_2D_DRAWING_DIMENSION
100
AcDbTrace
 62
7
  6
BYLAYER
 10
111.8791910151
 20
22.1202965639
 30
0.0
 11
112.3551910151
 21
22.5402965639
 31
0.0
 12
112.2151910151
 22
22.1202965639
 32
0.0
 13
112.2151910151
 23
22.1202965639
 33
0.0
  0
SOLID
  5
4FD
100
AcDbEntity
  8
_03_2D_DRAWING_DIMENSION
100
AcDbTrace
 62
7
  6
BYLAYER
 10
112.2151910151
 20
22.1202965639
 30
0.0
 11
111.9071910151
 21
22.0642965639
 31
0.0
 12
111.8791910151
 22
22.1202965639
 32
0.0
 13
111.8791910151
 23
22.1202965639
 33
0.0
  0
SOLID
  5
4FE
100
AcDbEntity
  8
_03_2D_DRAWING_DIMENSION
100
AcDbTrace
 62
7
  6
BYLAYER
 10
111.9071910151
 20
22.0642965639
 30
0.0
 11
112.2151910151
 21
22.1202965639
 31
0.0
 12
112.1871910151
 22
22.0642965639
 32
0.0
 13
112.1871910151
 23
22.0642965639
 33
0.0
  0
SOLID
  5
4FF
100
AcDbEntity
  8
_03_2D_DRAWING_DIMENSION
100
AcDbTrace
 62
7
  6
BYLAYER
 10
112.1871910151
 20
22.0642965639
 30
0.0
 11
111.9351910151
 21
22.0362965639
 31
0.0
 12
111.9071910151
 22
22.0642965639
 32
0.0
 13
111.9071910151
 23
22.0642965639
 33
0.0
  0
SOLID
  5
500
100
AcDbEntity
  8
_03_2D_DRAWING_DIMENSION
100
AcDbTrace
 62
7
  6
BYLAYER
 10
111.9351910151
 20
22.0362965639
 30
0.0
 11
112.1871910151
 21
22.0642965639
 31
0.0
 12
112.1591910151
 22
22.0362965639
 32
0.0
 13
112.1591910151
 23
22.0362965639
 33
0.0
  0
SOLID
  5
501
100
AcDbEntity
  8
_03_2D_DRAWING_DIMENSION
100
AcDbTrace
 62
7
  6
BYLAYER
 10
112.1591910151
 20
22.0362965639
 30
0.0
 11
111.9911910151
 21
22.0082965639
 31
0.0
 12
111.9351910151
 22
22.0362965639
 32
0.0
 13
111.9351910151
 23
22.0362965639
 33
0.0
  0
SOLID
  5
502
100
AcDbEntity
  8
_03_2D_DRAWING_DIMENSION
100
AcDbTrace
 62
7
  6
BYLAYER
 10
112.0471910151
 20
22.0082965639
 30
0.0
 11
111.9911910151
 21
22.0082965639
 31
0.0
 12
112.1591910151
 22
22.0362965639
 32
0.0
 13
112.1591910151
 23
22.0362965639
 33
0.0
  0
SOLID
  5
503
100
AcDbEntity
  8
_03_2D_DRAWING_DIMENSION
100
AcDbTrace
 62
7
  6
BYLAYER
 10
112.0471910151
 20
22.0082965639
 30
0.0
 11
112.1591910151
 21
22.0362965639
 31
0.0
 12
112.1031910151
 22
22.0082965639
 32
0.0
 13
112.1031910151
 23
22.0082965639
 33
0.0
  0
DIMENSION
  5
504
100
AcDbEntity
  8
_03_2D_DRAWING_DIMENSION
100
AcDbDimension
 62
7
  6
BYLAYER
  2
*D19
 10
104.0586139793
 20
21.1397096859
 30
0.0
 11
131.4193467041
 21
21.1144718905
 31
0.0
 70
160
 71
1
 72
2
 41
0.9
 42
2.7
  1
{\fSymbol_ISO;\W1.0;⌀}<>  (Gnd)
  3
DIMSTYLE_8
100
AcDbAlignedDimension
 13
101.4038325948
 23
70.1632421261
 33
0.0
 14
104.1038314462
 24
70.160751622
 34
0.0
 50
359.9471498529
100
AcDbRotatedDimension
  0
DIMENSION
  5
505
100
AcDbEntity
  8
_03_2D_DRAWING_DIMENSION
100
AcDbDimension
 62
7
  6
BYLAYER
  2
*D20
 10
146.9240044958
 20
58.731996874
 30
0.0
 11
146.9240044958
 21
43.1261374982
 31
0.0
 70
160
 71
3
 72
2
 41
0.9
 42
7.62
  3
DIMSTYLE_3
100
AcDbAlignedDimension
 13
98.4407523467
 23
66.351996874
 33
0.0
 14
95.9391779912
 24
58.731996874
 34
0.0
 50
270.0
100
AcDbRotatedDimension
  0
DIMENSION
  5
506
100
AcDbEntity
  8
_03_2D_DRAWING_DIMENSION
100
AcDbDimension
 62
7
  6
BYLAYER
  2
*D21
 10
158.6527279001
 20
66.351996874
 30
0.0
 11
158.6527279001
 21
48.6383110372
 31
0.0
 70
160
 71
3
 72
2
 41
0.9
 42
3.81
  3
DIMSTYLE_5
100
AcDbAlignedDimension
 13
107.5464830008
 23
70.161996874
 33
0.0
 14
98.4407523467
 24
66.351996874
 34
0.0
 50
270.0
100
AcDbRotatedDimension
  0
SOLID
  5
507
100
AcDbEntity
  8
_03_2D_DRAWING_DIMENSION
100
AcDbTrace
 62
7
  6
BYLAYER
 10
227.1799642047
 20
92.2943899023
 30
0.0
 11
227.2224757005
 21
92.3403548099
 31
0.0
 12
227.284754524
 22
92.3339245578
 32
0.0
 13
227.284754524
 23
92.3339245578
 33
0.0
  0
SOLID
  5
508
100
AcDbEntity
  8
_03_2D_DRAWING_DIMENSION
100
AcDbTrace
 62
7
  6
BYLAYER
 10
227.284754524
 20
92.3339245578
 30
0.0
 11
227.1636502888
 21
92.2583086586
 31
0.0
 12
227.1799642047
 22
92.2943899023
 32
0.0
 13
227.1799642047
 23
92.2943899023
 33
0.0
  0
SOLID
  5
509
100
AcDbEntity
  8
_03_2D_DRAWING_DIMENSION
100
AcDbTrace
 62
7
  6
BYLAYER
 10
227.1636502888
 20
92.2583086586
 30
0.0
 11
227.284754524
 21
92.3339245578
 31
0.0
 12
227.3470333475
 22
92.3274943058
 32
0.0
 13
227.3470333475
 23
92.3274943058
 33
0.0
  0
SOLID
  5
50A
100
AcDbEntity
  8
_03_2D_DRAWING_DIMENSION
100
AcDbTrace
 62
7
  6
BYLAYER
 10
227.3470333475
 20
92.3274943058
 30
0.0
 11
227.1211387931
 21
92.212343751
 31
0.0
 12
227.1636502888
 22
92.2583086586
 32
0.0
 13
227.1636502888
 23
92.2583086586
 33
0.0
  0
SOLID
  5
50B
100
AcDbEntity
  8
_03_2D_DRAWING_DIMENSION
100
AcDbTrace
 62
7
  6
BYLAYER
 10
227.1211387931
 20
92.212343751
 30
0.0
 11
227.3470333475
 21
92.3274943058
 31
0.0
 12
227.3831145912
 22
92.3111803899
 32
0.0
 13
227.3831145912
 23
92.3111803899
 33
0.0
  0
SOLID
  5
50C
100
AcDbEntity
  8
_03_2D_DRAWING_DIMENSION
100
AcDbTrace
 62
7
  6
BYLAYER
 10
227.3831145912
 20
92.3111803899
 30
0.0
 11
227.114708541
 21
92.1500649275
 31
0.0
 12
227.1211387931
 22
92.212343751
 32
0.0
 13
227.1211387931
 23
92.212343751
 33
0.0
  0
SOLID
  5
50D
100
AcDbEntity
  8
_03_2D_DRAWING_DIMENSION
100
AcDbTrace
 62
7
  6
BYLAYER
 10
227.114708541
 20
92.1500649275
 30
0.0
 11
227.3831145912
 21
92.3111803899
 31
0.0
 12
227.4290794988
 22
92.2686688941
 32
0.0
 13
227.4290794988
 23
92.2686688941
 33
0.0
  0
SOLID
  5
50E
100
AcDbEntity
  8
_03_2D_DRAWING_DIMENSION
100
AcDbTrace
 62
7
  6
BYLAYER
 10
226.7914070627
 20
91.5791952803
 30
0.0
 11
226.9387088777
 21
91.6646948434
 31
0.0
 12
227.027185281
 22
91.6681482553
 32
0.0
 13
227.027185281
 23
91.6681482553
 33
0.0
  0
SOLID
  5
50F
100
AcDbEntity
  8
_03_2D_DRAWING_DIMENSION
100
AcDbTrace
 62
7
  6
BYLAYER
 10
227.4750444064
 20
92.2261573984
 30
0.0
 11
227.4686141543
 21
92.1638785749
 31
0.0
 12
227.1319756003
 22
91.7076829108
 32
0.0
 13
227.1319756003
 23
91.7076829108
 33
0.0
  0
SOLID
  5
510
100
AcDbEntity
  8
_03_2D_DRAWING_DIMENSION
100
AcDbTrace
 62
7
  6
BYLAYER
 10
227.4290794988
 20
92.2686688941
 30
0.0
 11
227.4750444064
 21
92.2261573984
 31
0.0
 12
227.1319756003
 22
91.7076829108
 32
0.0
 13
227.1319756003
 23
91.7076829108
 33
0.0
  0
SOLID
  5
511
100
AcDbEntity
  8
_03_2D_DRAWING_DIMENSION
100
AcDbTrace
 62
7
  6
BYLAYER
 10
227.4290794988
 20
92.2686688941
 30
0.0
 11
227.1319756003
 21
91.7076829108
 31
0.0
 12
227.114708541
 22
92.1500649275
 32
0.0
 13
227.114708541
 23
92.1500649275
 33
0.0
  0
SOLID
  5
512
100
AcDbEntity
  8
_03_2D_DRAWING_DIMENSION
100
AcDbTrace
 62
7
  6
BYLAYER
 10
227.027185281
 20
91.6681482553
 30
0.0
 11
227.1319756003
 21
91.7076829108
 31
0.0
 12
226.6441052477
 22
91.4936957171
 32
0.0
 13
226.6441052477
 23
91.4936957171
 33
0.0
  0
SOLID
  5
513
100
AcDbEntity
  8
_03_2D_DRAWING_DIMENSION
100
AcDbTrace
 62
7
  6
BYLAYER
 10
227.027185281
 20
91.6681482553
 30
0.0
 11
226.6441052477
 21
91.4936957171
 31
0.0
 12
226.7914070627
 22
91.5791952803
 32
0.0
 13
226.7914070627
 23
91.5791952803
 33
0.0
  0
SOLID
  5
514
100
AcDbEntity
  8
_03_2D_DRAWING_DIMENSION
100
AcDbTrace
 62
7
  6
BYLAYER
 10
226.5328846764
 20
91.3918822381
 30
0.0
 11
226.6441052477
 21
91.4936957171
 31
0.0
 12
227.1319756003
 22
91.7076829108
 32
0.0
 13
227.1319756003
 23
91.7076829108
 33
0.0
  0
SOLID
  5
515
100
AcDbEntity
  8
_03_2D_DRAWING_DIMENSION
100
AcDbTrace
 62
7
  6
BYLAYER
 10
227.4858812136
 20
91.7214965582
 30
0.0
 11
226.5328846764
 21
91.3918822381
 31
0.0
 12
227.1319756003
 22
91.7076829108
 32
0.0
 13
227.1319756003
 23
91.7076829108
 33
0.0
  0
SOLID
  5
516
100
AcDbEntity
  8
_03_2D_DRAWING_DIMENSION
100
AcDbTrace
 62
7
  6
BYLAYER
 10
227.1319756003
 20
91.7076829108
 30
0.0
 11
227.4686141543
 21
92.1638785749
 31
0.0
 12
227.4858812136
 22
91.7214965582
 32
0.0
 13
227.4858812136
 23
91.7214965582
 33
0.0
  0
SOLID
  5
517
100
AcDbEntity
  8
_03_2D_DRAWING_DIMENSION
100
AcDbTrace
 62
7
  6
BYLAYER
 10
227.4858812136
 20
91.7214965582
 30
0.0
 11
226.4216641051
 21
91.290068759
 31
0.0
 12
226.5328846764
 22
91.3918822381
 32
0.0
 13
226.5328846764
 23
91.3918822381
 33
0.0
  0
SOLID
  5
518
100
AcDbEntity
  8
_03_2D_DRAWING_DIMENSION
100
AcDbTrace
 62
7
  6
BYLAYER
 10
226.4216641051
 20
91.290068759
 30
0.0
 11
227.4858812136
 21
91.7214965582
 31
0.0
 12
227.7087989278
 22
91.6858918862
 32
0.0
 13
227.7087989278
 23
91.6858918862
 33
0.0
  0
SOLID
  5
519
100
AcDbEntity
  8
_03_2D_DRAWING_DIMENSION
100
AcDbTrace
 62
7
  6
BYLAYER
 10
227.7087989278
 20
91.6858918862
 30
0.0
 11
226.3302108616
 21
91.1358601203
 31
0.0
 12
226.4216641051
 22
91.290068759
 32
0.0
 13
226.4216641051
 23
91.290068759
 33
0.0
  0
SOLID
  5
51A
100
AcDbEntity
  8
_03_2D_DRAWING_DIMENSION
100
AcDbTrace
 62
7
  6
BYLAYER
 10
226.255071534
 20
91.0177327253
 30
0.0
 11
226.3302108616
 21
91.1358601203
 31
0.0
 12
227.7087989278
 22
91.6858918862
 32
0.0
 13
227.7087989278
 23
91.6858918862
 33
0.0
  0
SOLID
  5
51B
100
AcDbEntity
  8
_03_2D_DRAWING_DIMENSION
100
AcDbTrace
 62
7
  6
BYLAYER
 10
226.962406189
 20
91.2845916503
 30
0.0
 11
226.255071534
 21
91.0177327253
 31
0.0
 12
227.7087989278
 22
91.6858918862
 32
0.0
 13
227.7087989278
 23
91.6858918862
 33
0.0
  0
SOLID
  5
51C
100
AcDbEntity
  8
_03_2D_DRAWING_DIMENSION
100
AcDbTrace
 62
7
  6
BYLAYER
 10
227.0671965082
 20
91.3241263058
 30
0.0
 11
226.962406189
 21
91.2845916503
 31
0.0
 12
227.7087989278
 22
91.6858918862
 32
0.0
 13
227.7087989278
 23
91.6858918862
 33
0.0
  0
SOLID
  5
51D
100
AcDbEntity
  8
_03_2D_DRAWING_DIMENSION
100
AcDbTrace
 62
7
  6
BYLAYER
 10
227.093394088
 20
91.3340099697
 30
0.0
 11
227.0671965082
 21
91.3241263058
 31
0.0
 12
227.7087989278
 22
91.6858918862
 32
0.0
 13
227.7087989278
 23
91.6858918862
 33
0.0
  0
SOLID
  5
51E
100
AcDbEntity
  8
_03_2D_DRAWING_DIMENSION
100
AcDbTrace
 62
7
  6
BYLAYER
 10
227.1457892477
 20
91.3537772975
 30
0.0
 11
227.093394088
 21
91.3340099697
 31
0.0
 12
227.7087989278
 22
91.6858918862
 32
0.0
 13
227.7087989278
 23
91.6858918862
 33
0.0
  0
SOLID
  5
51F
100
AcDbEntity
  8
_03_2D_DRAWING_DIMENSION
100
AcDbTrace
 62
7
  6
BYLAYER
 10
227.1457892477
 20
91.3537772975
 30
0.0
 11
227.7087989278
 21
91.6858918862
 31
0.0
 12
227.9252863901
 22
91.5880083906
 32
0.0
 13
227.9252863901
 23
91.5880083906
 33
0.0
  0
SOLID
  5
520
100
AcDbEntity
  8
_03_2D_DRAWING_DIMENSION
100
AcDbTrace
 62
7
  6
BYLAYER
 10
226.7725928782
 20
91.1531271795
 30
0.0
 11
226.6875698867
 21
91.0611973644
 31
0.0
 12
226.1996995341
 22
90.8472101707
 32
0.0
 13
226.1996995341
 23
90.8472101707
 33
0.0
  0
SOLID
  5
521
100
AcDbEntity
  8
_03_2D_DRAWING_DIMENSION
100
AcDbTrace
 62
7
  6
BYLAYER
 10
226.8674995336
 20
91.2188594149
 30
0.0
 11
226.7725928782
 21
91.1531271795
 31
0.0
 12
226.1996995341
 22
90.8472101707
 32
0.0
 13
226.1996995341
 23
90.8472101707
 33
0.0
  0
SOLID
  5
522
100
AcDbEntity
  8
_03_2D_DRAWING_DIMENSION
100
AcDbTrace
 62
7
  6
BYLAYER
 10
226.962406189
 20
91.2845916503
 30
0.0
 11
226.8674995336
 21
91.2188594149
 31
0.0
 12
226.1996995341
 22
90.8472101707
 32
0.0
 13
226.1996995341
 23
90.8472101707
 33
0.0
  0
SOLID
  5
523
100
AcDbEntity
  8
_03_2D_DRAWING_DIMENSION
100
AcDbTrace
 62
7
  6
BYLAYER
 10
226.962406189
 20
91.2845916503
 30
0.0
 11
226.1996995341
 21
90.8472101707
 31
0.0
 12
226.255071534
 22
91.0177327253
 32
0.0
 13
226.255071534
 23
91.0177327253
 33
0.0
  0
SOLID
  5
524
100
AcDbEntity
  8
_03_2D_DRAWING_DIMENSION
100
AcDbTrace
 62
7
  6
BYLAYER
 10
226.1996995341
 20
90.8472101707
 30
0.0
 11
226.6875698867
 21
91.0611973644
 31
0.0
 12
226.6287444751
 22
90.9791512131
 32
0.0
 13
226.6287444751
 23
90.9791512131
 33
0.0
  0
SOLID
  5
525
100
AcDbEntity
  8
_03_2D_DRAWING_DIMENSION
100
AcDbTrace
 62
7
  6
BYLAYER
 10
227.624252508
 20
91.3547304408
 30
0.0
 11
227.499694861
 21
91.3675909449
 31
0.0
 12
227.9252863901
 22
91.5880083906
 32
0.0
 13
227.9252863901
 23
91.5880083906
 33
0.0
  0
SOLID
  5
526
100
AcDbEntity
  8
_03_2D_DRAWING_DIMENSION
100
AcDbTrace
 62
7
  6
BYLAYER
 10
227.624252508
 20
91.3547304408
 30
0.0
 11
227.9252863901
 21
91.5880083906
 31
0.0
 12
228.1155762725
 22
91.4802412312
 32
0.0
 13
228.1155762725
 23
91.4802412312
 33
0.0
  0
SOLID
  5
527
100
AcDbEntity
  8
_03_2D_DRAWING_DIMENSION
100
AcDbTrace
 62
7
  6
BYLAYER
 10
226.6287444751
 20
90.9791512131
 30
0.0
 11
226.1606414502
 21
90.7127688597
 31
0.0
 12
226.1996995341
 22
90.8472101707
 32
0.0
 13
226.1996995341
 23
90.8472101707
 33
0.0
  0
SOLID
  5
528
100
AcDbEntity
  8
_03_2D_DRAWING_DIMENSION
100
AcDbTrace
 62
7
  6
BYLAYER
 10
226.1606414502
 20
90.7127688597
 30
0.0
 11
226.6287444751
 21
90.9791512131
 31
0.0
 12
226.5798027273
 22
90.870907482
 32
0.0
 13
226.5798027273
 23
90.870907482
 33
0.0
  0
SOLID
  5
529
100
AcDbEntity
  8
_03_2D_DRAWING_DIMENSION
100
AcDbTrace
 62
7
  6
BYLAYER
 10
228.1155762725
 20
91.4802412312
 30
0.0
 11
227.7324962391
 21
91.305788693
 31
0.0
 12
227.624252508
 22
91.3547304408
 32
0.0
 13
227.624252508
 23
91.3547304408
 33
0.0
  0
SOLID
  5
52A
100
AcDbEntity
  8
_03_2D_DRAWING_DIMENSION
100
AcDbTrace
 62
7
  6
BYLAYER
 10
226.5798027273
 20
90.870907482
 30
0.0
 11
226.5308609795
 21
90.7626637508
 31
0.0
 12
226.1314670302
 22
90.552129969
 32
0.0
 13
226.1314670302
 23
90.552129969
 33
0.0
  0
SOLID
  5
52B
100
AcDbEntity
  8
_03_2D_DRAWING_DIMENSION
100
AcDbTrace
 62
7
  6
BYLAYER
 10
226.5798027273
 20
90.870907482
 30
0.0
 11
226.1314670302
 21
90.552129969
 31
0.0
 12
226.1606414502
 22
90.7127688597
 32
0.0
 13
226.1606414502
 23
90.7127688597
 33
0.0
  0
SOLID
  5
52C
100
AcDbEntity
  8
_03_2D_DRAWING_DIMENSION
100
AcDbTrace
 62
7
  6
BYLAYER
 10
226.1314670302
 20
90.552129969
 30
0.0
 11
226.5308609795
 21
90.7626637508
 31
0.0
 12
226.5081168115
 22
90.6643036836
 32
0.0
 13
226.5081168115
 23
90.6643036836
 33
0.0
  0
SOLID
  5
52D
100
AcDbEntity
  8
_03_2D_DRAWING_DIMENSION
100
AcDbTrace
 62
7
  6
BYLAYER
 10
227.8145423904
 20
91.2469632814
 30
0.0
 11
227.7324962391
 21
91.305788693
 31
0.0
 12
228.1155762725
 22
91.4802412312
 32
0.0
 13
228.1155762725
 23
91.4802412312
 33
0.0
  0
SOLID
  5
52E
100
AcDbEntity
  8
_03_2D_DRAWING_DIMENSION
100
AcDbTrace
 62
7
  6
BYLAYER
 10
227.9227861215
 20
91.1980215336
 30
0.0
 11
227.8145423904
 21
91.2469632814
 31
0.0
 12
228.1155762725
 22
91.4802412312
 32
0.0
 13
228.1155762725
 23
91.4802412312
 33
0.0
  0
SOLID
  5
52F
100
AcDbEntity
  8
_03_2D_DRAWING_DIMENSION
100
AcDbTrace
 62
7
  6
BYLAYER
 10
227.9227861215
 20
91.1980215336
 30
0.0
 11
228.1155762725
 21
91.4802412312
 31
0.0
 12
228.2633546591
 22
91.3265091641
 32
0.0
 13
228.2633546591
 23
91.3265091641
 33
0.0
  0
SOLID
  5
530
100
AcDbEntity
  8
_03_2D_DRAWING_DIMENSION
100
AcDbTrace
 62
7
  6
BYLAYER
 10
228.2633546591
 20
91.3265091641
 30
0.0
 11
228.0147159367
 21
91.1129985421
 31
0.0
 12
227.9227861215
 22
91.1980215336
 32
0.0
 13
227.9227861215
 23
91.1980215336
 33
0.0
  0
SOLID
  5
531
100
AcDbEntity
  8
_03_2D_DRAWING_DIMENSION
100
AcDbTrace
 62
7
  6
BYLAYER
 10
226.5081168115
 20
90.6643036836
 30
0.0
 11
226.4952563075
 21
90.5397460366
 31
0.0
 12
226.1383738539
 22
90.3751771623
 32
0.0
 13
226.1383738539
 23
90.3751771623
 33
0.0
  0
SOLID
  5
532
100
AcDbEntity
  8
_03_2D_DRAWING_DIMENSION
100
AcDbTrace
 62
7
  6
BYLAYER
 10
226.5081168115
 20
90.6643036836
 30
0.0
 11
226.1383738539
 21
90.3751771623
 31
0.0
 12
226.1314670302
 22
90.552129969
 32
0.0
 13
226.1314670302
 23
90.552129969
 33
0.0
  0
SOLID
  5
533
100
AcDbEntity
  8
_03_2D_DRAWING_DIMENSION
100
AcDbTrace
 62
7
  6
BYLAYER
 10
226.1383738539
 20
90.3751771623
 30
0.0
 11
226.4952563075
 21
90.5397460366
 31
0.0
 12
226.5085933832
 22
90.4250720534
 32
0.0
 13
226.5085933832
 23
90.4250720534
 33
0.0
  0
SOLID
  5
534
100
AcDbEntity
  8
_03_2D_DRAWING_DIMENSION
100
AcDbTrace
 62
7
  6
BYLAYER
 10
228.0804481721
 20
91.0180918867
 30
0.0
 11
228.0147159367
 21
91.1129985421
 31
0.0
 12
228.2633546591
 22
91.3265091641
 32
0.0
 13
228.2633546591
 23
91.3265091641
 33
0.0
  0
SOLID
  5
535
100
AcDbEntity
  8
_03_2D_DRAWING_DIMENSION
100
AcDbTrace
 62
7
  6
BYLAYER
 10
228.0804481721
 20
91.0180918867
 30
0.0
 11
228.2633546591
 21
91.3265091641
 31
0.0
 12
228.4210167097
 22
91.1465795173
 32
0.0
 13
228.4210167097
 23
91.1465795173
 33
0.0
  0
SOLID
  5
536
100
AcDbEntity
  8
_03_2D_DRAWING_DIMENSION
100
AcDbTrace
 62
7
  6
BYLAYER
 10
226.5085933832
 20
90.4250720534
 30
0.0
 11
226.1615945936
 21
90.2343055994
 31
0.0
 12
226.1383738539
 22
90.3751771623
 32
0.0
 13
226.1383738539
 23
90.3751771623
 33
0.0
  0
SOLID
  5
537
100
AcDbEntity
  8
_03_2D_DRAWING_DIMENSION
100
AcDbTrace
 62
7
  6
BYLAYER
 10
226.1615945936
 20
90.2343055994
 30
0.0
 11
226.5085933832
 21
90.4250720534
 31
0.0
 12
226.5219304589
 22
90.3103980703
 32
0.0
 13
226.5219304589
 23
90.3103980703
 33
0.0
  0
SOLID
  5
538
100
AcDbEntity
  8
_03_2D_DRAWING_DIMENSION
100
AcDbTrace
 62
7
  6
BYLAYER
 10
228.4210167097
 20
91.1465795173
 30
0.0
 11
228.1461804074
 21
90.9231852313
 31
0.0
 12
228.0804481721
 22
91.0180918867
 32
0.0
 13
228.0804481721
 23
91.0180918867
 33
0.0
  0
SOLID
  5
539
100
AcDbEntity
  8
_03_2D_DRAWING_DIMENSION
100
AcDbTrace
 62
7
  6
BYLAYER
 10
226.5219304589
 20
90.3103980703
 30
0.0
 11
226.2208965769
 21
90.0771201205
 31
0.0
 12
226.1615945936
 22
90.2343055994
 32
0.0
 13
226.1615945936
 23
90.2343055994
 33
0.0
  0
SOLID
  5
53A
100
AcDbEntity
  8
_03_2D_DRAWING_DIMENSION
100
AcDbTrace
 62
7
  6
BYLAYER
 10
226.2208965769
 20
90.0771201205
 30
0.0
 11
226.5219304589
 21
90.3103980703
 31
0.0
 12
226.5352675347
 22
90.1957240871
 32
0.0
 13
226.5352675347
 23
90.1957240871
 33
0.0
  0
SOLID
  5
53B
100
AcDbEntity
  8
_03_2D_DRAWING_DIMENSION
100
AcDbTrace
 62
7
  6
BYLAYER
 10
228.185715063
 20
90.8183949121
 30
0.0
 11
228.1461804074
 21
90.9231852313
 31
0.0
 12
228.4210167097
 22
91.1465795173
 32
0.0
 13
228.4210167097
 23
91.1465795173
 33
0.0
  0
SOLID
  5
53C
100
AcDbEntity
  8
_03_2D_DRAWING_DIMENSION
100
AcDbTrace
 62
7
  6
BYLAYER
 10
228.185715063
 20
90.8183949121
 30
0.0
 11
228.4210167097
 21
91.1465795173
 31
0.0
 12
228.5000860208
 22
90.9369988787
 32
0.0
 13
228.5000860208
 23
90.9369988787
 33
0.0
  0
SOLID
  5
53D
100
AcDbEntity
  8
_03_2D_DRAWING_DIMENSION
100
AcDbTrace
 62
7
  6
BYLAYER
 10
228.5000860208
 20
90.9369988787
 30
0.0
 11
228.2252497185
 21
90.7136045928
 31
0.0
 12
228.185715063
 22
90.8183949121
 32
0.0
 13
228.185715063
 23
90.8183949121
 33
0.0
  0
SOLID
  5
53E
100
AcDbEntity
  8
_03_2D_DRAWING_DIMENSION
100
AcDbTrace
 62
7
  6
BYLAYER
 10
226.5352675347
 20
90.1957240871
 30
0.0
 11
226.60099977
 21
90.1008174318
 31
0.0
 12
226.2801985602
 22
89.9199346416
 32
0.0
 13
226.2801985602
 23
89.9199346416
 33
0.0
  0
SOLID
  5
53F
100
AcDbEntity
  8
_03_2D_DRAWING_DIMENSION
100
AcDbTrace
 62
7
  6
BYLAYER
 10
226.5352675347
 20
90.1957240871
 30
0.0
 11
226.2801985602
 21
89.9199346416
 31
0.0
 12
226.2208965769
 22
90.0771201205
 32
0.0
 13
226.2208965769
 23
90.0771201205
 33
0.0
  0
SOLID
  5
540
100
AcDbEntity
  8
_03_2D_DRAWING_DIMENSION
100
AcDbTrace
 62
7
  6
BYLAYER
 10
228.2252497185
 20
90.7136045928
 30
0.0
 11
228.5000860208
 21
90.9369988787
 31
0.0
 12
228.5593880041
 22
90.7798133999
 32
0.0
 13
228.5593880041
 23
90.7798133999
 33
0.0
  0
SOLID
  5
541
100
AcDbEntity
  8
_03_2D_DRAWING_DIMENSION
100
AcDbTrace
 62
7
  6
BYLAYER
 10
226.2801985602
 20
89.9199346416
 30
0.0
 11
226.60099977
 21
90.1008174318
 31
0.0
 12
226.6667320054
 22
90.0059107764
 32
0.0
 13
226.6667320054
 23
90.0059107764
 33
0.0
  0
SOLID
  5
542
100
AcDbEntity
  8
_03_2D_DRAWING_DIMENSION
100
AcDbTrace
 62
7
  6
BYLAYER
 10
228.5593880041
 20
90.7798133999
 30
0.0
 11
228.2385867943
 21
90.5989306097
 31
0.0
 12
228.2252497185
 22
90.7136045928
 32
0.0
 13
228.2252497185
 23
90.7136045928
 33
0.0
  0
SOLID
  5
543
100
AcDbEntity
  8
_03_2D_DRAWING_DIMENSION
100
AcDbTrace
 62
7
  6
BYLAYER
 10
228.2385867943
 20
90.5989306097
 30
0.0
 11
228.5593880041
 21
90.7798133999
 31
0.0
 12
228.5826087437
 22
90.6389418369
 32
0.0
 13
228.5826087437
 23
90.6389418369
 33
0.0
  0
SOLID
  5
544
100
AcDbEntity
  8
_03_2D_DRAWING_DIMENSION
100
AcDbTrace
 62
7
  6
BYLAYER
 10
226.6667320054
 20
90.0059107764
 30
0.0
 11
226.3918957032
 21
89.7825164905
 31
0.0
 12
226.2801985602
 22
89.9199346416
 32
0.0
 13
226.2801985602
 23
89.9199346416
 33
0.0
  0
SOLID
  5
545
100
AcDbEntity
  8
_03_2D_DRAWING_DIMENSION
100
AcDbTrace
 62
7
  6
BYLAYER
 10
226.3918957032
 20
89.7825164905
 30
0.0
 11
226.6667320054
 21
90.0059107764
 31
0.0
 12
226.7324642408
 22
89.911004121
 32
0.0
 13
226.7324642408
 23
89.911004121
 33
0.0
  0
SOLID
  5
546
100
AcDbEntity
  8
_03_2D_DRAWING_DIMENSION
100
AcDbTrace
 62
7
  6
BYLAYER
 10
228.5826087437
 20
90.6389418369
 30
0.0
 11
228.25192387
 21
90.4842566265
 31
0.0
 12
228.2385867943
 22
90.5989306097
 32
0.0
 13
228.2385867943
 23
90.5989306097
 33
0.0
  0
SOLID
  5
547
100
AcDbEntity
  8
_03_2D_DRAWING_DIMENSION
100
AcDbTrace
 62
7
  6
BYLAYER
 10
228.2390633659
 20
90.3596989795
 30
0.0
 11
228.25192387
 21
90.4842566265
 31
0.0
 12
228.5826087437
 22
90.6389418369
 32
0.0
 13
228.5826087437
 23
90.6389418369
 33
0.0
  0
SOLID
  5
548
100
AcDbEntity
  8
_03_2D_DRAWING_DIMENSION
100
AcDbTrace
 62
7
  6
BYLAYER
 10
228.2390633659
 20
90.3596989795
 30
0.0
 11
228.5826087437
 21
90.6389418369
 31
0.0
 12
228.5895155674
 22
90.4619890302
 32
0.0
 13
228.5895155674
 23
90.4619890302
 33
0.0
  0
SOLID
  5
549
100
AcDbEntity
  8
_03_2D_DRAWING_DIMENSION
100
AcDbTrace
 62
7
  6
BYLAYER
 10
226.7324642408
 20
89.911004121
 30
0.0
 11
226.8243940559
 21
89.8259811296
 31
0.0
 12
226.5035928461
 22
89.6450983394
 32
0.0
 13
226.5035928461
 23
89.6450983394
 33
0.0
  0
SOLID
  5
54A
100
AcDbEntity
  8
_03_2D_DRAWING_DIMENSION
100
AcDbTrace
 62
7
  6
BYLAYER
 10
226.7324642408
 20
89.911004121
 30
0.0
 11
226.5035928461
 21
89.6450983394
 31
0.0
 12
226.3918957032
 22
89.7825164905
 32
0.0
 13
226.3918957032
 23
89.7825164905
 33
0.0
  0
SOLID
  5
54B
100
AcDbEntity
  8
_03_2D_DRAWING_DIMENSION
100
AcDbTrace
 62
7
  6
BYLAYER
 10
226.5035928461
 20
89.6450983394
 30
0.0
 11
226.8243940559
 21
89.8259811296
 31
0.0
 12
226.9064402072
 22
89.7671557179
 32
0.0
 13
226.9064402072
 23
89.7671557179
 33
0.0
  0
SOLID
  5
54C
100
AcDbEntity
  8
_03_2D_DRAWING_DIMENSION
100
AcDbTrace
 62
7
  6
BYLAYER
 10
228.5895155674
 20
90.4619890302
 30
0.0
 11
228.1901216182
 21
90.2514552484
 31
0.0
 12
228.2390633659
 22
90.3596989795
 32
0.0
 13
228.2390633659
 23
90.3596989795
 33
0.0
  0
SOLID
  5
54D
100
AcDbEntity
  8
_03_2D_DRAWING_DIMENSION
100
AcDbTrace
 62
7
  6
BYLAYER
 10
228.1673774502
 20
90.1530951812
 30
0.0
 11
228.1901216182
 21
90.2514552484
 31
0.0
 12
228.5895155674
 22
90.4619890302
 32
0.0
 13
228.5895155674
 23
90.4619890302
 33
0.0
  0
SOLID
  5
54E
100
AcDbEntity
  8
_03_2D_DRAWING_DIMENSION
100
AcDbTrace
 62
7
  6
BYLAYER
 10
228.1673774502
 20
90.1530951812
 30
0.0
 11
228.5895155674
 21
90.4619890302
 31
0.0
 12
228.5865387272
 22
90.3112338034
 32
0.0
 13
228.5865387272
 23
90.3112338034
 33
0.0
  0
SOLID
  5
54F
100
AcDbEntity
  8
_03_2D_DRAWING_DIMENSION
100
AcDbTrace
 62
7
  6
BYLAYER
 10
226.9064402072
 20
89.7671557179
 30
0.0
 11
227.0146839383
 21
89.7182139701
 31
0.0
 12
226.631603905
 22
89.543761432
 32
0.0
 13
226.631603905
 23
89.543761432
 33
0.0
  0
SOLID
  5
550
100
AcDbEntity
  8
_03_2D_DRAWING_DIMENSION
100
AcDbTrace
 62
7
  6
BYLAYER
 10
226.9064402072
 20
89.7671557179
 30
0.0
 11
226.631603905
 21
89.543761432
 31
0.0
 12
226.5035928461
 22
89.6450983394
 32
0.0
 13
226.5035928461
 23
89.6450983394
 33
0.0
  0
SOLID
  5
551
100
AcDbEntity
  8
_03_2D_DRAWING_DIMENSION
100
AcDbTrace
 62
7
  6
BYLAYER
 10
226.631603905
 20
89.543761432
 30
0.0
 11
227.0146839383
 21
89.7182139701
 31
0.0
 12
227.1229276695
 22
89.6692722223
 32
0.0
 13
227.1229276695
 23
89.6692722223
 33
0.0
  0
SOLID
  5
552
100
AcDbEntity
  8
_03_2D_DRAWING_DIMENSION
100
AcDbTrace
 62
7
  6
BYLAYER
 10
228.5865387272
 20
90.3112338034
 30
0.0
 11
228.1184357024
 21
90.0448514501
 31
0.0
 12
228.1673774502
 22
90.1530951812
 32
0.0
 13
228.1673774502
 23
90.1530951812
 33
0.0
  0
SOLID
  5
553
100
AcDbEntity
  8
_03_2D_DRAWING_DIMENSION
100
AcDbTrace
 62
7
  6
BYLAYER
 10
228.1184357024
 20
90.0448514501
 30
0.0
 11
228.5865387272
 21
90.3112338034
 31
0.0
 12
228.5212830635
 22
90.1669088286
 32
0.0
 13
228.5212830635
 23
90.1669088286
 33
0.0
  0
SOLID
  5
554
100
AcDbEntity
  8
_03_2D_DRAWING_DIMENSION
100
AcDbTrace
 62
7
  6
BYLAYER
 10
227.1457892477
 20
91.3537772975
 30
0.0
 11
227.9252863901
 21
91.5880083906
 31
0.0
 12
227.499694861
 22
91.3675909449
 32
0.0
 13
227.499694861
 23
91.3675909449
 33
0.0
  0
SOLID
  5
555
100
AcDbEntity
  8
_03_2D_DRAWING_DIMENSION
100
AcDbTrace
 62
7
  6
BYLAYER
 10
227.499694861
 20
91.3675909449
 30
0.0
 11
227.2212877367
 21
89.6465280544
 31
0.0
 12
227.1457892477
 22
91.3537772975
 32
0.0
 13
227.1457892477
 23
91.3537772975
 33
0.0
  0
SOLID
  5
556
100
AcDbEntity
  8
_03_2D_DRAWING_DIMENSION
100
AcDbTrace
 62
7
  6
BYLAYER
 10
228.5212830635
 20
90.1669088286
 30
0.0
 11
228.0334127109
 21
89.9529216349
 31
0.0
 12
228.1184357024
 22
90.0448514501
 32
0.0
 13
228.1184357024
 23
90.0448514501
 33
0.0
  0
SOLID
  5
557
100
AcDbEntity
  8
_03_2D_DRAWING_DIMENSION
100
AcDbTrace
 62
7
  6
BYLAYER
 10
227.1229276695
 20
89.6692722223
 30
0.0
 11
227.2212877367
 21
89.6465280544
 31
0.0
 12
226.7596149639
 22
89.4424245246
 32
0.0
 13
226.7596149639
 23
89.4424245246
 33
0.0
  0
SOLID
  5
558
100
AcDbEntity
  8
_03_2D_DRAWING_DIMENSION
100
AcDbTrace
 62
7
  6
BYLAYER
 10
227.1229276695
 20
89.6692722223
 30
0.0
 11
226.7596149639
 21
89.4424245246
 31
0.0
 12
226.631603905
 22
89.543761432
 32
0.0
 13
226.631603905
 23
89.543761432
 33
0.0
  0
SOLID
  5
559
100
AcDbEntity
  8
_03_2D_DRAWING_DIMENSION
100
AcDbTrace
 62
7
  6
BYLAYER
 10
227.57519335
 20
89.6603417018
 30
0.0
 11
226.7596149639
 21
89.4424245246
 31
0.0
 12
227.2212877367
 22
89.6465280544
 32
0.0
 13
227.2212877367
 23
89.6465280544
 33
0.0
  0
SOLID
  5
55A
100
AcDbEntity
  8
_03_2D_DRAWING_DIMENSION
100
AcDbTrace
 62
7
  6
BYLAYER
 10
227.2212877367
 20
89.6465280544
 30
0.0
 11
227.499694861
 21
91.3675909449
 31
0.0
 12
227.57519335
 22
89.6603417018
 32
0.0
 13
227.57519335
 23
89.6603417018
 33
0.0
  0
SOLID
  5
55B
100
AcDbEntity
  8
_03_2D_DRAWING_DIMENSION
100
AcDbTrace
 62
7
  6
BYLAYER
 10
227.9745872993
 20
89.8708754836
 30
0.0
 11
228.0334127109
 21
89.9529216349
 31
0.0
 12
228.5212830635
 22
90.1669088286
 32
0.0
 13
228.5212830635
 23
90.1669088286
 33
0.0
  0
SOLID
  5
55C
100
AcDbEntity
  8
_03_2D_DRAWING_DIMENSION
100
AcDbTrace
 62
7
  6
BYLAYER
 10
227.8796806439
 20
89.8051432482
 30
0.0
 11
227.9745872993
 21
89.8708754836
 31
0.0
 12
228.5212830635
 22
90.1669088286
 32
0.0
 13
228.5212830635
 23
90.1669088286
 33
0.0
  0
SOLID
  5
55D
100
AcDbEntity
  8
_03_2D_DRAWING_DIMENSION
100
AcDbTrace
 62
7
  6
BYLAYER
 10
227.7847739885
 20
89.7394110129
 30
0.0
 11
227.8796806439
 21
89.8051432482
 31
0.0
 12
228.5212830635
 22
90.1669088286
 32
0.0
 13
228.5212830635
 23
90.1669088286
 33
0.0
  0
SOLID
  5
55E
100
AcDbEntity
  8
_03_2D_DRAWING_DIMENSION
100
AcDbTrace
 62
7
  6
BYLAYER
 10
227.7847739885
 20
89.7394110129
 30
0.0
 11
228.5212830635
 21
90.1669088286
 31
0.0
 12
228.4921086435
 22
90.0062699378
 32
0.0
 13
228.4921086435
 23
90.0062699378
 33
0.0
  0
SOLID
  5
55F
100
AcDbEntity
  8
_03_2D_DRAWING_DIMENSION
100
AcDbTrace
 62
7
  6
BYLAYER
 10
227.7847739885
 20
89.7394110129
 30
0.0
 11
228.4921086435
 21
90.0062699378
 31
0.0
 12
226.9039399387
 22
89.3771688609
 32
0.0
 13
226.9039399387
 23
89.3771688609
 33
0.0
  0
SOLID
  5
560
100
AcDbEntity
  8
_03_2D_DRAWING_DIMENSION
100
AcDbTrace
 62
7
  6
BYLAYER
 10
227.6799836693
 20
89.6998763573
 30
0.0
 11
227.7847739885
 21
89.7394110129
 31
0.0
 12
226.9039399387
 22
89.3771688609
 32
0.0
 13
226.9039399387
 23
89.3771688609
 33
0.0
  0
SOLID
  5
561
100
AcDbEntity
  8
_03_2D_DRAWING_DIMENSION
100
AcDbTrace
 62
7
  6
BYLAYER
 10
227.6275885096
 20
89.6801090295
 30
0.0
 11
227.6799836693
 21
89.6998763573
 31
0.0
 12
226.9039399387
 22
89.3771688609
 32
0.0
 13
226.9039399387
 23
89.3771688609
 33
0.0
  0
SOLID
  5
562
100
AcDbEntity
  8
_03_2D_DRAWING_DIMENSION
100
AcDbTrace
 62
7
  6
BYLAYER
 10
227.57519335
 20
89.6603417018
 30
0.0
 11
227.6275885096
 21
89.6801090295
 31
0.0
 12
226.9039399387
 22
89.3771688609
 32
0.0
 13
226.9039399387
 23
89.3771688609
 33
0.0
  0
SOLID
  5
563
100
AcDbEntity
  8
_03_2D_DRAWING_DIMENSION
100
AcDbTrace
 62
7
  6
BYLAYER
 10
227.57519335
 20
89.6603417018
 30
0.0
 11
226.9039399387
 21
89.3771688609
 31
0.0
 12
226.7596149639
 22
89.4424245246
 32
0.0
 13
226.7596149639
 23
89.4424245246
 33
0.0
  0
SOLID
  5
564
100
AcDbEntity
  8
_03_2D_DRAWING_DIMENSION
100
AcDbTrace
 62
7
  6
BYLAYER
 10
226.9039399387
 20
89.3771688609
 30
0.0
 11
228.4921086435
 21
90.0062699378
 31
0.0
 12
228.3907717361
 22
89.8782588789
 32
0.0
 13
228.3907717361
 23
89.8782588789
 33
0.0
  0
SOLID
  5
565
100
AcDbEntity
  8
_03_2D_DRAWING_DIMENSION
100
AcDbTrace
 62
7
  6
BYLAYER
 10
228.3907717361
 20
89.8782588789
 30
0.0
 11
227.0744624933
 21
89.321796861
 31
0.0
 12
226.9039399387
 22
89.3771688609
 32
0.0
 13
226.9039399387
 23
89.3771688609
 33
0.0
  0
SOLID
  5
566
100
AcDbEntity
  8
_03_2D_DRAWING_DIMENSION
100
AcDbTrace
 62
7
  6
BYLAYER
 10
227.0744624933
 20
89.321796861
 30
0.0
 11
228.3907717361
 21
89.8782588789
 31
0.0
 12
228.3255160724
 22
89.7339339041
 32
0.0
 13
228.3255160724
 23
89.7339339041
 33
0.0
  0
SOLID
  5
567
100
AcDbEntity
  8
_03_2D_DRAWING_DIMENSION
100
AcDbTrace
 62
7
  6
BYLAYER
 10
228.3255160724
 20
89.7339339041
 30
0.0
 11
227.2351013841
 21
89.292622441
 31
0.0
 12
227.0744624933
 22
89.321796861
 32
0.0
 13
227.0744624933
 23
89.321796861
 33
0.0
  0
SOLID
  5
568
100
AcDbEntity
  8
_03_2D_DRAWING_DIMENSION
100
AcDbTrace
 62
7
  6
BYLAYER
 10
227.2351013841
 20
89.292622441
 30
0.0
 11
228.3255160724
 21
89.7339339041
 31
0.0
 12
228.1880979213
 22
89.6222367612
 32
0.0
 13
228.1880979213
 23
89.6222367612
 33
0.0
  0
SOLID
  5
569
100
AcDbEntity
  8
_03_2D_DRAWING_DIMENSION
100
AcDbTrace
 62
7
  6
BYLAYER
 10
227.7985876359
 20
89.3855053995
 30
0.0
 11
227.5890069974
 21
89.3064360884
 31
0.0
 12
228.07687735
 22
89.5204232821
 32
0.0
 13
228.07687735
 23
89.5204232821
 33
0.0
  0
SOLID
  5
56A
100
AcDbEntity
  8
_03_2D_DRAWING_DIMENSION
100
AcDbTrace
 62
7
  6
BYLAYER
 10
227.7985876359
 20
89.3855053995
 30
0.0
 11
228.07687735
 21
89.5204232821
 31
0.0
 12
227.9557731148
 22
89.4448073829
 32
0.0
 13
227.9557731148
 23
89.4448073829
 33
0.0
  0
SOLID
  5
56B
100
AcDbEntity
  8
_03_2D_DRAWING_DIMENSION
100
AcDbTrace
 62
7
  6
BYLAYER
 10
228.1880979213
 20
89.6222367612
 30
0.0
 11
228.07687735
 21
89.5204232821
 31
0.0
 12
227.5890069974
 22
89.3064360884
 32
0.0
 13
227.5890069974
 23
89.3064360884
 33
0.0
  0
SOLID
  5
56C
100
AcDbEntity
  8
_03_2D_DRAWING_DIMENSION
100
AcDbTrace
 62
7
  6
BYLAYER
 10
227.2351013841
 20
89.292622441
 30
0.0
 11
228.1880979213
 21
89.6222367612
 31
0.0
 12
227.5890069974
 22
89.3064360884
 32
0.0
 13
227.5890069974
 23
89.3064360884
 33
0.0
  0
SOLID
  5
56D
100
AcDbEntity
  8
_03_2D_DRAWING_DIMENSION
100
AcDbTrace
 62
7
  6
BYLAYER
 10
227.5890069974
 20
89.3064360884
 30
0.0
 11
227.2523684433
 21
88.8502404244
 31
0.0
 12
227.2351013841
 22
89.292622441
 32
0.0
 13
227.2351013841
 23
89.292622441
 33
0.0
  0
SOLID
  5
56E
100
AcDbEntity
  8
_03_2D_DRAWING_DIMENSION
100
AcDbTrace
 62
7
  6
BYLAYER
 10
227.2721357711
 20
88.7978452647
 30
0.0
 11
227.2523684433
 21
88.8502404244
 31
0.0
 12
227.5890069974
 22
89.3064360884
 32
0.0
 13
227.5890069974
 23
89.3064360884
 33
0.0
  0
SOLID
  5
56F
100
AcDbEntity
  8
_03_2D_DRAWING_DIMENSION
100
AcDbTrace
 62
7
  6
BYLAYER
 10
227.2919030989
 20
88.7454501051
 30
0.0
 11
227.2721357711
 21
88.7978452647
 31
0.0
 12
227.5890069974
 22
89.3064360884
 32
0.0
 13
227.5890069974
 23
89.3064360884
 33
0.0
  0
SOLID
  5
570
100
AcDbEntity
  8
_03_2D_DRAWING_DIMENSION
100
AcDbTrace
 62
7
  6
BYLAYER
 10
227.2919030989
 20
88.7454501051
 30
0.0
 11
227.5890069974
 21
89.3064360884
 31
0.0
 12
227.6062740566
 22
88.8640540718
 32
0.0
 13
227.6062740566
 23
88.8640540718
 33
0.0
  0
SOLID
  5
571
100
AcDbEntity
  8
_03_2D_DRAWING_DIMENSION
100
AcDbTrace
 62
7
  6
BYLAYER
 10
227.6062740566
 20
88.8640540718
 30
0.0
 11
227.3378680065
 21
88.7029386094
 31
0.0
 12
227.2919030989
 22
88.7454501051
 32
0.0
 13
227.2919030989
 23
88.7454501051
 33
0.0
  0
SOLID
  5
572
100
AcDbEntity
  8
_03_2D_DRAWING_DIMENSION
100
AcDbTrace
 62
7
  6
BYLAYER
 10
227.3378680065
 20
88.7029386094
 30
0.0
 11
227.6062740566
 21
88.8640540718
 31
0.0
 12
227.5998438046
 22
88.8017752482
 32
0.0
 13
227.5998438046
 23
88.8017752482
 33
0.0
  0
SOLID
  5
573
100
AcDbEntity
  8
_03_2D_DRAWING_DIMENSION
100
AcDbTrace
 62
7
  6
BYLAYER
 10
227.5998438046
 20
88.8017752482
 30
0.0
 11
227.3739492502
 21
88.6866246934
 31
0.0
 12
227.3378680065
 22
88.7029386094
 32
0.0
 13
227.3378680065
 23
88.7029386094
 33
0.0
  0
SOLID
  5
574
100
AcDbEntity
  8
_03_2D_DRAWING_DIMENSION
100
AcDbTrace
 62
7
  6
BYLAYER
 10
227.3739492502
 20
88.6866246934
 30
0.0
 11
227.5998438046
 21
88.8017752482
 31
0.0
 12
227.5835298887
 22
88.7656940045
 32
0.0
 13
227.5835298887
 23
88.7656940045
 33
0.0
  0
SOLID
  5
575
100
AcDbEntity
  8
_03_2D_DRAWING_DIMENSION
100
AcDbTrace
 62
7
  6
BYLAYER
 10
227.5835298887
 20
88.7656940045
 30
0.0
 11
227.4362280737
 21
88.6801944414
 31
0.0
 12
227.3739492502
 22
88.6866246934
 32
0.0
 13
227.3739492502
 23
88.6866246934
 33
0.0
  0
SOLID
  5
576
100
AcDbEntity
  8
_03_2D_DRAWING_DIMENSION
100
AcDbTrace
 62
7
  6
BYLAYER
 10
227.4886232333
 20
88.6999617692
 30
0.0
 11
227.4362280737
 21
88.6801944414
 31
0.0
 12
227.5835298887
 22
88.7656940045
 32
0.0
 13
227.5835298887
 23
88.7656940045
 33
0.0
  0
SOLID
  5
577
100
AcDbEntity
  8
_03_2D_DRAWING_DIMENSION
100
AcDbTrace
 62
7
  6
BYLAYER
 10
227.4886232333
 20
88.6999617692
 30
0.0
 11
227.5835298887
 21
88.7656940045
 31
0.0
 12
227.5410183929
 22
88.719729097
 32
0.0
 13
227.5410183929
 23
88.719729097
 33
0.0
  0
DIMENSION
  5
578
100
AcDbEntity
  8
_03_2D_DRAWING_DIMENSION
100
AcDbDimension
 62
7
  6
BYLAYER
  2
*D22
 10
205.0620090201
 20
79.3037840013
 30
0.0
 11
235.011134598
 21
93.4084109768
 31
0.0
 70
163
 71
2
 72
2
 41
0.9
 42
66.0
  1
>={\fSymbol_ISO;\W1.0;⌀}<>
  3
DIMSTYLE_9
100
AcDbDiametricDimension
 15
266.8134471549
 25
102.6009917371
 35
0.0
  0
SOLID
  5
579
100
AcDbEntity
  8
_03_2D_DRAWING_DIMENSION
100
AcDbTrace
 62
7
  6
BYLAYER
 10
226.3016798947
 20
136.8229870902
 30
0.0
 11
226.3408798947
 21
136.842586492
 31
0.0
 12
226.3996798947
 22
136.8229870902
 32
0.0
 13
226.3996798947
 23
136.8229870902
 33
0.0
  0
SOLID
  5
57A
100
AcDbEntity
  8
_03_2D_DRAWING_DIMENSION
100
AcDbTrace
 62
7
  6
BYLAYER
 10
226.3996798947
 20
136.8229870902
 30
0.0
 11
226.2624798947
 21
136.8033855948
 31
0.0
 12
226.3016798947
 22
136.8229870902
 32
0.0
 13
226.3016798947
 23
136.8229870902
 33
0.0
  0
SOLID
  5
57B
100
AcDbEntity
  8
_03_2D_DRAWING_DIMENSION
100
AcDbTrace
 62
7
  6
BYLAYER
 10
226.2624798947
 20
136.8033855948
 30
0.0
 11
226.3996798947
 21
136.8229870902
 31
0.0
 12
226.4388798947
 22
136.8033855948
 32
0.0
 13
226.4388798947
 23
136.8033855948
 33
0.0
  0
SOLID
  5
57C
100
AcDbEntity
  8
_03_2D_DRAWING_DIMENSION
100
AcDbTrace
 62
7
  6
BYLAYER
 10
226.4388798947
 20
136.8033855948
 30
0.0
 11
226.2232798947
 21
136.764186492
 31
0.0
 12
226.2624798947
 22
136.8033855948
 32
0.0
 13
226.2624798947
 23
136.8033855948
 33
0.0
  0
SOLID
  5
57D
100
AcDbEntity
  8
_03_2D_DRAWING_DIMENSION
100
AcDbTrace
 62
7
  6
BYLAYER
 10
226.2232798947
 20
136.764186492
 30
0.0
 11
226.4388798947
 21
136.8033855948
 31
0.0
 12
226.4584798947
 22
136.764186492
 32
0.0
 13
226.4584798947
 23
136.764186492
 33
0.0
  0
SOLID
  5
57E
100
AcDbEntity
  8
_03_2D_DRAWING_DIMENSION
100
AcDbTrace
 62
7
  6
BYLAYER
 10
226.4584798947
 20
136.764186492
 30
0.0
 11
226.2232798947
 21
136.7053858939
 31
0.0
 12
226.2232798947
 22
136.764186492
 32
0.0
 13
226.2232798947
 23
136.764186492
 33
0.0
  0
SOLID
  5
57F
100
AcDbEntity
  8
_03_2D_DRAWING_DIMENSION
100
AcDbTrace
 62
7
  6
BYLAYER
 10
226.2232798947
 20
136.7053858939
 30
0.0
 11
226.4584798947
 21
136.764186492
 31
0.0
 12
226.4584798947
 22
136.7053858939
 32
0.0
 13
226.4584798947
 23
136.7053858939
 33
0.0
  0
SOLID
  5
580
100
AcDbEntity
  8
_03_2D_DRAWING_DIMENSION
100
AcDbTrace
 62
7
  6
BYLAYER
 10
226.4584798947
 20
136.7053858939
 30
0.0
 11
226.2232798947
 21
136.3525870902
 31
0.0
 12
226.2232798947
 22
136.7053858939
 32
0.0
 13
226.2232798947
 23
136.7053858939
 33
0.0
  0
SOLID
  5
581
100
AcDbEntity
  8
_03_2D_DRAWING_DIMENSION
100
AcDbTrace
 62
7
  6
BYLAYER
 10
226.2232798947
 20
136.3525870902
 30
0.0
 11
226.4584798947
 21
136.7053858939
 31
0.0
 12
226.4584798947
 22
136.3525870902
 32
0.0
 13
226.4584798947
 23
136.3525870902
 33
0.0
  0
SOLID
  5
582
100
AcDbEntity
  8
_03_2D_DRAWING_DIMENSION
100
AcDbTrace
 62
7
  6
BYLAYER
 10
226.4584798947
 20
136.3525870902
 30
0.0
 11
226.8308798947
 21
136.3525870902
 31
0.0
 12
225.8116798947
 22
136.3329857443
 32
0.0
 13
225.8116798947
 23
136.3329857443
 33
0.0
  0
SOLID
  5
583
100
AcDbEntity
  8
_03_2D_DRAWING_DIMENSION
100
AcDbTrace
 62
7
  6
BYLAYER
 10
226.2232798947
 20
136.3525870902
 30
0.0
 11
226.4584798947
 21
136.3525870902
 31
0.0
 12
225.8116798947
 22
136.3329857443
 32
0.0
 13
225.8116798947
 23
136.3329857443
 33
0.0
  0
SOLID
  5
584
100
AcDbEntity
  8
_03_2D_DRAWING_DIMENSION
100
AcDbTrace
 62
7
  6
BYLAYER
 10
226.2232798947
 20
136.3525870902
 30
0.0
 11
225.8116798947
 21
136.3329857443
 31
0.0
 12
225.8508798947
 22
136.3525870902
 32
0.0
 13
225.8508798947
 23
136.3525870902
 33
0.0
  0
SOLID
  5
585
100
AcDbEntity
  8
_03_2D_DRAWING_DIMENSION
100
AcDbTrace
 62
7
  6
BYLAYER
 10
225.8116798947
 20
136.3329857443
 30
0.0
 11
226.8308798947
 21
136.3525870902
 31
0.0
 12
226.8896798947
 22
136.3329857443
 32
0.0
 13
226.8896798947
 23
136.3329857443
 33
0.0
  0
SOLID
  5
586
100
AcDbEntity
  8
_03_2D_DRAWING_DIMENSION
100
AcDbTrace
 62
7
  6
BYLAYER
 10
226.8896798947
 20
136.3329857443
 30
0.0
 11
225.7724798947
 21
136.3133861929
 31
0.0
 12
225.8116798947
 22
136.3329857443
 32
0.0
 13
225.8116798947
 23
136.3329857443
 33
0.0
  0
SOLID
  5
587
100
AcDbEntity
  8
_03_2D_DRAWING_DIMENSION
100
AcDbTrace
 62
7
  6
BYLAYER
 10
225.7724798947
 20
136.3133861929
 30
0.0
 11
226.8896798947
 21
136.3329857443
 31
0.0
 12
226.9288798947
 22
136.3133861929
 32
0.0
 13
226.9288798947
 23
136.3133861929
 33
0.0
  0
SOLID
  5
588
100
AcDbEntity
  8
_03_2D_DRAWING_DIMENSION
100
AcDbTrace
 62
7
  6
BYLAYER
 10
226.9288798947
 20
136.3133861929
 30
0.0
 11
225.7332798947
 21
136.2741870902
 31
0.0
 12
225.7724798947
 22
136.3133861929
 32
0.0
 13
225.7724798947
 23
136.3133861929
 33
0.0
  0
SOLID
  5
589
100
AcDbEntity
  8
_03_2D_DRAWING_DIMENSION
100
AcDbTrace
 62
7
  6
BYLAYER
 10
225.7332798947
 20
136.2741870902
 30
0.0
 11
226.9288798947
 21
136.3133861929
 31
0.0
 12
226.9484798947
 22
136.2741870902
 32
0.0
 13
226.9484798947
 23
136.2741870902
 33
0.0
  0
SOLID
  5
58A
100
AcDbEntity
  8
_03_2D_DRAWING_DIMENSION
100
AcDbTrace
 62
7
  6
BYLAYER
 10
226.9484798947
 20
136.2741870902
 30
0.0
 11
225.7332798947
 21
136.2153866415
 31
0.0
 12
225.7332798947
 22
136.2741870902
 32
0.0
 13
225.7332798947
 23
136.2741870902
 33
0.0
  0
SOLID
  5
58B
100
AcDbEntity
  8
_03_2D_DRAWING_DIMENSION
100
AcDbTrace
 62
7
  6
BYLAYER
 10
225.7332798947
 20
136.2153866415
 30
0.0
 11
226.9484798947
 21
136.2741870902
 31
0.0
 12
226.9484798947
 22
136.2153866415
 32
0.0
 13
226.9484798947
 23
136.2153866415
 33
0.0
  0
SOLID
  5
58C
100
AcDbEntity
  8
_03_2D_DRAWING_DIMENSION
100
AcDbTrace
 62
7
  6
BYLAYER
 10
226.9484798947
 20
136.2153866415
 30
0.0
 11
225.7332798947
 21
136.1761858939
 31
0.0
 12
225.7332798947
 22
136.2153866415
 32
0.0
 13
225.7332798947
 23
136.2153866415
 33
0.0
  0
SOLID
  5
58D
100
AcDbEntity
  8
_03_2D_DRAWING_DIMENSION
100
AcDbTrace
 62
7
  6
BYLAYER
 10
225.7332798947
 20
136.1761858939
 30
0.0
 11
226.9484798947
 21
136.2153866415
 31
0.0
 12
226.9484798947
 22
136.1761858939
 32
0.0
 13
226.9484798947
 23
136.1761858939
 33
0.0
  0
SOLID
  5
58E
100
AcDbEntity
  8
_03_2D_DRAWING_DIMENSION
100
AcDbTrace
 62
7
  6
BYLAYER
 10
226.9484798947
 20
136.1761858939
 30
0.0
 11
225.7724798947
 21
136.1369866415
 31
0.0
 12
225.7332798947
 22
136.1761858939
 32
0.0
 13
225.7332798947
 23
136.1761858939
 33
0.0
  0
SOLID
  5
58F
100
AcDbEntity
  8
_03_2D_DRAWING_DIMENSION
100
AcDbTrace
 62
7
  6
BYLAYER
 10
225.7724798947
 20
136.1369866415
 30
0.0
 11
226.9484798947
 21
136.1761858939
 31
0.0
 12
226.9288798947
 22
136.1369866415
 32
0.0
 13
226.9288798947
 23
136.1369866415
 33
0.0
  0
SOLID
  5
590
100
AcDbEntity
  8
_03_2D_DRAWING_DIMENSION
100
AcDbTrace
 62
7
  6
BYLAYER
 10
226.9288798947
 20
136.1369866415
 30
0.0
 11
225.8116798947
 21
136.0977858939
 31
0.0
 12
225.7724798947
 22
136.1369866415
 32
0.0
 13
225.7724798947
 23
136.1369866415
 33
0.0
  0
SOLID
  5
591
100
AcDbEntity
  8
_03_2D_DRAWING_DIMENSION
100
AcDbTrace
 62
7
  6
BYLAYER
 10
225.8508798947
 20
136.0977858939
 30
0.0
 11
225.8116798947
 21
136.0977858939
 31
0.0
 12
226.9288798947
 22
136.1369866415
 32
0.0
 13
226.9288798947
 23
136.1369866415
 33
0.0
  0
SOLID
  5
592
100
AcDbEntity
  8
_03_2D_DRAWING_DIMENSION
100
AcDbTrace
 62
7
  6
BYLAYER
 10
226.2232798947
 20
136.0977858939
 30
0.0
 11
225.8508798947
 21
136.0977858939
 31
0.0
 12
226.9288798947
 22
136.1369866415
 32
0.0
 13
226.9288798947
 23
136.1369866415
 33
0.0
  0
SOLID
  5
593
100
AcDbEntity
  8
_03_2D_DRAWING_DIMENSION
100
AcDbTrace
 62
7
  6
BYLAYER
 10
226.4584798947
 20
136.0977858939
 30
0.0
 11
226.2232798947
 21
136.0977858939
 31
0.0
 12
226.9288798947
 22
136.1369866415
 32
0.0
 13
226.9288798947
 23
136.1369866415
 33
0.0
  0
SOLID
  5
594
100
AcDbEntity
  8
_03_2D_DRAWING_DIMENSION
100
AcDbTrace
 62
7
  6
BYLAYER
 10
226.8308798947
 20
136.0977858939
 30
0.0
 11
226.4584798947
 21
136.0977858939
 31
0.0
 12
226.9288798947
 22
136.1369866415
 32
0.0
 13
226.9288798947
 23
136.1369866415
 33
0.0
  0
SOLID
  5
595
100
AcDbEntity
  8
_03_2D_DRAWING_DIMENSION
100
AcDbTrace
 62
7
  6
BYLAYER
 10
226.8308798947
 20
136.0977858939
 30
0.0
 11
226.9288798947
 21
136.1369866415
 31
0.0
 12
226.8896798947
 22
136.0977858939
 32
0.0
 13
226.8896798947
 23
136.0977858939
 33
0.0
  0
SOLID
  5
596
100
AcDbEntity
  8
_03_2D_DRAWING_DIMENSION
100
AcDbTrace
 62
7
  6
BYLAYER
 10
226.4584798947
 20
136.0977858939
 30
0.0
 11
226.2232798947
 21
135.7449867911
 31
0.0
 12
226.2232798947
 22
136.0977858939
 32
0.0
 13
226.2232798947
 23
136.0977858939
 33
0.0
  0
SOLID
  5
597
100
AcDbEntity
  8
_03_2D_DRAWING_DIMENSION
100
AcDbTrace
 62
7
  6
BYLAYER
 10
226.2232798947
 20
135.7449867911
 30
0.0
 11
226.4584798947
 21
136.0977858939
 31
0.0
 12
226.4584798947
 22
135.7449867911
 32
0.0
 13
226.4584798947
 23
135.7449867911
 33
0.0
  0
SOLID
  5
598
100
AcDbEntity
  8
_03_2D_DRAWING_DIMENSION
100
AcDbTrace
 62
7
  6
BYLAYER
 10
226.4584798947
 20
135.7449867911
 30
0.0
 11
226.2232798947
 21
135.6861863425
 31
0.0
 12
226.2232798947
 22
135.7449867911
 32
0.0
 13
226.2232798947
 23
135.7449867911
 33
0.0
  0
SOLID
  5
599
100
AcDbEntity
  8
_03_2D_DRAWING_DIMENSION
100
AcDbTrace
 62
7
  6
BYLAYER
 10
226.2232798947
 20
135.6861863425
 30
0.0
 11
226.4584798947
 21
135.7449867911
 31
0.0
 12
226.4584798947
 22
135.6861863425
 32
0.0
 13
226.4584798947
 23
135.6861863425
 33
0.0
  0
SOLID
  5
59A
100
AcDbEntity
  8
_03_2D_DRAWING_DIMENSION
100
AcDbTrace
 62
7
  6
BYLAYER
 10
226.4584798947
 20
135.6861863425
 30
0.0
 11
226.2624798947
 21
135.6469872397
 31
0.0
 12
226.2232798947
 22
135.6861863425
 32
0.0
 13
226.2232798947
 23
135.6861863425
 33
0.0
  0
SOLID
  5
59B
100
AcDbEntity
  8
_03_2D_DRAWING_DIMENSION
100
AcDbTrace
 62
7
  6
BYLAYER
 10
226.2624798947
 20
135.6469872397
 30
0.0
 11
226.4584798947
 21
135.6861863425
 31
0.0
 12
226.4388798947
 22
135.6469872397
 32
0.0
 13
226.4388798947
 23
135.6469872397
 33
0.0
  0
SOLID
  5
59C
100
AcDbEntity
  8
_03_2D_DRAWING_DIMENSION
100
AcDbTrace
 62
7
  6
BYLAYER
 10
226.4388798947
 20
135.6469872397
 30
0.0
 11
226.3016798947
 21
135.6273858939
 31
0.0
 12
226.2624798947
 22
135.6469872397
 32
0.0
 13
226.2624798947
 23
135.6469872397
 33
0.0
  0
SOLID
  5
59D
100
AcDbEntity
  8
_03_2D_DRAWING_DIMENSION
100
AcDbTrace
 62
7
  6
BYLAYER
 10
226.3016798947
 20
135.6273858939
 30
0.0
 11
226.4388798947
 21
135.6469872397
 31
0.0
 12
226.3996798947
 22
135.6273858939
 32
0.0
 13
226.3996798947
 23
135.6273858939
 33
0.0
  0
SOLID
  5
59E
100
AcDbEntity
  8
_03_2D_DRAWING_DIMENSION
100
AcDbTrace
 62
7
  6
BYLAYER
 10
226.3996798947
 20
135.6273858939
 30
0.0
 11
226.3408798947
 21
135.607786492
 31
0.0
 12
226.3016798947
 22
135.6273858939
 32
0.0
 13
226.3016798947
 23
135.6273858939
 33
0.0
  0
SOLID
  5
59F
100
AcDbEntity
  8
_03_2D_DRAWING_DIMENSION
100
AcDbTrace
 62
7
  6
BYLAYER
 10
226.8308798947
 20
135.372586492
 30
0.0
 11
226.8896798947
 21
135.372586492
 31
0.0
 12
225.7724798947
 22
135.3333872397
 32
0.0
 13
225.7724798947
 23
135.3333872397
 33
0.0
  0
SOLID
  5
5A0
100
AcDbEntity
  8
_03_2D_DRAWING_DIMENSION
100
AcDbTrace
 62
7
  6
BYLAYER
 10
225.8508798947
 20
135.372586492
 30
0.0
 11
226.8308798947
 21
135.372586492
 31
0.0
 12
225.7724798947
 22
135.3333872397
 32
0.0
 13
225.7724798947
 23
135.3333872397
 33
0.0
  0
SOLID
  5
5A1
100
AcDbEntity
  8
_03_2D_DRAWING_DIMENSION
100
AcDbTrace
 62
7
  6
BYLAYER
 10
225.8508798947
 20
135.372586492
 30
0.0
 11
225.7724798947
 21
135.3333872397
 31
0.0
 12
225.8116798947
 22
135.372586492
 32
0.0
 13
225.8116798947
 23
135.372586492
 33
0.0
  0
SOLID
  5
5A2
100
AcDbEntity
  8
_03_2D_DRAWING_DIMENSION
100
AcDbTrace
 62
7
  6
BYLAYER
 10
225.7724798947
 20
135.3333872397
 30
0.0
 11
226.8896798947
 21
135.372586492
 31
0.0
 12
226.9288798947
 22
135.3333872397
 32
0.0
 13
226.9288798947
 23
135.3333872397
 33
0.0
  0
SOLID
  5
5A3
100
AcDbEntity
  8
_03_2D_DRAWING_DIMENSION
100
AcDbTrace
 62
7
  6
BYLAYER
 10
226.9288798947
 20
135.3333872397
 30
0.0
 11
225.7332798947
 21
135.294186492
 31
0.0
 12
225.7724798947
 22
135.3333872397
 32
0.0
 13
225.7724798947
 23
135.3333872397
 33
0.0
  0
SOLID
  5
5A4
100
AcDbEntity
  8
_03_2D_DRAWING_DIMENSION
100
AcDbTrace
 62
7
  6
BYLAYER
 10
225.7332798947
 20
135.294186492
 30
0.0
 11
226.9288798947
 21
135.3333872397
 31
0.0
 12
226.9484798947
 22
135.294186492
 32
0.0
 13
226.9484798947
 23
135.294186492
 33
0.0
  0
SOLID
  5
5A5
100
AcDbEntity
  8
_03_2D_DRAWING_DIMENSION
100
AcDbTrace
 62
7
  6
BYLAYER
 10
226.9484798947
 20
135.294186492
 30
0.0
 11
225.7332798947
 21
135.2549873145
 31
0.0
 12
225.7332798947
 22
135.294186492
 32
0.0
 13
225.7332798947
 23
135.294186492
 33
0.0
  0
SOLID
  5
5A6
100
AcDbEntity
  8
_03_2D_DRAWING_DIMENSION
100
AcDbTrace
 62
7
  6
BYLAYER
 10
225.7332798947
 20
135.2549873145
 30
0.0
 11
226.9484798947
 21
135.294186492
 31
0.0
 12
226.9484798947
 22
135.2549873145
 32
0.0
 13
226.9484798947
 23
135.2549873145
 33
0.0
  0
SOLID
  5
5A7
100
AcDbEntity
  8
_03_2D_DRAWING_DIMENSION
100
AcDbTrace
 62
7
  6
BYLAYER
 10
226.9484798947
 20
135.2549873145
 30
0.0
 11
225.7332798947
 21
135.1961869406
 31
0.0
 12
225.7332798947
 22
135.2549873145
 32
0.0
 13
225.7332798947
 23
135.2549873145
 33
0.0
  0
SOLID
  5
5A8
100
AcDbEntity
  8
_03_2D_DRAWING_DIMENSION
100
AcDbTrace
 62
7
  6
BYLAYER
 10
225.7332798947
 20
135.1961869406
 30
0.0
 11
226.9484798947
 21
135.2549873145
 31
0.0
 12
226.9484798947
 22
135.1961869406
 32
0.0
 13
226.9484798947
 23
135.1961869406
 33
0.0
  0
SOLID
  5
5A9
100
AcDbEntity
  8
_03_2D_DRAWING_DIMENSION
100
AcDbTrace
 62
7
  6
BYLAYER
 10
226.9484798947
 20
135.1961869406
 30
0.0
 11
225.7724798947
 21
135.1569860434
 31
0.0
 12
225.7332798947
 22
135.1961869406
 32
0.0
 13
225.7332798947
 23
135.1961869406
 33
0.0
  0
SOLID
  5
5AA
100
AcDbEntity
  8
_03_2D_DRAWING_DIMENSION
100
AcDbTrace
 62
7
  6
BYLAYER
 10
225.7724798947
 20
135.1569860434
 30
0.0
 11
226.9484798947
 21
135.1961869406
 31
0.0
 12
226.9288798947
 22
135.1569860434
 32
0.0
 13
226.9288798947
 23
135.1569860434
 33
0.0
  0
SOLID
  5
5AB
100
AcDbEntity
  8
_03_2D_DRAWING_DIMENSION
100
AcDbTrace
 62
7
  6
BYLAYER
 10
226.9288798947
 20
135.1569860434
 30
0.0
 11
225.8116798947
 21
135.137386492
 31
0.0
 12
225.7724798947
 22
135.1569860434
 32
0.0
 13
225.7724798947
 23
135.1569860434
 33
0.0
  0
SOLID
  5
5AC
100
AcDbEntity
  8
_03_2D_DRAWING_DIMENSION
100
AcDbTrace
 62
7
  6
BYLAYER
 10
225.8508798947
 20
135.137386492
 30
0.0
 11
225.8116798947
 21
135.137386492
 31
0.0
 12
226.9288798947
 22
135.1569860434
 32
0.0
 13
226.9288798947
 23
135.1569860434
 33
0.0
  0
SOLID
  5
5AD
100
AcDbEntity
  8
_03_2D_DRAWING_DIMENSION
100
AcDbTrace
 62
7
  6
BYLAYER
 10
226.8308798947
 20
135.137386492
 30
0.0
 11
225.8508798947
 21
135.137386492
 31
0.0
 12
226.9288798947
 22
135.1569860434
 32
0.0
 13
226.9288798947
 23
135.1569860434
 33
0.0
  0
SOLID
  5
5AE
100
AcDbEntity
  8
_03_2D_DRAWING_DIMENSION
100
AcDbTrace
 62
7
  6
BYLAYER
 10
226.8308798947
 20
135.137386492
 30
0.0
 11
226.9288798947
 21
135.1569860434
 31
0.0
 12
226.8896798947
 22
135.137386492
 32
0.0
 13
226.8896798947
 23
135.137386492
 33
0.0
  0
SOLID
  5
5AF
100
AcDbEntity
  8
_03_2D_DRAWING_DIMENSION
100
AcDbTrace
 62
7
  6
BYLAYER
 10
244.8529280875
 20
136.8229870902
 30
0.0
 11
244.8921280875
 21
136.842586492
 31
0.0
 12
244.9509280875
 22
136.8229870902
 32
0.0
 13
244.9509280875
 23
136.8229870902
 33
0.0
  0
SOLID
  5
5B0
100
AcDbEntity
  8
_03_2D_DRAWING_DIMENSION
100
AcDbTrace
 62
7
  6
BYLAYER
 10
244.9509280875
 20
136.8229870902
 30
0.0
 11
244.8137280875
 21
136.8033855948
 31
0.0
 12
244.8529280875
 22
136.8229870902
 32
0.0
 13
244.8529280875
 23
136.8229870902
 33
0.0
  0
SOLID
  5
5B1
100
AcDbEntity
  8
_03_2D_DRAWING_DIMENSION
100
AcDbTrace
 62
7
  6
BYLAYER
 10
244.8137280875
 20
136.8033855948
 30
0.0
 11
244.9509280875
 21
136.8229870902
 31
0.0
 12
244.9901280875
 22
136.8033855948
 32
0.0
 13
244.9901280875
 23
136.8033855948
 33
0.0
  0
SOLID
  5
5B2
100
AcDbEntity
  8
_03_2D_DRAWING_DIMENSION
100
AcDbTrace
 62
7
  6
BYLAYER
 10
244.9901280875
 20
136.8033855948
 30
0.0
 11
244.7745280875
 21
136.764186492
 31
0.0
 12
244.8137280875
 22
136.8033855948
 32
0.0
 13
244.8137280875
 23
136.8033855948
 33
0.0
  0
SOLID
  5
5B3
100
AcDbEntity
  8
_03_2D_DRAWING_DIMENSION
100
AcDbTrace
 62
7
  6
BYLAYER
 10
244.7745280875
 20
136.764186492
 30
0.0
 11
244.9901280875
 21
136.8033855948
 31
0.0
 12
245.0097280875
 22
136.764186492
 32
0.0
 13
245.0097280875
 23
136.764186492
 33
0.0
  0
SOLID
  5
5B4
100
AcDbEntity
  8
_03_2D_DRAWING_DIMENSION
100
AcDbTrace
 62
7
  6
BYLAYER
 10
245.0097280875
 20
136.764186492
 30
0.0
 11
244.7745280875
 21
136.7053858939
 31
0.0
 12
244.7745280875
 22
136.764186492
 32
0.0
 13
244.7745280875
 23
136.764186492
 33
0.0
  0
SOLID
  5
5B5
100
AcDbEntity
  8
_03_2D_DRAWING_DIMENSION
100
AcDbTrace
 62
7
  6
BYLAYER
 10
244.7745280875
 20
136.7053858939
 30
0.0
 11
245.0097280875
 21
136.764186492
 31
0.0
 12
245.0097280875
 22
136.7053858939
 32
0.0
 13
245.0097280875
 23
136.7053858939
 33
0.0
  0
SOLID
  5
5B6
100
AcDbEntity
  8
_03_2D_DRAWING_DIMENSION
100
AcDbTrace
 62
7
  6
BYLAYER
 10
245.0097280875
 20
136.7053858939
 30
0.0
 11
244.7745280875
 21
136.3525870902
 31
0.0
 12
244.7745280875
 22
136.7053858939
 32
0.0
 13
244.7745280875
 23
136.7053858939
 33
0.0
  0
SOLID
  5
5B7
100
AcDbEntity
  8
_03_2D_DRAWING_DIMENSION
100
AcDbTrace
 62
7
  6
BYLAYER
 10
244.7745280875
 20
136.3525870902
 30
0.0
 11
245.0097280875
 21
136.7053858939
 31
0.0
 12
245.0097280875
 22
136.3525870902
 32
0.0
 13
245.0097280875
 23
136.3525870902
 33
0.0
  0
SOLID
  5
5B8
100
AcDbEntity
  8
_03_2D_DRAWING_DIMENSION
100
AcDbTrace
 62
7
  6
BYLAYER
 10
245.0097280875
 20
136.3525870902
 30
0.0
 11
245.3821280875
 21
136.3525870902
 31
0.0
 12
244.3629280875
 22
136.3329857443
 32
0.0
 13
244.3629280875
 23
136.3329857443
 33
0.0
  0
SOLID
  5
5B9
100
AcDbEntity
  8
_03_2D_DRAWING_DIMENSION
100
AcDbTrace
 62
7
  6
BYLAYER
 10
244.7745280875
 20
136.3525870902
 30
0.0
 11
245.0097280875
 21
136.3525870902
 31
0.0
 12
244.3629280875
 22
136.3329857443
 32
0.0
 13
244.3629280875
 23
136.3329857443
 33
0.0
  0
SOLID
  5
5BA
100
AcDbEntity
  8
_03_2D_DRAWING_DIMENSION
100
AcDbTrace
 62
7
  6
BYLAYER
 10
244.7745280875
 20
136.3525870902
 30
0.0
 11
244.3629280875
 21
136.3329857443
 31
0.0
 12
244.4021280875
 22
136.3525870902
 32
0.0
 13
244.4021280875
 23
136.3525870902
 33
0.0
  0
SOLID
  5
5BB
100
AcDbEntity
  8
_03_2D_DRAWING_DIMENSION
100
AcDbTrace
 62
7
  6
BYLAYER
 10
244.3629280875
 20
136.3329857443
 30
0.0
 11
245.3821280875
 21
136.3525870902
 31
0.0
 12
245.4409280875
 22
136.3329857443
 32
0.0
 13
245.4409280875
 23
136.3329857443
 33
0.0
  0
SOLID
  5
5BC
100
AcDbEntity
  8
_03_2D_DRAWING_DIMENSION
100
AcDbTrace
 62
7
  6
BYLAYER
 10
245.4409280875
 20
136.3329857443
 30
0.0
 11
244.3237280875
 21
136.3133861929
 31
0.0
 12
244.3629280875
 22
136.3329857443
 32
0.0
 13
244.3629280875
 23
136.3329857443
 33
0.0
  0
SOLID
  5
5BD
100
AcDbEntity
  8
_03_2D_DRAWING_DIMENSION
100
AcDbTrace
 62
7
  6
BYLAYER
 10
244.3237280875
 20
136.3133861929
 30
0.0
 11
245.4409280875
 21
136.3329857443
 31
0.0
 12
245.4801280875
 22
136.3133861929
 32
0.0
 13
245.4801280875
 23
136.3133861929
 33
0.0
  0
SOLID
  5
5BE
100
AcDbEntity
  8
_03_2D_DRAWING_DIMENSION
100
AcDbTrace
 62
7
  6
BYLAYER
 10
245.4801280875
 20
136.3133861929
 30
0.0
 11
244.2845280875
 21
136.2741870902
 31
0.0
 12
244.3237280875
 22
136.3133861929
 32
0.0
 13
244.3237280875
 23
136.3133861929
 33
0.0
  0
SOLID
  5
5BF
100
AcDbEntity
  8
_03_2D_DRAWING_DIMENSION
100
AcDbTrace
 62
7
  6
BYLAYER
 10
244.2845280875
 20
136.2741870902
 30
0.0
 11
245.4801280875
 21
136.3133861929
 31
0.0
 12
245.4997280875
 22
136.2741870902
 32
0.0
 13
245.4997280875
 23
136.2741870902
 33
0.0
  0
SOLID
  5
5C0
100
AcDbEntity
  8
_03_2D_DRAWING_DIMENSION
100
AcDbTrace
 62
7
  6
BYLAYER
 10
245.4997280875
 20
136.2741870902
 30
0.0
 11
244.2845280875
 21
136.2153866415
 31
0.0
 12
244.2845280875
 22
136.2741870902
 32
0.0
 13
244.2845280875
 23
136.2741870902
 33
0.0
  0
SOLID
  5
5C1
100
AcDbEntity
  8
_03_2D_DRAWING_DIMENSION
100
AcDbTrace
 62
7
  6
BYLAYER
 10
244.2845280875
 20
136.2153866415
 30
0.0
 11
245.4997280875
 21
136.2741870902
 31
0.0
 12
245.4997280875
 22
136.2153866415
 32
0.0
 13
245.4997280875
 23
136.2153866415
 33
0.0
  0
SOLID
  5
5C2
100
AcDbEntity
  8
_03_2D_DRAWING_DIMENSION
100
AcDbTrace
 62
7
  6
BYLAYER
 10
245.4997280875
 20
136.2153866415
 30
0.0
 11
244.2845280875
 21
136.1761858939
 31
0.0
 12
244.2845280875
 22
136.2153866415
 32
0.0
 13
244.2845280875
 23
136.2153866415
 33
0.0
  0
SOLID
  5
5C3
100
AcDbEntity
  8
_03_2D_DRAWING_DIMENSION
100
AcDbTrace
 62
7
  6
BYLAYER
 10
244.2845280875
 20
136.1761858939
 30
0.0
 11
245.4997280875
 21
136.2153866415
 31
0.0
 12
245.4997280875
 22
136.1761858939
 32
0.0
 13
245.4997280875
 23
136.1761858939
 33
0.0
  0
SOLID
  5
5C4
100
AcDbEntity
  8
_03_2D_DRAWING_DIMENSION
100
AcDbTrace
 62
7
  6
BYLAYER
 10
245.4997280875
 20
136.1761858939
 30
0.0
 11
244.3237280875
 21
136.1369866415
 31
0.0
 12
244.2845280875
 22
136.1761858939
 32
0.0
 13
244.2845280875
 23
136.1761858939
 33
0.0
  0
SOLID
  5
5C5
100
AcDbEntity
  8
_03_2D_DRAWING_DIMENSION
100
AcDbTrace
 62
7
  6
BYLAYER
 10
244.3237280875
 20
136.1369866415
 30
0.0
 11
245.4997280875
 21
136.1761858939
 31
0.0
 12
245.4801280875
 22
136.1369866415
 32
0.0
 13
245.4801280875
 23
136.1369866415
 33
0.0
  0
SOLID
  5
5C6
100
AcDbEntity
  8
_03_2D_DRAWING_DIMENSION
100
AcDbTrace
 62
7
  6
BYLAYER
 10
245.4801280875
 20
136.1369866415
 30
0.0
 11
244.3629280875
 21
136.0977858939
 31
0.0
 12
244.3237280875
 22
136.1369866415
 32
0.0
 13
244.3237280875
 23
136.1369866415
 33
0.0
  0
SOLID
  5
5C7
100
AcDbEntity
  8
_03_2D_DRAWING_DIMENSION
100
AcDbTrace
 62
7
  6
BYLAYER
 10
244.4021280875
 20
136.0977858939
 30
0.0
 11
244.3629280875
 21
136.0977858939
 31
0.0
 12
245.4801280875
 22
136.1369866415
 32
0.0
 13
245.4801280875
 23
136.1369866415
 33
0.0
  0
SOLID
  5
5C8
100
AcDbEntity
  8
_03_2D_DRAWING_DIMENSION
100
AcDbTrace
 62
7
  6
BYLAYER
 10
244.7745280875
 20
136.0977858939
 30
0.0
 11
244.4021280875
 21
136.0977858939
 31
0.0
 12
245.4801280875
 22
136.1369866415
 32
0.0
 13
245.4801280875
 23
136.1369866415
 33
0.0
  0
SOLID
  5
5C9
100
AcDbEntity
  8
_03_2D_DRAWING_DIMENSION
100
AcDbTrace
 62
7
  6
BYLAYER
 10
245.0097280875
 20
136.0977858939
 30
0.0
 11
244.7745280875
 21
136.0977858939
 31
0.0
 12
245.4801280875
 22
136.1369866415
 32
0.0
 13
245.4801280875
 23
136.1369866415
 33
0.0
  0
SOLID
  5
5CA
100
AcDbEntity
  8
_03_2D_DRAWING_DIMENSION
100
AcDbTrace
 62
7
  6
BYLAYER
 10
245.3821280875
 20
136.0977858939
 30
0.0
 11
245.0097280875
 21
136.0977858939
 31
0.0
 12
245.4801280875
 22
136.1369866415
 32
0.0
 13
245.4801280875
 23
136.1369866415
 33
0.0
  0
SOLID
  5
5CB
100
AcDbEntity
  8
_03_2D_DRAWING_DIMENSION
100
AcDbTrace
 62
7
  6
BYLAYER
 10
245.3821280875
 20
136.0977858939
 30
0.0
 11
245.4801280875
 21
136.1369866415
 31
0.0
 12
245.4409280875
 22
136.0977858939
 32
0.0
 13
245.4409280875
 23
136.0977858939
 33
0.0
  0
SOLID
  5
5CC
100
AcDbEntity
  8
_03_2D_DRAWING_DIMENSION
100
AcDbTrace
 62
7
  6
BYLAYER
 10
245.0097280875
 20
136.0977858939
 30
0.0
 11
244.7745280875
 21
135.7449867911
 31
0.0
 12
244.7745280875
 22
136.0977858939
 32
0.0
 13
244.7745280875
 23
136.0977858939
 33
0.0
  0
SOLID
  5
5CD
100
AcDbEntity
  8
_03_2D_DRAWING_DIMENSION
100
AcDbTrace
 62
7
  6
BYLAYER
 10
244.7745280875
 20
135.7449867911
 30
0.0
 11
245.0097280875
 21
136.0977858939
 31
0.0
 12
245.0097280875
 22
135.7449867911
 32
0.0
 13
245.0097280875
 23
135.7449867911
 33
0.0
  0
SOLID
  5
5CE
100
AcDbEntity
  8
_03_2D_DRAWING_DIMENSION
100
AcDbTrace
 62
7
  6
BYLAYER
 10
245.0097280875
 20
135.7449867911
 30
0.0
 11
244.7745280875
 21
135.6861863425
 31
0.0
 12
244.7745280875
 22
135.7449867911
 32
0.0
 13
244.7745280875
 23
135.7449867911
 33
0.0
  0
SOLID
  5
5CF
100
AcDbEntity
  8
_03_2D_DRAWING_DIMENSION
100
AcDbTrace
 62
7
  6
BYLAYER
 10
244.7745280875
 20
135.6861863425
 30
0.0
 11
245.0097280875
 21
135.7449867911
 31
0.0
 12
245.0097280875
 22
135.6861863425
 32
0.0
 13
245.0097280875
 23
135.6861863425
 33
0.0
  0
SOLID
  5
5D0
100
AcDbEntity
  8
_03_2D_DRAWING_DIMENSION
100
AcDbTrace
 62
7
  6
BYLAYER
 10
245.0097280875
 20
135.6861863425
 30
0.0
 11
244.8137280875
 21
135.6469872397
 31
0.0
 12
244.7745280875
 22
135.6861863425
 32
0.0
 13
244.7745280875
 23
135.6861863425
 33
0.0
  0
SOLID
  5
5D1
100
AcDbEntity
  8
_03_2D_DRAWING_DIMENSION
100
AcDbTrace
 62
7
  6
BYLAYER
 10
244.8137280875
 20
135.6469872397
 30
0.0
 11
245.0097280875
 21
135.6861863425
 31
0.0
 12
244.9901280875
 22
135.6469872397
 32
0.0
 13
244.9901280875
 23
135.6469872397
 33
0.0
  0
SOLID
  5
5D2
100
AcDbEntity
  8
_03_2D_DRAWING_DIMENSION
100
AcDbTrace
 62
7
  6
BYLAYER
 10
244.9901280875
 20
135.6469872397
 30
0.0
 11
244.8529280875
 21
135.6273858939
 31
0.0
 12
244.8137280875
 22
135.6469872397
 32
0.0
 13
244.8137280875
 23
135.6469872397
 33
0.0
  0
SOLID
  5
5D3
100
AcDbEntity
  8
_03_2D_DRAWING_DIMENSION
100
AcDbTrace
 62
7
  6
BYLAYER
 10
244.8529280875
 20
135.6273858939
 30
0.0
 11
244.9901280875
 21
135.6469872397
 31
0.0
 12
244.9509280875
 22
135.6273858939
 32
0.0
 13
244.9509280875
 23
135.6273858939
 33
0.0
  0
SOLID
  5
5D4
100
AcDbEntity
  8
_03_2D_DRAWING_DIMENSION
100
AcDbTrace
 62
7
  6
BYLAYER
 10
244.9509280875
 20
135.6273858939
 30
0.0
 11
244.8921280875
 21
135.607786492
 31
0.0
 12
244.8529280875
 22
135.6273858939
 32
0.0
 13
244.8529280875
 23
135.6273858939
 33
0.0
  0
SOLID
  5
5D5
100
AcDbEntity
  8
_03_2D_DRAWING_DIMENSION
100
AcDbTrace
 62
7
  6
BYLAYER
 10
245.3821280875
 20
135.372586492
 30
0.0
 11
245.4409280875
 21
135.372586492
 31
0.0
 12
244.3237280875
 22
135.3333872397
 32
0.0
 13
244.3237280875
 23
135.3333872397
 33
0.0
  0
SOLID
  5
5D6
100
AcDbEntity
  8
_03_2D_DRAWING_DIMENSION
100
AcDbTrace
 62
7
  6
BYLAYER
 10
244.4021280875
 20
135.372586492
 30
0.0
 11
245.3821280875
 21
135.372586492
 31
0.0
 12
244.3237280875
 22
135.3333872397
 32
0.0
 13
244.3237280875
 23
135.3333872397
 33
0.0
  0
SOLID
  5
5D7
100
AcDbEntity
  8
_03_2D_DRAWING_DIMENSION
100
AcDbTrace
 62
7
  6
BYLAYER
 10
244.4021280875
 20
135.372586492
 30
0.0
 11
244.3237280875
 21
135.3333872397
 31
0.0
 12
244.3629280875
 22
135.372586492
 32
0.0
 13
244.3629280875
 23
135.372586492
 33
0.0
  0
SOLID
  5
5D8
100
AcDbEntity
  8
_03_2D_DRAWING_DIMENSION
100
AcDbTrace
 62
7
  6
BYLAYER
 10
244.3237280875
 20
135.3333872397
 30
0.0
 11
245.4409280875
 21
135.372586492
 31
0.0
 12
245.4801280875
 22
135.3333872397
 32
0.0
 13
245.4801280875
 23
135.3333872397
 33
0.0
  0
SOLID
  5
5D9
100
AcDbEntity
  8
_03_2D_DRAWING_DIMENSION
100
AcDbTrace
 62
7
  6
BYLAYER
 10
245.4801280875
 20
135.3333872397
 30
0.0
 11
244.2845280875
 21
135.294186492
 31
0.0
 12
244.3237280875
 22
135.3333872397
 32
0.0
 13
244.3237280875
 23
135.3333872397
 33
0.0
  0
SOLID
  5
5DA
100
AcDbEntity
  8
_03_2D_DRAWING_DIMENSION
100
AcDbTrace
 62
7
  6
BYLAYER
 10
244.2845280875
 20
135.294186492
 30
0.0
 11
245.4801280875
 21
135.3333872397
 31
0.0
 12
245.4997280875
 22
135.294186492
 32
0.0
 13
245.4997280875
 23
135.294186492
 33
0.0
  0
SOLID
  5
5DB
100
AcDbEntity
  8
_03_2D_DRAWING_DIMENSION
100
AcDbTrace
 62
7
  6
BYLAYER
 10
245.4997280875
 20
135.294186492
 30
0.0
 11
244.2845280875
 21
135.2549873145
 31
0.0
 12
244.2845280875
 22
135.294186492
 32
0.0
 13
244.2845280875
 23
135.294186492
 33
0.0
  0
SOLID
  5
5DC
100
AcDbEntity
  8
_03_2D_DRAWING_DIMENSION
100
AcDbTrace
 62
7
  6
BYLAYER
 10
244.2845280875
 20
135.2549873145
 30
0.0
 11
245.4997280875
 21
135.294186492
 31
0.0
 12
245.4997280875
 22
135.2549873145
 32
0.0
 13
245.4997280875
 23
135.2549873145
 33
0.0
  0
SOLID
  5
5DD
100
AcDbEntity
  8
_03_2D_DRAWING_DIMENSION
100
AcDbTrace
 62
7
  6
BYLAYER
 10
245.4997280875
 20
135.2549873145
 30
0.0
 11
244.2845280875
 21
135.1961869406
 31
0.0
 12
244.2845280875
 22
135.2549873145
 32
0.0
 13
244.2845280875
 23
135.2549873145
 33
0.0
  0
SOLID
  5
5DE
100
AcDbEntity
  8
_03_2D_DRAWING_DIMENSION
100
AcDbTrace
 62
7
  6
BYLAYER
 10
244.2845280875
 20
135.1961869406
 30
0.0
 11
245.4997280875
 21
135.2549873145
 31
0.0
 12
245.4997280875
 22
135.1961869406
 32
0.0
 13
245.4997280875
 23
135.1961869406
 33
0.0
  0
SOLID
  5
5DF
100
AcDbEntity
  8
_03_2D_DRAWING_DIMENSION
100
AcDbTrace
 62
7
  6
BYLAYER
 10
245.4997280875
 20
135.1961869406
 30
0.0
 11
244.3237280875
 21
135.1569860434
 31
0.0
 12
244.2845280875
 22
135.1961869406
 32
0.0
 13
244.2845280875
 23
135.1961869406
 33
0.0
  0
SOLID
  5
5E0
100
AcDbEntity
  8
_03_2D_DRAWING_DIMENSION
100
AcDbTrace
 62
7
  6
BYLAYER
 10
244.3237280875
 20
135.1569860434
 30
0.0
 11
245.4997280875
 21
135.1961869406
 31
0.0
 12
245.4801280875
 22
135.1569860434
 32
0.0
 13
245.4801280875
 23
135.1569860434
 33
0.0
  0
SOLID
  5
5E1
100
AcDbEntity
  8
_03_2D_DRAWING_DIMENSION
100
AcDbTrace
 62
7
  6
BYLAYER
 10
245.4801280875
 20
135.1569860434
 30
0.0
 11
244.3629280875
 21
135.137386492
 31
0.0
 12
244.3237280875
 22
135.1569860434
 32
0.0
 13
244.3237280875
 23
135.1569860434
 33
0.0
  0
SOLID
  5
5E2
100
AcDbEntity
  8
_03_2D_DRAWING_DIMENSION
100
AcDbTrace
 62
7
  6
BYLAYER
 10
244.4021280875
 20
135.137386492
 30
0.0
 11
244.3629280875
 21
135.137386492
 31
0.0
 12
245.4801280875
 22
135.1569860434
 32
0.0
 13
245.4801280875
 23
135.1569860434
 33
0.0
  0
SOLID
  5
5E3
100
AcDbEntity
  8
_03_2D_DRAWING_DIMENSION
100
AcDbTrace
 62
7
  6
BYLAYER
 10
245.3821280875
 20
135.137386492
 30
0.0
 11
244.4021280875
 21
135.137386492
 31
0.0
 12
245.4801280875
 22
135.1569860434
 32
0.0
 13
245.4801280875
 23
135.1569860434
 33
0.0
  0
SOLID
  5
5E4
100
AcDbEntity
  8
_03_2D_DRAWING_DIMENSION
100
AcDbTrace
 62
7
  6
BYLAYER
 10
245.3821280875
 20
135.137386492
 30
0.0
 11
245.4801280875
 21
135.1569860434
 31
0.0
 12
245.4409280875
 22
135.137386492
 32
0.0
 13
245.4409280875
 23
135.137386492
 33
0.0
  0
DIMENSION
  5
5E5
100
AcDbEntity
  8
_03_2D_DRAWING_DIMENSION
100
AcDbDimension
 62
7
  6
BYLAYER
  2
*D23
 10
206.2377280875
 20
133.737386492
 30
0.0
 11
235.9377280875
 21
133.737386492
 31
0.0
 70
160
 71
2
 72
2
 41
0.9
 42
59.4
  3
DIMSTYLE_10
100
AcDbAlignedDimension
 13
265.6377280875
 23
126.4372227499
 33
0.0
 14
206.2377280875
 24
67.2732867147
 34
0.0
 50
180.0
100
AcDbRotatedDimension
  0
SOLID
  5
5E6
100
AcDbEntity
  8
_03_2D_DRAWING_DIMENSION
100
AcDbTrace
 62
7
  6
BYLAYER
 10
184.1559209009
 20
81.3163396764
 30
0.0
 11
184.1363214991
 21
81.3555396764
 31
0.0
 12
184.1559209009
 22
81.4143396764
 32
0.0
 13
184.1559209009
 23
81.4143396764
 33
0.0
  0
SOLID
  5
5E7
100
AcDbEntity
  8
_03_2D_DRAWING_DIMENSION
100
AcDbTrace
 62
7
  6
BYLAYER
 10
184.1559209009
 20
81.4143396764
 30
0.0
 11
184.1755223963
 21
81.2771396764
 31
0.0
 12
184.1559209009
 22
81.3163396764
 32
0.0
 13
184.1559209009
 23
81.3163396764
 33
0.0
  0
SOLID
  5
5E8
100
AcDbEntity
  8
_03_2D_DRAWING_DIMENSION
100
AcDbTrace
 62
7
  6
BYLAYER
 10
184.1755223963
 20
81.2771396764
 30
0.0
 11
184.1559209009
 21
81.4143396764
 31
0.0
 12
184.1755223963
 22
81.4535396764
 32
0.0
 13
184.1755223963
 23
81.4535396764
 33
0.0
  0
SOLID
  5
5E9
100
AcDbEntity
  8
_03_2D_DRAWING_DIMENSION
100
AcDbTrace
 62
7
  6
BYLAYER
 10
184.1755223963
 20
81.4535396764
 30
0.0
 11
184.2147214991
 21
81.2379396764
 31
0.0
 12
184.1755223963
 22
81.2771396764
 32
0.0
 13
184.1755223963
 23
81.2771396764
 33
0.0
  0
SOLID
  5
5EA
100
AcDbEntity
  8
_03_2D_DRAWING_DIMENSION
100
AcDbTrace
 62
7
  6
BYLAYER
 10
184.2147214991
 20
81.2379396764
 30
0.0
 11
184.1755223963
 21
81.4535396764
 31
0.0
 12
184.2147214991
 22
81.4731396764
 32
0.0
 13
184.2147214991
 23
81.4731396764
 33
0.0
  0
SOLID
  5
5EB
100
AcDbEntity
  8
_03_2D_DRAWING_DIMENSION
100
AcDbTrace
 62
7
  6
BYLAYER
 10
184.2147214991
 20
81.4731396764
 30
0.0
 11
184.2735220972
 21
81.2379396764
 31
0.0
 12
184.2147214991
 22
81.2379396764
 32
0.0
 13
184.2147214991
 23
81.2379396764
 33
0.0
  0
SOLID
  5
5EC
100
AcDbEntity
  8
_03_2D_DRAWING_DIMENSION
100
AcDbTrace
 62
7
  6
BYLAYER
 10
184.2735220972
 20
81.2379396764
 30
0.0
 11
184.2147214991
 21
81.4731396764
 31
0.0
 12
184.2735220972
 22
81.4731396764
 32
0.0
 13
184.2735220972
 23
81.4731396764
 33
0.0
  0
SOLID
  5
5ED
100
AcDbEntity
  8
_03_2D_DRAWING_DIMENSION
100
AcDbTrace
 62
7
  6
BYLAYER
 10
184.2735220972
 20
81.4731396764
 30
0.0
 11
184.6263209009
 21
81.2379396764
 31
0.0
 12
184.2735220972
 22
81.2379396764
 32
0.0
 13
184.2735220972
 23
81.2379396764
 33
0.0
  0
SOLID
  5
5EE
100
AcDbEntity
  8
_03_2D_DRAWING_DIMENSION
100
AcDbTrace
 62
7
  6
BYLAYER
 10
184.6263209009
 20
81.2379396764
 30
0.0
 11
184.2735220972
 21
81.4731396764
 31
0.0
 12
184.6263209009
 22
81.4731396764
 32
0.0
 13
184.6263209009
 23
81.4731396764
 33
0.0
  0
SOLID
  5
5EF
100
AcDbEntity
  8
_03_2D_DRAWING_DIMENSION
100
AcDbTrace
 62
7
  6
BYLAYER
 10
184.6263209009
 20
81.4731396764
 30
0.0
 11
184.6263209009
 21
81.8455396764
 31
0.0
 12
184.6459222468
 22
80.8263396764
 32
0.0
 13
184.6459222468
 23
80.8263396764
 33
0.0
  0
SOLID
  5
5F0
100
AcDbEntity
  8
_03_2D_DRAWING_DIMENSION
100
AcDbTrace
 62
7
  6
BYLAYER
 10
184.6263209009
 20
81.2379396764
 30
0.0
 11
184.6263209009
 21
81.4731396764
 31
0.0
 12
184.6459222468
 22
80.8263396764
 32
0.0
 13
184.6459222468
 23
80.8263396764
 33
0.0
  0
SOLID
  5
5F1
100
AcDbEntity
  8
_03_2D_DRAWING_DIMENSION
100
AcDbTrace
 62
7
  6
BYLAYER
 10
184.6263209009
 20
81.2379396764
 30
0.0
 11
184.6459222468
 21
80.8263396764
 31
0.0
 12
184.6263209009
 22
80.8655396764
 32
0.0
 13
184.6263209009
 23
80.8655396764
 33
0.0
  0
SOLID
  5
5F2
100
AcDbEntity
  8
_03_2D_DRAWING_DIMENSION
100
AcDbTrace
 62
7
  6
BYLAYER
 10
184.6459222468
 20
80.8263396764
 30
0.0
 11
184.6263209009
 21
81.8455396764
 31
0.0
 12
184.6459222468
 22
81.9043396764
 32
0.0
 13
184.6459222468
 23
81.9043396764
 33
0.0
  0
SOLID
  5
5F3
100
AcDbEntity
  8
_03_2D_DRAWING_DIMENSION
100
AcDbTrace
 62
7
  6
BYLAYER
 10
184.6459222468
 20
81.9043396764
 30
0.0
 11
184.6655217982
 21
80.7871396764
 31
0.0
 12
184.6459222468
 22
80.8263396764
 32
0.0
 13
184.6459222468
 23
80.8263396764
 33
0.0
  0
SOLID
  5
5F4
100
AcDbEntity
  8
_03_2D_DRAWING_DIMENSION
100
AcDbTrace
 62
7
  6
BYLAYER
 10
184.6655217982
 20
80.7871396764
 30
0.0
 11
184.6459222468
 21
81.9043396764
 31
0.0
 12
184.6655217982
 22
81.9435396764
 32
0.0
 13
184.6655217982
 23
81.9435396764
 33
0.0
  0
SOLID
  5
5F5
100
AcDbEntity
  8
_03_2D_DRAWING_DIMENSION
100
AcDbTrace
 62
7
  6
BYLAYER
 10
184.6655217982
 20
81.9435396764
 30
0.0
 11
184.7047209009
 21
80.7479396764
 31
0.0
 12
184.6655217982
 22
80.7871396764
 32
0.0
 13
184.6655217982
 23
80.7871396764
 33
0.0
  0
SOLID
  5
5F6
100
AcDbEntity
  8
_03_2D_DRAWING_DIMENSION
100
AcDbTrace
 62
7
  6
BYLAYER
 10
184.7047209009
 20
80.7479396764
 30
0.0
 11
184.6655217982
 21
81.9435396764
 31
0.0
 12
184.7047209009
 22
81.9631396764
 32
0.0
 13
184.7047209009
 23
81.9631396764
 33
0.0
  0
SOLID
  5
5F7
100
AcDbEntity
  8
_03_2D_DRAWING_DIMENSION
100
AcDbTrace
 62
7
  6
BYLAYER
 10
184.7047209009
 20
81.9631396764
 30
0.0
 11
184.7635213495
 21
80.7479396764
 31
0.0
 12
184.7047209009
 22
80.7479396764
 32
0.0
 13
184.7047209009
 23
80.7479396764
 33
0.0
  0
SOLID
  5
5F8
100
AcDbEntity
  8
_03_2D_DRAWING_DIMENSION
100
AcDbTrace
 62
7
  6
BYLAYER
 10
184.7635213495
 20
80.7479396764
 30
0.0
 11
184.7047209009
 21
81.9631396764
 31
0.0
 12
184.7635213495
 22
81.9631396764
 32
0.0
 13
184.7635213495
 23
81.9631396764
 33
0.0
  0
SOLID
  5
5F9
100
AcDbEntity
  8
_03_2D_DRAWING_DIMENSION
100
AcDbTrace
 62
7
  6
BYLAYER
 10
184.7635213495
 20
81.9631396764
 30
0.0
 11
184.8027220972
 21
80.7479396764
 31
0.0
 12
184.7635213495
 22
80.7479396764
 32
0.0
 13
184.7635213495
 23
80.7479396764
 33
0.0
  0
SOLID
  5
5FA
100
AcDbEntity
  8
_03_2D_DRAWING_DIMENSION
100
AcDbTrace
 62
7
  6
BYLAYER
 10
184.8027220972
 20
80.7479396764
 30
0.0
 11
184.7635213495
 21
81.9631396764
 31
0.0
 12
184.8027220972
 22
81.9631396764
 32
0.0
 13
184.8027220972
 23
81.9631396764
 33
0.0
  0
SOLID
  5
5FB
100
AcDbEntity
  8
_03_2D_DRAWING_DIMENSION
100
AcDbTrace
 62
7
  6
BYLAYER
 10
184.8027220972
 20
81.9631396764
 30
0.0
 11
184.8419213495
 21
80.7871396764
 31
0.0
 12
184.8027220972
 22
80.7479396764
 32
0.0
 13
184.8027220972
 23
80.7479396764
 33
0.0
  0
SOLID
  5
5FC
100
AcDbEntity
  8
_03_2D_DRAWING_DIMENSION
100
AcDbTrace
 62
7
  6
BYLAYER
 10
184.8419213495
 20
80.7871396764
 30
0.0
 11
184.8027220972
 21
81.9631396764
 31
0.0
 12
184.8419213495
 22
81.9435396764
 32
0.0
 13
184.8419213495
 23
81.9435396764
 33
0.0
  0
SOLID
  5
5FD
100
AcDbEntity
  8
_03_2D_DRAWING_DIMENSION
100
AcDbTrace
 62
7
  6
BYLAYER
 10
184.8419213495
 20
81.9435396764
 30
0.0
 11
184.8811220972
 21
80.8263396764
 31
0.0
 12
184.8419213495
 22
80.7871396764
 32
0.0
 13
184.8419213495
 23
80.7871396764
 33
0.0
  0
SOLID
  5
5FE
100
AcDbEntity
  8
_03_2D_DRAWING_DIMENSION
100
AcDbTrace
 62
7
  6
BYLAYER
 10
184.8811220972
 20
80.8655396764
 30
0.0
 11
184.8811220972
 21
80.8263396764
 31
0.0
 12
184.8419213495
 22
81.9435396764
 32
0.0
 13
184.8419213495
 23
81.9435396764
 33
0.0
  0
SOLID
  5
5FF
100
AcDbEntity
  8
_03_2D_DRAWING_DIMENSION
100
AcDbTrace
 62
7
  6
BYLAYER
 10
184.8811220972
 20
81.2379396764
 30
0.0
 11
184.8811220972
 21
80.8655396764
 31
0.0
 12
184.8419213495
 22
81.9435396764
 32
0.0
 13
184.8419213495
 23
81.9435396764
 33
0.0
  0
SOLID
  5
600
100
AcDbEntity
  8
_03_2D_DRAWING_DIMENSION
100
AcDbTrace
 62
7
  6
BYLAYER
 10
184.8811220972
 20
81.4731396764
 30
0.0
 11
184.8811220972
 21
81.2379396764
 31
0.0
 12
184.8419213495
 22
81.9435396764
 32
0.0
 13
184.8419213495
 23
81.9435396764
 33
0.0
  0
SOLID
  5
601
100
AcDbEntity
  8
_03_2D_DRAWING_DIMENSION
100
AcDbTrace
 62
7
  6
BYLAYER
 10
184.8811220972
 20
81.8455396764
 30
0.0
 11
184.8811220972
 21
81.4731396764
 31
0.0
 12
184.8419213495
 22
81.9435396764
 32
0.0
 13
184.8419213495
 23
81.9435396764
 33
0.0
  0
SOLID
  5
602
100
AcDbEntity
  8
_03_2D_DRAWING_DIMENSION
100
AcDbTrace
 62
7
  6
BYLAYER
 10
184.8811220972
 20
81.8455396764
 30
0.0
 11
184.8419213495
 21
81.9435396764
 31
0.0
 12
184.8811220972
 22
81.9043396764
 32
0.0
 13
184.8811220972
 23
81.9043396764
 33
0.0
  0
SOLID
  5
603
100
AcDbEntity
  8
_03_2D_DRAWING_DIMENSION
100
AcDbTrace
 62
7
  6
BYLAYER
 10
184.8811220972
 20
81.4731396764
 30
0.0
 11
185.2339212
 21
81.2379396764
 31
0.0
 12
184.8811220972
 22
81.2379396764
 32
0.0
 13
184.8811220972
 23
81.2379396764
 33
0.0
  0
SOLID
  5
604
100
AcDbEntity
  8
_03_2D_DRAWING_DIMENSION
100
AcDbTrace
 62
7
  6
BYLAYER
 10
185.2339212
 20
81.2379396764
 30
0.0
 11
184.8811220972
 21
81.4731396764
 31
0.0
 12
185.2339212
 22
81.4731396764
 32
0.0
 13
185.2339212
 23
81.4731396764
 33
0.0
  0
SOLID
  5
605
100
AcDbEntity
  8
_03_2D_DRAWING_DIMENSION
100
AcDbTrace
 62
7
  6
BYLAYER
 10
185.2339212
 20
81.4731396764
 30
0.0
 11
185.2927216486
 21
81.2379396764
 31
0.0
 12
185.2339212
 22
81.2379396764
 32
0.0
 13
185.2339212
 23
81.2379396764
 33
0.0
  0
SOLID
  5
606
100
AcDbEntity
  8
_03_2D_DRAWING_DIMENSION
100
AcDbTrace
 62
7
  6
BYLAYER
 10
185.2927216486
 20
81.2379396764
 30
0.0
 11
185.2339212
 21
81.4731396764
 31
0.0
 12
185.2927216486
 22
81.4731396764
 32
0.0
 13
185.2927216486
 23
81.4731396764
 33
0.0
  0
SOLID
  5
607
100
AcDbEntity
  8
_03_2D_DRAWING_DIMENSION
100
AcDbTrace
 62
7
  6
BYLAYER
 10
185.2927216486
 20
81.4731396764
 30
0.0
 11
185.3319207514
 21
81.2771396764
 31
0.0
 12
185.2927216486
 22
81.2379396764
 32
0.0
 13
185.2927216486
 23
81.2379396764
 33
0.0
  0
SOLID
  5
608
100
AcDbEntity
  8
_03_2D_DRAWING_DIMENSION
100
AcDbTrace
 62
7
  6
BYLAYER
 10
185.3319207514
 20
81.2771396764
 30
0.0
 11
185.2927216486
 21
81.4731396764
 31
0.0
 12
185.3319207514
 22
81.4535396764
 32
0.0
 13
185.3319207514
 23
81.4535396764
 33
0.0
  0
SOLID
  5
609
100
AcDbEntity
  8
_03_2D_DRAWING_DIMENSION
100
AcDbTrace
 62
7
  6
BYLAYER
 10
185.3319207514
 20
81.4535396764
 30
0.0
 11
185.3515220972
 21
81.3163396764
 31
0.0
 12
185.3319207514
 22
81.2771396764
 32
0.0
 13
185.3319207514
 23
81.2771396764
 33
0.0
  0
SOLID
  5
60A
100
AcDbEntity
  8
_03_2D_DRAWING_DIMENSION
100
AcDbTrace
 62
7
  6
BYLAYER
 10
185.3515220972
 20
81.3163396764
 30
0.0
 11
185.3319207514
 21
81.4535396764
 31
0.0
 12
185.3515220972
 22
81.4143396764
 32
0.0
 13
185.3515220972
 23
81.4143396764
 33
0.0
  0
SOLID
  5
60B
100
AcDbEntity
  8
_03_2D_DRAWING_DIMENSION
100
AcDbTrace
 62
7
  6
BYLAYER
 10
185.3515220972
 20
81.4143396764
 30
0.0
 11
185.3711214991
 21
81.3555396764
 31
0.0
 12
185.3515220972
 22
81.3163396764
 32
0.0
 13
185.3515220972
 23
81.3163396764
 33
0.0
  0
SOLID
  5
60C
100
AcDbEntity
  8
_03_2D_DRAWING_DIMENSION
100
AcDbTrace
 62
7
  6
BYLAYER
 10
185.6063214991
 20
81.8455396764
 30
0.0
 11
185.6063214991
 21
81.9043396764
 31
0.0
 12
185.6455207514
 22
80.7871396764
 32
0.0
 13
185.6455207514
 23
80.7871396764
 33
0.0
  0
SOLID
  5
60D
100
AcDbEntity
  8
_03_2D_DRAWING_DIMENSION
100
AcDbTrace
 62
7
  6
BYLAYER
 10
185.6063214991
 20
80.8655396764
 30
0.0
 11
185.6063214991
 21
81.8455396764
 31
0.0
 12
185.6455207514
 22
80.7871396764
 32
0.0
 13
185.6455207514
 23
80.7871396764
 33
0.0
  0
SOLID
  5
60E
100
AcDbEntity
  8
_03_2D_DRAWING_DIMENSION
100
AcDbTrace
 62
7
  6
BYLAYER
 10
185.6063214991
 20
80.8655396764
 30
0.0
 11
185.6455207514
 21
80.7871396764
 31
0.0
 12
185.6063214991
 22
80.8263396764
 32
0.0
 13
185.6063214991
 23
80.8263396764
 33
0.0
  0
SOLID
  5
60F
100
AcDbEntity
  8
_03_2D_DRAWING_DIMENSION
100
AcDbTrace
 62
7
  6
BYLAYER
 10
185.6455207514
 20
80.7871396764
 30
0.0
 11
185.6063214991
 21
81.9043396764
 31
0.0
 12
185.6455207514
 22
81.9435396764
 32
0.0
 13
185.6455207514
 23
81.9435396764
 33
0.0
  0
SOLID
  5
610
100
AcDbEntity
  8
_03_2D_DRAWING_DIMENSION
100
AcDbTrace
 62
7
  6
BYLAYER
 10
185.6455207514
 20
81.9435396764
 30
0.0
 11
185.6847214991
 21
80.7479396764
 31
0.0
 12
185.6455207514
 22
80.7871396764
 32
0.0
 13
185.6455207514
 23
80.7871396764
 33
0.0
  0
SOLID
  5
611
100
AcDbEntity
  8
_03_2D_DRAWING_DIMENSION
100
AcDbTrace
 62
7
  6
BYLAYER
 10
185.6847214991
 20
80.7479396764
 30
0.0
 11
185.6455207514
 21
81.9435396764
 31
0.0
 12
185.6847214991
 22
81.9631396764
 32
0.0
 13
185.6847214991
 23
81.9631396764
 33
0.0
  0
SOLID
  5
612
100
AcDbEntity
  8
_03_2D_DRAWING_DIMENSION
100
AcDbTrace
 62
7
  6
BYLAYER
 10
185.6847214991
 20
81.9631396764
 30
0.0
 11
185.7239206766
 21
80.7479396764
 31
0.0
 12
185.6847214991
 22
80.7479396764
 32
0.0
 13
185.6847214991
 23
80.7479396764
 33
0.0
  0
SOLID
  5
613
100
AcDbEntity
  8
_03_2D_DRAWING_DIMENSION
100
AcDbTrace
 62
7
  6
BYLAYER
 10
185.7239206766
 20
80.7479396764
 30
0.0
 11
185.6847214991
 21
81.9631396764
 31
0.0
 12
185.7239206766
 22
81.9631396764
 32
0.0
 13
185.7239206766
 23
81.9631396764
 33
0.0
  0
SOLID
  5
614
100
AcDbEntity
  8
_03_2D_DRAWING_DIMENSION
100
AcDbTrace
 62
7
  6
BYLAYER
 10
185.7239206766
 20
81.9631396764
 30
0.0
 11
185.7827210505
 21
80.7479396764
 31
0.0
 12
185.7239206766
 22
80.7479396764
 32
0.0
 13
185.7239206766
 23
80.7479396764
 33
0.0
  0
SOLID
  5
615
100
AcDbEntity
  8
_03_2D_DRAWING_DIMENSION
100
AcDbTrace
 62
7
  6
BYLAYER
 10
185.7827210505
 20
80.7479396764
 30
0.0
 11
185.7239206766
 21
81.9631396764
 31
0.0
 12
185.7827210505
 22
81.9631396764
 32
0.0
 13
185.7827210505
 23
81.9631396764
 33
0.0
  0
SOLID
  5
616
100
AcDbEntity
  8
_03_2D_DRAWING_DIMENSION
100
AcDbTrace
 62
7
  6
BYLAYER
 10
185.7827210505
 20
81.9631396764
 30
0.0
 11
185.8219219477
 21
80.7871396764
 31
0.0
 12
185.7827210505
 22
80.7479396764
 32
0.0
 13
185.7827210505
 23
80.7479396764
 33
0.0
  0
SOLID
  5
617
100
AcDbEntity
  8
_03_2D_DRAWING_DIMENSION
100
AcDbTrace
 62
7
  6
BYLAYER
 10
185.8219219477
 20
80.7871396764
 30
0.0
 11
185.7827210505
 21
81.9631396764
 31
0.0
 12
185.8219219477
 22
81.9435396764
 32
0.0
 13
185.8219219477
 23
81.9435396764
 33
0.0
  0
SOLID
  5
618
100
AcDbEntity
  8
_03_2D_DRAWING_DIMENSION
100
AcDbTrace
 62
7
  6
BYLAYER
 10
185.8219219477
 20
81.9435396764
 30
0.0
 11
185.8415214991
 21
80.8263396764
 31
0.0
 12
185.8219219477
 22
80.7871396764
 32
0.0
 13
185.8219219477
 23
80.7871396764
 33
0.0
  0
SOLID
  5
619
100
AcDbEntity
  8
_03_2D_DRAWING_DIMENSION
100
AcDbTrace
 62
7
  6
BYLAYER
 10
185.8415214991
 20
80.8655396764
 30
0.0
 11
185.8415214991
 21
80.8263396764
 31
0.0
 12
185.8219219477
 22
81.9435396764
 32
0.0
 13
185.8219219477
 23
81.9435396764
 33
0.0
  0
SOLID
  5
61A
100
AcDbEntity
  8
_03_2D_DRAWING_DIMENSION
100
AcDbTrace
 62
7
  6
BYLAYER
 10
185.8415214991
 20
81.8455396764
 30
0.0
 11
185.8415214991
 21
80.8655396764
 31
0.0
 12
185.8219219477
 22
81.9435396764
 32
0.0
 13
185.8219219477
 23
81.9435396764
 33
0.0
  0
SOLID
  5
61B
100
AcDbEntity
  8
_03_2D_DRAWING_DIMENSION
100
AcDbTrace
 62
7
  6
BYLAYER
 10
185.8415214991
 20
81.8455396764
 30
0.0
 11
185.8219219477
 21
81.9435396764
 31
0.0
 12
185.8415214991
 22
81.9043396764
 32
0.0
 13
185.8415214991
 23
81.9043396764
 33
0.0
  0
SOLID
  5
61C
100
AcDbEntity
  8
_03_2D_DRAWING_DIMENSION
100
AcDbTrace
 62
7
  6
BYLAYER
 10
184.1559209009
 20
99.8675878692
 30
0.0
 11
184.1363214991
 21
99.9067878692
 31
0.0
 12
184.1559209009
 22
99.9655878692
 32
0.0
 13
184.1559209009
 23
99.9655878692
 33
0.0
  0
SOLID
  5
61D
100
AcDbEntity
  8
_03_2D_DRAWING_DIMENSION
100
AcDbTrace
 62
7
  6
BYLAYER
 10
184.1559209009
 20
99.9655878692
 30
0.0
 11
184.1755223963
 21
99.8283878692
 31
0.0
 12
184.1559209009
 22
99.8675878692
 32
0.0
 13
184.1559209009
 23
99.8675878692
 33
0.0
  0
SOLID
  5
61E
100
AcDbEntity
  8
_03_2D_DRAWING_DIMENSION
100
AcDbTrace
 62
7
  6
BYLAYER
 10
184.1755223963
 20
99.8283878692
 30
0.0
 11
184.1559209009
 21
99.9655878692
 31
0.0
 12
184.1755223963
 22
100.0047878692
 32
0.0
 13
184.1755223963
 23
100.0047878692
 33
0.0
  0
SOLID
  5
61F
100
AcDbEntity
  8
_03_2D_DRAWING_DIMENSION
100
AcDbTrace
 62
7
  6
BYLAYER
 10
184.1755223963
 20
100.0047878692
 30
0.0
 11
184.2147214991
 21
99.7891878692
 31
0.0
 12
184.1755223963
 22
99.8283878692
 32
0.0
 13
184.1755223963
 23
99.8283878692
 33
0.0
  0
SOLID
  5
620
100
AcDbEntity
  8
_03_2D_DRAWING_DIMENSION
100
AcDbTrace
 62
7
  6
BYLAYER
 10
184.2147214991
 20
99.7891878692
 30
0.0
 11
184.1755223963
 21
100.0047878692
 31
0.0
 12
184.2147214991
 22
100.0243878692
 32
0.0
 13
184.2147214991
 23
100.0243878692
 33
0.0
  0
SOLID
  5
621
100
AcDbEntity
  8
_03_2D_DRAWING_DIMENSION
100
AcDbTrace
 62
7
  6
BYLAYER
 10
184.2147214991
 20
100.0243878692
 30
0.0
 11
184.2735220972
 21
99.7891878692
 31
0.0
 12
184.2147214991
 22
99.7891878692
 32
0.0
 13
184.2147214991
 23
99.7891878692
 33
0.0
  0
SOLID
  5
622
100
AcDbEntity
  8
_03_2D_DRAWING_DIMENSION
100
AcDbTrace
 62
7
  6
BYLAYER
 10
184.2735220972
 20
99.7891878692
 30
0.0
 11
184.2147214991
 21
100.0243878692
 31
0.0
 12
184.2735220972
 22
100.0243878692
 32
0.0
 13
184.2735220972
 23
100.0243878692
 33
0.0
  0
SOLID
  5
623
100
AcDbEntity
  8
_03_2D_DRAWING_DIMENSION
100
AcDbTrace
 62
7
  6
BYLAYER
 10
184.2735220972
 20
100.0243878692
 30
0.0
 11
184.6263209009
 21
99.7891878692
 31
0.0
 12
184.2735220972
 22
99.7891878692
 32
0.0
 13
184.2735220972
 23
99.7891878692
 33
0.0
  0
SOLID
  5
624
100
AcDbEntity
  8
_03_2D_DRAWING_DIMENSION
100
AcDbTrace
 62
7
  6
BYLAYER
 10
184.6263209009
 20
99.7891878692
 30
0.0
 11
184.2735220972
 21
100.0243878692
 31
0.0
 12
184.6263209009
 22
100.0243878692
 32
0.0
 13
184.6263209009
 23
100.0243878692
 33
0.0
  0
SOLID
  5
625
100
AcDbEntity
  8
_03_2D_DRAWING_DIMENSION
100
AcDbTrace
 62
7
  6
BYLAYER
 10
184.6263209009
 20
100.0243878692
 30
0.0
 11
184.6263209009
 21
100.3967878692
 31
0.0
 12
184.6459222468
 22
99.3775878692
 32
0.0
 13
184.6459222468
 23
99.3775878692
 33
0.0
  0
SOLID
  5
626
100
AcDbEntity
  8
_03_2D_DRAWING_DIMENSION
100
AcDbTrace
 62
7
  6
BYLAYER
 10
184.6263209009
 20
99.7891878692
 30
0.0
 11
184.6263209009
 21
100.0243878692
 31
0.0
 12
184.6459222468
 22
99.3775878692
 32
0.0
 13
184.6459222468
 23
99.3775878692
 33
0.0
  0
SOLID
  5
627
100
AcDbEntity
  8
_03_2D_DRAWING_DIMENSION
100
AcDbTrace
 62
7
  6
BYLAYER
 10
184.6263209009
 20
99.7891878692
 30
0.0
 11
184.6459222468
 21
99.3775878692
 31
0.0
 12
184.6263209009
 22
99.4167878692
 32
0.0
 13
184.6263209009
 23
99.4167878692
 33
0.0
  0
SOLID
  5
628
100
AcDbEntity
  8
_03_2D_DRAWING_DIMENSION
100
AcDbTrace
 62
7
  6
BYLAYER
 10
184.6459222468
 20
99.3775878692
 30
0.0
 11
184.6263209009
 21
100.3967878692
 31
0.0
 12
184.6459222468
 22
100.4555878692
 32
0.0
 13
184.6459222468
 23
100.4555878692
 33
0.0
  0
SOLID
  5
629
100
AcDbEntity
  8
_03_2D_DRAWING_DIMENSION
100
AcDbTrace
 62
7
  6
BYLAYER
 10
184.6459222468
 20
100.4555878692
 30
0.0
 11
184.6655217982
 21
99.3383878692
 31
0.0
 12
184.6459222468
 22
99.3775878692
 32
0.0
 13
184.6459222468
 23
99.3775878692
 33
0.0
  0
SOLID
  5
62A
100
AcDbEntity
  8
_03_2D_DRAWING_DIMENSION
100
AcDbTrace
 62
7
  6
BYLAYER
 10
184.6655217982
 20
99.3383878692
 30
0.0
 11
184.6459222468
 21
100.4555878692
 31
0.0
 12
184.6655217982
 22
100.4947878692
 32
0.0
 13
184.6655217982
 23
100.4947878692
 33
0.0
  0
SOLID
  5
62B
100
AcDbEntity
  8
_03_2D_DRAWING_DIMENSION
100
AcDbTrace
 62
7
  6
BYLAYER
 10
184.6655217982
 20
100.4947878692
 30
0.0
 11
184.7047209009
 21
99.2991878692
 31
0.0
 12
184.6655217982
 22
99.3383878692
 32
0.0
 13
184.6655217982
 23
99.3383878692
 33
0.0
  0
SOLID
  5
62C
100
AcDbEntity
  8
_03_2D_DRAWING_DIMENSION
100
AcDbTrace
 62
7
  6
BYLAYER
 10
184.7047209009
 20
99.2991878692
 30
0.0
 11
184.6655217982
 21
100.4947878692
 31
0.0
 12
184.7047209009
 22
100.5143878692
 32
0.0
 13
184.7047209009
 23
100.5143878692
 33
0.0
  0
SOLID
  5
62D
100
AcDbEntity
  8
_03_2D_DRAWING_DIMENSION
100
AcDbTrace
 62
7
  6
BYLAYER
 10
184.7047209009
 20
100.5143878692
 30
0.0
 11
184.7635213495
 21
99.2991878692
 31
0.0
 12
184.7047209009
 22
99.2991878692
 32
0.0
 13
184.7047209009
 23
99.2991878692
 33
0.0
  0
SOLID
  5
62E
100
AcDbEntity
  8
_03_2D_DRAWING_DIMENSION
100
AcDbTrace
 62
7
  6
BYLAYER
 10
184.7635213495
 20
99.2991878692
 30
0.0
 11
184.7047209009
 21
100.5143878692
 31
0.0
 12
184.7635213495
 22
100.5143878692
 32
0.0
 13
184.7635213495
 23
100.5143878692
 33
0.0
  0
SOLID
  5
62F
100
AcDbEntity
  8
_03_2D_DRAWING_DIMENSION
100
AcDbTrace
 62
7
  6
BYLAYER
 10
184.7635213495
 20
100.5143878692
 30
0.0
 11
184.8027220972
 21
99.2991878692
 31
0.0
 12
184.7635213495
 22
99.2991878692
 32
0.0
 13
184.7635213495
 23
99.2991878692
 33
0.0
  0
SOLID
  5
630
100
AcDbEntity
  8
_03_2D_DRAWING_DIMENSION
100
AcDbTrace
 62
7
  6
BYLAYER
 10
184.8027220972
 20
99.2991878692
 30
0.0
 11
184.7635213495
 21
100.5143878692
 31
0.0
 12
184.8027220972
 22
100.5143878692
 32
0.0
 13
184.8027220972
 23
100.5143878692
 33
0.0
  0
SOLID
  5
631
100
AcDbEntity
  8
_03_2D_DRAWING_DIMENSION
100
AcDbTrace
 62
7
  6
BYLAYER
 10
184.8027220972
 20
100.5143878692
 30
0.0
 11
184.8419213495
 21
99.3383878692
 31
0.0
 12
184.8027220972
 22
99.2991878692
 32
0.0
 13
184.8027220972
 23
99.2991878692
 33
0.0
  0
SOLID
  5
632
100
AcDbEntity
  8
_03_2D_DRAWING_DIMENSION
100
AcDbTrace
 62
7
  6
BYLAYER
 10
184.8419213495
 20
99.3383878692
 30
0.0
 11
184.8027220972
 21
100.5143878692
 31
0.0
 12
184.8419213495
 22
100.4947878692
 32
0.0
 13
184.8419213495
 23
100.4947878692
 33
0.0
  0
SOLID
  5
633
100
AcDbEntity
  8
_03_2D_DRAWING_DIMENSION
100
AcDbTrace
 62
7
  6
BYLAYER
 10
184.8419213495
 20
100.4947878692
 30
0.0
 11
184.8811220972
 21
99.3775878692
 31
0.0
 12
184.8419213495
 22
99.3383878692
 32
0.0
 13
184.8419213495
 23
99.3383878692
 33
0.0
  0
SOLID
  5
634
100
AcDbEntity
  8
_03_2D_DRAWING_DIMENSION
100
AcDbTrace
 62
7
  6
BYLAYER
 10
184.8811220972
 20
99.4167878692
 30
0.0
 11
184.8811220972
 21
99.3775878692
 31
0.0
 12
184.8419213495
 22
100.4947878692
 32
0.0
 13
184.8419213495
 23
100.4947878692
 33
0.0
  0
SOLID
  5
635
100
AcDbEntity
  8
_03_2D_DRAWING_DIMENSION
100
AcDbTrace
 62
7
  6
BYLAYER
 10
184.8811220972
 20
99.7891878692
 30
0.0
 11
184.8811220972
 21
99.4167878692
 31
0.0
 12
184.8419213495
 22
100.4947878692
 32
0.0
 13
184.8419213495
 23
100.4947878692
 33
0.0
  0
SOLID
  5
636
100
AcDbEntity
  8
_03_2D_DRAWING_DIMENSION
100
AcDbTrace
 62
7
  6
BYLAYER
 10
184.8811220972
 20
100.0243878692
 30
0.0
 11
184.8811220972
 21
99.7891878692
 31
0.0
 12
184.8419213495
 22
100.4947878692
 32
0.0
 13
184.8419213495
 23
100.4947878692
 33
0.0
  0
SOLID
  5
637
100
AcDbEntity
  8
_03_2D_DRAWING_DIMENSION
100
AcDbTrace
 62
7
  6
BYLAYER
 10
184.8811220972
 20
100.3967878692
 30
0.0
 11
184.8811220972
 21
100.0243878692
 31
0.0
 12
184.8419213495
 22
100.4947878692
 32
0.0
 13
184.8419213495
 23
100.4947878692
 33
0.0
  0
SOLID
  5
638
100
AcDbEntity
  8
_03_2D_DRAWING_DIMENSION
100
AcDbTrace
 62
7
  6
BYLAYER
 10
184.8811220972
 20
100.3967878692
 30
0.0
 11
184.8419213495
 21
100.4947878692
 31
0.0
 12
184.8811220972
 22
100.4555878692
 32
0.0
 13
184.8811220972
 23
100.4555878692
 33
0.0
  0
SOLID
  5
639
100
AcDbEntity
  8
_03_2D_DRAWING_DIMENSION
100
AcDbTrace
 62
7
  6
BYLAYER
 10
184.8811220972
 20
100.0243878692
 30
0.0
 11
185.2339212
 21
99.7891878692
 31
0.0
 12
184.8811220972
 22
99.7891878692
 32
0.0
 13
184.8811220972
 23
99.7891878692
 33
0.0
  0
SOLID
  5
63A
100
AcDbEntity
  8
_03_2D_DRAWING_DIMENSION
100
AcDbTrace
 62
7
  6
BYLAYER
 10
185.2339212
 20
99.7891878692
 30
0.0
 11
184.8811220972
 21
100.0243878692
 31
0.0
 12
185.2339212
 22
100.0243878692
 32
0.0
 13
185.2339212
 23
100.0243878692
 33
0.0
  0
SOLID
  5
63B
100
AcDbEntity
  8
_03_2D_DRAWING_DIMENSION
100
AcDbTrace
 62
7
  6
BYLAYER
 10
185.2339212
 20
100.0243878692
 30
0.0
 11
185.2927216486
 21
99.7891878692
 31
0.0
 12
185.2339212
 22
99.7891878692
 32
0.0
 13
185.2339212
 23
99.7891878692
 33
0.0
  0
SOLID
  5
63C
100
AcDbEntity
  8
_03_2D_DRAWING_DIMENSION
100
AcDbTrace
 62
7
  6
BYLAYER
 10
185.2927216486
 20
99.7891878692
 30
0.0
 11
185.2339212
 21
100.0243878692
 31
0.0
 12
185.2927216486
 22
100.0243878692
 32
0.0
 13
185.2927216486
 23
100.0243878692
 33
0.0
  0
SOLID
  5
63D
100
AcDbEntity
  8
_03_2D_DRAWING_DIMENSION
100
AcDbTrace
 62
7
  6
BYLAYER
 10
185.2927216486
 20
100.0243878692
 30
0.0
 11
185.3319207514
 21
99.8283878692
 31
0.0
 12
185.2927216486
 22
99.7891878692
 32
0.0
 13
185.2927216486
 23
99.7891878692
 33
0.0
  0
SOLID
  5
63E
100
AcDbEntity
  8
_03_2D_DRAWING_DIMENSION
100
AcDbTrace
 62
7
  6
BYLAYER
 10
185.3319207514
 20
99.8283878692
 30
0.0
 11
185.2927216486
 21
100.0243878692
 31
0.0
 12
185.3319207514
 22
100.0047878692
 32
0.0
 13
185.3319207514
 23
100.0047878692
 33
0.0
  0
SOLID
  5
63F
100
AcDbEntity
  8
_03_2D_DRAWING_DIMENSION
100
AcDbTrace
 62
7
  6
BYLAYER
 10
185.3319207514
 20
100.0047878692
 30
0.0
 11
185.3515220972
 21
99.8675878692
 31
0.0
 12
185.3319207514
 22
99.8283878692
 32
0.0
 13
185.3319207514
 23
99.8283878692
 33
0.0
  0
SOLID
  5
640
100
AcDbEntity
  8
_03_2D_DRAWING_DIMENSION
100
AcDbTrace
 62
7
  6
BYLAYER
 10
185.3515220972
 20
99.8675878692
 30
0.0
 11
185.3319207514
 21
100.0047878692
 31
0.0
 12
185.3515220972
 22
99.9655878692
 32
0.0
 13
185.3515220972
 23
99.9655878692
 33
0.0
  0
SOLID
  5
641
100
AcDbEntity
  8
_03_2D_DRAWING_DIMENSION
100
AcDbTrace
 62
7
  6
BYLAYER
 10
185.3515220972
 20
99.9655878692
 30
0.0
 11
185.3711214991
 21
99.9067878692
 31
0.0
 12
185.3515220972
 22
99.8675878692
 32
0.0
 13
185.3515220972
 23
99.8675878692
 33
0.0
  0
SOLID
  5
642
100
AcDbEntity
  8
_03_2D_DRAWING_DIMENSION
100
AcDbTrace
 62
7
  6
BYLAYER
 10
185.6063214991
 20
100.3967878692
 30
0.0
 11
185.6063214991
 21
100.4555878692
 31
0.0
 12
185.6455207514
 22
99.3383878692
 32
0.0
 13
185.6455207514
 23
99.3383878692
 33
0.0
  0
SOLID
  5
643
100
AcDbEntity
  8
_03_2D_DRAWING_DIMENSION
100
AcDbTrace
 62
7
  6
BYLAYER
 10
185.6063214991
 20
99.4167878692
 30
0.0
 11
185.6063214991
 21
100.3967878692
 31
0.0
 12
185.6455207514
 22
99.3383878692
 32
0.0
 13
185.6455207514
 23
99.3383878692
 33
0.0
  0
SOLID
  5
644
100
AcDbEntity
  8
_03_2D_DRAWING_DIMENSION
100
AcDbTrace
 62
7
  6
BYLAYER
 10
185.6063214991
 20
99.4167878692
 30
0.0
 11
185.6455207514
 21
99.3383878692
 31
0.0
 12
185.6063214991
 22
99.3775878692
 32
0.0
 13
185.6063214991
 23
99.3775878692
 33
0.0
  0
SOLID
  5
645
100
AcDbEntity
  8
_03_2D_DRAWING_DIMENSION
100
AcDbTrace
 62
7
  6
BYLAYER
 10
185.6455207514
 20
99.3383878692
 30
0.0
 11
185.6063214991
 21
100.4555878692
 31
0.0
 12
185.6455207514
 22
100.4947878692
 32
0.0
 13
185.6455207514
 23
100.4947878692
 33
0.0
  0
SOLID
  5
646
100
AcDbEntity
  8
_03_2D_DRAWING_DIMENSION
100
AcDbTrace
 62
7
  6
BYLAYER
 10
185.6455207514
 20
100.4947878692
 30
0.0
 11
185.6847214991
 21
99.2991878692
 31
0.0
 12
185.6455207514
 22
99.3383878692
 32
0.0
 13
185.6455207514
 23
99.3383878692
 33
0.0
  0
SOLID
  5
647
100
AcDbEntity
  8
_03_2D_DRAWING_DIMENSION
100
AcDbTrace
 62
7
  6
BYLAYER
 10
185.6847214991
 20
99.2991878692
 30
0.0
 11
185.6455207514
 21
100.4947878692
 31
0.0
 12
185.6847214991
 22
100.5143878692
 32
0.0
 13
185.6847214991
 23
100.5143878692
 33
0.0
  0
SOLID
  5
648
100
AcDbEntity
  8
_03_2D_DRAWING_DIMENSION
100
AcDbTrace
 62
7
  6
BYLAYER
 10
185.6847214991
 20
100.5143878692
 30
0.0
 11
185.7239206766
 21
99.2991878692
 31
0.0
 12
185.6847214991
 22
99.2991878692
 32
0.0
 13
185.6847214991
 23
99.2991878692
 33
0.0
  0
SOLID
  5
649
100
AcDbEntity
  8
_03_2D_DRAWING_DIMENSION
100
AcDbTrace
 62
7
  6
BYLAYER
 10
185.7239206766
 20
99.2991878692
 30
0.0
 11
185.6847214991
 21
100.5143878692
 31
0.0
 12
185.7239206766
 22
100.5143878692
 32
0.0
 13
185.7239206766
 23
100.5143878692
 33
0.0
  0
SOLID
  5
64A
100
AcDbEntity
  8
_03_2D_DRAWING_DIMENSION
100
AcDbTrace
 62
7
  6
BYLAYER
 10
185.7239206766
 20
100.5143878692
 30
0.0
 11
185.7827210505
 21
99.2991878692
 31
0.0
 12
185.7239206766
 22
99.2991878692
 32
0.0
 13
185.7239206766
 23
99.2991878692
 33
0.0
  0
SOLID
  5
64B
100
AcDbEntity
  8
_03_2D_DRAWING_DIMENSION
100
AcDbTrace
 62
7
  6
BYLAYER
 10
185.7827210505
 20
99.2991878692
 30
0.0
 11
185.7239206766
 21
100.5143878692
 31
0.0
 12
185.7827210505
 22
100.5143878692
 32
0.0
 13
185.7827210505
 23
100.5143878692
 33
0.0
  0
SOLID
  5
64C
100
AcDbEntity
  8
_03_2D_DRAWING_DIMENSION
100
AcDbTrace
 62
7
  6
BYLAYER
 10
185.7827210505
 20
100.5143878692
 30
0.0
 11
185.8219219477
 21
99.3383878692
 31
0.0
 12
185.7827210505
 22
99.2991878692
 32
0.0
 13
185.7827210505
 23
99.2991878692
 33
0.0
  0
SOLID
  5
64D
100
AcDbEntity
  8
_03_2D_DRAWING_DIMENSION
100
AcDbTrace
 62
7
  6
BYLAYER
 10
185.8219219477
 20
99.3383878692
 30
0.0
 11
185.7827210505
 21
100.5143878692
 31
0.0
 12
185.8219219477
 22
100.4947878692
 32
0.0
 13
185.8219219477
 23
100.4947878692
 33
0.0
  0
SOLID
  5
64E
100
AcDbEntity
  8
_03_2D_DRAWING_DIMENSION
100
AcDbTrace
 62
7
  6
BYLAYER
 10
185.8219219477
 20
100.4947878692
 30
0.0
 11
185.8415214991
 21
99.3775878692
 31
0.0
 12
185.8219219477
 22
99.3383878692
 32
0.0
 13
185.8219219477
 23
99.3383878692
 33
0.0
  0
SOLID
  5
64F
100
AcDbEntity
  8
_03_2D_DRAWING_DIMENSION
100
AcDbTrace
 62
7
  6
BYLAYER
 10
185.8415214991
 20
99.4167878692
 30
0.0
 11
185.8415214991
 21
99.3775878692
 31
0.0
 12
185.8219219477
 22
100.4947878692
 32
0.0
 13
185.8219219477
 23
100.4947878692
 33
0.0
  0
SOLID
  5
650
100
AcDbEntity
  8
_03_2D_DRAWING_DIMENSION
100
AcDbTrace
 62
7
  6
BYLAYER
 10
185.8415214991
 20
100.3967878692
 30
0.0
 11
185.8415214991
 21
99.4167878692
 31
0.0
 12
185.8219219477
 22
100.4947878692
 32
0.0
 13
185.8219219477
 23
100.4947878692
 33
0.0
  0
SOLID
  5
651
100
AcDbEntity
  8
_03_2D_DRAWING_DIMENSION
100
AcDbTrace
 62
7
  6
BYLAYER
 10
185.8415214991
 20
100.3967878692
 30
0.0
 11
185.8219219477
 21
100.4947878692
 31
0.0
 12
185.8415214991
 22
100.4555878692
 32
0.0
 13
185.8415214991
 23
100.4555878692
 33
0.0
  0
DIMENSION
  5
652
100
AcDbEntity
  8
_03_2D_DRAWING_DIMENSION
100
AcDbDimension
 62
7
  6
BYLAYER
  2
*D24
 10
187.2415214991
 20
120.6523878692
 30
0.0
 11
187.2415214991
 21
90.9523878692
 31
0.0
 70
160
 71
2
 72
2
 41
0.9
 42
59.4
  3
DIMSTYLE_10
100
AcDbAlignedDimension
 13
198.7005044913
 23
61.2523878692
 33
0.0
 14
259.5628594585
 24
120.6523878692
 34
0.0
 50
90.0
100
AcDbRotatedDimension
  0
SOLID
  5
653
100
AcDbEntity
  8
_03_2D_DRAWING_DIMENSION
100
AcDbTrace
 62
7
  6
BYLAYER
 10
287.7203840485
 20
135.609542288
 30
0.0
 11
287.7595340856
 21
135.6584020321
 31
0.0
 12
287.8221119031
 22
135.6563978489
 32
0.0
 13
287.8221119031
 23
135.6563978489
 33
0.0
  0
SOLID
  5
654
100
AcDbEntity
  8
_03_2D_DRAWING_DIMENSION
100
AcDbTrace
 62
7
  6
BYLAYER
 10
287.8221119031
 20
135.6563978489
 30
0.0
 11
287.706665975
 21
135.5723964341
 31
0.0
 12
287.7203840485
 22
135.609542288
 32
0.0
 13
287.7203840485
 23
135.609542288
 33
0.0
  0
SOLID
  5
655
100
AcDbEntity
  8
_03_2D_DRAWING_DIMENSION
100
AcDbTrace
 62
7
  6
BYLAYER
 10
287.706665975
 20
135.5723964341
 30
0.0
 11
287.8221119031
 21
135.6563978489
 31
0.0
 12
287.8846897207
 22
135.6543936656
 32
0.0
 13
287.8846897207
 23
135.6543936656
 33
0.0
  0
SOLID
  5
656
100
AcDbEntity
  8
_03_2D_DRAWING_DIMENSION
100
AcDbTrace
 62
7
  6
BYLAYER
 10
287.8846897207
 20
135.6543936656
 30
0.0
 11
287.6675159379
 21
135.52353669
 31
0.0
 12
287.706665975
 22
135.5723964341
 32
0.0
 13
287.706665975
 23
135.5723964341
 33
0.0
  0
SOLID
  5
657
100
AcDbEntity
  8
_03_2D_DRAWING_DIMENSION
100
AcDbTrace
 62
7
  6
BYLAYER
 10
287.6675159379
 20
135.52353669
 30
0.0
 11
287.8846897207
 21
135.6543936656
 31
0.0
 12
287.9218355746
 22
135.6406755922
 32
0.0
 13
287.9218355746
 23
135.6406755922
 33
0.0
  0
SOLID
  5
658
100
AcDbEntity
  8
_03_2D_DRAWING_DIMENSION
100
AcDbTrace
 62
7
  6
BYLAYER
 10
287.9218355746
 20
135.6406755922
 30
0.0
 11
287.6655117547
 21
135.4609588724
 31
0.0
 12
287.6675159379
 22
135.52353669
 32
0.0
 13
287.6675159379
 23
135.52353669
 33
0.0
  0
SOLID
  5
659
100
AcDbEntity
  8
_03_2D_DRAWING_DIMENSION
100
AcDbTrace
 62
7
  6
BYLAYER
 10
287.6655117547
 20
135.4609588724
 30
0.0
 11
287.9218355746
 21
135.6406755922
 31
0.0
 12
287.9706953187
 22
135.6015255551
 32
0.0
 13
287.9706953187
 23
135.6015255551
 33
0.0
  0
SOLID
  5
65A
100
AcDbEntity
  8
_03_2D_DRAWING_DIMENSION
100
AcDbTrace
 62
7
  6
BYLAYER
 10
287.383444762
 20
134.8686293935
 30
0.0
 11
287.5243226538
 21
134.9643446985
 31
0.0
 12
287.612332435
 22
134.9740544055
 32
0.0
 13
287.612332435
 23
134.9740544055
 33
0.0
  0
SOLID
  5
65B
100
AcDbEntity
  8
_03_2D_DRAWING_DIMENSION
100
AcDbTrace
 62
7
  6
BYLAYER
 10
288.0195550628
 20
135.562375518
 30
0.0
 11
288.0175508796
 21
135.4997977004
 31
0.0
 12
287.7140602897
 22
135.0209099663
 32
0.0
 13
287.7140602897
 23
135.0209099663
 33
0.0
  0
SOLID
  5
65C
100
AcDbEntity
  8
_03_2D_DRAWING_DIMENSION
100
AcDbTrace
 62
7
  6
BYLAYER
 10
287.9706953187
 20
135.6015255551
 30
0.0
 11
288.0195550628
 21
135.562375518
 31
0.0
 12
287.7140602897
 22
135.0209099663
 32
0.0
 13
287.7140602897
 23
135.0209099663
 33
0.0
  0
SOLID
  5
65D
100
AcDbEntity
  8
_03_2D_DRAWING_DIMENSION
100
AcDbTrace
 62
7
  6
BYLAYER
 10
287.9706953187
 20
135.6015255551
 30
0.0
 11
287.7140602897
 21
135.0209099663
 31
0.0
 12
287.6655117547
 22
135.4609588724
 32
0.0
 13
287.6655117547
 23
135.4609588724
 33
0.0
  0
SOLID
  5
65E
100
AcDbEntity
  8
_03_2D_DRAWING_DIMENSION
100
AcDbTrace
 62
7
  6
BYLAYER
 10
287.612332435
 20
134.9740544055
 30
0.0
 11
287.7140602897
 21
135.0209099663
 31
0.0
 12
287.2425668703
 22
134.7729140885
 32
0.0
 13
287.2425668703
 23
134.7729140885
 33
0.0
  0
SOLID
  5
65F
100
AcDbEntity
  8
_03_2D_DRAWING_DIMENSION
100
AcDbTrace
 62
7
  6
BYLAYER
 10
287.612332435
 20
134.9740544055
 30
0.0
 11
287.2425668703
 21
134.7729140885
 31
0.0
 12
287.383444762
 22
134.8686293935
 32
0.0
 13
287.383444762
 23
134.8686293935
 33
0.0
  0
SOLID
  5
660
100
AcDbEntity
  8
_03_2D_DRAWING_DIMENSION
100
AcDbTrace
 62
7
  6
BYLAYER
 10
287.1388348324
 20
134.66348071
 30
0.0
 11
287.2425668703
 21
134.7729140885
 31
0.0
 12
287.7140602897
 22
135.0209099663
 32
0.0
 13
287.7140602897
 23
135.0209099663
 33
0.0
  0
SOLID
  5
661
100
AcDbEntity
  8
_03_2D_DRAWING_DIMENSION
100
AcDbTrace
 62
7
  6
BYLAYER
 10
288.0660994146
 20
135.0597487943
 30
0.0
 11
287.1388348324
 21
134.66348071
 31
0.0
 12
287.7140602897
 22
135.0209099663
 32
0.0
 13
287.7140602897
 23
135.0209099663
 33
0.0
  0
SOLID
  5
662
100
AcDbEntity
  8
_03_2D_DRAWING_DIMENSION
100
AcDbTrace
 62
7
  6
BYLAYER
 10
287.7140602897
 20
135.0209099663
 30
0.0
 11
288.0175508796
 21
135.4997977004
 31
0.0
 12
288.0660994146
 22
135.0597487943
 32
0.0
 13
288.0660994146
 23
135.0597487943
 33
0.0
  0
SOLID
  5
663
100
AcDbEntity
  8
_03_2D_DRAWING_DIMENSION
100
AcDbTrace
 62
7
  6
BYLAYER
 10
288.0660994146
 20
135.0597487943
 30
0.0
 11
287.0351027945
 21
134.5540473316
 31
0.0
 12
287.1388348324
 22
134.66348071
 32
0.0
 13
287.1388348324
 23
134.66348071
 33
0.0
  0
SOLID
  5
664
100
AcDbEntity
  8
_03_2D_DRAWING_DIMENSION
100
AcDbTrace
 62
7
  6
BYLAYER
 10
287.0351027945
 20
134.5540473316
 30
0.0
 11
288.0660994146
 21
135.0597487943
 31
0.0
 12
288.2909787211
 22
135.0400181712
 32
0.0
 13
288.2909787211
 23
135.0400181712
 33
0.0
  0
SOLID
  5
665
100
AcDbEntity
  8
_03_2D_DRAWING_DIMENSION
100
AcDbTrace
 62
7
  6
BYLAYER
 10
288.2909787211
 20
135.0400181712
 30
0.0
 11
286.954798537
 21
134.3937500258
 31
0.0
 12
287.0351027945
 22
134.5540473316
 32
0.0
 13
287.0351027945
 23
134.5540473316
 33
0.0
  0
SOLID
  5
666
100
AcDbEntity
  8
_03_2D_DRAWING_DIMENSION
100
AcDbTrace
 62
7
  6
BYLAYER
 10
286.888212353
 20
134.270598574
 30
0.0
 11
286.954798537
 21
134.3937500258
 31
0.0
 12
288.2909787211
 22
135.0400181712
 32
0.0
 13
288.2909787211
 23
135.0400181712
 33
0.0
  0
SOLID
  5
667
100
AcDbEntity
  8
_03_2D_DRAWING_DIMENSION
100
AcDbTrace
 62
7
  6
BYLAYER
 10
287.574875372
 20
134.5868736099
 30
0.0
 11
286.888212353
 21
134.270598574
 31
0.0
 12
288.2909787211
 22
135.0400181712
 32
0.0
 13
288.2909787211
 23
135.0400181712
 33
0.0
  0
SOLID
  5
668
100
AcDbEntity
  8
_03_2D_DRAWING_DIMENSION
100
AcDbTrace
 62
7
  6
BYLAYER
 10
287.6766032267
 20
134.6337291708
 30
0.0
 11
287.574875372
 21
134.5868736099
 31
0.0
 12
288.2909787211
 22
135.0400181712
 32
0.0
 13
288.2909787211
 23
135.0400181712
 33
0.0
  0
SOLID
  5
669
100
AcDbEntity
  8
_03_2D_DRAWING_DIMENSION
100
AcDbTrace
 62
7
  6
BYLAYER
 10
287.7020351903
 20
134.645443061
 30
0.0
 11
287.6766032267
 21
134.6337291708
 31
0.0
 12
288.2909787211
 22
135.0400181712
 32
0.0
 13
288.2909787211
 23
135.0400181712
 33
0.0
  0
SOLID
  5
66A
100
AcDbEntity
  8
_03_2D_DRAWING_DIMENSION
100
AcDbTrace
 62
7
  6
BYLAYER
 10
287.7528991177
 20
134.6688708415
 30
0.0
 11
287.7020351903
 21
134.645443061
 31
0.0
 12
288.2909787211
 22
135.0400181712
 32
0.0
 13
288.2909787211
 23
135.0400181712
 33
0.0
  0
SOLID
  5
66B
100
AcDbEntity
  8
_03_2D_DRAWING_DIMENSION
100
AcDbTrace
 62
7
  6
BYLAYER
 10
287.7528991177
 20
134.6688708415
 30
0.0
 11
288.2909787211
 21
135.0400181712
 31
0.0
 12
288.5138538444
 22
134.9577097306
 32
0.0
 13
288.5138538444
 23
134.9577097306
 33
0.0
  0
SOLID
  5
66C
100
AcDbEntity
  8
_03_2D_DRAWING_DIMENSION
100
AcDbTrace
 62
7
  6
BYLAYER
 10
287.3948474431
 20
134.4422985608
 30
0.0
 11
287.3165473689
 21
134.3445790726
 31
0.0
 12
286.8450539495
 22
134.0965831947
 32
0.0
 13
286.8450539495
 23
134.0965831947
 33
0.0
  0
SOLID
  5
66D
100
AcDbEntity
  8
_03_2D_DRAWING_DIMENSION
100
AcDbTrace
 62
7
  6
BYLAYER
 10
287.4848614076
 20
134.5145860854
 30
0.0
 11
287.3948474431
 21
134.4422985608
 31
0.0
 12
286.8450539495
 22
134.0965831947
 32
0.0
 13
286.8450539495
 23
134.0965831947
 33
0.0
  0
SOLID
  5
66E
100
AcDbEntity
  8
_03_2D_DRAWING_DIMENSION
100
AcDbTrace
 62
7
  6
BYLAYER
 10
287.574875372
 20
134.5868736099
 30
0.0
 11
287.4848614076
 21
134.5145860854
 31
0.0
 12
286.8450539495
 22
134.0965831947
 32
0.0
 13
286.8450539495
 23
134.0965831947
 33
0.0
  0
SOLID
  5
66F
100
AcDbEntity
  8
_03_2D_DRAWING_DIMENSION
100
AcDbTrace
 62
7
  6
BYLAYER
 10
287.574875372
 20
134.5868736099
 30
0.0
 11
286.8450539495
 21
134.0965831947
 31
0.0
 12
286.888212353
 22
134.270598574
 32
0.0
 13
286.888212353
 23
134.270598574
 33
0.0
  0
SOLID
  5
670
100
AcDbEntity
  8
_03_2D_DRAWING_DIMENSION
100
AcDbTrace
 62
7
  6
BYLAYER
 10
286.8450539495
 20
134.0965831947
 30
0.0
 11
287.3165473689
 21
134.3445790726
 31
0.0
 12
287.2636792584
 22
134.2585734746
 32
0.0
 13
287.2636792584
 23
134.2585734746
 33
0.0
  0
SOLID
  5
671
100
AcDbEntity
  8
_03_2D_DRAWING_DIMENSION
100
AcDbTrace
 62
7
  6
BYLAYER
 10
288.2300938776
 20
134.703701303
 30
0.0
 11
288.1049382425
 21
134.7077096695
 31
0.0
 12
288.5138538444
 22
134.9577097306
 32
0.0
 13
288.5138538444
 23
134.9577097306
 33
0.0
  0
SOLID
  5
672
100
AcDbEntity
  8
_03_2D_DRAWING_DIMENSION
100
AcDbTrace
 62
7
  6
BYLAYER
 10
288.2300938776
 20
134.703701303
 30
0.0
 11
288.5138538444
 21
134.9577097306
 31
0.0
 12
288.7112970041
 22
134.8636873997
 32
0.0
 13
288.7112970041
 23
134.8636873997
 33
0.0
  0
SOLID
  5
673
100
AcDbEntity
  8
_03_2D_DRAWING_DIMENSION
100
AcDbTrace
 62
7
  6
BYLAYER
 10
287.2636792584
 20
134.2585734746
 30
0.0
 11
286.8156136194
 21
133.9597136694
 31
0.0
 12
286.8450539495
 22
134.0965831947
 32
0.0
 13
286.8450539495
 23
134.0965831947
 33
0.0
  0
SOLID
  5
674
100
AcDbEntity
  8
_03_2D_DRAWING_DIMENSION
100
AcDbTrace
 62
7
  6
BYLAYER
 10
286.8156136194
 20
133.9597136694
 30
0.0
 11
287.2636792584
 21
134.2585734746
 31
0.0
 12
287.222525038
 22
134.147135913
 32
0.0
 13
287.222525038
 23
134.147135913
 33
0.0
  0
SOLID
  5
675
100
AcDbEntity
  8
_03_2D_DRAWING_DIMENSION
100
AcDbTrace
 62
7
  6
BYLAYER
 10
288.7112970041
 20
134.8636873997
 30
0.0
 11
288.3415314393
 21
134.6625470827
 31
0.0
 12
288.2300938776
 22
134.703701303
 32
0.0
 13
288.2300938776
 23
134.703701303
 33
0.0
  0
SOLID
  5
676
100
AcDbEntity
  8
_03_2D_DRAWING_DIMENSION
100
AcDbTrace
 62
7
  6
BYLAYER
 10
287.222525038
 20
134.147135913
 30
0.0
 11
287.1813708177
 21
134.0356983513
 31
0.0
 12
286.7978871795
 22
133.7974121804
 32
0.0
 13
286.7978871795
 23
133.7974121804
 33
0.0
  0
SOLID
  5
677
100
AcDbEntity
  8
_03_2D_DRAWING_DIMENSION
100
AcDbTrace
 62
7
  6
BYLAYER
 10
287.222525038
 20
134.147135913
 30
0.0
 11
286.7978871795
 21
133.7974121804
 31
0.0
 12
286.8156136194
 22
133.9597136694
 32
0.0
 13
286.8156136194
 23
133.9597136694
 33
0.0
  0
SOLID
  5
678
100
AcDbEntity
  8
_03_2D_DRAWING_DIMENSION
100
AcDbTrace
 62
7
  6
BYLAYER
 10
286.7978871795
 20
133.7974121804
 30
0.0
 11
287.1813708177
 21
134.0356983513
 31
0.0
 12
287.165648561
 22
133.9359746799
 32
0.0
 13
287.165648561
 23
133.9359746799
 33
0.0
  0
SOLID
  5
679
100
AcDbEntity
  8
_03_2D_DRAWING_DIMENSION
100
AcDbTrace
 62
7
  6
BYLAYER
 10
288.4275370373
 20
134.6096789721
 30
0.0
 11
288.3415314393
 21
134.6625470827
 31
0.0
 12
288.7112970041
 22
134.8636873997
 32
0.0
 13
288.7112970041
 23
134.8636873997
 33
0.0
  0
SOLID
  5
67A
100
AcDbEntity
  8
_03_2D_DRAWING_DIMENSION
100
AcDbTrace
 62
7
  6
BYLAYER
 10
288.538974599
 20
134.5685247518
 30
0.0
 11
288.4275370373
 21
134.6096789721
 31
0.0
 12
288.7112970041
 22
134.8636873997
 32
0.0
 13
288.7112970041
 23
134.8636873997
 33
0.0
  0
SOLID
  5
67B
100
AcDbEntity
  8
_03_2D_DRAWING_DIMENSION
100
AcDbTrace
 62
7
  6
BYLAYER
 10
288.538974599
 20
134.5685247518
 30
0.0
 11
288.7112970041
 21
134.8636873997
 31
0.0
 12
288.8695901266
 22
134.7208053247
 32
0.0
 13
288.8695901266
 23
134.7208053247
 33
0.0
  0
SOLID
  5
67C
100
AcDbEntity
  8
_03_2D_DRAWING_DIMENSION
100
AcDbTrace
 62
7
  6
BYLAYER
 10
288.8695901266
 20
134.7208053247
 30
0.0
 11
288.6366940872
 21
134.4902246776
 31
0.0
 12
288.538974599
 22
134.5685247518
 32
0.0
 13
288.538974599
 23
134.5685247518
 33
0.0
  0
SOLID
  5
67D
100
AcDbEntity
  8
_03_2D_DRAWING_DIMENSION
100
AcDbTrace
 62
7
  6
BYLAYER
 10
287.165648561
 20
133.9359746799
 30
0.0
 11
287.1616401946
 21
133.8108190447
 31
0.0
 12
286.8173065935
 22
133.621392618
 32
0.0
 13
286.8173065935
 23
133.621392618
 33
0.0
  0
SOLID
  5
67E
100
AcDbEntity
  8
_03_2D_DRAWING_DIMENSION
100
AcDbTrace
 62
7
  6
BYLAYER
 10
287.165648561
 20
133.9359746799
 30
0.0
 11
286.8173065935
 21
133.621392618
 31
0.0
 12
286.7978871795
 22
133.7974121804
 32
0.0
 13
286.7978871795
 23
133.7974121804
 33
0.0
  0
SOLID
  5
67F
100
AcDbEntity
  8
_03_2D_DRAWING_DIMENSION
100
AcDbTrace
 62
7
  6
BYLAYER
 10
286.8173065935
 20
133.621392618
 30
0.0
 11
287.1616401946
 21
133.8108190447
 31
0.0
 12
287.1830637918
 22
133.6973772999
 32
0.0
 13
287.1830637918
 23
133.6973772999
 33
0.0
  0
SOLID
  5
680
100
AcDbEntity
  8
_03_2D_DRAWING_DIMENSION
100
AcDbTrace
 62
7
  6
BYLAYER
 10
288.7089816117
 20
134.4002107131
 30
0.0
 11
288.6366940872
 21
134.4902246776
 31
0.0
 12
288.8695901266
 22
134.7208053247
 32
0.0
 13
288.8695901266
 23
134.7208053247
 33
0.0
  0
SOLID
  5
681
100
AcDbEntity
  8
_03_2D_DRAWING_DIMENSION
100
AcDbTrace
 62
7
  6
BYLAYER
 10
288.7089816117
 20
134.4002107131
 30
0.0
 11
288.8695901266
 21
134.7208053247
 31
0.0
 12
289.0395971394
 22
134.552491286
 32
0.0
 13
289.0395971394
 23
134.552491286
 33
0.0
  0
SOLID
  5
682
100
AcDbEntity
  8
_03_2D_DRAWING_DIMENSION
100
AcDbTrace
 62
7
  6
BYLAYER
 10
287.1830637918
 20
133.6973772999
 30
0.0
 11
286.8504440809
 21
133.4825189094
 31
0.0
 12
286.8173065935
 22
133.621392618
 32
0.0
 13
286.8173065935
 23
133.621392618
 33
0.0
  0
SOLID
  5
683
100
AcDbEntity
  8
_03_2D_DRAWING_DIMENSION
100
AcDbTrace
 62
7
  6
BYLAYER
 10
286.8504440809
 20
133.4825189094
 30
0.0
 11
287.1830637918
 21
133.6973772999
 31
0.0
 12
287.204487389
 22
133.583935555
 32
0.0
 13
287.204487389
 23
133.583935555
 33
0.0
  0
SOLID
  5
684
100
AcDbEntity
  8
_03_2D_DRAWING_DIMENSION
100
AcDbTrace
 62
7
  6
BYLAYER
 10
289.0395971394
 20
134.552491286
 30
0.0
 11
288.7812691363
 21
134.3101967487
 31
0.0
 12
288.7089816117
 22
134.4002107131
 32
0.0
 13
288.7089816117
 23
134.4002107131
 33
0.0
  0
SOLID
  5
685
100
AcDbEntity
  8
_03_2D_DRAWING_DIMENSION
100
AcDbTrace
 62
7
  6
BYLAYER
 10
287.204487389
 20
133.583935555
 30
0.0
 11
286.9207274222
 21
133.3299271274
 31
0.0
 12
286.8504440809
 22
133.4825189094
 32
0.0
 13
286.8504440809
 23
133.4825189094
 33
0.0
  0
SOLID
  5
686
100
AcDbEntity
  8
_03_2D_DRAWING_DIMENSION
100
AcDbTrace
 62
7
  6
BYLAYER
 10
286.9207274222
 20
133.3299271274
 30
0.0
 11
287.204487389
 21
133.583935555
 31
0.0
 12
287.2259109862
 22
133.4704938101
 32
0.0
 13
287.2259109862
 23
133.4704938101
 33
0.0
  0
SOLID
  5
687
100
AcDbEntity
  8
_03_2D_DRAWING_DIMENSION
100
AcDbTrace
 62
7
  6
BYLAYER
 10
288.8281246972
 20
134.208468894
 30
0.0
 11
288.7812691363
 21
134.3101967487
 31
0.0
 12
289.0395971394
 22
134.552491286
 32
0.0
 13
289.0395971394
 23
134.552491286
 33
0.0
  0
SOLID
  5
688
100
AcDbEntity
  8
_03_2D_DRAWING_DIMENSION
100
AcDbTrace
 62
7
  6
BYLAYER
 10
288.8281246972
 20
134.208468894
 30
0.0
 11
289.0395971394
 21
134.552491286
 31
0.0
 12
289.1333082612
 22
134.3490355767
 32
0.0
 13
289.1333082612
 23
134.3490355767
 33
0.0
  0
SOLID
  5
689
100
AcDbEntity
  8
_03_2D_DRAWING_DIMENSION
100
AcDbTrace
 62
7
  6
BYLAYER
 10
289.1333082612
 20
134.3490355767
 30
0.0
 11
288.874980258
 21
134.1067410394
 31
0.0
 12
288.8281246972
 22
134.208468894
 32
0.0
 13
288.8281246972
 23
134.208468894
 33
0.0
  0
SOLID
  5
68A
100
AcDbEntity
  8
_03_2D_DRAWING_DIMENSION
100
AcDbTrace
 62
7
  6
BYLAYER
 10
287.2259109862
 20
133.4704938101
 30
0.0
 11
287.2981985108
 21
133.3804798457
 31
0.0
 12
286.9910107636
 22
133.1773353455
 32
0.0
 13
286.9910107636
 23
133.1773353455
 33
0.0
  0
SOLID
  5
68B
100
AcDbEntity
  8
_03_2D_DRAWING_DIMENSION
100
AcDbTrace
 62
7
  6
BYLAYER
 10
287.2259109862
 20
133.4704938101
 30
0.0
 11
286.9910107636
 21
133.1773353455
 31
0.0
 12
286.9207274222
 22
133.3299271274
 32
0.0
 13
286.9207274222
 23
133.3299271274
 33
0.0
  0
SOLID
  5
68C
100
AcDbEntity
  8
_03_2D_DRAWING_DIMENSION
100
AcDbTrace
 62
7
  6
BYLAYER
 10
288.874980258
 20
134.1067410394
 30
0.0
 11
289.1333082612
 21
134.3490355767
 31
0.0
 12
289.2035916025
 22
134.1964437947
 32
0.0
 13
289.2035916025
 23
134.1964437947
 33
0.0
  0
SOLID
  5
68D
100
AcDbEntity
  8
_03_2D_DRAWING_DIMENSION
100
AcDbTrace
 62
7
  6
BYLAYER
 10
286.9910107636
 20
133.1773353455
 30
0.0
 11
287.2981985108
 21
133.3804798457
 31
0.0
 12
287.3704860353
 22
133.2904658812
 32
0.0
 13
287.3704860353
 23
133.2904658812
 33
0.0
  0
SOLID
  5
68E
100
AcDbEntity
  8
_03_2D_DRAWING_DIMENSION
100
AcDbTrace
 62
7
  6
BYLAYER
 10
289.2035916025
 20
134.1964437947
 30
0.0
 11
288.8964038553
 21
133.9932992945
 31
0.0
 12
288.874980258
 22
134.1067410394
 32
0.0
 13
288.874980258
 23
134.1067410394
 33
0.0
  0
SOLID
  5
68F
100
AcDbEntity
  8
_03_2D_DRAWING_DIMENSION
100
AcDbTrace
 62
7
  6
BYLAYER
 10
288.8964038553
 20
133.9932992945
 30
0.0
 11
289.2035916025
 21
134.1964437947
 31
0.0
 12
289.2367290899
 22
134.0575700861
 32
0.0
 13
289.2367290899
 23
134.0575700861
 33
0.0
  0
SOLID
  5
690
100
AcDbEntity
  8
_03_2D_DRAWING_DIMENSION
100
AcDbTrace
 62
7
  6
BYLAYER
 10
287.3704860353
 20
133.2904658812
 30
0.0
 11
287.1121580322
 21
133.0481713439
 31
0.0
 12
286.9910107636
 22
133.1773353455
 32
0.0
 13
286.9910107636
 23
133.1773353455
 33
0.0
  0
SOLID
  5
691
100
AcDbEntity
  8
_03_2D_DRAWING_DIMENSION
100
AcDbTrace
 62
7
  6
BYLAYER
 10
287.1121580322
 20
133.0481713439
 30
0.0
 11
287.3704860353
 21
133.2904658812
 31
0.0
 12
287.4427735599
 22
133.2004519168
 32
0.0
 13
287.4427735599
 23
133.2004519168
 33
0.0
  0
SOLID
  5
692
100
AcDbEntity
  8
_03_2D_DRAWING_DIMENSION
100
AcDbTrace
 62
7
  6
BYLAYER
 10
289.2367290899
 20
134.0575700861
 30
0.0
 11
288.9178274525
 21
133.8798575496
 31
0.0
 12
288.8964038553
 22
133.9932992945
 32
0.0
 13
288.8964038553
 23
133.9932992945
 33
0.0
  0
SOLID
  5
693
100
AcDbEntity
  8
_03_2D_DRAWING_DIMENSION
100
AcDbTrace
 62
7
  6
BYLAYER
 10
288.913819086
 20
133.7547019145
 30
0.0
 11
288.9178274525
 21
133.8798575496
 31
0.0
 12
289.2367290899
 22
134.0575700861
 32
0.0
 13
289.2367290899
 23
134.0575700861
 33
0.0
  0
SOLID
  5
694
100
AcDbEntity
  8
_03_2D_DRAWING_DIMENSION
100
AcDbTrace
 62
7
  6
BYLAYER
 10
288.913819086
 20
133.7547019145
 30
0.0
 11
289.2367290899
 21
134.0575700861
 31
0.0
 12
289.2561485039
 22
133.8815505237
 32
0.0
 13
289.2561485039
 23
133.8815505237
 33
0.0
  0
SOLID
  5
695
100
AcDbEntity
  8
_03_2D_DRAWING_DIMENSION
100
AcDbTrace
 62
7
  6
BYLAYER
 10
287.4427735599
 20
133.2004519168
 30
0.0
 11
287.5404930481
 21
133.1221518426
 31
0.0
 12
287.2333053009
 22
132.9190073424
 32
0.0
 13
287.2333053009
 23
132.9190073424
 33
0.0
  0
SOLID
  5
696
100
AcDbEntity
  8
_03_2D_DRAWING_DIMENSION
100
AcDbTrace
 62
7
  6
BYLAYER
 10
287.4427735599
 20
133.2004519168
 30
0.0
 11
287.2333053009
 21
132.9190073424
 31
0.0
 12
287.1121580322
 22
133.0481713439
 32
0.0
 13
287.1121580322
 23
133.0481713439
 33
0.0
  0
SOLID
  5
697
100
AcDbEntity
  8
_03_2D_DRAWING_DIMENSION
100
AcDbTrace
 62
7
  6
BYLAYER
 10
287.2333053009
 20
132.9190073424
 30
0.0
 11
287.5404930481
 21
133.1221518426
 31
0.0
 12
287.6264986461
 22
133.069283732
 32
0.0
 13
287.6264986461
 23
133.069283732
 33
0.0
  0
SOLID
  5
698
100
AcDbEntity
  8
_03_2D_DRAWING_DIMENSION
100
AcDbTrace
 62
7
  6
BYLAYER
 10
289.2561485039
 20
133.8815505237
 30
0.0
 11
288.8726648657
 21
133.6432643528
 31
0.0
 12
288.913819086
 22
133.7547019145
 32
0.0
 13
288.913819086
 23
133.7547019145
 33
0.0
  0
SOLID
  5
699
100
AcDbEntity
  8
_03_2D_DRAWING_DIMENSION
100
AcDbTrace
 62
7
  6
BYLAYER
 10
288.856942609
 20
133.5435406814
 30
0.0
 11
288.8726648657
 21
133.6432643528
 31
0.0
 12
289.2561485039
 22
133.8815505237
 32
0.0
 13
289.2561485039
 23
133.8815505237
 33
0.0
  0
SOLID
  5
69A
100
AcDbEntity
  8
_03_2D_DRAWING_DIMENSION
100
AcDbTrace
 62
7
  6
BYLAYER
 10
288.856942609
 20
133.5435406814
 30
0.0
 11
289.2561485039
 21
133.8815505237
 31
0.0
 12
289.2638540277
 22
133.7309629249
 32
0.0
 13
289.2638540277
 23
133.7309629249
 33
0.0
  0
SOLID
  5
69B
100
AcDbEntity
  8
_03_2D_DRAWING_DIMENSION
100
AcDbTrace
 62
7
  6
BYLAYER
 10
287.6264986461
 20
133.069283732
 30
0.0
 11
287.7379362078
 21
133.0281295117
 31
0.0
 12
287.368170643
 22
132.8269891947
 32
0.0
 13
287.368170643
 23
132.8269891947
 33
0.0
  0
SOLID
  5
69C
100
AcDbEntity
  8
_03_2D_DRAWING_DIMENSION
100
AcDbTrace
 62
7
  6
BYLAYER
 10
287.6264986461
 20
133.069283732
 30
0.0
 11
287.368170643
 21
132.8269891947
 31
0.0
 12
287.2333053009
 22
132.9190073424
 32
0.0
 13
287.2333053009
 23
132.9190073424
 33
0.0
  0
SOLID
  5
69D
100
AcDbEntity
  8
_03_2D_DRAWING_DIMENSION
100
AcDbTrace
 62
7
  6
BYLAYER
 10
287.368170643
 20
132.8269891947
 30
0.0
 11
287.7379362078
 21
133.0281295117
 31
0.0
 12
287.8493737694
 22
132.9869752913
 32
0.0
 13
287.8493737694
 23
132.9869752913
 33
0.0
  0
SOLID
  5
69E
100
AcDbEntity
  8
_03_2D_DRAWING_DIMENSION
100
AcDbTrace
 62
7
  6
BYLAYER
 10
289.2638540277
 20
133.7309629249
 30
0.0
 11
288.8157883887
 21
133.4321031197
 31
0.0
 12
288.856942609
 22
133.5435406814
 32
0.0
 13
288.856942609
 23
133.5435406814
 33
0.0
  0
SOLID
  5
69F
100
AcDbEntity
  8
_03_2D_DRAWING_DIMENSION
100
AcDbTrace
 62
7
  6
BYLAYER
 10
288.8157883887
 20
133.4321031197
 30
0.0
 11
289.2638540277
 21
133.7309629249
 31
0.0
 12
289.2089817339
 22
133.5823795094
 32
0.0
 13
289.2089817339
 23
133.5823795094
 33
0.0
  0
SOLID
  5
6A0
100
AcDbEntity
  8
_03_2D_DRAWING_DIMENSION
100
AcDbTrace
 62
7
  6
BYLAYER
 10
287.7528991177
 20
134.6688708415
 30
0.0
 11
288.5138538444
 21
134.9577097306
 31
0.0
 12
288.1049382425
 22
134.7077096695
 32
0.0
 13
288.1049382425
 23
134.7077096695
 33
0.0
  0
SOLID
  5
6A1
100
AcDbEntity
  8
_03_2D_DRAWING_DIMENSION
100
AcDbTrace
 62
7
  6
BYLAYER
 10
288.1049382425
 20
134.7077096695
 30
0.0
 11
287.9490974409
 21
132.9712530347
 31
0.0
 12
287.7528991177
 22
134.6688708415
 32
0.0
 13
287.7528991177
 23
134.6688708415
 33
0.0
  0
SOLID
  5
6A2
100
AcDbEntity
  8
_03_2D_DRAWING_DIMENSION
100
AcDbTrace
 62
7
  6
BYLAYER
 10
289.2089817339
 20
133.5823795094
 30
0.0
 11
288.7374883145
 21
133.3343836315
 31
0.0
 12
288.8157883887
 22
133.4321031197
 32
0.0
 13
288.8157883887
 23
133.4321031197
 33
0.0
  0
SOLID
  5
6A3
100
AcDbEntity
  8
_03_2D_DRAWING_DIMENSION
100
AcDbTrace
 62
7
  6
BYLAYER
 10
287.8493737694
 20
132.9869752913
 30
0.0
 11
287.9490974409
 21
132.9712530347
 31
0.0
 12
287.5030359851
 22
132.734971047
 32
0.0
 13
287.5030359851
 23
132.734971047
 33
0.0
  0
SOLID
  5
6A4
100
AcDbEntity
  8
_03_2D_DRAWING_DIMENSION
100
AcDbTrace
 62
7
  6
BYLAYER
 10
287.8493737694
 20
132.9869752913
 30
0.0
 11
287.5030359851
 21
132.734971047
 31
0.0
 12
287.368170643
 22
132.8269891947
 32
0.0
 13
287.368170643
 23
132.8269891947
 33
0.0
  0
SOLID
  5
6A5
100
AcDbEntity
  8
_03_2D_DRAWING_DIMENSION
100
AcDbTrace
 62
7
  6
BYLAYER
 10
288.3011365657
 20
133.0100918627
 30
0.0
 11
287.5030359851
 21
132.734971047
 31
0.0
 12
287.9490974409
 22
132.9712530347
 32
0.0
 13
287.9490974409
 23
132.9712530347
 33
0.0
  0
SOLID
  5
6A6
100
AcDbEntity
  8
_03_2D_DRAWING_DIMENSION
100
AcDbTrace
 62
7
  6
BYLAYER
 10
287.9490974409
 20
132.9712530347
 30
0.0
 11
288.1049382425
 21
134.7077096695
 31
0.0
 12
288.3011365657
 22
133.0100918627
 32
0.0
 13
288.3011365657
 23
133.0100918627
 33
0.0
  0
SOLID
  5
6A7
100
AcDbEntity
  8
_03_2D_DRAWING_DIMENSION
100
AcDbTrace
 62
7
  6
BYLAYER
 10
288.6846202039
 20
133.2483780335
 30
0.0
 11
288.7374883145
 21
133.3343836315
 31
0.0
 12
289.2089817339
 22
133.5823795094
 32
0.0
 13
289.2089817339
 23
133.5823795094
 33
0.0
  0
SOLID
  5
6A8
100
AcDbEntity
  8
_03_2D_DRAWING_DIMENSION
100
AcDbTrace
 62
7
  6
BYLAYER
 10
288.5946062395
 20
133.176090509
 30
0.0
 11
288.6846202039
 21
133.2483780335
 31
0.0
 12
289.2089817339
 22
133.5823795094
 32
0.0
 13
289.2089817339
 23
133.5823795094
 33
0.0
  0
SOLID
  5
6A9
100
AcDbEntity
  8
_03_2D_DRAWING_DIMENSION
100
AcDbTrace
 62
7
  6
BYLAYER
 10
288.504592275
 20
133.1038029844
 30
0.0
 11
288.5946062395
 21
133.176090509
 31
0.0
 12
289.2089817339
 22
133.5823795094
 32
0.0
 13
289.2089817339
 23
133.5823795094
 33
0.0
  0
SOLID
  5
6AA
100
AcDbEntity
  8
_03_2D_DRAWING_DIMENSION
100
AcDbTrace
 62
7
  6
BYLAYER
 10
288.504592275
 20
133.1038029844
 30
0.0
 11
289.2089817339
 21
133.5823795094
 31
0.0
 12
289.191255294
 22
133.4200780204
 32
0.0
 13
289.191255294
 23
133.4200780204
 33
0.0
  0
SOLID
  5
6AB
100
AcDbEntity
  8
_03_2D_DRAWING_DIMENSION
100
AcDbTrace
 62
7
  6
BYLAYER
 10
288.504592275
 20
133.1038029844
 30
0.0
 11
289.191255294
 21
133.4200780204
 31
0.0
 12
287.6516194006
 22
132.6800987532
 32
0.0
 13
287.6516194006
 23
132.6800987532
 33
0.0
  0
SOLID
  5
6AC
100
AcDbEntity
  8
_03_2D_DRAWING_DIMENSION
100
AcDbTrace
 62
7
  6
BYLAYER
 10
288.4028644204
 20
133.0569474235
 30
0.0
 11
288.504592275
 21
133.1038029844
 31
0.0
 12
287.6516194006
 22
132.6800987532
 32
0.0
 13
287.6516194006
 23
132.6800987532
 33
0.0
  0
SOLID
  5
6AD
100
AcDbEntity
  8
_03_2D_DRAWING_DIMENSION
100
AcDbTrace
 62
7
  6
BYLAYER
 10
288.3520004931
 20
133.0335196431
 30
0.0
 11
288.4028644204
 21
133.0569474235
 31
0.0
 12
287.6516194006
 22
132.6800987532
 32
0.0
 13
287.6516194006
 23
132.6800987532
 33
0.0
  0
SOLID
  5
6AE
100
AcDbEntity
  8
_03_2D_DRAWING_DIMENSION
100
AcDbTrace
 62
7
  6
BYLAYER
 10
288.3011365657
 20
133.0100918627
 30
0.0
 11
288.3520004931
 21
133.0335196431
 31
0.0
 12
287.6516194006
 22
132.6800987532
 32
0.0
 13
287.6516194006
 23
132.6800987532
 33
0.0
  0
SOLID
  5
6AF
100
AcDbEntity
  8
_03_2D_DRAWING_DIMENSION
100
AcDbTrace
 62
7
  6
BYLAYER
 10
288.3011365657
 20
133.0100918627
 30
0.0
 11
287.6516194006
 21
132.6800987532
 31
0.0
 12
287.5030359851
 22
132.734971047
 32
0.0
 13
287.5030359851
 23
132.734971047
 33
0.0
  0
SOLID
  5
6B0
100
AcDbEntity
  8
_03_2D_DRAWING_DIMENSION
100
AcDbTrace
 62
7
  6
BYLAYER
 10
287.6516194006
 20
132.6800987532
 30
0.0
 11
289.191255294
 21
133.4200780204
 31
0.0
 12
289.0992371464
 22
133.2852126783
 32
0.0
 13
289.0992371464
 23
133.2852126783
 33
0.0
  0
SOLID
  5
6B1
100
AcDbEntity
  8
_03_2D_DRAWING_DIMENSION
100
AcDbTrace
 62
7
  6
BYLAYER
 10
289.0992371464
 20
133.2852126783
 30
0.0
 11
287.8256347799
 21
132.6369403497
 31
0.0
 12
287.6516194006
 22
132.6800987532
 32
0.0
 13
287.6516194006
 23
132.6800987532
 33
0.0
  0
SOLID
  5
6B2
100
AcDbEntity
  8
_03_2D_DRAWING_DIMENSION
100
AcDbTrace
 62
7
  6
BYLAYER
 10
287.8256347799
 20
132.6369403497
 30
0.0
 11
289.0992371464
 21
133.2852126783
 31
0.0
 12
289.0443648526
 22
133.1366292628
 32
0.0
 13
289.0443648526
 23
133.1366292628
 33
0.0
  0
SOLID
  5
6B3
100
AcDbEntity
  8
_03_2D_DRAWING_DIMENSION
100
AcDbTrace
 62
7
  6
BYLAYER
 10
289.0443648526
 20
133.1366292628
 30
0.0
 11
287.9879362688
 21
132.6192139098
 31
0.0
 12
287.8256347799
 22
132.6369403497
 32
0.0
 13
287.8256347799
 23
132.6369403497
 33
0.0
  0
SOLID
  5
6B4
100
AcDbEntity
  8
_03_2D_DRAWING_DIMENSION
100
AcDbTrace
 62
7
  6
BYLAYER
 10
287.9879362688
 20
132.6192139098
 30
0.0
 11
289.0443648526
 21
133.1366292628
 31
0.0
 12
288.915200851
 22
133.0154819941
 32
0.0
 13
288.915200851
 23
133.0154819941
 33
0.0
  0
SOLID
  5
6B5
100
AcDbEntity
  8
_03_2D_DRAWING_DIMENSION
100
AcDbTrace
 62
7
  6
BYLAYER
 10
288.543431103
 20
132.7517638596
 30
0.0
 11
288.3399753937
 21
132.6580527378
 31
0.0
 12
288.8114688131
 22
132.9060486157
 32
0.0
 13
288.8114688131
 23
132.9060486157
 33
0.0
  0
SOLID
  5
6B6
100
AcDbEntity
  8
_03_2D_DRAWING_DIMENSION
100
AcDbTrace
 62
7
  6
BYLAYER
 10
288.543431103
 20
132.7517638596
 30
0.0
 11
288.8114688131
 21
132.9060486157
 31
0.0
 12
288.696022885
 22
132.8220472009
 32
0.0
 13
288.696022885
 23
132.8220472009
 33
0.0
  0
SOLID
  5
6B7
100
AcDbEntity
  8
_03_2D_DRAWING_DIMENSION
100
AcDbTrace
 62
7
  6
BYLAYER
 10
288.915200851
 20
133.0154819941
 30
0.0
 11
288.8114688131
 21
132.9060486157
 31
0.0
 12
288.3399753937
 22
132.6580527378
 32
0.0
 13
288.3399753937
 23
132.6580527378
 33
0.0
  0
SOLID
  5
6B8
100
AcDbEntity
  8
_03_2D_DRAWING_DIMENSION
100
AcDbTrace
 62
7
  6
BYLAYER
 10
287.9879362688
 20
132.6192139098
 30
0.0
 11
288.915200851
 21
133.0154819941
 31
0.0
 12
288.3399753937
 22
132.6580527378
 32
0.0
 13
288.3399753937
 23
132.6580527378
 33
0.0
  0
SOLID
  5
6B9
100
AcDbEntity
  8
_03_2D_DRAWING_DIMENSION
100
AcDbTrace
 62
7
  6
BYLAYER
 10
288.3399753937
 20
132.6580527378
 30
0.0
 11
288.0364848038
 21
132.1791650037
 31
0.0
 12
287.9879362688
 22
132.6192139098
 32
0.0
 13
287.9879362688
 23
132.6192139098
 33
0.0
  0
SOLID
  5
6BA
100
AcDbEntity
  8
_03_2D_DRAWING_DIMENSION
100
AcDbTrace
 62
7
  6
BYLAYER
 10
288.0599125843
 20
132.1283010764
 30
0.0
 11
288.0364848038
 21
132.1791650037
 31
0.0
 12
288.3399753937
 22
132.6580527378
 32
0.0
 13
288.3399753937
 23
132.6580527378
 33
0.0
  0
SOLID
  5
6BB
100
AcDbEntity
  8
_03_2D_DRAWING_DIMENSION
100
AcDbTrace
 62
7
  6
BYLAYER
 10
288.0833403647
 20
132.077437149
 30
0.0
 11
288.0599125843
 21
132.1283010764
 31
0.0
 12
288.3399753937
 22
132.6580527378
 32
0.0
 13
288.3399753937
 23
132.6580527378
 33
0.0
  0
SOLID
  5
6BC
100
AcDbEntity
  8
_03_2D_DRAWING_DIMENSION
100
AcDbTrace
 62
7
  6
BYLAYER
 10
288.0833403647
 20
132.077437149
 30
0.0
 11
288.3399753937
 21
132.6580527378
 31
0.0
 12
288.3885239287
 22
132.2180038317
 32
0.0
 13
288.3885239287
 23
132.2180038317
 33
0.0
  0
SOLID
  5
6BD
100
AcDbEntity
  8
_03_2D_DRAWING_DIMENSION
100
AcDbTrace
 62
7
  6
BYLAYER
 10
288.3885239287
 20
132.2180038317
 30
0.0
 11
288.1322001088
 21
132.0382871119
 31
0.0
 12
288.0833403647
 22
132.077437149
 32
0.0
 13
288.0833403647
 23
132.077437149
 33
0.0
  0
SOLID
  5
6BE
100
AcDbEntity
  8
_03_2D_DRAWING_DIMENSION
100
AcDbTrace
 62
7
  6
BYLAYER
 10
288.1322001088
 20
132.0382871119
 30
0.0
 11
288.3885239287
 21
132.2180038317
 31
0.0
 12
288.3865197455
 22
132.1554260141
 32
0.0
 13
288.3865197455
 23
132.1554260141
 33
0.0
  0
SOLID
  5
6BF
100
AcDbEntity
  8
_03_2D_DRAWING_DIMENSION
100
AcDbTrace
 62
7
  6
BYLAYER
 10
288.3865197455
 20
132.1554260141
 30
0.0
 11
288.1693459627
 21
132.0245690385
 31
0.0
 12
288.1322001088
 22
132.0382871119
 32
0.0
 13
288.1322001088
 23
132.0382871119
 33
0.0
  0
SOLID
  5
6C0
100
AcDbEntity
  8
_03_2D_DRAWING_DIMENSION
100
AcDbTrace
 62
7
  6
BYLAYER
 10
288.1693459627
 20
132.0245690385
 30
0.0
 11
288.3865197455
 21
132.1554260141
 31
0.0
 12
288.372801672
 22
132.1182801603
 32
0.0
 13
288.372801672
 23
132.1182801603
 33
0.0
  0
SOLID
  5
6C1
100
AcDbEntity
  8
_03_2D_DRAWING_DIMENSION
100
AcDbTrace
 62
7
  6
BYLAYER
 10
288.372801672
 20
132.1182801603
 30
0.0
 11
288.2319237803
 21
132.0225648553
 31
0.0
 12
288.1693459627
 22
132.0245690385
 32
0.0
 13
288.1693459627
 23
132.0245690385
 33
0.0
  0
SOLID
  5
6C2
100
AcDbEntity
  8
_03_2D_DRAWING_DIMENSION
100
AcDbTrace
 62
7
  6
BYLAYER
 10
288.2827877076
 20
132.0459926357
 30
0.0
 11
288.2319237803
 21
132.0225648553
 31
0.0
 12
288.372801672
 22
132.1182801603
 32
0.0
 13
288.372801672
 23
132.1182801603
 33
0.0
  0
SOLID
  5
6C3
100
AcDbEntity
  8
_03_2D_DRAWING_DIMENSION
100
AcDbTrace
 62
7
  6
BYLAYER
 10
288.2827877076
 20
132.0459926357
 30
0.0
 11
288.372801672
 21
132.1182801603
 31
0.0
 12
288.3336516349
 22
132.0694204162
 32
0.0
 13
288.3336516349
 23
132.0694204162
 33
0.0
  0
DIMENSION
  5
6C4
100
AcDbEntity
  8
_03_2D_DRAWING_DIMENSION
100
AcDbDimension
 62
7
  6
BYLAYER
  2
*D25
 10
269.9974932873
 20
122.6604833357
 30
0.0
 11
293.4502467867
 21
136.3528188728
 31
0.0
 70
163
 71
1
 72
2
 41
0.9
 42
9.6
  1
2x >={\fSymbol_ISO;\W1.0;⌀}<>
  3
DIMSTYLE_11
100
AcDbDiametricDimension
 15
261.2779628877
 25
118.6442924027
 35
0.0
  0
ACAD_TABLE
  5
6C5
100
AcDbEntity
  8
0
 62
7
  6
BYLAYER
100
AcDbBlockReference
  2
*T1
 10
271.4
 20
48.85
 30
0.0
100
AcDbTable
342
       E80
343
255
 11
1.0
 21
0.0
 31
0.0
 90
22
 91
10
 92
6
 93
16
 94
0
 95
0
 96
0
 41
0.3
141
3.0
141
5.0
141
6.0
141
6.0
141
3.0
141
3.0
141
3.0
141
3.0
141
2.85
141
4.0
142
23.1
142
23.1
142
23.1
142
23.1
142
23.1
142
23.1
171
1
172
0
173
0
174
0
175
1
176
1
 91
41
178
0
145
0.0
301
CELL_VALUE
 90
4
  1
Sheet Number
304
ACVALUE_END
170
4
140
1.8
 64
7
171
1
172
0
173
0
174
0
175
1
176
1
 91
41
178
0
145
0.0
301
CELL_VALUE
 90
4
  1
Projection
304
ACVALUE_END
170
4
140
1.8
 64
7
171
1
172
0
173
0
174
0
175
1
176
1
 91
41
178
0
145
0.0
301
CELL_VALUE
 90
4
  1
Scale
304
ACVALUE_END
170
4
140
1.8
 64
7
171
1
172
0
173
0
174
0
175
1
176
1
 91
41
178
0
145
0.0
301
CELL_VALUE
 90
4
  1
Format
304
ACVALUE_END
170
4
140
1.8
 64
7
171
1
172
0
173
0
174
0
175
2
176
1
 91
41
178
0
145
0.0
301
CELL_VALUE
 90
4
  1
General Tolerancing
304
ACVALUE_END
170
4
140
1.8
 64
7
171
1
172
0
173
1
174
0
175
1
176
1
 91
1
178
0
145
0.0
170
1
171
1
172
0
173
0
174
0
175
1
176
1
 91
41
178
0
145
0.0
301
CELL_VALUE
 90
4
  1
1/1
304
ACVALUE_END
170
4
140
2.0
 64
7
171
1
172
0
173
0
174
0
175
1
176
1
 91
33
178
0
145
0.0
301
CELL_VALUE
 90
4
  1
 
304
ACVALUE_END
170
1
140
0.001
171
1
172
0
173
0
174
0
175
1
176
1
 91
41
178
0
145
0.0
301
CELL_VALUE
 90
4
  1
3:1
304
ACVALUE_END
170
4
140
2.0
 64
7
171
1
172
0
173
0
174
0
175
1
176
1
 91
41
178
0
145
0.0
301
CELL_VALUE
 90
4
  1
A3
304
ACVALUE_END
170
4
140
2.0
 64
7
171
1
172
0
173
0
174
0
175
2
176
1
 91
41
178
0
145
0.0
301
CELL_VALUE
 90
4
  1
ISO 2768 mK 
304
ACVALUE_END
170
4
140
2.0
 64
7
171
1
172
0
173
1
174
0
175
1
176
1
 91
1
178
0
145
0.0
170
1
171
1
172
0
173
0
174
0
175
3
176
1
 91
41
178
0
145
0.0
301
CELL_VALUE
 90
4
  1
Description
304
ACVALUE_END
170
4
140
2.0
 64
7
171
1
172
0
173
1
174
0
175
1
176
1
 91
1
178
0
145
0.0
170
1
171
1
172
0
173
1
174
0
175
1
176
1
 91
1
178
0
145
0.0
170
1
171
1
172
0
173
0
174
0
175
1
176
1
 91
41
178
0
145
0.0
301
CELL_VALUE
 90
4
  1
Created on/by
304
ACVALUE_END
170
4
140
1.8
 64
7
171
1
172
0
173
0
174
0
175
1
176
1
 91
41
178
0
145
0.0
301
CELL_VALUE
 90
4
  1
22.11.2001
304
ACVALUE_END
170
4
140
2.0
 64
7
171
1
172
0
173
0
174
0
175
1
176
1
 91
41
178
0
145
0.0
301
CELL_VALUE
 90
4
  1
wcadmin
304
ACVALUE_END
170
4
140
2.0
 64
7
171
1
172
0
173
0
174
0
175
3
176
4
 91
41
178
0
145
0.0
301
CELL_VALUE
 90
4
  1
NE8FAH komplett
304
ACVALUE_END
170
4
140
2.0
 64
7
171
1
172
0
173
1
174
0
175
1
176
1
 91
1
178
0
145
0.0
170
1
171
1
172
0
173
1
174
0
175
1
176
1
 91
1
178
0
145
0.0
170
1
171
1
172
0
173
0
174
0
175
1
176
1
 91
41
178
0
145
0.0
301
CELL_VALUE
 90
4
  1
Approved on/by
304
ACVALUE_END
170
4
140
1.8
 64
7
171
1
172
0
173
0
174
0
175
1
176
1
 91
41
178
0
145
0.0
301
CELL_VALUE
 90
4
  1
02.08.2024
304
ACVALUE_END
170
4
140
2.0
 64
7
171
1
172
0
173
0
174
0
175
1
176
1
 91
41
178
0
145
0.0
301
CELL_VALUE
 90
4
  1
Schmiedl T.
304
ACVALUE_END
170
4
140
2.0
 64
7
171
1
172
0
173
1
174
0
175
1
176
1
 91
1
178
0
145
0.0
170
1
171
1
172
0
173
1
174
0
175
1
176
1
 91
1
178
0
145
0.0
170
1
171
1
172
0
173
1
174
0
175
1
176
1
 91
1
178
0
145
0.0
170
1
171
1
172
0
173
0
174
0
175
1
176
1
 91
41
178
0
145
0.0
301
CELL_VALUE
 90
4
  1
Article ID
304
ACVALUE_END
170
4
140
1.8
 64
7
171
1
172
0
173
0
174
0
175
1
176
1
 91
41
178
0
145
0.0
301
CELL_VALUE
 90
4
  1
Model ID
304
ACVALUE_END
170
4
140
1.8
 64
7
171
1
172
0
173
0
174
0
175
1
176
1
 91
41
178
0
145
0.0
301
CELL_VALUE
 90
4
  1
Drawing ID
304
ACVALUE_END
170
4
140
1.8
 64
7
171
1
172
0
173
1
174
0
175
1
176
1
 91
1
178
0
145
0.0
170
1
171
1
172
0
173
1
174
0
175
1
176
1
 91
1
178
0
145
0.0
170
1
171
1
172
0
173
1
174
0
175
1
176
1
 91
1
178
0
145
0.0
170
1
171
1
172
0
173
0
174
0
175
1
176
2
 91
41
178
0
145
0.0
301
CELL_VALUE
 90
4
  1
 
304
ACVALUE_END
170
4
140
0.001
 64
7
171
1
172
0
173
0
174
0
175
1
176
2
 91
41
178
0
145
0.0
301
CELL_VALUE
 90
4
  1
30011673
304
ACVALUE_END
170
4
140
2.0
 64
7
171
1
172
0
173
0
174
0
175
1
176
2
 91
41
178
0
145
0.0
301
CELL_VALUE
 90
4
  1
20005999
304
ACVALUE_END
170
4
140
2.0
 64
7
171
1
172
0
173
1
174
0
175
1
176
1
 91
1
178
0
145
0.0
170
1
171
1
172
0
173
1
174
0
175
1
176
1
 91
1
178
0
145
0.0
170
1
171
1
172
0
173
1
174
0
175
1
176
1
 91
1
178
0
145
0.0
170
1
171
1
172
0
173
1
174
0
175
1
176
1
 91
1
178
0
145
0.0
170
1
171
1
172
0
173
1
174
0
175
1
176
1
 91
1
178
0
145
0.0
170
1
171
1
172
0
173
1
174
0
175
1
176
1
 91
1
178
0
145
0.0
170
1
171
1
172
0
173
0
174
0
175
3
176
1
 91
41
178
0
145
0.0
301
CELL_VALUE
 90
4
  1
Status
304
ACVALUE_END
170
4
140
1.8
 64
7
171
1
172
0
173
1
174
0
175
1
176
1
 91
1
178
0
145
0.0
170
1
171
1
172
0
173
1
174
0
175
1
176
1
 91
1
178
0
145
0.0
170
1
171
1
172
0
173
0
174
0
175
1
176
1
 91
41
178
0
145
0.0
301
CELL_VALUE
 90
4
  1
Revision
304
ACVALUE_END
170
4
140
1.8
 64
7
171
1
172
0
173
0
174
0
175
1
176
1
 91
41
178
0
145
0.0
301
CELL_VALUE
 90
4
  1
ECN Number
304
ACVALUE_END
170
4
140
1.8
 64
7
171
1
172
0
173
0
174
0
175
1
176
2
 91
33
178
0
145
0.0
301
CELL_VALUE
 90
4
  1
 
304
ACVALUE_END
170
1
140
0.001
171
1
172
0
173
0
174
0
175
3
176
2
 91
41
178
0
145
0.0
301
CELL_VALUE
 90
4
  1
Released
304
ACVALUE_END
170
4
140
2.0
 64
7
171
1
172
0
173
1
174
0
175
1
176
1
 91
1
178
0
145
0.0
170
1
171
1
172
0
173
1
174
0
175
1
176
1
 91
1
178
0
145
0.0
170
1
171
1
172
0
173
0
174
0
175
1
176
2
 91
41
178
0
145
0.0
301
CELL_VALUE
 90
4
  1
C
304
ACVALUE_END
170
4
140
2.0
 64
7
171
1
172
0
173
0
174
0
175
1
176
2
 91
41
178
0
145
0.0
301
CELL_VALUE
 90
4
  1
-
304
ACVALUE_END
170
4
140
2.0
 64
7
171
1
172
0
173
1
174
0
175
1
176
1
 91
1
178
0
145
0.0
170
1
171
1
172
0
173
1
174
0
175
1
176
1
 91
1
178
0
145
0.0
170
1
171
1
172
0
173
1
174
0
175
1
176
1
 91
1
178
0
145
0.0
170
1
171
1
172
0
173
1
174
0
175
1
176
1
 91
1
178
0
145
0.0
170
1
171
1
172
0
173
1
174
0
175
1
176
1
 91
1
178
0
145
0.0
170
1
171
1
172
0
173
1
174
0
175
1
176
1
 91
1
178
0
145
0.0
170
1
171
1
172
0
173
0
174
0
175
1
176
1
 91
33
178
0
145
0.0
301
CELL_VALUE
 90
4
  1
 
304
ACVALUE_END
170
1
140
0.001
  0
MTEXT
  5
6C6
100
AcDbEntity
  8
0
100
AcDbMText
 62
7
  6
BYLAYER
  7
STANDARD
 71
1
 72
1
 10
49.4383048169
 20
158.6786502663
 30
0.0
 11
1.0
 21
0.0
 31
0.0
 73
2
 44
0.9
  1
Print Bohrplan Bestückungsseite\PPCB-Layout (component side)
 40
3.5
 41
64.064
  0
MTEXT
  5
6C7
100
AcDbEntity
  8
0
100
AcDbMText
 62
7
  6
BYLAYER
  7
STANDARD
 71
1
 72
1
 10
204.0848611873
 20
155.3986175251
 30
0.0
 11
1.0
 21
0.0
 31
0.0
 73
2
 44
0.9
  1
Frontplattenausschnitt ( Rückseite)\PPanel cut out ( rear side)
 40
3.5
 41
67.788
  0
MTEXT
  5
6C8
100
AcDbEntity
  8
0
100
AcDbMText
 62
7
  6
BYLAYER
  7
STANDARD
 71
1
 72
1
 10
72.7426703046
 20
74.2480527058
 30
0.0
 11
1.0
 21
0.0
 31
0.0
 73
2
 44
0.9
  1
7  5  3   1   G
 40
3.5
 41
22.26
  0
MTEXT
  5
6C9
100
AcDbEntity
  8
0
100
AcDbMText
 62
7
  6
BYLAYER
  7
STANDARD
 71
1
 72
1
 10
69.5093619843
 20
52.0276240251
 30
0.0
 11
1.0
 21
0.0
 31
0.0
 73
2
 44
0.9
  1
8  6  4  2
 40
3.5
 41
15.456
  0
LINE
  5
6CA
100
AcDbEntity
  8
0
100
AcDbLine
 62
7
  6
BYLAYER
 10
0.0
 20
297.0
 30
0.0
 11
0.0
 21
0.0
 31
0.0
  0
LINE
  5
6CB
100
AcDbEntity
  8
0
100
AcDbLine
 62
7
  6
BYLAYER
 10
12.5
 20
287.0
 30
0.0
 11
12.5
 21
10.0
 31
0.0
  0
LINE
  5
6CC
100
AcDbEntity
  8
0
100
AcDbLine
 62
7
  6
BYLAYER
 10
23.0
 20
0.0
 30
0.0
 11
23.0
 21
8.0
 31
0.0
  0
LINE
  5
6CD
100
AcDbEntity
  8
0
100
AcDbLine
 62
7
  6
BYLAYER
 10
49.9688320205
 20
119.181996874
 30
0.0
 11
49.9688320205
 21
110.181996874
 31
0.0
  0
LINE
  5
6CE
100
AcDbEntity
  8
0
100
AcDbLine
 62
7
  6
BYLAYER
 10
35.6162047306
 20
119.181996874
 30
0.0
 11
34.1862981885
 21
110.181996874
 31
0.0
  0
LINE
  5
6CF
100
AcDbEntity
  8
0
100
AcDbLine
 62
7
  6
BYLAYER
 10
34.1862981885
 20
110.181996874
 30
0.0
 11
49.9688320205
 21
110.181996874
 31
0.0
  0
LINE
  5
6D0
100
AcDbEntity
  8
0
100
AcDbLine
 62
7
  6
BYLAYER
 10
49.9688320205
 20
119.181996874
 30
0.0
 11
35.6162047306
 21
119.181996874
 31
0.0
  0
HATCH
  5
6D1
100
AcDbEntity
  8
0
100
AcDbHatch
 62
7
  6
BYLAYER
 10
0.0
 20
0.0
 30
0.0
210
0.0
220
0.0
230
1.0
  2
b
 70
0
 71
1
 91
1
 92
1
 93
4
 72
1
 10
49.9688320205
 20
110.181996874
 11
34.1862981885
 21
110.181996874
 72
1
 10
34.1862981885
 20
110.181996874
 11
35.6162047306
 21
119.181996874
 72
1
 10
35.6162047306
 20
119.181996874
 11
49.9688320205
 21
119.181996874
 72
1
 10
49.9688320205
 20
119.181996874
 11
49.9688320205
 21
110.181996874
 97
4
330
6CD
330
6CE
330
6CF
330
6D0
 75
0
 76
0
 52
45.0
 41
4.0
 77
0
 78
1
 53
45.0
 43
0.0
 44
0.0
 45
-2.8284271247
 46
2.8284271247
 79
0
 98
1
 10
0.0
 20
0.0
  0
LINE
  5
6D2
100
AcDbEntity
  8
0
100
AcDbLine
 62
7
  6
BYLAYER
 10
0.0
 20
0.0
 30
0.0
 11
420.0
 21
0.0
 31
0.0
  0
LINE
  5
6D3
100
AcDbEntity
  8
DEFAULT_1
100
AcDbLine
 62
7
  6
BYLAYER
 10
69.6188320205
 20
62.3863421683
 30
0.0
 11
69.6188320205
 21
54.8816191017
 31
0.0
  0
LINE
  5
6D4
100
AcDbEntity
  8
DEFAULT_1
100
AcDbLine
 62
7
  6
BYLAYER
 10
73.4288320205
 20
69.991128209
 30
0.0
 11
73.4288320205
 21
62.5864681167
 31
0.0
  0
LINE
  5
6D5
100
AcDbEntity
  8
DEFAULT_1
100
AcDbLine
 62
7
  6
BYLAYER
 10
77.2388320205
 20
62.5864681167
 30
0.0
 11
77.2388320205
 21
54.6814931533
 31
0.0
  0
LINE
  5
6D6
100
AcDbEntity
  8
DEFAULT_1
100
AcDbLine
 62
7
  6
BYLAYER
 10
67.7288320205
 20
76.1950326107
 30
0.0
 11
67.721419261
 21
66.351996874
 31
0.0
  0
LINE
  5
6D7
100
AcDbEntity
  8
0
100
AcDbLine
 62
7
  6
BYLAYER
 10
12.5
 20
10.0
 30
0.0
 11
410.0
 21
10.0
 31
0.0
  0
LINE
  5
6D8
100
AcDbEntity
  8
DEFAULT_1
100
AcDbLine
 62
7
  6
BYLAYER
 10
82.9519475935
 20
122.3848626227
 30
0.0
 11
82.9688320205
 21
46.5126514784
 31
0.0
  0
LINE
  5
6D9
100
AcDbEntity
  8
DEFAULT_1
100
AcDbLine
 62
7
  6
BYLAYER
 10
81.0488320205
 20
69.991128209
 30
0.0
 11
81.0488320205
 21
62.9867200136
 31
0.0
  0
LINE
  5
6DA
100
AcDbEntity
  8
DEFAULT_1
100
AcDbLine
 62
7
  6
BYLAYER
 10
84.8588320205
 20
62.5864681167
 30
0.0
 11
84.8588320205
 21
54.4813672048
 31
0.0
  0
LINE
  5
6DB
100
AcDbEntity
  8
DEFAULT_1
100
AcDbLine
 62
7
  6
BYLAYER
 10
88.6688320205
 20
70.0911911832
 30
0.0
 11
88.6688320205
 21
62.6865310909
 31
0.0
  0
LINE
  5
6DC
100
AcDbEntity
  8
DEFAULT_1
100
AcDbLine
 62
7
  6
BYLAYER
 10
92.4788320205
 20
62.3863421683
 30
0.0
 11
92.4788320205
 21
54.581430179
 31
0.0
  0
LINE
  5
6DD
100
AcDbEntity
  8
DEFAULT_1
100
AcDbLine
 62
7
  6
BYLAYER
 10
96.2888320205
 20
70.0911911832
 30
0.0
 11
96.2888320205
 21
62.6865310909
 31
0.0
  0
LINE
  5
6DE
100
AcDbEntity
  8
DEFAULT_1
100
AcDbLine
 62
7
  6
BYLAYER
 10
98.2088320205
 20
103.1119726761
 30
0.0
 11
98.2088320205
 21
94.5065568931
 31
0.0
  0
LINE
  5
6DF
100
AcDbEntity
  8
DEFAULT_1
100
AcDbLine
 62
7
  6
BYLAYER
 10
102.7538320205
 20
74.0937101521
 30
0.0
 11
102.7538320205
 21
64.7878535495
 31
0.0
  0
LINE
  5
6E0
100
AcDbEntity
  8
0
100
AcDbLine
 62
7
  6
BYLAYER
 10
115.9688320205
 20
119.181996874
 30
0.0
 11
115.9688320205
 21
110.181996874
 31
0.0
  0
LINE
  5
6E1
100
AcDbEntity
  8
0
100
AcDbLine
 62
7
  6
BYLAYER
 10
133.1225104333
 20
119.181996874
 30
0.0
 11
136.4062942171
 21
110.181996874
 31
0.0
  0
LINE
  5
6E2
100
AcDbEntity
  8
0
100
AcDbLine
 62
7
  6
BYLAYER
 10
115.9688320205
 20
110.181996874
 30
0.0
 11
136.4062942171
 21
110.181996874
 31
0.0
  0
LINE
  5
6E3
100
AcDbEntity
  8
0
100
AcDbLine
 62
7
  6
BYLAYER
 10
133.1225104333
 20
119.181996874
 30
0.0
 11
115.9688320205
 21
119.181996874
 31
0.0
  0
HATCH
  5
6E4
100
AcDbEntity
  8
0
100
AcDbHatch
 62
7
  6
BYLAYER
 10
0.0
 20
0.0
 30
0.0
210
0.0
220
0.0
230
1.0
  2
a
 70
0
 71
1
 91
1
 92
1
 93
4
 72
1
 10
115.9688320205
 20
110.181996874
 11
136.4062942171
 21
110.181996874
 72
1
 10
136.4062942171
 20
110.181996874
 11
133.1225104333
 21
119.181996874
 72
1
 10
133.1225104333
 20
119.181996874
 11
115.9688320205
 21
119.181996874
 72
1
 10
115.9688320205
 20
119.181996874
 11
115.9688320205
 21
110.181996874
 97
4
330
6E0
330
6E1
330
6E2
330
6E3
 75
0
 76
0
 52
45.0
 41
4.0
 77
0
 78
1
 53
45.0
 43
0.0
 44
0.0
 45
-2.8284271247
 46
2.8284271247
 79
0
 98
1
 10
0.0
 20
0.0
  0
LINE
  5
6E5
100
AcDbEntity
  8
DEFAULT_1
100
AcDbLine
 62
7
  6
BYLAYER
 10
66.9209154672
 20
58.731996874
 30
0.0
 11
95.9391779912
 21
58.731996874
 31
0.0
  0
LINE
  5
6E6
100
AcDbEntity
  8
DEFAULT_1
100
AcDbLine
 62
7
  6
BYLAYER
 10
198.7005044913
 20
61.2523878692
 30
0.0
 11
213.2471146829
 21
61.2523878692
 31
0.0
  0
LINE
  5
6E7
100
AcDbEntity
  8
DEFAULT_1
100
AcDbLine
 62
7
  6
BYLAYER
 10
98.4407523467
 20
66.351996874
 30
0.0
 11
70.3230565907
 21
66.351996874
 31
0.0
  0
LINE
  5
6E8
100
AcDbEntity
  8
DEFAULT_1
100
AcDbLine
 62
7
  6
BYLAYER
 10
107.5464830008
 20
70.161996874
 30
0.0
 11
97.4401226045
 21
70.161996874
 31
0.0
  0
LINE
  5
6E9
100
AcDbEntity
  8
DEFAULT_1
100
AcDbLine
 62
7
  6
BYLAYER
 10
72.2242531009
 20
72.081996874
 30
0.0
 11
63.218585421
 21
72.081996874
 31
0.0
  0
LINE
  5
6EA
100
AcDbEntity
  8
DEFAULT_1
100
AcDbLine
 62
7
  6
BYLAYER
 10
274.7776037694
 20
90.9523878692
 30
0.0
 11
244.0348074692
 21
90.9523878692
 31
0.0
  0
LINE
  5
6EB
100
AcDbEntity
  8
DEFAULT_1
100
AcDbLine
 62
7
  6
BYLAYER
 10
223.7787686841
 20
90.9523878692
 30
0.0
 11
197.1956827473
 21
90.9523878692
 31
0.0
  0
LINE
  5
6EC
100
AcDbEntity
  8
DEFAULT_1
100
AcDbLine
 62
7
  6
BYLAYER
 10
94.4382333779
 20
98.751996874
 30
0.0
 11
101.9429564444
 21
98.751996874
 31
0.0
  0
LINE
  5
6ED
100
AcDbEntity
  8
0
100
AcDbLine
 62
7
  6
BYLAYER
 10
49.9688320205
 20
110.181996874
 30
0.0
 11
115.9688320205
 21
110.181996874
 31
0.0
  0
LINE
  5
6EE
100
AcDbEntity
  8
0
100
AcDbLine
 62
7
  6
BYLAYER
 10
115.9688320205
 20
119.181996874
 30
0.0
 11
49.9688320205
 21
119.181996874
 31
0.0
  0
LINE
  5
6EF
100
AcDbEntity
  8
DEFAULT_1
100
AcDbLine
 62
7
  6
BYLAYER
 10
271.6978666922
 20
120.6523878692
 30
0.0
 11
259.5628594585
 21
120.6523878692
 31
0.0
  0
LINE
  5
6F0
100
AcDbEntity
  8
DEFAULT_1
100
AcDbLine
 62
7
  6
BYLAYER
 10
206.2377280875
 20
67.2732867147
 30
0.0
 11
206.2377280875
 21
55.2192356234
 31
0.0
  0
LINE
  5
6F1
100
AcDbEntity
  8
0
100
AcDbLine
 62
7
  6
BYLAYER
 10
230.0
 20
0.0
 30
0.0
 11
230.0
 21
8.0
 31
0.0
  0
LINE
  5
6F2
100
AcDbEntity
  8
DEFAULT_1
100
AcDbLine
 62
7
  6
BYLAYER
 10
235.9377280875
 20
131.2843471713
 30
0.0
 11
235.9377280875
 21
51.3615923253
 31
0.0
  0
LINE
  5
6F3
100
AcDbEntity
  8
DEFAULT_1
100
AcDbLine
 62
7
  6
BYLAYER
 10
265.6377280875
 20
126.4372227499
 30
0.0
 11
265.6377280875
 21
114.0003496646
 31
0.0
  0
LINE
  5
6F4
100
AcDbEntity
  8
0
100
AcDbLine
 62
7
  6
BYLAYER
 10
410.0
 20
287.0
 30
0.0
 11
12.5
 21
287.0
 31
0.0
  0
LINE
  5
6F5
100
AcDbEntity
  8
0
100
AcDbLine
 62
7
  6
BYLAYER
 10
0.0
 20
297.0
 30
0.0
 11
420.0
 21
297.0
 31
0.0
  0
LINE
  5
6F6
100
AcDbEntity
  8
0
100
AcDbLine
 62
7
  6
BYLAYER
 10
410.0
 20
10.0
 30
0.0
 11
410.0
 21
287.0
 31
0.0
  0
LINE
  5
6F7
100
AcDbEntity
  8
0
100
AcDbLine
 62
7
  6
BYLAYER
 10
420.0
 20
0.0
 30
0.0
 11
420.0
 21
297.0
 31
0.0
  0
LINE
  5
6F8
100
AcDbEntity
  8
FASEN
100
AcDbLine
 62
7
  6
BYLAYER
 10
99.6708489354
 20
176.1412947201
 30
0.0
 11
96.3708489354
 21
176.1412947201
 31
0.0
  0
LINE
  5
6F9
100
AcDbEntity
  8
FASEN
100
AcDbLine
 62
7
  6
BYLAYER
 10
69.1908489354
 20
176.1412947201
 30
0.0
 11
65.8908489354
 21
176.1412947201
 31
0.0
  0
LINE
  5
6FA
100
AcDbEntity
  8
FASEN
100
AcDbLine
 62
7
  6
BYLAYER
 10
100.2708489354
 20
176.7412947201
 30
0.0
 11
95.7708489354
 21
176.7412947201
 31
0.0
  0
LINE
  5
6FB
100
AcDbEntity
  8
FASEN
100
AcDbLine
 62
7
  6
BYLAYER
 10
69.7908489354
 20
176.7412947201
 30
0.0
 11
65.2908489354
 21
176.7412947201
 31
0.0
  0
LINE
  5
6FC
100
AcDbEntity
  8
FASEN
100
AcDbLine
 62
7
  6
BYLAYER
 10
65.2908489354
 20
176.7412947201
 30
0.0
 11
65.8908489354
 21
176.1412947201
 31
0.0
  0
LINE
  5
6FD
100
AcDbEntity
  8
0
100
AcDbLine
 62
7
  6
BYLAYER
 10
76.7705021217
 20
257.9301786697
 30
0.0
 11
76.5837731363
 21
257.8277876701
 31
0.0
  0
LINE
  5
6FE
100
AcDbEntity
  8
0
100
AcDbLine
 62
7
  6
BYLAYER
 10
75.806134632
 20
256.6663487112
 30
0.0
 11
75.4444968665
 21
256.5514551079
 31
0.0
  0
LINE
  5
6FF
100
AcDbEntity
  8
0
100
AcDbLine
 62
7
  6
BYLAYER
 10
75.4770635967
 20
256.3413928465
 30
0.0
 11
75.9159585079
 21
256.4808313195
 31
0.0
  0
LINE
  5
700
100
AcDbEntity
  8
0
100
AcDbLine
 62
7
  6
BYLAYER
 10
85.0556039983
 20
258.3700281378
 30
0.0
 11
84.636914338
 21
258.2370089448
 31
0.0
  0
LINE
  5
701
100
AcDbEntity
  8
0
100
AcDbLine
 62
7
  6
BYLAYER
 10
84.726532963
 20
258.045072273
 30
0.0
 11
85.0881707286
 21
258.1599658763
 31
0.0
  0
LINE
  5
702
100
AcDbEntity
  8
BEZUGSACHSEN
100
AcDbLine
 62
7
  6
BYLAYER
 10
65.0808489354
 20
180.6412947201
 30
0.0
 11
112.4808489354
 21
180.6412947201
 31
0.0
  0
LINE
  5
703
100
AcDbEntity
  8
0
100
AcDbLine
 62
7
  6
BYLAYER
 10
55.7808489354
 20
181.6912947201
 30
0.0
 11
116.3894932017
 21
181.6912947201
 31
0.0
  0
LINE
  5
704
100
AcDbEntity
  8
0
100
AcDbLine
 62
7
  6
BYLAYER
 10
48.2808489354
 20
236.5364285112
 30
0.0
 11
48.2808489354
 21
203.4443562634
 31
0.0
  0
LINE
  5
705
100
AcDbEntity
  8
0
100
AcDbLine
 62
7
  6
BYLAYER
 10
73.1541244665
 20
256.5514551079
 30
0.0
 11
72.944062205
 21
256.3413928465
 31
0.0
  0
LINE
  5
706
100
AcDbEntity
  8
0
100
AcDbLine
 62
7
  6
BYLAYER
 10
84.8790345104
 20
264.7492069009
 30
0.0
 11
84.7389086565
 21
264.6473995088
 31
0.0
  0
LINE
  5
707
100
AcDbEntity
  8
0
100
AcDbLine
 62
7
  6
BYLAYER
 10
81.1328813179
 20
262.0274672902
 30
0.0
 11
80.9927554641
 21
261.9256598981
 31
0.0
  0
LINE
  5
708
100
AcDbEntity
  8
0
100
AcDbLine
 62
7
  6
BYLAYER
 10
80.6826633605
 20
261.7003647973
 30
0.0
 11
80.8227892144
 21
261.8021721894
 31
0.0
  0
LINE
  5
709
100
AcDbEntity
  8
0
100
AcDbLine
 62
7
  6
BYLAYER
 10
84.428816553
 20
264.422104408
 30
0.0
 11
84.5689424068
 21
264.5239118001
 31
0.0
  0
LINE
  5
70A
100
AcDbEntity
  8
0
100
AcDbLine
 62
7
  6
BYLAYER
 10
76.2623202993
 20
256.4751264792
 30
0.0
 11
75.8420423021
 21
256.1746978276
 31
0.0
  0
LINE
  5
70B
100
AcDbEntity
  8
0
100
AcDbLine
 62
7
  6
BYLAYER
 10
75.9266807837
 20
255.9769870913
 30
0.0
 11
76.4088643561
 21
256.3216679013
 31
0.0
  0
LINE
  5
70C
100
AcDbEntity
  8
0
100
AcDbLine
 62
7
  6
BYLAYER
 10
76.0472265906
 20
257.9301786697
 30
0.0
 11
76.2288001772
 21
258.0473106798
 31
0.0
  0
LINE
  5
70D
100
AcDbEntity
  8
0
100
AcDbLine
 62
7
  6
BYLAYER
 10
84.6059875011
 20
258.734433893
 30
0.0
 11
84.123802894
 21
258.5046466863
 31
0.0
  0
LINE
  5
70E
100
AcDbEntity
  8
0
100
AcDbLine
 62
7
  6
BYLAYER
 10
84.2444514672
 20
258.3294463909
 30
0.0
 11
84.676295235
 21
258.535243448
 31
0.0
  0
LINE
  5
70F
100
AcDbEntity
  8
0
100
AcDbLine
 62
7
  6
BYLAYER
 10
78.699237101
 20
254.8280508971
 30
0.0
 11
78.5055773241
 21
254.7384260971
 31
0.0
  0
LINE
  5
710
100
AcDbEntity
  8
0
100
AcDbLine
 62
7
  6
BYLAYER
 10
83.279981901
 20
254.4833700871
 30
0.0
 11
83.4749705967
 21
254.5679284702
 31
0.0
  0
LINE
  5
711
100
AcDbEntity
  8
0
100
AcDbLine
 62
7
  6
BYLAYER
 10
77.9759612251
 20
254.7131572938
 30
0.0
 11
78.1755482198
 21
254.7848799976
 31
0.0
  0
LINE
  5
712
100
AcDbEntity
  8
0
100
AcDbLine
 62
7
  6
BYLAYER
 10
86.8963595562
 20
255.1727317071
 30
0.0
 11
87.1064218176
 21
255.2389065402
 31
0.0
  0
LINE
  5
713
100
AcDbEntity
  8
0
100
AcDbLine
 62
7
  6
BYLAYER
 10
107.5308489354
 20
183.1162947201
 30
0.0
 11
109.3308489354
 21
183.1162947201
 31
0.0
  0
LINE
  5
714
100
AcDbEntity
  8
BEZUGSACHSEN
100
AcDbLine
 62
7
  6
BYLAYER
 10
53.0808489354
 20
247.8412947201
 30
0.0
 11
53.0808489354
 21
240.3412947201
 31
0.0
  0
LINE
  5
715
100
AcDbEntity
  8
BEZUGSACHSEN
100
AcDbLine
 62
7
  6
BYLAYER
 10
53.0808489354
 20
247.8412947201
 30
0.0
 11
53.0808489354
 21
255.3412947201
 31
0.0
  0
LINE
  5
716
100
AcDbEntity
  8
0
100
AcDbLine
 62
7
  6
BYLAYER
 10
81.0713235857
 20
264.8107646331
 30
0.0
 11
80.9695161936
 21
264.6706387793
 31
0.0
  0
LINE
  5
717
100
AcDbEntity
  8
0
100
AcDbLine
 62
7
  6
BYLAYER
 10
76.5837731363
 20
256.8836333142
 30
0.0
 11
76.2623202993
 21
256.4751264792
 31
0.0
  0
LINE
  5
718
100
AcDbEntity
  8
0
100
AcDbLine
 62
7
  6
BYLAYER
 10
76.4088643561
 20
258.389753083
 30
0.0
 11
76.2623202993
 21
258.236294505
 31
0.0
  0
LINE
  5
719
100
AcDbEntity
  8
0
100
AcDbLine
 62
7
  6
BYLAYER
 10
72.4308489354
 20
253.4493274963
 30
0.0
 11
72.6409111969
 21
253.6593897577
 31
0.0
  0
LINE
  5
71A
100
AcDbEntity
  8
0
100
AcDbLine
 62
7
  6
BYLAYER
 10
78.5786909492
 20
258.8493274963
 30
0.0
 11
78.3686286878
 21
258.6392652348
 31
0.0
  0
LINE
  5
71B
100
AcDbEntity
  8
0
100
AcDbLine
 62
7
  6
BYLAYER
 10
82.1950686044
 20
258.8493274963
 30
0.0
 11
81.985006343
 21
258.6392652348
 31
0.0
  0
LINE
  5
71C
100
AcDbEntity
  8
0
100
AcDbLine
 62
7
  6
BYLAYER
 10
76.0472265906
 20
256.8961359179
 30
0.0
 11
75.806134632
 21
256.6663487112
 31
0.0
  0
LINE
  5
71D
100
AcDbEntity
  8
0
100
AcDbLine
 62
7
  6
BYLAYER
 10
75.9159585079
 20
256.4808313195
 30
0.0
 11
76.2288001772
 21
256.7790039078
 31
0.0
  0
LINE
  5
71E
100
AcDbEntity
  8
0
100
AcDbLine
 62
7
  6
BYLAYER
 10
84.3648951975
 20
256.8961359179
 30
0.0
 11
84.1906849929
 21
256.7579493371
 31
0.0
  0
LINE
  5
71F
100
AcDbEntity
  8
0
100
AcDbLine
 62
7
  6
BYLAYER
 10
78.2170531837
 20
254.2535828
 30
0.0
 11
78.3870103088
 21
254.3817865761
 31
0.0
  0
LINE
  5
720
100
AcDbEntity
  8
0
100
AcDbLine
 62
7
  6
BYLAYER
 10
86.4141763286
 20
257.8152850664
 30
0.0
 11
86.584133548
 21
257.9434887888
 31
0.0
  0
LINE
  5
721
100
AcDbEntity
  8
RUNDUNGEN
100
AcDbLine
 62
7
  6
BYLAYER
 10
66.3558489354
 20
246.5902292344
 30
0.0
 11
62.9860524355
 21
244.3574830686
 31
0.0
  0
LINE
  5
722
100
AcDbEntity
  8
0
100
AcDbLine
 62
7
  6
BYLAYER
 10
84.003257432
 20
254.5982636905
 30
0.0
 11
83.8216839041
 21
254.4811316492
 31
0.0
  0
LINE
  5
723
100
AcDbEntity
  8
0
100
AcDbLine
 62
7
  6
BYLAYER
 10
84.636914338
 20
258.2370089448
 30
0.0
 11
84.190684964
 21
257.9534716288
 31
0.0
  0
LINE
  5
724
100
AcDbEntity
  8
0
100
AcDbLine
 62
7
  6
BYLAYER
 10
84.3648951975
 20
257.8152850664
 30
0.0
 11
84.726532963
 21
258.045072273
 31
0.0
  0
LINE
  5
725
100
AcDbEntity
  8
0
100
AcDbLine
 62
7
  6
BYLAYER
 10
81.1101553079
 20
254.4833700871
 30
0.0
 11
80.7485175424
 21
254.2535828
 31
0.0
  0
LINE
  5
726
100
AcDbEntity
  8
0
100
AcDbLine
 62
7
  6
BYLAYER
 10
80.831457183
 20
254.0574022475
 30
0.0
 11
81.2582338329
 21
254.3285792593
 31
0.0
  0
LINE
  5
727
100
AcDbEntity
  8
0
100
AcDbLine
 62
7
  6
BYLAYER
 10
83.6416196665
 20
256.6663487112
 30
0.0
 11
83.8296880262
 21
256.777290428
 31
0.0
  0
LINE
  5
728
100
AcDbEntity
  8
0
100
AcDbLine
 62
7
  6
BYLAYER
 10
87.1374518597
 20
257.9301786697
 30
0.0
 11
86.9507228148
 21
257.8277877457
 31
0.0
  0
LINE
  5
729
100
AcDbEntity
  8
0
100
AcDbLine
 62
7
  6
BYLAYER
 10
81.2305983231
 20
253.9692085866
 30
0.0
 11
80.8031346752
 21
253.7654982854
 31
0.0
  0
LINE
  5
72A
100
AcDbEntity
  8
0
100
AcDbLine
 62
7
  6
BYLAYER
 10
80.8690636941
 20
253.5642211097
 30
0.0
 11
81.3512469216
 21
253.7940083465
 31
0.0
  0
LINE
  5
72B
100
AcDbEntity
  8
0
100
AcDbLine
 62
7
  6
BYLAYER
 10
86.7757108881
 20
253.9692085535
 30
0.0
 11
86.3482473097
 21
253.7654982854
 31
0.0
  0
LINE
  5
72C
100
AcDbEntity
  8
0
100
AcDbLine
 62
7
  6
BYLAYER
 10
86.4141763286
 20
253.5642211097
 30
0.0
 11
86.8963595562
 21
253.7940083465
 31
0.0
  0
LINE
  5
72D
100
AcDbEntity
  8
BEZUGSACHSEN
100
AcDbLine
 62
7
  6
BYLAYER
 10
112.4808489354
 20
188.4412947201
 30
0.0
 11
104.9808489354
 21
188.4412947201
 31
0.0
  0
LINE
  5
72E
100
AcDbEntity
  8
BEZUGSACHSEN
100
AcDbLine
 62
7
  6
BYLAYER
 10
112.4808489354
 20
188.4412947201
 30
0.0
 11
119.9808489354
 21
188.4412947201
 31
0.0
  0
LINE
  5
72F
100
AcDbEntity
  8
0
100
AcDbLine
 62
7
  6
BYLAYER
 10
55.7808489354
 20
192.1172673607
 30
0.0
 11
55.7808489354
 21
181.6912947201
 31
0.0
  0
LINE
  5
730
100
AcDbEntity
  8
0
100
AcDbLine
 62
7
  6
BYLAYER
 10
57.4000401042
 20
215.1412947201
 30
0.0
 11
57.4000401042
 21
221.1412947201
 31
0.0
  0
LINE
  5
731
100
AcDbEntity
  8
0
100
AcDbLine
 62
7
  6
BYLAYER
 10
57.5886688459
 20
215.1412947201
 30
0.0
 11
57.5886688459
 21
208.322331176
 31
0.0
  0
LINE
  5
732
100
AcDbEntity
  8
0
100
AcDbLine
 62
7
  6
BYLAYER
 10
58.3000401042
 20
215.1412947201
 30
0.0
 11
58.3000401042
 21
209.0061687378
 31
0.0
  0
LINE
  5
733
100
AcDbEntity
  8
0
100
AcDbLine
 62
7
  6
BYLAYER
 10
75.806134632
 20
258.1599658763
 30
0.0
 11
75.9159585079
 21
258.3454832681
 31
0.0
  0
LINE
  5
734
100
AcDbEntity
  8
0
100
AcDbLine
 62
7
  6
BYLAYER
 10
82.0057382142
 20
264.1318726667
 30
0.0
 11
81.9039308221
 21
263.9917468129
 31
0.0
  0
LINE
  5
735
100
AcDbEntity
  8
0
100
AcDbLine
 62
7
  6
BYLAYER
 10
81.6786357213
 20
263.6816547094
 30
0.0
 11
81.7804431134
 21
263.8217805632
 31
0.0
  0
LINE
  5
736
100
AcDbEntity
  8
0
100
AcDbLine
 62
7
  6
BYLAYER
 10
83.8830621496
 20
262.7679169888
 30
0.0
 11
83.7812547575
 21
262.627791135
 31
0.0
  0
LINE
  5
737
100
AcDbEntity
  8
0
100
AcDbLine
 62
7
  6
BYLAYER
 10
83.5559596567
 20
262.3176990314
 30
0.0
 11
83.6577670488
 21
262.4578248853
 31
0.0
  0
LINE
  5
738
100
AcDbEntity
  8
0
100
AcDbLine
 62
7
  6
BYLAYER
 10
76.4088643561
 20
256.3216679013
 30
0.0
 11
76.7705021217
 21
256.7812423146
 31
0.0
  0
LINE
  5
739
100
AcDbEntity
  8
0
100
AcDbLine
 62
7
  6
BYLAYER
 10
86.7758140942
 20
258.389753083
 30
0.0
 11
86.6292701046
 21
258.2362944195
 31
0.0
  0
LINE
  5
73A
100
AcDbEntity
  8
0
100
AcDbLine
 62
7
  6
BYLAYER
 10
78.9403287148
 20
254.4833700871
 30
0.0
 11
78.7922501897
 21
254.3285792593
 31
0.0
  0
LINE
  5
73B
100
AcDbEntity
  8
0
100
AcDbLine
 62
7
  6
BYLAYER
 10
84.123802894
 20
258.5046466863
 30
0.0
 11
83.6416196665
 21
258.045072273
 31
0.0
  0
LINE
  5
73C
100
AcDbEntity
  8
0
100
AcDbLine
 62
7
  6
BYLAYER
 10
83.8296880262
 20
257.9341305563
 30
0.0
 11
84.2444514672
 21
258.3294463909
 31
0.0
  0
LINE
  5
73D
100
AcDbEntity
  8
0
100
AcDbLine
 62
7
  6
BYLAYER
 10
81.6634736679
 20
254.3817865323
 30
0.0
 11
81.2305983231
 21
253.9692085866
 31
0.0
  0
LINE
  5
73E
100
AcDbEntity
  8
0
100
AcDbLine
 62
7
  6
BYLAYER
 10
81.3512469216
 20
253.7940083465
 30
0.0
 11
81.8334308389
 21
254.2535828
 31
0.0
  0
LINE
  5
73F
100
AcDbEntity
  8
0
100
AcDbLine
 62
7
  6
BYLAYER
 10
87.3785427837
 20
255.7471998846
 30
0.0
 11
87.2085856653
 21
255.6189961342
 31
0.0
  0
LINE
  5
740
100
AcDbEntity
  8
0
100
AcDbLine
 62
7
  6
BYLAYER
 10
86.6552672526
 20
254.4833700871
 30
0.0
 11
86.2936294871
 21
254.2535828
 31
0.0
  0
LINE
  5
741
100
AcDbEntity
  8
0
100
AcDbLine
 62
7
  6
BYLAYER
 10
86.3765691572
 20
254.0574022662
 30
0.0
 11
86.8033456538
 21
254.3285791805
 31
0.0
  0
LINE
  5
742
100
AcDbEntity
  8
0
100
AcDbLine
 62
7
  6
BYLAYER
 10
109.3308489354
 20
193.7662947201
 30
0.0
 11
107.5308489354
 21
193.7662947201
 31
0.0
  0
LINE
  5
743
100
AcDbEntity
  8
0
100
AcDbLine
 62
7
  6
BYLAYER
 10
57.5886688459
 20
208.322331176
 30
0.0
 11
58.4028232124
 21
207.2802611073
 31
0.0
  0
LINE
  5
744
100
AcDbEntity
  8
FASEN
100
AcDbLine
 62
7
  6
BYLAYER
 10
58.416209386
 20
207.2907195323
 30
0.0
 11
66.3477839927
 21
197.1387669844
 31
0.0
  0
LINE
  5
745
100
AcDbEntity
  8
FASEN
100
AcDbLine
 62
7
  6
BYLAYER
 10
58.7574280515
 20
207.5573087712
 30
0.0
 11
66.4224134193
 21
197.7465748888
 31
0.0
  0
LINE
  5
746
100
AcDbEntity
  8
0
100
AcDbLine
 62
7
  6
BYLAYER
 10
66.5214439519
 20
197.8634619741
 30
0.0
 11
58.6816207477
 21
207.8979780822
 31
0.0
  0
LINE
  5
747
100
AcDbEntity
  8
0
100
AcDbLine
 62
7
  6
BYLAYER
 10
59.2726288129
 20
208.3597241887
 30
0.0
 11
67.1124520171
 21
198.3252080806
 31
0.0
  0
LINE
  5
748
100
AcDbEntity
  8
FASEN
100
AcDbLine
 62
7
  6
BYLAYER
 10
67.3982123365
 20
197.959451551
 30
0.0
 11
67.1124520171
 21
198.3252080806
 31
0.0
  0
LINE
  5
749
100
AcDbEntity
  8
0
100
AcDbLine
 62
7
  6
BYLAYER
 10
59.0500401042
 20
215.1412947201
 30
0.0
 11
59.0500401042
 21
209.0061687378
 31
0.0
  0
LINE
  5
74A
100
AcDbEntity
  8
0
100
AcDbLine
 62
7
  6
BYLAYER
 10
59.0808489354
 20
209.5998699172
 30
0.0
 11
59.0808489354
 21
215.1412947201
 31
0.0
  0
LINE
  5
74B
100
AcDbEntity
  8
0
100
AcDbLine
 62
7
  6
BYLAYER
 10
59.0808489354
 20
221.1412947201
 30
0.0
 11
59.0808489354
 21
221.7412947201
 31
0.0
  0
LINE
  5
74C
100
AcDbEntity
  8
0
100
AcDbLine
 62
7
  6
BYLAYER
 10
59.0855891748
 20
221.1412947201
 30
0.0
 11
59.0855891748
 21
215.1412947201
 31
0.0
  0
LINE
  5
74D
100
AcDbEntity
  8
0
100
AcDbLine
 62
7
  6
BYLAYER
 10
60.5950401042
 20
222.981487099
 30
0.0
 11
60.5950401042
 21
213.3011023412
 31
0.0
  0
LINE
  5
74E
100
AcDbEntity
  8
0
100
AcDbLine
 62
7
  6
BYLAYER
 10
61.7808489354
 20
181.6912947201
 30
0.0
 11
61.7808489354
 21
171.4912947201
 31
0.0
  0
LINE
  5
74F
100
AcDbEntity
  8
0
100
AcDbLine
 62
7
  6
BYLAYER
 10
62.3950401042
 20
223.2412947201
 30
0.0
 11
62.3950401042
 21
213.0412947201
 31
0.0
  0
LINE
  5
750
100
AcDbEntity
  8
0
100
AcDbLine
 62
7
  6
BYLAYER
 10
75.9266807837
 20
258.734433893
 30
0.0
 11
75.8420423021
 21
258.5367231566
 31
0.0
  0
LINE
  5
751
100
AcDbEntity
  8
0
100
AcDbLine
 62
7
  6
BYLAYER
 10
60.7450401042
 20
223.2412947201
 30
0.0
 11
59.8790147004
 21
221.7412947201
 31
0.0
  0
LINE
  5
752
100
AcDbEntity
  8
0
100
AcDbLine
 62
7
  6
BYLAYER
 10
84.1562359664
 20
265.4235474926
 30
0.0
 11
84.064381707
 21
265.2767047365
 31
0.0
  0
LINE
  5
753
100
AcDbEntity
  8
0
100
AcDbLine
 62
7
  6
BYLAYER
 10
83.8611124334
 20
264.9517484355
 30
0.0
 11
83.9529666928
 21
265.0985911917
 31
0.0
  0
LINE
  5
754
100
AcDbEntity
  8
0
100
AcDbLine
 62
7
  6
BYLAYER
 10
78.699237101
 20
253.7940083465
 30
0.0
 11
78.8198856996
 21
253.9692085866
 31
0.0
  0
LINE
  5
755
100
AcDbEntity
  8
0
100
AcDbLine
 62
7
  6
BYLAYER
 10
84.123802894
 20
256.2067742979
 30
0.0
 11
84.2444514672
 21
256.3819745933
 31
0.0
  0
LINE
  5
756
100
AcDbEntity
  8
0
100
AcDbLine
 62
7
  6
BYLAYER
 10
81.3512469216
 20
254.8280508971
 30
0.0
 11
81.1101553079
 21
254.4833700871
 31
0.0
  0
LINE
  5
757
100
AcDbEntity
  8
0
100
AcDbLine
 62
7
  6
BYLAYER
 10
81.2582338329
 20
254.3285792593
 30
0.0
 11
81.5449066985
 21
254.7384260971
 31
0.0
  0
LINE
  5
758
100
AcDbEntity
  8
0
100
AcDbLine
 62
7
  6
BYLAYER
 10
84.4903742852
 20
261.638807065
 30
0.0
 11
84.5921816773
 21
261.7789329189
 31
0.0
  0
LINE
  5
759
100
AcDbEntity
  8
0
100
AcDbLine
 62
7
  6
BYLAYER
 10
86.6552672526
 20
255.517412678
 30
0.0
 11
86.8033456641
 21
255.6722035859
 31
0.0
  0
LINE
  5
75A
100
AcDbEntity
  8
0
100
AcDbLine
 62
7
  6
BYLAYER
 10
83.6416196665
 20
253.9089019498
 30
0.0
 11
83.7914412347
 21
254.0652091326
 31
0.0
  0
LINE
  5
75B
100
AcDbEntity
  8
0
100
AcDbLine
 62
7
  6
BYLAYER
 10
89.3072784528
 20
258.8493274963
 30
0.0
 11
89.0972161913
 21
258.6392652348
 31
0.0
  0
LINE
  5
75C
100
AcDbEntity
  8
0
100
AcDbLine
 62
7
  6
BYLAYER
 10
89.3072784528
 20
256.6663487112
 30
0.0
 11
89.0972161913
 21
256.4562864498
 31
0.0
  0
LINE
  5
75D
100
AcDbEntity
  8
0
100
AcDbLine
 62
7
  6
BYLAYER
 10
93.4058393355
 20
258.8493274963
 30
0.0
 11
93.195777074
 21
258.6392652348
 31
0.0
  0
LINE
  5
75E
100
AcDbEntity
  8
0
100
AcDbLine
 62
7
  6
BYLAYER
 10
88.5840029217
 20
253.4493274963
 30
0.0
 11
88.7940651832
 21
253.6593897577
 31
0.0
  0
LINE
  5
75F
100
AcDbEntity
  8
0
100
AcDbLine
 62
7
  6
BYLAYER
 10
87.2085856687
 20
254.3817865516
 30
0.0
 11
86.7757108881
 21
253.9692085535
 31
0.0
  0
LINE
  5
760
100
AcDbEntity
  8
0
100
AcDbLine
 62
7
  6
BYLAYER
 10
86.8963595562
 20
253.7940083465
 30
0.0
 11
87.3785427837
 21
254.2535828
 31
0.0
  0
LINE
  5
761
100
AcDbEntity
  8
0
100
AcDbLine
 62
7
  6
BYLAYER
 10
69.7954611957
 20
237.9991968139
 30
0.0
 11
67.9721869659
 21
236.6793663834
 31
0.0
  0
LINE
  5
762
100
AcDbEntity
  8
RUNDUNGEN
100
AcDbLine
 62
7
  6
BYLAYER
 10
88.9308489354
 20
198.4969669541
 30
0.0
 11
76.6308489354
 21
198.4969669541
 31
0.0
  0
LINE
  5
763
100
AcDbEntity
  8
FASEN
100
AcDbLine
 62
7
  6
BYLAYER
 10
95.7708489354
 20
176.7412947201
 30
0.0
 11
96.3708489354
 21
176.1412947201
 31
0.0
  0
LINE
  5
764
100
AcDbEntity
  8
0
100
AcDbLine
 62
7
  6
BYLAYER
 10
59.8790147004
 20
214.5412947201
 30
0.0
 11
60.7450401042
 21
213.0412947201
 31
0.0
  0
LINE
  5
765
100
AcDbEntity
  8
0
100
AcDbLine
 62
7
  6
BYLAYER
 10
63.2500989354
 20
212.1412947201
 30
0.0
 11
63.2500989354
 21
224.1412947201
 31
0.0
  0
LINE
  5
766
100
AcDbEntity
  8
0
100
AcDbLine
 62
7
  6
BYLAYER
 10
64.1195935503
 20
224.0525501052
 30
0.0
 11
64.1195935503
 21
223.2412947201
 31
0.0
  0
LINE
  5
767
100
AcDbEntity
  8
0
100
AcDbLine
 62
7
  6
BYLAYER
 10
64.1195935503
 20
219.0412947201
 30
0.0
 11
64.1195935503
 21
217.2412947201
 31
0.0
  0
LINE
  5
768
100
AcDbEntity
  8
0
100
AcDbLine
 62
7
  6
BYLAYER
 10
64.1195935503
 20
213.0412947201
 30
0.0
 11
64.1195935503
 21
212.230039335
 31
0.0
  0
LINE
  5
769
100
AcDbEntity
  8
0
100
AcDbLine
 62
7
  6
BYLAYER
 10
64.1808489354
 20
200.8592869798
 30
0.0
 11
64.1808489354
 21
200.6156465929
 31
0.0
  0
LINE
  5
76A
100
AcDbEntity
  8
0
100
AcDbLine
 62
7
  6
BYLAYER
 10
64.1808489354
 20
181.6912947201
 30
0.0
 11
64.1808489354
 21
171.4912947201
 31
0.0
  0
LINE
  5
76B
100
AcDbEntity
  8
RUNDUNGEN
100
AcDbLine
 62
7
  6
BYLAYER
 10
64.2558489354
 20
206.7412947201
 30
0.0
 11
64.2558489354
 21
209.429812855
 31
0.0
  0
LINE
  5
76C
100
AcDbEntity
  8
RUNDUNGEN
100
AcDbLine
 62
7
  6
BYLAYER
 10
64.2558489354
 20
211.5527765852
 30
0.0
 11
64.2558489354
 21
212.1412947201
 31
0.0
  0
LINE
  5
76D
100
AcDbEntity
  8
RUNDUNGEN
100
AcDbLine
 62
7
  6
BYLAYER
 10
64.2558489354
 20
224.1412947201
 30
0.0
 11
64.2558489354
 21
224.729812855
 31
0.0
  0
LINE
  5
76E
100
AcDbEntity
  8
RUNDUNGEN
100
AcDbLine
 62
7
  6
BYLAYER
 10
64.2558489354
 20
226.8527765852
 30
0.0
 11
64.2558489354
 21
228.2962947201
 31
0.0
  0
LINE
  5
76F
100
AcDbEntity
  8
AUSFORMSCHRAEGEN
100
AcDbLine
 62
7
  6
BYLAYER
 10
64.3450401042
 20
223.8271035514
 30
0.0
 11
64.3450401042
 21
223.2412947201
 31
0.0
  0
LINE
  5
770
100
AcDbEntity
  8
AUSFORMSCHRAEGEN
100
AcDbLine
 62
7
  6
BYLAYER
 10
64.3450401042
 20
219.0412947201
 30
0.0
 11
64.3450401042
 21
217.2412947201
 31
0.0
  0
LINE
  5
771
100
AcDbEntity
  8
AUSFORMSCHRAEGEN
100
AcDbLine
 62
7
  6
BYLAYER
 10
64.3450401042
 20
213.0412947201
 30
0.0
 11
64.3450401042
 21
212.4554858888
 31
0.0
  0
LINE
  5
772
100
AcDbEntity
  8
RUNDUNGEN
100
AcDbLine
 62
7
  6
BYLAYER
 10
64.8558489354
 20
207.3412947201
 30
0.0
 11
64.8558489354
 21
209.2980873827
 31
0.0
  0
LINE
  5
773
100
AcDbEntity
  8
RUNDUNGEN
100
AcDbLine
 62
7
  6
BYLAYER
 10
64.8558489354
 20
211.6845020575
 30
0.0
 11
64.8558489354
 21
212.4554858888
 31
0.0
  0
LINE
  5
774
100
AcDbEntity
  8
AUSFORMSCHRAEGEN
100
AcDbLine
 62
7
  6
BYLAYER
 10
64.8558489354
 20
212.4554858888
 30
0.0
 11
64.8558489354
 21
213.0412947201
 31
0.0
  0
LINE
  5
775
100
AcDbEntity
  8
AUSFORMSCHRAEGEN
100
AcDbLine
 62
7
  6
BYLAYER
 10
64.8558489354
 20
217.2412947201
 30
0.0
 11
64.8558489354
 21
219.0412947201
 31
0.0
  0
LINE
  5
776
100
AcDbEntity
  8
AUSFORMSCHRAEGEN
100
AcDbLine
 62
7
  6
BYLAYER
 10
64.8558489354
 20
223.2412947201
 30
0.0
 11
64.8558489354
 21
223.8271035514
 31
0.0
  0
LINE
  5
777
100
AcDbEntity
  8
RUNDUNGEN
100
AcDbLine
 62
7
  6
BYLAYER
 10
64.8558489354
 20
223.8271035514
 30
0.0
 11
64.8558489354
 21
224.5980873827
 31
0.0
  0
LINE
  5
778
100
AcDbEntity
  8
RUNDUNGEN
100
AcDbLine
 62
7
  6
BYLAYER
 10
64.8558489354
 20
226.9845020575
 30
0.0
 11
64.8558489354
 21
227.6962947201
 31
0.0
  0
LINE
  5
779
100
AcDbEntity
  8
0
100
AcDbLine
 62
7
  6
BYLAYER
 10
65.0096285653
 20
223.2412947201
 30
0.0
 11
65.0096285653
 21
219.0412947201
 31
0.0
  0
LINE
  5
77A
100
AcDbEntity
  8
0
100
AcDbLine
 62
7
  6
BYLAYER
 10
65.0096285653
 20
217.2412947201
 30
0.0
 11
65.0096285653
 21
213.0412947201
 31
0.0
  0
LINE
  5
77B
100
AcDbEntity
  8
BEZUGSACHSEN
100
AcDbLine
 62
7
  6
BYLAYER
 10
65.0808489354
 20
181.6912947201
 30
0.0
 11
65.0808489354
 21
180.6412947201
 31
0.0
  0
LINE
  5
77C
100
AcDbEntity
  8
BEZUGSACHSEN
100
AcDbLine
 62
7
  6
BYLAYER
 10
65.2908489354
 20
180.6412947201
 30
0.0
 11
65.2908489354
 21
176.7412947201
 31
0.0
  0
LINE
  5
77D
100
AcDbEntity
  8
0
100
AcDbLine
 62
7
  6
BYLAYER
 10
76.1677723975
 20
257.2408167279
 30
0.0
 11
76.0472265906
 21
256.8961359179
 31
0.0
  0
LINE
  5
77E
100
AcDbEntity
  8
0
100
AcDbLine
 62
7
  6
BYLAYER
 10
76.2288001772
 20
256.7790039078
 30
0.0
 11
76.377834659
 21
257.2051433747
 31
0.0
  0
LINE
  5
77F
100
AcDbEntity
  8
0
100
AcDbLine
 62
7
  6
BYLAYER
 10
76.6809856671
 20
257.1615964777
 30
0.0
 11
76.5837731363
 21
256.8836333142
 31
0.0
  0
LINE
  5
780
100
AcDbEntity
  8
0
100
AcDbLine
 62
7
  6
BYLAYER
 10
76.7705021217
 20
256.7812423146
 30
0.0
 11
76.8910479285
 21
257.1259231245
 31
0.0
  0
LINE
  5
781
100
AcDbEntity
  8
0
100
AcDbLine
 62
7
  6
BYLAYER
 10
79.3019664803
 20
254.2535828
 30
0.0
 11
79.2190268396
 21
254.0574022475
 31
0.0
  0
LINE
  5
782
100
AcDbEntity
  8
0
100
AcDbLine
 62
7
  6
BYLAYER
 10
81.8749354736
 20
254.7848799905
 30
0.0
 11
81.6634736679
 21
254.3817865323
 31
0.0
  0
LINE
  5
783
100
AcDbEntity
  8
0
100
AcDbLine
 62
7
  6
BYLAYER
 10
81.8334308389
 20
254.2535828
 30
0.0
 11
82.0745224527
 21
254.7131572938
 31
0.0
  0
LINE
  5
784
100
AcDbEntity
  8
0
100
AcDbLine
 62
7
  6
BYLAYER
 10
86.1730840251
 20
258.045072273
 30
0.0
 11
86.2829078257
 21
258.2305896887
 31
0.0
  0
LINE
  5
785
100
AcDbEntity
  8
0
100
AcDbLine
 62
7
  6
BYLAYER
 10
86.5347217906
 20
257.5854978597
 30
0.0
 11
86.6617363434
 21
257.7955601212
 31
0.0
  0
LINE
  5
786
100
AcDbEntity
  8
0
100
AcDbLine
 62
7
  6
BYLAYER
 10
86.8963595562
 20
256.2067742979
 30
0.0
 11
86.7757108964
 21
256.0315740851
 31
0.0
  0
LINE
  5
787
100
AcDbEntity
  8
0
100
AcDbLine
 62
7
  6
BYLAYER
 10
86.8963595562
 20
254.8280508971
 30
0.0
 11
86.6552672526
 21
254.4833700871
 31
0.0
  0
LINE
  5
788
100
AcDbEntity
  8
0
100
AcDbLine
 62
7
  6
BYLAYER
 10
86.8033456538
 20
254.3285791805
 30
0.0
 11
87.1064218176
 21
254.7618760387
 31
0.0
  0
LINE
  5
789
100
AcDbEntity
  8
0
100
AcDbLine
 62
7
  6
BYLAYER
 10
83.8827112802
 20
254.9429445004
 30
0.0
 11
83.7336384896
 21
254.732882239
 31
0.0
  0
LINE
  5
78A
100
AcDbEntity
  8
0
100
AcDbLine
 62
7
  6
BYLAYER
 10
92.6825638044
 20
255.9769870913
 30
0.0
 11
92.8926260659
 21
256.1870493528
 31
0.0
  0
LINE
  5
78B
100
AcDbEntity
  8
0
100
AcDbLine
 62
7
  6
BYLAYER
 10
92.6825638044
 20
253.4493274963
 30
0.0
 11
92.8926260659
 21
253.6593897577
 31
0.0
  0
LINE
  5
78C
100
AcDbEntity
  8
0
100
AcDbLine
 62
7
  6
BYLAYER
 10
77.2308489354
 20
200.1412947201
 30
0.0
 11
88.3308489354
 21
200.1412947201
 31
0.0
  0
LINE
  5
78D
100
AcDbEntity
  8
RUNDUNGEN
100
AcDbLine
 62
7
  6
BYLAYER
 10
93.2808489354
 20
201.8212947201
 30
0.0
 11
88.9308489354
 21
201.8212947201
 31
0.0
  0
LINE
  5
78E
100
AcDbEntity
  8
RUNDUNGEN
100
AcDbLine
 62
7
  6
BYLAYER
 10
76.6308489354
 20
201.8212947201
 30
0.0
 11
72.2808489354
 21
201.8212947201
 31
0.0
  0
LINE
  5
78F
100
AcDbEntity
  8
0
100
AcDbLine
 62
7
  6
BYLAYER
 10
63.4280218682
 20
201.822861685
 30
0.0
 11
63.237669136
 21
201.822861685
 31
0.0
  0
LINE
  5
790
100
AcDbEntity
  8
RUNDUNGEN
100
AcDbLine
 62
7
  6
BYLAYER
 10
92.6808489354
 20
202.4212947201
 30
0.0
 11
88.3308489354
 21
202.4212947201
 31
0.0
  0
LINE
  5
791
100
AcDbEntity
  8
RUNDUNGEN
100
AcDbLine
 62
7
  6
BYLAYER
 10
77.2308489354
 20
202.4212947201
 30
0.0
 11
72.8808489354
 21
202.4212947201
 31
0.0
  0
LINE
  5
792
100
AcDbEntity
  8
0
100
AcDbLine
 62
7
  6
BYLAYER
 10
62.9592504923
 20
202.422861685
 30
0.0
 11
62.76889776
 21
202.422861685
 31
0.0
  0
LINE
  5
793
100
AcDbEntity
  8
0
100
AcDbLine
 62
7
  6
BYLAYER
 10
66.9816586921
 20
223.2412947201
 30
0.0
 11
66.9816586921
 21
219.0412947201
 31
0.0
  0
LINE
  5
794
100
AcDbEntity
  8
0
100
AcDbLine
 62
7
  6
BYLAYER
 10
66.9816586921
 20
217.2412947201
 30
0.0
 11
66.9816586921
 21
213.0412947201
 31
0.0
  0
LINE
  5
795
100
AcDbEntity
  8
0
100
AcDbLine
 62
7
  6
BYLAYER
 10
67.1500401042
 20
223.2412947201
 30
0.0
 11
67.1500401042
 21
219.0412947201
 31
0.0
  0
LINE
  5
796
100
AcDbEntity
  8
0
100
AcDbLine
 62
7
  6
BYLAYER
 10
67.1500401042
 20
217.2412947201
 30
0.0
 11
67.1500401042
 21
213.0412947201
 31
0.0
  0
LINE
  5
797
100
AcDbEntity
  8
0
100
AcDbLine
 62
7
  6
BYLAYER
 10
67.7808489354
 20
260.0979229576
 30
0.0
 11
67.7808489354
 21
257.6493274963
 31
0.0
  0
LINE
  5
798
100
AcDbEntity
  8
0
100
AcDbLine
 62
7
  6
BYLAYER
 10
68.6958489354
 20
176.1412947201
 30
0.0
 11
68.6958489354
 21
171.0412947201
 31
0.0
  0
LINE
  5
799
100
AcDbEntity
  8
0
100
AcDbLine
 62
7
  6
BYLAYER
 10
68.9808489354
 20
257.649366238
 30
0.0
 11
68.9808489354
 21
260.0979229576
 31
0.0
  0
LINE
  5
79A
100
AcDbEntity
  8
0
100
AcDbLine
 62
7
  6
BYLAYER
 10
69.4308489354
 20
216.3412947201
 30
0.0
 11
69.4308489354
 21
207.3412947201
 31
0.0
  0
LINE
  5
79B
100
AcDbEntity
  8
BEZUGSACHSEN
100
AcDbLine
 62
7
  6
BYLAYER
 10
69.7908489354
 20
180.6412947201
 30
0.0
 11
69.7908489354
 21
176.7412947201
 31
0.0
  0
LINE
  5
79C
100
AcDbEntity
  8
0
100
AcDbLine
 62
7
  6
BYLAYER
 10
70.1958489354
 20
171.0412947201
 30
0.0
 11
70.1958489354
 21
180.6412947201
 31
0.0
  0
LINE
  5
79D
100
AcDbEntity
  8
FASEN
100
AcDbLine
 62
7
  6
BYLAYER
 10
66.3477839927
 20
197.1387669844
 30
0.0
 11
66.4224134193
 21
197.7465748888
 31
0.0
  0
LINE
  5
79E
100
AcDbEntity
  8
0
100
AcDbLine
 62
7
  6
BYLAYER
 10
75.4444968665
 20
258.2748594797
 30
0.0
 11
75.4770635967
 21
258.4849217411
 31
0.0
  0
LINE
  5
79F
100
AcDbEntity
  8
0
100
AcDbLine
 62
7
  6
BYLAYER
 10
79.1814203285
 20
253.5642211097
 30
0.0
 11
79.2473493474
 21
253.7654982854
 31
0.0
  0
LINE
  5
7A0
100
AcDbEntity
  8
0
100
AcDbLine
 62
7
  6
BYLAYER
 10
86.2936294871
 20
258.734433893
 30
0.0
 11
86.208991087
 21
258.5367231559
 31
0.0
  0
LINE
  5
7A1
100
AcDbEntity
  8
0
100
AcDbLine
 62
7
  6
BYLAYER
 10
84.726532963
 20
256.6663487112
 30
0.0
 11
84.636914338
 21
256.4744120395
 31
0.0
  0
LINE
  5
7A2
100
AcDbEntity
  8
0
100
AcDbLine
 62
7
  6
BYLAYER
 10
79.6299486696
 20
240.3473686109
 30
0.0
 11
79.7332746499
 21
240.5572342886
 31
0.0
  0
LINE
  5
7A3
100
AcDbEntity
  8
0
100
AcDbLine
 62
7
  6
BYLAYER
 10
87.4095728257
 20
254.7649118923
 30
0.0
 11
87.2085856687
 21
254.3817865516
 31
0.0
  0
LINE
  5
7A4
100
AcDbEntity
  8
0
100
AcDbLine
 62
7
  6
BYLAYER
 10
87.3785427837
 20
254.2535828
 30
0.0
 11
87.6196350872
 21
254.7131572938
 31
0.0
  0
LINE
  5
7A5
100
AcDbEntity
  8
0
100
AcDbLine
 62
7
  6
BYLAYER
 10
84.3648951975
 20
254.2535828
 30
0.0
 11
84.2610268475
 21
254.062389108
 31
0.0
  0
LINE
  5
7A6
100
AcDbEntity
  8
RUNDUNGEN
100
AcDbLine
 62
7
  6
BYLAYER
 10
101.3058489354
 20
206.7412947201
 30
0.0
 11
93.2808489354
 21
206.7412947201
 31
0.0
  0
LINE
  5
7A7
100
AcDbEntity
  8
RUNDUNGEN
100
AcDbLine
 62
7
  6
BYLAYER
 10
72.2808489354
 20
206.7412947201
 30
0.0
 11
64.2558489354
 21
206.7412947201
 31
0.0
  0
LINE
  5
7A8
100
AcDbEntity
  8
0
100
AcDbLine
 62
7
  6
BYLAYER
 10
71.5308489354
 20
227.6962947201
 30
0.0
 11
71.5308489354
 21
216.3412947201
 31
0.0
  0
LINE
  5
7A9
100
AcDbEntity
  8
0
100
AcDbLine
 62
7
  6
BYLAYER
 10
71.6808489354
 20
214.8064272905
 30
0.0
 11
71.6808489354
 21
227.6962947201
 31
0.0
  0
LINE
  5
7AA
100
AcDbEntity
  8
RUNDUNGEN
100
AcDbLine
 62
7
  6
BYLAYER
 10
72.2808489354
 20
201.8212947201
 30
0.0
 11
72.2808489354
 21
206.7412947201
 31
0.0
  0
LINE
  5
7AB
100
AcDbEntity
  8
0
100
AcDbLine
 62
7
  6
BYLAYER
 10
72.4308489354
 20
258.8493274963
 30
0.0
 11
72.4308489354
 21
253.4493274963
 31
0.0
  0
LINE
  5
7AC
100
AcDbEntity
  8
0
100
AcDbLine
 62
7
  6
BYLAYER
 10
72.5058489354
 20
171.0412947201
 30
0.0
 11
72.5058489354
 21
180.6412947201
 31
0.0
  0
LINE
  5
7AD
100
AcDbEntity
  8
0
100
AcDbLine
 62
7
  6
BYLAYER
 10
72.6409111969
 20
253.6593897577
 30
0.0
 11
72.6409111969
 21
258.6392652348
 31
0.0
  0
LINE
  5
7AE
100
AcDbEntity
  8
RUNDUNGEN
100
AcDbLine
 62
7
  6
BYLAYER
 10
72.8808489354
 20
202.4212947201
 30
0.0
 11
72.8808489354
 21
207.3412947201
 31
0.0
  0
LINE
  5
7AF
100
AcDbEntity
  8
0
100
AcDbLine
 62
7
  6
BYLAYER
 10
72.8808489354
 20
214.8064272905
 30
0.0
 11
72.8808489354
 21
227.6962947201
 31
0.0
  0
LINE
  5
7B0
100
AcDbEntity
  8
0
100
AcDbLine
 62
7
  6
BYLAYER
 10
72.944062205
 20
258.4849217411
 30
0.0
 11
72.944062205
 21
256.3413928465
 31
0.0
  0
LINE
  5
7B1
100
AcDbEntity
  8
0
100
AcDbLine
 62
7
  6
BYLAYER
 10
72.944062205
 20
253.6593897577
 30
0.0
 11
72.944062205
 21
256.0721557494
 31
0.0
  0
LINE
  5
7B2
100
AcDbEntity
  8
0
100
AcDbLine
 62
7
  6
BYLAYER
 10
73.0308489354
 20
227.6962947201
 30
0.0
 11
73.0308489354
 21
216.3412947201
 31
0.0
  0
LINE
  5
7B3
100
AcDbEntity
  8
0
100
AcDbLine
 62
7
  6
BYLAYER
 10
73.1541244665
 20
253.4493274963
 30
0.0
 11
73.1541244665
 21
255.862093488
 31
0.0
  0
LINE
  5
7B4
100
AcDbEntity
  8
0
100
AcDbLine
 62
7
  6
BYLAYER
 10
73.1541244665
 20
256.5514551079
 30
0.0
 11
73.1541244665
 21
258.2748594797
 31
0.0
  0
LINE
  5
7B5
100
AcDbEntity
  8
0
100
AcDbLine
 62
7
  6
BYLAYER
 10
74.0058489354
 20
180.6412947201
 30
0.0
 11
74.0058489354
 21
171.0412947201
 31
0.0
  0
LINE
  5
7B6
100
AcDbEntity
  8
0
100
AcDbLine
 62
7
  6
BYLAYER
 10
74.0058489354
 20
202.4212947201
 30
0.0
 11
74.0058489354
 21
207.3412947201
 31
0.0
  0
LINE
  5
7B7
100
AcDbEntity
  8
0
100
AcDbLine
 62
7
  6
BYLAYER
 10
74.3808489354
 20
240.697583395
 30
0.0
 11
74.3808489354
 21
240.9432683189
 31
0.0
  0
LINE
  5
7B8
100
AcDbEntity
  8
RUNDUNGEN
100
AcDbLine
 62
7
  6
BYLAYER
 10
74.3808489354
 20
240.9432683189
 30
0.0
 11
74.3808489354
 21
245.8624262878
 31
0.0
  0
LINE
  5
7B9
100
AcDbEntity
  8
0
100
AcDbLine
 62
7
  6
BYLAYER
 10
74.3808489354
 20
245.8624262878
 30
0.0
 11
74.3808489354
 21
246.4105644478
 31
0.0
  0
LINE
  5
7BA
100
AcDbEntity
  8
0
100
AcDbLine
 62
7
  6
BYLAYER
 10
74.5308489354
 20
227.6962947201
 30
0.0
 11
74.5308489354
 21
216.3412947201
 31
0.0
  0
LINE
  5
7BB
100
AcDbEntity
  8
0
100
AcDbLine
 62
7
  6
BYLAYER
 10
74.6808489354
 20
214.8064272905
 30
0.0
 11
74.6808489354
 21
227.6962947201
 31
0.0
  0
LINE
  5
7BC
100
AcDbEntity
  8
0
100
AcDbLine
 62
7
  6
BYLAYER
 10
75.3239510596
 20
258.8493274963
 30
0.0
 11
75.3041084511
 21
258.6392652348
 31
0.0
  0
LINE
  5
7BD
100
AcDbEntity
  8
0
100
AcDbLine
 62
7
  6
BYLAYER
 10
81.985006343
 20
255.3094275855
 30
0.0
 11
81.8749354736
 21
254.7848799905
 31
0.0
  0
LINE
  5
7BE
100
AcDbEntity
  8
0
100
AcDbLine
 62
7
  6
BYLAYER
 10
82.0745224527
 20
254.7131572938
 30
0.0
 11
82.1950686044
 21
255.2876253104
 31
0.0
  0
LINE
  5
7BF
100
AcDbEntity
  8
0
100
AcDbLine
 62
7
  6
BYLAYER
 10
81.4717930734
 20
255.2876253104
 30
0.0
 11
81.3512469216
 21
254.8280508971
 31
0.0
  0
LINE
  5
7C0
100
AcDbEntity
  8
0
100
AcDbLine
 62
7
  6
BYLAYER
 10
81.5449066985
 20
254.7384260971
 30
0.0
 11
81.6818553349
 21
255.2605339228
 31
0.0
  0
LINE
  5
7C1
100
AcDbEntity
  8
0
100
AcDbLine
 62
7
  6
BYLAYER
 10
83.6416196665
 20
258.045072273
 30
0.0
 11
83.5210735147
 21
257.5854978597
 31
0.0
  0
LINE
  5
7C2
100
AcDbEntity
  8
0
100
AcDbLine
 62
7
  6
BYLAYER
 10
83.7311357762
 20
257.5584064721
 30
0.0
 11
83.8296880262
 21
257.9341305563
 31
0.0
  0
LINE
  5
7C3
100
AcDbEntity
  8
0
100
AcDbLine
 62
7
  6
BYLAYER
 10
86.4141763286
 20
256.4365615046
 30
0.0
 11
86.3482473166
 21
256.2352843271
 31
0.0
  0
LINE
  5
7C4
100
AcDbEntity
  8
0
100
AcDbLine
 62
7
  6
BYLAYER
 10
84.190684964
 20
257.9534716288
 30
0.0
 11
84.0342874741
 21
257.5062771599
 31
0.0
  0
LINE
  5
7C5
100
AcDbEntity
  8
0
100
AcDbLine
 62
7
  6
BYLAYER
 10
84.2443497355
 20
257.4706039345
 30
0.0
 11
84.3648951975
 21
257.8152850664
 31
0.0
  0
LINE
  5
7C6
100
AcDbEntity
  8
0
100
AcDbLine
 62
7
  6
BYLAYER
 10
84.6059875011
 20
255.9769870913
 30
0.0
 11
84.676295235
 21
256.1761775362
 31
0.0
  0
LINE
  5
7C7
100
AcDbEntity
  8
0
100
AcDbLine
 62
7
  6
BYLAYER
 10
84.2443497355
 20
253.5642211097
 30
0.0
 11
84.3181616836
 21
253.7639956107
 31
0.0
  0
LINE
  5
7C8
100
AcDbEntity
  8
0
100
AcDbLine
 62
7
  6
BYLAYER
 10
86.2936294871
 20
255.7471998846
 30
0.0
 11
86.3765691405
 21
255.9433804224
 31
0.0
  0
LINE
  5
7C9
100
AcDbEntity
  8
0
100
AcDbLine
 62
7
  6
BYLAYER
 10
64.1195935503
 20
212.230039335
 30
0.0
 11
64.3450401042
 21
212.4554858888
 31
0.0
  0
LINE
  5
7CA
100
AcDbEntity
  8
RUNDUNGEN
100
AcDbLine
 62
7
  6
BYLAYER
 10
100.7058489354
 20
207.3412947201
 30
0.0
 11
92.6808489354
 21
207.3412947201
 31
0.0
  0
LINE
  5
7CB
100
AcDbEntity
  8
RUNDUNGEN
100
AcDbLine
 62
7
  6
BYLAYER
 10
72.8808489354
 20
207.3412947201
 30
0.0
 11
64.8558489354
 21
207.3412947201
 31
0.0
  0
LINE
  5
7CC
100
AcDbEntity
  8
0
100
AcDbLine
 62
7
  6
BYLAYER
 10
72.8808489354
 20
207.3412947201
 30
0.0
 11
92.6808489354
 21
207.3412947201
 31
0.0
  0
LINE
  5
7CD
100
AcDbEntity
  8
0
100
AcDbLine
 62
7
  6
BYLAYER
 10
58.3000401042
 20
209.0061687378
 30
0.0
 11
59.0500401042
 21
209.0061687378
 31
0.0
  0
LINE
  5
7CE
100
AcDbEntity
  8
0
100
AcDbLine
 62
7
  6
BYLAYER
 10
64.1195935503
 20
224.0525501052
 30
0.0
 11
64.3450401042
 21
223.8271035514
 31
0.0
  0
LINE
  5
7CF
100
AcDbEntity
  8
0
100
AcDbLine
 62
7
  6
BYLAYER
 10
75.3239510596
 20
255.862093488
 30
0.0
 11
75.3041084511
 21
256.0721557494
 31
0.0
  0
LINE
  5
7D0
100
AcDbEntity
  8
0
100
AcDbLine
 62
7
  6
BYLAYER
 10
75.8808489354
 20
214.8064272905
 30
0.0
 11
75.8808489354
 21
227.6962947201
 31
0.0
  0
LINE
  5
7D1
100
AcDbEntity
  8
0
100
AcDbLine
 62
7
  6
BYLAYER
 10
76.0308489354
 20
227.6962947201
 30
0.0
 11
76.0308489354
 21
216.3412947201
 31
0.0
  0
LINE
  5
7D2
100
AcDbEntity
  8
0
100
AcDbLine
 62
7
  6
BYLAYER
 10
76.1677723975
 20
257.5854978597
 30
0.0
 11
76.1677723975
 21
257.2408167279
 31
0.0
  0
LINE
  5
7D3
100
AcDbEntity
  8
0
100
AcDbLine
 62
7
  6
BYLAYER
 10
76.3158489354
 20
207.3412947201
 30
0.0
 11
76.3158489354
 21
202.4212947201
 31
0.0
  0
LINE
  5
7D4
100
AcDbEntity
  8
0
100
AcDbLine
 62
7
  6
BYLAYER
 10
76.3158489354
 20
171.0412947201
 30
0.0
 11
76.3158489354
 21
180.6412947201
 31
0.0
  0
LINE
  5
7D5
100
AcDbEntity
  8
0
100
AcDbLine
 62
7
  6
BYLAYER
 10
76.377834659
 20
257.2051433747
 30
0.0
 11
76.377834659
 21
257.6211712129
 31
0.0
  0
LINE
  5
7D6
100
AcDbEntity
  8
RUNDUNGEN
100
AcDbLine
 62
7
  6
BYLAYER
 10
76.6308489354
 20
198.4969669541
 30
0.0
 11
76.6308489354
 21
201.8212947201
 31
0.0
  0
LINE
  5
7D7
100
AcDbEntity
  8
0
100
AcDbLine
 62
7
  6
BYLAYER
 10
76.6809856671
 20
257.5498245065
 30
0.0
 11
76.6809856671
 21
257.1615964777
 31
0.0
  0
LINE
  5
7D8
100
AcDbEntity
  8
0
100
AcDbLine
 62
7
  6
BYLAYER
 10
76.8910479285
 20
257.1259231245
 30
0.0
 11
76.8910479285
 21
257.5854978597
 31
0.0
  0
LINE
  5
7D9
100
AcDbEntity
  8
RUNDUNGEN
100
AcDbLine
 62
7
  6
BYLAYER
 10
77.2308489354
 20
198.5812914549
 30
0.0
 11
77.2308489354
 21
202.4212947201
 31
0.0
  0
LINE
  5
7DA
100
AcDbEntity
  8
0
100
AcDbLine
 62
7
  6
BYLAYER
 10
77.5308489354
 20
227.6962947201
 30
0.0
 11
77.5308489354
 21
216.3412947201
 31
0.0
  0
LINE
  5
7DB
100
AcDbEntity
  8
0
100
AcDbLine
 62
7
  6
BYLAYER
 10
77.6808489354
 20
214.8064272905
 30
0.0
 11
77.6808489354
 21
227.6962947201
 31
0.0
  0
LINE
  5
7DC
100
AcDbEntity
  8
0
100
AcDbLine
 62
7
  6
BYLAYER
 10
77.8158489354
 20
207.3412947201
 30
0.0
 11
77.8158489354
 21
200.1412947201
 31
0.0
  0
LINE
  5
7DD
100
AcDbEntity
  8
0
100
AcDbLine
 62
7
  6
BYLAYER
 10
77.8158489354
 20
180.6412947201
 30
0.0
 11
77.8158489354
 21
171.0412947201
 31
0.0
  0
LINE
  5
7DE
100
AcDbEntity
  8
0
100
AcDbLine
 62
7
  6
BYLAYER
 10
77.8554154182
 20
258.8493274963
 30
0.0
 11
77.8554154182
 21
255.2876253104
 31
0.0
  0
LINE
  5
7DF
100
AcDbEntity
  8
0
100
AcDbLine
 62
7
  6
BYLAYER
 10
78.0654776797
 20
258.6392652348
 30
0.0
 11
78.0654776797
 21
255.3094275245
 31
0.0
  0
LINE
  5
7E0
100
AcDbEntity
  8
0
100
AcDbLine
 62
7
  6
BYLAYER
 10
78.2808489354
 20
241.7845154192
 30
0.0
 11
78.2808489354
 21
242.432831014
 31
0.0
  0
LINE
  5
7E1
100
AcDbEntity
  8
4171
100
AcDbLine
 62
7
  6
BYLAYER
 10
78.2808489354
 20
242.432831014
 30
0.0
 11
78.2808489354
 21
246.4999653744
 31
0.0
  0
LINE
  5
7E2
100
AcDbEntity
  8
RUNDUNGEN
100
AcDbLine
 62
7
  6
BYLAYER
 10
78.2808489354
 20
246.4999653744
 30
0.0
 11
78.2808489354
 21
248.2072629939
 31
0.0
  0
LINE
  5
7E3
100
AcDbEntity
  8
0
100
AcDbLine
 62
7
  6
BYLAYER
 10
78.3686286878
 20
258.6392652348
 30
0.0
 11
78.3686286878
 21
255.2605339228
 31
0.0
  0
LINE
  5
7E4
100
AcDbEntity
  8
0
100
AcDbLine
 62
7
  6
BYLAYER
 10
78.5786909492
 20
255.2876253104
 30
0.0
 11
78.5786909492
 21
258.8493274963
 31
0.0
  0
LINE
  5
7E5
100
AcDbEntity
  8
0
100
AcDbLine
 62
7
  6
BYLAYER
 10
78.8808489354
 20
214.8064272905
 30
0.0
 11
78.8808489354
 21
227.6962947201
 31
0.0
  0
LINE
  5
7E6
100
AcDbEntity
  8
0
100
AcDbLine
 62
7
  6
BYLAYER
 10
79.0308489354
 20
227.6962947201
 30
0.0
 11
79.0308489354
 21
216.3412947201
 31
0.0
  0
LINE
  5
7E7
100
AcDbEntity
  8
0
100
AcDbLine
 62
7
  6
BYLAYER
 10
79.7841503976
 20
253.4493274963
 30
0.0
 11
79.8039929966
 21
253.6593897577
 31
0.0
  0
LINE
  5
7E8
100
AcDbEntity
  8
0
100
AcDbLine
 62
7
  6
BYLAYER
 10
79.7841503976
 20
254.1386891967
 30
0.0
 11
79.759469325
 21
253.9286269352
 31
0.0
  0
LINE
  5
7E9
100
AcDbEntity
  8
0
100
AcDbLine
 62
7
  6
BYLAYER
 10
94.0308489354
 20
265.6600718229
 30
0.0
 11
93.5808489354
 21
264.5476420498
 31
0.0
  0
LINE
  5
7EA
100
AcDbEntity
  8
0
100
AcDbLine
 62
7
  6
BYLAYER
 10
58.6816207477
 20
207.8979780822
 30
0.0
 11
59.2726288129
 21
208.3597241887
 31
0.0
  0
LINE
  5
7EB
100
AcDbEntity
  8
0
100
AcDbLine
 62
7
  6
BYLAYER
 10
58.8756296646
 20
207.6496579925
 30
0.0
 11
58.7574280515
 21
207.5573087712
 31
0.0
  0
LINE
  5
7EC
100
AcDbEntity
  8
FASEN
100
AcDbLine
 62
7
  6
BYLAYER
 10
58.4028232124
 20
207.2802611073
 30
0.0
 11
58.7574280515
 21
207.5573087712
 31
0.0
  0
LINE
  5
7ED
100
AcDbEntity
  8
FASEN
100
AcDbLine
 62
7
  6
BYLAYER
 10
99.4750923208
 20
238.7983764129
 30
0.0
 11
98.8463329122
 21
238.3071357245
 31
0.0
  0
LINE
  5
7EE
100
AcDbEntity
  8
0
100
AcDbLine
 62
7
  6
BYLAYER
 10
96.884608697
 20
236.7744687919
 30
0.0
 11
98.744951051
 21
238.2279275335
 31
0.0
  0
LINE
  5
7EF
100
AcDbEntity
  8
0
100
AcDbLine
 62
7
  6
BYLAYER
 10
99.040253919
 20
238.4191274661
 30
0.0
 11
98.8588873772
 21
238.2774283938
 31
0.0
  0
LINE
  5
7F0
100
AcDbEntity
  8
0
100
AcDbLine
 62
7
  6
BYLAYER
 10
98.7641221314
 20
238.2033896695
 30
0.0
 11
98.4492458538
 21
237.9573813596
 31
0.0
  0
LINE
  5
7F1
100
AcDbEntity
  8
0
100
AcDbLine
 62
7
  6
BYLAYER
 10
99.5020000255
 20
237.8281194009
 30
0.0
 11
98.9109919603
 21
237.3663732944
 31
0.0
  0
LINE
  5
7F2
100
AcDbEntity
  8
0
100
AcDbLine
 62
7
  6
BYLAYER
 10
64.1195935503
 20
212.230039335
 30
0.0
 11
63.2500989354
 21
212.1596273024
 31
0.0
  0
LINE
  5
7F3
100
AcDbEntity
  8
RUNDUNGEN
100
AcDbLine
 62
7
  6
BYLAYER
 10
102.3115989354
 20
212.1412947201
 30
0.0
 11
101.3058489354
 21
212.1412947201
 31
0.0
  0
LINE
  5
7F4
100
AcDbEntity
  8
RUNDUNGEN
100
AcDbLine
 62
7
  6
BYLAYER
 10
64.2558489354
 20
212.1412947201
 30
0.0
 11
63.2500989354
 21
212.1412947201
 31
0.0
  0
LINE
  5
7F5
100
AcDbEntity
  8
AUSFORMSCHRAEGEN
100
AcDbLine
 62
7
  6
BYLAYER
 10
64.3450401042
 20
212.4554858888
 30
0.0
 11
64.8558489354
 21
212.4554858888
 31
0.0
  0
LINE
  5
7F6
100
AcDbEntity
  8
AUSFORMSCHRAEGEN
100
AcDbLine
 62
7
  6
BYLAYER
 10
100.7058489354
 20
212.4554858888
 30
0.0
 11
101.2166577667
 21
212.4554858888
 31
0.0
  0
LINE
  5
7F7
100
AcDbEntity
  8
0
100
AcDbLine
 62
7
  6
BYLAYER
 10
67.1500401042
 20
213.0412947201
 30
0.0
 11
59.3757049721
 21
213.0412947201
 31
0.0
  0
LINE
  5
7F8
100
AcDbEntity
  8
0
100
AcDbLine
 62
7
  6
BYLAYER
 10
98.4116577667
 20
213.0412947201
 30
0.0
 11
106.1874027916
 21
213.0412947201
 31
0.0
  0
LINE
  5
7F9
100
AcDbEntity
  8
0
100
AcDbLine
 62
7
  6
BYLAYER
 10
59.0971675615
 20
214.5412947201
 30
0.0
 11
60.5950302648
 21
214.5412947201
 31
0.0
  0
LINE
  5
7FA
100
AcDbEntity
  8
0
100
AcDbLine
 62
7
  6
BYLAYER
 10
104.9666577667
 20
214.5412947201
 30
0.0
 11
106.4645303094
 21
214.5412947201
 31
0.0
  0
LINE
  5
7FB
100
AcDbEntity
  8
0
100
AcDbLine
 62
7
  6
BYLAYER
 10
106.4808267051
 20
214.5412947201
 30
0.0
 11
107.7144573606
 21
214.5412947201
 31
0.0
  0
LINE
  5
7FC
100
AcDbEntity
  8
0
100
AcDbLine
 62
7
  6
BYLAYER
 10
108.1615042916
 20
215.1412947201
 30
0.0
 11
104.9891914707
 21
215.1412947201
 31
0.0
  0
LINE
  5
7FD
100
AcDbEntity
  8
0
100
AcDbLine
 62
7
  6
BYLAYER
 10
57.4001935793
 20
215.1412947201
 30
0.0
 11
60.5725064002
 21
215.1412947201
 31
0.0
  0
LINE
  5
7FE
100
AcDbEntity
  8
0
100
AcDbLine
 62
7
  6
BYLAYER
 10
102.3115989354
 20
212.1596273024
 30
0.0
 11
101.4421043206
 21
212.230039335
 31
0.0
  0
LINE
  5
7FF
100
AcDbEntity
  8
0
100
AcDbLine
 62
7
  6
BYLAYER
 10
79.4808489354
 20
242.432831014
 30
0.0
 11
79.4808489354
 21
240.9585279542
 31
0.0
  0
LINE
  5
800
100
AcDbEntity
  8
4171
100
AcDbLine
 62
7
  6
BYLAYER
 10
79.4808489354
 20
242.432831014
 30
0.0
 11
79.4808489354
 21
246.4997688226
 31
0.0
  0
LINE
  5
801
100
AcDbEntity
  8
0
100
AcDbLine
 62
7
  6
BYLAYER
 10
79.9308488158
 20
241.715931479
 30
0.0
 11
79.9308489354
 21
240.4204801784
 31
0.0
  0
LINE
  5
802
100
AcDbEntity
  8
0
100
AcDbLine
 62
7
  6
BYLAYER
 10
80.1258489354
 20
171.0412947201
 30
0.0
 11
80.1258489354
 21
180.6412947201
 31
0.0
  0
LINE
  5
803
100
AcDbEntity
  8
0
100
AcDbLine
 62
7
  6
BYLAYER
 10
80.1258489354
 20
200.1412947201
 30
0.0
 11
80.1258489354
 21
207.3412947201
 31
0.0
  0
LINE
  5
804
100
AcDbEntity
  8
4171
100
AcDbLine
 62
7
  6
BYLAYER
 10
80.3808489354
 20
240.2485816417
 30
0.0
 11
80.3808489354
 21
248.4398460574
 31
0.0
  0
LINE
  5
805
100
AcDbEntity
  8
0
100
AcDbLine
 62
7
  6
BYLAYER
 10
80.5308489354
 20
227.6962947201
 30
0.0
 11
80.5308489354
 21
216.3412947201
 31
0.0
  0
LINE
  5
806
100
AcDbEntity
  8
0
100
AcDbLine
 62
7
  6
BYLAYER
 10
80.6808489354
 20
214.8064272905
 30
0.0
 11
80.6808489354
 21
227.6962947201
 31
0.0
  0
LINE
  5
807
100
AcDbEntity
  8
0
100
AcDbLine
 62
7
  6
BYLAYER
 10
81.4717930734
 20
258.8493274963
 30
0.0
 11
81.4717930734
 21
255.2876253104
 31
0.0
  0
LINE
  5
808
100
AcDbEntity
  8
0
100
AcDbLine
 62
7
  6
BYLAYER
 10
81.6258489354
 20
180.6412947201
 30
0.0
 11
81.6258489354
 21
171.0412947201
 31
0.0
  0
LINE
  5
809
100
AcDbEntity
  8
0
100
AcDbLine
 62
7
  6
BYLAYER
 10
81.6258489354
 20
200.1412947201
 30
0.0
 11
81.6258489354
 21
207.3412947201
 31
0.0
  0
LINE
  5
80A
100
AcDbEntity
  8
0
100
AcDbLine
 62
7
  6
BYLAYER
 10
81.6818553349
 20
258.6392652348
 30
0.0
 11
81.6818553349
 21
255.2605339228
 31
0.0
  0
LINE
  5
80B
100
AcDbEntity
  8
4171
100
AcDbLine
 62
7
  6
BYLAYER
 10
81.7028161486
 20
240.0046432159
 30
0.0
 11
81.7028161486
 21
248.5242584316
 31
0.0
  0
LINE
  5
80C
100
AcDbEntity
  8
0
100
AcDbLine
 62
7
  6
BYLAYER
 10
81.8808489354
 20
214.8064272905
 30
0.0
 11
81.8808489354
 21
227.6962947201
 31
0.0
  0
LINE
  5
80D
100
AcDbEntity
  8
0
100
AcDbLine
 62
7
  6
BYLAYER
 10
81.985006343
 20
258.6392652348
 30
0.0
 11
81.985006343
 21
255.3094275855
 31
0.0
  0
LINE
  5
80E
100
AcDbEntity
  8
0
100
AcDbLine
 62
7
  6
BYLAYER
 10
82.0308489354
 20
227.6962947201
 30
0.0
 11
82.0308489354
 21
216.3412947201
 31
0.0
  0
LINE
  5
80F
100
AcDbEntity
  8
0
100
AcDbLine
 62
7
  6
BYLAYER
 10
82.1950686044
 20
255.2876253104
 30
0.0
 11
82.1950686044
 21
258.8493274963
 31
0.0
  0
LINE
  5
810
100
AcDbEntity
  8
_26_DATUM_AXIS
100
AcDbLine
 62
7
  6
BYLAYER
 10
82.5025989354
 20
265.2426921743
 30
0.0
 11
82.5025989354
 21
260.9095358491
 31
0.0
  0
LINE
  5
811
100
AcDbEntity
  8
0
100
AcDbLine
 62
7
  6
BYLAYER
 10
82.6758040162
 20
260.9095358491
 30
0.0
 11
82.6758040162
 21
265.4324932717
 31
0.0
  0
LINE
  5
812
100
AcDbEntity
  8
DEFAULT_1
100
AcDbLine
 62
7
  6
BYLAYER
 10
82.7808489354
 20
218.1412947201
 30
0.0
 11
82.7808489354
 21
190.8412947201
 31
0.0
  0
LINE
  5
813
100
AcDbEntity
  8
DEFAULT_1
100
AcDbLine
 62
7
  6
BYLAYER
 10
82.7808489354
 20
218.1412947201
 30
0.0
 11
82.7808489354
 21
245.4412947201
 31
0.0
  0
LINE
  5
814
100
AcDbEntity
  8
0
100
AcDbLine
 62
7
  6
BYLAYER
 10
82.8858938547
 20
265.4324932717
 30
0.0
 11
82.8858938547
 21
260.9095358491
 31
0.0
  0
LINE
  5
815
100
AcDbEntity
  8
_26_DATUM_AXIS
100
AcDbLine
 62
7
  6
BYLAYER
 10
83.0590989354
 20
260.9095358491
 30
0.0
 11
83.0590989354
 21
265.2426921743
 31
0.0
  0
LINE
  5
816
100
AcDbEntity
  8
0
100
AcDbLine
 62
7
  6
BYLAYER
 10
84.847078425
 20
253.4493274963
 30
0.0
 11
84.8669210687
 21
253.6593897577
 31
0.0
  0
LINE
  5
817
100
AcDbEntity
  8
0
100
AcDbLine
 62
7
  6
BYLAYER
 10
85.6909007976
 20
258.8493274963
 30
0.0
 11
85.6710581556
 21
258.6392652348
 31
0.0
  0
LINE
  5
818
100
AcDbEntity
  8
0
100
AcDbLine
 62
7
  6
BYLAYER
 10
85.8114462596
 20
256.5514551079
 30
0.0
 11
85.7916036622
 21
256.3413928465
 31
0.0
  0
LINE
  5
819
100
AcDbEntity
  8
0
100
AcDbLine
 62
7
  6
BYLAYER
 10
84.847078425
 20
254.1386891967
 30
0.0
 11
84.8223973182
 21
253.9286269352
 31
0.0
  0
LINE
  5
81A
100
AcDbEntity
  8
0
100
AcDbLine
 62
7
  6
BYLAYER
 10
85.0881707286
 20
255.862093488
 30
0.0
 11
85.1128518355
 21
256.0721557494
 31
0.0
  0
LINE
  5
81B
100
AcDbEntity
  8
0
100
AcDbLine
 62
7
  6
BYLAYER
 10
85.8114462596
 20
255.862093488
 30
0.0
 11
85.8361273665
 21
256.0721557494
 31
0.0
  0
LINE
  5
81C
100
AcDbEntity
  8
0
100
AcDbLine
 62
7
  6
BYLAYER
 10
85.0881707286
 20
256.5514551079
 30
0.0
 11
85.0556039983
 21
256.3413928465
 31
0.0
  0
LINE
  5
81D
100
AcDbEntity
  8
0
100
AcDbLine
 62
7
  6
BYLAYER
 10
85.8114462596
 20
258.1599658763
 30
0.0
 11
85.8440129899
 21
258.3700281378
 31
0.0
  0
LINE
  5
81E
100
AcDbEntity
  8
0
100
AcDbLine
 62
7
  6
BYLAYER
 10
89.716378943
 20
247.7493274963
 30
0.0
 11
90.1923466886
 21
249.7946770276
 31
0.0
  0
LINE
  5
81F
100
AcDbEntity
  8
0
100
AcDbLine
 62
7
  6
BYLAYER
 10
90.2771561705
 20
247.6132657859
 30
0.0
 11
90.7974696588
 21
249.647773114
 31
0.0
  0
LINE
  5
820
100
AcDbEntity
  8
0
100
AcDbLine
 62
7
  6
BYLAYER
 10
86.5308489354
 20
239.7412947201
 30
0.0
 11
87.1815905661
 21
241.8051834936
 31
0.0
  0
LINE
  5
821
100
AcDbEntity
  8
0
100
AcDbLine
 62
7
  6
BYLAYER
 10
95.0483142653
 20
248.2545942998
 30
0.0
 11
95.1693159418
 21
248.5516205915
 31
0.0
  0
LINE
  5
822
100
AcDbEntity
  8
0
100
AcDbLine
 62
7
  6
BYLAYER
 10
97.3819069994
 20
244.837466545
 30
0.0
 11
98.3839403959
 21
246.6829824816
 31
0.0
  0
LINE
  5
823
100
AcDbEntity
  8
RUNDUNGEN
100
AcDbLine
 62
7
  6
BYLAYER
 10
97.263779711
 20
243.2264666658
 30
0.0
 11
99.2058489354
 21
246.5902292344
 31
0.0
  0
LINE
  5
824
100
AcDbEntity
  8
0
100
AcDbLine
 62
7
  6
BYLAYER
 10
96.1308489354
 20
216.3412947201
 30
0.0
 11
93.8808489354
 21
216.3412947201
 31
0.0
  0
LINE
  5
825
100
AcDbEntity
  8
0
100
AcDbLine
 62
7
  6
BYLAYER
 10
92.6808489354
 20
216.3412947201
 30
0.0
 11
90.8808489354
 21
216.3412947201
 31
0.0
  0
LINE
  5
826
100
AcDbEntity
  8
0
100
AcDbLine
 62
7
  6
BYLAYER
 10
89.6808489354
 20
216.3412947201
 30
0.0
 11
87.8808489354
 21
216.3412947201
 31
0.0
  0
LINE
  5
827
100
AcDbEntity
  8
0
100
AcDbLine
 62
7
  6
BYLAYER
 10
86.6808489354
 20
216.3412947201
 30
0.0
 11
84.8808489354
 21
216.3412947201
 31
0.0
  0
LINE
  5
828
100
AcDbEntity
  8
0
100
AcDbLine
 62
7
  6
BYLAYER
 10
83.6808489354
 20
216.3412947201
 30
0.0
 11
81.8808489354
 21
216.3412947201
 31
0.0
  0
LINE
  5
829
100
AcDbEntity
  8
0
100
AcDbLine
 62
7
  6
BYLAYER
 10
80.6808489354
 20
216.3412947201
 30
0.0
 11
78.8808489354
 21
216.3412947201
 31
0.0
  0
LINE
  5
82A
100
AcDbEntity
  8
0
100
AcDbLine
 62
7
  6
BYLAYER
 10
77.6808489354
 20
216.3412947201
 30
0.0
 11
75.8808489354
 21
216.3412947201
 31
0.0
  0
LINE
  5
82B
100
AcDbEntity
  8
0
100
AcDbLine
 62
7
  6
BYLAYER
 10
74.6808489354
 20
216.3412947201
 30
0.0
 11
72.8808489354
 21
216.3412947201
 31
0.0
  0
LINE
  5
82C
100
AcDbEntity
  8
0
100
AcDbLine
 62
7
  6
BYLAYER
 10
71.6808489354
 20
216.3412947201
 30
0.0
 11
69.4308489354
 21
216.3412947201
 31
0.0
  0
LINE
  5
82D
100
AcDbEntity
  8
0
100
AcDbLine
 62
7
  6
BYLAYER
 10
63.2500401042
 20
217.2412947201
 30
0.0
 11
67.1500401042
 21
217.2412947201
 31
0.0
  0
LINE
  5
82E
100
AcDbEntity
  8
0
100
AcDbLine
 62
7
  6
BYLAYER
 10
98.4116577667
 20
217.2412947201
 30
0.0
 11
102.3116577667
 21
217.2412947201
 31
0.0
  0
LINE
  5
82F
100
AcDbEntity
  8
0
100
AcDbLine
 62
7
  6
BYLAYER
 10
94.0308489354
 20
217.3912947201
 30
0.0
 11
93.8808489354
 21
217.3912947201
 31
0.0
  0
LINE
  5
830
100
AcDbEntity
  8
0
100
AcDbLine
 62
7
  6
BYLAYER
 10
92.6808489354
 20
217.3912947201
 30
0.0
 11
92.5308489354
 21
217.3912947201
 31
0.0
  0
LINE
  5
831
100
AcDbEntity
  8
0
100
AcDbLine
 62
7
  6
BYLAYER
 10
88.0308489354
 20
217.3912947201
 30
0.0
 11
87.8808489354
 21
217.3912947201
 31
0.0
  0
LINE
  5
832
100
AcDbEntity
  8
0
100
AcDbLine
 62
7
  6
BYLAYER
 10
86.6808489354
 20
217.3912947201
 30
0.0
 11
86.5308489354
 21
217.3912947201
 31
0.0
  0
LINE
  5
833
100
AcDbEntity
  8
0
100
AcDbLine
 62
7
  6
BYLAYER
 10
82.0308489354
 20
217.3912947201
 30
0.0
 11
81.8808489354
 21
217.3912947201
 31
0.0
  0
LINE
  5
834
100
AcDbEntity
  8
0
100
AcDbLine
 62
7
  6
BYLAYER
 10
80.6808489354
 20
217.3912947201
 30
0.0
 11
80.5308489354
 21
217.3912947201
 31
0.0
  0
LINE
  5
835
100
AcDbEntity
  8
0
100
AcDbLine
 62
7
  6
BYLAYER
 10
76.0308489354
 20
217.3912947201
 30
0.0
 11
75.8808489354
 21
217.3912947201
 31
0.0
  0
LINE
  5
836
100
AcDbEntity
  8
0
100
AcDbLine
 62
7
  6
BYLAYER
 10
74.6808489354
 20
217.3912947201
 30
0.0
 11
74.5308489354
 21
217.3912947201
 31
0.0
  0
LINE
  5
837
100
AcDbEntity
  8
DEFAULT_1
100
AcDbLine
 62
7
  6
BYLAYER
 10
82.7808489354
 20
218.1412947201
 30
0.0
 11
55.4808489354
 21
218.1412947201
 31
0.0
  0
LINE
  5
838
100
AcDbEntity
  8
DEFAULT_1
100
AcDbLine
 62
7
  6
BYLAYER
 10
82.7808489354
 20
218.1412947201
 30
0.0
 11
110.0808489354
 21
218.1412947201
 31
0.0
  0
LINE
  5
839
100
AcDbEntity
  8
0
100
AcDbLine
 62
7
  6
BYLAYER
 10
63.2500401042
 20
219.0412947201
 30
0.0
 11
67.1500401042
 21
219.0412947201
 31
0.0
  0
LINE
  5
83A
100
AcDbEntity
  8
0
100
AcDbLine
 62
7
  6
BYLAYER
 10
98.4116577667
 20
219.0412947201
 30
0.0
 11
102.3116577667
 21
219.0412947201
 31
0.0
  0
LINE
  5
83B
100
AcDbEntity
  8
RUNDUNGEN
100
AcDbLine
 62
7
  6
BYLAYER
 10
68.2979181599
 20
243.2264666658
 30
0.0
 11
66.3558489354
 21
246.5902292344
 31
0.0
  0
LINE
  5
83C
100
AcDbEntity
  8
0
100
AcDbLine
 62
7
  6
BYLAYER
 10
67.177757475
 20
246.6829824816
 30
0.0
 11
68.1797908715
 21
244.837466545
 31
0.0
  0
LINE
  5
83D
100
AcDbEntity
  8
0
100
AcDbLine
 62
7
  6
BYLAYER
 10
67.7278005406
 20
246.9748849681
 30
0.0
 11
68.6894835925
 21
245.1080159394
 31
0.0
  0
LINE
  5
83E
100
AcDbEntity
  8
0
100
AcDbLine
 62
7
  6
BYLAYER
 10
70.3923819291
 20
248.5516205915
 30
0.0
 11
70.5133836056
 21
248.2545942998
 31
0.0
  0
LINE
  5
83F
100
AcDbEntity
  8
0
100
AcDbLine
 62
7
  6
BYLAYER
 10
75.2845418645
 20
247.6132651441
 30
0.0
 11
74.7642282121
 21
249.647773114
 31
0.0
  0
LINE
  5
840
100
AcDbEntity
  8
0
100
AcDbLine
 62
7
  6
BYLAYER
 10
75.3693511823
 20
249.7946770276
 30
0.0
 11
75.8453189279
 21
247.7493274963
 31
0.0
  0
LINE
  5
841
100
AcDbEntity
  8
0
100
AcDbLine
 62
7
  6
BYLAYER
 10
75.4444968665
 20
256.5514551079
 30
0.0
 11
75.4770635967
 21
256.3413928465
 31
0.0
  0
LINE
  5
842
100
AcDbEntity
  8
0
100
AcDbLine
 62
7
  6
BYLAYER
 10
80.2663336251
 20
253.4493274963
 30
0.0
 11
80.246491026
 21
253.6593897577
 31
0.0
  0
LINE
  5
843
100
AcDbEntity
  8
0
100
AcDbLine
 62
7
  6
BYLAYER
 10
83.5210735147
 20
257.5854978597
 30
0.0
 11
83.5210735147
 21
257.1259231245
 31
0.0
  0
LINE
  5
844
100
AcDbEntity
  8
0
100
AcDbLine
 62
7
  6
BYLAYER
 10
83.5308489354
 20
227.6962947201
 30
0.0
 11
83.5308489354
 21
216.3412947201
 31
0.0
  0
LINE
  5
845
100
AcDbEntity
  8
0
100
AcDbLine
 62
7
  6
BYLAYER
 10
83.6808489354
 20
214.8064272905
 30
0.0
 11
83.6808489354
 21
227.6962947201
 31
0.0
  0
LINE
  5
846
100
AcDbEntity
  8
0
100
AcDbLine
 62
7
  6
BYLAYER
 10
83.7311357762
 20
257.1530145122
 30
0.0
 11
83.7311357762
 21
257.5584064721
 31
0.0
  0
LINE
  5
847
100
AcDbEntity
  8
4171
100
AcDbLine
 62
7
  6
BYLAYER
 10
83.8588817223
 20
240.0047770258
 30
0.0
 11
83.8588817223
 21
248.5242653493
 31
0.0
  0
LINE
  5
848
100
AcDbEntity
  8
0
100
AcDbLine
 62
7
  6
BYLAYER
 10
83.9808489354
 20
207.3412947201
 30
0.0
 11
83.9808489354
 21
200.1412947201
 31
0.0
  0
LINE
  5
849
100
AcDbEntity
  8
0
100
AcDbLine
 62
7
  6
BYLAYER
 10
83.9808489354
 20
171.0412947201
 30
0.0
 11
83.9808489354
 21
180.6412947201
 31
0.0
  0
LINE
  5
84A
100
AcDbEntity
  8
0
100
AcDbLine
 62
7
  6
BYLAYER
 10
84.0342874741
 20
257.5062771599
 30
0.0
 11
84.0342874741
 21
257.205143471
 31
0.0
  0
LINE
  5
84B
100
AcDbEntity
  8
0
100
AcDbLine
 62
7
  6
BYLAYER
 10
84.2443497355
 20
257.2408167279
 30
0.0
 11
84.2443497355
 21
257.4706039345
 31
0.0
  0
LINE
  5
84C
100
AcDbEntity
  8
0
100
AcDbLine
 62
7
  6
BYLAYER
 10
84.8808489354
 20
214.8064272905
 30
0.0
 11
84.8808489354
 21
227.6962947201
 31
0.0
  0
LINE
  5
84D
100
AcDbEntity
  8
0
100
AcDbLine
 62
7
  6
BYLAYER
 10
85.0308489354
 20
227.6962947201
 30
0.0
 11
85.0308489354
 21
216.3412947201
 31
0.0
  0
LINE
  5
84E
100
AcDbEntity
  8
4171
100
AcDbLine
 62
7
  6
BYLAYER
 10
85.1808489354
 20
240.2485883377
 30
0.0
 11
85.1808489354
 21
248.4398387237
 31
0.0
  0
LINE
  5
84F
100
AcDbEntity
  8
0
100
AcDbLine
 62
7
  6
BYLAYER
 10
85.4808489354
 20
207.3412947201
 30
0.0
 11
85.4808489354
 21
200.1412947201
 31
0.0
  0
LINE
  5
850
100
AcDbEntity
  8
0
100
AcDbLine
 62
7
  6
BYLAYER
 10
85.4808489354
 20
180.6412947201
 30
0.0
 11
85.4808489354
 21
171.0412947201
 31
0.0
  0
LINE
  5
851
100
AcDbEntity
  8
0
100
AcDbLine
 62
7
  6
BYLAYER
 10
85.6308489354
 20
241.715931418
 30
0.0
 11
85.6308489354
 21
240.4204801784
 31
0.0
  0
LINE
  5
852
100
AcDbEntity
  8
0
100
AcDbLine
 62
7
  6
BYLAYER
 10
86.0808489354
 20
240.9585279542
 30
0.0
 11
86.0808489354
 21
242.432831014
 31
0.0
  0
LINE
  5
853
100
AcDbEntity
  8
4171
100
AcDbLine
 62
7
  6
BYLAYER
 10
86.0808489354
 20
242.432831014
 30
0.0
 11
86.0808489354
 21
246.4997688226
 31
0.0
  0
LINE
  5
854
100
AcDbEntity
  8
0
100
AcDbLine
 62
7
  6
BYLAYER
 10
86.5308489354
 20
227.6962947201
 30
0.0
 11
86.5308489354
 21
216.3412947201
 31
0.0
  0
LINE
  5
855
100
AcDbEntity
  8
0
100
AcDbLine
 62
7
  6
BYLAYER
 10
86.6808489354
 20
214.8064272905
 30
0.0
 11
86.6808489354
 21
227.6962947201
 31
0.0
  0
LINE
  5
856
100
AcDbEntity
  8
0
100
AcDbLine
 62
7
  6
BYLAYER
 10
86.8963595562
 20
255.1727317071
 30
0.0
 11
86.8963595562
 21
254.8280508971
 31
0.0
  0
LINE
  5
857
100
AcDbEntity
  8
0
100
AcDbLine
 62
7
  6
BYLAYER
 10
87.1064218176
 20
254.7618760387
 30
0.0
 11
87.1064218176
 21
255.2389065402
 31
0.0
  0
LINE
  5
858
100
AcDbEntity
  8
0
100
AcDbLine
 62
7
  6
BYLAYER
 10
87.2808489354
 20
242.432831014
 30
0.0
 11
87.2808489354
 21
241.7845154192
 31
0.0
  0
LINE
  5
859
100
AcDbEntity
  8
4171
100
AcDbLine
 62
7
  6
BYLAYER
 10
87.2808489354
 20
242.432831014
 30
0.0
 11
87.2808489354
 21
246.4999653744
 31
0.0
  0
LINE
  5
85A
100
AcDbEntity
  8
RUNDUNGEN
100
AcDbLine
 62
7
  6
BYLAYER
 10
87.2808489354
 20
246.4999653744
 30
0.0
 11
87.2808489354
 21
248.2072629939
 31
0.0
  0
LINE
  5
85B
100
AcDbEntity
  8
0
100
AcDbLine
 62
7
  6
BYLAYER
 10
87.4095728257
 20
255.2358707199
 30
0.0
 11
87.4095728257
 21
254.7649118923
 31
0.0
  0
LINE
  5
85C
100
AcDbEntity
  8
0
100
AcDbLine
 62
7
  6
BYLAYER
 10
96.8722142784
 20
245.1080159394
 30
0.0
 11
97.8338973303
 21
246.9748849681
 31
0.0
  0
LINE
  5
85D
100
AcDbEntity
  8
0
100
AcDbLine
 62
7
  6
BYLAYER
 10
102.3115989354
 20
224.1229621378
 30
0.0
 11
101.4421043206
 21
224.0525501052
 31
0.0
  0
LINE
  5
85E
100
AcDbEntity
  8
0
100
AcDbLine
 62
7
  6
BYLAYER
 10
108.1615042916
 20
221.1412947201
 30
0.0
 11
104.9891914707
 21
221.1412947201
 31
0.0
  0
LINE
  5
85F
100
AcDbEntity
  8
0
100
AcDbLine
 62
7
  6
BYLAYER
 10
57.4001935793
 20
221.1412947201
 30
0.0
 11
60.5725064002
 21
221.1412947201
 31
0.0
  0
LINE
  5
860
100
AcDbEntity
  8
0
100
AcDbLine
 62
7
  6
BYLAYER
 10
57.84721828
 20
221.7412947201
 30
0.0
 11
59.0808489354
 21
221.7412947201
 31
0.0
  0
LINE
  5
861
100
AcDbEntity
  8
0
100
AcDbLine
 62
7
  6
BYLAYER
 10
59.0971675615
 20
221.7412947201
 30
0.0
 11
60.5950302649
 21
221.7412947201
 31
0.0
  0
LINE
  5
862
100
AcDbEntity
  8
0
100
AcDbLine
 62
7
  6
BYLAYER
 10
104.9666577667
 20
221.7412947201
 30
0.0
 11
106.4645303094
 21
221.7412947201
 31
0.0
  0
LINE
  5
863
100
AcDbEntity
  8
0
100
AcDbLine
 62
7
  6
BYLAYER
 10
59.3742950793
 20
223.2412947201
 30
0.0
 11
67.1500401042
 21
223.2412947201
 31
0.0
  0
LINE
  5
864
100
AcDbEntity
  8
0
100
AcDbLine
 62
7
  6
BYLAYER
 10
98.4116577667
 20
223.2412947201
 30
0.0
 11
106.1859928988
 21
223.2412947201
 31
0.0
  0
LINE
  5
865
100
AcDbEntity
  8
0
100
AcDbLine
 62
7
  6
BYLAYER
 10
64.1195935503
 20
224.0525501052
 30
0.0
 11
63.2500989354
 21
224.1229621377
 31
0.0
  0
LINE
  5
866
100
AcDbEntity
  8
0
100
AcDbLine
 62
7
  6
BYLAYER
 10
79.0308489354
 20
239.7412947201
 30
0.0
 11
78.3801073048
 21
241.8051834936
 31
0.0
  0
LINE
  5
867
100
AcDbEntity
  8
0
100
AcDbLine
 62
7
  6
BYLAYER
 10
77.8554154182
 20
255.2876253104
 30
0.0
 11
77.9759612251
 21
254.7131572938
 31
0.0
  0
LINE
  5
868
100
AcDbEntity
  8
0
100
AcDbLine
 62
7
  6
BYLAYER
 10
78.1755482198
 20
254.7848799976
 30
0.0
 11
78.0654776797
 21
255.3094275245
 31
0.0
  0
LINE
  5
869
100
AcDbEntity
  8
0
100
AcDbLine
 62
7
  6
BYLAYER
 10
80.2663336251
 20
254.1386891967
 30
0.0
 11
80.2910146976
 21
253.9286269352
 31
0.0
  0
LINE
  5
86A
100
AcDbEntity
  8
0
100
AcDbLine
 62
7
  6
BYLAYER
 10
85.8114462596
 20
253.4493274963
 30
0.0
 11
85.7916036605
 21
253.6593897577
 31
0.0
  0
LINE
  5
86B
100
AcDbEntity
  8
0
100
AcDbLine
 62
7
  6
BYLAYER
 10
87.6196350872
 20
254.7131572938
 30
0.0
 11
87.6196350872
 21
255.2876253104
 31
0.0
  0
LINE
  5
86C
100
AcDbEntity
  8
0
100
AcDbLine
 62
7
  6
BYLAYER
 10
87.7458489354
 20
171.0412947201
 30
0.0
 11
87.7458489354
 21
180.6412947201
 31
0.0
  0
LINE
  5
86D
100
AcDbEntity
  8
0
100
AcDbLine
 62
7
  6
BYLAYER
 10
87.7458489354
 20
200.1412947201
 30
0.0
 11
87.7458489354
 21
207.3412947201
 31
0.0
  0
LINE
  5
86E
100
AcDbEntity
  8
0
100
AcDbLine
 62
7
  6
BYLAYER
 10
87.8808489354
 20
214.8064272905
 30
0.0
 11
87.8808489354
 21
227.6962947201
 31
0.0
  0
LINE
  5
86F
100
AcDbEntity
  8
0
100
AcDbLine
 62
7
  6
BYLAYER
 10
88.0308489354
 20
227.6962947201
 30
0.0
 11
88.0308489354
 21
216.3412947201
 31
0.0
  0
LINE
  5
870
100
AcDbEntity
  8
RUNDUNGEN
100
AcDbLine
 62
7
  6
BYLAYER
 10
88.3308489354
 20
202.4212947201
 30
0.0
 11
88.3308489354
 21
198.5812914549
 31
0.0
  0
LINE
  5
871
100
AcDbEntity
  8
0
100
AcDbLine
 62
7
  6
BYLAYER
 10
88.5840029217
 20
258.8493274963
 30
0.0
 11
88.5840029217
 21
253.4493274963
 31
0.0
  0
LINE
  5
872
100
AcDbEntity
  8
0
100
AcDbLine
 62
7
  6
BYLAYER
 10
88.7940651832
 20
253.6593897577
 30
0.0
 11
88.7940651832
 21
258.6392652348
 31
0.0
  0
LINE
  5
873
100
AcDbEntity
  8
RUNDUNGEN
100
AcDbLine
 62
7
  6
BYLAYER
 10
88.9308489354
 20
201.8212947201
 30
0.0
 11
88.9308489354
 21
198.4969669541
 31
0.0
  0
LINE
  5
874
100
AcDbEntity
  8
0
100
AcDbLine
 62
7
  6
BYLAYER
 10
89.0972161913
 20
258.6392652348
 30
0.0
 11
89.0972161913
 21
256.4562864498
 31
0.0
  0
LINE
  5
875
100
AcDbEntity
  8
0
100
AcDbLine
 62
7
  6
BYLAYER
 10
89.0972161913
 20
253.6593897577
 30
0.0
 11
89.0972161913
 21
256.1870493528
 31
0.0
  0
LINE
  5
876
100
AcDbEntity
  8
0
100
AcDbLine
 62
7
  6
BYLAYER
 10
89.2458489354
 20
180.6412947201
 30
0.0
 11
89.2458489354
 21
171.0412947201
 31
0.0
  0
LINE
  5
877
100
AcDbEntity
  8
0
100
AcDbLine
 62
7
  6
BYLAYER
 10
89.2458489354
 20
202.4212947201
 30
0.0
 11
89.2458489354
 21
207.3412947201
 31
0.0
  0
LINE
  5
878
100
AcDbEntity
  8
0
100
AcDbLine
 62
7
  6
BYLAYER
 10
89.3072784528
 20
253.4493274963
 30
0.0
 11
89.3072784528
 21
255.9769870913
 31
0.0
  0
LINE
  5
879
100
AcDbEntity
  8
0
100
AcDbLine
 62
7
  6
BYLAYER
 10
89.3072784528
 20
256.6663487112
 30
0.0
 11
89.3072784528
 21
258.8493274963
 31
0.0
  0
LINE
  5
87A
100
AcDbEntity
  8
0
100
AcDbLine
 62
7
  6
BYLAYER
 10
89.5308489354
 20
227.6962947201
 30
0.0
 11
89.5308489354
 21
216.3412947201
 31
0.0
  0
LINE
  5
87B
100
AcDbEntity
  8
0
100
AcDbLine
 62
7
  6
BYLAYER
 10
89.6808489354
 20
214.8064272905
 30
0.0
 11
89.6808489354
 21
227.6962947201
 31
0.0
  0
LINE
  5
87C
100
AcDbEntity
  8
0
100
AcDbLine
 62
7
  6
BYLAYER
 10
90.8808489354
 20
214.8064272905
 30
0.0
 11
90.8808489354
 21
227.6962947201
 31
0.0
  0
LINE
  5
87D
100
AcDbEntity
  8
0
100
AcDbLine
 62
7
  6
BYLAYER
 10
91.0308489354
 20
227.6962947201
 30
0.0
 11
91.0308489354
 21
216.3412947201
 31
0.0
  0
LINE
  5
87E
100
AcDbEntity
  8
0
100
AcDbLine
 62
7
  6
BYLAYER
 10
91.1808489354
 20
240.9432683189
 30
0.0
 11
91.1808489354
 21
240.697583395
 31
0.0
  0
LINE
  5
87F
100
AcDbEntity
  8
RUNDUNGEN
100
AcDbLine
 62
7
  6
BYLAYER
 10
91.1808489354
 20
240.9432683189
 30
0.0
 11
91.1808489354
 21
245.8624262878
 31
0.0
  0
LINE
  5
880
100
AcDbEntity
  8
0
100
AcDbLine
 62
7
  6
BYLAYER
 10
91.1808489354
 20
245.8624262878
 30
0.0
 11
91.1808489354
 21
246.4105644478
 31
0.0
  0
LINE
  5
881
100
AcDbEntity
  8
0
100
AcDbLine
 62
7
  6
BYLAYER
 10
66.0596978454
 20
198.4544700393
 30
0.0
 11
66.6507059106
 21
198.9162161458
 31
0.0
  0
LINE
  5
882
100
AcDbEntity
  8
0
100
AcDbLine
 62
7
  6
BYLAYER
 10
66.5214439519
 20
197.8634619741
 30
0.0
 11
67.1124520171
 21
198.3252080806
 31
0.0
  0
LINE
  5
883
100
AcDbEntity
  8
FASEN
100
AcDbLine
 62
7
  6
BYLAYER
 10
66.4224134193
 20
197.7465748888
 30
0.0
 11
67.1316230976
 21
198.3006702166
 31
0.0
  0
LINE
  5
884
100
AcDbEntity
  8
FASEN
100
AcDbLine
 62
7
  6
BYLAYER
 10
66.3477839927
 20
197.1387669844
 30
0.0
 11
67.3982123365
 21
197.959451551
 31
0.0
  0
LINE
  5
885
100
AcDbEntity
  8
FASEN
100
AcDbLine
 62
7
  6
BYLAYER
 10
107.1588746585
 20
229.0023283329
 30
0.0
 11
106.7988590231
 21
228.7210532916
 31
0.0
  0
LINE
  5
886
100
AcDbEntity
  8
0
100
AcDbLine
 62
7
  6
BYLAYER
 10
106.6860682063
 20
228.6329314477
 30
0.0
 11
106.7988590231
 21
228.7210532916
 31
0.0
  0
LINE
  5
887
100
AcDbEntity
  8
0
100
AcDbLine
 62
7
  6
BYLAYER
 10
106.8800771232
 20
228.3846113579
 30
0.0
 11
106.289069058
 21
227.9228652514
 31
0.0
  0
LINE
  5
888
100
AcDbEntity
  8
AUSFORMSCHRAEGEN
100
AcDbLine
 62
7
  6
BYLAYER
 10
101.2166577667
 20
223.8271035514
 30
0.0
 11
100.7058489354
 21
223.8271035514
 31
0.0
  0
LINE
  5
889
100
AcDbEntity
  8
AUSFORMSCHRAEGEN
100
AcDbLine
 62
7
  6
BYLAYER
 10
64.8558489354
 20
223.8271035514
 30
0.0
 11
64.3450401042
 21
223.8271035514
 31
0.0
  0
LINE
  5
88A
100
AcDbEntity
  8
RUNDUNGEN
100
AcDbLine
 62
7
  6
BYLAYER
 10
63.2500989354
 20
224.1412947201
 30
0.0
 11
64.2558489354
 21
224.1412947201
 31
0.0
  0
LINE
  5
88B
100
AcDbEntity
  8
RUNDUNGEN
100
AcDbLine
 62
7
  6
BYLAYER
 10
101.3058489354
 20
224.1412947201
 30
0.0
 11
102.3115989354
 21
224.1412947201
 31
0.0
  0
LINE
  5
88C
100
AcDbEntity
  8
0
100
AcDbLine
 62
7
  6
BYLAYER
 10
107.2616577667
 20
227.2764207023
 30
0.0
 11
106.5116577667
 21
227.2764207023
 31
0.0
  0
LINE
  5
88D
100
AcDbEntity
  8
RUNDUNGEN
100
AcDbLine
 62
7
  6
BYLAYER
 10
100.7058489354
 20
227.6962947201
 30
0.0
 11
64.8558489354
 21
227.6962947201
 31
0.0
  0
LINE
  5
88E
100
AcDbEntity
  8
0
100
AcDbLine
 62
7
  6
BYLAYER
 10
101.4421043206
 20
212.230039335
 30
0.0
 11
101.2166577667
 21
212.4554858888
 31
0.0
  0
LINE
  5
88F
100
AcDbEntity
  8
0
100
AcDbLine
 62
7
  6
BYLAYER
 10
75.9266807837
 20
255.9769870913
 30
0.0
 11
75.8420423021
 21
256.1746978276
 31
0.0
  0
LINE
  5
890
100
AcDbEntity
  8
0
100
AcDbLine
 62
7
  6
BYLAYER
 10
71.5308489354
 20
265.6600718229
 30
0.0
 11
71.9808489354
 21
264.5476420498
 31
0.0
  0
LINE
  5
891
100
AcDbEntity
  8
0
100
AcDbLine
 62
7
  6
BYLAYER
 10
76.0472265906
 20
257.9301786697
 30
0.0
 11
76.1677723975
 21
257.5854978597
 31
0.0
  0
LINE
  5
892
100
AcDbEntity
  8
0
100
AcDbLine
 62
7
  6
BYLAYER
 10
76.377834659
 20
257.6211712129
 30
0.0
 11
76.2288001772
 21
258.0473106798
 31
0.0
  0
LINE
  5
893
100
AcDbEntity
  8
0
100
AcDbLine
 62
7
  6
BYLAYER
 10
76.5837731363
 20
257.8277876701
 30
0.0
 11
76.6809856671
 21
257.5498245065
 31
0.0
  0
LINE
  5
894
100
AcDbEntity
  8
0
100
AcDbLine
 62
7
  6
BYLAYER
 10
76.8910479285
 20
257.5854978597
 30
0.0
 11
76.7705021217
 21
257.9301786697
 31
0.0
  0
LINE
  5
895
100
AcDbEntity
  8
0
100
AcDbLine
 62
7
  6
BYLAYER
 10
78.3686286878
 20
255.2605339228
 30
0.0
 11
78.5055773241
 21
254.7384260971
 31
0.0
  0
LINE
  5
896
100
AcDbEntity
  8
0
100
AcDbLine
 62
7
  6
BYLAYER
 10
78.699237101
 20
254.8280508971
 30
0.0
 11
78.5786909492
 21
255.2876253104
 31
0.0
  0
LINE
  5
897
100
AcDbEntity
  8
0
100
AcDbLine
 62
7
  6
BYLAYER
 10
85.0881707286
 20
258.1599658763
 30
0.0
 11
85.0556039983
 21
258.3700281378
 31
0.0
  0
LINE
  5
898
100
AcDbEntity
  8
0
100
AcDbLine
 62
7
  6
BYLAYER
 10
85.0881707286
 20
258.8493274963
 30
0.0
 11
85.1128518355
 21
258.6392652348
 31
0.0
  0
LINE
  5
899
100
AcDbEntity
  8
0
100
AcDbLine
 62
7
  6
BYLAYER
 10
85.8114462596
 20
254.1386891967
 30
0.0
 11
85.8361273665
 21
253.9286269352
 31
0.0
  0
LINE
  5
89A
100
AcDbEntity
  8
0
100
AcDbLine
 62
7
  6
BYLAYER
 10
91.5558489354
 20
207.3412947201
 30
0.0
 11
91.5558489354
 21
202.4212947201
 31
0.0
  0
LINE
  5
89B
100
AcDbEntity
  8
0
100
AcDbLine
 62
7
  6
BYLAYER
 10
91.5558489354
 20
171.0412947201
 30
0.0
 11
91.5558489354
 21
180.6412947201
 31
0.0
  0
LINE
  5
89C
100
AcDbEntity
  8
0
100
AcDbLine
 62
7
  6
BYLAYER
 10
92.5308489354
 20
227.6962947201
 30
0.0
 11
92.5308489354
 21
216.3412947201
 31
0.0
  0
LINE
  5
89D
100
AcDbEntity
  8
RUNDUNGEN
100
AcDbLine
 62
7
  6
BYLAYER
 10
92.6808489354
 20
207.3412947201
 30
0.0
 11
92.6808489354
 21
202.4212947201
 31
0.0
  0
LINE
  5
89E
100
AcDbEntity
  8
0
100
AcDbLine
 62
7
  6
BYLAYER
 10
92.6808489354
 20
214.8064272905
 30
0.0
 11
92.6808489354
 21
227.6962947201
 31
0.0
  0
LINE
  5
89F
100
AcDbEntity
  8
0
100
AcDbLine
 62
7
  6
BYLAYER
 10
92.6825638044
 20
258.8493274963
 30
0.0
 11
92.6825638044
 21
256.6663487112
 31
0.0
  0
LINE
  5
8A0
100
AcDbEntity
  8
0
100
AcDbLine
 62
7
  6
BYLAYER
 10
92.6825638044
 20
255.9769870913
 30
0.0
 11
92.6825638044
 21
253.4493274963
 31
0.0
  0
LINE
  5
8A1
100
AcDbEntity
  8
0
100
AcDbLine
 62
7
  6
BYLAYER
 10
92.8926260659
 20
258.6392652348
 30
0.0
 11
92.8926260659
 21
256.4562864498
 31
0.0
  0
LINE
  5
8A2
100
AcDbEntity
  8
0
100
AcDbLine
 62
7
  6
BYLAYER
 10
92.8926260659
 20
253.6593897577
 30
0.0
 11
92.8926260659
 21
256.1870493528
 31
0.0
  0
LINE
  5
8A3
100
AcDbEntity
  8
0
100
AcDbLine
 62
7
  6
BYLAYER
 10
93.0558489354
 20
180.6412947201
 30
0.0
 11
93.0558489354
 21
171.0412947201
 31
0.0
  0
LINE
  5
8A4
100
AcDbEntity
  8
0
100
AcDbLine
 62
7
  6
BYLAYER
 10
93.195777074
 20
253.6593897577
 30
0.0
 11
93.195777074
 21
258.6392652348
 31
0.0
  0
LINE
  5
8A5
100
AcDbEntity
  8
RUNDUNGEN
100
AcDbLine
 62
7
  6
BYLAYER
 10
93.2808489354
 20
206.7412947201
 30
0.0
 11
93.2808489354
 21
201.8212947201
 31
0.0
  0
LINE
  5
8A6
100
AcDbEntity
  8
0
100
AcDbLine
 62
7
  6
BYLAYER
 10
93.4058393355
 20
253.4493274963
 30
0.0
 11
93.4058393355
 21
258.8493274963
 31
0.0
  0
LINE
  5
8A7
100
AcDbEntity
  8
0
100
AcDbLine
 62
7
  6
BYLAYER
 10
93.8808489354
 20
214.8064272905
 30
0.0
 11
93.8808489354
 21
227.6962947201
 31
0.0
  0
LINE
  5
8A8
100
AcDbEntity
  8
0
100
AcDbLine
 62
7
  6
BYLAYER
 10
94.0308489354
 20
227.6962947201
 30
0.0
 11
94.0308489354
 21
216.3412947201
 31
0.0
  0
LINE
  5
8A9
100
AcDbEntity
  8
0
100
AcDbLine
 62
7
  6
BYLAYER
 10
95.3808489354
 20
171.0412947201
 30
0.0
 11
95.3808489354
 21
180.6412947201
 31
0.0
  0
LINE
  5
8AA
100
AcDbEntity
  8
0
100
AcDbLine
 62
7
  6
BYLAYER
 10
101.4421043206
 20
224.0525501052
 30
0.0
 11
101.2166577667
 21
223.8271035514
 31
0.0
  0
LINE
  5
8AB
100
AcDbEntity
  8
RUNDUNGEN
100
AcDbLine
 62
7
  6
BYLAYER
 10
101.3058489354
 20
228.2962947201
 30
0.0
 11
64.2558489354
 21
228.2962947201
 31
0.0
  0
LINE
  5
8AC
100
AcDbEntity
  8
0
100
AcDbLine
 62
7
  6
BYLAYER
 10
77.9759612251
 20
254.7131572938
 30
0.0
 11
78.2170531837
 21
254.2535828
 31
0.0
  0
LINE
  5
8AD
100
AcDbEntity
  8
0
100
AcDbLine
 62
7
  6
BYLAYER
 10
78.3870103088
 20
254.3817865761
 30
0.0
 11
78.1755482198
 21
254.7848799976
 31
0.0
  0
LINE
  5
8AE
100
AcDbEntity
  8
0
100
AcDbLine
 62
7
  6
BYLAYER
 10
85.9317492013
 20
240.3473686109
 30
0.0
 11
85.828423221
 21
240.5572342886
 31
0.0
  0
LINE
  5
8AF
100
AcDbEntity
  8
0
100
AcDbLine
 62
7
  6
BYLAYER
 10
80.7485175424
 20
254.2535828
 30
0.0
 11
80.831457183
 21
254.0574022475
 31
0.0
  0
LINE
  5
8B0
100
AcDbEntity
  8
0
100
AcDbLine
 62
7
  6
BYLAYER
 10
83.7336384896
 20
254.732882239
 30
0.0
 11
83.8216839041
 21
254.4811316492
 31
0.0
  0
LINE
  5
8B1
100
AcDbEntity
  8
0
100
AcDbLine
 62
7
  6
BYLAYER
 10
80.8690636941
 20
253.5642211097
 30
0.0
 11
80.8031346752
 21
253.7654982854
 31
0.0
  0
LINE
  5
8B2
100
AcDbEntity
  8
0
100
AcDbLine
 62
7
  6
BYLAYER
 10
83.1594357492
 20
254.9429445004
 30
0.0
 11
83.279981901
 21
254.4833700871
 31
0.0
  0
LINE
  5
8B3
100
AcDbEntity
  8
0
100
AcDbLine
 62
7
  6
BYLAYER
 10
83.4749705967
 20
254.5679284702
 30
0.0
 11
83.4317033009
 21
254.732882239
 31
0.0
  0
LINE
  5
8B4
100
AcDbEntity
  8
0
100
AcDbLine
 62
7
  6
BYLAYER
 10
83.5210735147
 20
257.1259231245
 30
0.0
 11
83.6416196665
 21
256.6663487112
 31
0.0
  0
LINE
  5
8B5
100
AcDbEntity
  8
0
100
AcDbLine
 62
7
  6
BYLAYER
 10
83.8296880262
 20
256.777290428
 30
0.0
 11
83.7311357762
 21
257.1530145122
 31
0.0
  0
LINE
  5
8B6
100
AcDbEntity
  8
BEZUGSACHSEN
100
AcDbLine
 62
7
  6
BYLAYER
 10
95.7708489354
 20
180.6412947201
 30
0.0
 11
95.7708489354
 21
176.7412947201
 31
0.0
  0
LINE
  5
8B7
100
AcDbEntity
  8
0
100
AcDbLine
 62
7
  6
BYLAYER
 10
96.1308489354
 20
207.3412947201
 30
0.0
 11
96.1308489354
 21
216.3412947201
 31
0.0
  0
LINE
  5
8B8
100
AcDbEntity
  8
0
100
AcDbLine
 62
7
  6
BYLAYER
 10
96.5808489354
 20
257.6493277079
 30
0.0
 11
96.5808489354
 21
260.0979229576
 31
0.0
  0
LINE
  5
8B9
100
AcDbEntity
  8
0
100
AcDbLine
 62
7
  6
BYLAYER
 10
96.8808489354
 20
176.1412947201
 30
0.0
 11
96.8808489354
 21
171.0412947201
 31
0.0
  0
LINE
  5
8BA
100
AcDbEntity
  8
0
100
AcDbLine
 62
7
  6
BYLAYER
 10
97.7808489354
 20
257.6493274963
 30
0.0
 11
97.7808489354
 21
260.0979229576
 31
0.0
  0
LINE
  5
8BB
100
AcDbEntity
  8
0
100
AcDbLine
 62
7
  6
BYLAYER
 10
98.4116577667
 20
213.0412947201
 30
0.0
 11
98.4116577667
 21
217.2412947201
 31
0.0
  0
LINE
  5
8BC
100
AcDbEntity
  8
0
100
AcDbLine
 62
7
  6
BYLAYER
 10
98.4116577667
 20
219.0412947201
 30
0.0
 11
98.4116577667
 21
223.2412947201
 31
0.0
  0
LINE
  5
8BD
100
AcDbEntity
  8
0
100
AcDbLine
 62
7
  6
BYLAYER
 10
98.5800391788
 20
213.0412947201
 30
0.0
 11
98.5800391788
 21
217.2412947201
 31
0.0
  0
LINE
  5
8BE
100
AcDbEntity
  8
0
100
AcDbLine
 62
7
  6
BYLAYER
 10
98.5800391788
 20
219.0412947201
 30
0.0
 11
98.5800391788
 21
223.2412947201
 31
0.0
  0
LINE
  5
8BF
100
AcDbEntity
  8
0
100
AcDbLine
 62
7
  6
BYLAYER
 10
78.5055773241
 20
254.7384260971
 30
0.0
 11
78.7922501897
 21
254.3285792593
 31
0.0
  0
LINE
  5
8C0
100
AcDbEntity
  8
0
100
AcDbLine
 62
7
  6
BYLAYER
 10
75.806134632
 20
256.6663487112
 30
0.0
 11
75.9159585079
 21
256.4808313195
 31
0.0
  0
LINE
  5
8C1
100
AcDbEntity
  8
0
100
AcDbLine
 62
7
  6
BYLAYER
 10
86.2936294871
 20
254.2535828
 30
0.0
 11
86.3765691572
 21
254.0574022662
 31
0.0
  0
LINE
  5
8C2
100
AcDbEntity
  8
0
100
AcDbLine
 62
7
  6
BYLAYER
 10
84.6059875011
 20
258.734433893
 30
0.0
 11
84.676295235
 21
258.535243448
 31
0.0
  0
LINE
  5
8C3
100
AcDbEntity
  8
0
100
AcDbLine
 62
7
  6
BYLAYER
 10
84.003257432
 20
254.5982636905
 30
0.0
 11
83.8827112802
 21
254.9429445004
 31
0.0
  0
LINE
  5
8C4
100
AcDbEntity
  8
0
100
AcDbLine
 62
7
  6
BYLAYER
 10
84.0342874741
 20
257.205143471
 30
0.0
 11
84.1906849929
 21
256.7579493371
 31
0.0
  0
LINE
  5
8C5
100
AcDbEntity
  8
0
100
AcDbLine
 62
7
  6
BYLAYER
 10
84.3648951975
 20
256.8961359179
 30
0.0
 11
84.2443497355
 21
257.2408167279
 31
0.0
  0
LINE
  5
8C6
100
AcDbEntity
  8
0
100
AcDbLine
 62
7
  6
BYLAYER
 10
86.9507228148
 20
257.8277877457
 30
0.0
 11
86.9619938046
 21
257.7955601212
 31
0.0
  0
LINE
  5
8C7
100
AcDbEntity
  8
0
100
AcDbLine
 62
7
  6
BYLAYER
 10
87.2579973217
 20
257.5854978597
 30
0.0
 11
87.1374518597
 21
257.9301786697
 31
0.0
  0
LINE
  5
8C8
100
AcDbEntity
  8
0
100
AcDbLine
 62
7
  6
BYLAYER
 10
86.4141763286
 20
253.5642211097
 30
0.0
 11
86.3482473097
 21
253.7654982854
 31
0.0
  0
LINE
  5
8C9
100
AcDbEntity
  8
BEZUGSACHSEN
100
AcDbLine
 62
7
  6
BYLAYER
 10
100.2708489354
 20
180.6412947201
 30
0.0
 11
100.2708489354
 21
176.7412947201
 31
0.0
  0
LINE
  5
8CA
100
AcDbEntity
  8
0
100
AcDbLine
 62
7
  6
BYLAYER
 10
100.5520693056
 20
213.0412947201
 30
0.0
 11
100.5520693056
 21
217.2412947201
 31
0.0
  0
LINE
  5
8CB
100
AcDbEntity
  8
0
100
AcDbLine
 62
7
  6
BYLAYER
 10
100.5520693056
 20
219.0412947201
 30
0.0
 11
100.5520693056
 21
223.2412947201
 31
0.0
  0
LINE
  5
8CC
100
AcDbEntity
  8
RUNDUNGEN
100
AcDbLine
 62
7
  6
BYLAYER
 10
100.7058489354
 20
227.6962947201
 30
0.0
 11
100.7058489354
 21
226.9845020575
 31
0.0
  0
LINE
  5
8CD
100
AcDbEntity
  8
RUNDUNGEN
100
AcDbLine
 62
7
  6
BYLAYER
 10
100.7058489354
 20
224.5980873827
 30
0.0
 11
100.7058489354
 21
223.8271035514
 31
0.0
  0
LINE
  5
8CE
100
AcDbEntity
  8
RUNDUNGEN
100
AcDbLine
 62
7
  6
BYLAYER
 10
100.7058489354
 20
209.2980873827
 30
0.0
 11
100.7058489354
 21
207.3412947201
 31
0.0
  0
LINE
  5
8CF
100
AcDbEntity
  8
RUNDUNGEN
100
AcDbLine
 62
7
  6
BYLAYER
 10
100.7058489354
 20
211.6845020575
 30
0.0
 11
100.7058489354
 21
212.4554858888
 31
0.0
  0
LINE
  5
8D0
100
AcDbEntity
  8
AUSFORMSCHRAEGEN
100
AcDbLine
 62
7
  6
BYLAYER
 10
100.7058489354
 20
212.4554858888
 30
0.0
 11
100.7058489354
 21
213.0412947201
 31
0.0
  0
LINE
  5
8D1
100
AcDbEntity
  8
AUSFORMSCHRAEGEN
100
AcDbLine
 62
7
  6
BYLAYER
 10
100.7058489354
 20
217.2412947201
 30
0.0
 11
100.7058489354
 21
219.0412947201
 31
0.0
  0
LINE
  5
8D2
100
AcDbEntity
  8
AUSFORMSCHRAEGEN
100
AcDbLine
 62
7
  6
BYLAYER
 10
100.7058489354
 20
223.2412947201
 30
0.0
 11
100.7058489354
 21
223.8271035514
 31
0.0
  0
LINE
  5
8D3
100
AcDbEntity
  8
AUSFORMSCHRAEGEN
100
AcDbLine
 62
7
  6
BYLAYER
 10
101.2166577667
 20
212.4554858888
 30
0.0
 11
101.2166577667
 21
213.0412947201
 31
0.0
  0
LINE
  5
8D4
100
AcDbEntity
  8
AUSFORMSCHRAEGEN
100
AcDbLine
 62
7
  6
BYLAYER
 10
101.2166577667
 20
217.2412947201
 30
0.0
 11
101.2166577667
 21
219.0412947201
 31
0.0
  0
LINE
  5
8D5
100
AcDbEntity
  8
AUSFORMSCHRAEGEN
100
AcDbLine
 62
7
  6
BYLAYER
 10
101.2166577667
 20
223.2412947201
 30
0.0
 11
101.2166577667
 21
223.8271035514
 31
0.0
  0
LINE
  5
8D6
100
AcDbEntity
  8
RUNDUNGEN
100
AcDbLine
 62
7
  6
BYLAYER
 10
101.3058489354
 20
228.2962947201
 30
0.0
 11
101.3058489354
 21
226.8527765852
 31
0.0
  0
LINE
  5
8D7
100
AcDbEntity
  8
RUNDUNGEN
100
AcDbLine
 62
7
  6
BYLAYER
 10
101.3058489354
 20
224.729812855
 30
0.0
 11
101.3058489354
 21
224.1412947201
 31
0.0
  0
LINE
  5
8D8
100
AcDbEntity
  8
RUNDUNGEN
100
AcDbLine
 62
7
  6
BYLAYER
 10
101.3058489354
 20
212.1412947201
 30
0.0
 11
101.3058489354
 21
211.5527765852
 31
0.0
  0
LINE
  5
8D9
100
AcDbEntity
  8
RUNDUNGEN
100
AcDbLine
 62
7
  6
BYLAYER
 10
101.3058489354
 20
209.429812855
 30
0.0
 11
101.3058489354
 21
206.7412947201
 31
0.0
  0
LINE
  5
8DA
100
AcDbEntity
  8
0
100
AcDbLine
 62
7
  6
BYLAYER
 10
101.4421043206
 20
212.230039335
 30
0.0
 11
101.4421043206
 21
213.0412947201
 31
0.0
  0
LINE
  5
8DB
100
AcDbEntity
  8
0
100
AcDbLine
 62
7
  6
BYLAYER
 10
101.4421043206
 20
217.2412947201
 30
0.0
 11
101.4421043206
 21
219.0412947201
 31
0.0
  0
LINE
  5
8DC
100
AcDbEntity
  8
0
100
AcDbLine
 62
7
  6
BYLAYER
 10
101.4421043206
 20
223.2412947201
 30
0.0
 11
101.4421043206
 21
224.0525501052
 31
0.0
  0
LINE
  5
8DD
100
AcDbEntity
  8
0
100
AcDbLine
 62
7
  6
BYLAYER
 10
102.3115989354
 20
212.1412947201
 30
0.0
 11
102.3115989354
 21
224.1412947201
 31
0.0
  0
LINE
  5
8DE
100
AcDbEntity
  8
0
100
AcDbLine
 62
7
  6
BYLAYER
 10
103.1666577667
 20
213.0412947201
 30
0.0
 11
103.1666577667
 21
223.2412947201
 31
0.0
  0
LINE
  5
8DF
100
AcDbEntity
  8
FASEN
100
AcDbLine
 62
7
  6
BYLAYER
 10
69.7908489354
 20
176.7412947201
 30
0.0
 11
69.1908489354
 21
176.1412947201
 31
0.0
  0
LINE
  5
8E0
100
AcDbEntity
  8
0
100
AcDbLine
 62
7
  6
BYLAYER
 10
86.5308489354
 20
239.7412947201
 30
0.0
 11
79.0308489354
 21
239.7412947201
 31
0.0
  0
LINE
  5
8E1
100
AcDbEntity
  8
0
100
AcDbLine
 62
7
  6
BYLAYER
 10
73.1541244665
 20
253.4493274963
 30
0.0
 11
72.944062205
 21
253.6593897577
 31
0.0
  0
LINE
  5
8E2
100
AcDbEntity
  8
0
100
AcDbLine
 62
7
  6
BYLAYER
 10
73.1541244665
 20
255.862093488
 30
0.0
 11
72.944062205
 21
256.0721557494
 31
0.0
  0
LINE
  5
8E3
100
AcDbEntity
  8
0
100
AcDbLine
 62
7
  6
BYLAYER
 10
72.4308489354
 20
258.8493274963
 30
0.0
 11
72.6409111969
 21
258.6392652348
 31
0.0
  0
LINE
  5
8E4
100
AcDbEntity
  8
0
100
AcDbLine
 62
7
  6
BYLAYER
 10
73.1541244665
 20
258.2748594797
 30
0.0
 11
72.944062205
 21
258.4849217411
 31
0.0
  0
LINE
  5
8E5
100
AcDbEntity
  8
0
100
AcDbLine
 62
7
  6
BYLAYER
 10
76.2623202993
 20
258.236294505
 30
0.0
 11
76.5837731363
 21
257.8277876701
 31
0.0
  0
LINE
  5
8E6
100
AcDbEntity
  8
0
100
AcDbLine
 62
7
  6
BYLAYER
 10
76.7705021217
 20
257.9301786697
 30
0.0
 11
76.4088643561
 21
258.389753083
 31
0.0
  0
LINE
  5
8E7
100
AcDbEntity
  8
0
100
AcDbLine
 62
7
  6
BYLAYER
 10
78.9403287148
 20
254.4833700871
 30
0.0
 11
78.699237101
 21
254.8280508971
 31
0.0
  0
LINE
  5
8E8
100
AcDbEntity
  8
0
100
AcDbLine
 62
7
  6
BYLAYER
 10
81.3512469216
 20
253.7940083465
 30
0.0
 11
81.2305983231
 21
253.9692085866
 31
0.0
  0
LINE
  5
8E9
100
AcDbEntity
  8
0
100
AcDbLine
 62
7
  6
BYLAYER
 10
83.279981901
 20
254.4833700871
 30
0.0
 11
83.6416196665
 21
253.9089019498
 31
0.0
  0
LINE
  5
8EA
100
AcDbEntity
  8
0
100
AcDbLine
 62
7
  6
BYLAYER
 10
83.7914412347
 20
254.0652091326
 30
0.0
 11
83.4749705967
 21
254.5679284702
 31
0.0
  0
LINE
  5
8EB
100
AcDbEntity
  8
0
100
AcDbLine
 62
7
  6
BYLAYER
 10
87.2085856653
 20
255.6189961342
 30
0.0
 11
87.4095728257
 21
255.2358707199
 31
0.0
  0
LINE
  5
8EC
100
AcDbEntity
  8
0
100
AcDbLine
 62
7
  6
BYLAYER
 10
84.726532963
 20
258.045072273
 30
0.0
 11
84.636914338
 21
258.2370089448
 31
0.0
  0
LINE
  5
8ED
100
AcDbEntity
  8
0
100
AcDbLine
 62
7
  6
BYLAYER
 10
104.9666577667
 20
222.981487099
 30
0.0
 11
104.9666577667
 21
213.3011023412
 31
0.0
  0
LINE
  5
8EE
100
AcDbEntity
  8
0
100
AcDbLine
 62
7
  6
BYLAYER
 10
106.4761086961
 20
215.1412947201
 30
0.0
 11
106.4761086961
 21
221.1412947201
 31
0.0
  0
LINE
  5
8EF
100
AcDbEntity
  8
0
100
AcDbLine
 62
7
  6
BYLAYER
 10
106.4808267051
 20
214.5412947201
 30
0.0
 11
106.4808267051
 21
215.1412947201
 31
0.0
  0
LINE
  5
8F0
100
AcDbEntity
  8
0
100
AcDbLine
 62
7
  6
BYLAYER
 10
106.4808267051
 20
221.1412947201
 30
0.0
 11
106.4808267051
 21
226.6827163123
 31
0.0
  0
LINE
  5
8F1
100
AcDbEntity
  8
0
100
AcDbLine
 62
7
  6
BYLAYER
 10
106.5116577667
 20
221.1412947201
 30
0.0
 11
106.5116577667
 21
227.2764207023
 31
0.0
  0
LINE
  5
8F2
100
AcDbEntity
  8
0
100
AcDbLine
 62
7
  6
BYLAYER
 10
107.2616577667
 20
221.1412947201
 30
0.0
 11
107.2616577667
 21
227.2764207023
 31
0.0
  0
LINE
  5
8F3
100
AcDbEntity
  8
0
100
AcDbLine
 62
7
  6
BYLAYER
 10
107.5308489354
 20
193.7662947201
 30
0.0
 11
107.5308489354
 21
183.1162947201
 31
0.0
  0
LINE
  5
8F4
100
AcDbEntity
  8
0
100
AcDbLine
 62
7
  6
BYLAYER
 10
104.8166577667
 20
213.0412947201
 30
0.0
 11
105.6826831705
 21
214.5412947201
 31
0.0
  0
LINE
  5
8F5
100
AcDbEntity
  8
4171
100
AcDbLine
 62
7
  6
BYLAYER
 10
86.6808489354
 20
240.3290781708
 30
0.0
 11
86.3808489354
 21
240.3290781708
 31
0.0
  0
LINE
  5
8F6
100
AcDbEntity
  8
4171
100
AcDbLine
 62
7
  6
BYLAYER
 10
78.8808489354
 20
240.3290781708
 30
0.0
 11
79.1808489354
 21
240.3290781708
 31
0.0
  0
LINE
  5
8F7
100
AcDbEntity
  8
4171
100
AcDbLine
 62
7
  6
BYLAYER
 10
79.4808489354
 20
242.3270632935
 30
0.0
 11
80.3808489354
 21
242.3270632935
 31
0.0
  0
LINE
  5
8F8
100
AcDbEntity
  8
4171
100
AcDbLine
 62
7
  6
BYLAYER
 10
85.1808489354
 20
242.3270632935
 30
0.0
 11
86.0808489354
 21
242.3270632935
 31
0.0
  0
LINE
  5
8F9
100
AcDbEntity
  8
4171
100
AcDbLine
 62
7
  6
BYLAYER
 10
78.2808489354
 20
242.432831014
 30
0.0
 11
79.4808489354
 21
242.432831014
 31
0.0
  0
LINE
  5
8FA
100
AcDbEntity
  8
4171
100
AcDbLine
 62
7
  6
BYLAYER
 10
86.0808489354
 20
242.432831014
 30
0.0
 11
87.2808489354
 21
242.432831014
 31
0.0
  0
LINE
  5
8FB
100
AcDbEntity
  8
4171
100
AcDbLine
 62
7
  6
BYLAYER
 10
78.2808489354
 20
242.9655792859
 30
0.0
 11
79.4808489354
 21
242.9655792859
 31
0.0
  0
LINE
  5
8FC
100
AcDbEntity
  8
4171
100
AcDbLine
 62
7
  6
BYLAYER
 10
86.0808489354
 20
242.9655792859
 30
0.0
 11
87.2808489354
 21
242.9655792859
 31
0.0
  0
LINE
  5
8FD
100
AcDbEntity
  8
4171
100
AcDbLine
 62
7
  6
BYLAYER
 10
79.4808489354
 20
243.1332961034
 30
0.0
 11
80.3808489354
 21
243.1332961034
 31
0.0
  0
LINE
  5
8FE
100
AcDbEntity
  8
4171
100
AcDbLine
 62
7
  6
BYLAYER
 10
85.1808489354
 20
243.1332961034
 30
0.0
 11
86.0808489354
 21
243.1332961034
 31
0.0
  0
LINE
  5
8FF
100
AcDbEntity
  8
0
100
AcDbLine
 62
7
  6
BYLAYER
 10
78.2170531837
 20
254.2535828
 30
0.0
 11
78.699237101
 21
253.7940083465
 31
0.0
  0
LINE
  5
900
100
AcDbEntity
  8
0
100
AcDbLine
 62
7
  6
BYLAYER
 10
78.8198856996
 20
253.9692085866
 30
0.0
 11
78.3870103088
 21
254.3817865761
 31
0.0
  0
LINE
  5
901
100
AcDbEntity
  8
0
100
AcDbLine
 62
7
  6
BYLAYER
 10
75.806134632
 20
258.1599658763
 30
0.0
 11
76.0472265906
 21
257.9301786697
 31
0.0
  0
LINE
  5
902
100
AcDbEntity
  8
0
100
AcDbLine
 62
7
  6
BYLAYER
 10
76.2288001772
 20
258.0473106798
 30
0.0
 11
75.9159585079
 21
258.3454832681
 31
0.0
  0
LINE
  5
903
100
AcDbEntity
  8
0
100
AcDbLine
 62
7
  6
BYLAYER
 10
77.8554154182
 20
258.8493274963
 30
0.0
 11
78.0654776797
 21
258.6392652348
 31
0.0
  0
LINE
  5
904
100
AcDbEntity
  8
0
100
AcDbLine
 62
7
  6
BYLAYER
 10
81.1101553079
 20
254.4833700871
 30
0.0
 11
81.2582338329
 21
254.3285792593
 31
0.0
  0
LINE
  5
905
100
AcDbEntity
  8
0
100
AcDbLine
 62
7
  6
BYLAYER
 10
76.4088643561
 20
256.3216679013
 30
0.0
 11
76.2623202993
 21
256.4751264792
 31
0.0
  0
LINE
  5
906
100
AcDbEntity
  8
0
100
AcDbLine
 62
7
  6
BYLAYER
 10
98.424663977
 20
237.9776918462
 30
0.0
 11
98.4438350575
 21
237.9531539822
 31
0.0
  0
LINE
  5
907
100
AcDbEntity
  8
0
100
AcDbLine
 62
7
  6
BYLAYER
 10
106.289069058
 20
227.9228652514
 30
0.0
 11
98.4492458538
 21
237.9573813596
 31
0.0
  0
LINE
  5
908
100
AcDbEntity
  8
0
100
AcDbLine
 62
7
  6
BYLAYER
 10
98.744951051
 20
238.2279275335
 30
0.0
 11
98.9619656671
 21
237.9501614915
 31
0.0
  0
LINE
  5
909
100
AcDbEntity
  8
0
100
AcDbLine
 62
7
  6
BYLAYER
 10
106.8800771232
 20
228.3846113579
 30
0.0
 11
99.040253919
 21
238.4191274661
 31
0.0
  0
LINE
  5
90A
100
AcDbEntity
  8
FASEN
100
AcDbLine
 62
7
  6
BYLAYER
 10
106.7988590231
 20
228.7210532916
 30
0.0
 11
99.1338736552
 21
238.531787174
 31
0.0
  0
LINE
  5
90B
100
AcDbEntity
  8
0
100
AcDbLine
 62
7
  6
BYLAYER
 10
86.6552672526
 20
255.517412678
 30
0.0
 11
86.8963595562
 21
255.1727317071
 31
0.0
  0
LINE
  5
90C
100
AcDbEntity
  8
0
100
AcDbLine
 62
7
  6
BYLAYER
 10
87.1064218176
 20
255.2389065402
 30
0.0
 11
86.8033456641
 21
255.6722035859
 31
0.0
  0
LINE
  5
90D
100
AcDbEntity
  8
0
100
AcDbLine
 62
7
  6
BYLAYER
 10
86.8963595562
 20
253.7940083465
 30
0.0
 11
86.7757108881
 21
253.9692085535
 31
0.0
  0
LINE
  5
90E
100
AcDbEntity
  8
0
100
AcDbLine
 62
7
  6
BYLAYER
 10
84.123802894
 20
258.5046466863
 30
0.0
 11
84.2444514672
 21
258.3294463909
 31
0.0
  0
LINE
  5
90F
100
AcDbEntity
  8
0
100
AcDbLine
 62
7
  6
BYLAYER
 10
81.4054619045
 20
265.4235474926
 30
0.0
 11
81.4973161639
 21
265.2767047365
 31
0.0
  0
LINE
  5
910
100
AcDbEntity
  8
0
100
AcDbLine
 62
7
  6
BYLAYER
 10
81.7005854375
 20
264.9517484355
 30
0.0
 11
81.6087311781
 21
265.0985911917
 31
0.0
  0
LINE
  5
911
100
AcDbEntity
  8
0
100
AcDbLine
 62
7
  6
BYLAYER
 10
105.6826831705
 20
221.7412947201
 30
0.0
 11
104.8166577667
 21
223.2412947201
 31
0.0
  0
LINE
  5
912
100
AcDbEntity
  8
0
100
AcDbLine
 62
7
  6
BYLAYER
 10
87.6196350872
 20
255.2876253104
 30
0.0
 11
87.3785427837
 21
255.7471998846
 31
0.0
  0
LINE
  5
913
100
AcDbEntity
  8
0
100
AcDbLine
 62
7
  6
BYLAYER
 10
86.4141763286
 20
257.8152850664
 30
0.0
 11
86.5347217906
 21
257.5854978597
 31
0.0
  0
LINE
  5
914
100
AcDbEntity
  8
0
100
AcDbLine
 62
7
  6
BYLAYER
 10
86.6617363434
 20
257.7955601212
 30
0.0
 11
86.584133548
 21
257.9434887888
 31
0.0
  0
LINE
  5
915
100
AcDbEntity
  8
0
100
AcDbLine
 62
7
  6
BYLAYER
 10
107.9730070228
 20
221.1412947201
 30
0.0
 11
107.9730070228
 21
227.9602864257
 31
0.0
  0
LINE
  5
916
100
AcDbEntity
  8
0
100
AcDbLine
 62
7
  6
BYLAYER
 10
108.1616577667
 20
221.1412947201
 30
0.0
 11
108.1616577667
 21
215.1412947201
 31
0.0
  0
LINE
  5
917
100
AcDbEntity
  8
0
100
AcDbLine
 62
7
  6
BYLAYER
 10
109.3308489354
 20
183.1162947201
 30
0.0
 11
109.3308489354
 21
185.2276519272
 31
0.0
  0
LINE
  5
918
100
AcDbEntity
  8
0
100
AcDbLine
 62
7
  6
BYLAYER
 10
109.3308489354
 20
191.6549375129
 30
0.0
 11
109.3308489354
 21
193.7662947201
 31
0.0
  0
LINE
  5
919
100
AcDbEntity
  8
4171
100
AcDbLine
 62
7
  6
BYLAYER
 10
78.2808489354
 20
246.2893135185
 30
0.0
 11
79.4808489354
 21
246.2893135185
 31
0.0
  0
LINE
  5
91A
100
AcDbEntity
  8
4171
100
AcDbLine
 62
7
  6
BYLAYER
 10
86.0808489354
 20
246.2893135185
 30
0.0
 11
87.2808489354
 21
246.2893135185
 31
0.0
  0
LINE
  5
91B
100
AcDbEntity
  8
0
100
AcDbLine
 62
7
  6
BYLAYER
 10
71.5645401419
 20
246.4105644478
 30
0.0
 11
74.3808489354
 21
246.4105644478
 31
0.0
  0
LINE
  5
91C
100
AcDbEntity
  8
0
100
AcDbLine
 62
7
  6
BYLAYER
 10
91.1808489354
 20
246.4105644478
 30
0.0
 11
93.9971581239
 21
246.4105644478
 31
0.0
  0
LINE
  5
91D
100
AcDbEntity
  8
4171
100
AcDbLine
 62
7
  6
BYLAYER
 10
87.2808489354
 20
246.4998735197
 30
0.0
 11
86.0808489354
 21
246.4998735197
 31
0.0
  0
LINE
  5
91E
100
AcDbEntity
  8
4171
100
AcDbLine
 62
7
  6
BYLAYER
 10
79.4808489354
 20
246.4998735197
 30
0.0
 11
78.2808489354
 21
246.4998735197
 31
0.0
  0
LINE
  5
91F
100
AcDbEntity
  8
BEZUGSACHSEN
100
AcDbLine
 62
7
  6
BYLAYER
 10
53.0808489354
 20
247.8412947201
 30
0.0
 11
45.5808489354
 21
247.8412947201
 31
0.0
  0
LINE
  5
920
100
AcDbEntity
  8
BEZUGSACHSEN
100
AcDbLine
 62
7
  6
BYLAYER
 10
53.0808489354
 20
247.8412947201
 30
0.0
 11
60.5808489354
 21
247.8412947201
 31
0.0
  0
LINE
  5
921
100
AcDbEntity
  8
0
100
AcDbLine
 62
7
  6
BYLAYER
 10
78.7922501897
 20
254.3285792593
 30
0.0
 11
79.2190268396
 21
254.0574022475
 31
0.0
  0
LINE
  5
922
100
AcDbEntity
  8
0
100
AcDbLine
 62
7
  6
BYLAYER
 10
79.3019664803
 20
254.2535828
 30
0.0
 11
78.9403287148
 21
254.4833700871
 31
0.0
  0
LINE
  5
923
100
AcDbEntity
  8
0
100
AcDbLine
 62
7
  6
BYLAYER
 10
76.0472265906
 20
256.8961359179
 30
0.0
 11
76.2288001772
 21
256.7790039078
 31
0.0
  0
LINE
  5
924
100
AcDbEntity
  8
0
100
AcDbLine
 62
7
  6
BYLAYER
 10
75.8420423021
 20
258.5367231566
 30
0.0
 11
76.2623202993
 21
258.236294505
 31
0.0
  0
LINE
  5
925
100
AcDbEntity
  8
0
100
AcDbLine
 62
7
  6
BYLAYER
 10
76.4088643561
 20
258.389753083
 30
0.0
 11
75.9266807837
 21
258.734433893
 31
0.0
  0
LINE
  5
926
100
AcDbEntity
  8
0
100
AcDbLine
 62
7
  6
BYLAYER
 10
81.8334308389
 20
254.2535828
 30
0.0
 11
81.6634736679
 21
254.3817865323
 31
0.0
  0
LINE
  5
927
100
AcDbEntity
  8
0
100
AcDbLine
 62
7
  6
BYLAYER
 10
83.1594357492
 20
254.9429445004
 30
0.0
 11
83.4317033009
 21
254.732882239
 31
0.0
  0
LINE
  5
928
100
AcDbEntity
  8
0
100
AcDbLine
 62
7
  6
BYLAYER
 10
83.8216839041
 20
254.4811316492
 30
0.0
 11
84.2610268475
 21
254.062389108
 31
0.0
  0
LINE
  5
929
100
AcDbEntity
  8
0
100
AcDbLine
 62
7
  6
BYLAYER
 10
84.3648951975
 20
254.2535828
 30
0.0
 11
84.003257432
 21
254.5982636905
 31
0.0
  0
LINE
  5
92A
100
AcDbEntity
  8
0
100
AcDbLine
 62
7
  6
BYLAYER
 10
83.6416196665
 20
256.6663487112
 30
0.0
 11
84.123802894
 21
256.2067742979
 31
0.0
  0
LINE
  5
92B
100
AcDbEntity
  8
0
100
AcDbLine
 62
7
  6
BYLAYER
 10
84.2444514672
 20
256.3819745933
 30
0.0
 11
83.8296880262
 21
256.777290428
 31
0.0
  0
LINE
  5
92C
100
AcDbEntity
  8
0
100
AcDbLine
 62
7
  6
BYLAYER
 10
81.4717930734
 20
258.8493274963
 30
0.0
 11
81.6818553349
 21
258.6392652348
 31
0.0
  0
LINE
  5
92D
100
AcDbEntity
  8
0
100
AcDbLine
 62
7
  6
BYLAYER
 10
89.3072784528
 20
253.4493274963
 30
0.0
 11
89.0972161913
 21
253.6593897577
 31
0.0
  0
LINE
  5
92E
100
AcDbEntity
  8
0
100
AcDbLine
 62
7
  6
BYLAYER
 10
86.6552672526
 20
254.4833700871
 30
0.0
 11
86.8033456538
 21
254.3285791805
 31
0.0
  0
LINE
  5
92F
100
AcDbEntity
  8
0
100
AcDbLine
 62
7
  6
BYLAYER
 10
86.6292701046
 20
258.2362944195
 30
0.0
 11
86.9507228148
 21
257.8277877457
 31
0.0
  0
LINE
  5
930
100
AcDbEntity
  8
0
100
AcDbLine
 62
7
  6
BYLAYER
 10
87.1374518597
 20
257.9301786697
 30
0.0
 11
86.7758140942
 21
258.389753083
 31
0.0
  0
LINE
  5
931
100
AcDbEntity
  8
FASEN
100
AcDbLine
 62
7
  6
BYLAYER
 10
107.1400776886
 20
228.9876425305
 30
0.0
 11
99.4750923208
 21
238.7983764129
 31
0.0
  0
LINE
  5
932
100
AcDbEntity
  8
0
100
AcDbLine
 62
7
  6
BYLAYER
 10
107.9730070228
 20
227.9602864257
 30
0.0
 11
107.1588746585
 21
229.0023283329
 31
0.0
  0
LINE
  5
933
100
AcDbEntity
  8
BEZUGSACHSEN
100
AcDbLine
 62
7
  6
BYLAYER
 10
112.4808489354
 20
188.4412947201
 30
0.0
 11
112.4808489354
 21
180.9412947201
 31
0.0
  0
LINE
  5
934
100
AcDbEntity
  8
BEZUGSACHSEN
100
AcDbLine
 62
7
  6
BYLAYER
 10
112.4808489354
 20
188.4412947201
 30
0.0
 11
112.4808489354
 21
195.9412947201
 31
0.0
  0
LINE
  5
935
100
AcDbEntity
  8
0
100
AcDbLine
 62
7
  6
BYLAYER
 10
85.8361273665
 20
253.9286269352
 30
0.0
 11
86.3765691572
 21
254.0574022662
 31
0.0
  0
LINE
  5
936
100
AcDbEntity
  8
0
100
AcDbLine
 62
7
  6
BYLAYER
 10
85.8114462596
 20
253.4493274963
 30
0.0
 11
86.4141763286
 21
253.5642211097
 31
0.0
  0
LINE
  5
937
100
AcDbEntity
  8
0
100
AcDbLine
 62
7
  6
BYLAYER
 10
73.7808489354
 20
251.6493274963
 30
0.0
 11
91.7808489354
 21
251.6493274963
 31
0.0
  0
LINE
  5
938
100
AcDbEntity
  8
0
100
AcDbLine
 62
7
  6
BYLAYER
 10
79.1814203285
 20
253.5642211097
 30
0.0
 11
79.7841503976
 21
253.4493274963
 31
0.0
  0
LINE
  5
939
100
AcDbEntity
  8
0
100
AcDbLine
 62
7
  6
BYLAYER
 10
79.2190268396
 20
254.0574022475
 30
0.0
 11
79.759469325
 21
253.9286269352
 31
0.0
  0
LINE
  5
93A
100
AcDbEntity
  8
0
100
AcDbLine
 62
7
  6
BYLAYER
 10
82.0745224527
 20
254.7131572938
 30
0.0
 11
81.8749354736
 21
254.7848799905
 31
0.0
  0
LINE
  5
93B
100
AcDbEntity
  8
0
100
AcDbLine
 62
7
  6
BYLAYER
 10
81.3512469216
 20
254.8280508971
 30
0.0
 11
81.5449066985
 21
254.7384260971
 31
0.0
  0
LINE
  5
93C
100
AcDbEntity
  8
0
100
AcDbLine
 62
7
  6
BYLAYER
 10
78.699237101
 20
253.7940083465
 30
0.0
 11
79.1814203285
 21
253.5642211097
 31
0.0
  0
LINE
  5
93D
100
AcDbEntity
  8
0
100
AcDbLine
 62
7
  6
BYLAYER
 10
79.2473493474
 20
253.7654982854
 30
0.0
 11
78.8198856996
 21
253.9692085866
 31
0.0
  0
LINE
  5
93E
100
AcDbEntity
  8
0
100
AcDbLine
 62
7
  6
BYLAYER
 10
76.7705021217
 20
256.7812423146
 30
0.0
 11
76.5837731363
 21
256.8836333142
 31
0.0
  0
LINE
  5
93F
100
AcDbEntity
  8
0
100
AcDbLine
 62
7
  6
BYLAYER
 10
83.6416196665
 20
253.9089019498
 30
0.0
 11
84.2443497355
 21
253.5642211097
 31
0.0
  0
LINE
  5
940
100
AcDbEntity
  8
0
100
AcDbLine
 62
7
  6
BYLAYER
 10
84.3181616836
 20
253.7639956107
 30
0.0
 11
83.7914412347
 21
254.0652091326
 31
0.0
  0
LINE
  5
941
100
AcDbEntity
  8
0
100
AcDbLine
 62
7
  6
BYLAYER
 10
84.1906849929
 20
256.7579493371
 30
0.0
 11
84.636914338
 21
256.4744120395
 31
0.0
  0
LINE
  5
942
100
AcDbEntity
  8
0
100
AcDbLine
 62
7
  6
BYLAYER
 10
84.726532963
 20
256.6663487112
 30
0.0
 11
84.3648951975
 21
256.8961359179
 31
0.0
  0
LINE
  5
943
100
AcDbEntity
  8
0
100
AcDbLine
 62
7
  6
BYLAYER
 10
86.2936294871
 20
255.7471998846
 30
0.0
 11
86.6552672526
 21
255.517412678
 31
0.0
  0
LINE
  5
944
100
AcDbEntity
  8
0
100
AcDbLine
 62
7
  6
BYLAYER
 10
86.8033456641
 20
255.6722035859
 30
0.0
 11
86.3765691405
 21
255.9433804224
 31
0.0
  0
LINE
  5
945
100
AcDbEntity
  8
0
100
AcDbLine
 62
7
  6
BYLAYER
 10
87.3785427837
 20
254.2535828
 30
0.0
 11
87.2085856687
 21
254.3817865516
 31
0.0
  0
LINE
  5
946
100
AcDbEntity
  8
0
100
AcDbLine
 62
7
  6
BYLAYER
 10
84.3648951975
 20
257.8152850664
 30
0.0
 11
84.190684964
 21
257.9534716288
 31
0.0
  0
LINE
  5
947
100
AcDbEntity
  8
0
100
AcDbLine
 62
7
  6
BYLAYER
 10
86.7757108964
 20
256.0315740851
 30
0.0
 11
87.2085856653
 21
255.6189961342
 31
0.0
  0
LINE
  5
948
100
AcDbEntity
  8
0
100
AcDbLine
 62
7
  6
BYLAYER
 10
87.3785427837
 20
255.7471998846
 30
0.0
 11
86.8963595562
 21
256.2067742979
 31
0.0
  0
LINE
  5
949
100
AcDbEntity
  8
0
100
AcDbLine
 62
7
  6
BYLAYER
 10
86.1730840251
 20
258.045072273
 30
0.0
 11
86.4141763286
 21
257.8152850664
 31
0.0
  0
LINE
  5
94A
100
AcDbEntity
  8
0
100
AcDbLine
 62
7
  6
BYLAYER
 10
86.584133548
 20
257.9434887888
 30
0.0
 11
86.2829078257
 21
258.2305896887
 31
0.0
  0
LINE
  5
94B
100
AcDbEntity
  8
0
100
AcDbLine
 62
7
  6
BYLAYER
 10
89.3072784528
 20
255.9769870913
 30
0.0
 11
89.0972161913
 21
256.1870493528
 31
0.0
  0
LINE
  5
94C
100
AcDbEntity
  8
0
100
AcDbLine
 62
7
  6
BYLAYER
 10
93.4058393355
 20
253.4493274963
 30
0.0
 11
93.195777074
 21
253.6593897577
 31
0.0
  0
LINE
  5
94D
100
AcDbEntity
  8
0
100
AcDbLine
 62
7
  6
BYLAYER
 10
88.5840029217
 20
258.8493274963
 30
0.0
 11
88.7940651832
 21
258.6392652348
 31
0.0
  0
LINE
  5
94E
100
AcDbEntity
  8
0
100
AcDbLine
 62
7
  6
BYLAYER
 10
117.2808489354
 20
199.7461609289
 30
0.0
 11
117.2808489354
 21
232.8382331768
 31
0.0
  0
LINE
  5
94F
100
AcDbEntity
  8
0
100
AcDbLine
 62
7
  6
BYLAYER
 10
87.6196350872
 20
255.2876253104
 30
0.0
 11
87.4095728257
 21
255.2358707199
 31
0.0
  0
LINE
  5
950
100
AcDbEntity
  8
0
100
AcDbLine
 62
7
  6
BYLAYER
 10
86.2936294871
 20
254.2535828
 30
0.0
 11
85.8114462596
 21
254.1386891967
 31
0.0
  0
LINE
  5
951
100
AcDbEntity
  8
0
100
AcDbLine
 62
7
  6
BYLAYER
 10
80.2910146976
 20
253.9286269352
 30
0.0
 11
80.831457183
 21
254.0574022475
 31
0.0
  0
LINE
  5
952
100
AcDbEntity
  8
0
100
AcDbLine
 62
7
  6
BYLAYER
 10
80.7485175424
 20
254.2535828
 30
0.0
 11
80.2663336251
 21
254.1386891967
 31
0.0
  0
LINE
  5
953
100
AcDbEntity
  8
0
100
AcDbLine
 62
7
  6
BYLAYER
 10
86.3482473097
 20
253.7654982854
 30
0.0
 11
85.7916036605
 21
253.6593897577
 31
0.0
  0
LINE
  5
954
100
AcDbEntity
  8
0
100
AcDbLine
 62
7
  6
BYLAYER
 10
80.2663336251
 20
253.4493274963
 30
0.0
 11
80.8690636941
 21
253.5642211097
 31
0.0
  0
LINE
  5
955
100
AcDbEntity
  8
0
100
AcDbLine
 62
7
  6
BYLAYER
 10
80.8031346752
 20
253.7654982854
 30
0.0
 11
80.246491026
 21
253.6593897577
 31
0.0
  0
LINE
  5
956
100
AcDbEntity
  8
0
100
AcDbLine
 62
7
  6
BYLAYER
 10
84.2443497355
 20
257.2408167279
 30
0.0
 11
84.0342874741
 21
257.205143471
 31
0.0
  0
LINE
  5
957
100
AcDbEntity
  8
0
100
AcDbLine
 62
7
  6
BYLAYER
 10
78.5786909492
 20
255.2876253104
 30
0.0
 11
78.3686286878
 21
255.2605339228
 31
0.0
  0
LINE
  5
958
100
AcDbEntity
  8
0
100
AcDbLine
 62
7
  6
BYLAYER
 10
77.8554154182
 20
255.2876253104
 30
0.0
 11
78.0654776797
 21
255.3094275245
 31
0.0
  0
LINE
  5
959
100
AcDbEntity
  8
0
100
AcDbLine
 62
7
  6
BYLAYER
 10
72.4308489354
 20
253.4493274963
 30
0.0
 11
73.1541244665
 21
253.4493274963
 31
0.0
  0
LINE
  5
95A
100
AcDbEntity
  8
0
100
AcDbLine
 62
7
  6
BYLAYER
 10
79.7841503976
 20
253.4493274963
 30
0.0
 11
80.2663336251
 21
253.4493274963
 31
0.0
  0
LINE
  5
95B
100
AcDbEntity
  8
0
100
AcDbLine
 62
7
  6
BYLAYER
 10
84.847078425
 20
253.4493274963
 30
0.0
 11
85.8114462596
 21
253.4493274963
 31
0.0
  0
LINE
  5
95C
100
AcDbEntity
  8
0
100
AcDbLine
 62
7
  6
BYLAYER
 10
88.5840029217
 20
253.4493274963
 30
0.0
 11
89.3072784528
 21
253.4493274963
 31
0.0
  0
LINE
  5
95D
100
AcDbEntity
  8
0
100
AcDbLine
 62
7
  6
BYLAYER
 10
92.6825638044
 20
253.4493274963
 30
0.0
 11
93.4058393355
 21
253.4493274963
 31
0.0
  0
LINE
  5
95E
100
AcDbEntity
  8
0
100
AcDbLine
 62
7
  6
BYLAYER
 10
93.195777074
 20
253.6593897577
 30
0.0
 11
92.8926260659
 21
253.6593897577
 31
0.0
  0
LINE
  5
95F
100
AcDbEntity
  8
0
100
AcDbLine
 62
7
  6
BYLAYER
 10
89.0972161913
 20
253.6593897577
 30
0.0
 11
88.7940651832
 21
253.6593897577
 31
0.0
  0
LINE
  5
960
100
AcDbEntity
  8
0
100
AcDbLine
 62
7
  6
BYLAYER
 10
85.7916036605
 20
253.6593897577
 30
0.0
 11
84.8669210687
 21
253.6593897577
 31
0.0
  0
LINE
  5
961
100
AcDbEntity
  8
0
100
AcDbLine
 62
7
  6
BYLAYER
 10
80.246491026
 20
253.6593897577
 30
0.0
 11
79.8039929966
 21
253.6593897577
 31
0.0
  0
LINE
  5
962
100
AcDbEntity
  8
0
100
AcDbLine
 62
7
  6
BYLAYER
 10
72.6409111969
 20
253.6593897577
 30
0.0
 11
72.944062205
 21
253.6593897577
 31
0.0
  0
LINE
  5
963
100
AcDbEntity
  8
0
100
AcDbLine
 62
7
  6
BYLAYER
 10
79.759469325
 20
253.9286269352
 30
0.0
 11
80.2910146976
 21
253.9286269352
 31
0.0
  0
LINE
  5
964
100
AcDbEntity
  8
0
100
AcDbLine
 62
7
  6
BYLAYER
 10
84.8223973182
 20
253.9286269352
 30
0.0
 11
85.8361273665
 21
253.9286269352
 31
0.0
  0
LINE
  5
965
100
AcDbEntity
  8
0
100
AcDbLine
 62
7
  6
BYLAYER
 10
85.8114462596
 20
254.1386891967
 30
0.0
 11
84.847078425
 21
254.1386891967
 31
0.0
  0
LINE
  5
966
100
AcDbEntity
  8
0
100
AcDbLine
 62
7
  6
BYLAYER
 10
80.2663336251
 20
254.1386891967
 30
0.0
 11
79.7841503976
 21
254.1386891967
 31
0.0
  0
LINE
  5
967
100
AcDbEntity
  8
0
100
AcDbLine
 62
7
  6
BYLAYER
 10
83.4317033009
 20
254.732882239
 30
0.0
 11
83.7336384896
 21
254.732882239
 31
0.0
  0
LINE
  5
968
100
AcDbEntity
  8
0
100
AcDbLine
 62
7
  6
BYLAYER
 10
83.8827112802
 20
254.9429445004
 30
0.0
 11
83.1594357492
 21
254.9429445004
 31
0.0
  0
LINE
  5
969
100
AcDbEntity
  8
0
100
AcDbLine
 62
7
  6
BYLAYER
 10
73.1541244665
 20
255.862093488
 30
0.0
 11
75.3239510596
 21
255.862093488
 31
0.0
  0
LINE
  5
96A
100
AcDbEntity
  8
0
100
AcDbLine
 62
7
  6
BYLAYER
 10
85.0881707286
 20
255.862093488
 30
0.0
 11
85.8114462596
 21
255.862093488
 31
0.0
  0
LINE
  5
96B
100
AcDbEntity
  8
0
100
AcDbLine
 62
7
  6
BYLAYER
 10
89.3072784528
 20
255.9769870913
 30
0.0
 11
92.6825638044
 21
255.9769870913
 31
0.0
  0
LINE
  5
96C
100
AcDbEntity
  8
0
100
AcDbLine
 62
7
  6
BYLAYER
 10
85.8361273665
 20
256.0721557494
 30
0.0
 11
85.1128518355
 21
256.0721557494
 31
0.0
  0
LINE
  5
96D
100
AcDbEntity
  8
0
100
AcDbLine
 62
7
  6
BYLAYER
 10
75.3041084511
 20
256.0721557494
 30
0.0
 11
72.944062205
 21
256.0721557494
 31
0.0
  0
LINE
  5
96E
100
AcDbEntity
  8
0
100
AcDbLine
 62
7
  6
BYLAYER
 10
92.8926260659
 20
256.1870493528
 30
0.0
 11
89.0972161913
 21
256.1870493528
 31
0.0
  0
LINE
  5
96F
100
AcDbEntity
  8
0
100
AcDbLine
 62
7
  6
BYLAYER
 10
72.944062205
 20
256.3413928465
 30
0.0
 11
75.4770635967
 21
256.3413928465
 31
0.0
  0
LINE
  5
970
100
AcDbEntity
  8
0
100
AcDbLine
 62
7
  6
BYLAYER
 10
85.0556039983
 20
256.3413928465
 30
0.0
 11
85.7916036622
 21
256.3413928465
 31
0.0
  0
LINE
  5
971
100
AcDbEntity
  8
0
100
AcDbLine
 62
7
  6
BYLAYER
 10
89.0972161913
 20
256.4562864498
 30
0.0
 11
92.8926260659
 21
256.4562864498
 31
0.0
  0
LINE
  5
972
100
AcDbEntity
  8
0
100
AcDbLine
 62
7
  6
BYLAYER
 10
82.1950686044
 20
255.2876253104
 30
0.0
 11
81.985006343
 21
255.3094275855
 31
0.0
  0
LINE
  5
973
100
AcDbEntity
  8
0
100
AcDbLine
 62
7
  6
BYLAYER
 10
81.4717930734
 20
255.2876253104
 30
0.0
 11
81.6818553349
 21
255.2605339228
 31
0.0
  0
LINE
  5
974
100
AcDbEntity
  8
0
100
AcDbLine
 62
7
  6
BYLAYER
 10
76.1677723975
 20
257.2408167279
 30
0.0
 11
76.377834659
 21
257.2051433747
 31
0.0
  0
LINE
  5
975
100
AcDbEntity
  8
0
100
AcDbLine
 62
7
  6
BYLAYER
 10
76.8910479285
 20
257.1259231245
 30
0.0
 11
76.6809856671
 21
257.1615964777
 31
0.0
  0
LINE
  5
976
100
AcDbEntity
  8
0
100
AcDbLine
 62
7
  6
BYLAYER
 10
79.8039929966
 20
253.6593897577
 30
0.0
 11
79.2473493474
 21
253.7654982854
 31
0.0
  0
LINE
  5
977
100
AcDbEntity
  8
0
100
AcDbLine
 62
7
  6
BYLAYER
 10
84.2443497355
 20
253.5642211097
 30
0.0
 11
84.847078425
 21
253.4493274963
 31
0.0
  0
LINE
  5
978
100
AcDbEntity
  8
0
100
AcDbLine
 62
7
  6
BYLAYER
 10
84.8669210687
 20
253.6593897577
 30
0.0
 11
84.3181616836
 21
253.7639956107
 31
0.0
  0
LINE
  5
979
100
AcDbEntity
  8
0
100
AcDbLine
 62
7
  6
BYLAYER
 10
85.7916036622
 20
256.3413928465
 30
0.0
 11
86.3482473166
 21
256.2352843271
 31
0.0
  0
LINE
  5
97A
100
AcDbEntity
  8
0
100
AcDbLine
 62
7
  6
BYLAYER
 10
86.4141763286
 20
256.4365615046
 30
0.0
 11
85.8114462596
 21
256.5514551079
 31
0.0
  0
LINE
  5
97B
100
AcDbEntity
  8
0
100
AcDbLine
 62
7
  6
BYLAYER
 10
79.7841503976
 20
254.1386891967
 30
0.0
 11
79.3019664803
 21
254.2535828
 31
0.0
  0
LINE
  5
97C
100
AcDbEntity
  8
0
100
AcDbLine
 62
7
  6
BYLAYER
 10
84.2610268475
 20
254.062389108
 30
0.0
 11
84.8223973182
 21
253.9286269352
 31
0.0
  0
LINE
  5
97D
100
AcDbEntity
  8
0
100
AcDbLine
 62
7
  6
BYLAYER
 10
84.847078425
 20
254.1386891967
 30
0.0
 11
84.3648951975
 21
254.2535828
 31
0.0
  0
LINE
  5
97E
100
AcDbEntity
  8
0
100
AcDbLine
 62
7
  6
BYLAYER
 10
84.6059875011
 20
255.9769870913
 30
0.0
 11
85.0881707286
 21
255.862093488
 31
0.0
  0
LINE
  5
97F
100
AcDbEntity
  8
0
100
AcDbLine
 62
7
  6
BYLAYER
 10
85.8114462596
 20
255.862093488
 30
0.0
 11
86.2936294871
 21
255.7471998846
 31
0.0
  0
LINE
  5
980
100
AcDbEntity
  8
0
100
AcDbLine
 62
7
  6
BYLAYER
 10
85.1128518355
 20
256.0721557494
 30
0.0
 11
84.676295235
 21
256.1761775362
 31
0.0
  0
LINE
  5
981
100
AcDbEntity
  8
0
100
AcDbLine
 62
7
  6
BYLAYER
 10
86.3765691405
 20
255.9433804224
 30
0.0
 11
85.8361273665
 21
256.0721557494
 31
0.0
  0
LINE
  5
982
100
AcDbEntity
  8
0
100
AcDbLine
 62
7
  6
BYLAYER
 10
87.6196350872
 20
254.7131572938
 30
0.0
 11
87.4095728257
 21
254.7649118923
 31
0.0
  0
LINE
  5
983
100
AcDbEntity
  8
0
100
AcDbLine
 62
7
  6
BYLAYER
 10
86.8963595562
 20
254.8280508971
 30
0.0
 11
87.1064218176
 21
254.7618760387
 31
0.0
  0
LINE
  5
984
100
AcDbEntity
  8
0
100
AcDbLine
 62
7
  6
BYLAYER
 10
75.4444968665
 20
258.2748594797
 30
0.0
 11
75.806134632
 21
258.1599658763
 31
0.0
  0
LINE
  5
985
100
AcDbEntity
  8
0
100
AcDbLine
 62
7
  6
BYLAYER
 10
75.9159585079
 20
258.3454832681
 30
0.0
 11
75.4770635967
 21
258.4849217411
 31
0.0
  0
LINE
  5
986
100
AcDbEntity
  8
0
100
AcDbLine
 62
7
  6
BYLAYER
 10
84.636914338
 20
256.4744120395
 30
0.0
 11
85.0556039983
 21
256.3413928465
 31
0.0
  0
LINE
  5
987
100
AcDbEntity
  8
0
100
AcDbLine
 62
7
  6
BYLAYER
 10
85.0881707286
 20
256.5514551079
 30
0.0
 11
84.726532963
 21
256.6663487112
 31
0.0
  0
LINE
  5
988
100
AcDbEntity
  8
0
100
AcDbLine
 62
7
  6
BYLAYER
 10
84.123802894
 20
256.2067742979
 30
0.0
 11
84.6059875011
 21
255.9769870913
 31
0.0
  0
LINE
  5
989
100
AcDbEntity
  8
0
100
AcDbLine
 62
7
  6
BYLAYER
 10
84.676295235
 20
256.1761775362
 30
0.0
 11
84.2444514672
 21
256.3819745933
 31
0.0
  0
LINE
  5
98A
100
AcDbEntity
  8
0
100
AcDbLine
 62
7
  6
BYLAYER
 10
86.3482473166
 20
256.2352843271
 30
0.0
 11
86.7757108964
 21
256.0315740851
 31
0.0
  0
LINE
  5
98B
100
AcDbEntity
  8
0
100
AcDbLine
 62
7
  6
BYLAYER
 10
86.8963595562
 20
256.2067742979
 30
0.0
 11
86.4141763286
 21
256.4365615046
 31
0.0
  0
LINE
  5
98C
100
AcDbEntity
  8
0
100
AcDbLine
 62
7
  6
BYLAYER
 10
83.6416196665
 20
258.045072273
 30
0.0
 11
83.8296880262
 21
257.9341305563
 31
0.0
  0
LINE
  5
98D
100
AcDbEntity
  8
0
100
AcDbLine
 62
7
  6
BYLAYER
 10
87.2579973217
 20
257.5854978597
 30
0.0
 11
86.9619938046
 21
257.7955601212
 31
0.0
  0
LINE
  5
98E
100
AcDbEntity
  8
0
100
AcDbLine
 62
7
  6
BYLAYER
 10
86.208991087
 20
258.5367231559
 30
0.0
 11
86.6292701046
 21
258.2362944195
 31
0.0
  0
LINE
  5
98F
100
AcDbEntity
  8
0
100
AcDbLine
 62
7
  6
BYLAYER
 10
86.7758140942
 20
258.389753083
 30
0.0
 11
86.2936294871
 21
258.734433893
 31
0.0
  0
LINE
  5
990
100
AcDbEntity
  8
_26_DATUM_AXIS
100
AcDbLine
 62
7
  6
BYLAYER
 10
80.9847771788
 20
264.1857724489
 30
0.0
 11
81.6786357213
 21
263.6816547094
 31
0.0
  0
LINE
  5
991
100
AcDbEntity
  8
_26_DATUM_AXIS
100
AcDbLine
 62
7
  6
BYLAYER
 10
83.5559596567
 20
262.3176990314
 30
0.0
 11
84.4903742852
 21
261.638807065
 31
0.0
  0
LINE
  5
992
100
AcDbEntity
  8
0
100
AcDbLine
 62
7
  6
BYLAYER
 10
84.5921816773
 20
261.7789329189
 30
0.0
 11
83.6577670488
 21
262.4578248853
 31
0.0
  0
LINE
  5
993
100
AcDbEntity
  8
0
100
AcDbLine
 62
7
  6
BYLAYER
 10
81.7804431134
 20
263.8217805632
 30
0.0
 11
80.9330322576
 21
264.4374605886
 31
0.0
  0
LINE
  5
994
100
AcDbEntity
  8
0
100
AcDbLine
 62
7
  6
BYLAYER
 10
80.6826633605
 20
264.7492069009
 30
0.0
 11
80.8227892144
 21
264.6473995088
 31
0.0
  0
LINE
  5
995
100
AcDbEntity
  8
0
100
AcDbLine
 62
7
  6
BYLAYER
 10
84.8790345104
 20
261.7003647973
 30
0.0
 11
84.7389086565
 21
261.8021721894
 31
0.0
  0
LINE
  5
996
100
AcDbEntity
  8
0
100
AcDbLine
 62
7
  6
BYLAYER
 10
80.9695161936
 20
264.6706387793
 30
0.0
 11
81.9039308221
 21
263.9917468129
 31
0.0
  0
LINE
  5
997
100
AcDbEntity
  8
0
100
AcDbLine
 62
7
  6
BYLAYER
 10
83.7812547575
 20
262.627791135
 30
0.0
 11
84.6286656133
 21
262.0121111095
 31
0.0
  0
LINE
  5
998
100
AcDbEntity
  8
_26_DATUM_AXIS
100
AcDbLine
 62
7
  6
BYLAYER
 10
84.5769206921
 20
262.2637992493
 30
0.0
 11
83.8830621496
 21
262.7679169888
 31
0.0
  0
LINE
  5
999
100
AcDbEntity
  8
_26_DATUM_AXIS
100
AcDbLine
 62
7
  6
BYLAYER
 10
82.0057382142
 20
264.1318726667
 30
0.0
 11
81.0713235857
 21
264.8107646331
 31
0.0
  0
LINE
  5
99A
100
AcDbEntity
  8
0
100
AcDbLine
 62
7
  6
BYLAYER
 10
92.6825638044
 20
256.6663487112
 30
0.0
 11
92.8926260659
 21
256.4562864498
 31
0.0
  0
LINE
  5
99B
100
AcDbEntity
  8
0
100
AcDbLine
 62
7
  6
BYLAYER
 10
92.6825638044
 20
258.8493274963
 30
0.0
 11
92.8926260659
 21
258.6392652348
 31
0.0
  0
LINE
  5
99C
100
AcDbEntity
  8
0
100
AcDbLine
 62
7
  6
BYLAYER
 10
84.676295235
 20
258.535243448
 30
0.0
 11
85.1128518355
 21
258.6392652348
 31
0.0
  0
LINE
  5
99D
100
AcDbEntity
  8
0
100
AcDbLine
 62
7
  6
BYLAYER
 10
85.0881707286
 20
258.8493274963
 30
0.0
 11
84.6059875011
 21
258.734433893
 31
0.0
  0
LINE
  5
99E
100
AcDbEntity
  8
0
100
AcDbLine
 62
7
  6
BYLAYER
 10
75.3239510596
 20
255.862093488
 30
0.0
 11
75.9266807837
 21
255.9769870913
 31
0.0
  0
LINE
  5
99F
100
AcDbEntity
  8
0
100
AcDbLine
 62
7
  6
BYLAYER
 10
75.8420423021
 20
256.1746978276
 30
0.0
 11
75.3041084511
 21
256.0721557494
 31
0.0
  0
LINE
  5
9A0
100
AcDbEntity
  8
0
100
AcDbLine
 62
7
  6
BYLAYER
 10
76.8910479285
 20
257.5854978597
 30
0.0
 11
76.6809856671
 21
257.5498245065
 31
0.0
  0
LINE
  5
9A1
100
AcDbEntity
  8
0
100
AcDbLine
 62
7
  6
BYLAYER
 10
76.1677723975
 20
257.5854978597
 30
0.0
 11
76.377834659
 21
257.6211712129
 31
0.0
  0
LINE
  5
9A2
100
AcDbEntity
  8
0
100
AcDbLine
 62
7
  6
BYLAYER
 10
83.5210735147
 20
257.1259231245
 30
0.0
 11
83.7311357762
 21
257.1530145122
 31
0.0
  0
LINE
  5
9A3
100
AcDbEntity
  8
0
100
AcDbLine
 62
7
  6
BYLAYER
 10
85.8114462596
 20
256.5514551079
 30
0.0
 11
85.0881707286
 21
256.5514551079
 31
0.0
  0
LINE
  5
9A4
100
AcDbEntity
  8
0
100
AcDbLine
 62
7
  6
BYLAYER
 10
75.4444968665
 20
256.5514551079
 30
0.0
 11
73.1541244665
 21
256.5514551079
 31
0.0
  0
LINE
  5
9A5
100
AcDbEntity
  8
0
100
AcDbLine
 62
7
  6
BYLAYER
 10
92.6825638044
 20
256.6663487112
 30
0.0
 11
89.3072784528
 21
256.6663487112
 31
0.0
  0
LINE
  5
9A6
100
AcDbEntity
  8
0
100
AcDbLine
 62
7
  6
BYLAYER
 10
86.5347217906
 20
257.5854978597
 30
0.0
 11
87.2579973217
 21
257.5854978597
 31
0.0
  0
LINE
  5
9A7
100
AcDbEntity
  8
0
100
AcDbLine
 62
7
  6
BYLAYER
 10
97.7808489354
 20
257.6493274963
 30
0.0
 11
96.5808489354
 21
257.6493274963
 31
0.0
  0
LINE
  5
9A8
100
AcDbEntity
  8
0
100
AcDbLine
 62
7
  6
BYLAYER
 10
67.7808489354
 20
257.6493274963
 30
0.0
 11
68.9808489354
 21
257.6493274963
 31
0.0
  0
LINE
  5
9A9
100
AcDbEntity
  8
0
100
AcDbLine
 62
7
  6
BYLAYER
 10
86.9619938046
 20
257.7955601212
 30
0.0
 11
86.6617363434
 21
257.7955601212
 31
0.0
  0
LINE
  5
9AA
100
AcDbEntity
  8
0
100
AcDbLine
 62
7
  6
BYLAYER
 10
85.0881707286
 20
258.1599658763
 30
0.0
 11
85.8114462596
 21
258.1599658763
 31
0.0
  0
LINE
  5
9AB
100
AcDbEntity
  8
0
100
AcDbLine
 62
7
  6
BYLAYER
 10
73.1541244665
 20
258.2748594797
 30
0.0
 11
75.4444968665
 21
258.2748594797
 31
0.0
  0
LINE
  5
9AC
100
AcDbEntity
  8
0
100
AcDbLine
 62
7
  6
BYLAYER
 10
85.8440129899
 20
258.3700281378
 30
0.0
 11
85.0556039983
 21
258.3700281378
 31
0.0
  0
LINE
  5
9AD
100
AcDbEntity
  8
0
100
AcDbLine
 62
7
  6
BYLAYER
 10
75.4770635967
 20
258.4849217411
 30
0.0
 11
72.944062205
 21
258.4849217411
 31
0.0
  0
LINE
  5
9AE
100
AcDbEntity
  8
0
100
AcDbLine
 62
7
  6
BYLAYER
 10
93.195777074
 20
258.6392652348
 30
0.0
 11
92.8926260659
 21
258.6392652348
 31
0.0
  0
LINE
  5
9AF
100
AcDbEntity
  8
0
100
AcDbLine
 62
7
  6
BYLAYER
 10
72.6409111969
 20
258.6392652348
 30
0.0
 11
75.3041084511
 21
258.6392652348
 31
0.0
  0
LINE
  5
9B0
100
AcDbEntity
  8
0
100
AcDbLine
 62
7
  6
BYLAYER
 10
78.0654776797
 20
258.6392652348
 30
0.0
 11
78.3686286878
 21
258.6392652348
 31
0.0
  0
LINE
  5
9B1
100
AcDbEntity
  8
0
100
AcDbLine
 62
7
  6
BYLAYER
 10
81.6818553349
 20
258.6392652348
 30
0.0
 11
81.985006343
 21
258.6392652348
 31
0.0
  0
LINE
  5
9B2
100
AcDbEntity
  8
0
100
AcDbLine
 62
7
  6
BYLAYER
 10
85.1128518355
 20
258.6392652348
 30
0.0
 11
85.6710581556
 21
258.6392652348
 31
0.0
  0
LINE
  5
9B3
100
AcDbEntity
  8
0
100
AcDbLine
 62
7
  6
BYLAYER
 10
88.7940651832
 20
258.6392652348
 30
0.0
 11
89.0972161913
 21
258.6392652348
 31
0.0
  0
LINE
  5
9B4
100
AcDbEntity
  8
0
100
AcDbLine
 62
7
  6
BYLAYER
 10
93.4058393355
 20
258.8493274963
 30
0.0
 11
92.6825638044
 21
258.8493274963
 31
0.0
  0
LINE
  5
9B5
100
AcDbEntity
  8
0
100
AcDbLine
 62
7
  6
BYLAYER
 10
89.3072784528
 20
258.8493274963
 30
0.0
 11
88.5840029217
 21
258.8493274963
 31
0.0
  0
LINE
  5
9B6
100
AcDbEntity
  8
0
100
AcDbLine
 62
7
  6
BYLAYER
 10
85.6909007976
 20
258.8493274963
 30
0.0
 11
85.0881707286
 21
258.8493274963
 31
0.0
  0
LINE
  5
9B7
100
AcDbEntity
  8
0
100
AcDbLine
 62
7
  6
BYLAYER
 10
82.1950686044
 20
258.8493274963
 30
0.0
 11
81.4717930734
 21
258.8493274963
 31
0.0
  0
LINE
  5
9B8
100
AcDbEntity
  8
0
100
AcDbLine
 62
7
  6
BYLAYER
 10
78.5786909492
 20
258.8493274963
 30
0.0
 11
77.8554154182
 21
258.8493274963
 31
0.0
  0
LINE
  5
9B9
100
AcDbEntity
  8
0
100
AcDbLine
 62
7
  6
BYLAYER
 10
75.3239510596
 20
258.8493274963
 30
0.0
 11
72.4308489354
 21
258.8493274963
 31
0.0
  0
LINE
  5
9BA
100
AcDbEntity
  8
0
100
AcDbLine
 62
7
  6
BYLAYER
 10
97.7808489354
 20
260.0979229576
 30
0.0
 11
96.5808489354
 21
260.0979229576
 31
0.0
  0
LINE
  5
9BB
100
AcDbEntity
  8
0
100
AcDbLine
 62
7
  6
BYLAYER
 10
67.7808489354
 20
260.0979229576
 30
0.0
 11
68.9808489354
 21
260.0979229576
 31
0.0
  0
LINE
  5
9BC
100
AcDbEntity
  8
0
100
AcDbLine
 62
7
  6
BYLAYER
 10
83.5210735147
 20
257.5854978597
 30
0.0
 11
83.7311357762
 21
257.5584064721
 31
0.0
  0
LINE
  5
9BD
100
AcDbEntity
  8
0
100
AcDbLine
 62
7
  6
BYLAYER
 10
84.2443497355
 20
257.4706039345
 30
0.0
 11
84.0342874741
 21
257.5062771599
 31
0.0
  0
LINE
  5
9BE
100
AcDbEntity
  8
0
100
AcDbLine
 62
7
  6
BYLAYER
 10
75.3041084511
 20
258.6392652348
 30
0.0
 11
75.8420423021
 21
258.5367231566
 31
0.0
  0
LINE
  5
9BF
100
AcDbEntity
  8
0
100
AcDbLine
 62
7
  6
BYLAYER
 10
75.9266807837
 20
258.734433893
 30
0.0
 11
75.3239510596
 21
258.8493274963
 31
0.0
  0
LINE
  5
9C0
100
AcDbEntity
  8
0
100
AcDbLine
 62
7
  6
BYLAYER
 10
85.6710581556
 20
258.6392652348
 30
0.0
 11
86.208991087
 21
258.5367231559
 31
0.0
  0
LINE
  5
9C1
100
AcDbEntity
  8
0
100
AcDbLine
 62
7
  6
BYLAYER
 10
86.2936294871
 20
258.734433893
 30
0.0
 11
85.6909007976
 21
258.8493274963
 31
0.0
  0
LINE
  5
9C2
100
AcDbEntity
  8
0
100
AcDbLine
 62
7
  6
BYLAYER
 10
85.8114462596
 20
258.1599658763
 30
0.0
 11
86.1730840251
 21
258.045072273
 31
0.0
  0
LINE
  5
9C3
100
AcDbEntity
  8
0
100
AcDbLine
 62
7
  6
BYLAYER
 10
86.2829078257
 20
258.2305896887
 30
0.0
 11
85.8440129899
 21
258.3700281378
 31
0.0
  0
LINE
  5
9C4
100
AcDbEntity
  8
FASEN
100
AcDbLine
 62
7
  6
BYLAYER
 10
100.2708489354
 20
176.7412947201
 30
0.0
 11
99.6708489354
 21
176.1412947201
 31
0.0
  0
LINE
  5
9C5
100
AcDbEntity
  8
0
100
AcDbLine
 62
7
  6
BYLAYER
 10
83.0590989354
 20
260.9095358491
 30
0.0
 11
82.8858938547
 21
260.9095358491
 31
0.0
  0
LINE
  5
9C6
100
AcDbEntity
  8
0
100
AcDbLine
 62
7
  6
BYLAYER
 10
82.5025989354
 20
260.9095358491
 30
0.0
 11
82.6758040162
 21
260.9095358491
 31
0.0
  0
LINE
  5
9C7
100
AcDbEntity
  8
FASEN
100
AcDbLine
 62
7
  6
BYLAYER
 10
173.6489315693
 20
254.8912947201
 30
0.0
 11
173.0489315693
 21
254.2912947201
 31
0.0
  0
LINE
  5
9C8
100
AcDbEntity
  8
0
100
AcDbLine
 62
7
  6
BYLAYER
 10
194.4839315693
 20
170.2912947201
 30
0.0
 11
193.5839315693
 21
170.2912947201
 31
0.0
  0
LINE
  5
9C9
100
AcDbEntity
  8
0
100
AcDbLine
 62
7
  6
BYLAYER
 10
186.8639315693
 20
170.2912947201
 30
0.0
 11
185.9639315693
 21
170.2912947201
 31
0.0
  0
LINE
  5
9CA
100
AcDbEntity
  8
0
100
AcDbLine
 62
7
  6
BYLAYER
 10
197.3489315693
 20
170.2912947201
 30
0.0
 11
198.0989315693
 21
170.2912947201
 31
0.0
  0
LINE
  5
9CB
100
AcDbEntity
  8
0
100
AcDbLine
 62
7
  6
BYLAYER
 10
194.4839315693
 20
171.0412947201
 30
0.0
 11
193.5839315693
 21
171.0412947201
 31
0.0
  0
LINE
  5
9CC
100
AcDbEntity
  8
0
100
AcDbLine
 62
7
  6
BYLAYER
 10
185.9639315693
 20
171.0412947201
 30
0.0
 11
186.8639315693
 21
171.0412947201
 31
0.0
  0
LINE
  5
9CD
100
AcDbEntity
  8
0
100
AcDbLine
 62
7
  6
BYLAYER
 10
197.3489315693
 20
171.4912947201
 30
0.0
 11
198.0989315693
 21
171.4912947201
 31
0.0
  0
LINE
  5
9CE
100
AcDbEntity
  8
FASEN
100
AcDbLine
 62
7
  6
BYLAYER
 10
228.0683632213
 20
176.1412947201
 30
0.0
 11
224.7694999173
 21
176.1412947201
 31
0.0
  0
LINE
  5
9CF
100
AcDbEntity
  8
FASEN
100
AcDbLine
 62
7
  6
BYLAYER
 10
201.3983632213
 20
176.1412947201
 30
0.0
 11
198.0994999173
 21
176.1412947201
 31
0.0
  0
LINE
  5
9D0
100
AcDbEntity
  8
FASEN
100
AcDbLine
 62
7
  6
BYLAYER
 10
173.0489315693
 20
250.9918630681
 30
0.0
 11
173.0489315693
 21
254.2907263721
 31
0.0
  0
LINE
  5
9D1
100
AcDbEntity
  8
FASEN
100
AcDbLine
 62
7
  6
BYLAYER
 10
173.6489315693
 20
250.3912947201
 30
0.0
 11
173.6489315693
 21
254.8912947201
 31
0.0
  0
LINE
  5
9D2
100
AcDbEntity
  8
FASEN
100
AcDbLine
 62
7
  6
BYLAYER
 10
228.6689315693
 20
176.7412947201
 30
0.0
 11
224.1689315693
 21
176.7412947201
 31
0.0
  0
LINE
  5
9D3
100
AcDbEntity
  8
FASEN
100
AcDbLine
 62
7
  6
BYLAYER
 10
201.9989315693
 20
176.7412947201
 30
0.0
 11
198.0989315693
 21
176.7412947201
 31
0.0
  0
LINE
  5
9D4
100
AcDbEntity
  8
0
100
AcDbLine
 62
7
  6
BYLAYER
 10
194.9489315693
 20
180.6412947201
 30
0.0
 11
182.9489315693
 21
180.6412947201
 31
0.0
  0
LINE
  5
9D5
100
AcDbEntity
  8
0
100
AcDbLine
 62
7
  6
BYLAYER
 10
195.9992997571
 20
180.6412947201
 30
0.0
 11
197.3489315693
 21
180.6412947201
 31
0.0
  0
LINE
  5
9D6
100
AcDbEntity
  8
0
100
AcDbLine
 62
7
  6
BYLAYER
 10
198.0989315693
 20
180.6412947201
 30
0.0
 11
203.4985633814
 21
180.6412947201
 31
0.0
  0
LINE
  5
9D7
100
AcDbEntity
  8
BEZUGSACHSEN
100
AcDbLine
 62
7
  6
BYLAYER
 10
216.8489315693
 20
180.6412947201
 30
0.0
 11
222.6692997571
 21
180.6412947201
 31
0.0
  0
LINE
  5
9D8
100
AcDbEntity
  8
0
100
AcDbLine
 62
7
  6
BYLAYER
 10
222.6692997571
 20
180.6412947201
 30
0.0
 11
230.1685633814
 21
180.6412947201
 31
0.0
  0
LINE
  5
9D9
100
AcDbEntity
  8
BEZUGSACHSEN
100
AcDbLine
 62
7
  6
BYLAYER
 10
230.1689315693
 20
180.6412947201
 30
0.0
 11
234.8489315693
 21
180.6412947201
 31
0.0
  0
LINE
  5
9DA
100
AcDbEntity
  8
FASEN
100
AcDbLine
 62
7
  6
BYLAYER
 10
178.4489315693
 20
216.4918630681
 30
0.0
 11
178.4489315693
 21
219.7907263721
 31
0.0
  0
LINE
  5
9DB
100
AcDbEntity
  8
FASEN
100
AcDbLine
 62
7
  6
BYLAYER
 10
179.0489315693
 20
215.8912947201
 30
0.0
 11
179.0489315693
 21
220.3912947201
 31
0.0
  0
LINE
  5
9DC
100
AcDbEntity
  8
0
100
AcDbLine
 62
7
  6
BYLAYER
 10
234.8489315693
 20
181.6912947201
 30
0.0
 11
237.8489315693
 21
181.6912947201
 31
0.0
  0
LINE
  5
9DD
100
AcDbEntity
  8
0
100
AcDbLine
 62
7
  6
BYLAYER
 10
231.8489315693
 20
182.1412947201
 30
0.0
 11
229.2492849041
 21
182.1412947201
 31
0.0
  0
LINE
  5
9DE
100
AcDbEntity
  8
0
100
AcDbLine
 62
7
  6
BYLAYER
 10
223.5885782344
 20
182.1412947201
 30
0.0
 11
198.0989315693
 21
182.1412947201
 31
0.0
  0
LINE
  5
9DF
100
AcDbEntity
  8
0
100
AcDbLine
 62
7
  6
BYLAYER
 10
197.3489315693
 20
182.1412947201
 30
0.0
 11
194.9489315693
 21
182.1412947201
 31
0.0
  0
LINE
  5
9E0
100
AcDbEntity
  8
0
100
AcDbLine
 62
7
  6
BYLAYER
 10
231.8489315693
 20
184.6162947201
 30
0.0
 11
198.0989315693
 21
184.6162947201
 31
0.0
  0
LINE
  5
9E1
100
AcDbEntity
  8
0
100
AcDbLine
 62
7
  6
BYLAYER
 10
197.3489315693
 20
184.6162947201
 30
0.0
 11
182.9489315693
 21
184.6162947201
 31
0.0
  0
LINE
  5
9E2
100
AcDbEntity
  8
0
100
AcDbLine
 62
7
  6
BYLAYER
 10
231.8489315693
 20
185.0813491666
 30
0.0
 11
234.8489315693
 21
185.0813491666
 31
0.0
  0
LINE
  5
9E3
100
AcDbEntity
  8
RUNDUNGEN
100
AcDbLine
 62
7
  6
BYLAYER
 10
182.3489315693
 20
250.3912947201
 30
0.0
 11
182.3489315693
 21
250.4384308437
 31
0.0
  0
LINE
  5
9E4
100
AcDbEntity
  8
0
100
AcDbLine
 62
7
  6
BYLAYER
 10
182.9489315693
 20
180.6412947201
 30
0.0
 11
182.9489315693
 21
190.2412947201
 31
0.0
  0
LINE
  5
9E5
100
AcDbEntity
  8
FASEN
100
AcDbLine
 62
7
  6
BYLAYER
 10
182.9489315693
 20
214.3912955466
 30
0.0
 11
182.9489315693
 21
221.8912938935
 31
0.0
  0
LINE
  5
9E6
100
AcDbEntity
  8
RUNDUNGEN
100
AcDbLine
 62
7
  6
BYLAYER
 10
182.9489315693
 20
243.4105644478
 30
0.0
 11
182.9489315693
 21
249.8905773322
 31
0.0
  0
LINE
  5
9E7
100
AcDbEntity
  8
FASEN
100
AcDbLine
 62
7
  6
BYLAYER
 10
184.2479714198
 20
213.6412947201
 30
0.0
 11
184.2479714198
 21
222.6412947201
 31
0.0
  0
LINE
  5
9E8
100
AcDbEntity
  8
0
100
AcDbLine
 62
7
  6
BYLAYER
 10
237.8489315693
 20
185.2912947201
 30
0.0
 11
244.8989315693
 21
185.2912947201
 31
0.0
  0
LINE
  5
9E9
100
AcDbEntity
  8
0
100
AcDbLine
 62
7
  6
BYLAYER
 10
231.8489315693
 20
186.1162947201
 30
0.0
 11
198.0989315693
 21
186.1162947201
 31
0.0
  0
LINE
  5
9EA
100
AcDbEntity
  8
0
100
AcDbLine
 62
7
  6
BYLAYER
 10
197.3489315693
 20
186.1162947201
 30
0.0
 11
182.9489315693
 21
186.1162947201
 31
0.0
  0
LINE
  5
9EB
100
AcDbEntity
  8
0
100
AcDbLine
 62
7
  6
BYLAYER
 10
231.8489315693
 20
186.8662947201
 30
0.0
 11
198.0989315693
 21
186.8662947201
 31
0.0
  0
LINE
  5
9EC
100
AcDbEntity
  8
0
100
AcDbLine
 62
7
  6
BYLAYER
 10
197.3489315693
 20
186.8662947201
 30
0.0
 11
182.9489315693
 21
186.8662947201
 31
0.0
  0
LINE
  5
9ED
100
AcDbEntity
  8
0
100
AcDbLine
 62
7
  6
BYLAYER
 10
231.8489315693
 20
188.3662947201
 30
0.0
 11
198.0989315693
 21
188.3662947201
 31
0.0
  0
LINE
  5
9EE
100
AcDbEntity
  8
0
100
AcDbLine
 62
7
  6
BYLAYER
 10
197.3489315693
 20
188.3662947201
 30
0.0
 11
182.9489315693
 21
188.3662947201
 31
0.0
  0
LINE
  5
9EF
100
AcDbEntity
  8
0
100
AcDbLine
 62
7
  6
BYLAYER
 10
185.9639315693
 20
170.2912947201
 30
0.0
 11
185.9639315693
 21
180.6412947201
 31
0.0
  0
LINE
  5
9F0
100
AcDbEntity
  8
0
100
AcDbLine
 62
7
  6
BYLAYER
 10
186.8639315693
 20
170.2912947201
 30
0.0
 11
186.8639315693
 21
180.6412947201
 31
0.0
  0
LINE
  5
9F1
100
AcDbEntity
  8
0
100
AcDbLine
 62
7
  6
BYLAYER
 10
189.5489315693
 20
243.4105644478
 30
0.0
 11
189.5489315693
 21
222.6412947201
 31
0.0
  0
LINE
  5
9F2
100
AcDbEntity
  8
0
100
AcDbLine
 62
7
  6
BYLAYER
 10
182.9489315693
 20
190.2412947201
 30
0.0
 11
187.9227551123
 21
213.6412947201
 31
0.0
  0
LINE
  5
9F3
100
AcDbEntity
  8
FASEN
100
AcDbLine
 62
7
  6
BYLAYER
 10
179.0489315693
 20
220.3912947201
 30
0.0
 11
178.4489315693
 21
219.7912947201
 31
0.0
  0
LINE
  5
9F4
100
AcDbEntity
  8
0
100
AcDbLine
 62
7
  6
BYLAYER
 10
195.2489315693
 20
190.2897238488
 30
0.0
 11
197.3489315693
 21
190.2897238488
 31
0.0
  0
LINE
  5
9F5
100
AcDbEntity
  8
0
100
AcDbLine
 62
7
  6
BYLAYER
 10
198.0989315693
 20
190.2897238488
 30
0.0
 11
231.8489315693
 21
190.2897238488
 31
0.0
  0
LINE
  5
9F6
100
AcDbEntity
  8
0
100
AcDbLine
 62
7
  6
BYLAYER
 10
198.2489315693
 20
190.8825346602
 30
0.0
 11
198.0989315693
 21
190.8825346602
 31
0.0
  0
LINE
  5
9F7
100
AcDbEntity
  8
0
100
AcDbLine
 62
7
  6
BYLAYER
 10
197.3489315693
 20
190.8825346602
 30
0.0
 11
195.2489315693
 21
190.8825346602
 31
0.0
  0
LINE
  5
9F8
100
AcDbEntity
  8
0
100
AcDbLine
 62
7
  6
BYLAYER
 10
234.8489315693
 20
192.1172673607
 30
0.0
 11
237.8489315693
 21
192.1172673607
 31
0.0
  0
LINE
  5
9F9
100
AcDbEntity
  8
0
100
AcDbLine
 62
7
  6
BYLAYER
 10
198.2489315693
 20
192.8099406307
 30
0.0
 11
195.2489315693
 21
192.8099406307
 31
0.0
  0
LINE
  5
9FA
100
AcDbEntity
  8
FASEN
100
AcDbLine
 62
7
  6
BYLAYER
 10
179.0489315693
 20
215.8912947201
 30
0.0
 11
178.4489315693
 21
216.4912947201
 31
0.0
  0
LINE
  5
9FB
100
AcDbEntity
  8
0
100
AcDbLine
 62
7
  6
BYLAYER
 10
193.5839315693
 20
203.8763026065
 30
0.0
 11
193.5839315693
 21
196.8412947201
 31
0.0
  0
LINE
  5
9FC
100
AcDbEntity
  8
0
100
AcDbLine
 62
7
  6
BYLAYER
 10
193.5839315693
 20
170.2912944351
 30
0.0
 11
193.5839315693
 21
180.6412947201
 31
0.0
  0
LINE
  5
9FD
100
AcDbEntity
  8
0
100
AcDbLine
 62
7
  6
BYLAYER
 10
184.3518048763
 20
196.8412947201
 30
0.0
 11
201.8489315693
 21
196.8412947201
 31
0.0
  0
LINE
  5
9FE
100
AcDbEntity
  8
FASEN
100
AcDbLine
 62
7
  6
BYLAYER
 10
224.1689315693
 20
176.7412947201
 30
0.0
 11
224.7689315693
 21
176.1412947201
 31
0.0
  0
LINE
  5
9FF
100
AcDbEntity
  8
0
100
AcDbLine
 62
7
  6
BYLAYER
 10
194.4839315693
 20
203.8763026065
 30
0.0
 11
194.4839315693
 21
196.8412947201
 31
0.0
  0
LINE
  5
A00
100
AcDbEntity
  8
0
100
AcDbLine
 62
7
  6
BYLAYER
 10
194.4839315693
 20
170.2912944351
 30
0.0
 11
194.4839315693
 21
180.6412947201
 31
0.0
  0
LINE
  5
A01
100
AcDbEntity
  8
0
100
AcDbLine
 62
7
  6
BYLAYER
 10
194.9489315693
 20
182.1412947201
 30
0.0
 11
194.9489315693
 21
180.6412947201
 31
0.0
  0
LINE
  5
A02
100
AcDbEntity
  8
0
100
AcDbLine
 62
7
  6
BYLAYER
 10
195.2489315693
 20
190.2897238488
 30
0.0
 11
195.2489315693
 21
196.8412947201
 31
0.0
  0
LINE
  5
A03
100
AcDbEntity
  8
0
100
AcDbLine
 62
7
  6
BYLAYER
 10
195.9989315693
 20
182.1412947201
 30
0.0
 11
195.9989315693
 21
180.6412947201
 31
0.0
  0
LINE
  5
A04
100
AcDbEntity
  8
0
100
AcDbLine
 62
7
  6
BYLAYER
 10
196.2389315693
 20
202.422861685
 30
0.0
 11
196.2389315693
 21
203.172861685
 31
0.0
  0
LINE
  5
A05
100
AcDbEntity
  8
0
100
AcDbLine
 62
7
  6
BYLAYER
 10
196.3889315693
 20
203.172861685
 30
0.0
 11
196.3889315693
 21
202.422861685
 31
0.0
  0
LINE
  5
A06
100
AcDbEntity
  8
0
100
AcDbLine
 62
7
  6
BYLAYER
 10
197.3489315693
 20
203.172861685
 30
0.0
 11
197.3489315693
 21
202.422861685
 31
0.0
  0
LINE
  5
A07
100
AcDbEntity
  8
0
100
AcDbLine
 62
7
  6
BYLAYER
 10
197.3489315693
 20
198.1984444904
 30
0.0
 11
197.3489315693
 21
196.8412947201
 31
0.0
  0
LINE
  5
A08
100
AcDbEntity
  8
0
100
AcDbLine
 62
7
  6
BYLAYER
 10
197.3489315693
 20
192.8099406307
 30
0.0
 11
197.3489315693
 21
170.2914805729
 31
0.0
  0
LINE
  5
A09
100
AcDbEntity
  8
_26_DATUM_AXIS
100
AcDbLine
 62
7
  6
BYLAYER
 10
197.4989315693
 20
203.172861685
 30
0.0
 11
197.4989315693
 21
202.422861685
 31
0.0
  0
LINE
  5
A0A
100
AcDbEntity
  8
0
100
AcDbLine
 62
7
  6
BYLAYER
 10
198.0989315693
 20
198.1984444904
 30
0.0
 11
198.0989315693
 21
196.8412947201
 31
0.0
  0
LINE
  5
A0B
100
AcDbEntity
  8
0
100
AcDbLine
 62
7
  6
BYLAYER
 10
198.0989315693
 20
192.8099406307
 30
0.0
 11
198.0989315693
 21
170.2914805729
 31
0.0
  0
LINE
  5
A0C
100
AcDbEntity
  8
0
100
AcDbLine
 62
7
  6
BYLAYER
 10
198.2489315693
 20
190.8825346602
 30
0.0
 11
198.2489315693
 21
192.8099406307
 31
0.0
  0
LINE
  5
A0D
100
AcDbEntity
  8
0
100
AcDbLine
 62
7
  6
BYLAYER
 10
187.6550443996
 20
196.8412947201
 30
0.0
 11
189.6723004498
 21
203.8763026065
 31
0.0
  0
LINE
  5
A0E
100
AcDbEntity
  8
0
100
AcDbLine
 62
7
  6
BYLAYER
 10
188.5913138919
 20
196.8412947201
 30
0.0
 11
190.6085699421
 21
203.8763026065
 31
0.0
  0
LINE
  5
A0F
100
AcDbEntity
  8
FASEN
100
AcDbLine
 62
7
  6
BYLAYER
 10
182.9489784194
 20
221.8912127436
 30
0.0
 11
184.248027636
 21
222.6411973533
 31
0.0
  0
LINE
  5
A10
100
AcDbEntity
  8
0
100
AcDbLine
 62
7
  6
BYLAYER
 10
198.0989315693
 20
198.1984444904
 30
0.0
 11
197.3489315693
 21
198.1984444904
 31
0.0
  0
LINE
  5
A11
100
AcDbEntity
  8
0
100
AcDbLine
 62
7
  6
BYLAYER
 10
201.6989315693
 20
199.2083928548
 30
0.0
 11
199.2989315693
 21
199.2083928548
 31
0.0
  0
LINE
  5
A12
100
AcDbEntity
  8
0
100
AcDbLine
 62
7
  6
BYLAYER
 10
201.6989315693
 20
199.6119483057
 30
0.0
 11
199.2989315693
 21
199.6119483057
 31
0.0
  0
LINE
  5
A13
100
AcDbEntity
  8
0
100
AcDbLine
 62
7
  6
BYLAYER
 10
195.6389315693
 20
201.822861685
 30
0.0
 11
194.8889315693
 21
201.822861685
 31
0.0
  0
LINE
  5
A14
100
AcDbEntity
  8
0
100
AcDbLine
 62
7
  6
BYLAYER
 10
197.4989315693
 20
202.422861685
 30
0.0
 11
196.3889315693
 21
202.422861685
 31
0.0
  0
LINE
  5
A15
100
AcDbEntity
  8
0
100
AcDbLine
 62
7
  6
BYLAYER
 10
196.3889315693
 20
202.422861685
 30
0.0
 11
196.2389315693
 21
202.422861685
 31
0.0
  0
LINE
  5
A16
100
AcDbEntity
  8
FASEN
100
AcDbLine
 62
7
  6
BYLAYER
 10
182.9489784194
 20
214.3913766966
 30
0.0
 11
184.248027636
 21
213.6413920869
 31
0.0
  0
LINE
  5
A17
100
AcDbEntity
  8
0
100
AcDbLine
 62
7
  6
BYLAYER
 10
199.2989315693
 20
199.208470617
 30
0.0
 11
199.2989315693
 21
201.0303676622
 31
0.0
  0
LINE
  5
A18
100
AcDbEntity
  8
_26_DATUM_AXIS
100
AcDbLine
 62
7
  6
BYLAYER
 10
199.2989315693
 20
201.0303676622
 30
0.0
 11
199.2989315693
 21
201.6213757274
 31
0.0
  0
LINE
  5
A19
100
AcDbEntity
  8
0
100
AcDbLine
 62
7
  6
BYLAYER
 10
199.2989315693
 20
201.6213757274
 30
0.0
 11
199.2989315693
 21
203.512601536
 31
0.0
  0
LINE
  5
A1A
100
AcDbEntity
  8
0
100
AcDbLine
 62
7
  6
BYLAYER
 10
199.2989315693
 20
204.2116751794
 30
0.0
 11
199.2989315693
 21
207.3792092422
 31
0.0
  0
LINE
  5
A1B
100
AcDbEntity
  8
0
100
AcDbLine
 62
7
  6
BYLAYER
 10
201.6989315693
 20
207.8409553487
 30
0.0
 11
201.6989315693
 21
205.4038273447
 31
0.0
  0
LINE
  5
A1C
100
AcDbEntity
  8
0
100
AcDbLine
 62
7
  6
BYLAYER
 10
201.6989315693
 20
199.208470617
 30
0.0
 11
201.6989315693
 21
199.7301499187
 31
0.0
  0
LINE
  5
A1D
100
AcDbEntity
  8
0
100
AcDbLine
 62
7
  6
BYLAYER
 10
201.8489315693
 20
196.8412947201
 30
0.0
 11
201.8489315693
 21
247.4443005462
 31
0.0
  0
LINE
  5
A1E
100
AcDbEntity
  8
BEZUGSACHSEN
100
AcDbLine
 62
7
  6
BYLAYER
 10
201.9989315693
 20
180.6412947201
 30
0.0
 11
201.9989315693
 21
176.7412947201
 31
0.0
  0
LINE
  5
A1F
100
AcDbEntity
  8
0
100
AcDbLine
 62
7
  6
BYLAYER
 10
196.3889315693
 20
203.172861685
 30
0.0
 11
196.2389315693
 21
203.172861685
 31
0.0
  0
LINE
  5
A20
100
AcDbEntity
  8
0
100
AcDbLine
 62
7
  6
BYLAYER
 10
197.4989315693
 20
203.172861685
 30
0.0
 11
196.3889315693
 21
203.172861685
 31
0.0
  0
LINE
  5
A21
100
AcDbEntity
  8
BEZUGSACHSEN
100
AcDbLine
 62
7
  6
BYLAYER
 10
231.8489315693
 20
203.4443562634
 30
0.0
 11
234.8489315693
 21
203.4443562634
 31
0.0
  0
LINE
  5
A22
100
AcDbEntity
  8
0
100
AcDbLine
 62
7
  6
BYLAYER
 10
234.8489315693
 20
203.4443562634
 30
0.0
 11
237.8489315693
 21
203.4443562634
 31
0.0
  0
LINE
  5
A23
100
AcDbEntity
  8
0
100
AcDbLine
 62
7
  6
BYLAYER
 10
185.8471419639
 20
203.8763026065
 30
0.0
 11
198.6005395939
 21
203.8763026065
 31
0.0
  0
LINE
  5
A24
100
AcDbEntity
  8
0
100
AcDbLine
 62
7
  6
BYLAYER
 10
201.6989315693
 20
205.5220289577
 30
0.0
 11
199.2989315693
 21
205.5220289577
 31
0.0
  0
LINE
  5
A25
100
AcDbEntity
  8
0
100
AcDbLine
 62
7
  6
BYLAYER
 10
203.4989315693
 20
182.1412947201
 30
0.0
 11
203.4989315693
 21
180.6412947201
 31
0.0
  0
LINE
  5
A26
100
AcDbEntity
  8
0
100
AcDbLine
 62
7
  6
BYLAYER
 10
196.5850854154
 20
200.4288550717
 30
0.0
 11
196.3081623385
 21
199.731851765
 31
0.0
  0
LINE
  5
A27
100
AcDbEntity
  8
0
100
AcDbLine
 62
7
  6
BYLAYER
 10
201.6989315693
 20
206.9958847981
 30
0.0
 11
199.2989315693
 21
206.9958847981
 31
0.0
  0
LINE
  5
A28
100
AcDbEntity
  8
0
100
AcDbLine
 62
7
  6
BYLAYER
 10
200.0489315693
 20
207.8409553487
 30
0.0
 11
201.6989315693
 21
207.8409553487
 31
0.0
  0
LINE
  5
A29
100
AcDbEntity
  8
BEZUGSACHSEN
100
AcDbLine
 62
7
  6
BYLAYER
 10
201.8489315693
 20
213.6412947201
 30
0.0
 11
184.2479714229
 21
213.6412947201
 31
0.0
  0
LINE
  5
A2A
100
AcDbEntity
  8
FASEN
100
AcDbLine
 62
7
  6
BYLAYER
 10
173.6489315693
 20
250.3912947201
 30
0.0
 11
173.0489315693
 21
250.9912947201
 31
0.0
  0
LINE
  5
A2B
100
AcDbEntity
  8
BEZUGSACHSEN
100
AcDbLine
 62
7
  6
BYLAYER
 10
182.9489315693
 20
215.8912947201
 30
0.0
 11
179.0489315693
 21
215.8912947201
 31
0.0
  0
LINE
  5
A2C
100
AcDbEntity
  8
DEFAULT_1
100
AcDbLine
 62
7
  6
BYLAYER
 10
175.3968799426
 20
218.1412947201
 30
0.0
 11
248.9489315693
 21
218.1412947201
 31
0.0
  0
LINE
  5
A2D
100
AcDbEntity
  8
0
100
AcDbLine
 62
7
  6
BYLAYER
 10
216.8489315693
 20
180.6418778072
 30
0.0
 11
216.8489315693
 21
182.1412947201
 31
0.0
  0
LINE
  5
A2E
100
AcDbEntity
  8
0
100
AcDbLine
 62
7
  6
BYLAYER
 10
216.8489315693
 20
232.3218989414
 30
0.0
 11
216.8489315693
 21
255.6441003547
 31
0.0
  0
LINE
  5
A2F
100
AcDbEntity
  8
BEZUGSACHSEN
100
AcDbLine
 62
7
  6
BYLAYER
 10
182.9489315693
 20
220.3912947201
 30
0.0
 11
179.0489315693
 21
220.3912947201
 31
0.0
  0
LINE
  5
A30
100
AcDbEntity
  8
BEZUGSACHSEN
100
AcDbLine
 62
7
  6
BYLAYER
 10
201.8489315693
 20
222.6412947201
 30
0.0
 11
184.2479714229
 21
222.6412947201
 31
0.0
  0
LINE
  5
A31
100
AcDbEntity
  8
0
100
AcDbLine
 62
7
  6
BYLAYER
 10
222.6689315693
 20
182.1412947201
 30
0.0
 11
222.6689315693
 21
180.6412947201
 31
0.0
  0
LINE
  5
A32
100
AcDbEntity
  8
0
100
AcDbLine
 62
7
  6
BYLAYER
 10
223.5885782344
 20
182.1412947201
 30
0.0
 11
223.5885782344
 21
180.6412947201
 31
0.0
  0
LINE
  5
A33
100
AcDbEntity
  8
BEZUGSACHSEN
100
AcDbLine
 62
7
  6
BYLAYER
 10
224.1689315693
 20
180.6412947201
 30
0.0
 11
224.1689315693
 21
176.7412947201
 31
0.0
  0
LINE
  5
A34
100
AcDbEntity
  8
BEZUGSACHSEN
100
AcDbLine
 62
7
  6
BYLAYER
 10
228.6689315693
 20
180.6412947201
 30
0.0
 11
228.6689315693
 21
176.7412947201
 31
0.0
  0
LINE
  5
A35
100
AcDbEntity
  8
0
100
AcDbLine
 62
7
  6
BYLAYER
 10
231.8489315693
 20
232.3218989414
 30
0.0
 11
216.8489315693
 21
232.3218989414
 31
0.0
  0
LINE
  5
A36
100
AcDbEntity
  8
0
100
AcDbLine
 62
7
  6
BYLAYER
 10
229.2492849041
 20
182.1412947201
 30
0.0
 11
229.2492849041
 21
180.6412947201
 31
0.0
  0
LINE
  5
A37
100
AcDbEntity
  8
0
100
AcDbLine
 62
7
  6
BYLAYER
 10
230.1689315693
 20
182.1412947201
 30
0.0
 11
230.1689315693
 21
180.6412947201
 31
0.0
  0
LINE
  5
A38
100
AcDbEntity
  8
0
100
AcDbLine
 62
7
  6
BYLAYER
 10
231.8489315693
 20
237.7501967703
 30
0.0
 11
231.8489315693
 21
236.5364285112
 31
0.0
  0
LINE
  5
A39
100
AcDbEntity
  8
BEZUGSACHSEN
100
AcDbLine
 62
7
  6
BYLAYER
 10
231.8489315693
 20
236.5364285112
 30
0.0
 11
231.8489315693
 21
203.4443562634
 31
0.0
  0
LINE
  5
A3A
100
AcDbEntity
  8
BEZUGSACHSEN
100
AcDbLine
 62
7
  6
BYLAYER
 10
231.8489315693
 20
182.1412947201
 30
0.0
 11
231.8489315693
 21
180.6412947201
 31
0.0
  0
LINE
  5
A3B
100
AcDbEntity
  8
0
100
AcDbLine
 62
7
  6
BYLAYER
 10
231.8489315693
 20
184.6162947201
 30
0.0
 11
231.8489315693
 21
203.4443562634
 31
0.0
  0
LINE
  5
A3C
100
AcDbEntity
  8
0
100
AcDbLine
 62
7
  6
BYLAYER
 10
189.5489315693
 20
233.4412947201
 30
0.0
 11
201.8489315693
 21
233.4412947201
 31
0.0
  0
LINE
  5
A3D
100
AcDbEntity
  8
BEZUGSACHSEN
100
AcDbLine
 62
7
  6
BYLAYER
 10
231.8489315693
 20
236.5364285112
 30
0.0
 11
234.8489315693
 21
236.5364285112
 31
0.0
  0
LINE
  5
A3E
100
AcDbEntity
  8
0
100
AcDbLine
 62
7
  6
BYLAYER
 10
234.8489315693
 20
236.5364285112
 30
0.0
 11
237.8489315693
 21
236.5364285112
 31
0.0
  0
LINE
  5
A3F
100
AcDbEntity
  8
BEZUGSACHSEN
100
AcDbLine
 62
7
  6
BYLAYER
 10
234.8489315693
 20
255.6408853207
 30
0.0
 11
234.8489315693
 21
192.1172673607
 31
0.0
  0
LINE
  5
A40
100
AcDbEntity
  8
0
100
AcDbLine
 62
7
  6
BYLAYER
 10
234.8489315693
 20
255.6408853207
 30
0.0
 11
234.8489315693
 21
181.6912947201
 31
0.0
  0
LINE
  5
A41
100
AcDbEntity
  8
BEZUGSACHSEN
100
AcDbLine
 62
7
  6
BYLAYER
 10
234.8489315693
 20
181.6912947201
 30
0.0
 11
234.8489315693
 21
180.6412947201
 31
0.0
  0
LINE
  5
A42
100
AcDbEntity
  8
FASEN
100
AcDbLine
 62
7
  6
BYLAYER
 10
201.9989315693
 20
176.7412947201
 30
0.0
 11
201.3989315693
 21
176.1412947201
 31
0.0
  0
LINE
  5
A43
100
AcDbEntity
  8
0
100
AcDbLine
 62
7
  6
BYLAYER
 10
189.5489315693
 20
237.6065734661
 30
0.0
 11
201.8489315693
 21
237.6065734661
 31
0.0
  0
LINE
  5
A44
100
AcDbEntity
  8
0
100
AcDbLine
 62
7
  6
BYLAYER
 10
231.8489315693
 20
237.7501967703
 30
0.0
 11
216.8489315693
 21
237.7501967703
 31
0.0
  0
LINE
  5
A45
100
AcDbEntity
  8
RUNDUNGEN
100
AcDbLine
 62
7
  6
BYLAYER
 10
237.8489315693
 20
237.9360912201
 30
0.0
 11
244.8989315693
 21
237.9360912201
 31
0.0
  0
LINE
  5
A46
100
AcDbEntity
  8
0
100
AcDbLine
 62
7
  6
BYLAYER
 10
237.8489315693
 20
255.6408853207
 30
0.0
 11
237.8489315693
 21
181.6912947201
 31
0.0
  0
LINE
  5
A47
100
AcDbEntity
  8
0
100
AcDbLine
 62
7
  6
BYLAYER
 10
238.6231149701
 20
246.5902292344
 30
0.0
 11
238.6231149701
 21
248.6483198462
 31
0.0
  0
LINE
  5
A48
100
AcDbEntity
  8
0
100
AcDbLine
 62
7
  6
BYLAYER
 10
241.6231149701
 20
248.6483198462
 30
0.0
 11
241.6231149701
 21
246.5902292344
 31
0.0
  0
LINE
  5
A49
100
AcDbEntity
  8
0
100
AcDbLine
 62
7
  6
BYLAYER
 10
182.9489315693
 20
243.4105644478
 30
0.0
 11
201.8489315693
 21
243.4105644478
 31
0.0
  0
LINE
  5
A4A
100
AcDbEntity
  8
0
100
AcDbLine
 62
7
  6
BYLAYER
 10
237.8489315693
 20
243.9738404907
 30
0.0
 11
216.8489315693
 21
243.9742991899
 31
0.0
  0
LINE
  5
A4B
100
AcDbEntity
  8
RUNDUNGEN
100
AcDbLine
 62
7
  6
BYLAYER
 10
237.8489315693
 20
244.3574830686
 30
0.0
 11
244.8989315693
 21
244.3574830686
 31
0.0
  0
LINE
  5
A4C
100
AcDbEntity
  8
RUNDUNGEN
100
AcDbLine
 62
7
  6
BYLAYER
 10
244.8989315693
 20
246.5902292344
 30
0.0
 11
244.8989315693
 21
185.2912947201
 31
0.0
  0
LINE
  5
A4D
100
AcDbEntity
  8
0
100
AcDbLine
 62
7
  6
BYLAYER
 10
245.5231149701
 20
250.6456628975
 30
0.0
 11
245.5231149701
 21
246.4344195096
 31
0.0
  0
LINE
  5
A4E
100
AcDbEntity
  8
0
100
AcDbLine
 62
7
  6
BYLAYER
 10
246.1002549227
 20
247.7493274963
 30
0.0
 11
246.1459150775
 21
249.7946770276
 31
0.0
  0
LINE
  5
A4F
100
AcDbEntity
  8
RUNDUNGEN
100
AcDbLine
 62
7
  6
BYLAYER
 10
237.8489315693
 20
246.5902292344
 30
0.0
 11
244.8989315693
 21
246.5902292344
 31
0.0
  0
LINE
  5
A50
100
AcDbEntity
  8
0
100
AcDbLine
 62
7
  6
BYLAYER
 10
242.2459149701
 20
246.6829824816
 30
0.0
 11
244.9003149701
 21
246.6829824816
 31
0.0
  0
LINE
  5
A51
100
AcDbEntity
  8
0
100
AcDbLine
 62
7
  6
BYLAYER
 10
201.8489315693
 20
247.4443005462
 30
0.0
 11
216.8489315693
 21
247.4443005462
 31
0.0
  0
LINE
  5
A52
100
AcDbEntity
  8
0
100
AcDbLine
 62
7
  6
BYLAYER
 10
246.1002549227
 20
247.7493274963
 30
0.0
 11
253.9231149701
 21
247.7493274963
 31
0.0
  0
LINE
  5
A53
100
AcDbEntity
  8
0
100
AcDbLine
 62
7
  6
BYLAYER
 10
238.6231149701
 20
248.3640380836
 30
0.0
 11
237.8489315693
 21
248.3640380836
 31
0.0
  0
LINE
  5
A54
100
AcDbEntity
  8
RUNDUNGEN
100
AcDbLine
 62
7
  6
BYLAYER
 10
216.8489315693
 20
248.6323770141
 30
0.0
 11
182.9489315693
 21
248.6323770141
 31
0.0
  0
LINE
  5
A55
100
AcDbEntity
  8
RUNDUNGEN
100
AcDbLine
 62
7
  6
BYLAYER
 10
246.0989315693
 20
245.5509987499
 30
0.0
 11
246.0989315693
 21
186.4915938911
 31
0.0
  0
LINE
  5
A56
100
AcDbEntity
  8
0
100
AcDbLine
 62
7
  6
BYLAYER
 10
246.1459150775
 20
249.7946770276
 30
0.0
 11
253.9231149701
 21
249.7946770276
 31
0.0
  0
LINE
  5
A57
100
AcDbEntity
  8
BEZUGSACHSEN
100
AcDbLine
 62
7
  6
BYLAYER
 10
182.3489315693
 20
250.3912947201
 30
0.0
 11
173.6489315693
 21
250.3912947201
 31
0.0
  0
LINE
  5
A58
100
AcDbEntity
  8
RUNDUNGEN
100
AcDbLine
 62
7
  6
BYLAYER
 10
182.3489315693
 20
250.4384308437
 30
0.0
 11
216.8489315693
 21
250.4384308437
 31
0.0
  0
LINE
  5
A59
100
AcDbEntity
  8
0
100
AcDbLine
 62
7
  6
BYLAYER
 10
237.8489315693
 20
250.6456628975
 30
0.0
 11
253.9231149701
 21
250.6456628975
 31
0.0
  0
LINE
  5
A5A
100
AcDbEntity
  8
0
100
AcDbLine
 62
7
  6
BYLAYER
 10
255.4231149701
 20
251.6493274963
 30
0.0
 11
257.5231149701
 21
251.6493274963
 31
0.0
  0
LINE
  5
A5B
100
AcDbEntity
  8
0
100
AcDbLine
 62
7
  6
BYLAYER
 10
253.9231149701
 20
250.6456628975
 30
0.0
 11
253.9231149701
 21
247.7493274963
 31
0.0
  0
LINE
  5
A5C
100
AcDbEntity
  8
BEZUGSACHSEN
100
AcDbLine
 62
7
  6
BYLAYER
 10
216.8489315693
 20
254.8912947201
 30
0.0
 11
173.6489315693
 21
254.8912947201
 31
0.0
  0
LINE
  5
A5D
100
AcDbEntity
  8
BEZUGSACHSEN
100
AcDbLine
 62
7
  6
BYLAYER
 10
216.8489315693
 20
255.6412947201
 30
0.0
 11
234.8489315693
 21
255.6412947201
 31
0.0
  0
LINE
  5
A5E
100
AcDbEntity
  8
0
100
AcDbLine
 62
7
  6
BYLAYER
 10
234.8489315693
 20
255.6412947201
 30
0.0
 11
237.8489315693
 21
255.6412947201
 31
0.0
  0
LINE
  5
A5F
100
AcDbEntity
  8
0
100
AcDbLine
 62
7
  6
BYLAYER
 10
255.4231149701
 20
257.6493274963
 30
0.0
 11
257.5231149701
 21
257.6493274963
 31
0.0
  0
LINE
  5
A60
100
AcDbEntity
  8
0
100
AcDbLine
 62
7
  6
BYLAYER
 10
255.4231149701
 20
267.8493274963
 30
0.0
 11
255.4231149701
 21
251.6493274963
 31
0.0
  0
LINE
  5
A61
100
AcDbEntity
  8
0
100
AcDbLine
 62
7
  6
BYLAYER
 10
256.3231149701
 20
267.8493274963
 30
0.0
 11
256.3231149701
 21
257.6493274963
 31
0.0
  0
LINE
  5
A62
100
AcDbEntity
  8
0
100
AcDbLine
 62
7
  6
BYLAYER
 10
257.5231149701
 20
251.6493274963
 30
0.0
 11
257.5231149701
 21
266.6004289755
 31
0.0
  0
LINE
  5
A63
100
AcDbEntity
  8
FASEN
100
AcDbLine
 62
7
  6
BYLAYER
 10
228.6689315693
 20
176.7412947201
 30
0.0
 11
228.0689315693
 21
176.1412947201
 31
0.0
  0
LINE
  5
A64
100
AcDbEntity
  8
0
100
AcDbLine
 62
7
  6
BYLAYER
 10
255.4231149701
 20
260.0979229576
 30
0.0
 11
257.5231149701
 21
260.0979229576
 31
0.0
  0
LINE
  5
A65
100
AcDbEntity
  8
0
100
AcDbLine
 62
7
  6
BYLAYER
 10
255.4231149701
 20
265.6600718229
 30
0.0
 11
256.3231149701
 21
265.6600718229
 31
0.0
  0
LINE
  5
A66
100
AcDbEntity
  8
0
100
AcDbLine
 62
7
  6
BYLAYER
 10
255.4231149701
 20
267.8493274963
 30
0.0
 11
256.3231149701
 21
267.8493274963
 31
0.0
  0
LINE
  5
A67
100
AcDbEntity
  8
0
100
AcDbLine
 62
7
  6
BYLAYER
 10
256.3231149701
 20
265.6600718229
 30
0.0
 11
257.5231149701
 21
264.5476420498
 31
0.0
  0
LINE
  5
A68
100
AcDbEntity
  8
0
100
AcDbLine
 62
7
  6
BYLAYER
 10
256.3231149701
 20
267.8493274963
 30
0.0
 11
257.2933862834
 21
266.879056183
 31
0.0
  0
LINE
  5
A69
100
AcDbEntity
  8
FASEN
100
AcDbLine
 62
7
  6
BYLAYER
 10
368.6312133396
 20
176.1412947201
 30
0.0
 11
365.8262133396
 21
176.1412947201
 31
0.0
  0
LINE
  5
A6A
100
AcDbEntity
  8
FASEN
100
AcDbLine
 62
7
  6
BYLAYER
 10
337.6412133396
 20
176.1412947201
 30
0.0
 11
334.8512133396
 21
176.1412947201
 31
0.0
  0
LINE
  5
A6B
100
AcDbEntity
  8
FASEN
100
AcDbLine
 62
7
  6
BYLAYER
 10
369.2312133396
 20
176.7412947201
 30
0.0
 11
365.8262133396
 21
176.7412947201
 31
0.0
  0
LINE
  5
A6C
100
AcDbEntity
  8
FASEN
100
AcDbLine
 62
7
  6
BYLAYER
 10
337.6412133396
 20
176.7412947201
 30
0.0
 11
334.2512133396
 21
176.7412947201
 31
0.0
  0
LINE
  5
A6D
100
AcDbEntity
  8
FASEN
100
AcDbLine
 62
7
  6
BYLAYER
 10
334.2512133396
 20
176.7412947201
 30
0.0
 11
334.8512133396
 21
176.1412947201
 31
0.0
  0
LINE
  5
A6E
100
AcDbEntity
  8
0
100
AcDbLine
 62
7
  6
BYLAYER
 10
360.5162133396
 20
180.6412947201
 30
0.0
 11
358.2062133396
 21
180.6412947201
 31
0.0
  0
LINE
  5
A6F
100
AcDbEntity
  8
0
100
AcDbLine
 62
7
  6
BYLAYER
 10
356.7062133396
 20
180.6412947201
 30
0.0
 11
354.3962133396
 21
180.6412947201
 31
0.0
  0
LINE
  5
A70
100
AcDbEntity
  8
0
100
AcDbLine
 62
7
  6
BYLAYER
 10
352.8962133396
 20
180.6412947201
 30
0.0
 11
350.5412133396
 21
180.6412947201
 31
0.0
  0
LINE
  5
A71
100
AcDbEntity
  8
0
100
AcDbLine
 62
7
  6
BYLAYER
 10
349.0412133396
 20
180.6412947201
 30
0.0
 11
346.7762133396
 21
180.6412947201
 31
0.0
  0
LINE
  5
A72
100
AcDbEntity
  8
0
100
AcDbLine
 62
7
  6
BYLAYER
 10
345.2762133396
 20
180.6412947201
 30
0.0
 11
342.9662133396
 21
180.6412947201
 31
0.0
  0
LINE
  5
A73
100
AcDbEntity
  8
0
100
AcDbLine
 62
7
  6
BYLAYER
 10
322.0413404958
 20
180.6412947201
 30
0.0
 11
337.6412133396
 21
180.6412947201
 31
0.0
  0
LINE
  5
A74
100
AcDbEntity
  8
0
100
AcDbLine
 62
7
  6
BYLAYER
 10
339.1412133396
 20
180.6412947201
 30
0.0
 11
341.4662133396
 21
180.6412947201
 31
0.0
  0
LINE
  5
A75
100
AcDbEntity
  8
0
100
AcDbLine
 62
7
  6
BYLAYER
 10
362.0162133396
 20
180.6412947201
 30
0.0
 11
364.3262133396
 21
180.6412947201
 31
0.0
  0
LINE
  5
A76
100
AcDbEntity
  8
0
100
AcDbLine
 62
7
  6
BYLAYER
 10
365.8262133396
 20
180.6412947201
 30
0.0
 11
369.4412133396
 21
180.6412947201
 31
0.0
  0
LINE
  5
A77
100
AcDbEntity
  8
0
100
AcDbLine
 62
7
  6
BYLAYER
 10
378.7412133396
 20
181.6912947201
 30
0.0
 11
372.7412133396
 21
181.6912947201
 31
0.0
  0
LINE
  5
A78
100
AcDbEntity
  8
0
100
AcDbLine
 62
7
  6
BYLAYER
 10
370.3412133396
 20
181.6912947201
 30
0.0
 11
369.4412133396
 21
181.6912947201
 31
0.0
  0
LINE
  5
A79
100
AcDbEntity
  8
FASEN
100
AcDbLine
 62
7
  6
BYLAYER
 10
366.2762133396
 20
182.1412947201
 30
0.0
 11
365.8262133396
 21
182.1412947201
 31
0.0
  0
LINE
  5
A7A
100
AcDbEntity
  8
FASEN
100
AcDbLine
 62
7
  6
BYLAYER
 10
334.0412133396
 20
182.1412947201
 30
0.0
 11
337.6562133396
 21
182.1412947201
 31
0.0
  0
LINE
  5
A7B
100
AcDbEntity
  8
FASEN
100
AcDbLine
 62
7
  6
BYLAYER
 10
339.1562133396
 20
182.1412947201
 30
0.0
 11
341.4662133396
 21
182.1412947201
 31
0.0
  0
LINE
  5
A7C
100
AcDbEntity
  8
FASEN
100
AcDbLine
 62
7
  6
BYLAYER
 10
342.9662133396
 20
182.1412947201
 30
0.0
 11
345.2762133396
 21
182.1412947201
 31
0.0
  0
LINE
  5
A7D
100
AcDbEntity
  8
FASEN
100
AcDbLine
 62
7
  6
BYLAYER
 10
346.7762133396
 20
182.1412947201
 30
0.0
 11
349.0412133396
 21
182.1412947201
 31
0.0
  0
LINE
  5
A7E
100
AcDbEntity
  8
FASEN
100
AcDbLine
 62
7
  6
BYLAYER
 10
350.5412133396
 20
182.1412947201
 30
0.0
 11
352.8962133396
 21
182.1412947201
 31
0.0
  0
LINE
  5
A7F
100
AcDbEntity
  8
FASEN
100
AcDbLine
 62
7
  6
BYLAYER
 10
354.3962133396
 20
182.1412947201
 30
0.0
 11
356.7062133396
 21
182.1412947201
 31
0.0
  0
LINE
  5
A80
100
AcDbEntity
  8
FASEN
100
AcDbLine
 62
7
  6
BYLAYER
 10
358.2062133396
 20
182.1412947201
 30
0.0
 11
360.5162133396
 21
182.1412947201
 31
0.0
  0
LINE
  5
A81
100
AcDbEntity
  8
FASEN
100
AcDbLine
 62
7
  6
BYLAYER
 10
362.0162133396
 20
182.1412947201
 30
0.0
 11
364.3262133396
 21
182.1412947201
 31
0.0
  0
LINE
  5
A82
100
AcDbEntity
  8
0
100
AcDbLine
 62
7
  6
BYLAYER
 10
366.2762133396
 20
182.1412947201
 30
0.0
 11
366.7412133396
 21
182.1412947201
 31
0.0
  0
LINE
  5
A83
100
AcDbEntity
  8
BEZUGSACHSEN
100
AcDbLine
 62
7
  6
BYLAYER
 10
317.2412133396
 20
199.7461609289
 30
0.0
 11
317.2412133396
 21
232.8382331768
 31
0.0
  0
LINE
  5
A84
100
AcDbEntity
  8
0
100
AcDbLine
 62
7
  6
BYLAYER
 10
369.4412133396
 20
184.6162947201
 30
0.0
 11
370.3412133396
 21
184.6162947201
 31
0.0
  0
LINE
  5
A85
100
AcDbEntity
  8
0
100
AcDbLine
 62
7
  6
BYLAYER
 10
370.3412133396
 20
186.1162947201
 30
0.0
 11
369.4412133396
 21
186.1162947201
 31
0.0
  0
LINE
  5
A86
100
AcDbEntity
  8
FASEN
100
AcDbLine
 62
7
  6
BYLAYER
 10
336.9062133396
 20
187.5412947201
 30
0.0
 11
337.6562133396
 21
186.7912947201
 31
0.0
  0
LINE
  5
A87
100
AcDbEntity
  8
0
100
AcDbLine
 62
7
  6
BYLAYER
 10
336.9812133396
 20
187.6162947201
 30
0.0
 11
337.6412133396
 21
186.9562947201
 31
0.0
  0
LINE
  5
A88
100
AcDbEntity
  8
BEZUGSACHSEN
100
AcDbLine
 62
7
  6
BYLAYER
 10
322.0412133396
 20
188.4412947201
 30
0.0
 11
322.0412133396
 21
180.9412947201
 31
0.0
  0
LINE
  5
A89
100
AcDbEntity
  8
BEZUGSACHSEN
100
AcDbLine
 62
7
  6
BYLAYER
 10
322.0412133396
 20
188.4412947201
 30
0.0
 11
322.0412133396
 21
195.9412947201
 31
0.0
  0
LINE
  5
A8A
100
AcDbEntity
  8
RUNDUNGEN
100
AcDbLine
 62
7
  6
BYLAYER
 10
348.369281461
 20
251.555316841
 30
0.0
 11
347.6360012536
 21
251.3314822341
 31
0.0
  0
LINE
  5
A8B
100
AcDbEntity
  8
0
100
AcDbLine
 62
7
  6
BYLAYER
 10
369.4412133396
 20
186.8662947201
 30
0.0
 11
370.3412133396
 21
186.8662947201
 31
0.0
  0
LINE
  5
A8C
100
AcDbEntity
  8
0
100
AcDbLine
 62
7
  6
BYLAYER
 10
370.3412133396
 20
188.3662947201
 30
0.0
 11
369.4412133396
 21
188.3662947201
 31
0.0
  0
LINE
  5
A8D
100
AcDbEntity
  8
BEZUGSACHSEN
100
AcDbLine
 62
7
  6
BYLAYER
 10
322.0412133396
 20
188.4412947201
 30
0.0
 11
314.5412133396
 21
188.4412947201
 31
0.0
  0
LINE
  5
A8E
100
AcDbEntity
  8
BEZUGSACHSEN
100
AcDbLine
 62
7
  6
BYLAYER
 10
322.0412133396
 20
188.4412947201
 30
0.0
 11
329.5412133396
 21
188.4412947201
 31
0.0
  0
LINE
  5
A8F
100
AcDbEntity
  8
0
100
AcDbLine
 62
7
  6
BYLAYER
 10
334.0412133396
 20
190.2412947201
 30
0.0
 11
336.7412133396
 21
190.2412947201
 31
0.0
  0
LINE
  5
A90
100
AcDbEntity
  8
FASEN
100
AcDbLine
 62
7
  6
BYLAYER
 10
336.7412133396
 20
190.2412947201
 30
0.0
 11
337.6562133396
 21
190.2412947201
 31
0.0
  0
LINE
  5
A91
100
AcDbEntity
  8
FASEN
100
AcDbLine
 62
7
  6
BYLAYER
 10
339.1562133396
 20
190.2412947201
 30
0.0
 11
341.4662133396
 21
190.2412947201
 31
0.0
  0
LINE
  5
A92
100
AcDbEntity
  8
FASEN
100
AcDbLine
 62
7
  6
BYLAYER
 10
342.9662133396
 20
190.2412947201
 30
0.0
 11
345.2762133396
 21
190.2412947201
 31
0.0
  0
LINE
  5
A93
100
AcDbEntity
  8
FASEN
100
AcDbLine
 62
7
  6
BYLAYER
 10
346.7762133396
 20
190.2412947201
 30
0.0
 11
349.0412133396
 21
190.2412947201
 31
0.0
  0
LINE
  5
A94
100
AcDbEntity
  8
FASEN
100
AcDbLine
 62
7
  6
BYLAYER
 10
350.5412133396
 20
190.2412947201
 30
0.0
 11
352.8962133396
 21
190.2412947201
 31
0.0
  0
LINE
  5
A95
100
AcDbEntity
  8
FASEN
100
AcDbLine
 62
7
  6
BYLAYER
 10
354.3962133396
 20
190.2412947201
 30
0.0
 11
356.7062133396
 21
190.2412947201
 31
0.0
  0
LINE
  5
A96
100
AcDbEntity
  8
FASEN
100
AcDbLine
 62
7
  6
BYLAYER
 10
358.2062133396
 20
190.2412947201
 30
0.0
 11
360.5162133396
 21
190.2412947201
 31
0.0
  0
LINE
  5
A97
100
AcDbEntity
  8
FASEN
100
AcDbLine
 62
7
  6
BYLAYER
 10
362.0162133396
 20
190.2412947201
 30
0.0
 11
364.3262133396
 21
190.2412947201
 31
0.0
  0
LINE
  5
A98
100
AcDbEntity
  8
FASEN
100
AcDbLine
 62
7
  6
BYLAYER
 10
365.8262133396
 20
190.2412947201
 30
0.0
 11
366.7412133396
 21
190.2412947201
 31
0.0
  0
LINE
  5
A99
100
AcDbEntity
  8
0
100
AcDbLine
 62
7
  6
BYLAYER
 10
366.7412133396
 20
190.2412947201
 30
0.0
 11
369.4412133396
 21
190.2412947201
 31
0.0
  0
LINE
  5
A9A
100
AcDbEntity
  8
0
100
AcDbLine
 62
7
  6
BYLAYER
 10
337.6562133396
 20
190.4212947201
 30
0.0
 11
339.1562133396
 21
190.4212947201
 31
0.0
  0
LINE
  5
A9B
100
AcDbEntity
  8
0
100
AcDbLine
 62
7
  6
BYLAYER
 10
345.2762133396
 20
190.4212947201
 30
0.0
 11
346.7762133396
 21
190.4212947201
 31
0.0
  0
LINE
  5
A9C
100
AcDbEntity
  8
0
100
AcDbLine
 62
7
  6
BYLAYER
 10
352.8962133396
 20
190.4212947201
 30
0.0
 11
354.3962133396
 21
190.4212947201
 31
0.0
  0
LINE
  5
A9D
100
AcDbEntity
  8
0
100
AcDbLine
 62
7
  6
BYLAYER
 10
360.5162133396
 20
190.4212947201
 30
0.0
 11
362.0162133396
 21
190.4212947201
 31
0.0
  0
LINE
  5
A9E
100
AcDbEntity
  8
FASEN
100
AcDbLine
 62
7
  6
BYLAYER
 10
340.7162133396
 20
184.8412947201
 30
0.0
 11
341.4662133396
 21
184.0912947201
 31
0.0
  0
LINE
  5
A9F
100
AcDbEntity
  8
0
100
AcDbLine
 62
7
  6
BYLAYER
 10
340.7912133396
 20
184.9162947201
 30
0.0
 11
341.4662133396
 21
184.2412947201
 31
0.0
  0
LINE
  5
AA0
100
AcDbEntity
  8
FASEN
100
AcDbLine
 62
7
  6
BYLAYER
 10
339.9062133396
 20
187.5412947201
 30
0.0
 11
339.1562133396
 21
188.2912947201
 31
0.0
  0
LINE
  5
AA1
100
AcDbEntity
  8
FASEN
100
AcDbLine
 62
7
  6
BYLAYER
 10
343.7162133396
 20
184.8412947201
 30
0.0
 11
342.9662133396
 21
185.5912947201
 31
0.0
  0
LINE
  5
AA2
100
AcDbEntity
  8
0
100
AcDbLine
 62
7
  6
BYLAYER
 10
327.723203252
 20
228.7210532916
 30
0.0
 11
335.3881886198
 21
238.531787174
 31
0.0
  0
LINE
  5
AA3
100
AcDbEntity
  8
0
100
AcDbLine
 62
7
  6
BYLAYER
 10
335.4818083561
 20
238.4191274661
 30
0.0
 11
327.8359940687
 21
228.6329314477
 31
0.0
  0
LINE
  5
AA4
100
AcDbEntity
  8
0
100
AcDbLine
 62
7
  6
BYLAYER
 10
335.7579401436
 20
238.2033896695
 30
0.0
 11
335.7771112241
 21
238.2279275335
 31
0.0
  0
LINE
  5
AA5
100
AcDbEntity
  8
0
100
AcDbLine
 62
7
  6
BYLAYER
 10
337.6562133396
 20
191.4458356465
 30
0.0
 11
339.1562133396
 21
191.4458356465
 31
0.0
  0
LINE
  5
AA6
100
AcDbEntity
  8
0
100
AcDbLine
 62
7
  6
BYLAYER
 10
345.2762133396
 20
191.4458356465
 30
0.0
 11
346.7762133396
 21
191.4458356465
 31
0.0
  0
LINE
  5
AA7
100
AcDbEntity
  8
0
100
AcDbLine
 62
7
  6
BYLAYER
 10
352.8962133396
 20
191.4458356465
 30
0.0
 11
354.3962133396
 21
191.4458356465
 31
0.0
  0
LINE
  5
AA8
100
AcDbEntity
  8
0
100
AcDbLine
 62
7
  6
BYLAYER
 10
360.5162133396
 20
191.4458356465
 30
0.0
 11
362.0162133396
 21
191.4458356465
 31
0.0
  0
LINE
  5
AA9
100
AcDbEntity
  8
FASEN
100
AcDbLine
 62
7
  6
BYLAYER
 10
344.5262133396
 20
187.5412947201
 30
0.0
 11
345.2762133396
 21
186.7912947201
 31
0.0
  0
LINE
  5
AAA
100
AcDbEntity
  8
0
100
AcDbLine
 62
7
  6
BYLAYER
 10
344.6012133396
 20
187.6162947201
 30
0.0
 11
345.2762133396
 21
186.9412947201
 31
0.0
  0
LINE
  5
AAB
100
AcDbEntity
  8
FASEN
100
AcDbLine
 62
7
  6
BYLAYER
 10
348.2912133396
 20
184.8412947201
 30
0.0
 11
349.0412133396
 21
184.0912947201
 31
0.0
  0
LINE
  5
AAC
100
AcDbEntity
  8
0
100
AcDbLine
 62
7
  6
BYLAYER
 10
348.3662133396
 20
184.9162947201
 30
0.0
 11
349.0412133396
 21
184.2412947201
 31
0.0
  0
LINE
  5
AAD
100
AcDbEntity
  8
FASEN
100
AcDbLine
 62
7
  6
BYLAYER
 10
347.5262133396
 20
187.5412947201
 30
0.0
 11
346.7762133396
 21
188.2912947201
 31
0.0
  0
LINE
  5
AAE
100
AcDbEntity
  8
FASEN
100
AcDbLine
 62
7
  6
BYLAYER
 10
351.2912133396
 20
184.8412947201
 30
0.0
 11
350.5412133396
 21
185.5912947201
 31
0.0
  0
LINE
  5
AAF
100
AcDbEntity
  8
0
100
AcDbLine
 62
7
  6
BYLAYER
 10
334.7067491822
 20
236.208895028
 30
0.0
 11
330.0892881173
 21
230.2988143759
 31
0.0
  0
LINE
  5
AB0
100
AcDbEntity
  8
0
100
AcDbLine
 62
7
  6
BYLAYER
 10
336.097398298
 20
237.9776918462
 30
0.0
 11
335.3315683526
 21
236.9974742159
 31
0.0
  0
LINE
  5
AB1
100
AcDbEntity
  8
0
100
AcDbLine
 62
7
  6
BYLAYER
 10
329.4752905396
 20
229.5017804333
 30
0.0
 11
328.4324129302
 21
228.1669579638
 31
0.0
  0
LINE
  5
AB2
100
AcDbEntity
  8
0
100
AcDbLine
 62
7
  6
BYLAYER
 10
335.5895969574
 20
236.8516078767
 30
0.0
 11
335.1278508509
 21
236.2605998115
 31
0.0
  0
LINE
  5
AB3
100
AcDbEntity
  8
0
100
AcDbLine
 62
7
  6
BYLAYER
 10
329.6792467943
 20
229.2867046421
 30
0.0
 11
330.1409929008
 21
229.8777127073
 31
0.0
  0
LINE
  5
AB4
100
AcDbEntity
  8
0
100
AcDbLine
 62
7
  6
BYLAYER
 10
336.080229872
 20
236.4682834326
 30
0.0
 11
335.6184837655
 21
235.8772753674
 31
0.0
  0
LINE
  5
AB5
100
AcDbEntity
  8
0
100
AcDbLine
 62
7
  6
BYLAYER
 10
330.1698797089
 20
228.903380198
 30
0.0
 11
330.6316258154
 21
229.4943882632
 31
0.0
  0
LINE
  5
AB6
100
AcDbEntity
  8
0
100
AcDbLine
 62
7
  6
BYLAYER
 10
330.7608877741
 20
228.4416340915
 30
0.0
 11
331.2226338806
 21
229.0326421567
 31
0.0
  0
LINE
  5
AB7
100
AcDbEntity
  8
RUNDUNGEN
100
AcDbLine
 62
7
  6
BYLAYER
 10
336.6772523089
 20
236.0773336894
 30
0.0
 11
338.2064920856
 21
237.6065734661
 31
0.0
  0
LINE
  5
AB8
100
AcDbEntity
  8
RUNDUNGEN
100
AcDbLine
 62
7
  6
BYLAYER
 10
366.5635430498
 20
251.4827635338
 30
0.0
 11
367.063039988
 21
251.7099054771
 31
0.0
  0
LINE
  5
AB9
100
AcDbEntity
  8
0
100
AcDbLine
 62
7
  6
BYLAYER
 10
376.9465699131
 20
196.8412947201
 30
0.0
 11
372.7412133396
 21
196.8412947201
 31
0.0
  0
LINE
  5
ABA
100
AcDbEntity
  8
0
100
AcDbLine
 62
7
  6
BYLAYER
 10
366.7412133396
 20
196.8412947201
 30
0.0
 11
370.3412133396
 21
196.8412947201
 31
0.0
  0
LINE
  5
ABB
100
AcDbEntity
  8
0
100
AcDbLine
 62
7
  6
BYLAYER
 10
370.3412133396
 20
198.1984444904
 30
0.0
 11
372.7412133396
 21
198.1984444904
 31
0.0
  0
LINE
  5
ABC
100
AcDbEntity
  8
FASEN
100
AcDbLine
 62
7
  6
BYLAYER
 10
352.1462133396
 20
187.5412947201
 30
0.0
 11
352.8962133396
 21
186.7912947201
 31
0.0
  0
LINE
  5
ABD
100
AcDbEntity
  8
0
100
AcDbLine
 62
7
  6
BYLAYER
 10
352.2212133396
 20
187.6162947201
 30
0.0
 11
352.8962133396
 21
186.9412947201
 31
0.0
  0
LINE
  5
ABE
100
AcDbEntity
  8
FASEN
100
AcDbLine
 62
7
  6
BYLAYER
 10
355.9562133396
 20
184.8412947201
 30
0.0
 11
356.7062133396
 21
184.0912947201
 31
0.0
  0
LINE
  5
ABF
100
AcDbEntity
  8
0
100
AcDbLine
 62
7
  6
BYLAYER
 10
356.0312133396
 20
184.9162947201
 30
0.0
 11
356.7062133396
 21
184.2412947201
 31
0.0
  0
LINE
  5
AC0
100
AcDbEntity
  8
RUNDUNGEN
100
AcDbLine
 62
7
  6
BYLAYER
 10
334.0412133396
 20
229.7133726587
 30
0.0
 11
334.0412133396
 21
221.2918534426
 31
0.0
  0
LINE
  5
AC1
100
AcDbEntity
  8
0
100
AcDbLine
 62
7
  6
BYLAYER
 10
334.0412133396
 20
221.2918534426
 30
0.0
 11
334.0412133396
 21
180.6412947201
 31
0.0
  0
LINE
  5
AC2
100
AcDbEntity
  8
BEZUGSACHSEN
100
AcDbLine
 62
7
  6
BYLAYER
 10
334.2512133396
 20
180.6412947201
 30
0.0
 11
334.2512133396
 21
176.7412947201
 31
0.0
  0
LINE
  5
AC3
100
AcDbEntity
  8
0
100
AcDbLine
 62
7
  6
BYLAYER
 10
353.8412133396
 20
241.7287604438
 30
0.0
 11
354.4412133396
 21
242.0104433814
 31
0.0
  0
LINE
  5
AC4
100
AcDbEntity
  8
0
100
AcDbLine
 62
7
  6
BYLAYER
 10
370.3412133396
 20
199.731851765
 30
0.0
 11
372.7412133396
 21
199.731851765
 31
0.0
  0
LINE
  5
AC5
100
AcDbEntity
  8
0
100
AcDbLine
 62
7
  6
BYLAYER
 10
360.5162133396
 20
200.1412947201
 30
0.0
 11
358.2062133396
 21
200.1412947201
 31
0.0
  0
LINE
  5
AC6
100
AcDbEntity
  8
0
100
AcDbLine
 62
7
  6
BYLAYER
 10
356.7062133396
 20
200.1412947201
 30
0.0
 11
354.3962133396
 21
200.1412947201
 31
0.0
  0
LINE
  5
AC7
100
AcDbEntity
  8
0
100
AcDbLine
 62
7
  6
BYLAYER
 10
352.8962133396
 20
200.1412947201
 30
0.0
 11
350.5412133396
 21
200.1412947201
 31
0.0
  0
LINE
  5
AC8
100
AcDbEntity
  8
0
100
AcDbLine
 62
7
  6
BYLAYER
 10
349.0412133396
 20
200.1412947201
 30
0.0
 11
346.7762133396
 21
200.1412947201
 31
0.0
  0
LINE
  5
AC9
100
AcDbEntity
  8
0
100
AcDbLine
 62
7
  6
BYLAYER
 10
345.2762133396
 20
200.1412947201
 30
0.0
 11
342.9662133396
 21
200.1412947201
 31
0.0
  0
LINE
  5
ACA
100
AcDbEntity
  8
0
100
AcDbLine
 62
7
  6
BYLAYER
 10
370.3412133396
 20
201.822861685
 30
0.0
 11
372.7412133396
 21
201.822861685
 31
0.0
  0
LINE
  5
ACB
100
AcDbEntity
  8
0
100
AcDbLine
 62
7
  6
BYLAYER
 10
360.5162133396
 20
202.4212947201
 30
0.0
 11
358.2062133396
 21
202.4212947201
 31
0.0
  0
LINE
  5
ACC
100
AcDbEntity
  8
0
100
AcDbLine
 62
7
  6
BYLAYER
 10
345.2762133396
 20
202.4212947201
 30
0.0
 11
342.9662133396
 21
202.4212947201
 31
0.0
  0
LINE
  5
ACD
100
AcDbEntity
  8
0
100
AcDbLine
 62
7
  6
BYLAYER
 10
370.179912062
 20
202.422861685
 30
0.0
 11
370.3412133396
 21
202.422861685
 31
0.0
  0
LINE
  5
ACE
100
AcDbEntity
  8
0
100
AcDbLine
 62
7
  6
BYLAYER
 10
370.3412133396
 20
203.172861685
 30
0.0
 11
372.7412133396
 21
203.172861685
 31
0.0
  0
LINE
  5
ACF
100
AcDbEntity
  8
0
100
AcDbLine
 62
7
  6
BYLAYER
 10
370.179912062
 20
203.172861685
 30
0.0
 11
370.3412133396
 21
203.172861685
 31
0.0
  0
LINE
  5
AD0
100
AcDbEntity
  8
FASEN
100
AcDbLine
 62
7
  6
BYLAYER
 10
355.1462133396
 20
187.5412947201
 30
0.0
 11
354.3962133396
 21
188.2912947201
 31
0.0
  0
LINE
  5
AD1
100
AcDbEntity
  8
FASEN
100
AcDbLine
 62
7
  6
BYLAYER
 10
358.9562133396
 20
184.8412947201
 30
0.0
 11
358.2062133396
 21
185.5912947201
 31
0.0
  0
LINE
  5
AD2
100
AcDbEntity
  8
FASEN
100
AcDbLine
 62
7
  6
BYLAYER
 10
359.7662133396
 20
187.5412947201
 30
0.0
 11
360.5162133396
 21
186.7912947201
 31
0.0
  0
LINE
  5
AD3
100
AcDbEntity
  8
0
100
AcDbLine
 62
7
  6
BYLAYER
 10
359.8412133396
 20
187.6162947201
 30
0.0
 11
360.5162133396
 21
186.9412947201
 31
0.0
  0
LINE
  5
AD4
100
AcDbEntity
  8
0
100
AcDbLine
 62
7
  6
BYLAYER
 10
336.7412133396
 20
232.4062868337
 30
0.0
 11
336.7412133396
 21
190.2412947201
 31
0.0
  0
LINE
  5
AD5
100
AcDbEntity
  8
0
100
AcDbLine
 62
7
  6
BYLAYER
 10
336.7412133396
 20
257.6493274963
 30
0.0
 11
336.7412133396
 21
260.0979229576
 31
0.0
  0
LINE
  5
AD6
100
AcDbEntity
  8
FASEN
100
AcDbLine
 62
7
  6
BYLAYER
 10
337.2062133396
 20
190.2412947201
 30
0.0
 11
337.2062133396
 21
187.8412947201
 31
0.0
  0
LINE
  5
AD7
100
AcDbEntity
  8
FASEN
100
AcDbLine
 62
7
  6
BYLAYER
 10
337.2062133396
 20
182.1412947201
 30
0.0
 11
337.2062133396
 21
187.2412947201
 31
0.0
  0
LINE
  5
AD8
100
AcDbEntity
  8
0
100
AcDbLine
 62
7
  6
BYLAYER
 10
337.6412133396
 20
186.9562947201
 30
0.0
 11
337.6412133396
 21
186.8062947201
 31
0.0
  0
LINE
  5
AD9
100
AcDbEntity
  8
0
100
AcDbLine
 62
7
  6
BYLAYER
 10
337.6412133396
 20
182.1412947201
 30
0.0
 11
337.6412133396
 21
171.0412947201
 31
0.0
  0
LINE
  5
ADA
100
AcDbEntity
  8
FASEN
100
AcDbLine
 62
7
  6
BYLAYER
 10
337.6562133396
 20
190.2412947201
 30
0.0
 11
337.6562133396
 21
188.2912947201
 31
0.0
  0
LINE
  5
ADB
100
AcDbEntity
  8
FASEN
100
AcDbLine
 62
7
  6
BYLAYER
 10
337.6562133396
 20
182.1412947201
 30
0.0
 11
337.6562133396
 21
186.7912947201
 31
0.0
  0
LINE
  5
ADC
100
AcDbEntity
  8
0
100
AcDbLine
 62
7
  6
BYLAYER
 10
337.6562133396
 20
190.2412947201
 30
0.0
 11
337.6562133396
 21
210.1912947201
 31
0.0
  0
LINE
  5
ADD
100
AcDbEntity
  8
0
100
AcDbLine
 62
7
  6
BYLAYER
 10
338.2064920856
 20
237.6065734661
 30
0.0
 11
338.2064920856
 21
243.4105644478
 31
0.0
  0
LINE
  5
ADE
100
AcDbEntity
  8
0
100
AcDbLine
 62
7
  6
BYLAYER
 10
339.1412133396
 20
171.0412947201
 30
0.0
 11
339.1412133396
 21
186.9262947201
 31
0.0
  0
LINE
  5
ADF
100
AcDbEntity
  8
FASEN
100
AcDbLine
 62
7
  6
BYLAYER
 10
339.1562133396
 20
182.1412947201
 30
0.0
 11
339.1562133396
 21
186.7912947201
 31
0.0
  0
LINE
  5
AE0
100
AcDbEntity
  8
FASEN
100
AcDbLine
 62
7
  6
BYLAYER
 10
339.1562133396
 20
188.2912947201
 30
0.0
 11
339.1562133396
 21
190.2412947201
 31
0.0
  0
LINE
  5
AE1
100
AcDbEntity
  8
0
100
AcDbLine
 62
7
  6
BYLAYER
 10
339.1562133396
 20
190.2412947201
 30
0.0
 11
339.1562133396
 21
209.466166388
 31
0.0
  0
LINE
  5
AE2
100
AcDbEntity
  8
FASEN
100
AcDbLine
 62
7
  6
BYLAYER
 10
339.6062133396
 20
182.1412947201
 30
0.0
 11
339.6062133396
 21
187.2412947201
 31
0.0
  0
LINE
  5
AE3
100
AcDbEntity
  8
FASEN
100
AcDbLine
 62
7
  6
BYLAYER
 10
339.6062133396
 20
187.8412947201
 30
0.0
 11
339.6062133396
 21
190.2412947201
 31
0.0
  0
LINE
  5
AE4
100
AcDbEntity
  8
FASEN
100
AcDbLine
 62
7
  6
BYLAYER
 10
339.8912133396
 20
232.6912947201
 30
0.0
 11
339.8912133396
 21
231.7912947201
 31
0.0
  0
LINE
  5
AE5
100
AcDbEntity
  8
0
100
AcDbLine
 62
7
  6
BYLAYER
 10
353.8412133396
 20
238.9824866931
 30
0.0
 11
354.4412133396
 21
239.5387970058
 31
0.0
  0
LINE
  5
AE6
100
AcDbEntity
  8
0
100
AcDbLine
 62
7
  6
BYLAYER
 10
353.8412133396
 20
238.645340759
 30
0.0
 11
354.4412133396
 21
239.2016510717
 31
0.0
  0
LINE
  5
AE7
100
AcDbEntity
  8
0
100
AcDbLine
 62
7
  6
BYLAYER
 10
353.8412133396
 20
238.645340759
 30
0.0
 11
354.3900617806
 21
239.1108405389
 31
0.0
  0
LINE
  5
AE8
100
AcDbEntity
  8
0
100
AcDbLine
 62
7
  6
BYLAYER
 10
369.4412133396
 20
203.8763026065
 30
0.0
 11
366.7412133396
 21
203.8763026065
 31
0.0
  0
LINE
  5
AE9
100
AcDbEntity
  8
FASEN
100
AcDbLine
 62
7
  6
BYLAYER
 10
363.5762133396
 20
184.8412947201
 30
0.0
 11
364.3262133396
 21
184.0912947201
 31
0.0
  0
LINE
  5
AEA
100
AcDbEntity
  8
0
100
AcDbLine
 62
7
  6
BYLAYER
 10
364.3262133396
 20
184.2412947201
 30
0.0
 11
363.6512133396
 21
184.9162947201
 31
0.0
  0
LINE
  5
AEB
100
AcDbEntity
  8
FASEN
100
AcDbLine
 62
7
  6
BYLAYER
 10
362.7662133396
 20
187.5412947201
 30
0.0
 11
362.0162133396
 21
188.2912947201
 31
0.0
  0
LINE
  5
AEC
100
AcDbEntity
  8
FASEN
100
AcDbLine
 62
7
  6
BYLAYER
 10
366.5762133396
 20
184.8412947201
 30
0.0
 11
365.8262133396
 21
185.5912947201
 31
0.0
  0
LINE
  5
AED
100
AcDbEntity
  8
FASEN
100
AcDbLine
 62
7
  6
BYLAYER
 10
340.1912133396
 20
232.6912947201
 30
0.0
 11
340.1912133396
 21
231.7912947201
 31
0.0
  0
LINE
  5
AEE
100
AcDbEntity
  8
0
100
AcDbLine
 62
7
  6
BYLAYER
 10
340.2512133396
 20
182.1412947201
 30
0.0
 11
340.2512133396
 21
180.6412947201
 31
0.0
  0
LINE
  5
AEF
100
AcDbEntity
  8
0
100
AcDbLine
 62
7
  6
BYLAYER
 10
340.4912133396
 20
212.4382880319
 30
0.0
 11
340.4912133396
 21
232.5116576056
 31
0.0
  0
LINE
  5
AF0
100
AcDbEntity
  8
0
100
AcDbLine
 62
7
  6
BYLAYER
 10
340.9815490597
 20
243.4105644478
 30
0.0
 11
340.9815490597
 21
235.82517508
 31
0.0
  0
LINE
  5
AF1
100
AcDbEntity
  8
FASEN
100
AcDbLine
 62
7
  6
BYLAYER
 10
341.0162133396
 20
190.2412947201
 30
0.0
 11
341.0162133396
 21
185.1412947201
 31
0.0
  0
LINE
  5
AF2
100
AcDbEntity
  8
FASEN
100
AcDbLine
 62
7
  6
BYLAYER
 10
341.0162133396
 20
182.1412947201
 30
0.0
 11
341.0162133396
 21
184.5412947201
 31
0.0
  0
LINE
  5
AF3
100
AcDbEntity
  8
0
100
AcDbLine
 62
7
  6
BYLAYER
 10
341.4662133396
 20
210.2812947201
 30
0.0
 11
341.4662133396
 21
190.2412947201
 31
0.0
  0
LINE
  5
AF4
100
AcDbEntity
  8
FASEN
100
AcDbLine
 62
7
  6
BYLAYER
 10
341.4662133396
 20
190.2412947201
 30
0.0
 11
341.4662133396
 21
185.5912947201
 31
0.0
  0
LINE
  5
AF5
100
AcDbEntity
  8
0
100
AcDbLine
 62
7
  6
BYLAYER
 10
341.4662133396
 20
184.2412947201
 30
0.0
 11
341.4662133396
 21
184.0912947201
 31
0.0
  0
LINE
  5
AF6
100
AcDbEntity
  8
0
100
AcDbLine
 62
7
  6
BYLAYER
 10
341.4662133396
 20
182.1412947201
 30
0.0
 11
341.4662133396
 21
171.0412947201
 31
0.0
  0
LINE
  5
AF7
100
AcDbEntity
  8
FASEN
100
AcDbLine
 62
7
  6
BYLAYER
 10
341.4662133396
 20
182.1412947201
 30
0.0
 11
341.4662133396
 21
184.0912947201
 31
0.0
  0
LINE
  5
AF8
100
AcDbEntity
  8
RUNDUNGEN
100
AcDbLine
 62
7
  6
BYLAYER
 10
341.9912133396
 20
210.7912947201
 30
0.0
 11
341.9912133396
 21
211.4650860795
 31
0.0
  0
LINE
  5
AF9
100
AcDbEntity
  8
0
100
AcDbLine
 62
7
  6
BYLAYER
 10
341.9912133396
 20
211.4650860795
 30
0.0
 11
341.9912133396
 21
232.5116576056
 31
0.0
  0
LINE
  5
AFA
100
AcDbEntity
  8
FASEN
100
AcDbLine
 62
7
  6
BYLAYER
 10
342.2912133396
 20
231.7912947201
 30
0.0
 11
342.2912133396
 21
232.6912947201
 31
0.0
  0
LINE
  5
AFB
100
AcDbEntity
  8
FASEN
100
AcDbLine
 62
7
  6
BYLAYER
 10
342.5912133396
 20
231.7912947201
 30
0.0
 11
342.5912133396
 21
232.6912947201
 31
0.0
  0
LINE
  5
AFC
100
AcDbEntity
  8
FASEN
100
AcDbLine
 62
7
  6
BYLAYER
 10
342.8912133396
 20
232.6912947201
 30
0.0
 11
342.8912133396
 21
231.7912947201
 31
0.0
  0
LINE
  5
AFD
100
AcDbEntity
  8
0
100
AcDbLine
 62
7
  6
BYLAYER
 10
342.9662133396
 20
209.6567054039
 30
0.0
 11
342.9662133396
 21
190.2412947201
 31
0.0
  0
LINE
  5
AFE
100
AcDbEntity
  8
0
100
AcDbLine
 62
7
  6
BYLAYER
 10
342.9662133396
 20
171.0412947201
 30
0.0
 11
342.9662133396
 21
182.1412947201
 31
0.0
  0
LINE
  5
AFF
100
AcDbEntity
  8
0
100
AcDbLine
 62
7
  6
BYLAYER
 10
342.9662133396
 20
184.0912947201
 30
0.0
 11
342.9662133396
 21
184.2412947201
 31
0.0
  0
LINE
  5
B00
100
AcDbEntity
  8
FASEN
100
AcDbLine
 62
7
  6
BYLAYER
 10
342.9662133396
 20
182.1412947201
 30
0.0
 11
342.9662133396
 21
184.0912947201
 31
0.0
  0
LINE
  5
B01
100
AcDbEntity
  8
FASEN
100
AcDbLine
 62
7
  6
BYLAYER
 10
342.9662133396
 20
185.5912947201
 30
0.0
 11
342.9662133396
 21
190.2412947201
 31
0.0
  0
LINE
  5
B02
100
AcDbEntity
  8
FASEN
100
AcDbLine
 62
7
  6
BYLAYER
 10
343.1912133396
 20
232.6912947201
 30
0.0
 11
343.1912133396
 21
231.7912947201
 31
0.0
  0
LINE
  5
B03
100
AcDbEntity
  8
0
100
AcDbLine
 62
7
  6
BYLAYER
 10
343.3412133396
 20
237.0603327506
 30
0.0
 11
343.3412133396
 21
246.4105644478
 31
0.0
  0
LINE
  5
B04
100
AcDbEntity
  8
0
100
AcDbLine
 62
7
  6
BYLAYER
 10
343.3412133396
 20
250.0543014728
 30
0.0
 11
343.3412133396
 21
250.6743548282
 31
0.0
  0
LINE
  5
B05
100
AcDbEntity
  8
FASEN
100
AcDbLine
 62
7
  6
BYLAYER
 10
343.4162133396
 20
182.1412947201
 30
0.0
 11
343.4162133396
 21
184.5412947201
 31
0.0
  0
LINE
  5
B06
100
AcDbEntity
  8
FASEN
100
AcDbLine
 62
7
  6
BYLAYER
 10
343.4162133396
 20
185.1412947201
 30
0.0
 11
343.4162133396
 21
190.2412947201
 31
0.0
  0
LINE
  5
B07
100
AcDbEntity
  8
0
100
AcDbLine
 62
7
  6
BYLAYER
 10
343.4912133396
 20
212.2912947201
 30
0.0
 11
343.4912133396
 21
232.6912947201
 31
0.0
  0
LINE
  5
B08
100
AcDbEntity
  8
0
100
AcDbLine
 62
7
  6
BYLAYER
 10
342.9662133396
 20
207.3412947201
 30
0.0
 11
345.2762133396
 21
207.3412947201
 31
0.0
  0
LINE
  5
B09
100
AcDbEntity
  8
0
100
AcDbLine
 62
7
  6
BYLAYER
 10
346.7762133396
 20
207.3412947201
 30
0.0
 11
349.0412133396
 21
207.3412947201
 31
0.0
  0
LINE
  5
B0A
100
AcDbEntity
  8
0
100
AcDbLine
 62
7
  6
BYLAYER
 10
350.5412133396
 20
207.3412947201
 30
0.0
 11
352.8962133396
 21
207.3412947201
 31
0.0
  0
LINE
  5
B0B
100
AcDbEntity
  8
0
100
AcDbLine
 62
7
  6
BYLAYER
 10
354.3962133396
 20
207.3412947201
 30
0.0
 11
356.7062133396
 21
207.3412947201
 31
0.0
  0
LINE
  5
B0C
100
AcDbEntity
  8
0
100
AcDbLine
 62
7
  6
BYLAYER
 10
358.2062133396
 20
207.3412947201
 30
0.0
 11
360.5162133396
 21
207.3412947201
 31
0.0
  0
LINE
  5
B0D
100
AcDbEntity
  8
0
100
AcDbLine
 62
7
  6
BYLAYER
 10
362.9912133396
 20
210.7912947201
 30
0.0
 11
361.4912133396
 21
210.7912947201
 31
0.0
  0
LINE
  5
B0E
100
AcDbEntity
  8
0
100
AcDbLine
 62
7
  6
BYLAYER
 10
359.1368193758
 20
210.7912947201
 30
0.0
 11
358.4912133396
 21
210.7912947201
 31
0.0
  0
LINE
  5
B0F
100
AcDbEntity
  8
0
100
AcDbLine
 62
7
  6
BYLAYER
 10
344.9912133396
 20
210.7912947201
 30
0.0
 11
344.1092697403
 21
210.7912947201
 31
0.0
  0
LINE
  5
B10
100
AcDbEntity
  8
0
100
AcDbLine
 62
7
  6
BYLAYER
 10
341.9912133396
 20
210.7912947201
 30
0.0
 11
341.1411002155
 21
210.7912947201
 31
0.0
  0
LINE
  5
B11
100
AcDbEntity
  8
RUNDUNGEN
100
AcDbLine
 62
7
  6
BYLAYER
 10
344.0912133396
 20
235.5412947201
 30
0.0
 11
344.0912133396
 21
234.3412947201
 31
0.0
  0
LINE
  5
B12
100
AcDbEntity
  8
RUNDUNGEN
100
AcDbLine
 62
7
  6
BYLAYER
 10
344.6912133396
 20
235.5412947201
 30
0.0
 11
344.6912133396
 21
234.3412947201
 31
0.0
  0
LINE
  5
B13
100
AcDbEntity
  8
FASEN
100
AcDbLine
 62
7
  6
BYLAYER
 10
344.8262133396
 20
190.2412947201
 30
0.0
 11
344.8262133396
 21
187.8412947201
 31
0.0
  0
LINE
  5
B14
100
AcDbEntity
  8
FASEN
100
AcDbLine
 62
7
  6
BYLAYER
 10
344.8262133396
 20
182.1412947201
 30
0.0
 11
344.8262133396
 21
187.2412947201
 31
0.0
  0
LINE
  5
B15
100
AcDbEntity
  8
RUNDUNGEN
100
AcDbLine
 62
7
  6
BYLAYER
 10
344.9912133396
 20
210.7912947201
 30
0.0
 11
344.9912133396
 21
211.6667054039
 31
0.0
  0
LINE
  5
B16
100
AcDbEntity
  8
0
100
AcDbLine
 62
7
  6
BYLAYER
 10
344.9912133396
 20
211.6667054039
 30
0.0
 11
344.9912133396
 21
232.6912947201
 31
0.0
  0
LINE
  5
B17
100
AcDbEntity
  8
RUNDUNGEN
100
AcDbLine
 62
7
  6
BYLAYER
 10
345.1412133396
 20
235.5412947201
 30
0.0
 11
345.1412133396
 21
234.3412947201
 31
0.0
  0
LINE
  5
B18
100
AcDbEntity
  8
FASEN
100
AcDbLine
 62
7
  6
BYLAYER
 10
345.2762133396
 20
190.2412947201
 30
0.0
 11
345.2762133396
 21
188.2912947201
 31
0.0
  0
LINE
  5
B19
100
AcDbEntity
  8
0
100
AcDbLine
 62
7
  6
BYLAYER
 10
345.2762133396
 20
186.9412947201
 30
0.0
 11
345.2762133396
 21
186.7912947201
 31
0.0
  0
LINE
  5
B1A
100
AcDbEntity
  8
0
100
AcDbLine
 62
7
  6
BYLAYER
 10
345.2762133396
 20
182.1412947201
 30
0.0
 11
345.2762133396
 21
171.0412947201
 31
0.0
  0
LINE
  5
B1B
100
AcDbEntity
  8
FASEN
100
AcDbLine
 62
7
  6
BYLAYER
 10
345.2762133396
 20
182.1412947201
 30
0.0
 11
345.2762133396
 21
186.7912947201
 31
0.0
  0
LINE
  5
B1C
100
AcDbEntity
  8
0
100
AcDbLine
 62
7
  6
BYLAYER
 10
345.2762133396
 20
190.2412947201
 30
0.0
 11
345.2762133396
 21
209.5912947201
 31
0.0
  0
LINE
  5
B1D
100
AcDbEntity
  8
FASEN
100
AcDbLine
 62
7
  6
BYLAYER
 10
345.2912133396
 20
231.7912947201
 30
0.0
 11
345.2912133396
 21
232.6912947201
 31
0.0
  0
LINE
  5
B1E
100
AcDbEntity
  8
FASEN
100
AcDbLine
 62
7
  6
BYLAYER
 10
345.5912133396
 20
231.7912947201
 30
0.0
 11
345.5912133396
 21
232.6912947201
 31
0.0
  0
LINE
  5
B1F
100
AcDbEntity
  8
RUNDUNGEN
100
AcDbLine
 62
7
  6
BYLAYER
 10
345.7412133396
 20
235.5412947201
 30
0.0
 11
345.7412133396
 21
234.3412947201
 31
0.0
  0
LINE
  5
B20
100
AcDbEntity
  8
FASEN
100
AcDbLine
 62
7
  6
BYLAYER
 10
345.8912133396
 20
232.6912947201
 30
0.0
 11
345.8912133396
 21
231.7912947201
 31
0.0
  0
LINE
  5
B21
100
AcDbEntity
  8
FASEN
100
AcDbLine
 62
7
  6
BYLAYER
 10
346.1912133396
 20
232.6912947201
 30
0.0
 11
346.1912133396
 21
231.7912947201
 31
0.0
  0
LINE
  5
B22
100
AcDbEntity
  8
0
100
AcDbLine
 62
7
  6
BYLAYER
 10
346.4912133396
 20
210.8062947201
 30
0.0
 11
346.4912133396
 21
232.5116576056
 31
0.0
  0
LINE
  5
B23
100
AcDbEntity
  8
0
100
AcDbLine
 62
7
  6
BYLAYER
 10
346.7762133396
 20
171.0412947201
 30
0.0
 11
346.7762133396
 21
182.1412947201
 31
0.0
  0
LINE
  5
B24
100
AcDbEntity
  8
0
100
AcDbLine
 62
7
  6
BYLAYER
 10
346.7762133396
 20
186.7912947201
 30
0.0
 11
346.7762133396
 21
186.9412947201
 31
0.0
  0
LINE
  5
B25
100
AcDbEntity
  8
FASEN
100
AcDbLine
 62
7
  6
BYLAYER
 10
346.7762133396
 20
182.1412947201
 30
0.0
 11
346.7762133396
 21
186.7912947201
 31
0.0
  0
LINE
  5
B26
100
AcDbEntity
  8
FASEN
100
AcDbLine
 62
7
  6
BYLAYER
 10
346.7762133396
 20
188.2912947201
 30
0.0
 11
346.7762133396
 21
190.2412947201
 31
0.0
  0
LINE
  5
B27
100
AcDbEntity
  8
0
100
AcDbLine
 62
7
  6
BYLAYER
 10
346.7762133396
 20
190.2412947201
 30
0.0
 11
346.7762133396
 21
208.9699743765
 31
0.0
  0
LINE
  5
B28
100
AcDbEntity
  8
FASEN
100
AcDbLine
 62
7
  6
BYLAYER
 10
347.2262133396
 20
182.1412947201
 30
0.0
 11
347.2262133396
 21
187.2412947201
 31
0.0
  0
LINE
  5
B29
100
AcDbEntity
  8
FASEN
100
AcDbLine
 62
7
  6
BYLAYER
 10
347.2262133396
 20
187.8412947201
 30
0.0
 11
347.2262133396
 21
190.2412947201
 31
0.0
  0
LINE
  5
B2A
100
AcDbEntity
  8
0
100
AcDbLine
 62
7
  6
BYLAYER
 10
347.2412133396
 20
234.3412947201
 30
0.0
 11
347.2412133396
 21
238.1705611785
 31
0.0
  0
LINE
  5
B2B
100
AcDbEntity
  8
4171
100
AcDbLine
 62
7
  6
BYLAYER
 10
347.2412133396
 20
238.1705611785
 30
0.0
 11
347.2412133396
 21
240.2559565648
 31
0.0
  0
LINE
  5
B2C
100
AcDbEntity
  8
0
100
AcDbLine
 62
7
  6
BYLAYER
 10
347.2412133396
 20
240.6893998459
 30
0.0
 11
347.2412133396
 21
242.4797292614
 31
0.0
  0
LINE
  5
B2D
100
AcDbEntity
  8
RUNDUNGEN
100
AcDbLine
 62
7
  6
BYLAYER
 10
347.2412133396
 20
242.4797292614
 30
0.0
 11
347.2412133396
 21
248.2078223106
 31
0.0
  0
LINE
  5
B2E
100
AcDbEntity
  8
RUNDUNGEN
100
AcDbLine
 62
7
  6
BYLAYER
 10
347.2412133396
 20
250.3279747963
 30
0.0
 11
347.2412133396
 21
251.4310823273
 31
0.0
  0
LINE
  5
B2F
100
AcDbEntity
  8
RUNDUNGEN
100
AcDbLine
 62
7
  6
BYLAYER
 10
347.6360012536
 20
251.3314822341
 30
0.0
 11
347.6360012536
 21
251.4856959321
 31
0.0
  0
LINE
  5
B30
100
AcDbEntity
  8
AUSFORMSCHRAEGEN
100
AcDbLine
 62
7
  6
BYLAYER
 10
347.6536793302
 20
253.9084873094
 30
0.0
 11
347.6536793302
 21
255.4178566018
 31
0.0
  0
LINE
  5
B31
100
AcDbEntity
  8
0
100
AcDbLine
 62
7
  6
BYLAYER
 10
347.7474463349
 20
255.4280192358
 30
0.0
 11
347.7474463349
 21
253.9188961554
 31
0.0
  0
LINE
  5
B32
100
AcDbEntity
  8
4171
100
AcDbLine
 62
7
  6
BYLAYER
 10
347.8412133396
 20
239.696549663
 30
0.0
 11
347.8412133396
 21
239.1380227889
 31
0.0
  0
LINE
  5
B33
100
AcDbEntity
  8
0
100
AcDbLine
 62
7
  6
BYLAYER
 10
347.9912133396
 20
209.9369007563
 30
0.0
 11
347.9912133396
 21
232.5116576056
 31
0.0
  0
LINE
  5
B34
100
AcDbEntity
  8
4171
100
AcDbLine
 62
7
  6
BYLAYER
 10
348.1412133396
 20
239.5013499007
 30
0.0
 11
348.1412133396
 21
239.1380227889
 31
0.0
  0
LINE
  5
B35
100
AcDbEntity
  8
0
100
AcDbLine
 62
7
  6
BYLAYER
 10
348.6873719894
 20
240.5872234363
 30
0.0
 11
348.6721915357
 21
240.4747184421
 31
0.0
  0
LINE
  5
B36
100
AcDbEntity
  8
0
100
AcDbLine
 62
7
  6
BYLAYER
 10
328.4324129302
 20
228.1669579638
 30
0.0
 11
327.723203252
 21
228.7210532916
 31
0.0
  0
LINE
  5
B37
100
AcDbEntity
  8
0
100
AcDbLine
 62
7
  6
BYLAYER
 10
368.0996488557
 20
197.7465748888
 30
0.0
 11
367.3904391775
 21
198.3006702166
 31
0.0
  0
LINE
  5
B38
100
AcDbEntity
  8
0
100
AcDbLine
 62
7
  6
BYLAYER
 10
328.7232208783
 20
228.5503280443
 30
0.0
 11
328.1322128131
 21
229.0120741508
 31
0.0
  0
LINE
  5
B39
100
AcDbEntity
  8
0
100
AcDbLine
 62
7
  6
BYLAYER
 10
367.4096102579
 20
198.3252080806
 30
0.0
 11
368.0006183231
 21
197.8634619741
 31
0.0
  0
LINE
  5
B3A
100
AcDbEntity
  8
0
100
AcDbLine
 62
7
  6
BYLAYER
 10
329.6792467943
 20
229.2867046421
 30
0.0
 11
330.7608877741
 21
228.4416340915
 31
0.0
  0
LINE
  5
B3B
100
AcDbEntity
  8
0
100
AcDbLine
 62
7
  6
BYLAYER
 10
366.811188742
 20
200.2760521141
 30
0.0
 11
367.8928297218
 21
199.4309815635
 31
0.0
  0
LINE
  5
B3C
100
AcDbEntity
  8
0
100
AcDbLine
 62
7
  6
BYLAYER
 10
330.1409929008
 20
229.8777127073
 30
0.0
 11
331.2226338806
 21
229.0326421567
 31
0.0
  0
LINE
  5
B3D
100
AcDbEntity
  8
0
100
AcDbLine
 62
7
  6
BYLAYER
 10
367.2729348484
 20
200.8670601793
 30
0.0
 11
368.3545758283
 21
200.0219896287
 31
0.0
  0
LINE
  5
B3E
100
AcDbEntity
  8
0
100
AcDbLine
 62
7
  6
BYLAYER
 10
369.3666855621
 20
199.6119483057
 30
0.0
 11
368.7756774969
 21
200.0736944122
 31
0.0
  0
LINE
  5
B3F
100
AcDbEntity
  8
0
100
AcDbLine
 62
7
  6
BYLAYER
 10
329.4982800521
 20
230.7605604824
 30
0.0
 11
330.0892881173
 21
230.2988143759
 31
0.0
  0
LINE
  5
B40
100
AcDbEntity
  8
0
100
AcDbLine
 62
7
  6
BYLAYER
 10
352.4912133396
 20
208.4052583427
 30
0.0
 11
352.8962133396
 21
208.0152583427
 31
0.0
  0
LINE
  5
B41
100
AcDbEntity
  8
0
100
AcDbLine
 62
7
  6
BYLAYER
 10
352.4912133396
 20
208.653331963
 30
0.0
 11
352.8962133396
 21
208.263331963
 31
0.0
  0
LINE
  5
B42
100
AcDbEntity
  8
0
100
AcDbLine
 62
7
  6
BYLAYER
 10
354.3962133396
 20
208.9012947201
 30
0.0
 11
353.9912133396
 21
209.2912947201
 31
0.0
  0
LINE
  5
B43
100
AcDbEntity
  8
0
100
AcDbLine
 62
7
  6
BYLAYER
 10
369.4412133396
 20
195.4912947201
 30
0.0
 11
370.1912133396
 21
194.7412947201
 31
0.0
  0
LINE
  5
B44
100
AcDbEntity
  8
0
100
AcDbLine
 62
7
  6
BYLAYER
 10
355.4912133396
 20
210.1699743765
 30
0.0
 11
356.7062133396
 21
208.9549743765
 31
0.0
  0
LINE
  5
B45
100
AcDbEntity
  8
0
100
AcDbLine
 62
7
  6
BYLAYER
 10
349.035065434
 20
248.4257586469
 30
0.0
 11
349.038484221
 21
248.1279388523
 31
0.0
  0
LINE
  5
B46
100
AcDbEntity
  8
0
100
AcDbLine
 62
7
  6
BYLAYER
 10
349.038484221
 20
248.1279388523
 30
0.0
 11
349.0406323642
 21
247.7517145381
 31
0.0
  0
LINE
  5
B47
100
AcDbEntity
  8
FASEN
100
AcDbLine
 62
7
  6
BYLAYER
 10
348.2912133396
 20
231.7912947201
 30
0.0
 11
348.2912133396
 21
232.6912947201
 31
0.0
  0
LINE
  5
B48
100
AcDbEntity
  8
FASEN
100
AcDbLine
 62
7
  6
BYLAYER
 10
348.5912133396
 20
190.2412947201
 30
0.0
 11
348.5912133396
 21
185.1412947201
 31
0.0
  0
LINE
  5
B49
100
AcDbEntity
  8
FASEN
100
AcDbLine
 62
7
  6
BYLAYER
 10
348.5912133396
 20
182.1412947201
 30
0.0
 11
348.5912133396
 21
184.5412947201
 31
0.0
  0
LINE
  5
B4A
100
AcDbEntity
  8
FASEN
100
AcDbLine
 62
7
  6
BYLAYER
 10
348.5912133396
 20
231.7912947201
 30
0.0
 11
348.5912133396
 21
232.6912947201
 31
0.0
  0
LINE
  5
B4B
100
AcDbEntity
  8
BZ-KURVEN
100
AcDbLine
 62
5
  6
BYLAYER
 10
348.8912131004
 20
240.5248571216
 30
0.0
 11
348.8912131004
 21
240.7832589248
 31
0.0
  0
LINE
  5
B4C
100
AcDbEntity
  8
FASEN
100
AcDbLine
 62
7
  6
BYLAYER
 10
348.8912133396
 20
232.6912947201
 30
0.0
 11
348.8912133396
 21
231.7912947201
 31
0.0
  0
LINE
  5
B4D
100
AcDbEntity
  8
0
100
AcDbLine
 62
7
  6
BYLAYER
 10
348.8912133084
 20
239.2294247675
 30
0.0
 11
348.8912132121
 21
240.5248761342
 31
0.0
  0
LINE
  5
B4E
100
AcDbEntity
  8
0
100
AcDbLine
 62
7
  6
BYLAYER
 10
349.0412133396
 20
208.9012947201
 30
0.0
 11
349.0412133396
 21
190.2412947201
 31
0.0
  0
LINE
  5
B4F
100
AcDbEntity
  8
FASEN
100
AcDbLine
 62
7
  6
BYLAYER
 10
349.0412133396
 20
190.2412947201
 30
0.0
 11
349.0412133396
 21
185.5912947201
 31
0.0
  0
LINE
  5
B50
100
AcDbEntity
  8
0
100
AcDbLine
 62
7
  6
BYLAYER
 10
349.0412133396
 20
184.2412947201
 30
0.0
 11
349.0412133396
 21
184.0912947201
 31
0.0
  0
LINE
  5
B51
100
AcDbEntity
  8
0
100
AcDbLine
 62
7
  6
BYLAYER
 10
349.0412133396
 20
182.1412947201
 30
0.0
 11
349.0412133396
 21
171.0412947201
 31
0.0
  0
LINE
  5
B52
100
AcDbEntity
  8
FASEN
100
AcDbLine
 62
7
  6
BYLAYER
 10
349.0412133396
 20
182.1412947201
 30
0.0
 11
349.0412133396
 21
184.0912947201
 31
0.0
  0
LINE
  5
B53
100
AcDbEntity
  8
0
100
AcDbLine
 62
7
  6
BYLAYER
 10
349.0412133396
 20
239.2016510717
 30
0.0
 11
349.0412133396
 21
246.9681717125
 31
0.0
  0
LINE
  5
B54
100
AcDbEntity
  8
0
100
AcDbLine
 62
7
  6
BYLAYER
 10
349.0406323642
 20
247.7517145381
 30
0.0
 11
349.0412133396
 21
247.2337723426
 31
0.0
  0
LINE
  5
B55
100
AcDbEntity
  8
FASEN
100
AcDbLine
 62
7
  6
BYLAYER
 10
349.1912133396
 20
232.6912947201
 30
0.0
 11
349.1912133396
 21
231.7912947201
 31
0.0
  0
LINE
  5
B56
100
AcDbEntity
  8
4171
100
AcDbLine
 62
7
  6
BYLAYER
 10
349.3412133396
 20
250.5541804755
 30
0.0
 11
349.3412133396
 21
251.6475964089
 31
0.0
  0
LINE
  5
B57
100
AcDbEntity
  8
0
100
AcDbLine
 62
7
  6
BYLAYER
 10
349.4912133396
 20
209.3512947201
 30
0.0
 11
349.4912133396
 21
232.6912947201
 31
0.0
  0
LINE
  5
B58
100
AcDbEntity
  8
0
100
AcDbLine
 62
7
  6
BYLAYER
 10
349.6412133396
 20
241.7287604438
 30
0.0
 11
349.6412133396
 21
238.645340759
 31
0.0
  0
LINE
  5
B59
100
AcDbEntity
  8
4171
100
AcDbLine
 62
7
  6
BYLAYER
 10
349.7818690773
 20
250.5857032596
 30
0.0
 11
349.7818690773
 21
251.6554255384
 31
0.0
  0
LINE
  5
B5A
100
AcDbEntity
  8
0
100
AcDbLine
 62
7
  6
BYLAYER
 10
350.5412133396
 20
208.2799743765
 30
0.0
 11
350.5412133396
 21
190.2412947201
 31
0.0
  0
LINE
  5
B5B
100
AcDbEntity
  8
0
100
AcDbLine
 62
7
  6
BYLAYER
 10
350.5412133396
 20
171.0412947201
 30
0.0
 11
350.5412133396
 21
182.1412947201
 31
0.0
  0
LINE
  5
B5C
100
AcDbEntity
  8
0
100
AcDbLine
 62
7
  6
BYLAYER
 10
350.5412133396
 20
184.0912947201
 30
0.0
 11
350.5412133396
 21
184.2412947201
 31
0.0
  0
LINE
  5
B5D
100
AcDbEntity
  8
FASEN
100
AcDbLine
 62
7
  6
BYLAYER
 10
350.5412133396
 20
182.1412947201
 30
0.0
 11
350.5412133396
 21
184.0912947201
 31
0.0
  0
LINE
  5
B5E
100
AcDbEntity
  8
FASEN
100
AcDbLine
 62
7
  6
BYLAYER
 10
350.5412133396
 20
185.5912947201
 30
0.0
 11
350.5412133396
 21
190.2412947201
 31
0.0
  0
LINE
  5
B5F
100
AcDbEntity
  8
FASEN
100
AcDbLine
 62
7
  6
BYLAYER
 10
350.9912133396
 20
182.1412947201
 30
0.0
 11
350.9912133396
 21
184.5412947201
 31
0.0
  0
LINE
  5
B60
100
AcDbEntity
  8
FASEN
100
AcDbLine
 62
7
  6
BYLAYER
 10
350.9912133396
 20
185.1412947201
 30
0.0
 11
350.9912133396
 21
190.2412947201
 31
0.0
  0
LINE
  5
B61
100
AcDbEntity
  8
0
100
AcDbLine
 62
7
  6
BYLAYER
 10
350.9912133396
 20
208.7299743765
 30
0.0
 11
350.9912133396
 21
232.6912947201
 31
0.0
  0
LINE
  5
B62
100
AcDbEntity
  8
FASEN
100
AcDbLine
 62
7
  6
BYLAYER
 10
351.2912133396
 20
231.7912947201
 30
0.0
 11
351.2912133396
 21
232.6912947201
 31
0.0
  0
LINE
  5
B63
100
AcDbEntity
  8
FASEN
100
AcDbLine
 62
7
  6
BYLAYER
 10
351.5912133396
 20
231.7912947201
 30
0.0
 11
351.5912133396
 21
232.6912947201
 31
0.0
  0
LINE
  5
B64
100
AcDbEntity
  8
DEFAULT_1
100
AcDbLine
 62
7
  6
BYLAYER
 10
351.7412133396
 20
218.1412947201
 30
0.0
 11
351.7412133396
 21
190.8412947201
 31
0.0
  0
LINE
  5
B65
100
AcDbEntity
  8
BZ-KURVEN
100
AcDbLine
 62
1
  6
BYLAYER
 10
351.7412133396
 20
234.3412947201
 30
0.0
 11
351.7412133396
 21
237.9956921335
 31
0.0
  0
LINE
  5
B66
100
AcDbEntity
  8
DEFAULT_1
100
AcDbLine
 62
7
  6
BYLAYER
 10
351.7412133396
 20
218.1412947201
 30
0.0
 11
351.7412133396
 21
245.4412947201
 31
0.0
  0
LINE
  5
B67
100
AcDbEntity
  8
FASEN
100
AcDbLine
 62
7
  6
BYLAYER
 10
351.8912133396
 20
232.6912947201
 30
0.0
 11
351.8912133396
 21
231.7912947201
 31
0.0
  0
LINE
  5
B68
100
AcDbEntity
  8
FASEN
100
AcDbLine
 62
7
  6
BYLAYER
 10
352.1912133396
 20
232.6912947201
 30
0.0
 11
352.1912133396
 21
231.7912947201
 31
0.0
  0
LINE
  5
B69
100
AcDbEntity
  8
0
100
AcDbLine
 62
7
  6
BYLAYER
 10
361.335297158
 20
247.002737005
 30
0.0
 11
362.0891764637
 21
248.9651673936
 31
0.0
  0
LINE
  5
B6A
100
AcDbEntity
  8
0
100
AcDbLine
 62
7
  6
BYLAYER
 10
362.8136423348
 20
246.4721648939
 30
0.0
 11
363.5718623554
 21
248.4305073922
 31
0.0
  0
LINE
  5
B6B
100
AcDbEntity
  8
0
100
AcDbLine
 62
7
  6
BYLAYER
 10
362.9710566036
 20
246.4105644478
 30
0.0
 11
363.7417321218
 21
248.3640380836
 31
0.0
  0
LINE
  5
B6C
100
AcDbEntity
  8
0
100
AcDbLine
 62
7
  6
BYLAYER
 10
361.7223837216
 20
246.8720563438
 30
0.0
 11
362.5063818503
 21
248.8228575068
 31
0.0
  0
LINE
  5
B6D
100
AcDbEntity
  8
0
100
AcDbLine
 62
7
  6
BYLAYER
 10
364.1912133396
 20
248.7026673987
 30
0.0
 11
363.2574633396
 21
246.4105644478
 31
0.0
  0
LINE
  5
B6E
100
AcDbEntity
  8
0
100
AcDbLine
 62
7
  6
BYLAYER
 10
343.4912133396
 20
212.2912947201
 30
0.0
 11
341.4662133396
 21
210.2812947201
 31
0.0
  0
LINE
  5
B6F
100
AcDbEntity
  8
0
100
AcDbLine
 62
7
  6
BYLAYER
 10
342.9662133396
 20
209.6567054039
 30
0.0
 11
344.9912133396
 21
211.6667054039
 31
0.0
  0
LINE
  5
B70
100
AcDbEntity
  8
0
100
AcDbLine
 62
7
  6
BYLAYER
 10
340.4912133396
 20
212.4382880319
 30
0.0
 11
337.6562133396
 21
210.1912947201
 31
0.0
  0
LINE
  5
B71
100
AcDbEntity
  8
0
100
AcDbLine
 62
7
  6
BYLAYER
 10
339.1562133396
 20
209.466166388
 30
0.0
 11
341.9912133396
 21
211.7131596998
 31
0.0
  0
LINE
  5
B72
100
AcDbEntity
  8
0
100
AcDbLine
 62
7
  6
BYLAYER
 10
339.1562133396
 20
209.2180927678
 30
0.0
 11
341.9912133396
 21
211.4650860795
 31
0.0
  0
LINE
  5
B73
100
AcDbEntity
  8
0
100
AcDbLine
 62
7
  6
BYLAYER
 10
340.4912133396
 20
217.5177814713
 30
0.0
 11
341.9912133396
 21
217.5177814713
 31
0.0
  0
LINE
  5
B74
100
AcDbEntity
  8
0
100
AcDbLine
 62
7
  6
BYLAYER
 10
346.4912133396
 20
217.5177814713
 30
0.0
 11
347.9912133396
 21
217.5177814713
 31
0.0
  0
LINE
  5
B75
100
AcDbEntity
  8
0
100
AcDbLine
 62
7
  6
BYLAYER
 10
352.4912133396
 20
217.5177814713
 30
0.0
 11
353.9912133396
 21
217.5177814713
 31
0.0
  0
LINE
  5
B76
100
AcDbEntity
  8
0
100
AcDbLine
 62
7
  6
BYLAYER
 10
358.4912133396
 20
217.5177814713
 30
0.0
 11
359.9912133396
 21
217.5177814713
 31
0.0
  0
LINE
  5
B77
100
AcDbEntity
  8
DEFAULT_1
100
AcDbLine
 62
7
  6
BYLAYER
 10
351.7412133396
 20
218.1412947201
 30
0.0
 11
324.4412133396
 21
218.1412947201
 31
0.0
  0
LINE
  5
B78
100
AcDbEntity
  8
DEFAULT_1
100
AcDbLine
 62
7
  6
BYLAYER
 10
351.7412133396
 20
218.1412947201
 30
0.0
 11
379.0412133396
 21
218.1412947201
 31
0.0
  0
LINE
  5
B79
100
AcDbEntity
  8
0
100
AcDbLine
 62
7
  6
BYLAYER
 10
331.1974787729
 20
231.7172337324
 30
0.0
 11
330.6064707077
 21
232.1789798389
 31
0.0
  0
LINE
  5
B7A
100
AcDbEntity
  8
0
100
AcDbLine
 62
7
  6
BYLAYER
 10
369.8838681525
 20
201.4921137687
 30
0.0
 11
370.3412133396
 21
201.1347965477
 31
0.0
  0
LINE
  5
B7B
100
AcDbEntity
  8
0
100
AcDbLine
 62
7
  6
BYLAYER
 10
358.2062133396
 20
209.5762947201
 30
0.0
 11
356.9912133396
 21
210.7912947201
 31
0.0
  0
LINE
  5
B7C
100
AcDbEntity
  8
0
100
AcDbLine
 62
7
  6
BYLAYER
 10
372.7412133396
 20
196.3912947201
 30
0.0
 11
373.6412133396
 21
195.4912947201
 31
0.0
  0
LINE
  5
B7D
100
AcDbEntity
  8
0
100
AcDbLine
 62
7
  6
BYLAYER
 10
358.4912133396
 20
211.4369007563
 30
0.0
 11
360.5162133396
 21
209.4119007563
 31
0.0
  0
LINE
  5
B7E
100
AcDbEntity
  8
0
100
AcDbLine
 62
7
  6
BYLAYER
 10
358.4912133396
 20
211.6849743765
 30
0.0
 11
360.5162133396
 21
209.6599743765
 31
0.0
  0
LINE
  5
B7F
100
AcDbEntity
  8
0
100
AcDbLine
 62
7
  6
BYLAYER
 10
340.2249633396
 20
246.4105644478
 30
0.0
 11
339.2912133396
 21
248.7026673987
 31
0.0
  0
LINE
  5
B80
100
AcDbEntity
  8
RUNDUNGEN
100
AcDbLine
 62
7
  6
BYLAYER
 10
338.2064920856
 20
243.4105644478
 30
0.0
 11
336.0808237521
 21
248.6323770141
 31
0.0
  0
LINE
  5
B81
100
AcDbEntity
  8
0
100
AcDbLine
 62
7
  6
BYLAYER
 10
339.7406945574
 20
248.3640380836
 30
0.0
 11
340.5113700756
 21
246.4105644478
 31
0.0
  0
LINE
  5
B82
100
AcDbEntity
  8
0
100
AcDbLine
 62
7
  6
BYLAYER
 10
339.9105643238
 20
248.4305073922
 30
0.0
 11
340.6687843444
 21
246.4721648939
 31
0.0
  0
LINE
  5
B83
100
AcDbEntity
  8
FASEN
100
AcDbLine
 62
7
  6
BYLAYER
 10
352.4462133396
 20
190.2412947201
 30
0.0
 11
352.4462133396
 21
187.8412947201
 31
0.0
  0
LINE
  5
B84
100
AcDbEntity
  8
FASEN
100
AcDbLine
 62
7
  6
BYLAYER
 10
352.4462133396
 20
182.1412947201
 30
0.0
 11
352.4462133396
 21
187.2412947201
 31
0.0
  0
LINE
  5
B85
100
AcDbEntity
  8
0
100
AcDbLine
 62
7
  6
BYLAYER
 10
352.4912133396
 20
208.4052583427
 30
0.0
 11
352.4912133396
 21
232.5116576056
 31
0.0
  0
LINE
  5
B86
100
AcDbEntity
  8
FASEN
100
AcDbLine
 62
7
  6
BYLAYER
 10
352.8962133396
 20
190.2412947201
 30
0.0
 11
352.8962133396
 21
188.2912947201
 31
0.0
  0
LINE
  5
B87
100
AcDbEntity
  8
0
100
AcDbLine
 62
7
  6
BYLAYER
 10
352.8962133396
 20
186.9412947201
 30
0.0
 11
352.8962133396
 21
186.7912947201
 31
0.0
  0
LINE
  5
B88
100
AcDbEntity
  8
0
100
AcDbLine
 62
7
  6
BYLAYER
 10
352.8962133396
 20
182.1412947201
 30
0.0
 11
352.8962133396
 21
171.0412947201
 31
0.0
  0
LINE
  5
B89
100
AcDbEntity
  8
FASEN
100
AcDbLine
 62
7
  6
BYLAYER
 10
352.8962133396
 20
182.1412947201
 30
0.0
 11
352.8962133396
 21
186.7912947201
 31
0.0
  0
LINE
  5
B8A
100
AcDbEntity
  8
0
100
AcDbLine
 62
7
  6
BYLAYER
 10
352.8962133396
 20
190.2412947201
 30
0.0
 11
352.8962133396
 21
208.263331963
 31
0.0
  0
LINE
  5
B8B
100
AcDbEntity
  8
4171
100
AcDbLine
 62
7
  6
BYLAYER
 10
353.7005576019
 20
250.58570326
 30
0.0
 11
353.7005576019
 21
251.6554255384
 31
0.0
  0
LINE
  5
B8C
100
AcDbEntity
  8
0
100
AcDbLine
 62
7
  6
BYLAYER
 10
353.8412133396
 20
238.645340759
 30
0.0
 11
353.8412133396
 21
246.7949190547
 31
0.0
  0
LINE
  5
B8D
100
AcDbEntity
  8
0
100
AcDbLine
 62
7
  6
BYLAYER
 10
353.9912133396
 20
209.2912947201
 30
0.0
 11
353.9912133396
 21
232.5116576056
 31
0.0
  0
LINE
  5
B8E
100
AcDbEntity
  8
4171
100
AcDbLine
 62
7
  6
BYLAYER
 10
354.1412133396
 20
250.5541804749
 30
0.0
 11
354.1412133396
 21
251.6475964089
 31
0.0
  0
LINE
  5
B8F
100
AcDbEntity
  8
FASEN
100
AcDbLine
 62
7
  6
BYLAYER
 10
354.2912133396
 20
231.7912947201
 30
0.0
 11
354.2912133396
 21
232.6912947201
 31
0.0
  0
LINE
  5
B90
100
AcDbEntity
  8
0
100
AcDbLine
 62
7
  6
BYLAYER
 10
354.3962133396
 20
171.0412947201
 30
0.0
 11
354.3962133396
 21
182.1412947201
 31
0.0
  0
LINE
  5
B91
100
AcDbEntity
  8
0
100
AcDbLine
 62
7
  6
BYLAYER
 10
354.3962133396
 20
186.7912947201
 30
0.0
 11
354.3962133396
 21
186.9412947201
 31
0.0
  0
LINE
  5
B92
100
AcDbEntity
  8
FASEN
100
AcDbLine
 62
7
  6
BYLAYER
 10
354.3962133396
 20
182.1412947201
 30
0.0
 11
354.3962133396
 21
186.7912947201
 31
0.0
  0
LINE
  5
B93
100
AcDbEntity
  8
FASEN
100
AcDbLine
 62
7
  6
BYLAYER
 10
354.3962133396
 20
188.2912947201
 30
0.0
 11
354.3962133396
 21
190.2412947201
 31
0.0
  0
LINE
  5
B94
100
AcDbEntity
  8
0
100
AcDbLine
 62
7
  6
BYLAYER
 10
354.3962133396
 20
190.2412947201
 30
0.0
 11
354.3962133396
 21
208.9012947201
 31
0.0
  0
LINE
  5
B95
100
AcDbEntity
  8
0
100
AcDbLine
 62
7
  6
BYLAYER
 10
354.4412133396
 20
239.2016510717
 30
0.0
 11
354.4412133396
 21
246.7949190547
 31
0.0
  0
LINE
  5
B96
100
AcDbEntity
  8
0
100
AcDbLine
 62
7
  6
BYLAYER
 10
354.5912133396
 20
239.2294247964
 30
0.0
 11
354.5912134592
 21
240.524876097
 31
0.0
  0
LINE
  5
B97
100
AcDbEntity
  8
FASEN
100
AcDbLine
 62
7
  6
BYLAYER
 10
354.5912133396
 20
231.7912947201
 30
0.0
 11
354.5912133396
 21
232.6912947201
 31
0.0
  0
LINE
  5
B98
100
AcDbEntity
  8
BZ-KURVEN
100
AcDbLine
 62
5
  6
BYLAYER
 10
354.5912135788
 20
240.5248571216
 30
0.0
 11
354.5912135788
 21
240.7832589248
 31
0.0
  0
LINE
  5
B99
100
AcDbEntity
  8
FASEN
100
AcDbLine
 62
7
  6
BYLAYER
 10
354.8462133396
 20
182.1412947201
 30
0.0
 11
354.8462133396
 21
187.2412947201
 31
0.0
  0
LINE
  5
B9A
100
AcDbEntity
  8
FASEN
100
AcDbLine
 62
7
  6
BYLAYER
 10
354.8462133396
 20
187.8412947201
 30
0.0
 11
354.8462133396
 21
190.2412947201
 31
0.0
  0
LINE
  5
B9B
100
AcDbEntity
  8
FASEN
100
AcDbLine
 62
7
  6
BYLAYER
 10
354.8912133396
 20
232.6912947201
 30
0.0
 11
354.8912133396
 21
231.7912947201
 31
0.0
  0
LINE
  5
B9C
100
AcDbEntity
  8
FASEN
100
AcDbLine
 62
7
  6
BYLAYER
 10
355.1912133396
 20
232.6912947201
 30
0.0
 11
355.1912133396
 21
231.7912947201
 31
0.0
  0
LINE
  5
B9D
100
AcDbEntity
  8
4171
100
AcDbLine
 62
7
  6
BYLAYER
 10
355.3412133396
 20
239.5013499007
 30
0.0
 11
355.3412133396
 21
239.1380227889
 31
0.0
  0
LINE
  5
B9E
100
AcDbEntity
  8
0
100
AcDbLine
 62
7
  6
BYLAYER
 10
355.4912133396
 20
210.1699743765
 30
0.0
 11
355.4912133396
 21
232.6912947201
 31
0.0
  0
LINE
  5
B9F
100
AcDbEntity
  8
4171
100
AcDbLine
 62
7
  6
BYLAYER
 10
355.6412133396
 20
239.696549663
 30
0.0
 11
355.6412133396
 21
239.1380227889
 31
0.0
  0
LINE
  5
BA0
100
AcDbEntity
  8
0
100
AcDbLine
 62
7
  6
BYLAYER
 10
355.7349803443
 20
253.9188919139
 30
0.0
 11
355.7349803443
 21
255.4280192358
 31
0.0
  0
LINE
  5
BA1
100
AcDbEntity
  8
AUSFORMSCHRAEGEN
100
AcDbLine
 62
7
  6
BYLAYER
 10
355.828747349
 20
253.9084873094
 30
0.0
 11
355.828747349
 21
255.4178566018
 31
0.0
  0
LINE
  5
BA2
100
AcDbEntity
  8
RUNDUNGEN
100
AcDbLine
 62
7
  6
BYLAYER
 10
355.8464254256
 20
251.4856959321
 30
0.0
 11
355.8464254256
 21
251.3314822341
 31
0.0
  0
LINE
  5
BA3
100
AcDbEntity
  8
0
100
AcDbLine
 62
7
  6
BYLAYER
 10
356.2412133396
 20
234.3412947201
 30
0.0
 11
356.2412133396
 21
238.1705611785
 31
0.0
  0
LINE
  5
BA4
100
AcDbEntity
  8
4171
100
AcDbLine
 62
7
  6
BYLAYER
 10
356.2412133396
 20
238.1705611785
 30
0.0
 11
356.2412133396
 21
240.2559565648
 31
0.0
  0
LINE
  5
BA5
100
AcDbEntity
  8
0
100
AcDbLine
 62
7
  6
BYLAYER
 10
356.2412133396
 20
240.6893998459
 30
0.0
 11
356.2412133396
 21
242.4797292614
 31
0.0
  0
LINE
  5
BA6
100
AcDbEntity
  8
RUNDUNGEN
100
AcDbLine
 62
7
  6
BYLAYER
 10
356.2412133396
 20
242.4797292614
 30
0.0
 11
356.2412133396
 21
248.2078248765
 31
0.0
  0
LINE
  5
BA7
100
AcDbEntity
  8
RUNDUNGEN
100
AcDbLine
 62
7
  6
BYLAYER
 10
356.2412133396
 20
250.3279744548
 30
0.0
 11
356.2412133396
 21
251.4310823273
 31
0.0
  0
LINE
  5
BA8
100
AcDbEntity
  8
FASEN
100
AcDbLine
 62
7
  6
BYLAYER
 10
356.2562133396
 20
190.2412947201
 30
0.0
 11
356.2562133396
 21
185.1412947201
 31
0.0
  0
LINE
  5
BA9
100
AcDbEntity
  8
FASEN
100
AcDbLine
 62
7
  6
BYLAYER
 10
356.2562133396
 20
182.1412947201
 30
0.0
 11
356.2562133396
 21
184.5412947201
 31
0.0
  0
LINE
  5
BAA
100
AcDbEntity
  8
0
100
AcDbLine
 62
7
  6
BYLAYER
 10
354.4412133396
 20
247.2335039921
 30
0.0
 11
354.4419503903
 21
247.796543387
 31
0.0
  0
LWPOLYLINE
  5
BAB
100
AcDbEntity
  8
0
100
AcDbPolyline
 62
7
  6
BYLAYER
 90
3
 70
0
 10
354.4419503903
 20
247.796543387
 10
354.4446604077
 20
248.2060090704
 10
354.4471069611
 20
248.4138891087
  0
LINE
  5
BAC
100
AcDbEntity
  8
RUNDUNGEN
100
AcDbLine
 62
7
  6
BYLAYER
 10
367.401602927
 20
248.6323770141
 30
0.0
 11
365.2759345936
 21
243.4105644478
 31
0.0
  0
LINE
  5
BAD
100
AcDbEntity
  8
0
100
AcDbLine
 62
7
  6
BYLAYER
 10
346.4912133396
 20
210.8062947201
 30
0.0
 11
345.2762133396
 21
209.5912947201
 31
0.0
  0
LINE
  5
BAE
100
AcDbEntity
  8
0
100
AcDbLine
 62
7
  6
BYLAYER
 10
346.7762133396
 20
208.9699743765
 30
0.0
 11
347.9912133396
 21
210.1849743765
 31
0.0
  0
LINE
  5
BAF
100
AcDbEntity
  8
0
100
AcDbLine
 62
7
  6
BYLAYER
 10
346.7762133396
 20
208.7219007563
 30
0.0
 11
347.9912133396
 21
209.9369007563
 31
0.0
  0
LINE
  5
BB0
100
AcDbEntity
  8
0
100
AcDbLine
 62
7
  6
BYLAYER
 10
334.0412133396
 20
221.2918534426
 30
0.0
 11
336.7412133396
 21
221.2918534426
 31
0.0
  0
LINE
  5
BB1
100
AcDbEntity
  8
0
100
AcDbLine
 62
7
  6
BYLAYER
 10
366.7412133396
 20
221.2918534426
 30
0.0
 11
369.4412133396
 21
221.2918534426
 31
0.0
  0
LINE
  5
BB2
100
AcDbEntity
  8
0
100
AcDbLine
 62
7
  6
BYLAYER
 10
333.5985585267
 20
234.7904756715
 30
0.0
 11
333.0075504615
 21
235.252221778
 31
0.0
  0
LINE
  5
BB3
100
AcDbEntity
  8
0
100
AcDbLine
 62
7
  6
BYLAYER
 10
373.9841466271
 20
205.5220289577
 30
0.0
 11
373.3931385619
 21
205.9837750642
 31
0.0
  0
LINE
  5
BB4
100
AcDbEntity
  8
0
100
AcDbLine
 62
7
  6
BYLAYER
 10
334.115741117
 20
236.6706411345
 30
0.0
 11
334.7067491822
 21
236.208895028
 31
0.0
  0
LINE
  5
BB5
100
AcDbEntity
  8
0
100
AcDbLine
 62
7
  6
BYLAYER
 10
373.3414337784
 20
206.4048767329
 30
0.0
 11
372.2597927986
 21
207.2499472835
 31
0.0
  0
LINE
  5
BB6
100
AcDbEntity
  8
0
100
AcDbLine
 62
7
  6
BYLAYER
 10
336.1325520007
 20
235.4756412442
 30
0.0
 11
335.1278508509
 21
236.2605998115
 31
0.0
  0
LINE
  5
BB7
100
AcDbEntity
  8
0
100
AcDbLine
 62
7
  6
BYLAYER
 10
335.5895969574
 20
236.8516078767
 30
0.0
 11
336.6372211995
 21
236.0331141144
 31
0.0
  0
LINE
  5
BB8
100
AcDbEntity
  8
0
100
AcDbLine
 62
7
  6
BYLAYER
 10
372.7215389051
 20
207.8409553487
 30
0.0
 11
373.8031798849
 21
206.9958847981
 31
0.0
  0
LINE
  5
BB9
100
AcDbEntity
  8
0
100
AcDbLine
 62
7
  6
BYLAYER
 10
362.0162133396
 20
210.2812947201
 30
0.0
 11
359.9912133396
 21
212.3062947201
 31
0.0
  0
LINE
  5
BBA
100
AcDbEntity
  8
0
100
AcDbLine
 62
7
  6
BYLAYER
 10
364.3262133396
 20
209.5722915223
 30
0.0
 11
361.4912133396
 21
212.4222915223
 31
0.0
  0
LINE
  5
BBB
100
AcDbEntity
  8
0
100
AcDbLine
 62
7
  6
BYLAYER
 10
362.9912133396
 20
213.0412947201
 30
0.0
 11
365.8262133396
 21
210.1912947201
 31
0.0
  0
LINE
  5
BBC
100
AcDbEntity
  8
0
100
AcDbLine
 62
7
  6
BYLAYER
 10
340.9760447408
 20
248.8228574761
 30
0.0
 11
341.7600428747
 21
246.8720563152
 31
0.0
  0
LINE
  5
BBD
100
AcDbEntity
  8
0
100
AcDbLine
 62
7
  6
BYLAYER
 10
341.3932503406
 20
248.9651674354
 30
0.0
 11
342.1471296389
 21
247.0027370439
 31
0.0
  0
LINE
  5
BBE
100
AcDbEntity
  8
0
100
AcDbLine
 62
7
  6
BYLAYER
 10
356.7062133396
 20
208.9549743765
 30
0.0
 11
356.7062133396
 21
190.2412947201
 31
0.0
  0
LINE
  5
BBF
100
AcDbEntity
  8
FASEN
100
AcDbLine
 62
7
  6
BYLAYER
 10
356.7062133396
 20
190.2412947201
 30
0.0
 11
356.7062133396
 21
185.5912947201
 31
0.0
  0
LINE
  5
BC0
100
AcDbEntity
  8
0
100
AcDbLine
 62
7
  6
BYLAYER
 10
356.7062133396
 20
184.2412947201
 30
0.0
 11
356.7062133396
 21
184.0912947201
 31
0.0
  0
LINE
  5
BC1
100
AcDbEntity
  8
0
100
AcDbLine
 62
7
  6
BYLAYER
 10
356.7062133396
 20
182.1412947201
 30
0.0
 11
356.7062133396
 21
171.0412947201
 31
0.0
  0
LINE
  5
BC2
100
AcDbEntity
  8
FASEN
100
AcDbLine
 62
7
  6
BYLAYER
 10
356.7062133396
 20
182.1412947201
 30
0.0
 11
356.7062133396
 21
184.0912947201
 31
0.0
  0
LINE
  5
BC3
100
AcDbEntity
  8
0
100
AcDbLine
 62
7
  6
BYLAYER
 10
356.9912133396
 20
210.7912947201
 30
0.0
 11
356.9912133396
 21
232.6912947201
 31
0.0
  0
LINE
  5
BC4
100
AcDbEntity
  8
FASEN
100
AcDbLine
 62
7
  6
BYLAYER
 10
357.2912133396
 20
231.7912947201
 30
0.0
 11
357.2912133396
 21
232.6912947201
 31
0.0
  0
LINE
  5
BC5
100
AcDbEntity
  8
FASEN
100
AcDbLine
 62
7
  6
BYLAYER
 10
357.5912133396
 20
231.7912947201
 30
0.0
 11
357.5912133396
 21
232.6912947201
 31
0.0
  0
LINE
  5
BC6
100
AcDbEntity
  8
RUNDUNGEN
100
AcDbLine
 62
7
  6
BYLAYER
 10
357.7412133396
 20
235.5412947201
 30
0.0
 11
357.7412133396
 21
234.3412947201
 31
0.0
  0
LINE
  5
BC7
100
AcDbEntity
  8
FASEN
100
AcDbLine
 62
7
  6
BYLAYER
 10
357.8912133396
 20
232.6912947201
 30
0.0
 11
357.8912133396
 21
231.7912947201
 31
0.0
  0
LINE
  5
BC8
100
AcDbEntity
  8
FASEN
100
AcDbLine
 62
7
  6
BYLAYER
 10
358.1912133396
 20
232.6912947201
 30
0.0
 11
358.1912133396
 21
231.7912947201
 31
0.0
  0
LINE
  5
BC9
100
AcDbEntity
  8
0
100
AcDbLine
 62
7
  6
BYLAYER
 10
358.2062133396
 20
209.5762947201
 30
0.0
 11
358.2062133396
 21
190.2412947201
 31
0.0
  0
LINE
  5
BCA
100
AcDbEntity
  8
0
100
AcDbLine
 62
7
  6
BYLAYER
 10
358.2062133396
 20
171.0412947201
 30
0.0
 11
358.2062133396
 21
182.1412947201
 31
0.0
  0
LINE
  5
BCB
100
AcDbEntity
  8
0
100
AcDbLine
 62
7
  6
BYLAYER
 10
358.2062133396
 20
184.0912947201
 30
0.0
 11
358.2062133396
 21
184.2412947201
 31
0.0
  0
LINE
  5
BCC
100
AcDbEntity
  8
FASEN
100
AcDbLine
 62
7
  6
BYLAYER
 10
358.2062133396
 20
182.1412947201
 30
0.0
 11
358.2062133396
 21
184.0912947201
 31
0.0
  0
LINE
  5
BCD
100
AcDbEntity
  8
FASEN
100
AcDbLine
 62
7
  6
BYLAYER
 10
358.2062133396
 20
185.5912947201
 30
0.0
 11
358.2062133396
 21
190.2412947201
 31
0.0
  0
LINE
  5
BCE
100
AcDbEntity
  8
RUNDUNGEN
100
AcDbLine
 62
7
  6
BYLAYER
 10
358.3412133396
 20
235.5412947201
 30
0.0
 11
358.3412133396
 21
234.3412947201
 31
0.0
  0
LINE
  5
BCF
100
AcDbEntity
  8
RUNDUNGEN
100
AcDbLine
 62
7
  6
BYLAYER
 10
358.4912133396
 20
210.7912947201
 30
0.0
 11
358.4912133396
 21
211.4369007563
 31
0.0
  0
LINE
  5
BD0
100
AcDbEntity
  8
0
100
AcDbLine
 62
7
  6
BYLAYER
 10
358.4912133396
 20
211.4369007563
 30
0.0
 11
358.4912133396
 21
232.5116576056
 31
0.0
  0
LINE
  5
BD1
100
AcDbEntity
  8
FASEN
100
AcDbLine
 62
7
  6
BYLAYER
 10
358.6562133396
 20
182.1412947201
 30
0.0
 11
358.6562133396
 21
184.5412947201
 31
0.0
  0
LINE
  5
BD2
100
AcDbEntity
  8
FASEN
100
AcDbLine
 62
7
  6
BYLAYER
 10
358.6562133396
 20
185.1412947201
 30
0.0
 11
358.6562133396
 21
190.2412947201
 31
0.0
  0
LINE
  5
BD3
100
AcDbEntity
  8
RUNDUNGEN
100
AcDbLine
 62
7
  6
BYLAYER
 10
358.7912133396
 20
235.5412947201
 30
0.0
 11
358.7912133396
 21
234.3412947201
 31
0.0
  0
LINE
  5
BD4
100
AcDbEntity
  8
RUNDUNGEN
100
AcDbLine
 62
7
  6
BYLAYER
 10
359.3912133396
 20
235.5412947201
 30
0.0
 11
359.3912133396
 21
234.3412947201
 31
0.0
  0
LINE
  5
BD5
100
AcDbEntity
  8
0
100
AcDbLine
 62
7
  6
BYLAYER
 10
359.9912133396
 20
212.3062947201
 30
0.0
 11
359.9912133396
 21
232.5116576056
 31
0.0
  0
LINE
  5
BD6
100
AcDbEntity
  8
FASEN
100
AcDbLine
 62
7
  6
BYLAYER
 10
360.0662133396
 20
190.2412947201
 30
0.0
 11
360.0662133396
 21
187.8412947201
 31
0.0
  0
LINE
  5
BD7
100
AcDbEntity
  8
FASEN
100
AcDbLine
 62
7
  6
BYLAYER
 10
360.0662133396
 20
182.1412947201
 30
0.0
 11
360.0662133396
 21
187.2412947201
 31
0.0
  0
LINE
  5
BD8
100
AcDbEntity
  8
0
100
AcDbLine
 62
7
  6
BYLAYER
 10
360.1412133396
 20
250.6743548282
 30
0.0
 11
360.1412133396
 21
250.0543014728
 31
0.0
  0
LINE
  5
BD9
100
AcDbEntity
  8
0
100
AcDbLine
 62
7
  6
BYLAYER
 10
360.1412133396
 20
237.0603327506
 30
0.0
 11
360.1412133396
 21
246.4105644478
 31
0.0
  0
LINE
  5
BDA
100
AcDbEntity
  8
FASEN
100
AcDbLine
 62
7
  6
BYLAYER
 10
360.2912133396
 20
231.7912947201
 30
0.0
 11
360.2912133396
 21
232.6912947201
 31
0.0
  0
LINE
  5
BDB
100
AcDbEntity
  8
0
100
AcDbLine
 62
7
  6
BYLAYER
 10
368.7085581272
 20
246.4451674385
 30
0.0
 11
369.0373039152
 21
247.2527482167
 31
0.0
  0
LINE
  5
BDC
100
AcDbEntity
  8
0
100
AcDbLine
 62
7
  6
BYLAYER
 10
349.4912133396
 20
209.3512947201
 30
0.0
 11
349.0412133396
 21
208.9012947201
 31
0.0
  0
LINE
  5
BDD
100
AcDbEntity
  8
0
100
AcDbLine
 62
7
  6
BYLAYER
 10
350.5412133396
 20
208.2799743765
 30
0.0
 11
350.9912133396
 21
208.7299743765
 31
0.0
  0
LINE
  5
BDE
100
AcDbEntity
  8
RUNDUNGEN
100
AcDbLine
 62
7
  6
BYLAYER
 10
336.7412133396
 20
227.2912947201
 30
0.0
 11
340.4912133396
 21
227.2912947201
 31
0.0
  0
LINE
  5
BDF
100
AcDbEntity
  8
RUNDUNGEN
100
AcDbLine
 62
7
  6
BYLAYER
 10
341.9912133396
 20
227.2912947201
 30
0.0
 11
343.4912133396
 21
227.2912947201
 31
0.0
  0
LINE
  5
BE0
100
AcDbEntity
  8
RUNDUNGEN
100
AcDbLine
 62
7
  6
BYLAYER
 10
344.9912133396
 20
227.2912947201
 30
0.0
 11
346.4912133396
 21
227.2912947201
 31
0.0
  0
LINE
  5
BE1
100
AcDbEntity
  8
RUNDUNGEN
100
AcDbLine
 62
7
  6
BYLAYER
 10
347.9912133396
 20
227.2912947201
 30
0.0
 11
349.4912133396
 21
227.2912947201
 31
0.0
  0
LINE
  5
BE2
100
AcDbEntity
  8
RUNDUNGEN
100
AcDbLine
 62
7
  6
BYLAYER
 10
350.9912133396
 20
227.2912947201
 30
0.0
 11
352.4912133396
 21
227.2912947201
 31
0.0
  0
LINE
  5
BE3
100
AcDbEntity
  8
RUNDUNGEN
100
AcDbLine
 62
7
  6
BYLAYER
 10
353.9912133396
 20
227.2912947201
 30
0.0
 11
355.4912133396
 21
227.2912947201
 31
0.0
  0
LINE
  5
BE4
100
AcDbEntity
  8
RUNDUNGEN
100
AcDbLine
 62
7
  6
BYLAYER
 10
356.9912133396
 20
227.2912947201
 30
0.0
 11
358.4912133396
 21
227.2912947201
 31
0.0
  0
LINE
  5
BE5
100
AcDbEntity
  8
RUNDUNGEN
100
AcDbLine
 62
7
  6
BYLAYER
 10
359.9912133396
 20
227.2912947201
 30
0.0
 11
361.4912133396
 21
227.2912947201
 31
0.0
  0
LINE
  5
BE6
100
AcDbEntity
  8
RUNDUNGEN
100
AcDbLine
 62
7
  6
BYLAYER
 10
362.9912133396
 20
227.2912947201
 30
0.0
 11
366.7412133396
 21
227.2912947201
 31
0.0
  0
LINE
  5
BE7
100
AcDbEntity
  8
0
100
AcDbLine
 62
7
  6
BYLAYER
 10
336.0728164213
 20
237.9573813596
 30
0.0
 11
335.4818083561
 21
238.4191274661
 31
0.0
  0
LINE
  5
BE8
100
AcDbEntity
  8
0
100
AcDbLine
 62
7
  6
BYLAYER
 10
374.7592058009
 20
207.7322613958
 30
0.0
 11
375.3502138661
 21
207.2705152893
 31
0.0
  0
LINE
  5
BE9
100
AcDbEntity
  8
0
100
AcDbLine
 62
7
  6
BYLAYER
 10
335.3881886198
 20
238.531787174
 30
0.0
 11
336.097398298
 21
237.9776918462
 31
0.0
  0
LINE
  5
BEA
100
AcDbEntity
  8
0
100
AcDbLine
 62
7
  6
BYLAYER
 10
375.0554245453
 20
208.111404099
 30
0.0
 11
375.7646342235
 21
207.5573087712
 31
0.0
  0
LINE
  5
BEB
100
AcDbEntity
  8
0
100
AcDbLine
 62
7
  6
BYLAYER
 10
354.7950439887
 20
240.5873027441
 30
0.0
 11
354.8102351435
 21
240.4747184421
 31
0.0
  0
LINE
  5
BEC
100
AcDbEntity
  8
FASEN
100
AcDbLine
 62
7
  6
BYLAYER
 10
360.5162133396
 20
190.2412947201
 30
0.0
 11
360.5162133396
 21
188.2912947201
 31
0.0
  0
LINE
  5
BED
100
AcDbEntity
  8
0
100
AcDbLine
 62
7
  6
BYLAYER
 10
360.5162133396
 20
186.9412947201
 30
0.0
 11
360.5162133396
 21
186.7912947201
 31
0.0
  0
LINE
  5
BEE
100
AcDbEntity
  8
0
100
AcDbLine
 62
7
  6
BYLAYER
 10
360.5162133396
 20
182.1412947201
 30
0.0
 11
360.5162133396
 21
171.0412947201
 31
0.0
  0
LINE
  5
BEF
100
AcDbEntity
  8
FASEN
100
AcDbLine
 62
7
  6
BYLAYER
 10
360.5162133396
 20
182.1412947201
 30
0.0
 11
360.5162133396
 21
186.7912947201
 31
0.0
  0
LINE
  5
BF0
100
AcDbEntity
  8
0
100
AcDbLine
 62
7
  6
BYLAYER
 10
360.5162133396
 20
190.2412947201
 30
0.0
 11
360.5162133396
 21
209.6599743765
 31
0.0
  0
LINE
  5
BF1
100
AcDbEntity
  8
FASEN
100
AcDbLine
 62
7
  6
BYLAYER
 10
360.5912133396
 20
231.7912947201
 30
0.0
 11
360.5912133396
 21
232.6912947201
 31
0.0
  0
LINE
  5
BF2
100
AcDbEntity
  8
FASEN
100
AcDbLine
 62
7
  6
BYLAYER
 10
360.8912133396
 20
232.6912947201
 30
0.0
 11
360.8912133396
 21
231.7912947201
 31
0.0
  0
LINE
  5
BF3
100
AcDbEntity
  8
FASEN
100
AcDbLine
 62
7
  6
BYLAYER
 10
361.1912133396
 20
232.6912947201
 30
0.0
 11
361.1912133396
 21
231.7912947201
 31
0.0
  0
LINE
  5
BF4
100
AcDbEntity
  8
RUNDUNGEN
100
AcDbLine
 62
7
  6
BYLAYER
 10
361.4912133396
 20
210.7912947201
 30
0.0
 11
361.4912133396
 21
212.4222915223
 31
0.0
  0
LINE
  5
BF5
100
AcDbEntity
  8
0
100
AcDbLine
 62
7
  6
BYLAYER
 10
361.4912133396
 20
212.4222915223
 30
0.0
 11
361.4912133396
 21
232.6912947201
 31
0.0
  0
LINE
  5
BF6
100
AcDbEntity
  8
0
100
AcDbLine
 62
7
  6
BYLAYER
 10
362.0162133396
 20
171.0412947201
 30
0.0
 11
362.0162133396
 21
182.1412947201
 31
0.0
  0
LINE
  5
BF7
100
AcDbEntity
  8
0
100
AcDbLine
 62
7
  6
BYLAYER
 10
362.0162133396
 20
186.7912947201
 30
0.0
 11
362.0162133396
 21
186.9412947201
 31
0.0
  0
LINE
  5
BF8
100
AcDbEntity
  8
FASEN
100
AcDbLine
 62
7
  6
BYLAYER
 10
362.0162133396
 20
182.1412947201
 30
0.0
 11
362.0162133396
 21
186.7912947201
 31
0.0
  0
LINE
  5
BF9
100
AcDbEntity
  8
FASEN
100
AcDbLine
 62
7
  6
BYLAYER
 10
362.0162133396
 20
188.2912947201
 30
0.0
 11
362.0162133396
 21
190.2412947201
 31
0.0
  0
LINE
  5
BFA
100
AcDbEntity
  8
0
100
AcDbLine
 62
7
  6
BYLAYER
 10
362.0162133396
 20
190.2412947201
 30
0.0
 11
362.0162133396
 21
210.2812947201
 31
0.0
  0
LINE
  5
BFB
100
AcDbEntity
  8
FASEN
100
AcDbLine
 62
7
  6
BYLAYER
 10
362.4662133396
 20
182.1412947201
 30
0.0
 11
362.4662133396
 21
187.2412947201
 31
0.0
  0
LINE
  5
BFC
100
AcDbEntity
  8
FASEN
100
AcDbLine
 62
7
  6
BYLAYER
 10
362.4662133396
 20
187.8412947201
 30
0.0
 11
362.4662133396
 21
190.2412947201
 31
0.0
  0
LINE
  5
BFD
100
AcDbEntity
  8
0
100
AcDbLine
 62
7
  6
BYLAYER
 10
362.5008776194
 20
235.82517508
 30
0.0
 11
362.5008776194
 21
243.4105644478
 31
0.0
  0
LINE
  5
BFE
100
AcDbEntity
  8
RUNDUNGEN
100
AcDbLine
 62
7
  6
BYLAYER
 10
362.9912133396
 20
210.7912947201
 30
0.0
 11
362.9912133396
 21
210.9143550143
 31
0.0
  0
LINE
  5
BFF
100
AcDbEntity
  8
0
100
AcDbLine
 62
7
  6
BYLAYER
 10
362.9912133396
 20
213.0412947201
 30
0.0
 11
362.9912133396
 21
232.6912947201
 31
0.0
  0
LINE
  5
C00
100
AcDbEntity
  8
0
100
AcDbLine
 62
7
  6
BYLAYER
 10
363.2312133396
 20
182.1412947201
 30
0.0
 11
363.2312133396
 21
180.6412947201
 31
0.0
  0
LINE
  5
C01
100
AcDbEntity
  8
FASEN
100
AcDbLine
 62
7
  6
BYLAYER
 10
363.2912133396
 20
231.7912947201
 30
0.0
 11
363.2912133396
 21
232.6912947201
 31
0.0
  0
LINE
  5
C02
100
AcDbEntity
  8
FASEN
100
AcDbLine
 62
7
  6
BYLAYER
 10
363.5912133396
 20
231.7912947201
 30
0.0
 11
363.5912133396
 21
232.6912947201
 31
0.0
  0
LINE
  5
C03
100
AcDbEntity
  8
FASEN
100
AcDbLine
 62
7
  6
BYLAYER
 10
363.8762133396
 20
190.2412947201
 30
0.0
 11
363.8762133396
 21
185.1412947201
 31
0.0
  0
LINE
  5
C04
100
AcDbEntity
  8
FASEN
100
AcDbLine
 62
7
  6
BYLAYER
 10
363.8762133396
 20
182.1412947201
 30
0.0
 11
363.8762133396
 21
184.5412947201
 31
0.0
  0
LINE
  5
C05
100
AcDbEntity
  8
FASEN
100
AcDbLine
 62
7
  6
BYLAYER
 10
364.3262133396
 20
190.2412947201
 30
0.0
 11
364.3262133396
 21
185.5912947201
 31
0.0
  0
LINE
  5
C06
100
AcDbEntity
  8
0
100
AcDbLine
 62
7
  6
BYLAYER
 10
364.3262133396
 20
171.0412947201
 30
0.0
 11
364.3262133396
 21
182.1412947201
 31
0.0
  0
LINE
  5
C07
100
AcDbEntity
  8
0
100
AcDbLine
 62
7
  6
BYLAYER
 10
364.3262133396
 20
184.0912947201
 30
0.0
 11
364.3262133396
 21
184.2412947201
 31
0.0
  0
LINE
  5
C08
100
AcDbEntity
  8
FASEN
100
AcDbLine
 62
7
  6
BYLAYER
 10
364.3262133396
 20
182.1412947201
 30
0.0
 11
364.3262133396
 21
184.0912947201
 31
0.0
  0
LINE
  5
C09
100
AcDbEntity
  8
0
100
AcDbLine
 62
7
  6
BYLAYER
 10
364.3262133396
 20
190.2412947201
 30
0.0
 11
364.3262133396
 21
209.5722915223
 31
0.0
  0
LINE
  5
C0A
100
AcDbEntity
  8
FASEN
100
AcDbLine
 62
7
  6
BYLAYER
 10
336.9062133396
 20
187.5412947201
 30
0.0
 11
337.6562133396
 21
188.2912947201
 31
0.0
  0
LINE
  5
C0B
100
AcDbEntity
  8
0
100
AcDbLine
 62
7
  6
BYLAYER
 10
336.7412133396
 20
228.7912947201
 30
0.0
 11
366.7412133396
 21
228.7912947201
 31
0.0
  0
LINE
  5
C0C
100
AcDbEntity
  8
FASEN
100
AcDbLine
 62
7
  6
BYLAYER
 10
339.8912133396
 20
231.7912947201
 30
0.0
 11
340.4912133396
 21
231.7912947201
 31
0.0
  0
LINE
  5
C0D
100
AcDbEntity
  8
FASEN
100
AcDbLine
 62
7
  6
BYLAYER
 10
341.9912133396
 20
231.7912947201
 30
0.0
 11
342.5912133396
 21
231.7912947201
 31
0.0
  0
LINE
  5
C0E
100
AcDbEntity
  8
FASEN
100
AcDbLine
 62
7
  6
BYLAYER
 10
342.8912133396
 20
231.7912947201
 30
0.0
 11
343.4912133396
 21
231.7912947201
 31
0.0
  0
LINE
  5
C0F
100
AcDbEntity
  8
FASEN
100
AcDbLine
 62
7
  6
BYLAYER
 10
344.9912133396
 20
231.7912947201
 30
0.0
 11
345.5912133396
 21
231.7912947201
 31
0.0
  0
LINE
  5
C10
100
AcDbEntity
  8
FASEN
100
AcDbLine
 62
7
  6
BYLAYER
 10
345.8912133396
 20
231.7912947201
 30
0.0
 11
346.4912133396
 21
231.7912947201
 31
0.0
  0
LINE
  5
C11
100
AcDbEntity
  8
FASEN
100
AcDbLine
 62
7
  6
BYLAYER
 10
347.9912133396
 20
231.7912947201
 30
0.0
 11
348.5912133396
 21
231.7912947201
 31
0.0
  0
LINE
  5
C12
100
AcDbEntity
  8
FASEN
100
AcDbLine
 62
7
  6
BYLAYER
 10
348.8912133396
 20
231.7912947201
 30
0.0
 11
349.4912133396
 21
231.7912947201
 31
0.0
  0
LINE
  5
C13
100
AcDbEntity
  8
FASEN
100
AcDbLine
 62
7
  6
BYLAYER
 10
350.9912133396
 20
231.7912947201
 30
0.0
 11
351.5912133396
 21
231.7912947201
 31
0.0
  0
LINE
  5
C14
100
AcDbEntity
  8
FASEN
100
AcDbLine
 62
7
  6
BYLAYER
 10
351.8912133396
 20
231.7912947201
 30
0.0
 11
352.4912133396
 21
231.7912947201
 31
0.0
  0
LINE
  5
C15
100
AcDbEntity
  8
FASEN
100
AcDbLine
 62
7
  6
BYLAYER
 10
353.9912133396
 20
231.7912947201
 30
0.0
 11
354.5912133396
 21
231.7912947201
 31
0.0
  0
LINE
  5
C16
100
AcDbEntity
  8
FASEN
100
AcDbLine
 62
7
  6
BYLAYER
 10
354.8912133396
 20
231.7912947201
 30
0.0
 11
355.4912133396
 21
231.7912947201
 31
0.0
  0
LINE
  5
C17
100
AcDbEntity
  8
FASEN
100
AcDbLine
 62
7
  6
BYLAYER
 10
356.9912133396
 20
231.7912947201
 30
0.0
 11
357.5912133396
 21
231.7912947201
 31
0.0
  0
LINE
  5
C18
100
AcDbEntity
  8
FASEN
100
AcDbLine
 62
7
  6
BYLAYER
 10
357.8912133396
 20
231.7912947201
 30
0.0
 11
358.4912133396
 21
231.7912947201
 31
0.0
  0
LINE
  5
C19
100
AcDbEntity
  8
FASEN
100
AcDbLine
 62
7
  6
BYLAYER
 10
359.9912133396
 20
231.7912947201
 30
0.0
 11
360.5912133396
 21
231.7912947201
 31
0.0
  0
LINE
  5
C1A
100
AcDbEntity
  8
FASEN
100
AcDbLine
 62
7
  6
BYLAYER
 10
360.8912133396
 20
231.7912947201
 30
0.0
 11
361.4912133396
 21
231.7912947201
 31
0.0
  0
LINE
  5
C1B
100
AcDbEntity
  8
FASEN
100
AcDbLine
 62
7
  6
BYLAYER
 10
362.9912133396
 20
231.7912947201
 30
0.0
 11
363.5912133396
 21
231.7912947201
 31
0.0
  0
LINE
  5
C1C
100
AcDbEntity
  8
0
100
AcDbLine
 62
7
  6
BYLAYER
 10
365.2759345936
 20
243.4105644478
 30
0.0
 11
365.2759345936
 21
237.6065734661
 31
0.0
  0
LINE
  5
C1D
100
AcDbEntity
  8
0
100
AcDbLine
 62
7
  6
BYLAYER
 10
365.8262133396
 20
210.1912947201
 30
0.0
 11
365.8262133396
 21
190.2412947201
 31
0.0
  0
LINE
  5
C1E
100
AcDbEntity
  8
0
100
AcDbLine
 62
7
  6
BYLAYER
 10
365.8262133396
 20
184.2412947201
 30
0.0
 11
365.8262133396
 21
184.0912947201
 31
0.0
  0
LINE
  5
C1F
100
AcDbEntity
  8
0
100
AcDbLine
 62
7
  6
BYLAYER
 10
365.8262133396
 20
182.1412947201
 30
0.0
 11
365.8262133396
 21
171.0412947201
 31
0.0
  0
LINE
  5
C20
100
AcDbEntity
  8
FASEN
100
AcDbLine
 62
7
  6
BYLAYER
 10
365.8262133396
 20
182.1412947201
 30
0.0
 11
365.8262133396
 21
184.0912947201
 31
0.0
  0
LINE
  5
C21
100
AcDbEntity
  8
FASEN
100
AcDbLine
 62
7
  6
BYLAYER
 10
365.8262133396
 20
185.5912947201
 30
0.0
 11
365.8262133396
 21
190.2412947201
 31
0.0
  0
LINE
  5
C22
100
AcDbEntity
  8
FASEN
100
AcDbLine
 62
7
  6
BYLAYER
 10
366.2762133396
 20
182.1412947201
 30
0.0
 11
366.2762133396
 21
184.5412947201
 31
0.0
  0
LINE
  5
C23
100
AcDbEntity
  8
FASEN
100
AcDbLine
 62
7
  6
BYLAYER
 10
366.2762133396
 20
185.1412947201
 30
0.0
 11
366.2762133396
 21
190.2412947201
 31
0.0
  0
LINE
  5
C24
100
AcDbEntity
  8
0
100
AcDbLine
 62
7
  6
BYLAYER
 10
366.7412133396
 20
260.0979229576
 30
0.0
 11
366.7412133396
 21
257.6493274963
 31
0.0
  0
LINE
  5
C25
100
AcDbEntity
  8
0
100
AcDbLine
 62
7
  6
BYLAYER
 10
366.7412133396
 20
232.4062868337
 30
0.0
 11
366.7412133396
 21
203.8763026065
 31
0.0
  0
LINE
  5
C26
100
AcDbEntity
  8
0
100
AcDbLine
 62
7
  6
BYLAYER
 10
366.7412133396
 20
196.8412947201
 30
0.0
 11
366.7412133396
 21
190.2412947201
 31
0.0
  0
LINE
  5
C27
100
AcDbEntity
  8
0
100
AcDbLine
 62
7
  6
BYLAYER
 10
366.7412133396
 20
182.1412947201
 30
0.0
 11
366.7412133396
 21
180.6412947201
 31
0.0
  0
LINE
  5
C28
100
AcDbEntity
  8
0
100
AcDbLine
 62
7
  6
BYLAYER
 10
339.1412133396
 20
186.9262947201
 30
0.0
 11
339.8312133396
 21
187.6162947201
 31
0.0
  0
LINE
  5
C29
100
AcDbEntity
  8
FASEN
100
AcDbLine
 62
7
  6
BYLAYER
 10
339.1562133396
 20
186.7912947201
 30
0.0
 11
339.9062133396
 21
187.5412947201
 31
0.0
  0
LINE
  5
C2A
100
AcDbEntity
  8
FASEN
100
AcDbLine
 62
7
  6
BYLAYER
 10
340.7162133396
 20
184.8412947201
 30
0.0
 11
341.4662133396
 21
185.5912947201
 31
0.0
  0
LINE
  5
C2B
100
AcDbEntity
  8
0
100
AcDbLine
 62
7
  6
BYLAYER
 10
360.2912133396
 20
232.5116576056
 30
0.0
 11
359.9912133396
 21
232.5116576056
 31
0.0
  0
LINE
  5
C2C
100
AcDbEntity
  8
0
100
AcDbLine
 62
7
  6
BYLAYER
 10
358.4912133396
 20
232.5116576056
 30
0.0
 11
358.1912133396
 21
232.5116576056
 31
0.0
  0
LINE
  5
C2D
100
AcDbEntity
  8
0
100
AcDbLine
 62
7
  6
BYLAYER
 10
354.2912133396
 20
232.5116576056
 30
0.0
 11
353.9912133396
 21
232.5116576056
 31
0.0
  0
LINE
  5
C2E
100
AcDbEntity
  8
0
100
AcDbLine
 62
7
  6
BYLAYER
 10
352.4912133396
 20
232.5116576056
 30
0.0
 11
352.1912133396
 21
232.5116576056
 31
0.0
  0
LINE
  5
C2F
100
AcDbEntity
  8
0
100
AcDbLine
 62
7
  6
BYLAYER
 10
348.2912133396
 20
232.5116576056
 30
0.0
 11
347.9912133396
 21
232.5116576056
 31
0.0
  0
LINE
  5
C30
100
AcDbEntity
  8
0
100
AcDbLine
 62
7
  6
BYLAYER
 10
346.4912133396
 20
232.5116576056
 30
0.0
 11
346.1912133396
 21
232.5116576056
 31
0.0
  0
LINE
  5
C31
100
AcDbEntity
  8
0
100
AcDbLine
 62
7
  6
BYLAYER
 10
342.2912133396
 20
232.5116576056
 30
0.0
 11
341.9912133396
 21
232.5116576056
 31
0.0
  0
LINE
  5
C32
100
AcDbEntity
  8
0
100
AcDbLine
 62
7
  6
BYLAYER
 10
340.4912133396
 20
232.5116576056
 30
0.0
 11
340.1912133396
 21
232.5116576056
 31
0.0
  0
LINE
  5
C33
100
AcDbEntity
  8
FASEN
100
AcDbLine
 62
7
  6
BYLAYER
 10
339.8912133396
 20
232.6912947201
 30
0.0
 11
342.5912133396
 21
232.6912947201
 31
0.0
  0
LINE
  5
C34
100
AcDbEntity
  8
FASEN
100
AcDbLine
 62
7
  6
BYLAYER
 10
342.8912133396
 20
232.6912947201
 30
0.0
 11
345.5912133396
 21
232.6912947201
 31
0.0
  0
LINE
  5
C35
100
AcDbEntity
  8
FASEN
100
AcDbLine
 62
7
  6
BYLAYER
 10
345.8912133396
 20
232.6912947201
 30
0.0
 11
348.5912133396
 21
232.6912947201
 31
0.0
  0
LINE
  5
C36
100
AcDbEntity
  8
FASEN
100
AcDbLine
 62
7
  6
BYLAYER
 10
348.8912133396
 20
232.6912947201
 30
0.0
 11
351.5912133396
 21
232.6912947201
 31
0.0
  0
LINE
  5
C37
100
AcDbEntity
  8
FASEN
100
AcDbLine
 62
7
  6
BYLAYER
 10
351.8912133396
 20
232.6912947201
 30
0.0
 11
354.5912133396
 21
232.6912947201
 31
0.0
  0
LINE
  5
C38
100
AcDbEntity
  8
FASEN
100
AcDbLine
 62
7
  6
BYLAYER
 10
354.8912133396
 20
232.6912947201
 30
0.0
 11
357.5912133396
 21
232.6912947201
 31
0.0
  0
LINE
  5
C39
100
AcDbEntity
  8
FASEN
100
AcDbLine
 62
7
  6
BYLAYER
 10
357.8912133396
 20
232.6912947201
 30
0.0
 11
360.5912133396
 21
232.6912947201
 31
0.0
  0
LINE
  5
C3A
100
AcDbEntity
  8
FASEN
100
AcDbLine
 62
7
  6
BYLAYER
 10
360.8912133396
 20
232.6912947201
 30
0.0
 11
363.5912133396
 21
232.6912947201
 31
0.0
  0
LINE
  5
C3B
100
AcDbEntity
  8
0
100
AcDbLine
 62
7
  6
BYLAYER
 10
365.6839533859
 20
233.4412947201
 30
0.0
 11
337.7984732932
 21
233.4412947201
 31
0.0
  0
LINE
  5
C3C
100
AcDbEntity
  8
0
100
AcDbLine
 62
7
  6
BYLAYER
 10
357.7412133396
 20
234.3412947201
 30
0.0
 11
345.7412133396
 21
234.3412947201
 31
0.0
  0
LINE
  5
C3D
100
AcDbEntity
  8
RUNDUNGEN
100
AcDbLine
 62
7
  6
BYLAYER
 10
344.0912133396
 20
234.3412947201
 30
0.0
 11
345.7412133396
 21
234.3412947201
 31
0.0
  0
LINE
  5
C3E
100
AcDbEntity
  8
RUNDUNGEN
100
AcDbLine
 62
7
  6
BYLAYER
 10
357.7412133396
 20
234.3412947201
 30
0.0
 11
359.3912133396
 21
234.3412947201
 31
0.0
  0
LINE
  5
C3F
100
AcDbEntity
  8
0
100
AcDbLine
 62
7
  6
BYLAYER
 10
345.7412133396
 20
235.3912947201
 30
0.0
 11
346.4912133396
 21
235.3912947201
 31
0.0
  0
LINE
  5
C40
100
AcDbEntity
  8
0
100
AcDbLine
 62
7
  6
BYLAYER
 10
356.9912133396
 20
235.3912947201
 30
0.0
 11
357.7412133396
 21
235.3912947201
 31
0.0
  0
LINE
  5
C41
100
AcDbEntity
  8
RUNDUNGEN
100
AcDbLine
 62
7
  6
BYLAYER
 10
344.0912133396
 20
235.5412947201
 30
0.0
 11
345.7412133396
 21
235.5412947201
 31
0.0
  0
LINE
  5
C42
100
AcDbEntity
  8
0
100
AcDbLine
 62
7
  6
BYLAYER
 10
346.5851262955
 20
235.5412947201
 30
0.0
 11
347.2412133396
 21
235.5412947201
 31
0.0
  0
LINE
  5
C43
100
AcDbEntity
  8
0
100
AcDbLine
 62
7
  6
BYLAYER
 10
356.2412133396
 20
235.5412947201
 30
0.0
 11
356.8973003837
 21
235.5412947201
 31
0.0
  0
LINE
  5
C44
100
AcDbEntity
  8
RUNDUNGEN
100
AcDbLine
 62
7
  6
BYLAYER
 10
357.7412133396
 20
235.5412947201
 30
0.0
 11
359.3912133396
 21
235.5412947201
 31
0.0
  0
LINE
  5
C45
100
AcDbEntity
  8
0
100
AcDbLine
 62
7
  6
BYLAYER
 10
349.6412133396
 20
238.645340759
 30
0.0
 11
349.0923648986
 21
239.1108405389
 31
0.0
  0
LINE
  5
C46
100
AcDbEntity
  8
0
100
AcDbLine
 62
7
  6
BYLAYER
 10
349.6412133396
 20
238.645340759
 30
0.0
 11
349.0412133396
 21
239.2016510717
 31
0.0
  0
LINE
  5
C47
100
AcDbEntity
  8
0
100
AcDbLine
 62
7
  6
BYLAYER
 10
349.6412133396
 20
238.9824866931
 30
0.0
 11
349.0412133396
 21
239.5387970058
 31
0.0
  0
LINE
  5
C48
100
AcDbEntity
  8
BEZUGSACHSEN
100
AcDbLine
 62
7
  6
BYLAYER
 10
369.2312133396
 20
180.6412947201
 30
0.0
 11
369.2312133396
 21
176.7412947201
 31
0.0
  0
LINE
  5
C49
100
AcDbEntity
  8
0
100
AcDbLine
 62
7
  6
BYLAYER
 10
369.4412133396
 20
184.6162947201
 30
0.0
 11
369.4412133396
 21
180.6412947201
 31
0.0
  0
LINE
  5
C4A
100
AcDbEntity
  8
0
100
AcDbLine
 62
7
  6
BYLAYER
 10
369.4412133396
 20
186.1162947201
 30
0.0
 11
369.4412133396
 21
186.8662947201
 31
0.0
  0
LINE
  5
C4B
100
AcDbEntity
  8
0
100
AcDbLine
 62
7
  6
BYLAYER
 10
369.4412133396
 20
188.3662947201
 30
0.0
 11
369.4412133396
 21
196.8412947201
 31
0.0
  0
LINE
  5
C4C
100
AcDbEntity
  8
0
100
AcDbLine
 62
7
  6
BYLAYER
 10
369.4412133396
 20
203.8763026065
 30
0.0
 11
369.4412133396
 21
233.4412947201
 31
0.0
  0
LINE
  5
C4D
100
AcDbEntity
  8
0
100
AcDbLine
 62
7
  6
BYLAYER
 10
370.179912062
 20
203.172861685
 30
0.0
 11
370.179912062
 21
202.422861685
 31
0.0
  0
LINE
  5
C4E
100
AcDbEntity
  8
0
100
AcDbLine
 62
7
  6
BYLAYER
 10
370.1912133396
 20
194.7412947201
 30
0.0
 11
370.1912133396
 21
196.2412947201
 31
0.0
  0
LINE
  5
C4F
100
AcDbEntity
  8
0
100
AcDbLine
 62
7
  6
BYLAYER
 10
370.3117023793
 20
203.172861685
 30
0.0
 11
370.3117023793
 21
202.422861685
 31
0.0
  0
LINE
  5
C50
100
AcDbEntity
  8
0
100
AcDbLine
 62
7
  6
BYLAYER
 10
370.3412133396
 20
171.4912947201
 30
0.0
 11
370.3412133396
 21
203.172861685
 31
0.0
  0
LINE
  5
C51
100
AcDbEntity
  8
0
100
AcDbLine
 62
7
  6
BYLAYER
 10
372.7412133396
 20
203.172861685
 30
0.0
 11
372.7412133396
 21
196.3912947201
 31
0.0
  0
LINE
  5
C52
100
AcDbEntity
  8
0
100
AcDbLine
 62
7
  6
BYLAYER
 10
372.7412133396
 20
194.5912947201
 30
0.0
 11
372.7412133396
 21
171.4912947201
 31
0.0
  0
LINE
  5
C53
100
AcDbEntity
  8
FASEN
100
AcDbLine
 62
7
  6
BYLAYER
 10
344.5262133396
 20
187.5412947201
 30
0.0
 11
345.2762133396
 21
188.2912947201
 31
0.0
  0
LINE
  5
C54
100
AcDbEntity
  8
0
100
AcDbLine
 62
7
  6
BYLAYER
 10
342.9662133396
 20
184.2412947201
 30
0.0
 11
343.6412133396
 21
184.9162947201
 31
0.0
  0
LINE
  5
C55
100
AcDbEntity
  8
FASEN
100
AcDbLine
 62
7
  6
BYLAYER
 10
342.9662133396
 20
184.0912947201
 30
0.0
 11
343.7162133396
 21
184.8412947201
 31
0.0
  0
LINE
  5
C56
100
AcDbEntity
  8
0
100
AcDbLine
 62
7
  6
BYLAYER
 10
346.7762133396
 20
186.9412947201
 30
0.0
 11
347.4512133396
 21
187.6162947201
 31
0.0
  0
LINE
  5
C57
100
AcDbEntity
  8
FASEN
100
AcDbLine
 62
7
  6
BYLAYER
 10
346.7762133396
 20
186.7912947201
 30
0.0
 11
347.5262133396
 21
187.5412947201
 31
0.0
  0
LINE
  5
C58
100
AcDbEntity
  8
0
100
AcDbLine
 62
7
  6
BYLAYER
 10
347.2412133396
 20
236.7412947201
 30
0.0
 11
356.2412133396
 21
236.7412947201
 31
0.0
  0
LINE
  5
C59
100
AcDbEntity
  8
0
100
AcDbLine
 62
7
  6
BYLAYER
 10
347.2412133396
 20
238.1705611785
 30
0.0
 11
350.7912266723
 21
238.1705611785
 31
0.0
  0
LINE
  5
C5A
100
AcDbEntity
  8
0
100
AcDbLine
 62
7
  6
BYLAYER
 10
352.6909348437
 20
238.1705611785
 30
0.0
 11
356.2412133396
 21
238.1705611785
 31
0.0
  0
LINE
  5
C5B
100
AcDbEntity
  8
0
100
AcDbLine
 62
7
  6
BYLAYER
 10
349.6412133396
 20
238.645340759
 30
0.0
 11
353.8412133396
 21
238.645340759
 31
0.0
  0
LINE
  5
C5C
100
AcDbEntity
  8
0
100
AcDbLine
 62
7
  6
BYLAYER
 10
353.8412133396
 20
238.9824866931
 30
0.0
 11
349.6412133396
 21
238.9824866931
 31
0.0
  0
LINE
  5
C5D
100
AcDbEntity
  8
4171
100
AcDbLine
 62
7
  6
BYLAYER
 10
355.6412133396
 20
239.1380227889
 30
0.0
 11
355.3412133396
 21
239.1380227889
 31
0.0
  0
LINE
  5
C5E
100
AcDbEntity
  8
4171
100
AcDbLine
 62
7
  6
BYLAYER
 10
347.8412133396
 20
239.1380227889
 30
0.0
 11
348.1412133396
 21
239.1380227889
 31
0.0
  0
LINE
  5
C5F
100
AcDbEntity
  8
0
100
AcDbLine
 62
7
  6
BYLAYER
 10
349.6412133396
 20
241.7287604438
 30
0.0
 11
349.0412133396
 21
242.0104433814
 31
0.0
  0
LINE
  5
C60
100
AcDbEntity
  8
0
100
AcDbLine
 62
7
  6
BYLAYER
 10
372.8912133396
 20
196.8412947201
 30
0.0
 11
372.8912133396
 21
196.2412947201
 31
0.0
  0
LINE
  5
C61
100
AcDbEntity
  8
0
100
AcDbLine
 62
7
  6
BYLAYER
 10
372.8912133396
 20
194.7412947201
 30
0.0
 11
372.8912133396
 21
192.8099406307
 31
0.0
  0
LINE
  5
C62
100
AcDbEntity
  8
0
100
AcDbLine
 62
7
  6
BYLAYER
 10
372.7215389051
 20
207.8409553487
 30
0.0
 11
372.2597927986
 21
207.2499472835
 31
0.0
  0
LINE
  5
C63
100
AcDbEntity
  8
0
100
AcDbLine
 62
7
  6
BYLAYER
 10
366.811188742
 20
200.2760521141
 30
0.0
 11
367.2729348484
 21
200.8670601793
 31
0.0
  0
LINE
  5
C64
100
AcDbEntity
  8
0
100
AcDbLine
 62
7
  6
BYLAYER
 10
373.3125469703
 20
207.3792092422
 30
0.0
 11
372.8508008638
 21
206.788201177
 31
0.0
  0
LINE
  5
C65
100
AcDbEntity
  8
0
100
AcDbLine
 62
7
  6
BYLAYER
 10
367.4021968072
 20
199.8143060076
 30
0.0
 11
367.8639429136
 21
200.4053140728
 31
0.0
  0
LINE
  5
C66
100
AcDbEntity
  8
0
100
AcDbLine
 62
7
  6
BYLAYER
 10
373.8031798849
 20
206.9958847981
 30
0.0
 11
373.3414337784
 21
206.4048767329
 31
0.0
  0
LINE
  5
C67
100
AcDbEntity
  8
0
100
AcDbLine
 62
7
  6
BYLAYER
 10
367.8928297218
 20
199.4309815635
 30
0.0
 11
368.3545758283
 21
200.0219896287
 31
0.0
  0
LINE
  5
C68
100
AcDbEntity
  8
0
100
AcDbLine
 62
7
  6
BYLAYER
 10
367.3904391775
 20
198.3006702166
 30
0.0
 11
368.15728121
 21
199.2821832594
 31
0.0
  0
LINE
  5
C69
100
AcDbEntity
  8
0
100
AcDbLine
 62
7
  6
BYLAYER
 10
368.7756774969
 20
200.0736944122
 30
0.0
 11
369.8838681525
 21
201.4921137687
 31
0.0
  0
LINE
  5
C6A
100
AcDbEntity
  8
_26_DATUM_AXIS
100
AcDbLine
 62
7
  6
BYLAYER
 10
369.8838681525
 20
201.4921137687
 30
0.0
 11
370.345614259
 21
202.0831218339
 31
0.0
  0
LINE
  5
C6B
100
AcDbEntity
  8
0
100
AcDbLine
 62
7
  6
BYLAYER
 10
371.1970123413
 20
203.172861685
 30
0.0
 11
373.3931385619
 21
205.9837750642
 31
0.0
  0
LINE
  5
C6C
100
AcDbEntity
  8
0
100
AcDbLine
 62
7
  6
BYLAYER
 10
374.0115348488
 20
206.775286217
 30
0.0
 11
375.0554245453
 21
208.111404099
 31
0.0
  0
LINE
  5
C6D
100
AcDbEntity
  8
FASEN
100
AcDbLine
 62
7
  6
BYLAYER
 10
348.2912133396
 20
184.8412947201
 30
0.0
 11
349.0412133396
 21
185.5912947201
 31
0.0
  0
LINE
  5
C6E
100
AcDbEntity
  8
FASEN
100
AcDbLine
 62
7
  6
BYLAYER
 10
352.1462133396
 20
187.5412947201
 30
0.0
 11
352.8962133396
 21
188.2912947201
 31
0.0
  0
LINE
  5
C6F
100
AcDbEntity
  8
0
100
AcDbLine
 62
7
  6
BYLAYER
 10
350.5412133396
 20
184.2412947201
 30
0.0
 11
351.2162133396
 21
184.9162947201
 31
0.0
  0
LINE
  5
C70
100
AcDbEntity
  8
FASEN
100
AcDbLine
 62
7
  6
BYLAYER
 10
350.5412133396
 20
184.0912947201
 30
0.0
 11
351.2912133396
 21
184.8412947201
 31
0.0
  0
LINE
  5
C71
100
AcDbEntity
  8
0
100
AcDbLine
 62
7
  6
BYLAYER
 10
354.3962133396
 20
186.9412947201
 30
0.0
 11
355.0712133396
 21
187.6162947201
 31
0.0
  0
LINE
  5
C72
100
AcDbEntity
  8
FASEN
100
AcDbLine
 62
7
  6
BYLAYER
 10
354.3962133396
 20
186.7912947201
 30
0.0
 11
355.1462133396
 21
187.5412947201
 31
0.0
  0
LINE
  5
C73
100
AcDbEntity
  8
0
100
AcDbLine
 62
7
  6
BYLAYER
 10
347.8412133396
 20
240.6162782399
 30
0.0
 11
348.1412130845
 21
240.6162782399
 31
0.0
  0
LINE
  5
C74
100
AcDbEntity
  8
0
100
AcDbLine
 62
7
  6
BYLAYER
 10
355.3412135947
 20
240.6162782399
 30
0.0
 11
355.6412133396
 21
240.6162782399
 31
0.0
  0
LINE
  5
C75
100
AcDbEntity
  8
4171
100
AcDbLine
 62
7
  6
BYLAYER
 10
347.2412133396
 20
241.1360079115
 30
0.0
 11
349.0412133396
 21
241.1360079115
 31
0.0
  0
LINE
  5
C76
100
AcDbEntity
  8
4171
100
AcDbLine
 62
7
  6
BYLAYER
 10
354.4412133396
 20
241.1360079115
 30
0.0
 11
356.2412133396
 21
241.1360079115
 31
0.0
  0
LINE
  5
C77
100
AcDbEntity
  8
0
100
AcDbLine
 62
7
  6
BYLAYER
 10
353.8412133396
 20
241.7287604438
 30
0.0
 11
349.6412133396
 21
241.7287604438
 31
0.0
  0
LINE
  5
C78
100
AcDbEntity
  8
4171
100
AcDbLine
 62
7
  6
BYLAYER
 10
347.2412133396
 20
242.4797292614
 30
0.0
 11
349.0412133396
 21
242.4797292614
 31
0.0
  0
LINE
  5
C79
100
AcDbEntity
  8
4171
100
AcDbLine
 62
7
  6
BYLAYER
 10
354.4412133396
 20
242.4797292614
 30
0.0
 11
356.2412133396
 21
242.4797292614
 31
0.0
  0
LINE
  5
C7A
100
AcDbEntity
  8
0
100
AcDbLine
 62
7
  6
BYLAYER
 10
338.2064920856
 20
243.4105644478
 30
0.0
 11
343.3412133396
 21
243.4105644478
 31
0.0
  0
LINE
  5
C7B
100
AcDbEntity
  8
0
100
AcDbLine
 62
7
  6
BYLAYER
 10
360.1412133396
 20
243.4105644478
 30
0.0
 11
365.2759345936
 21
243.4105644478
 31
0.0
  0
LINE
  5
C7C
100
AcDbEntity
  8
RUNDUNGEN
100
AcDbLine
 62
7
  6
BYLAYER
 10
336.4193866912
 20
251.7099054771
 30
0.0
 11
336.9188836294
 21
251.4827635338
 31
0.0
  0
LINE
  5
C7D
100
AcDbEntity
  8
0
100
AcDbLine
 62
7
  6
BYLAYER
 10
365.2759345936
 20
237.6065734661
 30
0.0
 11
369.4412133396
 21
233.4412947201
 31
0.0
  0
LINE
  5
C7E
100
AcDbEntity
  8
0
100
AcDbLine
 62
7
  6
BYLAYER
 10
378.7412133396
 20
192.1172673607
 30
0.0
 11
378.7412133396
 21
181.6912947201
 31
0.0
  0
LINE
  5
C7F
100
AcDbEntity
  8
0
100
AcDbLine
 62
7
  6
BYLAYER
 10
368.0006183231
 20
197.8634619741
 30
0.0
 11
370.3412133396
 21
200.8592869798
 31
0.0
  0
LINE
  5
C80
100
AcDbEntity
  8
0
100
AcDbLine
 62
7
  6
BYLAYER
 10
372.9301210282
 20
204.1729377123
 30
0.0
 11
375.6464326105
 21
207.6496579925
 31
0.0
  0
LINE
  5
C81
100
AcDbEntity
  8
0
100
AcDbLine
 62
7
  6
BYLAYER
 10
375.7646342235
 20
207.5573087712
 30
0.0
 11
372.6436253604
 21
203.5625995929
 31
0.0
  0
LINE
  5
C82
100
AcDbEntity
  8
0
100
AcDbLine
 62
7
  6
BYLAYER
 10
370.3412133396
 20
200.6156465929
 30
0.0
 11
368.0996488557
 21
197.7465748888
 31
0.0
  0
LINE
  5
C83
100
AcDbEntity
  8
FASEN
100
AcDbLine
 62
7
  6
BYLAYER
 10
355.9562133396
 20
184.8412947201
 30
0.0
 11
356.7062133396
 21
185.5912947201
 31
0.0
  0
LINE
  5
C84
100
AcDbEntity
  8
FASEN
100
AcDbLine
 62
7
  6
BYLAYER
 10
359.7662133396
 20
187.5412947201
 30
0.0
 11
360.5162133396
 21
188.2912947201
 31
0.0
  0
LINE
  5
C85
100
AcDbEntity
  8
0
100
AcDbLine
 62
7
  6
BYLAYER
 10
370.1912133396
 20
196.2412947201
 30
0.0
 11
369.4412133396
 21
195.4912947201
 31
0.0
  0
LINE
  5
C86
100
AcDbEntity
  8
0
100
AcDbLine
 62
7
  6
BYLAYER
 10
358.2062133396
 20
184.2412947201
 30
0.0
 11
358.8812133396
 21
184.9162947201
 31
0.0
  0
LINE
  5
C87
100
AcDbEntity
  8
0
100
AcDbLine
 62
7
  6
BYLAYER
 10
363.2574633396
 20
246.4105644478
 30
0.0
 11
360.1412133396
 21
246.4105644478
 31
0.0
  0
LINE
  5
C88
100
AcDbEntity
  8
0
100
AcDbLine
 62
7
  6
BYLAYER
 10
343.3412133396
 20
246.4105644478
 30
0.0
 11
340.2249633396
 21
246.4105644478
 31
0.0
  0
LINE
  5
C89
100
AcDbEntity
  8
0
100
AcDbLine
 62
7
  6
BYLAYER
 10
354.4412133396
 20
246.7949190547
 30
0.0
 11
349.4102509374
 21
246.7949190547
 31
0.0
  0
LINE
  5
C8A
100
AcDbEntity
  8
BEZUGSACHSEN
100
AcDbLine
 62
7
  6
BYLAYER
 10
381.4412133396
 20
247.8412947201
 30
0.0
 11
373.9412133396
 21
247.8412947201
 31
0.0
  0
LINE
  5
C8B
100
AcDbEntity
  8
BEZUGSACHSEN
100
AcDbLine
 62
7
  6
BYLAYER
 10
381.4412133396
 20
247.8412947201
 30
0.0
 11
388.9412133396
 21
247.8412947201
 31
0.0
  0
LINE
  5
C8C
100
AcDbEntity
  8
BEZUGSACHSEN
100
AcDbLine
 62
7
  6
BYLAYER
 10
381.4412133396
 20
247.8412947201
 30
0.0
 11
381.4412133396
 21
240.3412947201
 31
0.0
  0
LINE
  5
C8D
100
AcDbEntity
  8
BEZUGSACHSEN
100
AcDbLine
 62
7
  6
BYLAYER
 10
381.4412133396
 20
247.8412947201
 30
0.0
 11
381.4412133396
 21
255.3412947201
 31
0.0
  0
LINE
  5
C8E
100
AcDbEntity
  8
FASEN
100
AcDbLine
 62
7
  6
BYLAYER
 10
358.2062133396
 20
184.0912947201
 30
0.0
 11
358.9562133396
 21
184.8412947201
 31
0.0
  0
LINE
  5
C8F
100
AcDbEntity
  8
0
100
AcDbLine
 62
7
  6
BYLAYER
 10
362.0162133396
 20
186.9412947201
 30
0.0
 11
362.6912133396
 21
187.6162947201
 31
0.0
  0
LINE
  5
C90
100
AcDbEntity
  8
FASEN
100
AcDbLine
 62
7
  6
BYLAYER
 10
362.0162133396
 20
186.7912947201
 30
0.0
 11
362.7662133396
 21
187.5412947201
 31
0.0
  0
LINE
  5
C91
100
AcDbEntity
  8
0
100
AcDbLine
 62
7
  6
BYLAYER
 10
372.7412133396
 20
194.5912947201
 30
0.0
 11
373.6412133396
 21
195.4912947201
 31
0.0
  0
LINE
  5
C92
100
AcDbEntity
  8
FASEN
100
AcDbLine
 62
7
  6
BYLAYER
 10
363.5762133396
 20
184.8412947201
 30
0.0
 11
364.3262133396
 21
185.5912947201
 31
0.0
  0
LINE
  5
C93
100
AcDbEntity
  8
RUNDUNGEN
100
AcDbLine
 62
7
  6
BYLAYER
 10
355.8464254256
 20
251.3314822341
 30
0.0
 11
355.1131452181
 21
251.555316841
 31
0.0
  0
LINE
  5
C94
100
AcDbEntity
  8
BEZUGSACHSEN
100
AcDbLine
 62
7
  6
BYLAYER
 10
386.2412133396
 20
236.5364285112
 30
0.0
 11
386.2412133396
 21
203.4443562634
 31
0.0
  0
LINE
  5
C95
100
AcDbEntity
  8
0
100
AcDbLine
 62
7
  6
BYLAYER
 10
366.5012133396
 20
184.9162947201
 30
0.0
 11
365.8262133396
 21
184.2412947201
 31
0.0
  0
LINE
  5
C96
100
AcDbEntity
  8
FASEN
100
AcDbLine
 62
7
  6
BYLAYER
 10
365.8262133396
 20
184.0912947201
 30
0.0
 11
366.5762133396
 21
184.8412947201
 31
0.0
  0
LINE
  5
C97
100
AcDbEntity
  8
FASEN
100
AcDbLine
 62
7
  6
BYLAYER
 10
369.2312133396
 20
176.7412947201
 30
0.0
 11
368.6312133396
 21
176.1412947201
 31
0.0
  0
CIRCLE
  5
C98
100
AcDbEntity
  8
0
100
AcDbCircle
 62
7
  6
BYLAYER
 10
235.9377280875
 20
90.9523878692
 30
0.0
 40
33.0
  0
CIRCLE
  5
C99
100
AcDbEntity
  8
0
100
AcDbCircle
 62
7
  6
BYLAYER
 10
265.6377280875
 20
120.6523878692
 30
0.0
 40
4.8
  0
CIRCLE
  5
C9A
100
AcDbEntity
  8
0
100
AcDbCircle
 62
7
  6
BYLAYER
 10
206.2377280875
 20
61.2523878692
 30
0.0
 40
4.8
  0
CIRCLE
  5
C9B
100
AcDbEntity
  8
0
100
AcDbCircle
 62
7
  6
BYLAYER
 10
98.2088320205
 20
98.751996874
 30
0.0
 40
2.325
  0
CIRCLE
  5
C9C
100
AcDbEntity
  8
0
100
AcDbCircle
 62
7
  6
BYLAYER
 10
67.7288320205
 20
72.081996874
 30
0.0
 40
2.325
  0
CIRCLE
  5
C9D
100
AcDbEntity
  8
0
100
AcDbCircle
 62
7
  6
BYLAYER
 10
102.7538320205
 20
70.161996874
 30
0.0
 40
1.35
  0
CIRCLE
  5
C9E
100
AcDbEntity
  8
0
100
AcDbCircle
 62
7
  6
BYLAYER
 10
73.4288320205
 20
66.351996874
 30
0.0
 40
1.2
  0
CIRCLE
  5
C9F
100
AcDbEntity
  8
0
100
AcDbCircle
 62
7
  6
BYLAYER
 10
81.0488320205
 20
66.351996874
 30
0.0
 40
1.2
  0
CIRCLE
  5
CA0
100
AcDbEntity
  8
0
100
AcDbCircle
 62
7
  6
BYLAYER
 10
88.6688320205
 20
66.351996874
 30
0.0
 40
1.2
  0
CIRCLE
  5
CA1
100
AcDbEntity
  8
0
100
AcDbCircle
 62
7
  6
BYLAYER
 10
96.2888320205
 20
66.351996874
 30
0.0
 40
1.2
  0
CIRCLE
  5
CA2
100
AcDbEntity
  8
0
100
AcDbCircle
 62
7
  6
BYLAYER
 10
92.4788320205
 20
58.731996874
 30
0.0
 40
1.2
  0
CIRCLE
  5
CA3
100
AcDbEntity
  8
0
100
AcDbCircle
 62
7
  6
BYLAYER
 10
84.8588320205
 20
58.731996874
 30
0.0
 40
1.2
  0
CIRCLE
  5
CA4
100
AcDbEntity
  8
0
100
AcDbCircle
 62
7
  6
BYLAYER
 10
77.2388320205
 20
58.731996874
 30
0.0
 40
1.2
  0
CIRCLE
  5
CA5
100
AcDbEntity
  8
0
100
AcDbCircle
 62
7
  6
BYLAYER
 10
69.6188320205
 20
58.731996874
 30
0.0
 40
1.2
  0
ARC
  5
CA6
100
AcDbEntity
  8
RUNDUNGEN
100
AcDbCircle
 62
7
  6
BYLAYER
 10
28.4590567962
 20
197.1398392133
 30
0.0
 40
58.4946093167
100
AcDbArc
 50
52.5988628884
 51
53.8245786234
  0
ARC
  5
CA7
100
AcDbEntity
  8
RUNDUNGEN
100
AcDbCircle
 62
7
  6
BYLAYER
 10
61.7793934293
 20
163.8195025812
 30
0.0
 40
58.494609316
100
AcDbArc
 50
36.1754213766
 51
37.4011371116
  0
ARC
  5
CA8
100
AcDbEntity
  8
0
100
AcDbCircle
 62
7
  6
BYLAYER
 10
82.7561111242
 20
217.8437223757
 30
0.0
 40
30.7048944915
100
AcDbArc
 50
75.8213598574
 51
76.8981543602
  0
ARC
  5
CA9
100
AcDbEntity
  8
0
100
AcDbCircle
 62
7
  6
BYLAYER
 10
82.772370402
 20
217.8645949939
 30
0.0
 40
30.6815011122
100
AcDbArc
 50
83.1813588518
 51
84.7666141607
  0
ARC
  5
CAA
100
AcDbEntity
  8
0
100
AcDbCircle
 62
7
  6
BYLAYER
 10
82.780820752
 20
217.9450400009
 30
0.0
 40
30.6006233676
100
AcDbArc
 50
86.3371544796
 51
87.3439080054
  0
ARC
  5
CAB
100
AcDbEntity
  8
0
100
AcDbCircle
 62
7
  6
BYLAYER
 10
82.7807475066
 20
217.9470466811
 30
0.0
 40
30.5986125063
100
AcDbArc
 50
93.6639400387
 51
94.09249548
  0
ARC
  5
CAC
100
AcDbEntity
  8
0
100
AcDbCircle
 62
7
  6
BYLAYER
 10
82.7782826509
 20
217.9562381412
 30
0.0
 40
30.5891183152
100
AcDbArc
 50
103.0998078099
 51
104.1806779725
  0
ARC
  5
CAD
100
AcDbEntity
  8
0
100
AcDbCircle
 62
7
  6
BYLAYER
 10
82.7777437017
 20
217.9849805501
 30
0.0
 40
30.5605609928
100
AcDbArc
 50
94.0919537921
 51
95.2454611197
  0
ARC
  5
CAE
100
AcDbEntity
  8
RUNDUNGEN
100
AcDbCircle
 62
7
  6
BYLAYER
 10
69.8693567378
 20
202.7159955444
 30
0.0
 40
24.780953752
100
AcDbArc
 50
101.6722466105
 51
103.0925752139
  0
ARC
  5
CAF
100
AcDbEntity
  8
RUNDUNGEN
100
AcDbCircle
 62
7
  6
BYLAYER
 10
69.8693567377
 20
187.4159955451
 30
0.0
 40
24.7809537513
100
AcDbArc
 50
101.6722466105
 51
103.0925752139
  0
ARC
  5
CB0
100
AcDbEntity
  8
RUNDUNGEN
100
AcDbCircle
 62
7
  6
BYLAYER
 10
62.1033489354
 20
210.4912947201
 30
0.0
 40
3.0
100
AcDbArc
 50
336.5632928009
 51
23.4367071991
  0
ARC
  5
CB1
100
AcDbEntity
  8
RUNDUNGEN
100
AcDbCircle
 62
7
  6
BYLAYER
 10
62.1033489354
 20
210.4912947201
 30
0.0
 40
2.4
100
AcDbArc
 50
333.7502925721
 51
26.2497074279
  0
ARC
  5
CB2
100
AcDbEntity
  8
0
100
AcDbCircle
 62
7
  6
BYLAYER
 10
60.1000401042
 20
209.0061687378
 30
0.0
 40
1.8
100
AcDbArc
 50
180.0
 51
218.0
  0
ARC
  5
CB3
100
AcDbEntity
  8
0
100
AcDbCircle
 62
7
  6
BYLAYER
 10
60.220226165
 20
203.1839792496
 30
0.0
 40
1.7013584818
100
AcDbArc
 50
12.8528094375
 51
14.1753876583
  0
ARC
  5
CB4
100
AcDbEntity
  8
0
100
AcDbCircle
 62
7
  6
BYLAYER
 10
62.9808489354
 20
171.4912947201
 30
0.0
 40
1.2
100
AcDbArc
 50
180.0
 51
360.0
  0
ARC
  5
CB5
100
AcDbEntity
  8
0
100
AcDbCircle
 62
7
  6
BYLAYER
 10
60.1000401042
 20
209.0061687378
 30
0.0
 40
1.05
100
AcDbArc
 50
180.0
 51
218.0
  0
ARC
  5
CB6
100
AcDbEntity
  8
0
100
AcDbCircle
 62
7
  6
BYLAYER
 10
80.8758489354
 20
171.0412947201
 30
0.0
 40
0.75
100
AcDbArc
 50
180.0
 51
360.0
  0
ARC
  5
CB7
100
AcDbEntity
  8
0
100
AcDbCircle
 62
7
  6
BYLAYER
 10
77.0658489354
 20
171.0412947201
 30
0.0
 40
0.75
100
AcDbArc
 50
180.0
 51
360.0
  0
ARC
  5
CB8
100
AcDbEntity
  8
0
100
AcDbCircle
 62
7
  6
BYLAYER
 10
73.2558489354
 20
171.0412947201
 30
0.0
 40
0.75
100
AcDbArc
 50
180.0
 51
360.0
  0
ARC
  5
CB9
100
AcDbEntity
  8
0
100
AcDbCircle
 62
7
  6
BYLAYER
 10
69.4458489354
 20
171.0412947201
 30
0.0
 40
0.75
100
AcDbArc
 50
180.0
 51
360.0
  0
ARC
  5
CBA
100
AcDbEntity
  8
0
100
AcDbCircle
 62
7
  6
BYLAYER
 10
33.2808489354
 20
236.5364285112
 30
0.0
 40
15.0
100
AcDbArc
 50
0.0
 51
29.7243291471
  0
ARC
  5
CBB
100
AcDbEntity
  8
RUNDUNGEN
100
AcDbCircle
 62
7
  6
BYLAYER
 10
34.4901412021
 20
266.4320024534
 30
0.0
 40
37.9171590629
100
AcDbArc
 50
312.6145133374
 51
317.3854866626
  0
ARC
  5
CBC
100
AcDbEntity
  8
RUNDUNGEN
100
AcDbCircle
 62
7
  6
BYLAYER
 10
53.0808489354
 20
247.8412947201
 30
0.0
 40
11.7
100
AcDbArc
 50
291.2114525065
 51
307.2282801674
  0
ARC
  5
CBD
100
AcDbEntity
  8
RUNDUNGEN
100
AcDbCircle
 62
7
  6
BYLAYER
 10
53.0808489354
 20
247.8412947201
 30
0.0
 40
11.7
100
AcDbArc
 50
322.7517997123
 51
338.7885474935
  0
ARC
  5
CBE
100
AcDbEntity
  8
RUNDUNGEN
100
AcDbCircle
 62
7
  6
BYLAYER
 10
53.0808489354
 20
247.8412947201
 30
0.0
 40
10.5
100
AcDbArc
 50
289.3775535844
 51
340.6224464156
  0
ARC
  5
CBF
100
AcDbEntity
  8
0
100
AcDbCircle
 62
7
  6
BYLAYER
 10
53.0808489354
 20
247.8412947201
 30
0.0
 40
7.8
100
AcDbArc
 50
59.2738644853
 51
209.7243291471
  0
CIRCLE
  5
CC0
100
AcDbEntity
  8
KANTENFASEN
100
AcDbCircle
 62
7
  6
BYLAYER
 10
53.0808489354
 20
247.8412947201
 30
0.0
 40
5.7
  0
CIRCLE
  5
CC1
100
AcDbEntity
  8
KANTENFASEN
100
AcDbCircle
 62
7
  6
BYLAYER
 10
53.0808489354
 20
247.8412947201
 30
0.0
 40
4.5
  0
CIRCLE
  5
CC2
100
AcDbEntity
  8
BEZUGSACHSEN
100
AcDbCircle
 62
7
  6
BYLAYER
 10
53.0808489354
 20
247.8412947201
 30
0.0
 40
3.6
  0
ARC
  5
CC3
100
AcDbEntity
  8
RUNDUNGEN
100
AcDbCircle
 62
7
  6
BYLAYER
 10
69.8693567378
 20
233.5665938958
 30
0.0
 40
24.780953752
100
AcDbArc
 50
256.9074247861
 51
258.3277533895
  0
ARC
  5
CC4
100
AcDbEntity
  8
0
100
AcDbCircle
 62
7
  6
BYLAYER
 10
79.253012379
 20
237.4843772944
 30
0.0
 40
4.3213350965
100
AcDbArc
 50
85.9781240086
 51
86.9484003859
  0
ARC
  5
CC5
100
AcDbEntity
  8
RUNDUNGEN
100
AcDbCircle
 62
7
  6
BYLAYER
 10
62.1033489354
 20
225.7912947201
 30
0.0
 40
3.0
100
AcDbArc
 50
336.5632928009
 51
23.4367071991
  0
ARC
  5
CC6
100
AcDbEntity
  8
RUNDUNGEN
100
AcDbCircle
 62
7
  6
BYLAYER
 10
62.1033489354
 20
225.7912947201
 30
0.0
 40
2.4
100
AcDbArc
 50
333.7502925721
 51
26.2497074279
  0
ARC
  5
CC7
100
AcDbEntity
  8
BEZUGSACHSEN
100
AcDbCircle
 62
7
  6
BYLAYER
 10
68.8838240808
 20
237.3392815987
 30
0.0
 40
2.25
100
AcDbArc
 50
40.0004906311
 51
211.7995093689
  0
ARC
  5
CC8
100
AcDbEntity
  8
4171
100
AcDbCircle
 62
7
  6
BYLAYER
 10
80.3809841014
 20
238.4367857713
 30
0.0
 40
1.8117958755
100
AcDbArc
 50
67.581209784
 51
90.0042744548
  0
ARC
  5
CC9
100
AcDbEntity
  8
4171
100
AcDbCircle
 62
7
  6
BYLAYER
 10
80.3823437508
 20
240.5209956314
 30
0.0
 40
1.8059955491
100
AcDbArc
 50
43.0152578656
 51
90.0474215862
  0
ARC
  5
CCA
100
AcDbEntity
  8
4171
100
AcDbCircle
 62
7
  6
BYLAYER
 10
80.3836377842
 20
238.4437327979
 30
0.0
 40
1.8043618643
100
AcDbArc
 50
63.6071049114
 51
67.5749767151
  0
ARC
  5
CCB
100
AcDbEntity
  8
RUNDUNGEN
100
AcDbCircle
 62
7
  6
BYLAYER
 10
69.869356738
 20
248.8665938964
 30
0.0
 40
24.7809537527
100
AcDbArc
 50
256.9074247861
 51
258.3277533895
  0
ARC
  5
CCC
100
AcDbEntity
  8
0
100
AcDbCircle
 62
7
  6
BYLAYER
 10
64.7301689206
 20
267.4406147053
 30
0.0
 40
15.0
100
AcDbArc
 50
239.2738644853
 51
289.2383477238
  0
ARC
  5
CCD
100
AcDbEntity
  8
4171
100
AcDbCircle
 62
7
  6
BYLAYER
 10
81.9241074791
 20
246.9380512694
 30
0.0
 40
6.9472940977
100
AcDbArc
 50
262.8039826138
 51
263.0528181572
  0
ARC
  5
CCE
100
AcDbEntity
  8
0
100
AcDbCircle
 62
7
  6
BYLAYER
 10
73.7808489354
 20
257.6493274963
 30
0.0
 40
6.0
100
AcDbArc
 50
180.0
 51
270.0
  0
ARC
  5
CCF
100
AcDbEntity
  8
0
100
AcDbCircle
 62
7
  6
BYLAYER
 10
73.7808489354
 20
260.0979229576
 30
0.0
 40
6.0
100
AcDbArc
 50
112.024312837
 51
180.0
  0
ARC
  5
CD0
100
AcDbEntity
  8
0
100
AcDbCircle
 62
7
  6
BYLAYER
 10
79.0328537149
 20
260.992823439
 30
0.0
 40
5.6878869677
100
AcDbArc
 50
10.3233531846
 51
12.9119298349
  0
ARC
  5
CD1
100
AcDbEntity
  8
0
100
AcDbCircle
 62
7
  6
BYLAYER
 10
78.7721370985
 20
261.5045086091
 30
0.0
 40
5.6878869678
100
AcDbArc
 50
41.0880701652
 51
43.6766468153
  0
ARC
  5
CD2
100
AcDbEntity
  8
0
100
AcDbCircle
 62
7
  6
BYLAYER
 10
73.7808489354
 20
260.0979229576
 30
0.0
 40
4.8
100
AcDbArc
 50
112.024312837
 51
180.0
  0
ARC
  5
CD3
100
AcDbEntity
  8
BEZUGSACHSEN
100
AcDbCircle
 62
7
  6
BYLAYER
 10
65.4108489354
 20
252.6412947201
 30
0.0
 40
2.25
100
AcDbArc
 50
2.2429630783
 51
183.0238499972
  0
ARC
  5
CD4
100
AcDbEntity
  8
0
100
AcDbCircle
 62
7
  6
BYLAYER
 10
75.006059143
 20
251.0500627929
 30
0.0
 40
0.5992697039
100
AcDbArc
 50
2.4027644054
 51
90.0173853592
  0
ARC
  5
CD5
100
AcDbEntity
  8
_26_DATUM_AXIS
100
AcDbCircle
 62
7
  6
BYLAYER
 10
81.553023671
 20
265.1876479641
 30
0.0
 40
0.27825
100
AcDbArc
 50
122.0271334944
 51
302.0271334944
  0
ARC
  5
CD6
100
AcDbEntity
  8
_26_DATUM_AXIS
100
AcDbCircle
 62
7
  6
BYLAYER
 10
80.9077723392
 20
261.8639160437
 30
0.0
 40
0.27825
100
AcDbArc
 50
216.0
 51
36.0
  0
ARC
  5
CD7
100
AcDbEntity
  8
_26_DATUM_AXIS
100
AcDbCircle
 62
7
  6
BYLAYER
 10
81.8421869677
 20
263.9067636881
 30
0.0
 40
0.27825
100
AcDbArc
 50
234.0
 51
54.0
  0
ARC
  5
CD8
100
AcDbEntity
  8
_26_DATUM_AXIS
100
AcDbCircle
 62
7
  6
BYLAYER
 10
80.9077723392
 20
264.5856556545
 30
0.0
 40
0.27825
100
AcDbArc
 50
54.0
 51
144.0
  0
ARC
  5
CD9
100
AcDbEntity
  8
0
100
AcDbCircle
 62
7
  6
BYLAYER
 10
80.9077723392
 20
264.5856556545
 30
0.0
 40
0.1050449192
100
AcDbArc
 50
54.0
 51
144.0
  0
ARC
  5
CDA
100
AcDbEntity
  8
0
100
AcDbCircle
 62
7
  6
BYLAYER
 10
81.8421869677
 20
263.9067636881
 30
0.0
 40
0.1050449192
100
AcDbArc
 50
234.0
 51
54.0
  0
ARC
  5
CDB
100
AcDbEntity
  8
0
100
AcDbCircle
 62
7
  6
BYLAYER
 10
80.9077723392
 20
261.8639160437
 30
0.0
 40
0.1050449192
100
AcDbArc
 50
216.0
 51
36.0
  0
ARC
  5
CDC
100
AcDbEntity
  8
0
100
AcDbCircle
 62
7
  6
BYLAYER
 10
81.553023671
 20
265.1876479641
 30
0.0
 40
0.1050449192
100
AcDbArc
 50
122.0271334944
 51
302.0271334944
  0
ARC
  5
CDD
100
AcDbEntity
  8
RUNDUNGEN
100
AcDbCircle
 62
7
  6
BYLAYER
 10
95.6923411332
 20
187.415995545
 30
0.0
 40
24.7809537514
100
AcDbArc
 50
76.9074247861
 51
78.3277533895
  0
ARC
  5
CDE
100
AcDbEntity
  8
0
100
AcDbCircle
 62
7
  6
BYLAYER
 10
84.7308489354
 20
171.0412947201
 30
0.0
 40
0.75
100
AcDbArc
 50
180.0
 51
360.0
  0
ARC
  5
CDF
100
AcDbEntity
  8
0
100
AcDbCircle
 62
7
  6
BYLAYER
 10
88.4958489354
 20
171.0412947201
 30
0.0
 40
0.75
100
AcDbArc
 50
180.0
 51
360.0
  0
ARC
  5
CE0
100
AcDbEntity
  8
0
100
AcDbCircle
 62
7
  6
BYLAYER
 10
92.3058489354
 20
171.0412947201
 30
0.0
 40
0.75
100
AcDbArc
 50
180.0
 51
360.0
  0
ARC
  5
CE1
100
AcDbEntity
  8
0
100
AcDbCircle
 62
7
  6
BYLAYER
 10
96.1308489354
 20
171.0412947201
 30
0.0
 40
0.75
100
AcDbArc
 50
180.0
 51
360.0
  0
ARC
  5
CE2
100
AcDbEntity
  8
0
100
AcDbCircle
 62
7
  6
BYLAYER
 10
82.80734811
 20
217.8365081527
 30
0.0
 40
32.8123201882
100
AcDbArc
 50
103.1018675139
 51
104.1892207987
  0
ARC
  5
CE3
100
AcDbEntity
  8
0
100
AcDbCircle
 62
7
  6
BYLAYER
 10
82.7808489354
 20
217.9456628975
 30
0.0
 40
32.7
100
AcDbArc
 50
61.5
 51
75.8089116873
  0
ARC
  5
CE4
100
AcDbEntity
  8
0
100
AcDbCircle
 62
7
  6
BYLAYER
 10
82.7808489354
 20
217.9456628975
 30
0.0
 40
32.7
100
AcDbArc
 50
104.1910883127
 51
118.5
  0
ARC
  5
CE5
100
AcDbEntity
  8
0
100
AcDbCircle
 62
7
  6
BYLAYER
 10
82.7835522739
 20
217.9567984227
 30
0.0
 40
32.6885415511
100
AcDbArc
 50
75.8087204497
 51
76.9001912376
  0
ARC
  5
CE6
100
AcDbEntity
  8
0
100
AcDbCircle
 62
7
  6
BYLAYER
 10
82.78736762
 20
217.8832465271
 30
0.0
 40
30.6627488175
100
AcDbArc
 50
95.2459895776
 51
96.8190928787
  0
ARC
  5
CE7
100
AcDbEntity
  8
0
100
AcDbCircle
 62
7
  6
BYLAYER
 10
82.7808489354
 20
217.9456628975
 30
0.0
 40
30.6
100
AcDbArc
 50
61.5
 51
75.8195141045
  0
ARC
  5
CE8
100
AcDbEntity
  8
0
100
AcDbCircle
 62
7
  6
BYLAYER
 10
82.7808489354
 20
217.9456628975
 30
0.0
 40
30.6
100
AcDbArc
 50
104.1804858919
 51
118.5
  0
ARC
  5
CE9
100
AcDbEntity
  8
0
100
AcDbCircle
 62
7
  6
BYLAYER
 10
82.7808489354
 20
217.9456628975
 30
0.0
 40
30.6
100
AcDbArc
 50
76.9
 51
103.1
  0
ARC
  5
CEA
100
AcDbEntity
  8
RUNDUNGEN
100
AcDbCircle
 62
7
  6
BYLAYER
 10
95.692341133
 20
202.7159955444
 30
0.0
 40
24.780953752
100
AcDbArc
 50
76.9074247861
 51
78.3277533895
  0
ARC
  5
CEB
100
AcDbEntity
  8
RUNDUNGEN
100
AcDbCircle
 62
7
  6
BYLAYER
 10
103.4583489354
 20
210.4912947201
 30
0.0
 40
3.0
100
AcDbArc
 50
156.5632928009
 51
203.4367071991
  0
ARC
  5
CEC
100
AcDbEntity
  8
RUNDUNGEN
100
AcDbCircle
 62
7
  6
BYLAYER
 10
103.4583489354
 20
210.4912947201
 30
0.0
 40
2.4
100
AcDbArc
 50
153.7502925721
 51
206.2497074279
  0
ARC
  5
CED
100
AcDbEntity
  8
RUNDUNGEN
100
AcDbCircle
 62
7
  6
BYLAYER
 10
131.0715566687
 20
169.8505869868
 30
0.0
 40
37.9171590628
100
AcDbArc
 50
132.6145133374
 51
137.3854866626
  0
ARC
  5
CEE
100
AcDbEntity
  8
RUNDUNGEN
100
AcDbCircle
 62
7
  6
BYLAYER
 10
112.4808489354
 20
188.4412947201
 30
0.0
 40
11.7
100
AcDbArc
 50
111.2114525065
 51
127.2595410424
  0
ARC
  5
CEF
100
AcDbEntity
  8
RUNDUNGEN
100
AcDbCircle
 62
7
  6
BYLAYER
 10
112.4808489354
 20
188.4412947201
 30
0.0
 40
11.7
100
AcDbArc
 50
142.7526718137
 51
158.7885474935
  0
ARC
  5
CF0
100
AcDbEntity
  8
RUNDUNGEN
100
AcDbCircle
 62
7
  6
BYLAYER
 10
112.4808489354
 20
188.4412947201
 30
0.0
 40
10.5
100
AcDbArc
 50
109.3775535844
 51
160.6224464156
  0
ARC
  5
CF1
100
AcDbEntity
  8
0
100
AcDbCircle
 62
7
  6
BYLAYER
 10
112.4808489354
 20
188.4412947201
 30
0.0
 40
7.8
100
AcDbArc
 50
300.073347645
 51
29.7243291471
  0
ARC
  5
CF2
100
AcDbEntity
  8
BEZUGSACHSEN
100
AcDbCircle
 62
7
  6
BYLAYER
 10
112.4808489354
 20
188.4412947201
 30
0.0
 40
7.8
100
AcDbArc
 50
270.0
 51
299.9310822868
  0
ARC
  5
CF3
100
AcDbEntity
  8
0
100
AcDbCircle
 62
7
  6
BYLAYER
 10
112.4808489354
 20
188.4412947201
 30
0.0
 40
5.7
100
AcDbArc
 50
150.2756708529
 51
209.7243291471
  0
ARC
  5
CF4
100
AcDbEntity
  8
0
100
AcDbCircle
 62
7
  6
BYLAYER
 10
112.4808489354
 20
188.4412947201
 30
0.0
 40
5.7
100
AcDbArc
 50
236.4522617318
 51
123.5477382682
  0
CIRCLE
  5
CF5
100
AcDbEntity
  8
0
100
AcDbCircle
 62
7
  6
BYLAYER
 10
112.4808489354
 20
188.4412947201
 30
0.0
 40
4.5
  0
CIRCLE
  5
CF6
100
AcDbEntity
  8
BEZUGSACHSEN
100
AcDbCircle
 62
7
  6
BYLAYER
 10
112.4808489354
 20
188.4412947201
 30
0.0
 40
3.6
  0
ARC
  5
CF7
100
AcDbEntity
  8
0
100
AcDbCircle
 62
7
  6
BYLAYER
 10
132.2808489354
 20
199.7461609289
 30
0.0
 40
15.0
100
AcDbArc
 50
180.0
 51
209.7243291471
  0
ARC
  5
CF8
100
AcDbEntity
  8
0
100
AcDbCircle
 62
7
  6
BYLAYER
 10
82.7808489354
 20
218.1412947201
 30
0.0
 40
37.5
100
AcDbArc
 50
23.0739180656
 51
69.568212739
  0
ARC
  5
CF9
100
AcDbEntity
  8
0
100
AcDbCircle
 62
7
  6
BYLAYER
 10
82.7808489354
 20
218.1412947201
 30
0.0
 40
37.5
100
AcDbArc
 50
203.0739180656
 51
223.9455195623
  0
ARC
  5
CFA
100
AcDbEntity
  8
RUNDUNGEN
100
AcDbCircle
 62
7
  6
BYLAYER
 10
82.7808489354
 20
218.1412947201
 30
0.0
 40
32.85
100
AcDbArc
 50
120.0
 51
127.0549959356
  0
ARC
  5
CFB
100
AcDbEntity
  8
RUNDUNGEN
100
AcDbCircle
 62
7
  6
BYLAYER
 10
82.7808489354
 20
218.1412947201
 30
0.0
 40
32.85
100
AcDbArc
 50
142.9450040644
 51
307.0549959356
  0
ARC
  5
CFC
100
AcDbEntity
  8
RUNDUNGEN
100
AcDbCircle
 62
7
  6
BYLAYER
 10
82.7808489354
 20
218.1412947201
 30
0.0
 40
32.85
100
AcDbArc
 50
322.9450040644
 51
60.0
  0
ARC
  5
CFD
100
AcDbEntity
  8
0
100
AcDbCircle
 62
7
  6
BYLAYER
 10
82.7808489354
 20
218.1412947201
 30
0.0
 40
32.85
100
AcDbArc
 50
102.9710486146
 51
120.0
  0
ARC
  5
CFE
100
AcDbEntity
  8
0
100
AcDbCircle
 62
7
  6
BYLAYER
 10
82.7808489354
 20
218.1412947201
 30
0.0
 40
32.85
100
AcDbArc
 50
60.0
 51
77.0289513865
  0
ARC
  5
CFF
100
AcDbEntity
  8
RUNDUNGEN
100
AcDbCircle
 62
7
  6
BYLAYER
 10
82.7808489354
 20
218.1412947201
 30
0.0
 40
31.65
100
AcDbArc
 50
120.0
 51
126.4246309481
  0
ARC
  5
D00
100
AcDbEntity
  8
RUNDUNGEN
100
AcDbCircle
 62
7
  6
BYLAYER
 10
82.7808489354
 20
218.1412947201
 30
0.0
 40
31.65
100
AcDbArc
 50
323.5753690519
 51
60.0
  0
ARC
  5
D01
100
AcDbEntity
  8
RUNDUNGEN
100
AcDbCircle
 62
7
  6
BYLAYER
 10
82.7808489354
 20
218.1412947201
 30
0.0
 40
31.65
100
AcDbArc
 50
143.5753690519
 51
306.4246309481
  0
ARC
  5
D02
100
AcDbEntity
  8
RUNDUNGEN
100
AcDbCircle
 62
7
  6
BYLAYER
 10
82.7808489354
 20
218.1412947201
 30
0.0
 40
30.45
100
AcDbArc
 50
317.9662391964
 51
60.0
  0
ARC
  5
D03
100
AcDbEntity
  8
RUNDUNGEN
100
AcDbCircle
 62
7
  6
BYLAYER
 10
82.7808489354
 20
218.1412947201
 30
0.0
 40
30.45
100
AcDbArc
 50
120.0
 51
132.0292205493
  0
ARC
  5
D04
100
AcDbEntity
  8
RUNDUNGEN
100
AcDbCircle
 62
7
  6
BYLAYER
 10
82.7808489354
 20
218.1412947201
 30
0.0
 40
30.45
100
AcDbArc
 50
137.9779282606
 51
312.0288944507
  0
ARC
  5
D05
100
AcDbEntity
  8
RUNDUNGEN
100
AcDbCircle
 62
7
  6
BYLAYER
 10
82.7808489354
 20
218.1412947201
 30
0.0
 40
29.25
100
AcDbArc
 50
120.0
 51
60.0
  0
ARC
  5
D06
100
AcDbEntity
  8
RUNDUNGEN
100
AcDbCircle
 62
7
  6
BYLAYER
 10
82.7808489354
 20
218.1412947201
 30
0.0
 40
29.018268451
100
AcDbArc
 50
120.0
 51
60.0
  0
ARC
  5
D07
100
AcDbEntity
  8
0
100
AcDbCircle
 62
7
  6
BYLAYER
 10
82.7808489354
 20
218.1412947201
 30
0.0
 40
28.965861551
100
AcDbArc
 50
106.8577496465
 51
120.0
  0
ARC
  5
D08
100
AcDbEntity
  8
0
100
AcDbCircle
 62
7
  6
BYLAYER
 10
82.7808489354
 20
218.1412947201
 30
0.0
 40
28.965861551
100
AcDbArc
 50
60.0
 51
73.1422503535
  0
ARC
  5
D09
100
AcDbEntity
  8
RUNDUNGEN
100
AcDbCircle
 62
7
  6
BYLAYER
 10
82.7808489354
 20
218.1412947201
 30
0.0
 40
28.7327856412
100
AcDbArc
 50
106.9986372837
 51
73.0013627163
  0
ARC
  5
D0A
100
AcDbEntity
  8
RUNDUNGEN
100
AcDbCircle
 62
7
  6
BYLAYER
 10
82.7808489354
 20
218.1412947201
 30
0.0
 40
27.8328199105
100
AcDbArc
 50
107.5653784336
 51
72.434624846
  0
ARC
  5
D0B
100
AcDbEntity
  8
0
100
AcDbCircle
 62
7
  6
BYLAYER
 10
82.7808489354
 20
218.1412947201
 30
0.0
 40
25.1921800895
100
AcDbArc
 50
171.784222218
 51
173.160717761
  0
ARC
  5
D0C
100
AcDbEntity
  8
0
100
AcDbCircle
 62
7
  6
BYLAYER
 10
82.7808489354
 20
218.1412947201
 30
0.0
 40
25.1921800895
100
AcDbArc
 50
199.8190445399
 51
205.0036428094
  0
ARC
  5
D0D
100
AcDbEntity
  8
0
100
AcDbCircle
 62
7
  6
BYLAYER
 10
82.7808489354
 20
218.1412947201
 30
0.0
 40
25.1921580873
100
AcDbArc
 50
19.8190548124
 51
24.9345985443
  0
ARC
  5
D0E
100
AcDbEntity
  8
0
100
AcDbCircle
 62
7
  6
BYLAYER
 10
82.7808489354
 20
218.1412947201
 30
0.0
 40
25.1921580873
100
AcDbArc
 50
351.784214993
 51
353.1607117591
  0
ARC
  5
D0F
100
AcDbEntity
  8
0
100
AcDbCircle
 62
7
  6
BYLAYER
 10
82.7808489354
 20
218.1412947201
 30
0.0
 40
24.3
100
AcDbArc
 50
192.7587404169
 51
351.4803757459
  0
ARC
  5
D10
100
AcDbEntity
  8
0
100
AcDbCircle
 62
7
  6
BYLAYER
 10
82.7808489354
 20
218.1412947201
 30
0.0
 40
24.3
100
AcDbArc
 50
131.0791393005
 51
171.4803757459
  0
ARC
  5
D11
100
AcDbEntity
  8
0
100
AcDbCircle
 62
7
  6
BYLAYER
 10
82.7808489354
 20
218.1412947201
 30
0.0
 40
24.3
100
AcDbArc
 50
12.7589777558
 51
52.2949486214
  0
ARC
  5
D12
100
AcDbEntity
  8
0
100
AcDbCircle
 62
7
  6
BYLAYER
 10
82.7808489354
 20
218.1412947201
 30
0.0
 40
24.3
100
AcDbArc
 50
59.3418207379
 51
69.7767492921
  0
ARC
  5
D13
100
AcDbEntity
  8
BEZUGSACHSEN
100
AcDbCircle
 62
7
  6
BYLAYER
 10
82.7808489354
 20
218.1412947201
 30
0.0
 40
24.3
100
AcDbArc
 50
110.2232507079
 51
120.7208606995
  0
ARC
  5
D14
100
AcDbEntity
  8
0
100
AcDbCircle
 62
7
  6
BYLAYER
 10
82.7808489354
 20
218.1412947201
 30
0.0
 40
24.0696106903
100
AcDbArc
 50
69.574584284
 51
79.4651278003
  0
ARC
  5
D15
100
AcDbEntity
  8
0
100
AcDbCircle
 62
7
  6
BYLAYER
 10
82.7808489354
 20
218.1412947201
 30
0.0
 40
24.0696106903
100
AcDbArc
 50
100.5348721997
 51
110.425415716
  0
ARC
  5
D16
100
AcDbEntity
  8
0
100
AcDbCircle
 62
7
  6
BYLAYER
 10
82.7808489354
 20
218.1412947201
 30
0.0
 40
23.9543474957
100
AcDbArc
 50
100.5011902095
 51
121.628400943
  0
ARC
  5
D17
100
AcDbEntity
  8
0
100
AcDbCircle
 62
7
  6
BYLAYER
 10
82.7808489354
 20
218.1412947201
 30
0.0
 40
23.9543474957
100
AcDbArc
 50
8.6429927657
 51
52.5057080153
  0
ARC
  5
D18
100
AcDbEntity
  8
0
100
AcDbCircle
 62
7
  6
BYLAYER
 10
82.7808489354
 20
218.1412947201
 30
0.0
 40
23.9543474957
100
AcDbArc
 50
58.3943216896
 51
79.4988097905
  0
ARC
  5
D19
100
AcDbEntity
  8
0
100
AcDbCircle
 62
7
  6
BYLAYER
 10
82.7808489354
 20
218.1412947201
 30
0.0
 40
23.9543474957
100
AcDbArc
 50
130.171599057
 51
171.3570072343
  0
ARC
  5
D1A
100
AcDbEntity
  8
0
100
AcDbCircle
 62
7
  6
BYLAYER
 10
82.7808489354
 20
218.1412947201
 30
0.0
 40
23.9543474957
100
AcDbArc
 50
188.6429927657
 51
351.3570072343
  0
ARC
  5
D1B
100
AcDbEntity
  8
0
100
AcDbCircle
 62
7
  6
BYLAYER
 10
82.7808489354
 20
218.1412947201
 30
0.0
 40
23.0543817649
100
AcDbArc
 50
12.7804693587
 51
79.7734687486
  0
ARC
  5
D1C
100
AcDbEntity
  8
0
100
AcDbCircle
 62
7
  6
BYLAYER
 10
82.7808489354
 20
218.1412947201
 30
0.0
 40
23.0543817649
100
AcDbArc
 50
100.2265312514
 51
167.2195306413
  0
ARC
  5
D1D
100
AcDbEntity
  8
0
100
AcDbCircle
 62
7
  6
BYLAYER
 10
82.7808489354
 20
218.1412947201
 30
0.0
 40
23.0543817649
100
AcDbArc
 50
192.7804693587
 51
347.2195306413
  0
ARC
  5
D1E
100
AcDbEntity
  8
0
100
AcDbCircle
 62
7
  6
BYLAYER
 10
82.7808489354
 20
237.8493274963
 30
0.0
 40
30.0
100
AcDbArc
 50
67.975687163
 51
112.024312837
  0
ARC
  5
D1F
100
AcDbEntity
  8
0
100
AcDbCircle
 62
7
  6
BYLAYER
 10
82.7808489354
 20
237.8493274963
 30
0.0
 40
28.8
100
AcDbArc
 50
93.3392636829
 51
112.024312837
  0
ARC
  5
D20
100
AcDbEntity
  8
0
100
AcDbCircle
 62
7
  6
BYLAYER
 10
82.7808489354
 20
237.8493274963
 30
0.0
 40
28.8
100
AcDbArc
 50
67.975687163
 51
86.6607363171
  0
ARC
  5
D21
100
AcDbEntity
  8
4171
100
AcDbCircle
 62
7
  6
BYLAYER
 10
86.6808219987
 20
235.4579653882
 30
0.0
 40
4.8711127828
100
AcDbArc
 50
89.5841744841
 51
89.9996831603
  0
ARC
  5
D22
100
AcDbEntity
  8
0
100
AcDbCircle
 62
7
  6
BYLAYER
 10
86.3244421245
 20
237.2168740598
 30
0.0
 40
4.5892986864
100
AcDbArc
 50
93.0799360707
 51
93.5489886169
  0
ARC
  5
D23
100
AcDbEntity
  8
4171
100
AcDbCircle
 62
7
  6
BYLAYER
 10
85.1806774518
 20
238.4370190432
 30
0.0
 40
1.8115626066
100
AcDbArc
 50
89.9945763457
 51
113.4635686828
  0
ARC
  5
D24
100
AcDbEntity
  8
4171
100
AcDbCircle
 62
7
  6
BYLAYER
 10
85.1793541332
 20
240.5209956372
 30
0.0
 40
1.8059955491
100
AcDbArc
 50
89.9525788295
 51
136.9847425525
  0
ARC
  5
D25
100
AcDbEntity
  8
4171
100
AcDbCircle
 62
7
  6
BYLAYER
 10
85.1785647223
 20
238.4426645801
 30
0.0
 40
1.8055428737
100
AcDbArc
 50
113.9303208217
 51
116.4093384782
  0
ARC
  5
D26
100
AcDbEntity
  8
4171
100
AcDbCircle
 62
7
  6
BYLAYER
 10
85.1776359609
 20
238.4447227944
 30
0.0
 40
1.8032848556
100
AcDbArc
 50
113.4723815756
 51
113.9298740739
  0
ARC
  5
D27
100
AcDbEntity
  8
RUNDUNGEN
100
AcDbCircle
 62
7
  6
BYLAYER
 10
103.4583489354
 20
225.7912947201
 30
0.0
 40
3.0
100
AcDbArc
 50
156.5632928009
 51
203.4367071991
  0
ARC
  5
D28
100
AcDbEntity
  8
RUNDUNGEN
100
AcDbCircle
 62
7
  6
BYLAYER
 10
103.4583489354
 20
225.7912947201
 30
0.0
 40
2.4
100
AcDbArc
 50
153.7502925721
 51
206.2497074279
  0
ARC
  5
D29
100
AcDbEntity
  8
0
100
AcDbCircle
 62
7
  6
BYLAYER
 10
105.4616577667
 20
227.2764207023
 30
0.0
 40
1.8
100
AcDbArc
 50
0.0
 51
38.0
  0
ARC
  5
D2A
100
AcDbEntity
  8
0
100
AcDbCircle
 62
7
  6
BYLAYER
 10
105.4616577667
 20
227.2764207023
 30
0.0
 40
1.05
100
AcDbArc
 50
0.0
 51
38.0
  0
ARC
  5
D2B
100
AcDbEntity
  8
RUNDUNGEN
100
AcDbCircle
 62
7
  6
BYLAYER
 10
95.692341133
 20
233.5665938957
 30
0.0
 40
24.780953752
100
AcDbArc
 50
281.6722466105
 51
283.0925752139
  0
ARC
  5
D2C
100
AcDbEntity
  8
BEZUGSACHSEN
100
AcDbCircle
 62
7
  6
BYLAYER
 10
96.7658296436
 20
237.4607878447
 30
0.0
 40
2.25
100
AcDbArc
 50
54.1
 51
143.8291299907
  0
ARC
  5
D2D
100
AcDbEntity
  8
0
100
AcDbCircle
 62
7
  6
BYLAYER
 10
96.7658296436
 20
237.4607878447
 30
0.0
 40
2.25
100
AcDbArc
 50
12.5622029647
 51
54.1
  0
ARC
  5
D2E
100
AcDbEntity
  8
4171
100
AcDbCircle
 62
7
  6
BYLAYER
 10
83.6029990416
 20
247.2211144481
 30
0.0
 40
7.2324630263
100
AcDbArc
 50
276.8164138355
 51
276.9479715922
  0
ARC
  5
D2F
100
AcDbEntity
  8
0
100
AcDbCircle
 62
7
  6
BYLAYER
 10
91.7808489354
 20
257.6493274963
 30
0.0
 40
6.0
100
AcDbArc
 50
270.0
 51
360.0
  0
ARC
  5
D30
100
AcDbEntity
  8
0
100
AcDbCircle
 62
7
  6
BYLAYER
 10
90.5556327749
 20
251.0500548415
 30
0.0
 40
0.599263319
100
AcDbArc
 50
89.9821214625
 51
177.5964802414
  0
ARC
  5
D31
100
AcDbEntity
  8
0
100
AcDbCircle
 62
7
  6
BYLAYER
 10
86.7895607723
 20
261.5045086092
 30
0.0
 40
5.6878869677
100
AcDbArc
 50
136.3233531846
 51
138.9119298349
  0
ARC
  5
D32
100
AcDbEntity
  8
_26_DATUM_AXIS
100
AcDbCircle
 62
7
  6
BYLAYER
 10
82.7808489354
 20
260.9095358491
 30
0.0
 40
0.27825
100
AcDbArc
 50
180.0
 51
360.0
  0
ARC
  5
D33
100
AcDbEntity
  8
_26_DATUM_AXIS
100
AcDbCircle
 62
7
  6
BYLAYER
 10
83.7195109032
 20
262.5428080101
 30
0.0
 40
0.27825
100
AcDbArc
 50
54.0
 51
234.0
  0
ARC
  5
D34
100
AcDbEntity
  8
_26_DATUM_AXIS
100
AcDbCircle
 62
7
  6
BYLAYER
 10
84.6539255317
 20
261.8639160437
 30
0.0
 40
0.27825
100
AcDbArc
 50
234.0
 51
324.0
  0
ARC
  5
D35
100
AcDbEntity
  8
0
100
AcDbCircle
 62
7
  6
BYLAYER
 10
82.7808489354
 20
260.9095358491
 30
0.0
 40
0.1050449192
100
AcDbArc
 50
180.0
 51
360.0
  0
ARC
  5
D36
100
AcDbEntity
  8
0
100
AcDbCircle
 62
7
  6
BYLAYER
 10
84.6539255317
 20
261.8639160437
 30
0.0
 40
0.1050449192
100
AcDbArc
 50
234.0
 51
324.0
  0
ARC
  5
D37
100
AcDbEntity
  8
0
100
AcDbCircle
 62
7
  6
BYLAYER
 10
83.7195109032
 20
262.5428080101
 30
0.0
 40
0.1050449192
100
AcDbArc
 50
54.0
 51
234.0
  0
ARC
  5
D38
100
AcDbEntity
  8
0
100
AcDbCircle
 62
7
  6
BYLAYER
 10
86.5288441559
 20
265.4567482592
 30
0.0
 40
5.6878869677
100
AcDbArc
 50
190.3233531846
 51
192.9119298349
  0
ARC
  5
D39
100
AcDbEntity
  8
0
100
AcDbCircle
 62
7
  6
BYLAYER
 10
82.7808489354
 20
263.2247858491
 30
0.0
 40
3.7695
100
AcDbArc
 50
115.2369611198
 51
64.7630388802
  0
CIRCLE
  5
D3A
100
AcDbEntity
  8
0
100
AcDbCircle
 62
7
  6
BYLAYER
 10
82.7808489354
 20
263.2247858491
 30
0.0
 40
3.5962949192
  0
CIRCLE
  5
D3B
100
AcDbEntity
  8
0
100
AcDbCircle
 62
7
  6
BYLAYER
 10
82.7808489354
 20
263.2247858491
 30
0.0
 40
3.4582050808
  0
CIRCLE
  5
D3C
100
AcDbEntity
  8
_26_DATUM_AXIS
100
AcDbCircle
 62
7
  6
BYLAYER
 10
82.7808489354
 20
263.2247858491
 30
0.0
 40
3.285
  0
ARC
  5
D3D
100
AcDbEntity
  8
_26_DATUM_AXIS
100
AcDbCircle
 62
7
  6
BYLAYER
 10
82.7808489354
 20
263.2247858491
 30
0.0
 40
2.5935
100
AcDbArc
 50
57.9728665056
 51
122.0271334944
  0
ARC
  5
D3E
100
AcDbEntity
  8
_26_DATUM_AXIS
100
AcDbCircle
 62
7
  6
BYLAYER
 10
82.7808489354
 20
263.2247858491
 30
0.0
 40
2.5935
100
AcDbArc
 50
144.0
 51
216.0
  0
ARC
  5
D3F
100
AcDbEntity
  8
_26_DATUM_AXIS
100
AcDbCircle
 62
7
  6
BYLAYER
 10
82.7808489354
 20
263.2247858491
 30
0.0
 40
2.5935
100
AcDbArc
 50
324.0
 51
36.0
  0
ARC
  5
D40
100
AcDbEntity
  8
0
100
AcDbCircle
 62
7
  6
BYLAYER
 10
82.7808489354
 20
263.2247858491
 30
0.0
 40
2.4202949192
100
AcDbArc
 50
144.0
 51
216.0
  0
ARC
  5
D41
100
AcDbEntity
  8
0
100
AcDbCircle
 62
7
  6
BYLAYER
 10
82.7808489354
 20
263.2247858491
 30
0.0
 40
2.4202949192
100
AcDbArc
 50
57.9728665056
 51
122.0271334944
  0
ARC
  5
D42
100
AcDbEntity
  8
0
100
AcDbCircle
 62
7
  6
BYLAYER
 10
82.7808489354
 20
263.2247858491
 30
0.0
 40
2.4202949192
100
AcDbArc
 50
324.0
 51
36.0
  0
ARC
  5
D43
100
AcDbEntity
  8
0
100
AcDbCircle
 62
7
  6
BYLAYER
 10
82.7808489354
 20
263.2247858491
 30
0.0
 40
2.2102050808
100
AcDbArc
 50
146.7241357564
 51
216.0
  0
ARC
  5
D44
100
AcDbEntity
  8
0
100
AcDbCircle
 62
7
  6
BYLAYER
 10
82.7808489354
 20
263.2247858491
 30
0.0
 40
2.2102050808
100
AcDbArc
 50
57.9728665056
 51
87.2758642436
  0
ARC
  5
D45
100
AcDbEntity
  8
0
100
AcDbCircle
 62
7
  6
BYLAYER
 10
82.7808489354
 20
263.2247858491
 30
0.0
 40
2.2102050808
100
AcDbArc
 50
92.7241357564
 51
122.0271334944
  0
ARC
  5
D46
100
AcDbEntity
  8
0
100
AcDbCircle
 62
7
  6
BYLAYER
 10
82.7808489354
 20
263.2247858491
 30
0.0
 40
2.2102050808
100
AcDbArc
 50
326.7241357564
 51
36.0
  0
ARC
  5
D47
100
AcDbEntity
  8
_26_DATUM_AXIS
100
AcDbCircle
 62
7
  6
BYLAYER
 10
82.7808489354
 20
263.2247858491
 30
0.0
 40
2.037
100
AcDbArc
 50
57.9728665056
 51
82.1489689303
  0
ARC
  5
D48
100
AcDbEntity
  8
_26_DATUM_AXIS
100
AcDbCircle
 62
7
  6
BYLAYER
 10
82.7808489354
 20
263.2247858491
 30
0.0
 40
2.037
100
AcDbArc
 50
97.8510310697
 51
122.0271334944
  0
ARC
  5
D49
100
AcDbEntity
  8
_26_DATUM_AXIS
100
AcDbCircle
 62
7
  6
BYLAYER
 10
82.7808489354
 20
263.2247858491
 30
0.0
 40
2.037
100
AcDbArc
 50
151.8510310697
 51
216.0
  0
ARC
  5
D4A
100
AcDbEntity
  8
_26_DATUM_AXIS
100
AcDbCircle
 62
7
  6
BYLAYER
 10
82.7808489354
 20
263.2247858491
 30
0.0
 40
2.037
100
AcDbArc
 50
331.8510310697
 51
36.0
  0
ARC
  5
D4B
100
AcDbEntity
  8
_26_DATUM_AXIS
100
AcDbCircle
 62
7
  6
BYLAYER
 10
84.0086741999
 20
265.1876479641
 30
0.0
 40
0.27825
100
AcDbArc
 50
237.9728665056
 51
57.9728665056
  0
ARC
  5
D4C
100
AcDbEntity
  8
_26_DATUM_AXIS
100
AcDbCircle
 62
7
  6
BYLAYER
 10
84.6539255317
 20
264.5856556545
 30
0.0
 40
0.27825
100
AcDbArc
 50
36.0
 51
216.0
  0
ARC
  5
D4D
100
AcDbEntity
  8
0
100
AcDbCircle
 62
7
  6
BYLAYER
 10
84.0086741999
 20
265.1876479641
 30
0.0
 40
0.1050449192
100
AcDbArc
 50
237.9728665056
 51
57.9728665056
  0
ARC
  5
D4E
100
AcDbEntity
  8
0
100
AcDbCircle
 62
7
  6
BYLAYER
 10
84.6539255317
 20
264.5856556545
 30
0.0
 40
0.1050449192
100
AcDbArc
 50
36.0
 51
216.0
  0
ARC
  5
D4F
100
AcDbEntity
  8
0
100
AcDbCircle
 62
7
  6
BYLAYER
 10
91.7808489354
 20
260.0979229576
 30
0.0
 40
6.0
100
AcDbArc
 50
0.0
 51
67.975687163
  0
ARC
  5
D50
100
AcDbEntity
  8
0
100
AcDbCircle
 62
7
  6
BYLAYER
 10
91.7808489354
 20
260.0979229576
 30
0.0
 40
4.8
100
AcDbArc
 50
0.0
 51
67.975687163
  0
ARC
  5
D51
100
AcDbEntity
  8
RUNDUNGEN
100
AcDbCircle
 62
7
  6
BYLAYER
 10
95.6923411329
 20
248.8665938964
 30
0.0
 40
24.7809537526
100
AcDbArc
 50
281.6722466105
 51
283.0925752139
  0
ARC
  5
D52
100
AcDbEntity
  8
BEZUGSACHSEN
100
AcDbCircle
 62
7
  6
BYLAYER
 10
100.1508489354
 20
252.6412947201
 30
0.0
 40
2.25
100
AcDbArc
 50
301.7910871534
 51
184.7603908631
  0
ARC
  5
D53
100
AcDbEntity
  8
RUNDUNGEN
100
AcDbCircle
 62
7
  6
BYLAYER
 10
103.7823044426
 20
272.4630868596
 30
0.0
 40
58.4946093172
100
AcDbArc
 50
216.1754213766
 51
217.4011371116
  0
ARC
  5
D54
100
AcDbEntity
  8
RUNDUNGEN
100
AcDbCircle
 62
7
  6
BYLAYER
 10
137.1026410748
 20
239.1427502269
 30
0.0
 40
58.4946093168
100
AcDbArc
 50
232.5988628884
 51
233.8245786234
  0
ARC
  5
D55
100
AcDbEntity
  8
0
100
AcDbCircle
 62
7
  6
BYLAYER
 10
292.544566657
 20
518.2800090276
 30
0.0
 40
342.4101120093
100
AcDbArc
 50
234.9109783365
 51
235.1167053536
  0
ARC
  5
D56
100
AcDbEntity
  8
0
100
AcDbCircle
 62
7
  6
BYLAYER
 10
218.0685950948
 20
411.4793034976
 30
0.0
 40
212.206192229
100
AcDbArc
 50
235.1204819952
 51
235.2876103439
  0
ARC
  5
D57
100
AcDbEntity
  8
0
100
AcDbCircle
 62
7
  6
BYLAYER
 10
251.5209915979
 20
252.1056333838
 30
0.0
 40
6.0037159313
100
AcDbArc
 50
350.1171086407
 51
355.0433138357
  0
ARC
  5
D58
100
AcDbEntity
  8
0
100
AcDbCircle
 62
7
  6
BYLAYER
 10
195.6989315693
 20
198.1984444904
 30
0.0
 40
2.4
100
AcDbArc
 50
0.0
 51
68.3318153442
  0
ARC
  5
D59
100
AcDbEntity
  8
0
100
AcDbCircle
 62
7
  6
BYLAYER
 10
197.1389315693
 20
201.822861685
 30
0.0
 40
2.25
100
AcDbArc
 50
180.0
 51
248.3318153442
  0
ARC
  5
D5A
100
AcDbEntity
  8
0
100
AcDbCircle
 62
7
  6
BYLAYER
 10
195.6989315693
 20
198.1984444904
 30
0.0
 40
1.65
100
AcDbArc
 50
0.0
 51
68.3318153442
  0
ARC
  5
D5B
100
AcDbEntity
  8
RUNDUNGEN
100
AcDbCircle
 62
7
  6
BYLAYER
 10
181.9020539974
 20
248.9359907369
 30
0.0
 40
1.5674902995
100
AcDbArc
 50
69.5743231985
 51
73.4357043978
  0
ARC
  5
D5C
100
AcDbEntity
  8
0
100
AcDbCircle
 62
7
  6
BYLAYER
 10
253.9231149701
 20
252.1456628975
 30
0.0
 40
1.5
100
AcDbArc
 50
270.0
 51
360.0
  0
ARC
  5
D5D
100
AcDbEntity
  8
0
100
AcDbCircle
 62
7
  6
BYLAYER
 10
197.1389315693
 20
201.822861685
 30
0.0
 40
1.5
100
AcDbArc
 50
180.0
 51
248.3318153442
  0
ARC
  5
D5E
100
AcDbEntity
  8
0
100
AcDbCircle
 62
7
  6
BYLAYER
 10
196.2389315693
 20
201.822861685
 30
0.0
 40
1.35
100
AcDbArc
 50
90.0
 51
180.0
  0
ARC
  5
D5F
100
AcDbEntity
  8
RUNDUNGEN
100
AcDbCircle
 62
7
  6
BYLAYER
 10
244.8989315693
 20
186.4912947201
 30
0.0
 40
1.2
100
AcDbArc
 50
270.0
 51
360.0
  0
ARC
  5
D60
100
AcDbEntity
  8
0
100
AcDbCircle
 62
7
  6
BYLAYER
 10
202.3825422996
 20
205.9231439259
 30
0.0
 40
0.6977695385
100
AcDbArc
 50
212.9522279954
 51
219.862216934
  0
ARC
  5
D61
100
AcDbEntity
  8
0
100
AcDbCircle
 62
7
  6
BYLAYER
 10
202.3758461138
 20
199.6775176011
 30
0.0
 40
0.6894647289
100
AcDbArc
 50
140.0961151871
 51
147.0894398836
  0
ARC
  5
D62
100
AcDbEntity
  8
0
100
AcDbCircle
 62
7
  6
BYLAYER
 10
202.3519528838
 20
205.902513651
 30
0.0
 40
0.6608799329
100
AcDbArc
 50
210.5487969587
 51
212.8939184855
  0
ARC
  5
D63
100
AcDbEntity
  8
RUNDUNGEN
100
AcDbCircle
 62
7
  6
BYLAYER
 10
182.3489315693
 20
249.7912947201
 30
0.0
 40
0.6
100
AcDbArc
 50
58.4119635336
 51
90.0
  0
ARC
  5
D64
100
AcDbEntity
  8
0
100
AcDbCircle
 62
7
  6
BYLAYER
 10
196.2389315693
 20
201.822861685
 30
0.0
 40
0.6
100
AcDbArc
 50
90.0
 51
180.0
  0
ARC
  5
D65
100
AcDbEntity
  8
0
100
AcDbCircle
 62
7
  6
BYLAYER
 10
302.2412133396
 20
199.7461609289
 30
0.0
 40
15.0
100
AcDbArc
 50
355.521035511
 51
360.0
  0
ARC
  5
D66
100
AcDbEntity
  8
0
100
AcDbCircle
 62
7
  6
BYLAYER
 10
302.2412133396
 20
199.7461609289
 30
0.0
 40
15.0
100
AcDbArc
 50
330.2756708529
 51
355.3581808242
  0
ARC
  5
D67
100
AcDbEntity
  8
0
100
AcDbCircle
 62
7
  6
BYLAYER
 10
322.0412133396
 20
188.4412947201
 30
0.0
 40
7.8
100
AcDbArc
 50
150.275670853
 51
336.9663696161
  0
ARC
  5
D68
100
AcDbEntity
  8
0
100
AcDbCircle
 62
7
  6
BYLAYER
 10
323.2412133396
 20
198.0412947201
 30
0.0
 40
6.0692994412
100
AcDbArc
 50
102.3868021973
 51
175.3598870413
  0
ARC
  5
D69
100
AcDbEntity
  8
0
100
AcDbCircle
 62
7
  6
BYLAYER
 10
334.7409640073
 20
183.0415579313
 30
0.0
 40
6.0
100
AcDbArc
 50
96.6973678644
 51
156.9644985876
  0
CIRCLE
  5
D6A
100
AcDbEntity
  8
BEZUGSACHSEN
100
AcDbCircle
 62
7
  6
BYLAYER
 10
322.0412133396
 20
188.4412947201
 30
0.0
 40
4.5
  0
CIRCLE
  5
D6B
100
AcDbEntity
  8
FASEN
100
AcDbCircle
 62
7
  6
BYLAYER
 10
326.4662133396
 20
218.1412947201
 30
0.0
 40
4.5
  0
CIRCLE
  5
D6C
100
AcDbEntity
  8
FASEN
100
AcDbCircle
 62
7
  6
BYLAYER
 10
326.4662133396
 20
218.1412947201
 30
0.0
 40
3.7499135182
  0
CIRCLE
  5
D6D
100
AcDbEntity
  8
BEZUGSACHSEN
100
AcDbCircle
 62
7
  6
BYLAYER
 10
322.0412133396
 20
188.4412947201
 30
0.0
 40
3.6
  0
CIRCLE
  5
D6E
100
AcDbEntity
  8
FASEN
100
AcDbCircle
 62
7
  6
BYLAYER
 10
326.4662133396
 20
218.1412947201
 30
0.0
 40
2.25
  0
CIRCLE
  5
D6F
100
AcDbEntity
  8
FASEN
100
AcDbCircle
 62
7
  6
BYLAYER
 10
326.4662133396
 20
218.1412947201
 30
0.0
 40
1.65
  0
ARC
  5
D70
100
AcDbEntity
  8
0
100
AcDbCircle
 62
7
  6
BYLAYER
 10
346.0262133396
 20
171.0412947201
 30
0.0
 40
0.75
100
AcDbArc
 50
180.0
 51
360.0
  0
ARC
  5
D71
100
AcDbEntity
  8
0
100
AcDbCircle
 62
7
  6
BYLAYER
 10
342.2162133396
 20
171.0412947201
 30
0.0
 40
0.75
100
AcDbArc
 50
180.0
 51
360.0
  0
ARC
  5
D72
100
AcDbEntity
  8
0
100
AcDbCircle
 62
7
  6
BYLAYER
 10
338.3912133396
 20
171.0412947201
 30
0.0
 40
0.75
100
AcDbArc
 50
180.0
 51
360.0
  0
ARC
  5
D73
100
AcDbEntity
  8
0
100
AcDbCircle
 62
7
  6
BYLAYER
 10
293.9684802492
 20
241.7290259659
 30
0.0
 40
55.672733091
100
AcDbArc
 50
359.999726737
 51
5.2208024458
  0
ARC
  5
D74
100
AcDbEntity
  8
0
100
AcDbCircle
 62
7
  6
BYLAYER
 10
334.1588275583
 20
246.7955323102
 30
0.0
 40
20.2824050765
100
AcDbArc
 50
359.9982676142
 51
1.4790692676
  0
ARC
  5
D75
100
AcDbEntity
  8
RUNDUNGEN
100
AcDbCircle
 62
7
  6
BYLAYER
 10
343.0412133396
 20
229.7133726587
 30
0.0
 40
9.0
100
AcDbArc
 50
135.0
 51
180.0
  0
ARC
  5
D76
100
AcDbEntity
  8
0
100
AcDbCircle
 62
7
  6
BYLAYER
 10
342.7412133396
 20
260.0979229576
 30
0.0
 40
6.0
100
AcDbArc
 50
112.024312837
 51
180.0
  0
ARC
  5
D77
100
AcDbEntity
  8
0
100
AcDbCircle
 62
7
  6
BYLAYER
 10
342.7412133396
 20
257.6493274963
 30
0.0
 40
6.0
100
AcDbArc
 50
180.0
 51
226.9071817514
  0
ARC
  5
D78
100
AcDbEntity
  8
RUNDUNGEN
100
AcDbCircle
 62
7
  6
BYLAYER
 10
333.3022238706
 20
247.5012790085
 30
0.0
 40
3.0
100
AcDbArc
 50
22.15
 51
78.2514460434
  0
ARC
  5
D79
100
AcDbEntity
  8
RUNDUNGEN
100
AcDbCircle
 62
7
  6
BYLAYER
 10
334.3712133396
 20
252.6412947201
 30
0.0
 40
2.85
100
AcDbArc
 50
285.1587501072
 51
335.5643598379
  0
CIRCLE
  5
D7A
100
AcDbEntity
  8
FASEN
100
AcDbCircle
 62
7
  6
BYLAYER
 10
334.3712133396
 20
252.6412947201
 30
0.0
 40
2.25
  0
ARC
  5
D7B
100
AcDbEntity
  8
0
100
AcDbCircle
 62
7
  6
BYLAYER
 10
337.7562326314
 20
237.4607878447
 30
0.0
 40
2.25
100
AcDbArc
 50
157.8555349112
 51
158.6782702118
  0
CIRCLE
  5
D7C
100
AcDbEntity
  8
FASEN
100
AcDbCircle
 62
7
  6
BYLAYER
 10
334.3712133396
 20
252.6412947201
 30
0.0
 40
1.65
  0
ARC
  5
D7D
100
AcDbEntity
  8
RUNDUNGEN
100
AcDbCircle
 62
7
  6
BYLAYER
 10
337.5398097914
 20
252.8482124349
 30
0.0
 40
1.5
100
AcDbArc
 50
245.5467408692
 51
292.253434374
  0
ARC
  5
D7E
100
AcDbEntity
  8
0
100
AcDbCircle
 62
7
  6
BYLAYER
 10
334.9431524083
 20
236.0241965854
 30
0.0
 40
1.05
100
AcDbArc
 50
52.0
 51
142.0
  0
ARC
  5
D7F
100
AcDbEntity
  8
0
100
AcDbCircle
 62
7
  6
BYLAYER
 10
330.3256913434
 20
230.1141159333
 30
0.0
 40
1.05
100
AcDbArc
 50
142.0
 51
232.0
  0
ARC
  5
D80
100
AcDbEntity
  8
0
100
AcDbCircle
 62
7
  6
BYLAYER
 10
334.9431524083
 20
236.0241965854
 30
0.0
 40
0.3
100
AcDbArc
 50
52.0
 51
142.0
  0
ARC
  5
D81
100
AcDbEntity
  8
0
100
AcDbCircle
 62
7
  6
BYLAYER
 10
330.3256913434
 20
230.1141159333
 30
0.0
 40
0.3
100
AcDbArc
 50
142.0
 51
232.0
  0
ARC
  5
D82
100
AcDbEntity
  8
0
100
AcDbCircle
 62
7
  6
BYLAYER
 10
349.7912133396
 20
171.0412947201
 30
0.0
 40
0.75
100
AcDbArc
 50
180.0
 51
360.0
  0
ARC
  5
D83
100
AcDbEntity
  8
0
100
AcDbCircle
 62
7
  6
BYLAYER
 10
353.6462133396
 20
171.0412947201
 30
0.0
 40
0.75
100
AcDbArc
 50
180.0
 51
360.0
  0
ARC
  5
D84
100
AcDbEntity
  8
0
100
AcDbCircle
 62
7
  6
BYLAYER
 10
357.4562133396
 20
171.0412947201
 30
0.0
 40
0.75
100
AcDbArc
 50
180.0
 51
360.0
  0
ARC
  5
D85
100
AcDbEntity
  8
0
100
AcDbCircle
 62
7
  6
BYLAYER
 10
361.2662133396
 20
171.0412947201
 30
0.0
 40
0.75
100
AcDbArc
 50
180.0
 51
360.0
  0
ARC
  5
D86
100
AcDbEntity
  8
0
100
AcDbCircle
 62
7
  6
BYLAYER
 10
351.7412133396
 20
218.1412947201
 30
0.0
 40
37.5
100
AcDbArc
 50
83.7422742238
 51
83.8527605813
  0
ARC
  5
D87
100
AcDbEntity
  8
0
100
AcDbCircle
 62
7
  6
BYLAYER
 10
351.7412133396
 20
218.1412947201
 30
0.0
 40
37.5
100
AcDbArc
 50
83.886379007
 51
96.113620993
  0
ARC
  5
D88
100
AcDbEntity
  8
0
100
AcDbCircle
 62
7
  6
BYLAYER
 10
351.7412133396
 20
218.1412947201
 30
0.0
 40
37.5
100
AcDbArc
 50
96.1472394187
 51
96.2578047308
  0
ARC
  5
D89
100
AcDbEntity
  8
BEZUGSACHSEN
100
AcDbCircle
 62
7
  6
BYLAYER
 10
351.7412133396
 20
218.1412947201
 30
0.0
 40
37.5
100
AcDbArc
 50
119.6571837243
 51
156.9260819344
  0
ARC
  5
D8A
100
AcDbEntity
  8
AUSFORMSCHRAEGEN
100
AcDbCircle
 62
7
  6
BYLAYER
 10
351.7412133396
 20
218.1412947201
 30
0.0
 40
37.5
100
AcDbArc
 50
96.2577254459
 51
113.7913382591
  0
ARC
  5
D8B
100
AcDbEntity
  8
AUSFORMSCHRAEGEN
100
AcDbCircle
 62
7
  6
BYLAYER
 10
351.7412133396
 20
218.1412947201
 30
0.0
 40
37.5
100
AcDbArc
 50
69.8900680779
 51
83.7422745541
  0
ARC
  5
D8C
100
AcDbEntity
  8
0
100
AcDbCircle
 62
7
  6
BYLAYER
 10
351.7412133396
 20
218.1412947201
 30
0.0
 40
37.5
100
AcDbArc
 50
304.0677684778
 51
336.9260819344
  0
ARC
  5
D8D
100
AcDbEntity
  8
RUNDUNGEN
100
AcDbCircle
 62
7
  6
BYLAYER
 10
351.7412133396
 20
218.1412947201
 30
0.0
 40
36.0
100
AcDbArc
 50
67.746565626
 51
112.253434374
  0
ARC
  5
D8E
100
AcDbEntity
  8
0
100
AcDbCircle
 62
7
  6
BYLAYER
 10
351.7412133396
 20
218.1412947201
 30
0.0
 40
33.6
100
AcDbArc
 50
75.5224878141
 51
104.4775121859
  0
ARC
  5
D8F
100
AcDbEntity
  8
0
100
AcDbCircle
 62
7
  6
BYLAYER
 10
351.7412133396
 20
218.1412947201
 30
0.0
 40
33.0
100
AcDbArc
 50
67.8351489111
 51
75.2533471248
  0
ARC
  5
D90
100
AcDbEntity
  8
0
100
AcDbCircle
 62
7
  6
BYLAYER
 10
351.7412133396
 20
218.1412947201
 30
0.0
 40
33.0
100
AcDbArc
 50
104.7466528752
 51
112.1648510889
  0
ARC
  5
D91
100
AcDbEntity
  8
0
100
AcDbCircle
 62
7
  6
BYLAYER
 10
351.7412133396
 20
218.1412947201
 30
0.0
 40
33.0
100
AcDbArc
 50
302.4364372122
 51
304.3076514558
  0
ARC
  5
D92
100
AcDbEntity
  8
0
100
AcDbCircle
 62
7
  6
BYLAYER
 10
351.7412133396
 20
218.1412947201
 30
0.0
 40
33.0
100
AcDbArc
 50
309.5235834249
 51
62.6192403407
  0
ARC
  5
D93
100
AcDbEntity
  8
0
100
AcDbCircle
 62
7
  6
BYLAYER
 10
351.7412133396
 20
218.1412947201
 30
0.0
 40
33.0
100
AcDbArc
 50
117.3807596593
 51
237.5635627878
  0
ARC
  5
D94
100
AcDbEntity
  8
0
100
AcDbCircle
 62
7
  6
BYLAYER
 10
351.7412133396
 20
218.1412947201
 30
0.0
 40
32.85
100
AcDbArc
 50
67.8268541069
 51
82.1218013005
  0
ARC
  5
D95
100
AcDbEntity
  8
0
100
AcDbCircle
 62
7
  6
BYLAYER
 10
351.7412133396
 20
218.1412947201
 30
0.0
 40
32.85
100
AcDbArc
 50
97.8781986995
 51
112.1731458931
  0
ARC
  5
D96
100
AcDbEntity
  8
0
100
AcDbCircle
 62
7
  6
BYLAYER
 10
351.7412133396
 20
217.9456628975
 30
0.0
 40
32.7
100
AcDbArc
 50
67.9644422948
 51
112.0355577052
  0
ARC
  5
D97
100
AcDbEntity
  8
0
100
AcDbCircle
 62
7
  6
BYLAYER
 10
351.7412133396
 20
217.9456628975
 30
0.0
 40
30.6
100
AcDbArc
 50
68.47
 51
111.53
  0
ARC
  5
D98
100
AcDbEntity
  8
0
100
AcDbCircle
 62
7
  6
BYLAYER
 10
351.7412133396
 20
218.1412947201
 30
0.0
 40
24.0696106903
100
AcDbArc
 50
100.7645316212
 51
110.425415716
  0
ARC
  5
D99
100
AcDbEntity
  8
0
100
AcDbCircle
 62
7
  6
BYLAYER
 10
351.7412133396
 20
218.1412947201
 30
0.0
 40
24.0696106903
100
AcDbArc
 50
69.574584284
 51
79.2354683788
  0
ARC
  5
D9A
100
AcDbEntity
  8
0
100
AcDbCircle
 62
7
  6
BYLAYER
 10
351.7412133396
 20
218.1412947201
 30
0.0
 40
20.7
100
AcDbArc
 50
43.5612844811
 51
66.0589127337
  0
ARC
  5
D9B
100
AcDbEntity
  8
0
100
AcDbCircle
 62
7
  6
BYLAYER
 10
351.7412133396
 20
218.1412947201
 30
0.0
 40
20.7
100
AcDbArc
 50
113.9410872663
 51
136.4387155189
  0
ARC
  5
D9C
100
AcDbEntity
  8
0
100
AcDbCircle
 62
7
  6
BYLAYER
 10
371.5412133396
 20
171.4912947201
 30
0.0
 40
1.2
100
AcDbArc
 50
180.0
 51
360.0
  0
ARC
  5
D9D
100
AcDbEntity
  8
0
100
AcDbCircle
 62
7
  6
BYLAYER
 10
365.0762133396
 20
171.0412947201
 30
0.0
 40
0.75
100
AcDbArc
 50
180.0
 51
360.0
  0
CIRCLE
  5
D9E
100
AcDbEntity
  8
FASEN
100
AcDbCircle
 62
7
  6
BYLAYER
 10
377.0162133396
 20
218.1412947201
 30
0.0
 40
4.5
  0
CIRCLE
  5
D9F
100
AcDbEntity
  8
FASEN
100
AcDbCircle
 62
7
  6
BYLAYER
 10
377.0162133396
 20
218.1412947201
 30
0.0
 40
3.7499135182
  0
CIRCLE
  5
DA0
100
AcDbEntity
  8
FASEN
100
AcDbCircle
 62
7
  6
BYLAYER
 10
377.0162133396
 20
218.1412947201
 30
0.0
 40
2.25
  0
ARC
  5
DA1
100
AcDbEntity
  8
0
100
AcDbCircle
 62
7
  6
BYLAYER
 10
374.7360042691
 20
203.1115935654
 30
0.0
 40
2.1417692206
100
AcDbArc
 50
175.2780285155
 51
178.3669378385
  0
CIRCLE
  5
DA2
100
AcDbEntity
  8
FASEN
100
AcDbCircle
 62
7
  6
BYLAYER
 10
377.0162133396
 20
218.1412947201
 30
0.0
 40
1.65
  0
ARC
  5
DA3
100
AcDbEntity
  8
_26_DATUM_AXIS
100
AcDbCircle
 62
7
  6
BYLAYER
 10
371.5270273399
 20
202.8301159874
 30
0.0
 40
1.3823377038
100
AcDbArc
 50
189.3583720711
 51
191.0559953027
  0
ARC
  5
DA4
100
AcDbEntity
  8
0
100
AcDbCircle
 62
7
  6
BYLAYER
 10
368.5392742709
 20
200.2583928548
 30
0.0
 40
1.05
100
AcDbArc
 50
232.0
 51
322.0
  0
ARC
  5
DA5
100
AcDbEntity
  8
0
100
AcDbCircle
 62
7
  6
BYLAYER
 10
373.1567353358
 20
206.1684735068
 30
0.0
 40
1.05
100
AcDbArc
 50
322.0
 51
52.0
  0
ARC
  5
DA6
100
AcDbEntity
  8
0
100
AcDbCircle
 62
7
  6
BYLAYER
 10
372.8540979029
 20
204.3081002055
 30
0.0
 40
0.877496547
100
AcDbArc
 50
219.0231655532
 51
220.1685736771
  0
ARC
  5
DA7
100
AcDbEntity
  8
0
100
AcDbCircle
 62
7
  6
BYLAYER
 10
368.5392742709
 20
200.2583928548
 30
0.0
 40
0.3
100
AcDbArc
 50
232.0
 51
322.0
  0
ARC
  5
DA8
100
AcDbEntity
  8
0
100
AcDbCircle
 62
7
  6
BYLAYER
 10
373.1567353358
 20
206.1684735068
 30
0.0
 40
0.3
100
AcDbArc
 50
322.0
 51
52.0
  0
ARC
  5
DA9
100
AcDbEntity
  8
0
100
AcDbCircle
 62
7
  6
BYLAYER
 10
384.6051501152
 20
246.9714306033
 30
0.0
 40
35.5638559733
100
AcDbArc
 50
179.5764889178
 51
180.0053203403
  0
ARC
  5
DAA
100
AcDbEntity
  8
0
100
AcDbCircle
 62
7
  6
BYLAYER
 10
351.7412133396
 20
237.8493274963
 30
0.0
 40
30.0
100
AcDbArc
 50
67.975687163
 51
112.024312837
  0
ARC
  5
DAB
100
AcDbEntity
  8
BEZUGSACHSEN
100
AcDbCircle
 62
7
  6
BYLAYER
 10
369.7918933544
 20
267.4406147053
 30
0.0
 40
15.0
100
AcDbArc
 50
275.9933181867
 51
299.6771534629
  0
ARC
  5
DAC
100
AcDbEntity
  8
BEZUGSACHSEN
100
AcDbCircle
 62
7
  6
BYLAYER
 10
369.7918933544
 20
267.4406147053
 30
0.0
 40
15.0
100
AcDbArc
 50
249.8900680779
 51
258.7398687378
  0
ARC
  5
DAD
100
AcDbEntity
  8
0
100
AcDbCircle
 62
7
  6
BYLAYER
 10
401.2412133396
 20
236.5364285112
 30
0.0
 40
15.0
100
AcDbArc
 50
150.2795507233
 51
180.0
  0
ARC
  5
DAE
100
AcDbEntity
  8
0
100
AcDbCircle
 62
7
  6
BYLAYER
 10
381.4412133396
 20
247.8412947201
 30
0.0
 40
7.8
100
AcDbArc
 50
330.2681963309
 51
156.9652088824
  0
ARC
  5
DAF
100
AcDbEntity
  8
0
100
AcDbCircle
 62
7
  6
BYLAYER
 10
380.2412133396
 20
238.2412947201
 30
0.0
 40
6.06
100
AcDbArc
 50
282.3664145746
 51
355.3586723282
  0
ARC
  5
DB0
100
AcDbEntity
  8
0
100
AcDbCircle
 62
7
  6
BYLAYER
 10
360.7412133396
 20
257.6493274963
 30
0.0
 40
6.0
100
AcDbArc
 50
313.2136941688
 51
360.0
  0
ARC
  5
DB1
100
AcDbEntity
  8
0
100
AcDbCircle
 62
7
  6
BYLAYER
 10
360.7412133396
 20
260.0979229576
 30
0.0
 40
6.0
100
AcDbArc
 50
0.0
 51
67.975687163
  0
ARC
  5
DB2
100
AcDbEntity
  8
0
100
AcDbCircle
 62
7
  6
BYLAYER
 10
368.733191771
 20
253.2450362441
 30
0.0
 40
6.0
100
AcDbArc
 50
272.905301923
 51
336.9617188953
  0
ARC
  5
DB3
100
AcDbEntity
  8
0
100
AcDbCircle
 62
7
  6
BYLAYER
 10
351.7412133396
 20
232.4865572104
 30
0.0
 40
6.0
100
AcDbArc
 50
138.6052478542
 51
151.0449756281
  0
ARC
  5
DB4
100
AcDbEntity
  8
0
100
AcDbCircle
 62
7
  6
BYLAYER
 10
351.7412133396
 20
232.4865572104
 30
0.0
 40
6.0
100
AcDbArc
 50
28.9550243719
 51
41.3947521458
  0
CIRCLE
  5
DB5
100
AcDbEntity
  8
BEZUGSACHSEN
100
AcDbCircle
 62
7
  6
BYLAYER
 10
381.4412133396
 20
247.8412947201
 30
0.0
 40
4.5
  0
CIRCLE
  5
DB6
100
AcDbEntity
  8
BEZUGSACHSEN
100
AcDbCircle
 62
7
  6
BYLAYER
 10
381.4412133396
 20
247.8412947201
 30
0.0
 40
3.6
  0
ARC
  5
DB7
100
AcDbEntity
  8
RUNDUNGEN
100
AcDbCircle
 62
7
  6
BYLAYER
 10
370.1802028086
 20
247.5012790085
 30
0.0
 40
3.0
100
AcDbArc
 50
101.7485539566
 51
157.85
  0
ARC
  5
DB8
100
AcDbEntity
  8
RUNDUNGEN
100
AcDbCircle
 62
7
  6
BYLAYER
 10
369.1112133396
 20
252.6412947201
 30
0.0
 40
2.85
100
AcDbArc
 50
204.4356640844
 51
254.841674123
  0
ARC
  5
DB9
100
AcDbEntity
  8
4171
100
AcDbCircle
 62
7
  6
BYLAYER
 10
351.7425509502
 20
240.6951068448
 30
0.0
 40
2.6797133893
100
AcDbArc
 50
269.9714005711
 51
310.0473419253
  0
ARC
  5
DBA
100
AcDbEntity
  8
4171
100
AcDbCircle
 62
7
  6
BYLAYER
 10
351.7398757424
 20
240.69510684
 30
0.0
 40
2.6797133893
100
AcDbArc
 50
229.9526577882
 51
270.0285991424
  0
ARC
  5
DBB
100
AcDbEntity
  8
4171
100
AcDbCircle
 62
7
  6
BYLAYER
 10
351.7412137073
 20
240.6632984763
 30
0.0
 40
2.6678314705
100
AcDbArc
 50
229.1860166735
 51
310.8145804844
  0
CIRCLE
  5
DBC
100
AcDbEntity
  8
FASEN
100
AcDbCircle
 62
7
  6
BYLAYER
 10
369.1112133396
 20
252.6412947201
 30
0.0
 40
2.25
  0
CIRCLE
  5
DBD
100
AcDbEntity
  8
FASEN
100
AcDbCircle
 62
7
  6
BYLAYER
 10
369.1112133396
 20
252.6412947201
 30
0.0
 40
1.65
  0
ARC
  5
DBE
100
AcDbEntity
  8
0
100
AcDbCircle
 62
7
  6
BYLAYER
 10
348.8660600976
 20
240.9579817865
 30
0.0
 40
1.6247489549
100
AcDbArc
 50
190.286501981
 51
192.8724135176
  0
ARC
  5
DBF
100
AcDbEntity
  8
0
100
AcDbCircle
 62
7
  6
BYLAYER
 10
354.6163666699
 20
240.9579817749
 30
0.0
 40
1.6247488663
100
AcDbArc
 50
347.1276176482
 51
349.7134988592
  0
ARC
  5
DC0
100
AcDbEntity
  8
0
100
AcDbCircle
 62
7
  6
BYLAYER
 10
348.6747260628
 20
242.0123320037
 30
0.0
 40
1.5366836078
100
AcDbArc
 50
249.0515522404
 51
252.7190546723
  0
ARC
  5
DC1
100
AcDbEntity
  8
0
100
AcDbCircle
 62
7
  6
BYLAYER
 10
348.6676795312
 20
241.9942259869
 30
0.0
 40
1.5172550264
100
AcDbArc
 50
245.4049097456
 51
249.0556067896
  0
ARC
  5
DC2
100
AcDbEntity
  8
0
100
AcDbCircle
 62
7
  6
BYLAYER
 10
354.8201723655
 20
241.9795085289
 30
0.0
 40
1.5017358066
100
AcDbArc
 50
286.1299019446
 51
294.3647478416
  0
ARC
  5
DC3
100
AcDbEntity
  8
RUNDUNGEN
100
AcDbCircle
 62
7
  6
BYLAYER
 10
365.9426168878
 20
252.8482124349
 30
0.0
 40
1.5
100
AcDbArc
 50
247.746565626
 51
294.4532591308
  0
ARC
  5
DC4
100
AcDbEntity
  8
0
100
AcDbCircle
 62
7
  6
BYLAYER
 10
354.8271991639
 20
241.9634826888
 30
0.0
 40
1.4842384165
100
AcDbArc
 50
294.3728694685
 51
294.7583429497
  0
SPLINE
  5
DC5
100
AcDbEntity
  8
0
100
AcDbSpline
 62
7
  6
BYLAYER
 70
0
 71
3
 72
13
 73
9
 74
0
 42
0.0000001
 43
0.0000001
 44
0.0000000001
 40
0.0
 40
0.0
 40
0.0
 40
0.0
 40
0.1262979369
 40
0.2511163026
 40
0.5010189959
 40
0.7505007868
 40
0.8746870597
 40
1.0
 40
1.0
 40
1.0
 40
1.0
 10
102.3116577667
 20
219.0412947201
 30
0.0
 10
102.3588163463
 20
219.0410859156
 30
0.0
 10
102.4527618281
 20
219.0339370082
 30
0.0
 10
102.6353274732
 20
218.9903860252
 30
0.0
 10
102.8472244829
 20
218.8839433395
 30
0.0
 10
103.0156673233
 20
218.7173887223
 30
0.0
 10
103.1149445228
 20
218.5590083327
 30
0.0
 10
103.151530575
 20
218.4728390662
 30
0.0
 10
103.1666577667
 20
218.428560527
 30
0.0
  0
SPLINE
  5
DC6
100
AcDbEntity
  8
0
100
AcDbSpline
 62
7
  6
BYLAYER
 70
0
 71
3
 72
13
 73
9
 74
0
 42
0.0000001
 43
0.0000001
 44
0.0000000001
 40
0.0
 40
0.0
 40
0.0
 40
0.0
 40
0.1253129109
 40
0.2494990285
 40
0.4989803113
 40
0.7488828793
 40
0.8737015144
 40
1.0
 40
1.0
 40
1.0
 40
1.0
 10
103.1666577667
 20
217.8540289132
 30
0.0
 10
103.1515305637
 20
217.8097503892
 30
0.0
 10
103.11494454
 20
217.7235811891
 30
0.0
 10
103.0156675307
 20
217.5652009843
 30
0.0
 10
102.8472249779
 20
217.3986465304
 30
0.0
 10
102.6353282189
 20
217.2922036556
 30
0.0
 10
102.4527623352
 20
217.2486525196
 30
0.0
 10
102.3588165512
 20
217.2415035637
 30
0.0
 10
102.3116577667
 20
217.2412947201
 30
0.0
  0
SPLINE
  5
DC7
100
AcDbEntity
  8
0
100
AcDbSpline
 62
7
  6
BYLAYER
 70
0
 71
3
 72
11
 73
7
 74
0
 42
0.0000001
 43
0.0000001
 44
0.0000000001
 40
0.0
 40
0.0
 40
0.0
 40
0.0
 40
0.2529978862
 40
0.5
 40
0.7470021138
 40
1.0
 40
1.0
 40
1.0
 40
1.0
 10
103.1691400648
 20
218.4297335792
 30
0.0
 10
103.190599327
 20
218.3843235516
 30
0.0
 10
103.2238779605
 20
218.2898495386
 30
0.0
 10
103.2411356659
 20
218.1412947201
 30
0.0
 10
103.2238779605
 20
217.9927399016
 30
0.0
 10
103.190599327
 20
217.8982658886
 30
0.0
 10
103.1691400647
 20
217.852855861
 30
0.0
  0
SPLINE
  5
DC8
100
AcDbEntity
  8
4171
100
AcDbSpline
 62
7
  6
BYLAYER
 70
0
 71
3
 72
17
 73
13
 74
0
 42
0.0000001
 43
0.0000001
 44
0.0000000001
 40
0.0
 40
0.0
 40
0.0
 40
0.0
 40
0.0299418168
 40
0.0559163478
 40
0.0901366412
 40
0.1325689299
 40
0.1829994964
 40
0.2410320135
 40
0.3061612391
 40
0.4553482182
 40
0.6250154867
 40
1.0
 40
1.0
 40
1.0
 40
1.0
 10
85.6308489354
 20
240.4204801784
 30
0.0
 10
85.6308489354
 20
240.412838261
 30
0.0
 10
85.6446920805
 20
240.4018814387
 30
0.0
 10
85.6647072236
 20
240.3929344363
 30
0.0
 10
85.6899599739
 20
240.3845147166
 30
0.0
 10
85.7213057275
 20
240.3766778317
 30
0.0
 10
85.7591256874
 20
240.3690989633
 30
0.0
 10
85.8028520421
 20
240.3620113647
 30
0.0
 10
85.871768026
 20
240.3528382721
 30
0.0
 10
85.9693410755
 20
240.3433922721
 30
0.0
 10
86.146088268
 20
240.3321533653
 30
0.0
 10
86.2851432972
 20
240.3290781708
 30
0.0
 10
86.3808489354
 20
240.3290781708
 30
0.0
  0
SPLINE
  5
DC9
100
AcDbEntity
  8
4171
100
AcDbSpline
 62
7
  6
BYLAYER
 70
0
 71
3
 72
30
 73
26
 74
0
 42
0.0000001
 43
0.0000001
 44
0.0000000001
 40
0.0
 40
0.0
 40
0.0
 40
0.0
 40
0.0008986543
 40
0.0036020195
 40
0.0079419118
 40
0.0137504594
 40
0.0291792084
 40
0.0489957988
 40
0.0724659908
 40
0.0990757624
 40
0.1283863669
 40
0.1600427186
 40
0.1937487964
 40
0.2292200697
 40
0.3044896273
 40
0.3839926603
 40
0.465993353
 40
0.5488070419
 40
0.6307780961
 40
0.7102165789
 40
0.7853816547
 40
0.8544207532
 40
0.915213765
 40
0.9650658376
 40
1.0
 40
1.0
 40
1.0
 40
1.0
 10
81.0601113409
 20
240.0801010453
 30
0.0
 10
81.0590964896
 20
240.0802100836
 30
0.0
 10
81.0679652506
 20
240.0783766449
 30
0.0
 10
81.0721261438
 20
240.0773197516
 30
0.0
 10
81.0889545953
 20
240.0739261318
 30
0.0
 10
81.1160786028
 20
240.068743677
 30
0.0
 10
81.1630380994
 20
240.060849475
 30
0.0
 10
81.2285927625
 20
240.051179592
 30
0.0
 10
81.3074830758
 20
240.0410205264
 30
0.0
 10
81.3970398215
 20
240.0309019332
 30
0.0
 10
81.4960449074
 20
240.0211143004
 30
0.0
 10
81.6031755295
 20
240.0118825476
 30
0.0
 10
81.7173868933
 20
240.0033366322
 30
0.0
 10
81.8811151946
 20
239.9928322785
 30
0.0
 10
82.0969459815
 20
239.9821901636
 30
0.0
 10
82.3657490399
 20
239.9736340427
 30
0.0
 10
82.6432230443
 20
239.9693064383
 30
0.0
 10
82.923533557
 20
239.9693452756
 30
0.0
 10
83.2008992183
 20
239.9737520006
 30
0.0
 10
83.4694746089
 20
239.9823830386
 30
0.0
 10
83.7231906137
 20
239.9949716892
 30
0.0
 10
83.9554879879
 20
240.0110224318
 30
0.0
 10
84.1587474323
 20
240.0296324977
 30
0.0
 10
84.3229478076
 20
240.0492265295
 30
0.0
 10
84.418181539
 20
240.0637718752
 30
0.0
 10
84.4571964845
 20
240.0709966205
 30
0.0
  0
SPLINE
  5
DCA
100
AcDbEntity
  8
4171
100
AcDbSpline
 62
7
  6
BYLAYER
 70
0
 71
3
 72
17
 73
13
 74
0
 42
0.0000001
 43
0.0000001
 44
0.0000000001
 40
0.0
 40
0.0
 40
0.0
 40
0.0
 40
0.3749845133
 40
0.5446517818
 40
0.6938387609
 40
0.7589679865
 40
0.8170005036
 40
0.8674310701
 40
0.9098633588
 40
0.9440836522
 40
0.9700581832
 40
1.0
 40
1.0
 40
1.0
 40
1.0
 10
79.1808489354
 20
240.3290781708
 30
0.0
 10
79.2765545737
 20
240.3290781708
 30
0.0
 10
79.4156096029
 20
240.3321533653
 30
0.0
 10
79.5923567954
 20
240.3433922721
 30
0.0
 10
79.6899298449
 20
240.3528382721
 30
0.0
 10
79.7588458288
 20
240.3620113647
 30
0.0
 10
79.8025721835
 20
240.3690989633
 30
0.0
 10
79.8403921434
 20
240.3766778317
 30
0.0
 10
79.871737897
 20
240.3845147166
 30
0.0
 10
79.8969906473
 20
240.3929344363
 30
0.0
 10
79.9170057904
 20
240.4018814387
 30
0.0
 10
79.9308489354
 20
240.412838261
 30
0.0
 10
79.9308489354
 20
240.4204801784
 30
0.0
  0
SPLINE
  5
DCB
100
AcDbEntity
  8
0
100
AcDbSpline
 62
7
  6
BYLAYER
 70
0
 71
3
 72
15
 73
11
 74
0
 42
0.0000001
 43
0.0000001
 44
0.0000000001
 40
0.0
 40
0.0
 40
0.0
 40
0.0
 40
0.0925526745
 40
0.1885390065
 40
0.2927890983
 40
0.4082123254
 40
0.5364960865
 40
0.6776881202
 40
0.8308491465
 40
1.0
 40
1.0
 40
1.0
 40
1.0
 10
79.4808489354
 20
241.8088356868
 30
0.0
 10
79.4808489354
 20
241.7939895897
 30
0.0
 10
79.4859622873
 20
241.7635203565
 30
0.0
 10
79.5085107232
 20
241.7215027292
 30
0.0
 10
79.5446900772
 20
241.6851938053
 30
0.0
 10
79.5931297921
 20
241.6564258708
 30
0.0
 10
79.6523751394
 20
241.6374775739
 30
0.0
 10
79.7201477085
 20
241.6298305894
 30
0.0
 10
79.7946788819
 20
241.6352206487
 30
0.0
 10
79.8451513122
 20
241.6473568881
 30
0.0
 10
79.8711157162
 20
241.6552339696
 30
0.0
  0
SPLINE
  5
DCC
100
AcDbEntity
  8
0
100
AcDbSpline
 62
7
  6
BYLAYER
 70
0
 71
3
 72
11
 73
7
 74
0
 42
0.0000001
 43
0.0000001
 44
0.0000000001
 40
0.0
 40
0.0
 40
0.0
 40
0.0
 40
0.3461694078
 40
0.6057909208
 40
0.8159742488
 40
1.0
 40
1.0
 40
1.0
 40
1.0
 10
79.8711157162
 20
241.6552339696
 30
0.0
 10
79.8811246721
 20
241.6581636086
 30
0.0
 10
79.8980350758
 20
241.6658587872
 30
0.0
 10
79.9170800253
 20
241.6817348084
 30
0.0
 10
79.9283449368
 20
241.6984359758
 30
0.0
 10
79.9305266074
 20
241.7103950877
 30
0.0
 10
79.9308489354
 20
241.7159297768
 30
0.0
  0
SPLINE
  5
DCD
100
AcDbEntity
  8
0
100
AcDbSpline
 62
7
  6
BYLAYER
 70
0
 71
3
 72
15
 73
11
 74
0
 42
0.0000001
 43
0.0000001
 44
0.0000000001
 40
0.0
 40
0.0
 40
0.0
 40
0.0
 40
0.1706387599
 40
0.3240345562
 40
0.4633112219
 40
0.5909367686
 40
0.7066394028
 40
0.8099062982
 40
0.9048218043
 40
1.0
 40
1.0
 40
1.0
 40
1.0
 10
85.6905821547
 20
241.6552339696
 30
0.0
 10
85.7167983445
 20
241.6473549353
 30
0.0
 10
85.7676150377
 20
241.6354750054
 30
0.0
 10
85.8420839679
 20
241.6299326591
 30
0.0
 10
85.9095361236
 20
241.6375217518
 30
0.0
 10
85.9682365625
 20
241.6569472795
 30
0.0
 10
86.0165749381
 20
241.6852917544
 30
0.0
 10
86.0532413107
 20
241.7206945609
 30
0.0
 10
86.0761405138
 20
241.7627600036
 30
0.0
 10
86.0808489354
 20
241.7935668029
 30
0.0
 10
86.0808489354
 20
241.8088356868
 30
0.0
  0
SPLINE
  5
DCE
100
AcDbEntity
  8
0
100
AcDbSpline
 62
7
  6
BYLAYER
 70
0
 71
3
 72
11
 73
7
 74
0
 42
0.0000001
 43
0.0000001
 44
0.0000000001
 40
0.0
 40
0.0
 40
0.0
 40
0.0
 40
0.1840261556
 40
0.394207326
 40
0.6538285632
 40
1.0
 40
1.0
 40
1.0
 40
1.0
 10
85.6308489354
 20
241.7159328084
 30
0.0
 10
85.6311712743
 20
241.7103979264
 30
0.0
 10
85.633351741
 20
241.6984382971
 30
0.0
 10
85.6446165044
 20
241.6817360843
 30
0.0
 10
85.6636618359
 20
241.6658593122
 30
0.0
 10
85.6805728134
 20
241.6581637214
 30
0.0
 10
85.6905821547
 20
241.6552339696
 30
0.0
  0
SPLINE
  5
DCF
100
AcDbEntity
  8
4171
100
AcDbSpline
 62
7
  6
BYLAYER
 70
0
 71
3
 72
15
 73
11
 74
0
 42
0.0000001
 43
0.0000001
 44
0.0000000001
 40
0.0
 40
0.0
 40
0.0
 40
0.0
 40
0.1247335219
 40
0.2497513476
 40
0.3748215097
 40
0.5
 40
0.6251784903
 40
0.7502486524
 40
0.8752664781
 40
1.0
 40
1.0
 40
1.0
 40
1.0
 10
83.8588817223
 20
241.7530136504
 30
0.0
 10
83.7904990046
 20
241.6795665357
 30
0.0
 10
83.6378666884
 20
241.546316501
 30
0.0
 10
83.3732639761
 20
241.3974846972
 30
0.0
 10
83.0834095706
 20
241.3056294039
 30
0.0
 10
82.7808489354
 20
241.2745155606
 30
0.0
 10
82.4782883003
 20
241.3056294039
 30
0.0
 10
82.1884338948
 20
241.3974846972
 30
0.0
 10
81.9238311825
 20
241.546316501
 30
0.0
 10
81.7711988663
 20
241.6795665357
 30
0.0
 10
81.7028161486
 20
241.7530136504
 30
0.0
  0
SPLINE
  5
DD0
100
AcDbEntity
  8
4171
100
AcDbSpline
 62
7
  6
BYLAYER
 70
0
 71
3
 72
15
 73
11
 74
0
 42
0.0000001
 43
0.0000001
 44
0.0000000001
 40
0.0
 40
0.0
 40
0.0
 40
0.0
 40
0.1122743067
 40
0.2351701275
 40
0.365586109
 40
0.5
 40
0.634413891
 40
0.7648298725
 40
0.8877256933
 40
1.0
 40
1.0
 40
1.0
 40
1.0
 10
83.8588817223
 20
242.818298314
 30
0.0
 10
83.7866747204
 20
242.7757418289
 30
0.0
 10
83.6268926353
 20
242.7008048574
 30
0.0
 10
83.3650327089
 20
242.6213863913
 30
0.0
 10
83.0790475427
 20
242.5724264151
 30
0.0
 10
82.7808489354
 20
242.5558414288
 30
0.0
 10
82.4826503282
 20
242.5724264151
 30
0.0
 10
82.196665162
 20
242.6213863913
 30
0.0
 10
81.9348052356
 20
242.7008048574
 30
0.0
 10
81.7750231505
 20
242.7757418289
 30
0.0
 10
81.7028161486
 20
242.818298314
 30
0.0
  0
SPLINE
  5
DD1
100
AcDbEntity
  8
4171
100
AcDbSpline
 62
7
  6
BYLAYER
 70
0
 71
3
 72
11
 73
7
 74
0
 42
0.0000001
 43
0.0000001
 44
0.0000000001
 40
0.0
 40
0.0
 40
0.0
 40
0.0
 40
0.2245584497
 40
0.4702940233
 40
0.7312691329
 40
1.0
 40
1.0
 40
1.0
 40
1.0
 10
81.7028161486
 20
242.818298314
 30
0.0
 10
81.6142664961
 20
242.8704866318
 30
0.0
 10
81.4183438859
 20
242.9623530146
 30
0.0
 10
81.0971958175
 20
243.0598115216
 30
0.0
 10
80.7465242977
 20
243.1197723369
 30
0.0
 10
80.5038520037
 20
243.1332961034
 30
0.0
 10
80.3808489354
 20
243.1332961034
 30
0.0
  0
SPLINE
  5
DD2
100
AcDbEntity
  8
4171
100
AcDbSpline
 62
7
  6
BYLAYER
 70
0
 71
3
 72
11
 73
7
 74
0
 42
0.0000001
 43
0.0000001
 44
0.0000000001
 40
0.0
 40
0.0
 40
0.0
 40
0.0
 40
0.2687308671
 40
0.5297059767
 40
0.7754415503
 40
1.0
 40
1.0
 40
1.0
 40
1.0
 10
85.1808489354
 20
243.1332961034
 30
0.0
 10
85.0578458672
 20
243.1332961034
 30
0.0
 10
84.8151735732
 20
243.1197723369
 30
0.0
 10
84.4645020533
 20
243.0598115216
 30
0.0
 10
84.143353985
 20
242.9623530146
 30
0.0
 10
83.9474313748
 20
242.8704866318
 30
0.0
 10
83.8588817223
 20
242.818298314
 30
0.0
  0
SPLINE
  5
DD3
100
AcDbEntity
  8
4171
100
AcDbSpline
 62
7
  6
BYLAYER
 70
0
 71
3
 72
17
 73
13
 74
0
 42
0.0000001
 43
0.0000001
 44
0.0000000001
 40
0.0
 40
0.0
 40
0.0
 40
0.0
 40
0.0197515034
 40
0.0422450028
 40
0.0693503195
 40
0.1021297996
 40
0.1866690463
 40
0.2978201381
 40
0.4356491983
 40
0.5994833098
 40
0.7880865308
 40
1.0
 40
1.0
 40
1.0
 40
1.0
 10
80.3808489354
 20
240.2485816417
 30
0.0
 10
80.3808489359
 20
240.2438223156
 30
0.0
 10
80.383035919
 20
240.233578588
 30
0.0
 10
80.3920594066
 20
240.2192492545
 30
0.0
 10
80.406362796
 20
240.2053119069
 30
0.0
 10
80.434958448
 20
240.1853026921
 30
0.0
 10
80.4851213078
 20
240.1618896151
 30
0.0
 10
80.5613021554
 20
240.136165274
 30
0.0
 10
80.6576925719
 20
240.1112769674
 30
0.0
 10
80.7734328718
 20
240.0874789333
 30
0.0
 10
80.9075798582
 20
240.0650329037
 30
0.0
 10
81.0031993556
 20
240.0518754557
 30
0.0
 10
81.053859744
 20
240.0454781534
 30
0.0
  0
SPLINE
  5
DD4
100
AcDbEntity
  8
4171
100
AcDbSpline
 62
7
  6
BYLAYER
 70
0
 71
3
 72
15
 73
11
 74
0
 42
0.0000001
 43
0.0000001
 44
0.0000000001
 40
0.0
 40
0.0
 40
0.0
 40
0.0
 40
0.1073070287
 40
0.2293260227
 40
0.3615415154
 40
0.4990249494
 40
0.6366364687
 40
0.7692313489
 40
0.8918660448
 40
1.0
 40
1.0
 40
1.0
 40
1.0
 10
81.0838022989
 20
240.0417636823
 30
0.0
 10
81.2039400464
 20
240.0271226963
 30
0.0
 10
81.4614571044
 20
240.0021227964
 30
0.0
 10
81.868441109
 20
239.9761001759
 30
0.0
 10
82.3099963943
 20
239.9599301854
 30
0.0
 10
82.7693903903
 20
239.9542815078
 30
0.0
 10
83.2292184675
 20
239.9593990567
 30
0.0
 10
83.67205917
 20
239.975060059
 30
0.0
 10
84.0811311675
 20
240.0006181596
 30
0.0
 10
84.3403115704
 20
240.0252979477
 30
0.0
 10
84.4614086777
 20
240.039773743
 30
0.0
  0
SPLINE
  5
DD5
100
AcDbEntity
  8
4171
100
AcDbSpline
 62
7
  6
BYLAYER
 70
0
 71
3
 72
17
 73
13
 74
0
 42
0.0000001
 43
0.0000001
 44
0.0000000001
 40
0.0
 40
0.0
 40
0.0
 40
0.0
 40
0.2119485863
 40
0.4007487765
 40
0.5648431934
 40
0.7029293272
 40
0.8142358656
 40
0.8987607796
 40
0.9314363958
 40
0.9583580434
 40
0.980582579
 40
1.0
 40
1.0
 40
1.0
 40
1.0
 10
84.4778955918
 20
240.0417636799
 30
0.0
 10
84.5307071907
 20
240.0481997401
 30
0.0
 10
84.6304345953
 20
240.0614675082
 30
0.0
 10
84.7704137282
 20
240.0841847209
 30
0.0
 10
84.8912913387
 20
240.1083557111
 30
0.0
 10
84.9920277062
 20
240.1336883882
 30
0.0
 10
85.0716770227
 20
240.159925446
 30
0.0
 10
85.1241608064
 20
240.1838256576
 30
0.0
 10
85.154114883
 20
240.2042949441
 30
0.0
 10
85.1690830118
 20
240.2185391677
 30
0.0
 10
85.1785443475
 20
240.23319529
 30
0.0
 10
85.180848935
 20
240.2437142688
 30
0.0
 10
85.1808489354
 20
240.2485883377
 30
0.0
  0
SPLINE
  5
DD6
100
AcDbEntity
  8
0
100
AcDbSpline
 62
7
  6
BYLAYER
 70
0
 71
3
 72
16
 73
12
 74
0
 42
0.0000001
 43
0.0000001
 44
0.0000000001
 40
0.0
 40
0.0
 40
0.0
 40
0.0
 40
0.0515194285
 40
0.1042920581
 40
0.1678552635
 40
0.2477887383
 40
0.3480206486
 40
0.4798474834
 40
0.6704423409
 40
0.8083823763
 40
1.0
 40
1.0
 40
1.0
 40
1.0
 10
79.9308489354
 20
240.4204801784
 30
0.0
 10
79.9293428524
 20
240.4244715659
 30
0.0
 10
79.9276903612
 20
240.4329591741
 30
0.0
 10
79.923705731
 20
240.4464735704
 30
0.0
 10
79.9130048487
 20
240.4591595902
 30
0.0
 10
79.8975860626
 20
240.4721431384
 30
0.0
 10
79.8760687567
 20
240.4865629464
 30
0.0
 10
79.845428212
 20
240.5035111305
 30
0.0
 10
79.8110675917
 20
240.5200444408
 30
0.0
 10
79.7722150654
 20
240.5386283205
 30
0.0
 10
79.7475042754
 20
240.5502144521
 30
0.0
 10
79.7332746499
 20
240.5572342886
 30
0.0
  0
SPLINE
  5
DD7
100
AcDbEntity
  8
0
100
AcDbSpline
 62
7
  6
BYLAYER
 70
0
 71
3
 72
16
 73
12
 74
0
 42
0.0000001
 43
0.0000001
 44
0.0000000001
 40
0.0
 40
0.0
 40
0.0
 40
0.0
 40
0.1915941787
 40
0.3293219927
 40
0.5200622133
 40
0.6519319381
 40
0.7521812153
 40
0.8321292856
 40
0.8956942014
 40
0.9484768847
 40
1.0
 40
1.0
 40
1.0
 40
1.0
 10
85.828423221
 20
240.5572342886
 30
0.0
 10
85.814195368
 20
240.5502153265
 30
0.0
 10
85.7894973899
 20
240.5386477882
 30
0.0
 10
85.7506592231
 20
240.5200513666
 30
0.0
 10
85.7162969614
 20
240.5035264517
 30
0.0
 10
85.6856409422
 20
240.4865706172
 30
0.0
 10
85.6641188555
 20
240.4721476801
 30
0.0
 10
85.6486949583
 20
240.4591647467
 30
0.0
 10
85.6379974698
 20
240.4464743403
 30
0.0
 10
85.6340051494
 20
240.4329614217
 30
0.0
 10
85.632355123
 20
240.4244718427
 30
0.0
 10
85.6308489354
 20
240.4204801784
 30
0.0
  0
SPLINE
  5
DD8
100
AcDbEntity
  8
0
100
AcDbSpline
 62
7
  6
BYLAYER
 70
0
 71
3
 72
17
 73
13
 74
0
 42
0.0000001
 43
0.0000001
 44
0.0000000001
 40
0.0
 40
0.0
 40
0.0
 40
0.0
 40
0.0346411927
 40
0.0600597689
 40
0.0922195029
 40
0.1315020428
 40
0.177986308
 40
0.2922691469
 40
0.4339718774
 40
0.6009757587
 40
0.7907182072
 40
1.0
 40
1.0
 40
1.0
 40
1.0
 10
79.9308488163
 20
241.7159347516
 30
0.0
 10
79.9308487687
 20
241.7204467452
 30
0.0
 10
79.9255959082
 20
241.7277016942
 30
0.0
 10
79.9158512847
 20
241.7343821875
 30
0.0
 10
79.904537413
 20
241.7401900889
 30
0.0
 10
79.8902443993
 20
241.7457896826
 30
0.0
 10
79.8653985351
 20
241.7537173639
 30
0.0
 10
79.8270253117
 20
241.7628123287
 30
0.0
 10
79.7727687089
 20
241.7724731288
 30
0.0
 10
79.70842809
 20
241.7812557623
 30
0.0
 10
79.6351008062
 20
241.7889805993
 30
0.0
 10
79.5832908054
 20
241.7931550934
 30
0.0
 10
79.5560993567
 20
241.795070429
 30
0.0
  0
SPLINE
  5
DD9
100
AcDbEntity
  8
0
100
AcDbSpline
 62
7
  6
BYLAYER
 70
0
 71
3
 72
17
 73
13
 74
0
 42
0.0000001
 43
0.0000001
 44
0.0000000001
 40
0.0
 40
0.0
 40
0.0
 40
0.0
 40
0.2081252199
 40
0.3975890176
 40
0.5650664199
 40
0.7074704359
 40
0.822487984
 40
0.8692628784
 40
0.9087123589
 40
0.9409131925
 40
0.9662188198
 40
1.0
 40
1.0
 40
1.0
 40
1.0
 10
86.0403556555
 20
241.7973715558
 30
0.0
 10
86.0108915321
 20
241.7955418251
 30
0.0
 10
85.9546370032
 20
241.791487219
 30
0.0
 10
85.8748506292
 20
241.7837699199
 30
0.0
 10
85.8045696516
 20
241.7748655746
 30
0.0
 10
85.745107914
 20
241.7649328691
 30
0.0
 10
85.7029628092
 20
241.7555057557
 30
0.0
 10
85.6756130527
 20
241.7472401466
 30
0.0
 10
85.6598841562
 20
241.7413871994
 30
0.0
 10
85.6474193869
 20
241.7352973024
 30
0.0
 10
85.636775772
 20
241.7283738917
 30
0.0
 10
85.6308475606
 20
241.7207230055
 30
0.0
 10
85.6308489354
 20
241.715931418
 30
0.0
  0
SPLINE
  5
DDA
100
AcDbEntity
  8
0
100
AcDbSpline
 62
7
  6
BYLAYER
 70
0
 71
3
 72
11
 73
7
 74
0
 42
0.0000001
 43
0.0000001
 44
0.0000000001
 40
0.0
 40
0.0
 40
0.0
 40
0.0
 40
0.25068525
 40
0.5008580061
 40
0.7505662846
 40
1.0
 40
1.0
 40
1.0
 40
1.0
 10
85.828423221
 20
240.5572342886
 30
0.0
 10
85.8658766528
 20
240.5754003657
 30
0.0
 10
85.9360408466
 20
240.6223762747
 30
0.0
 10
86.0174709082
 20
240.7188029423
 30
0.0
 10
86.0690799918
 20
240.8337604416
 30
0.0
 10
86.0808489354
 20
240.9171092677
 30
0.0
 10
86.0808489354
 20
240.9585279542
 30
0.0
  0
SPLINE
  5
DDB
100
AcDbEntity
  8
0
100
AcDbSpline
 62
7
  6
BYLAYER
 70
0
 71
3
 72
11
 73
7
 74
0
 42
0.0000001
 43
0.0000001
 44
0.0000000001
 40
0.0
 40
0.0
 40
0.0
 40
0.0
 40
0.2494337154
 40
0.4991419939
 40
0.74931475
 40
1.0
 40
1.0
 40
1.0
 40
1.0
 10
79.4808489354
 20
240.9585279542
 30
0.0
 10
79.4808489354
 20
240.9171092677
 30
0.0
 10
79.4926178791
 20
240.8337604416
 30
0.0
 10
79.5442269627
 20
240.7188029423
 30
0.0
 10
79.6256570243
 20
240.6223762747
 30
0.0
 10
79.6958212181
 20
240.5754003657
 30
0.0
 10
79.7332746499
 20
240.5572342886
 30
0.0
  0
SPLINE
  5
DDC
100
AcDbEntity
  8
0
100
AcDbSpline
 62
7
  6
BYLAYER
 70
0
 71
3
 72
13
 73
9
 74
0
 42
0.0000001
 43
0.0000001
 44
0.0000000001
 40
0.0
 40
0.0
 40
0.0
 40
0.0
 40
0.2654757541
 40
0.3954278161
 40
0.5223472098
 40
0.6461423031
 40
0.767009881
 40
1.0
 40
1.0
 40
1.0
 40
1.0
 10
61.5896679283
 20
204.1712671854
 30
0.0
 10
61.6245230196
 20
204.1266520883
 30
0.0
 10
61.6703244484
 20
204.0555142641
 30
0.0
 10
61.7265178928
 20
203.9593734698
 30
0.0
 10
61.765331571
 20
203.8880320579
 30
0.0
 10
61.7990781596
 20
203.8162636938
 30
0.0
 10
61.8359720622
 20
203.7212527103
 30
0.0
 10
61.8576085638
 20
203.648800996
 30
0.0
 10
61.8697793635
 20
203.6006264971
 30
0.0
  0
SPLINE
  5
DDD
100
AcDbEntity
  8
0
100
AcDbSpline
 62
7
  6
BYLAYER
 70
0
 71
3
 72
13
 73
9
 74
0
 42
0.0000001
 43
0.0000001
 44
0.0000000001
 40
0.0
 40
0.0
 40
0.0
 40
0.0
 40
0.1262979369
 40
0.2511163026
 40
0.5010189959
 40
0.7505007868
 40
0.8746870597
 40
1.0
 40
1.0
 40
1.0
 40
1.0
 10
63.2500401042
 20
217.2412947201
 30
0.0
 10
63.2028815246
 20
217.2415035246
 30
0.0
 10
63.1089360428
 20
217.248652432
 30
0.0
 10
62.9263703977
 20
217.2922034149
 30
0.0
 10
62.714473388
 20
217.3986461007
 30
0.0
 10
62.5460305476
 20
217.5652007179
 30
0.0
 10
62.446753348
 20
217.7235811074
 30
0.0
 10
62.4101672959
 20
217.8097503739
 30
0.0
 10
62.3950401042
 20
217.8540289132
 30
0.0
  0
SPLINE
  5
DDE
100
AcDbEntity
  8
0
100
AcDbSpline
 62
7
  6
BYLAYER
 70
0
 71
3
 72
13
 73
9
 74
0
 42
0.0000001
 43
0.0000001
 44
0.0000000001
 40
0.0
 40
0.0
 40
0.0
 40
0.0
 40
0.1253129109
 40
0.2494990285
 40
0.4989803113
 40
0.7488828793
 40
0.8737015144
 40
1.0
 40
1.0
 40
1.0
 40
1.0
 10
62.3950401042
 20
218.428560527
 30
0.0
 10
62.4101673072
 20
218.4728390509
 30
0.0
 10
62.4467533309
 20
218.5590082511
 30
0.0
 10
62.5460303401
 20
218.7173884559
 30
0.0
 10
62.7144728929
 20
218.8839429098
 30
0.0
 10
62.926369652
 20
218.9903857846
 30
0.0
 10
63.1089355357
 20
219.0339369206
 30
0.0
 10
63.2028813197
 20
219.0410858765
 30
0.0
 10
63.2500401042
 20
219.0412947201
 30
0.0
  0
SPLINE
  5
DDF
100
AcDbEntity
  8
0
100
AcDbSpline
 62
7
  6
BYLAYER
 70
0
 71
3
 72
11
 73
7
 74
0
 42
0.0000001
 43
0.0000001
 44
0.0000000001
 40
0.0
 40
0.0
 40
0.0
 40
0.0
 40
0.2499541831
 40
0.4999999997
 40
0.7500458165
 40
1.0
 40
1.0
 40
1.0
 40
1.0
 10
62.3950401042
 20
217.8540289132
 30
0.0
 10
62.3739004495
 20
217.8988524128
 30
0.0
 10
62.3384688828
 20
217.992239164
 30
0.0
 10
62.31926112
 20
218.1412947199
 30
0.0
 10
62.338468884
 20
218.2903502756
 30
0.0
 10
62.3739004495
 20
218.3837370273
 30
0.0
 10
62.3950401042
 20
218.428560527
 30
0.0
  0
SPLINE
  5
DE0
100
AcDbEntity
  8
0
100
AcDbSpline
 62
7
  6
BYLAYER
 70
0
 71
3
 72
11
 73
7
 74
0
 42
0.0000001
 43
0.0000001
 44
0.0000000001
 40
0.0
 40
0.0
 40
0.0
 40
0.0
 40
0.0790024796
 40
0.2967989898
 40
0.6169894286
 40
1.0
 40
1.0
 40
1.0
 40
1.0
 10
90.1923466886
 20
249.7946770276
 30
0.0
 10
90.1888120632
 20
249.8267412691
 30
0.0
 10
90.1756470533
 20
249.9472135899
 30
0.0
 10
90.1489342933
 20
250.1977239567
 30
0.0
 10
90.1090757151
 20
250.5716688155
 30
0.0
 10
90.0787708388
 20
250.8571980226
 30
0.0
 10
90.0626661891
 20
251.0127582013
 30
0.0
  0
SPLINE
  5
DE1
100
AcDbEntity
  8
0
100
AcDbSpline
 62
7
  6
BYLAYER
 70
0
 71
3
 72
11
 73
7
 74
0
 42
0.0000001
 43
0.0000001
 44
0.0000000001
 40
0.0
 40
0.0
 40
0.0
 40
0.0
 40
0.0790033122
 40
0.2968012868
 40
0.6169919856
 40
1.0
 40
1.0
 40
1.0
 40
1.0
 10
75.3693511823
 20
249.7946770276
 30
0.0
 10
75.3728860184
 20
249.8267432085
 30
0.0
 10
75.3860517805
 20
249.947222478
 30
0.0
 10
75.4127659856
 20
250.197746392
 30
0.0
 10
75.4526263796
 20
250.5717095996
 30
0.0
 10
75.4829329713
 20
250.8572521006
 30
0.0
 10
75.4990379804
 20
251.0128190433
 30
0.0
  0
SPLINE
  5
DE2
100
AcDbEntity
  8
0
100
AcDbSpline
 62
7
  6
BYLAYER
 70
0
 71
3
 72
11
 73
7
 74
0
 42
0.0000001
 43
0.0000001
 44
0.0000000001
 40
0.0
 40
0.0
 40
0.0
 40
0.0
 40
0.2462860791
 40
0.4964161827
 40
0.7479714882
 40
1.0
 40
1.0
 40
1.0
 40
1.0
 10
75.4988952068
 20
251.0128278594
 30
0.0
 10
75.5062996644
 20
251.0843514846
 30
0.0
 10
75.4933181042
 20
251.2329937015
 30
0.0
 10
75.390170752
 20
251.4315723558
 30
0.0
 10
75.2197928912
 20
251.5786845435
 30
0.0
 10
75.0776342765
 20
251.6292532773
 30
0.0
 10
75.0050162122
 20
251.6411272965
 30
0.0
  0
SPLINE
  5
DE3
100
AcDbEntity
  8
0
100
AcDbSpline
 62
7
  6
BYLAYER
 70
0
 71
3
 72
11
 73
7
 74
0
 42
0.0000001
 43
0.0000001
 44
0.0000000001
 40
0.0
 40
0.0
 40
0.0
 40
0.0
 40
0.2517518817
 40
0.5032985069
 40
0.7536156995
 40
1.0
 40
1.0
 40
1.0
 40
1.0
 10
90.6553700468
 20
251.6493274963
 30
0.0
 10
90.5736933593
 20
251.6493274963
 30
0.0
 10
90.4085116631
 20
251.6158437658
 30
0.0
 10
90.2022746546
 20
251.4722760401
 30
0.0
 10
90.0726528391
 20
251.2583564398
 30
0.0
 10
90.0545138873
 20
251.0922920403
 30
0.0
 10
90.0627427829
 20
251.0127814626
 30
0.0
  0
LINE
  5
DE4
100
AcDbEntity
  8
0
100
AcDbLine
 62
7
  6
BYLAYER
 10
81.3628281786
 20
248.5127892194
 30
0.0
 11
81.4313013941
 21
248.5158888915
 31
0.0
  0
LINE
  5
DE5
100
AcDbEntity
  8
0
100
AcDbLine
 62
7
  6
BYLAYER
 10
84.1303964768
 20
248.5158888915
 30
0.0
 11
84.1988696923
 21
248.5127892194
 31
0.0
  0
SPLINE
  5
DE6
100
AcDbEntity
  8
0
100
AcDbSpline
 62
7
  6
BYLAYER
 70
0
 71
3
 72
11
 73
7
 74
0
 42
0.0000001
 43
0.0000001
 44
0.0000000001
 40
0.0
 40
0.0
 40
0.0
 40
0.0
 40
0.0808502056
 40
0.3027427524
 40
0.6242684508
 40
1.0
 40
1.0
 40
1.0
 40
1.0
 10
75.8453189279
 20
247.7493274963
 30
0.0
 10
75.8369051507
 20
247.8388063795
 30
0.0
 10
75.8061236769
 20
248.1739260539
 30
0.0
 10
75.7475174307
 20
248.8653964991
 30
0.0
 10
75.668849221
 20
249.8840920944
 30
0.0
 10
75.622176586
 20
250.6578834816
 30
0.0
 10
75.6047610125
 20
251.075184739
 30
0.0
  0
SPLINE
  5
DE7
100
AcDbEntity
  8
0
100
AcDbSpline
 62
7
  6
BYLAYER
 70
0
 71
3
 72
11
 73
7
 74
0
 42
0.0000001
 43
0.0000001
 44
0.0000000001
 40
0.0
 40
0.0
 40
0.0
 40
0.0
 40
0.0808502038
 40
0.3027427475
 40
0.6242684454
 40
1.0
 40
1.0
 40
1.0
 40
1.0
 10
89.716378943
 20
247.7493274963
 30
0.0
 10
89.7247927193
 20
247.8388063697
 30
0.0
 10
89.75557419
 20
248.1739260092
 30
0.0
 10
89.814180431
 20
248.8653963879
 30
0.0
 10
89.8928486354
 20
249.8840918957
 30
0.0
 10
89.9395212703
 20
250.6578832202
 30
0.0
 10
89.9569368462
 20
251.0751844469
 30
0.0
  0
SPLINE
  5
DE8
100
AcDbEntity
  8
0
100
AcDbSpline
 62
7
  6
BYLAYER
 70
0
 71
3
 72
17
 73
13
 74
0
 42
0.0000001
 43
0.0000001
 44
0.0000000001
 40
0.0
 40
0.0
 40
0.0
 40
0.0
 40
0.1249972437
 40
0.2499920942
 40
0.3749801224
 40
0.4375199766
 40
0.5000565185
 40
0.625013578
 40
0.7499687653
 40
0.8125057698
 40
0.8750412597
 40
1.0
 40
1.0
 40
1.0
 40
1.0
 10
91.7808489354
 20
251.6493274963
 30
0.0
 10
92.1146623547
 20
251.7346761253
 30
0.0
 10
92.7705129564
 20
251.9564132621
 30
0.0
 10
93.689908275
 20
252.4374675853
 30
0.0
 10
94.383074605
 20
252.9559477934
 30
0.0
 10
94.8807632572
 20
253.4338236816
 30
0.0
 10
95.3373106065
 20
253.9510520463
 30
0.0
 10
95.8246906913
 20
254.6663578634
 30
0.0
 10
96.1845507686
 20
255.4536959443
 30
0.0
 10
96.3888474908
 20
256.1127230744
 30
0.0
 10
96.5360953775
 20
256.7866290011
 30
0.0
 10
96.5808489354
 20
257.3048822673
 30
0.0
 10
96.5808489354
 20
257.6493277079
 30
0.0
  0
SPLINE
  5
DE9
100
AcDbEntity
  8
0
100
AcDbSpline
 62
7
  6
BYLAYER
 70
0
 71
3
 72
16
 73
12
 74
0
 42
0.0000001
 43
0.0000001
 44
0.0000000001
 40
0.0
 40
0.0
 40
0.0
 40
0.0
 40
0.1250575634
 40
0.2501008004
 40
0.3750868959
 40
0.5000565335
 40
0.5625899149
 40
0.6251210154
 40
0.7500784143
 40
0.8750347963
 40
1.0
 40
1.0
 40
1.0
 40
1.0
 10
68.9808489354
 20
257.649366238
 30
0.0
 10
68.9808489354
 20
257.3046866208
 30
0.0
 10
69.0405263174
 20
256.6139111991
 30
0.0
 10
69.3056737567
 20
255.6096557686
 30
0.0
 10
69.7376667525
 20
254.6652491105
 30
0.0
 10
70.2252209362
 20
253.9499460489
 30
0.0
 10
70.6818416206
 20
253.4328953504
 30
0.0
 10
71.1794787738
 20
252.9552434172
 30
0.0
 10
71.8724780899
 20
252.4370663866
 30
0.0
 10
72.7915597155
 20
251.9562723452
 30
0.0
 10
73.4471581089
 20
251.7346448633
 30
0.0
 10
73.7808489354
 20
251.6493274963
 30
0.0
  0
SPLINE
  5
DEA
100
AcDbEntity
  8
0
100
AcDbSpline
 62
7
  6
BYLAYER
 70
0
 71
3
 72
11
 73
7
 74
0
 42
0.0000001
 43
0.0000001
 44
0.0000000001
 40
0.0
 40
0.0
 40
0.0
 40
0.0
 40
0.2033442311
 40
0.4739909877
 40
0.6956090122
 40
1.0
 40
1.0
 40
1.0
 40
1.0
 10
75.6047897521
 20
251.0751859788
 30
0.0
 10
75.5989024397
 20
251.0691747575
 30
0.0
 10
75.5841545442
 20
251.0561713253
 30
0.0
 10
75.5606305447
 20
251.0394700397
 30
0.0
 10
75.5315849879
 20
251.0237116071
 30
0.0
 10
75.5109794347
 20
251.0163786635
 30
0.0
 10
75.4988952068
 20
251.0128278594
 30
0.0
  0
SPLINE
  5
DEB
100
AcDbEntity
  8
0
100
AcDbSpline
 62
7
  6
BYLAYER
 70
0
 71
3
 72
11
 73
7
 74
0
 42
0.0000001
 43
0.0000001
 44
0.0000000001
 40
0.0
 40
0.0
 40
0.0
 40
0.0
 40
0.2034602287
 40
0.4742286806
 40
0.6957723655
 40
1.0
 40
1.0
 40
1.0
 40
1.0
 10
89.9569093106
 20
251.0751856347
 30
0.0
 10
89.9627975308
 20
251.0691721775
 30
0.0
 10
89.9775622093
 20
251.0561813062
 30
0.0
 10
90.0010742814
 20
251.039470903
 30
0.0
 10
90.0300866754
 20
251.0236823483
 30
0.0
 10
90.0506711532
 20
251.0163375392
 30
0.0
 10
90.0627427829
 20
251.0127814626
 30
0.0
  0
SPLINE
  5
DEC
100
AcDbEntity
  8
0
100
AcDbSpline
 62
7
  6
BYLAYER
 70
0
 71
3
 72
11
 73
7
 74
0
 42
0.0000001
 43
0.0000001
 44
0.0000000001
 40
0.0
 40
0.0
 40
0.0
 40
0.0
 40
0.2481997196
 40
0.5000004348
 40
0.751800842
 40
1.0
 40
1.0
 40
1.0
 40
1.0
 10
84.3880238898
 20
266.6344953552
 30
0.0
 10
84.1303378904
 20
266.7142800183
 30
0.0
 10
83.5986343762
 20
266.8372976112
 30
0.0
 10
82.7808478432
 20
266.8999832368
 30
0.0
 10
81.9630619634
 20
266.8372972676
 30
0.0
 10
81.4313593973
 20
266.7142798378
 30
0.0
 10
81.1736739811
 20
266.6344953552
 30
0.0
  0
LINE
  5
DED
100
AcDbEntity
  8
RUNDUNGEN
100
AcDbLine
 62
7
  6
BYLAYER
 10
64.2558489354
 20
206.7412947201
 30
0.0
 11
64.8558489354
 21
207.3412947201
 31
0.0
  0
LINE
  5
DEE
100
AcDbEntity
  8
RUNDUNGEN
100
AcDbLine
 62
7
  6
BYLAYER
 10
72.2808489354
 20
206.7412947201
 30
0.0
 11
72.8808489354
 21
207.3412947201
 31
0.0
  0
LINE
  5
DEF
100
AcDbEntity
  8
RUNDUNGEN
100
AcDbLine
 62
7
  6
BYLAYER
 10
72.2808489354
 20
201.8212947201
 30
0.0
 11
72.8808489354
 21
202.4212947201
 31
0.0
  0
LINE
  5
DF0
100
AcDbEntity
  8
RUNDUNGEN
100
AcDbLine
 62
7
  6
BYLAYER
 10
76.6308489354
 20
201.8212947201
 30
0.0
 11
77.2308489354
 21
202.4212947201
 31
0.0
  0
LINE
  5
DF1
100
AcDbEntity
  8
RUNDUNGEN
100
AcDbLine
 62
7
  6
BYLAYER
 10
88.9308489354
 20
201.8212947201
 30
0.0
 11
88.3308489354
 21
202.4212947201
 31
0.0
  0
LINE
  5
DF2
100
AcDbEntity
  8
RUNDUNGEN
100
AcDbLine
 62
7
  6
BYLAYER
 10
93.2808489354
 20
201.8212947201
 30
0.0
 11
92.6808489354
 21
202.4212947201
 31
0.0
  0
LINE
  5
DF3
100
AcDbEntity
  8
RUNDUNGEN
100
AcDbLine
 62
7
  6
BYLAYER
 10
93.2808489354
 20
206.7412947201
 30
0.0
 11
92.6808489354
 21
207.3412947201
 31
0.0
  0
LINE
  5
DF4
100
AcDbEntity
  8
RUNDUNGEN
100
AcDbLine
 62
7
  6
BYLAYER
 10
101.3058489354
 20
206.7412947201
 30
0.0
 11
100.7058489354
 21
207.3412947201
 31
0.0
  0
LINE
  5
DF5
100
AcDbEntity
  8
RUNDUNGEN
100
AcDbLine
 62
7
  6
BYLAYER
 10
101.3058489354
 20
228.2962947201
 30
0.0
 11
100.7058489354
 21
227.6962947201
 31
0.0
  0
SPLINE
  5
DF6
100
AcDbEntity
  8
0
100
AcDbSpline
 62
7
  6
BYLAYER
 70
0
 71
3
 72
11
 73
7
 74
0
 42
0.0000001
 43
0.0000001
 44
0.0000000001
 40
0.0
 40
0.0
 40
0.0
 40
0.0
 40
0.2844177486
 40
0.5477447675
 40
0.7866581131
 40
1.0
 40
1.0
 40
1.0
 40
1.0
 10
69.7954611957
 20
237.9991968139
 30
0.0
 10
69.8272867451
 20
238.0564686164
 30
0.0
 10
69.8903314413
 20
238.165820554
 30
0.0
 10
69.9910505071
 20
238.3167642035
 30
0.0
 10
70.0971325101
 20
238.4434369847
 30
0.0
 10
70.1774453867
 20
238.5113863146
 30
0.0
 10
70.2189966577
 20
238.5376333939
 30
0.0
  0
SPLINE
  5
DF7
100
AcDbEntity
  8
0
100
AcDbSpline
 62
7
  6
BYLAYER
 70
0
 71
3
 72
10
 73
6
 74
0
 42
0.0000001
 43
0.0000001
 44
0.0000000001
 40
0.0
 40
0.0
 40
0.0
 40
0.0
 40
0.514081641
 40
0.7627888763
 40
1.0
 40
1.0
 40
1.0
 40
1.0
 10
69.2623967669
 20
236.8163039444
 30
0.0
 10
69.3449684005
 20
237.0228683345
 30
0.0
 10
69.4699252599
 20
237.3284994691
 30
0.0
 10
69.649996386
 20
237.7220427309
 30
0.0
 10
69.7456017509
 20
237.9094720383
 30
0.0
 10
69.7954611957
 20
237.9991968139
 30
0.0
  0
LINE
  5
DF8
100
AcDbEntity
  8
RUNDUNGEN
100
AcDbLine
 62
7
  6
BYLAYER
 10
64.2558489354
 20
228.2962947201
 30
0.0
 11
64.8558489354
 21
227.6962947201
 31
0.0
  0
SPLINE
  5
DF9
100
AcDbEntity
  8
0
100
AcDbSpline
 62
7
  6
BYLAYER
 70
0
 71
3
 72
25
 73
21
 74
0
 42
0.0000001
 43
0.0000001
 44
0.0000000001
 40
0.0
 40
0.0
 40
0.0
 40
0.0
 40
0.1142629257
 40
0.2341992902
 40
0.3581999129
 40
0.4213149334
 40
0.4849355994
 40
0.5490868379
 40
0.5812194359
 40
0.6131807761
 40
0.6454950979
 40
0.6786857781
 40
0.7107172041
 40
0.7423903017
 40
0.7755997344
 40
0.8082016521
 40
0.8401489391
 40
0.8721607927
 40
0.936354165
 40
1.0
 40
1.0
 40
1.0
 40
1.0
 10
95.7106351354
 20
238.0995525215
 30
0.0
 10
95.7489256609
 20
238.0356626713
 30
0.0
 10
95.8230744916
 20
237.9021054606
 30
0.0
 10
95.9275150608
 20
237.693218901
 30
0.0
 10
96.0116242835
 20
237.5115631084
 30
0.0
 10
96.0781516606
 20
237.3622649855
 30
0.0
 10
96.1279464852
 20
237.2482262493
 30
0.0
 10
96.1693978309
 20
237.152585963
 30
0.0
 10
96.203015345
 20
237.0760391749
 30
0.0
 10
96.228373971
 20
237.0185468416
 30
0.0
 10
96.2557371283
 20
236.9611373936
 30
0.0
 10
96.2853300505
 20
236.9050406475
 30
0.0
 10
96.3259091873
 20
236.8544955509
 30
0.0
 10
96.385768704
 20
236.8289885631
 30
0.0
 10
96.4485235262
 20
236.8192557344
 30
0.0
 10
96.5117501261
 20
236.8111266057
 30
0.0
 10
96.5743494284
 20
236.8045364515
 30
0.0
 10
96.6575050606
 20
236.7965226597
 30
0.0
 10
96.7612826687
 20
236.7871155591
 30
0.0
 10
96.8442463152
 20
236.7792458452
 30
0.0
 10
96.8855372084
 20
236.7751933758
 30
0.0
  0
SPLINE
  5
DFA
100
AcDbEntity
  8
0
100
AcDbSpline
 62
7
  6
BYLAYER
 70
0
 71
3
 72
10
 73
6
 74
0
 42
0.0000001
 43
0.0000001
 44
0.0000000001
 40
0.0
 40
0.0
 40
0.0
 40
0.0
 40
0.2154692043
 40
0.4550161019
 40
1.0
 40
1.0
 40
1.0
 40
1.0
 10
95.3346113486
 20
238.5426136289
 30
0.0
 10
95.3701526302
 20
238.5201766031
 30
0.0
 10
95.4394706265
 20
238.4636664372
 30
0.0
 10
95.5702352537
 20
238.3184142874
 30
0.0
 10
95.6546884327
 20
238.1899486505
 30
0.0
 10
95.7106351354
 20
238.0995525215
 30
0.0
  0
SPLINE
  5
DFB
100
AcDbEntity
  8
0
100
AcDbSpline
 62
7
  6
BYLAYER
 70
0
 71
3
 72
10
 73
6
 74
0
 42
0.0000001
 43
0.0000001
 44
0.0000000001
 40
0.0
 40
0.0
 40
0.0
 40
0.0
 40
0.2372104885
 40
0.4859135969
 40
1.0
 40
1.0
 40
1.0
 40
1.0
 10
67.9721869659
 20
236.6793663834
 30
0.0
 10
68.0729955698
 20
236.69870723
 30
0.0
 10
68.2809070323
 20
236.7309886127
 30
0.0
 10
68.7110046481
 20
236.7791336191
 30
0.0
 10
69.0403743105
 20
236.8023803433
 30
0.0
 10
69.2623967669
 20
236.8163039444
 30
0.0
  0
SPLINE
  5
DFC
100
AcDbEntity
  8
0
100
AcDbSpline
 62
7
  6
BYLAYER
 70
0
 71
3
 72
11
 73
7
 74
0
 42
0.0000001
 43
0.0000001
 44
0.0000000001
 40
0.0
 40
0.0
 40
0.0
 40
0.0
 40
0.2133318235
 40
0.4522255848
 40
0.7155675482
 40
1.0
 40
1.0
 40
1.0
 40
1.0
 10
67.3284023494
 20
236.445192077
 30
0.0
 10
67.3663124785
 20
236.476465279
 30
0.0
 10
67.4559391378
 20
236.5315369116
 30
0.0
 10
67.6094058594
 20
236.5927441574
 30
0.0
 10
67.7842577558
 20
236.6412820601
 30
0.0
 10
67.9078367757
 20
236.6670203424
 30
0.0
 10
67.9721869659
 20
236.6793663834
 30
0.0
  0
SPLINE
  5
DFD
100
AcDbEntity
  8
BEZUGSACHSEN
100
AcDbSpline
 62
7
  6
BYLAYER
 70
0
 71
3
 72
19
 73
15
 74
0
 42
0.0000001
 43
0.0000001
 44
0.0000000001
 40
0.0
 40
0.0
 40
0.0
 40
0.0
 40
0.004165148
 40
0.0162159559
 40
0.0363129787
 40
0.0644457609
 40
0.1005846686
 40
0.1446909267
 40
0.1966854248
 40
0.2564664545
 40
0.3989775993
 40
0.5713635474
 40
0.7722704449
 40
1.0
 40
1.0
 40
1.0
 40
1.0
 10
66.9715553688
 20
236.1536474337
 30
0.0
 10
66.9718926433
 20
236.1531034553
 30
0.0
 10
66.974996184
 20
236.1554264812
 30
0.0
 10
66.9787572833
 20
236.157486786
 30
0.0
 10
66.9866716855
 20
236.1636364091
 30
0.0
 10
66.9966947039
 20
236.1713200906
 30
0.0
 10
67.0098039864
 20
236.1818040637
 30
0.0
 10
67.0255687961
 20
236.1945513917
 30
0.0
 10
67.0441219973
 20
236.209728928
 30
0.0
 10
67.0742852259
 20
236.2345596695
 30
0.0
 10
67.1186213552
 20
236.2712996032
 30
0.0
 10
67.1795859523
 20
236.3219517448
 30
0.0
 10
67.2506506041
 20
236.3809429825
 30
0.0
 10
67.3014073224
 20
236.4229230698
 30
0.0
 10
67.3284023494
 20
236.445192077
 30
0.0
  0
SPLINE
  5
DFE
100
AcDbEntity
  8
BEZUGSACHSEN
100
AcDbSpline
 62
7
  6
BYLAYER
 70
0
 71
3
 72
19
 73
15
 74
0
 42
0.0000001
 43
0.0000001
 44
0.0000000001
 40
0.0
 40
0.0
 40
0.0
 40
0.0
 40
0.0038910297
 40
0.0149850835
 40
0.0337660091
 40
0.0605314999
 40
0.0955575026
 40
0.1390862016
 40
0.1910570975
 40
0.2512250228
 40
0.3951573945
 40
0.5689203851
 40
0.7709545329
 40
1.0
 40
1.0
 40
1.0
 40
1.0
 10
94.9518491837
 20
238.7870053234
 30
0.0
 10
94.9515014375
 20
238.786529553
 30
0.0
 10
94.9541943474
 20
238.7844775957
 30
0.0
 10
94.9571901347
 20
238.7817271226
 30
0.0
 10
94.9647686347
 20
238.7765084081
 30
0.0
 10
94.9746003483
 20
238.76976651
 30
0.0
 10
94.9880305459
 20
238.760951705
 30
0.0
 10
95.0045982191
 20
238.7502438985
 30
0.0
 10
95.0244889036
 20
238.7375594776
 30
0.0
 10
95.0572536086
 20
238.7168207219
 30
0.0
 10
95.1057167749
 20
238.6863759734
 30
0.0
 10
95.1724203732
 20
238.6445862272
 30
0.0
 10
95.2500272856
 20
238.5959158495
 30
0.0
 10
95.3052778603
 20
238.5611317071
 30
0.0
 10
95.3346113486
 20
238.5426136289
 30
0.0
  0
SPLINE
  5
DFF
100
AcDbEntity
  8
BEZUGSACHSEN
100
AcDbSpline
 62
7
  6
BYLAYER
 70
0
 71
3
 72
19
 73
15
 74
0
 42
0.0000001
 43
0.0000001
 44
0.0000000001
 40
0.0
 40
0.0
 40
0.0
 40
0.0
 40
0.2277295551
 40
0.4286364526
 40
0.6010224007
 40
0.7435335455
 40
0.8033145752
 40
0.8553090733
 40
0.8994153314
 40
0.9355542391
 40
0.9636870213
 40
0.9837840441
 40
0.995834852
 40
1.0
 40
1.0
 40
1.0
 40
1.0
 10
70.2189966577
 20
238.5376333939
 30
0.0
 10
70.2485830817
 20
238.5563225266
 30
0.0
 10
70.3043160868
 20
238.5914281432
 30
0.0
 10
70.3825520862
 20
238.6405125529
 30
0.0
 10
70.4497115775
 20
238.6826067838
 30
0.0
 10
70.498461209
 20
238.7132497032
 30
0.0
 10
70.531470749
 20
238.7341484197
 30
0.0
 10
70.5516837969
 20
238.7470329678
 30
0.0
 10
70.5687173028
 20
238.7580276607
 30
0.0
 10
70.5827712709
 20
238.7672066019
 30
0.0
 10
70.5932010921
 20
238.7743283072
 30
0.0
 10
70.6015150064
 20
238.7799260261
 30
0.0
 10
70.6046469611
 20
238.7828554601
 30
0.0
 10
70.6078231149
 20
238.785078175
 30
0.0
 10
70.6074116931
 20
238.7855684798
 30
0.0
  0
SPLINE
  5
E00
100
AcDbEntity
  8
0
100
AcDbSpline
 62
7
  6
BYLAYER
 70
0
 71
3
 72
9
 73
5
 74
0
 42
0.0000001
 43
0.0000001
 44
0.0000000001
 40
0.0
 40
0.0
 40
0.0
 40
0.0
 40
0.5
 40
1.0
 40
1.0
 40
1.0
 40
1.0
 10
103.1683041079
 20
218.4290130892
 30
0.0
 10
103.1939509547
 20
218.3357142965
 30
0.0
 10
103.2195979994
 20
218.1412947201
 30
0.0
 10
103.1939509547
 20
217.9468751437
 30
0.0
 10
103.1683041079
 20
217.853576351
 30
0.0
  0
SPLINE
  5
E01
100
AcDbEntity
  8
0
100
AcDbSpline
 62
7
  6
BYLAYER
 70
0
 71
3
 72
9
 73
5
 74
0
 42
0.0000001
 43
0.0000001
 44
0.0000000001
 40
0.0
 40
0.0
 40
0.0
 40
0.0
 40
0.5
 40
1.0
 40
1.0
 40
1.0
 40
1.0
 10
62.393393763
 20
217.853576351
 30
0.0
 10
62.3677469162
 20
217.9468751437
 30
0.0
 10
62.3420998714
 20
218.1412947201
 30
0.0
 10
62.3677469162
 20
218.3357142965
 30
0.0
 10
62.393393763
 20
218.4290130892
 30
0.0
  0
SPLINE
  5
E02
100
AcDbEntity
  8
0
100
AcDbSpline
 62
7
  6
BYLAYER
 70
0
 71
3
 72
9
 73
5
 74
0
 42
0.0000001
 43
0.0000001
 44
0.0000000001
 40
0.0
 40
0.0
 40
0.0
 40
0.0
 40
0.4713649567
 40
1.0
 40
1.0
 40
1.0
 40
1.0
 10
241.6231149701
 20
246.6432586792
 30
0.0
 10
241.6231149701
 20
246.6682489039
 30
0.0
 10
241.6112793024
 20
246.7216609552
 30
0.0
 10
241.5808113012
 20
246.7662964655
 30
0.0
 10
241.5623238712
 20
246.7873606404
 30
0.0
  0
SPLINE
  5
E03
100
AcDbEntity
  8
0
100
AcDbSpline
 62
7
  6
BYLAYER
 70
0
 71
3
 72
24
 73
20
 74
0
 42
0.0000001
 43
0.0000001
 44
0.0000000001
 40
0.0
 40
0.0
 40
0.0
 40
0.0
 40
0.0402488189
 40
0.0901678916
 40
0.149817101
 40
0.218220194
 40
0.2937760254
 40
0.3744954793
 40
0.5421212372
 40
0.6242694722
 40
0.7021418204
 40
0.7736137631
 40
0.8369035333
 40
0.8907698789
 40
0.9347690127
 40
0.9533682224
 40
0.9700663388
 40
0.9853796626
 40
1.0
 40
1.0
 40
1.0
 40
1.0
 10
241.5623238712
 20
246.7873606404
 30
0.0
 10
241.5342143919
 20
246.8193879687
 30
0.0
 10
241.458170286
 20
246.8794242507
 30
0.0
 10
241.3159081664
 20
246.9506452026
 30
0.0
 10
241.1371725784
 20
247.0117532256
 30
0.0
 10
240.9271125998
 20
247.0612122036
 30
0.0
 10
240.6919194085
 20
247.0981500842
 30
0.0
 10
240.3503127957
 20
247.1298897223
 30
0.0
 10
239.9995962105
 20
247.1334099974
 30
0.0
 10
239.6534194778
 20
247.1091617071
 30
0.0
 10
239.4102034749
 20
247.0774806766
 30
0.0
 10
239.1893204088
 20
247.0329208307
 30
0.0
 10
238.9974191318
 20
246.9762832218
 30
0.0
 10
238.8401885507
 20
246.9089782835
 30
0.0
 10
238.7357322142
 20
246.8412096459
 30
0.0
 10
238.6764850509
 20
246.7812433939
 30
0.0
 10
238.6460078067
 20
246.7367426972
 30
0.0
 10
238.6273411866
 20
246.6905700285
 30
0.0
 10
238.6231149701
 20
246.6587379083
 30
0.0
 10
238.6231149701
 20
246.6432586792
 30
0.0
  0
LINE
  5
E04
100
AcDbEntity
  8
0
100
AcDbLine
 62
7
  6
BYLAYER
 10
257.2934511839
 20
266.8789878826
 30
0.0
 11
257.3628320838
 21
266.7939112335
 31
0.0
  0
LINE
  5
E05
100
AcDbEntity
  8
0
100
AcDbLine
 62
7
  6
BYLAYER
 10
257.3628320838
 20
266.7939112335
 30
0.0
 11
257.4931149701
 21
266.6344953552
 31
0.0
  0
LINE
  5
E06
100
AcDbEntity
  8
0
100
AcDbLine
 62
7
  6
BYLAYER
 10
257.4931149701
 20
266.6344953552
 30
0.0
 11
257.5231149701
 21
266.6004289755
 31
0.0
  0
SPLINE
  5
E07
100
AcDbEntity
  8
0
100
AcDbSpline
 62
7
  6
BYLAYER
 70
0
 71
3
 72
17
 73
13
 74
0
 42
0.0000001
 43
0.0000001
 44
0.0000000001
 40
0.0
 40
0.0
 40
0.0
 40
0.0
 40
0.0042339308
 40
0.0163169954
 40
0.0363035917
 40
0.0641730872
 40
0.1434406717
 40
0.2538644839
 40
0.3951792206
 40
0.5670871549
 40
0.7689665001
 40
1.0
 40
1.0
 40
1.0
 40
1.0
 10
257.5079129149
 20
251.6493414283
 30
0.0
 10
257.507824408
 20
251.6493414283
 30
0.0
 10
257.5078338337
 20
251.6488272525
 30
0.0
 10
257.5076446793
 20
251.6482458487
 30
0.0
 10
257.5075398225
 20
251.6469068541
 30
0.0
 10
257.5072343092
 20
251.6443213456
 30
0.0
 10
257.5068296422
 20
251.6397507629
 30
0.0
 10
257.506209005
 20
251.6328787487
 30
0.0
 10
257.5054529935
 20
251.6240475119
 30
0.0
 10
257.504538061
 20
251.6133213932
 30
0.0
 10
257.5034613175
 20
251.6007230926
 30
0.0
 10
257.5026779473
 20
251.5917076138
 30
0.0
 10
257.5022554356
 20
251.5868965642
 30
0.0
  0
LINE
  5
E08
100
AcDbEntity
  8
0
100
AcDbLine
 62
7
  6
BYLAYER
 10
257.3009259716
 20
266.8698166669
 30
0.0
 11
257.2934511838
 21
266.8789878827
 31
0.0
  0
SPLINE
  5
E09
100
AcDbEntity
  8
0
100
AcDbSpline
 62
7
  6
BYLAYER
 70
0
 71
3
 72
16
 73
12
 74
0
 42
0.0000001
 43
0.0000001
 44
0.0000000001
 40
0.0
 40
0.0
 40
0.0
 40
0.0
 40
0.1250812624
 40
0.2501168859
 40
0.3751058742
 40
0.5000514611
 40
0.5625719845
 40
0.6250863114
 40
0.7499974618
 40
0.8749588017
 40
1.0
 40
1.0
 40
1.0
 40
1.0
 10
253.9231149701
 20
247.7493274963
 30
0.0
 10
254.1424056301
 20
247.7493274963
 30
0.0
 10
254.5821943696
 20
247.7960656416
 30
0.0
 10
255.2124421829
 20
247.9980144971
 30
0.0
 10
255.7910505652
 20
248.3184778778
 30
0.0
 10
256.2147130626
 20
248.670938246
 30
0.0
 10
256.5113725172
 20
248.9941736765
 30
0.0
 10
256.7788694767
 20
249.341867341
 30
0.0
 10
257.0566659669
 20
249.8169688462
 30
0.0
 10
257.2968880794
 20
250.4312357757
 30
0.0
 10
257.3981638898
 20
250.8591872708
 30
0.0
 10
257.4356163436
 20
251.075184739
 30
0.0
  0
SPLINE
  5
E0A
100
AcDbEntity
  8
0
100
AcDbSpline
 62
7
  6
BYLAYER
 70
0
 71
3
 72
15
 73
11
 74
0
 42
0.0000001
 43
0.0000001
 44
0.0000000001
 40
0.0
 40
0.0
 40
0.0
 40
0.0
 40
0.1836226677
 40
0.360923328
 40
0.524956357
 40
0.6701752451
 40
0.7919648535
 40
0.8430097782
 40
0.887231651
 40
1.0
 40
1.0
 40
1.0
 40
1.0
 10
246.1002549227
 20
247.7493274963
 30
0.0
 10
246.0627487946
 20
247.7493274963
 30
0.0
 10
245.9890184063
 20
247.7477048847
 30
0.0
 10
245.8819909971
 20
247.740484229
 30
0.0
 10
245.7832756089
 20
247.7287208728
 30
0.0
 10
245.6965566724
 20
247.7127056538
 30
0.0
 10
245.6339158012
 20
247.6957767281
 30
0.0
 10
245.5922030153
 20
247.6795413966
 30
0.0
 10
245.5551895462
 20
247.6615975483
 30
0.0
 10
245.5231149701
 20
247.6362791418
 30
0.0
 10
245.5231149701
 20
247.6132454706
 30
0.0
  0
SPLINE
  5
E0B
100
AcDbEntity
  8
0
100
AcDbSpline
 62
7
  6
BYLAYER
 70
0
 71
3
 72
17
 73
13
 74
0
 42
0.0000001
 43
0.0000001
 44
0.0000000001
 40
0.0
 40
0.0
 40
0.0
 40
0.0
 40
0.1823636974
 40
0.3615403731
 40
0.5294997426
 40
0.6792440187
 40
0.8050567825
 40
0.9023537366
 40
0.9393107549
 40
0.9680236092
 40
0.9882803591
 40
1.0
 40
1.0
 40
1.0
 40
1.0
 10
255.3592959022
 20
251.0128278594
 30
0.0
 10
255.3690467406
 20
251.0505826803
 30
0.0
 10
255.3867155536
 20
251.1258729288
 30
0.0
 10
255.4076629943
 20
251.2371764219
 30
0.0
 10
255.4225730154
 20
251.3424031658
 30
0.0
 10
255.432203134
 20
251.4367683703
 30
0.0
 10
255.4377187928
 20
251.5163109046
 30
0.0
 10
255.4403990533
 20
251.5718595864
 30
0.0
 10
255.4419008588
 20
251.6066681413
 30
0.0
 10
255.4427435318
 20
251.6250318577
 30
0.0
 10
255.4436449662
 20
251.6379582265
 30
0.0
 10
255.4442863799
 20
251.6447971919
 30
0.0
 10
255.4448660861
 20
251.6472351528
 30
0.0
  0
SPLINE
  5
E0C
100
AcDbEntity
  8
0
100
AcDbSpline
 62
7
  6
BYLAYER
 70
0
 71
3
 72
12
 73
8
 74
0
 42
0.0000001
 43
0.0000001
 44
0.0000000001
 40
0.0
 40
0.0
 40
0.0
 40
0.0
 40
0.2504941196
 40
0.500923658
 40
0.6260708702
 40
0.7511345101
 40
1.0
 40
1.0
 40
1.0
 40
1.0
 10
257.4356161109
 20
251.0751859788
 30
0.0
 10
257.2621547451
 20
251.073799538
 30
0.0
 10
256.9152832036
 20
251.0700724818
 30
0.0
 10
256.4818044768
 20
251.0613987789
 30
0.0
 10
256.1352798813
 20
251.0504252854
 30
0.0
 10
255.7899796003
 20
251.0356325158
 30
0.0
 10
255.5314337861
 20
251.0211530118
 30
0.0
 10
255.3592959022
 20
251.0128278594
 30
0.0
  0
SPLINE
  5
E0D
100
AcDbEntity
  8
0
100
AcDbSpline
 62
7
  6
BYLAYER
 70
0
 71
3
 72
21
 73
17
 74
0
 42
0.0000001
 43
0.0000001
 44
0.0000000001
 40
0.0
 40
0.0
 40
0.0
 40
0.0
 40
0.0114879402
 40
0.023070938
 40
0.0480209386
 40
0.0775604287
 40
0.1132064446
 40
0.1556922065
 40
0.2052309701
 40
0.2617590798
 40
0.3249815724
 40
0.3944780113
 40
0.4696878212
 40
0.634584276
 40
0.813647772
 40
1.0
 40
1.0
 40
1.0
 40
1.0
 10
257.5231149701
 20
251.6493274963
 30
0.0
 10
257.4988074513
 20
251.6493274963
 30
0.0
 10
257.4498506335
 20
251.653974711
 30
0.0
 10
257.3519177089
 20
251.6831987652
 30
0.0
 10
257.2324063454
 20
251.7611247385
 30
0.0
 10
257.1069555202
 20
251.906766567
 30
0.0
 10
256.9917694749
 20
252.1043064118
 30
0.0
 10
256.885938876
 20
252.3533767951
 30
0.0
 10
256.7888909288
 20
252.6526488802
 30
0.0
 10
256.7007923856
 20
253.0000430606
 30
0.0
 10
256.6216418228
 20
253.3927009809
 30
0.0
 10
256.5515941407
 20
253.8271404069
 30
0.0
 10
256.467876067
 20
254.4769480436
 30
0.0
 10
256.3900340194
 20
255.3608099784
 30
0.0
 10
256.3352083356
 20
256.4817646837
 30
0.0
 10
256.3231149701
 20
257.2550217972
 30
0.0
 10
256.3231149701
 20
257.6493274963
 30
0.0
  0
SPLINE
  5
E0E
100
AcDbEntity
  8
0
100
AcDbSpline
 62
7
  6
BYLAYER
 70
0
 71
3
 72
27
 73
23
 74
0
 42
0.0000001
 43
0.0000001
 44
0.0000000001
 40
0.0
 40
0.0
 40
0.0
 40
0.0
 40
0.0152209576
 40
0.0313494025
 40
0.0492335646
 40
0.0694671125
 40
0.1180810453
 40
0.1780827905
 40
0.2484752295
 40
0.3273305078
 40
0.4121390024
 40
0.5
 40
0.5878609976
 40
0.6726694922
 40
0.7515247705
 40
0.8219172095
 40
0.8819189547
 40
0.9305328875
 40
0.9507664354
 40
0.9686505975
 40
0.9847790424
 40
1.0
 40
1.0
 40
1.0
 40
1.0
 10
238.6231149701
 20
248.6483198462
 30
0.0
 10
238.6231149701
 20
248.6652289526
 30
0.0
 10
238.6283089301
 20
248.7002363711
 30
0.0
 10
238.6510586107
 20
248.750589415
 30
0.0
 10
238.6879943719
 20
248.7987498599
 30
0.0
 10
238.7598690948
 20
248.8635132008
 30
0.0
 10
238.8853208494
 20
248.935192822
 30
0.0
 10
239.0721316542
 20
249.0045568044
 30
0.0
 10
239.2981677489
 20
249.060550191
 30
0.0
 10
239.5551532083
 20
249.1015888767
 30
0.0
 10
239.8336459595
 20
249.1266273345
 30
0.0
 10
240.1231149701
 20
249.1350416721
 30
0.0
 10
240.4125839807
 20
249.1266273345
 30
0.0
 10
240.6910767319
 20
249.1015888767
 30
0.0
 10
240.9480621913
 20
249.060550191
 30
0.0
 10
241.1740982861
 20
249.0045568044
 30
0.0
 10
241.3609090908
 20
248.935192822
 30
0.0
 10
241.4863608454
 20
248.8635132008
 30
0.0
 10
241.5582355683
 20
248.7987498599
 30
0.0
 10
241.5951713296
 20
248.750589415
 30
0.0
 10
241.6179210102
 20
248.7002363711
 30
0.0
 10
241.6231149701
 20
248.6652289526
 30
0.0
 10
241.6231149701
 20
248.6483198462
 30
0.0
  0
SPLINE
  5
E0F
100
AcDbEntity
  8
0
100
AcDbSpline
 62
7
  6
BYLAYER
 70
0
 71
3
 72
13
 73
9
 74
0
 42
0.0000001
 43
0.0000001
 44
0.0000000001
 40
0.0
 40
0.0
 40
0.0
 40
0.0
 40
0.1254402867
 40
0.2508305984
 40
0.3761366362
 40
0.501345897
 40
0.7507175906
 40
1.0
 40
1.0
 40
1.0
 40
1.0
 10
253.9231149701
 20
249.7946770276
 30
0.0
 10
254.0076880531
 20
249.7946770276
 30
0.0
 10
254.1772275112
 20
249.8114364765
 30
0.0
 10
254.421717529
 20
249.8837360238
 30
0.0
 10
254.6491045731
 20
249.9987407427
 30
0.0
 10
254.9204060973
 20
250.2010733669
 30
0.0
 10
255.1904780044
 20
250.5333794368
 30
0.0
 10
255.3172451933
 20
250.8500899533
 30
0.0
 10
255.359272808
 20
251.0128190433
 30
0.0
  0
LINE
  5
E10
100
AcDbEntity
  8
0
100
AcDbLine
 62
7
  6
BYLAYER
 10
242.2459149701
 20
246.6829824816
 30
0.0
 11
242.2436201575
 21
246.5902292344
 31
0.0
  0
SPLINE
  5
E11
100
AcDbEntity
  8
0
100
AcDbSpline
 62
7
  6
BYLAYER
 70
0
 71
3
 72
14
 73
10
 74
0
 42
0.0000001
 43
0.0000001
 44
0.0000000001
 40
0.0
 40
0.0
 40
0.0
 40
0.0
 40
0.0775152966
 40
0.1652848501
 40
0.2687045831
 40
0.3894137125
 40
0.5262294482
 40
0.6763772958
 40
1.0
 40
1.0
 40
1.0
 40
1.0
 10
241.6231149701
 20
246.9748849681
 30
0.0
 10
241.6231149701
 20
246.9557696199
 30
0.0
 10
241.6325938397
 20
246.9147272703
 30
0.0
 10
241.6708365848
 20
246.8593184771
 30
0.0
 10
241.7301265803
 20
246.809326236
 30
0.0
 10
241.8082003707
 20
246.7657668901
 30
0.0
 10
241.9024281713
 20
246.7298876365
 30
0.0
 10
242.048756147
 20
246.6934076009
 30
0.0
 10
242.1661092937
 20
246.6829824816
 30
0.0
 10
242.2459149701
 20
246.6829824816
 30
0.0
  0
SPLINE
  5
E12
100
AcDbEntity
  8
0
100
AcDbSpline
 62
7
  6
BYLAYER
 70
0
 71
3
 72
14
 73
10
 74
0
 42
0.0000001
 43
0.0000001
 44
0.0000000001
 40
0.0
 40
0.0
 40
0.0
 40
0.0
 40
0.3236227042
 40
0.4737705518
 40
0.6105862875
 40
0.7312954169
 40
0.8347151499
 40
0.9224847034
 40
1.0
 40
1.0
 40
1.0
 40
1.0
 10
244.9003149701
 20
246.6829824816
 30
0.0
 10
244.9801206466
 20
246.6829824816
 30
0.0
 10
245.0974737933
 20
246.6934076009
 30
0.0
 10
245.2438017689
 20
246.7298876365
 30
0.0
 10
245.3380295695
 20
246.7657668901
 30
0.0
 10
245.4161033599
 20
246.809326236
 30
0.0
 10
245.4753933555
 20
246.8593184771
 30
0.0
 10
245.5136361006
 20
246.9147272703
 30
0.0
 10
245.5231149701
 20
246.9557696199
 30
0.0
 10
245.5231149701
 20
246.9748849681
 30
0.0
  0
LINE
  5
E13
100
AcDbEntity
  8
0
100
AcDbLine
 62
7
  6
BYLAYER
 10
244.9003149701
 20
246.6829824816
 30
0.0
 11
244.9026075326
 21
246.5903201816
 31
0.0
  0
SPLINE
  5
E14
100
AcDbEntity
  8
0
100
AcDbSpline
 62
7
  6
BYLAYER
 70
0
 71
3
 72
15
 73
11
 74
0
 42
0.0000001
 43
0.0000001
 44
0.0000000001
 40
0.0
 40
0.0
 40
0.0
 40
0.0
 40
0.1128028058
 40
0.1570263047
 40
0.2080712125
 40
0.3298572767
 40
0.4750696987
 40
0.639094695
 40
0.8163865776
 40
1.0
 40
1.0
 40
1.0
 40
1.0
 10
245.5231149701
 20
249.647773114
 30
0.0
 10
245.5231149701
 20
249.6726379307
 30
0.0
 10
245.5577191175
 20
249.6999799071
 30
0.0
 10
245.5976686638
 20
249.7193543627
 30
0.0
 10
245.6426806657
 20
249.736880607
 30
0.0
 10
245.7102779094
 20
249.7551537653
 30
0.0
 10
245.8038577591
 20
249.7724389118
 30
0.0
 10
245.9103831989
 20
249.7851339609
 30
0.0
 10
246.0258780954
 20
249.7929260644
 30
0.0
 10
246.1054416686
 20
249.7946770276
 30
0.0
 10
246.1459150775
 20
249.7946770276
 30
0.0
  0
SPLINE
  5
E15
100
AcDbEntity
  8
RUNDUNGEN
100
AcDbSpline
 62
7
  6
BYLAYER
 70
0
 71
3
 72
13
 73
9
 74
0
 42
0.0000001
 43
0.0000001
 44
0.0000000001
 40
0.0
 40
0.0
 40
0.0
 40
0.0
 40
0.2656282555
 40
0.5219608366
 40
0.6456065403
 40
0.7659405668
 40
0.88379483
 40
1.0
 40
1.0
 40
1.0
 40
1.0
 10
244.8989315693
 20
246.5902292344
 30
0.0
 10
245.0542764382
 20
246.5902292344
 30
0.0
 10
245.3620486022
 20
246.5387132009
 30
0.0
 10
245.6981737014
 20
246.3475400714
 30
0.0
 10
245.9012839986
 20
246.1344864317
 30
0.0
 10
246.0138184237
 20
245.9533426236
 30
0.0
 10
246.0831262749
 20
245.7563157691
 30
0.0
 10
246.0989315693
 20
245.6189579241
 30
0.0
 10
246.0989315693
 20
245.5509987499
 30
0.0
  0
SPLINE
  5
E16
100
AcDbEntity
  8
RUNDUNGEN
100
AcDbSpline
 62
7
  6
BYLAYER
 70
0
 71
3
 72
10
 73
6
 74
0
 42
0.0000001
 43
0.0000001
 44
0.0000000001
 40
0.0
 40
0.0
 40
0.0
 40
0.0
 40
0.5104572463
 40
0.7578893803
 40
1.0
 40
1.0
 40
1.0
 40
1.0
 10
246.0989315693
 20
240.7597195315
 30
0.0
 10
246.0989315693
 20
240.3799512575
 30
0.0
 10
246.0957194703
 20
239.8161016505
 30
0.0
 10
246.0975221265
 20
239.0721252272
 30
0.0
 10
246.0989315693
 20
238.7079187998
 30
0.0
 10
246.0989315693
 20
238.5277941511
 30
0.0
  0
SPLINE
  5
E17
100
AcDbEntity
  8
RUNDUNGEN
100
AcDbSpline
 62
7
  6
BYLAYER
 70
0
 71
3
 72
13
 73
9
 74
0
 42
0.0000001
 43
0.0000001
 44
0.0000000001
 40
0.0
 40
0.0
 40
0.0
 40
0.0
 40
0.0945905807
 40
0.1941450991
 40
0.3025833941
 40
0.4224068716
 40
0.6955271954
 40
1.0
 40
1.0
 40
1.0
 40
1.0
 10
246.0989315693
 20
243.6081069629
 30
0.0
 10
246.0989315693
 20
243.656925194
 30
0.0
 10
246.0830770518
 20
243.7577105315
 30
0.0
 10
246.0140863085
 20
243.8999286343
 30
0.0
 10
245.9029802837
 20
244.029615141
 30
0.0
 10
245.695550544
 20
244.1868888862
 30
0.0
 10
245.3552983473
 20
244.3221560277
 30
0.0
 10
245.0560700881
 20
244.3574830686
 30
0.0
 10
244.8989315693
 20
244.3574830686
 30
0.0
  0
SPLINE
  5
E18
100
AcDbEntity
  8
RUNDUNGEN
100
AcDbSpline
 62
7
  6
BYLAYER
 70
0
 71
3
 72
13
 73
9
 74
0
 42
0.0000001
 43
0.0000001
 44
0.0000000001
 40
0.0
 40
0.0
 40
0.0
 40
0.0
 40
0.1109627232
 40
0.2245245031
 40
0.3420662739
 40
0.4647814256
 40
0.7249609639
 40
1.0
 40
1.0
 40
1.0
 40
1.0
 10
246.0989315693
 20
236.9339521742
 30
0.0
 10
246.0989315693
 20
236.9977704279
 30
0.0
 10
246.0835874195
 20
237.1273608278
 30
0.0
 10
246.0163787803
 20
237.3139123134
 30
0.0
 10
245.9066974076
 20
237.4871855044
 30
0.0
 10
245.70531403
 20
237.6952145672
 30
0.0
 10
245.3674526807
 20
237.8846634923
 30
0.0
 10
245.0571154212
 20
237.9360912201
 30
0.0
 10
244.8989315693
 20
237.9360912201
 30
0.0
  0
SPLINE
  5
E19
100
AcDbEntity
  8
0
100
AcDbSpline
 62
7
  6
BYLAYER
 70
0
 71
3
 72
9
 73
5
 74
0
 42
0.0000001
 43
0.0000001
 44
0.0000000001
 40
0.0
 40
0.0
 40
0.0
 40
0.0
 40
0.4919741794
 40
1.0
 40
1.0
 40
1.0
 40
1.0
 10
201.6989315693
 20
199.7301499187
 30
0.0
 10
201.6989315693
 20
199.7859257183
 30
0.0
 10
201.7163407232
 20
199.8998911427
 30
0.0
 10
201.7657514279
 20
200.0037596731
 30
0.0
 10
201.7970268649
 20
200.0521239138
 30
0.0
  0
SPLINE
  5
E1A
100
AcDbEntity
  8
_26_DATUM_AXIS
100
AcDbSpline
 62
7
  6
BYLAYER
 70
0
 71
3
 72
17
 73
13
 74
0
 42
0.0000001
 43
0.0000001
 44
0.0000000001
 40
0.0
 40
0.0
 40
0.0
 40
0.0
 40
0.1823068262
 40
0.261066669
 40
0.335498814
 40
0.4780730007
 40
0.617563392
 40
0.7518570861
 40
0.8698983209
 40
0.9553672826
 40
0.9828186273
 40
1.0
 40
1.0
 40
1.0
 40
1.0
 10
199.2989315693
 20
201.6213757274
 30
0.0
 10
199.1767721134
 20
201.6213757274
 30
0.0
 10
199.001178686
 20
201.6381433927
 30
0.0
 10
198.7824279099
 20
201.6908996506
 30
0.0
 10
198.59466758
 20
201.7551458978
 30
0.0
 10
198.3793735251
 20
201.8611758347
 30
0.0
 10
198.1480719129
 20
202.0179336003
 30
0.0
 10
197.9400687891
 20
202.1782408864
 30
0.0
 10
197.7581765355
 20
202.3126631467
 30
0.0
 10
197.6233365222
 20
202.3910783633
 30
0.0
 10
197.5403107447
 20
202.4186231292
 30
0.0
 10
197.5104443973
 20
202.422861685
 30
0.0
 10
197.4989315693
 20
202.422861685
 30
0.0
  0
SPLINE
  5
E1B
100
AcDbEntity
  8
0
100
AcDbSpline
 62
7
  6
BYLAYER
 70
0
 71
3
 72
16
 73
12
 74
0
 42
0.0000001
 43
0.0000001
 44
0.0000000001
 40
0.0
 40
0.0
 40
0.0
 40
0.0
 40
0.1249438772
 40
0.2498879765
 40
0.3748657849
 40
0.4999355463
 40
0.6249099469
 40
0.6873347601
 40
0.7497784124
 40
0.874749364
 40
1.0
 40
1.0
 40
1.0
 40
1.0
 10
199.2989315693
 20
203.512601536
 30
0.0
 10
199.2989315693
 20
203.5401157649
 30
0.0
 10
199.2984843054
 20
203.5951435063
 30
0.0
 10
199.2978243656
 20
203.6776899452
 30
0.0
 10
199.2985787921
 20
203.7602775019
 30
0.0
 10
199.3019745471
 20
203.8427939411
 30
0.0
 10
199.3039632409
 20
203.9115874975
 30
0.0
 10
199.3033663836
 20
203.9666149989
 30
0.0
 10
199.3005312045
 20
204.0215738511
 30
0.0
 10
199.2952013655
 20
204.0901863383
 30
0.0
 10
199.2959498537
 20
204.1455445592
 30
0.0
 10
199.2991700726
 20
204.1729377123
 30
0.0
  0
SPLINE
  5
E1C
100
AcDbEntity
  8
0
100
AcDbSpline
 62
7
  6
BYLAYER
 70
0
 71
3
 72
13
 73
9
 74
0
 42
0.0000001
 43
0.0000001
 44
0.0000000001
 40
0.0
 40
0.0
 40
0.0
 40
0.0
 40
0.3004637265
 40
0.5738529989
 40
0.6950130108
 40
0.8048650503
 40
0.9052050704
 40
1.0
 40
1.0
 40
1.0
 40
1.0
 10
200.0489315693
 20
207.8409553487
 30
0.0
 10
199.9525459878
 20
207.8409553487
 30
0.0
 10
199.767815754
 20
207.8194867777
 30
0.0
 10
199.556535796
 20
207.7375253205
 30
0.0
 10
199.4254138941
 20
207.6411374315
 30
0.0
 10
199.354164443
 20
207.5609499583
 30
0.0
 10
199.3093170332
 20
207.4726073044
 30
0.0
 10
199.2989315693
 20
207.4096184517
 30
0.0
 10
199.2989315693
 20
207.3792092422
 30
0.0
  0
SPLINE
  5
E1D
100
AcDbEntity
  8
0
100
AcDbSpline
 62
7
  6
BYLAYER
 70
0
 71
3
 72
13
 73
9
 74
0
 42
0.0000001
 43
0.0000001
 44
0.0000000001
 40
0.0
 40
0.0
 40
0.0
 40
0.0
 40
0.1095153918
 40
0.2264171723
 40
0.3504761679
 40
0.4784289066
 40
0.7386396088
 40
1.0
 40
1.0
 40
1.0
 40
1.0
 10
199.2975190746
 20
204.1712671854
 30
0.0
 10
199.2940263452
 20
204.1165766026
 30
0.0
 10
199.2732123489
 20
204.0041126687
 30
0.0
 10
199.2085208367
 20
203.8404480566
 30
0.0
 10
199.1215455636
 20
203.6773136633
 30
0.0
 10
198.9819737446
 20
203.4620652812
 30
0.0
 10
198.7789452143
 20
203.2072286903
 30
0.0
 10
198.5943412174
 20
203.0218857796
 30
0.0
 10
198.4969792509
 20
202.9345610676
 30
0.0
  0
SPLINE
  5
E1E
100
AcDbEntity
  8
0
100
AcDbSpline
 62
7
  6
BYLAYER
 70
0
 71
3
 72
12
 73
8
 74
0
 42
0.0000001
 43
0.0000001
 44
0.0000000001
 40
0.0
 40
0.0
 40
0.0
 40
0.0
 40
0.2348584404
 40
0.4770461141
 40
0.7266879383
 40
0.8591735216
 40
1.0
 40
1.0
 40
1.0
 40
1.0
 10
198.4970514811
 20
202.934630867
 30
0.0
 10
198.4301958962
 20
202.8746663172
 30
0.0
 10
198.2926534523
 20
202.754666652
 30
0.0
 10
198.0673087864
 20
202.591131734
 30
0.0
 10
197.8514588929
 20
202.4841578125
 30
0.0
 10
197.6575146811
 20
202.4327125046
 30
0.0
 10
197.5527822931
 20
202.422861685
 30
0.0
 10
197.4989315693
 20
202.422861685
 30
0.0
  0
SPLINE
  5
E1F
100
AcDbEntity
  8
0
100
AcDbSpline
 62
7
  6
BYLAYER
 70
0
 71
3
 72
11
 73
7
 74
0
 42
0.0000001
 43
0.0000001
 44
0.0000000001
 40
0.0
 40
0.0
 40
0.0
 40
0.0
 40
0.2498631906
 40
0.5001987765
 40
0.7499100501
 40
1.0
 40
1.0
 40
1.0
 40
1.0
 10
199.2989315693
 20
204.2116751794
 30
0.0
 10
199.2989306462
 20
204.2084445791
 30
0.0
 10
199.2989163604
 20
204.2019718201
 30
0.0
 10
199.2980080752
 20
204.192308635
 30
0.0
 10
199.2981364944
 20
204.1825938189
 30
0.0
 10
199.2993761635
 20
204.1761646702
 30
0.0
 10
199.2991700726
 20
204.1729377123
 30
0.0
  0
SPLINE
  5
E20
100
AcDbEntity
  8
0
100
AcDbSpline
 62
7
  6
BYLAYER
 70
0
 71
3
 72
10
 73
6
 74
0
 42
0.0000001
 43
0.0000001
 44
0.0000000001
 40
0.0
 40
0.0
 40
0.0
 40
0.0
 40
0.2649624946
 40
0.5215282697
 40
1.0
 40
1.0
 40
1.0
 40
1.0
 10
198.4969792509
 20
202.9345610676
 30
0.0
 10
198.48276925
 20
203.0010393357
 30
0.0
 10
198.4522868827
 20
203.1313734182
 30
0.0
 10
198.3845460044
 20
203.3788508659
 30
0.0
 10
198.3308072747
 20
203.5596740183
 30
0.0
 10
198.3003976585
 20
203.6786068519
 30
0.0
  0
SPLINE
  5
E21
100
AcDbEntity
  8
0
100
AcDbSpline
 62
7
  6
BYLAYER
 70
0
 71
3
 72
9
 73
5
 74
0
 42
0.0000001
 43
0.0000001
 44
0.0000000001
 40
0.0
 40
0.0
 40
0.0
 40
0.0
 40
0.5113913026
 40
1.0
 40
1.0
 40
1.0
 40
1.0
 10
201.8469427878
 20
205.0141669039
 30
0.0
 10
201.8007136178
 20
205.0695706179
 30
0.0
 10
201.7259407727
 20
205.1926861852
 30
0.0
 10
201.6989315693
 20
205.3348844595
 30
0.0
 10
201.6989315693
 20
205.4038273447
 30
0.0
  0
SPLINE
  5
E22
100
AcDbEntity
  8
RUNDUNGEN
100
AcDbSpline
 62
7
  6
BYLAYER
 70
0
 71
3
 72
11
 73
7
 74
0
 42
0.0000001
 43
0.0000001
 44
0.0000000001
 40
0.0
 40
0.0
 40
0.0
 40
0.0
 40
0.2538735152
 40
0.5022543478
 40
0.7484301695
 40
1.0
 40
1.0
 40
1.0
 40
1.0
 10
182.6614582639
 20
250.3034679075
 30
0.0
 10
182.6993826373
 20
250.2803769538
 30
0.0
 10
182.7716268211
 20
250.2297592032
 30
0.0
 10
182.8644951258
 20
250.1361578536
 30
0.0
 10
182.9315541385
 20
250.0222115859
 30
0.0
 10
182.9489315693
 20
249.9344758957
 30
0.0
 10
182.9489315693
 20
249.8904777806
 30
0.0
  0
SPLINE
  5
E23
100
AcDbEntity
  8
RUNDUNGEN
100
AcDbSpline
 62
7
  6
BYLAYER
 70
0
 71
3
 72
9
 73
5
 74
0
 42
0.0000001
 43
0.0000001
 44
0.0000000001
 40
0.0
 40
0.0
 40
0.0
 40
0.0
 40
0.7508794285
 40
1.0
 40
1.0
 40
1.0
 40
1.0
 10
182.4490956508
 20
250.4049261569
 30
0.0
 10
182.5043361251
 20
250.3843165932
 30
0.0
 10
182.5764871619
 20
250.3525062392
 30
0.0
 10
182.6447503867
 20
250.3136408064
 30
0.0
 10
182.6614582639
 20
250.3034679075
 30
0.0
  0
SPLINE
  5
E24
100
AcDbEntity
  8
0
100
AcDbSpline
 62
7
  6
BYLAYER
 70
0
 71
3
 72
14
 73
10
 74
0
 42
0.0000001
 43
0.0000001
 44
0.0000000001
 40
0.0
 40
0.0
 40
0.0
 40
0.0
 40
0.2525179463
 40
0.3868179669
 40
0.5231434963
 40
0.6555879678
 40
0.7786268037
 40
0.8919024137
 40
1.0
 40
1.0
 40
1.0
 40
1.0
 10
198.3003976585
 20
203.6786068519
 30
0.0
 10
198.4086322616
 20
203.7478170265
 30
0.0
 10
198.5739102134
 20
203.8548029462
 30
0.0
 10
198.7895553492
 20
204.0109288032
 30
0.0
 10
198.9492260107
 20
204.1398604817
 30
0.0
 10
199.0925443421
 20
204.2789954336
 30
0.0
 10
199.2074991169
 20
204.4285832237
 30
0.0
 10
199.2819114177
 20
204.5892360146
 30
0.0
 10
199.2989965408
 20
204.702505493
 30
0.0
 10
199.2990001304
 20
204.7575011741
 30
0.0
  0
SPLINE
  5
E25
100
AcDbEntity
  8
0
100
AcDbSpline
 62
7
  6
BYLAYER
 70
0
 71
3
 72
9
 73
5
 74
0
 42
0.0000001
 43
0.0000001
 44
0.0000000001
 40
0.0
 40
0.0
 40
0.0
 40
0.0
 40
0.2522202714
 40
1.0
 40
1.0
 40
1.0
 40
1.0
 10
201.7828053365
 20
205.5666068854
 30
0.0
 10
201.7789926649
 20
205.5730681794
 30
0.0
 10
201.7643186787
 20
205.5989437131
 30
0.0
 10
201.7514512954
 20
205.6258488711
 30
0.0
 10
201.7429807046
 20
205.646415608
 30
0.0
  0
SPLINE
  5
E26
100
AcDbEntity
  8
0
100
AcDbSpline
 62
7
  6
BYLAYER
 70
0
 71
3
 72
9
 73
5
 74
0
 42
0.0000001
 43
0.0000001
 44
0.0000000001
 40
0.0
 40
0.0
 40
0.0
 40
0.0
 40
0.2540515147
 40
1.0
 40
1.0
 40
1.0
 40
1.0
 10
201.7429807046
 20
205.646415608
 30
0.0
 10
201.7357458818
 20
205.6639818795
 30
0.0
 10
201.7105284878
 20
205.7344163665
 30
0.0
 10
201.6989315693
 20
205.8097919179
 30
0.0
 10
201.6989315693
 20
205.8655734512
 30
0.0
  0
SPLINE
  5
E27
100
AcDbEntity
  8
0
100
AcDbSpline
 62
7
  6
BYLAYER
 70
0
 71
3
 72
14
 73
10
 74
0
 42
0.0000001
 43
0.0000001
 44
0.0000000001
 40
0.0
 40
0.0
 40
0.0
 40
0.0
 40
0.3389520725
 40
0.5000713482
 40
0.648782663
 40
0.7782806312
 40
0.8823801396
 40
0.9560664467
 40
1.0
 40
1.0
 40
1.0
 40
1.0
 10
198.300811806
 20
203.678849004
 30
0.0
 10
198.2098814854
 20
203.6206888197
 30
0.0
 10
198.0813617595
 20
203.5262632752
 30
0.0
 10
197.9172380565
 20
203.4008465081
 30
0.0
 10
197.8046300164
 20
203.3177668839
 30
0.0
 10
197.7028824315
 20
203.2507527799
 30
0.0
 10
197.6165318027
 20
203.2042685336
 30
0.0
 10
197.5502667441
 20
203.1791925514
 30
0.0
 10
197.5129222336
 20
203.172861685
 30
0.0
 10
197.4989315693
 20
203.172861685
 30
0.0
  0
SPLINE
  5
E28
100
AcDbEntity
  8
0
100
AcDbSpline
 62
7
  6
BYLAYER
 70
0
 71
3
 72
17
 73
13
 74
0
 42
0.0000001
 43
0.0000001
 44
0.0000000001
 40
0.0
 40
0.0
 40
0.0
 40
0.0
 40
0.0299424719
 40
0.0559039803
 40
0.0900956646
 40
0.1325813978
 40
0.1830495431
 40
0.2410603287
 40
0.3061391867
 40
0.4552503974
 40
0.6250296776
 40
1.0
 40
1.0
 40
1.0
 40
1.0
 10
347.2412133396
 20
240.6893998459
 30
0.0
 10
347.2412133396
 20
240.6832863732
 30
0.0
 10
347.2523297087
 20
240.6745609294
 30
0.0
 10
347.2683092257
 20
240.6673775861
 30
0.0
 10
347.2885102274
 20
240.6606181411
 30
0.0
 10
347.3135995425
 20
240.6543551098
 30
0.0
 10
347.3438691342
 20
240.6482916662
 30
0.0
 10
347.378841864
 20
240.6426218399
 30
0.0
 10
347.4339429161
 20
240.6352867664
 30
0.0
 10
347.5119962134
 20
240.627733236
 30
0.0
 10
347.6533935732
 20
240.618736368
 30
0.0
 10
347.7646541684
 20
240.6162782399
 30
0.0
 10
347.8412133396
 20
240.6162782399
 30
0.0
  0
SPLINE
  5
E29
100
AcDbEntity
  8
0
100
AcDbSpline
 62
7
  6
BYLAYER
 70
0
 71
3
 72
17
 73
13
 74
0
 42
0.0000001
 43
0.0000001
 44
0.0000000001
 40
0.0
 40
0.0
 40
0.0
 40
0.0
 40
0.0299427319
 40
0.0559173287
 40
0.0901375955
 40
0.132569766
 40
0.182999877
 40
0.2410319635
 40
0.3061607811
 40
0.4553465937
 40
0.6250112391
 40
1.0
 40
1.0
 40
1.0
 40
1.0
 10
354.5912134592
 20
240.524876097
 30
0.0
 10
354.5912134592
 20
240.5325182487
 30
0.0
 10
354.6050573644
 20
240.543474835
 30
0.0
 10
354.6250724128
 20
240.5524223722
 30
0.0
 10
354.6503252539
 20
240.560841938
 30
0.0
 10
354.6816708636
 20
240.5686786846
 30
0.0
 10
354.7194905855
 20
240.5762574857
 30
0.0
 10
354.7632166165
 20
240.5833450277
 30
0.0
 10
354.8321320984
 20
240.5925180694
 30
0.0
 10
354.9297040879
 20
240.6019639805
 30
0.0
 10
355.1064514013
 20
240.6132030873
 30
0.0
 10
355.2455068634
 20
240.6162782399
 30
0.0
 10
355.3412135947
 20
240.6162782399
 30
0.0
  0
SPLINE
  5
E2A
100
AcDbEntity
  8
0
100
AcDbSpline
 62
7
  6
BYLAYER
 70
0
 71
3
 72
11
 73
7
 74
0
 42
0.0000001
 43
0.0000001
 44
0.0000000001
 40
0.0
 40
0.0
 40
0.0
 40
0.0
 40
0.249454039
 40
0.4992319999
 40
0.7494137253
 40
1.0
 40
1.0
 40
1.0
 40
1.0
 10
347.2821434065
 20
240.596018968
 30
0.0
 10
347.3092643069
 20
240.4773538411
 30
0.0
 10
347.3906580143
 20
240.2451754911
 30
0.0
 10
347.5870413821
 20
239.933189496
 30
0.0
 10
347.8480235276
 20
239.6720542328
 30
0.0
 10
348.0567552403
 20
239.5404805028
 30
0.0
 10
348.1667742925
 20
239.4871178472
 30
0.0
  0
SPLINE
  5
E2B
100
AcDbEntity
  8
4171
100
AcDbSpline
 62
7
  6
BYLAYER
 70
0
 71
3
 72
13
 73
9
 74
0
 42
0.0000001
 43
0.0000001
 44
0.0000000001
 40
0.0
 40
0.0
 40
0.0
 40
0.0
 40
0.1030242725
 40
0.1880494823
 40
0.2990145472
 40
0.4363689229
 40
0.5995787974
 40
1.0
 40
1.0
 40
1.0
 40
1.0
 10
347.2412133396
 20
240.2559565648
 30
0.0
 10
347.2412133396
 20
240.2611326942
 30
0.0
 10
347.2495184628
 20
240.2689367185
 30
0.0
 10
347.262426075
 20
240.2754968263
 30
0.0
 10
347.278281017
 20
240.281545174
 30
0.0
 10
347.2981009595
 20
240.287235403
 30
0.0
 10
347.3324497681
 20
240.2952031119
 30
0.0
 10
347.3603967148
 20
240.2998597745
 30
0.0
 10
347.3803032454
 20
240.3027683683
 30
0.0
  0
SPLINE
  5
E2C
100
AcDbEntity
  8
4171
100
AcDbSpline
 62
7
  6
BYLAYER
 70
0
 71
3
 72
13
 73
9
 74
0
 42
0.0000001
 43
0.0000001
 44
0.0000000001
 40
0.0
 40
0.0
 40
0.0
 40
0.0
 40
0.4004212046
 40
0.5636310804
 40
0.700985457
 40
0.8119505225
 40
0.896975732
 40
1.0
 40
1.0
 40
1.0
 40
1.0
 10
356.1021234082
 20
240.3027683721
 30
0.0
 10
356.1220299424
 20
240.2998597781
 30
0.0
 10
356.149976894
 20
240.2952031152
 30
0.0
 10
356.1843257089
 20
240.2872354059
 30
0.0
 10
356.2041456552
 20
240.2815451763
 30
0.0
 10
356.2200006001
 20
240.2754968281
 30
0.0
 10
356.2329082145
 20
240.2689367199
 30
0.0
 10
356.2412133396
 20
240.2611326949
 30
0.0
 10
356.2412133396
 20
240.2559565648
 30
0.0
  0
SPLINE
  5
E2D
100
AcDbEntity
  8
0
100
AcDbSpline
 62
7
  6
BYLAYER
 70
0
 71
3
 72
17
 73
13
 74
0
 42
0.0000001
 43
0.0000001
 44
0.0000000001
 40
0.0
 40
0.0
 40
0.0
 40
0.0
 40
0.3750053393
 40
0.5446814214
 40
0.6938136975
 40
0.7589700424
 40
0.8170086129
 40
0.8674230417
 40
0.9098725352
 40
0.9440940777
 40
0.9700570681
 40
1.0
 40
1.0
 40
1.0
 40
1.0
 10
348.1412130845
 20
240.6162782399
 30
0.0
 10
348.236923201
 20
240.6162782399
 30
0.0
 10
348.3759842139
 20
240.6131997505
 30
0.0
 10
348.5527243973
 20
240.6019702456
 30
0.0
 10
348.6502900483
 20
240.5925081799
 30
0.0
 10
348.7192010741
 20
240.5833449569
 30
0.0
 10
348.7629323589
 20
240.5762626622
 30
0.0
 10
348.8007528616
 20
240.5686777488
 30
0.0
 10
348.8320990643
 20
240.5608453212
 30
0.0
 10
348.8573554831
 20
240.5524238484
 30
0.0
 10
348.8773539569
 20
240.5434559496
 30
0.0
 10
348.8912131912
 20
240.5325182694
 30
0.0
 10
348.8912132121
 20
240.5248761342
 30
0.0
  0
SPLINE
  5
E2E
100
AcDbEntity
  8
0
100
AcDbSpline
 62
7
  6
BYLAYER
 70
0
 71
3
 72
17
 73
13
 74
0
 42
0.0000001
 43
0.0000001
 44
0.0000000001
 40
0.0
 40
0.0
 40
0.0
 40
0.0
 40
0.3749703224
 40
0.5447496026
 40
0.6938608133
 40
0.7589396713
 40
0.8169504569
 40
0.8674186022
 40
0.9099043354
 40
0.9440960197
 40
0.9700575281
 40
1.0
 40
1.0
 40
1.0
 40
1.0
 10
355.6412133396
 20
240.6162782399
 30
0.0
 10
355.7177725108
 20
240.6162782399
 30
0.0
 10
355.8290331059
 20
240.618736368
 30
0.0
 10
355.9704304657
 20
240.627733236
 30
0.0
 10
356.0484837631
 20
240.6352867664
 30
0.0
 10
356.1035848152
 20
240.6426218399
 30
0.0
 10
356.138557545
 20
240.6482916662
 30
0.0
 10
356.1688271367
 20
240.6543551098
 30
0.0
 10
356.1939164518
 20
240.6606181411
 30
0.0
 10
356.2141174535
 20
240.6673775861
 30
0.0
 10
356.2300969705
 20
240.6745609294
 30
0.0
 10
356.2412133396
 20
240.6832863732
 30
0.0
 10
356.2412133396
 20
240.6893998459
 30
0.0
  0
SPLINE
  5
E2F
100
AcDbEntity
  8
0
100
AcDbSpline
 62
7
  6
BYLAYER
 70
0
 71
3
 72
18
 73
14
 74
0
 42
0.0000001
 43
0.0000001
 44
0.0000000001
 40
0.0
 40
0.0
 40
0.0
 40
0.0
 40
0.0312817397
 40
0.0586778228
 40
0.0958239864
 40
0.1416733066
 40
0.1948931126
 40
0.2547257897
 40
0.3208050225
 40
0.4702381746
 40
0.6397176887
 40
0.8188579012
 40
1.0
 40
1.0
 40
1.0
 40
1.0
 10
354.5912133396
 20
239.2294247964
 30
0.0
 10
354.5923495121
 20
239.2374133105
 30
0.0
 10
354.6059752145
 20
239.2487003535
 30
0.0
 10
354.6278956378
 20
239.2584049857
 30
0.0
 10
354.6550918115
 20
239.2678145905
 30
0.0
 10
354.6887659386
 20
239.2775010109
 30
0.0
 10
354.7284479107
 20
239.2879063619
 30
0.0
 10
354.7732530713
 20
239.2991526023
 30
0.0
 10
354.8421201278
 20
239.3165349279
 30
0.0
 10
354.9380392483
 20
239.3423080393
 30
0.0
 10
355.0605909
 20
239.3810212945
 30
0.0
 10
355.1887030929
 20
239.4287613729
 30
0.0
 10
355.2736357365
 20
239.4666785505
 30
0.0
 10
355.3156523867
 20
239.4871178472
 30
0.0
  0
SPLINE
  5
E30
100
AcDbEntity
  8
0
100
AcDbSpline
 62
7
  6
BYLAYER
 70
0
 71
3
 72
11
 73
7
 74
0
 42
0.0000001
 43
0.0000001
 44
0.0000000001
 40
0.0
 40
0.0
 40
0.0
 40
0.0
 40
0.2505862745
 40
0.5007679991
 40
0.7505459592
 40
1.0
 40
1.0
 40
1.0
 40
1.0
 10
355.3156523867
 20
239.4871178472
 30
0.0
 10
355.4256715054
 20
239.5404805351
 30
0.0
 10
355.6344033378
 20
239.67205436
 30
0.0
 10
355.8953855899
 20
239.9331898365
 30
0.0
 10
356.0917689733
 20
240.2451760902
 30
0.0
 10
356.1731626192
 20
240.4773546234
 30
0.0
 10
356.2002834716
 20
240.5960198378
 30
0.0
  0
SPLINE
  5
E31
100
AcDbEntity
  8
0
100
AcDbSpline
 62
7
  6
BYLAYER
 70
0
 71
3
 72
18
 73
14
 74
0
 42
0.0000001
 43
0.0000001
 44
0.0000000001
 40
0.0
 40
0.0
 40
0.0
 40
0.0
 40
0.1811420988
 40
0.3602823113
 40
0.5297618254
 40
0.6791949775
 40
0.7452742103
 40
0.8051068874
 40
0.8583266934
 40
0.9041760136
 40
0.9413221772
 40
0.9687182603
 40
1.0
 40
1.0
 40
1.0
 40
1.0
 10
348.1667742925
 20
239.4871178472
 30
0.0
 10
348.2087909427
 20
239.4666785505
 30
0.0
 10
348.2937235863
 20
239.4287613729
 30
0.0
 10
348.4218357792
 20
239.3810212945
 30
0.0
 10
348.5443874309
 20
239.3423080393
 30
0.0
 10
348.6403065514
 20
239.3165349279
 30
0.0
 10
348.7091736078
 20
239.2991526023
 30
0.0
 10
348.7539787685
 20
239.2879063619
 30
0.0
 10
348.7936607406
 20
239.2775010109
 30
0.0
 10
348.8273348677
 20
239.2678145905
 30
0.0
 10
348.8545310414
 20
239.2584049857
 30
0.0
 10
348.8764514647
 20
239.2487003535
 30
0.0
 10
348.8900771671
 20
239.2374133105
 30
0.0
 10
348.8912133396
 20
239.2294247964
 30
0.0
  0
SPLINE
  5
E32
100
AcDbEntity
  8
RUNDUNGEN
100
AcDbSpline
 62
7
  6
BYLAYER
 70
0
 71
3
 72
11
 73
7
 74
0
 42
0.0000001
 43
0.0000001
 44
0.0000000001
 40
0.0
 40
0.0
 40
0.0
 40
0.0
 40
0.2341133306
 40
0.4765123387
 40
0.7319055189
 40
1.0
 40
1.0
 40
1.0
 40
1.0
 10
356.2412133396
 20
250.8586267077
 30
0.0
 10
356.2412133396
 20
250.9099076914
 30
0.0
 10
356.2215643221
 20
251.0151836266
 30
0.0
 10
356.1375355824
 20
251.1551818472
 30
0.0
 10
356.0085790703
 20
251.2663519929
 30
0.0
 10
355.9025913081
 20
251.3143375354
 30
0.0
 10
355.8464254256
 20
251.3314822341
 30
0.0
  0
SPLINE
  5
E33
100
AcDbEntity
  8
RUNDUNGEN
100
AcDbSpline
 62
7
  6
BYLAYER
 70
0
 71
3
 72
11
 73
7
 74
0
 42
0.0000001
 43
0.0000001
 44
0.0000000001
 40
0.0
 40
0.0
 40
0.0
 40
0.0
 40
0.2680944811
 40
0.5234876613
 40
0.7658866694
 40
1.0
 40
1.0
 40
1.0
 40
1.0
 10
347.6360012536
 20
251.3314822341
 30
0.0
 10
347.5798353711
 20
251.3143375354
 30
0.0
 10
347.4738476089
 20
251.2663519929
 30
0.0
 10
347.3448910968
 20
251.1551818472
 30
0.0
 10
347.2608623571
 20
251.0151836266
 30
0.0
 10
347.2412133396
 20
250.9099076914
 30
0.0
 10
347.2412133396
 20
250.8586267077
 30
0.0
  0
SPLINE
  5
E34
100
AcDbEntity
  8
0
100
AcDbSpline
 62
7
  6
BYLAYER
 70
0
 71
3
 72
9
 73
5
 74
0
 42
0.0000001
 43
0.0000001
 44
0.0000000001
 40
0.0
 40
0.0
 40
0.0
 40
0.0
 40
0.2729985738
 40
1.0
 40
1.0
 40
1.0
 40
1.0
 10
355.2373786514
 20
240.536889609
 30
0.0
 10
355.1995802083
 20
240.5259414493
 30
0.0
 10
355.0596082637
 20
240.4911645412
 30
0.0
 10
354.9150253643
 20
240.4757631945
 30
0.0
 10
354.8102351435
 20
240.4747184421
 30
0.0
  0
SPLINE
  5
E35
100
AcDbEntity
  8
0
100
AcDbSpline
 62
7
  6
BYLAYER
 70
0
 71
3
 72
14
 73
10
 74
0
 42
0.0000001
 43
0.0000001
 44
0.0000000001
 40
0.0
 40
0.0
 40
0.0
 40
0.0
 40
0.2083021158
 40
0.3933151748
 40
0.5559814971
 40
0.6959039962
 40
0.8107400237
 40
0.8984754359
 40
1.0
 40
1.0
 40
1.0
 40
1.0
 10
354.8102351435
 20
240.4747184421
 30
0.0
 10
354.7941423964
 20
240.4745579983
 30
0.0
 10
354.763736858
 20
240.4750087195
 30
0.0
 10
354.7208802738
 20
240.4780657244
 30
0.0
 10
354.6834759535
 20
240.48311401
 30
0.0
 10
354.6519744038
 20
240.4895068423
 30
0.0
 10
354.6262216181
 20
240.4972671708
 30
0.0
 10
354.605526026
 20
240.5058208308
 30
0.0
 10
354.5912136019
 20
240.5170323725
 30
0.0
 10
354.5912135947
 20
240.5248762215
 30
0.0
  0
SPLINE
  5
E36
100
AcDbEntity
  8
0
100
AcDbSpline
 62
7
  6
BYLAYER
 70
0
 71
3
 72
17
 73
13
 74
0
 42
0.0000001
 43
0.0000001
 44
0.0000000001
 40
0.0
 40
0.0
 40
0.0
 40
0.0
 40
0.3749845368
 40
0.5446518113
 40
0.693838765
 40
0.7589679834
 40
0.8170004976
 40
0.8674310634
 40
0.9098633542
 40
0.9440836505
 40
0.970058183
 40
1.0
 40
1.0
 40
1.0
 40
1.0
 10
355.3412133396
 20
239.1380227889
 30
0.0
 10
355.2455076953
 20
239.1380227889
 30
0.0
 10
355.1064526587
 20
239.1410979847
 30
0.0
 10
354.929705465
 20
239.1523368906
 30
0.0
 10
354.8321324225
 20
239.1617828912
 30
0.0
 10
354.7632164475
 20
239.1709559826
 30
0.0
 10
354.7194900955
 20
239.1780435804
 30
0.0
 10
354.681670136
 20
239.1856224488
 30
0.0
 10
354.6503243814
 20
239.1934593339
 30
0.0
 10
354.6250716293
 20
239.2018790538
 30
0.0
 10
354.605056485
 20
239.2108260563
 30
0.0
 10
354.5912133396
 20
239.221782879
 30
0.0
 10
354.5912133396
 20
239.2294247964
 30
0.0
  0
SPLINE
  5
E37
100
AcDbEntity
  8
4171
100
AcDbSpline
 62
7
  6
BYLAYER
 70
0
 71
3
 72
17
 73
13
 74
0
 42
0.0000001
 43
0.0000001
 44
0.0000000001
 40
0.0
 40
0.0
 40
0.0
 40
0.0
 40
0.3750051749
 40
0.5446812075
 40
0.6938134692
 40
0.7589698235
 40
0.8170084167
 40
0.8674228801
 40
0.9098724185
 40
0.9440940138
 40
0.9700570546
 40
1.0
 40
1.0
 40
1.0
 40
1.0
 10
355.6412133396
 20
239.1380227889
 30
0.0
 10
355.7177813823
 20
239.1380227889
 30
0.0
 10
355.8290301243
 20
239.1355600003
 30
0.0
 10
355.9704221937
 20
239.1265764084
 30
0.0
 10
356.0484746868
 20
239.1190067653
 30
0.0
 10
356.1036035
 20
239.111676196
 30
0.0
 10
356.1385885346
 20
239.1060103669
 30
0.0
 10
356.1688449529
 20
239.0999424428
 30
0.0
 10
356.193921937
 20
239.0936765076
 30
0.0
 10
356.2141271053
 20
239.0869393344
 30
0.0
 10
356.2301258986
 20
239.0797650314
 30
0.0
 10
356.2412133396
 20
239.0710148924
 30
0.0
 10
356.2412133396
 20
239.0649011828
 30
0.0
  0
SPLINE
  5
E38
100
AcDbEntity
  8
4171
100
AcDbSpline
 62
7
  6
BYLAYER
 70
0
 71
3
 72
17
 73
13
 74
0
 42
0.0000001
 43
0.0000001
 44
0.0000000001
 40
0.0
 40
0.0
 40
0.0
 40
0.0
 40
0.0299429454
 40
0.0559059862
 40
0.0901275815
 40
0.1325771199
 40
0.1829915833
 40
0.2410301765
 40
0.3061865308
 40
0.4553187925
 40
0.6249948251
 40
1.0
 40
1.0
 40
1.0
 40
1.0
 10
347.2412133396
 20
239.0649011828
 30
0.0
 10
347.2412133396
 20
239.0710148924
 30
0.0
 10
347.2523007806
 20
239.0797650314
 30
0.0
 10
347.2682995739
 20
239.0869393344
 30
0.0
 10
347.2885047422
 20
239.0936765076
 30
0.0
 10
347.3135817263
 20
239.0999424428
 30
0.0
 10
347.3438381446
 20
239.1060103669
 30
0.0
 10
347.3788231792
 20
239.111676196
 30
0.0
 10
347.4339519924
 20
239.1190067653
 30
0.0
 10
347.5120044855
 20
239.1265764084
 30
0.0
 10
347.6533965549
 20
239.1355600003
 30
0.0
 10
347.7646452969
 20
239.1380227889
 30
0.0
 10
347.8412133396
 20
239.1380227889
 30
0.0
  0
SPLINE
  5
E39
100
AcDbEntity
  8
0
100
AcDbSpline
 62
7
  6
BYLAYER
 70
0
 71
3
 72
17
 73
13
 74
0
 42
0.0000001
 43
0.0000001
 44
0.0000000001
 40
0.0
 40
0.0
 40
0.0
 40
0.0
 40
0.0299398344
 40
0.0559033606
 40
0.0901306236
 40
0.1325867312
 40
0.183003376
 40
0.2410357441
 40
0.3061821182
 40
0.4553069916
 40
0.6249984869
 40
1.0
 40
1.0
 40
1.0
 40
1.0
 10
348.8912133084
 20
239.2294247675
 30
0.0
 10
348.8912133084
 20
239.2217834189
 30
0.0
 10
348.8773569882
 20
239.2108444312
 30
0.0
 10
348.8573567469
 20
239.2018773703
 30
0.0
 10
348.8320969242
 20
239.1934560224
 30
0.0
 10
348.8007469841
 20
239.1856230999
 30
0.0
 10
348.7629259241
 20
239.1780375962
 30
0.0
 10
348.7191982897
 20
239.170954839
 30
0.0
 10
348.6502932297
 20
239.1617920476
 30
0.0
 10
348.5527278508
 20
239.1523317889
 30
0.0
 10
348.3759865921
 20
239.1411014259
 30
0.0
 10
348.2369225286
 20
239.1380227889
 30
0.0
 10
348.1412133396
 20
239.1380227889
 30
0.0
  0
SPLINE
  5
E3A
100
AcDbEntity
  8
0
100
AcDbSpline
 62
7
  6
BYLAYER
 70
0
 71
3
 72
9
 73
5
 74
0
 42
0.0000001
 43
0.0000001
 44
0.0000000001
 40
0.0
 40
0.0
 40
0.0
 40
0.0
 40
0.5007478217
 40
1.0
 40
1.0
 40
1.0
 40
1.0
 10
348.6721915357
 20
240.4747184421
 30
0.0
 10
348.5953160895
 20
240.4754848858
 30
0.0
 10
348.4416898127
 20
240.4876965642
 30
0.0
 10
348.2914322162
 20
240.5222443519
 30
0.0
 10
348.2182429241
 20
240.5450148415
 30
0.0
  0
SPLINE
  5
E3B
100
AcDbEntity
  8
4171
100
AcDbSpline
 62
7
  6
BYLAYER
 70
0
 71
3
 72
9
 73
5
 74
0
 42
0.0000001
 43
0.0000001
 44
0.0000000001
 40
0.0
 40
0.0
 40
0.0
 40
0.0
 40
0.2553222305
 40
1.0
 40
1.0
 40
1.0
 40
1.0
 10
349.7389272077
 20
251.6783058974
 30
0.0
 10
349.7426583292
 20
251.6765079009
 30
0.0
 10
349.7572023041
 20
251.6693232726
 30
0.0
 10
349.7714621558
 20
251.6615590433
 30
0.0
 10
349.7818690773
 20
251.6554255384
 30
0.0
  0
SPLINE
  5
E3C
100
AcDbEntity
  8
0
100
AcDbSpline
 62
7
  6
BYLAYER
 70
0
 71
3
 72
14
 73
10
 74
0
 42
0.0000001
 43
0.0000001
 44
0.0000000001
 40
0.0
 40
0.0
 40
0.0
 40
0.0
 40
0.1015245357
 40
0.189259937
 40
0.30409596
 40
0.4440184616
 40
0.6066847925
 40
0.7916978652
 40
1.0
 40
1.0
 40
1.0
 40
1.0
 10
348.8912130845
 20
240.5248762307
 30
0.0
 10
348.8912130845
 20
240.5170323837
 30
0.0
 10
348.8769006641
 20
240.5058208353
 30
0.0
 10
348.8562050754
 20
240.4972671763
 30
0.0
 10
348.8304522901
 20
240.4895068457
 30
0.0
 10
348.7989507391
 20
240.4831140122
 30
0.0
 10
348.7615464156
 20
240.4780657253
 30
0.0
 10
348.7186898268
 20
240.4750087196
 30
0.0
 10
348.6882842848
 20
240.4745579983
 30
0.0
 10
348.6721915357
 20
240.4747184421
 30
0.0
  0
SPLINE
  5
E3D
100
AcDbEntity
  8
4171
100
AcDbSpline
 62
7
  6
BYLAYER
 70
0
 71
3
 72
15
 73
11
 74
0
 42
0.0000001
 43
0.0000001
 44
0.0000000001
 40
0.0
 40
0.0
 40
0.0
 40
0.0
 40
0.112308346
 40
0.2351492984
 40
0.3655927976
 40
0.5
 40
0.6344072024
 40
0.7648507016
 40
0.887691654
 40
1.0
 40
1.0
 40
1.0
 40
1.0
 10
349.7818690773
 20
251.6554255384
 30
0.0
 10
349.9133616823
 20
251.5784213746
 30
0.0
 10
350.2034405547
 20
251.4417333224
 30
0.0
 10
350.6794934181
 20
251.2975282844
 30
0.0
 10
351.1992082177
 20
251.2085575415
 30
0.0
 10
351.7412133396
 20
251.1784080013
 30
0.0
 10
352.2832184614
 20
251.2085575415
 30
0.0
 10
352.8029332611
 20
251.2975282844
 30
0.0
 10
353.2789861245
 20
251.4417333224
 30
0.0
 10
353.5690649969
 20
251.5784213746
 30
0.0
 10
353.7005576019
 20
251.6554255384
 30
0.0
  0
SPLINE
  5
E3E
100
AcDbEntity
  8
BZ-KURVEN
100
AcDbSpline
 62
5
  6
BYLAYER
 70
0
 71
3
 72
10
 73
6
 74
0
 42
0.0000001
 43
0.0000001
 44
0.0000000001
 40
0.0
 40
0.0
 40
0.0
 40
0.0
 40
0.3333333333
 40
0.6666666667
 40
1.0
 40
1.0
 40
1.0
 40
1.0
 10
348.6721915357
 20
240.4747184421
 30
0.0
 10
348.7193497262
 20
240.4742482777
 30
0.0
 10
348.7980309561
 20
240.4803682846
 30
0.0
 10
348.8733342456
 20
240.5005960551
 30
0.0
 10
348.8912131004
 20
240.51657617
 30
0.0
 10
348.8912131004
 20
240.5248571216
 30
0.0
  0
SPLINE
  5
E3F
100
AcDbEntity
  8
BZ-KURVEN
100
AcDbSpline
 62
5
  6
BYLAYER
 70
0
 71
3
 72
10
 73
6
 74
0
 42
0.0000001
 43
0.0000001
 44
0.0000000001
 40
0.0
 40
0.0
 40
0.0
 40
0.0
 40
0.3333333333
 40
0.6666666667
 40
1.0
 40
1.0
 40
1.0
 40
1.0
 10
354.8102351435
 20
240.4747184421
 30
0.0
 10
354.763076953
 20
240.4742482777
 30
0.0
 10
354.6843957231
 20
240.4803682846
 30
0.0
 10
354.6090924336
 20
240.5005960551
 30
0.0
 10
354.5912135788
 20
240.51657617
 30
0.0
 10
354.5912135788
 20
240.5248571216
 30
0.0
  0
SPLINE
  5
E40
100
AcDbEntity
  8
BZ-KURVEN
100
AcDbSpline
 62
5
  6
BYLAYER
 70
0
 71
3
 72
8
 73
4
 74
0
 42
0.0000001
 43
0.0000001
 44
0.0000000001
 40
0.0
 40
0.0
 40
0.0
 40
0.0
 40
1.0
 40
1.0
 40
1.0
 40
1.0
 10
348.8912133396
 20
239.2294247964
 30
0.0
 10
348.8904493945
 20
239.2347961516
 30
0.0
 10
348.8867086884
 20
239.2399478016
 30
0.0
 10
348.879825725
 20
239.2450022376
 30
0.0
  0
SPLINE
  5
E41
100
AcDbEntity
  8
BZ-KURVEN
100
AcDbSpline
 62
5
  6
BYLAYER
 70
0
 71
3
 72
10
 73
6
 74
0
 42
0.0000001
 43
0.0000001
 44
0.0000000001
 40
0.0
 40
0.0
 40
0.0
 40
0.0
 40
0.2212018875
 40
0.7735363105
 40
1.0
 40
1.0
 40
1.0
 40
1.0
 10
348.879825725
 20
239.2450022376
 30
0.0
 10
348.8752277942
 20
239.2483786825
 30
0.0
 10
348.8542454533
 20
239.2600343051
 30
0.0
 10
348.8041727082
 20
239.2749937172
 30
0.0
 10
348.7519140711
 20
239.288342811
 30
0.0
 10
348.7357243109
 20
239.2924374089
 30
0.0
  0
SPLINE
  5
E42
100
AcDbEntity
  8
BZ-KURVEN
100
AcDbSpline
 62
5
  6
BYLAYER
 70
0
 71
3
 72
9
 73
5
 74
0
 42
0.0000001
 43
0.0000001
 44
0.0000000001
 40
0.0
 40
0.0
 40
0.0
 40
0.0
 40
0.4740557888
 40
1.0
 40
1.0
 40
1.0
 40
1.0
 10
348.7357243109
 20
239.2924374089
 30
0.0
 10
348.7124279978
 20
239.2983293453
 30
0.0
 10
348.6589452622
 20
239.3116878897
 30
0.0
 10
348.5980004662
 20
239.3279255543
 30
0.0
 10
348.5644707627
 20
239.3374742722
 30
0.0
  0
SPLINE
  5
E43
100
AcDbEntity
  8
BZ-KURVEN
100
AcDbSpline
 62
5
  6
BYLAYER
 70
0
 71
3
 72
9
 73
5
 74
0
 42
0.0000001
 43
0.0000001
 44
0.0000000001
 40
0.0
 40
0.0
 40
0.0
 40
0.0
 40
0.5879572356
 40
1.0
 40
1.0
 40
1.0
 40
1.0
 10
348.5644707627
 20
239.3374742722
 30
0.0
 10
348.5467761417
 20
239.3425134144
 30
0.0
 10
348.515981854
 20
239.3515617586
 30
0.0
 10
348.4842483403
 20
239.3615128796
 30
0.0
 10
348.471031065
 20
239.3657737206
 30
0.0
  0
LINE
  5
E44
100
AcDbEntity
  8
BZ-KURVEN
100
AcDbLine
 62
5
  6
BYLAYER
 10
348.471031065
 20
239.3657737206
 30
0.0
 11
348.4627936887
 21
239.3684441189
 31
0.0
  0
SPLINE
  5
E45
100
AcDbEntity
  8
BZ-KURVEN
100
AcDbSpline
 62
5
  6
BYLAYER
 70
0
 71
3
 72
8
 73
4
 74
0
 42
0.0000001
 43
0.0000001
 44
0.0000000001
 40
0.0
 40
0.0
 40
0.0
 40
0.0
 40
1.0
 40
1.0
 40
1.0
 40
1.0
 10
348.4627936887
 20
239.3684441189
 30
0.0
 10
348.4310640702
 20
239.3787879253
 30
0.0
 10
348.3985459169
 20
239.3900575519
 30
0.0
 10
348.3654815963
 20
239.4023524115
 30
0.0
  0
SPLINE
  5
E46
100
AcDbEntity
  8
BZ-KURVEN
100
AcDbSpline
 62
5
  6
BYLAYER
 70
0
 71
3
 72
9
 73
5
 74
0
 42
0.0000001
 43
0.0000001
 44
0.0000000001
 40
0.0
 40
0.0
 40
0.0
 40
0.0
 40
0.1143638643
 40
1.0
 40
1.0
 40
1.0
 40
1.0
 10
348.3654815963
 20
239.4023524115
 30
0.0
 10
348.3581023881
 20
239.4050963459
 30
0.0
 10
348.2933405697
 20
239.4295358786
 30
0.0
 10
348.2267048134
 20
239.4579642214
 30
0.0
 10
348.1667742925
 20
239.4871178472
 30
0.0
  0
SPLINE
  5
E47
100
AcDbEntity
  8
BZ-KURVEN
100
AcDbSpline
 62
5
  6
BYLAYER
 70
0
 71
3
 72
9
 73
5
 74
0
 42
0.0000001
 43
0.0000001
 44
0.0000000001
 40
0.0
 40
0.0
 40
0.0
 40
0.0
 40
0.4215444063
 40
1.0
 40
1.0
 40
1.0
 40
1.0
 10
348.0325028728
 20
240.6162041803
 30
0.0
 10
348.11451493
 20
240.5783081963
 30
0.0
 10
348.3194121918
 20
240.5052510233
 30
0.0
 10
348.5415719648
 20
240.4760207116
 30
0.0
 10
348.6721915357
 20
240.4747184421
 30
0.0
  0
LINE
  5
E48
100
AcDbEntity
  8
BZ-KURVEN
100
AcDbLine
 62
5
  6
BYLAYER
 10
347.4021859533
 20
240.2529836989
 30
0.0
 11
347.3912133398
 21
240.2762652731
 31
0.0
  0
SPLINE
  5
E49
100
AcDbEntity
  8
BZ-KURVEN
100
AcDbSpline
 62
5
  6
BYLAYER
 70
0
 71
3
 72
14
 73
10
 74
0
 42
0.0000001
 43
0.0000001
 44
0.0000000001
 40
0.0
 40
0.0
 40
0.0
 40
0.0
 40
0.25
 40
0.375
 40
0.5
 40
0.625
 40
0.75
 40
0.875
 40
1.0
 40
1.0
 40
1.0
 40
1.0
 10
347.491480221
 20
240.0913997371
 30
0.0
 10
347.4839632521
 20
240.1035890827
 30
0.0
 10
347.4728098017
 20
240.1216816768
 30
0.0
 10
347.4580969507
 20
240.1469558974
 30
0.0
 10
347.4441176827
 20
240.1714953037
 30
0.0
 10
347.4348012644
 20
240.1888904626
 30
0.0
 10
347.4246688101
 20
240.208051804
 30
0.0
 10
347.414471802
 20
240.2279899597
 30
0.0
 10
347.4061546408
 20
240.2449588495
 30
0.0
 10
347.4021859547
 20
240.2529836961
 30
0.0
  0
SPLINE
  5
E4A
100
AcDbEntity
  8
BZ-KURVEN
100
AcDbSpline
 62
5
  6
BYLAYER
 70
0
 71
3
 72
14
 73
10
 74
0
 42
0.0000001
 43
0.0000001
 44
0.0000000001
 40
0.0
 40
0.0
 40
0.0
 40
0.0
 40
0.25
 40
0.375
 40
0.5
 40
0.625
 40
0.75
 40
0.875
 40
1.0
 40
1.0
 40
1.0
 40
1.0
 10
347.5964046093
 20
239.943424286
 30
0.0
 10
347.5875786892
 20
239.9547161334
 30
0.0
 10
347.5744817157
 20
239.971478009
 30
0.0
 10
347.55705114
 20
239.9949842556
 30
0.0
 10
347.5454051575
 20
240.0108445275
 30
0.0
 10
347.5292504803
 20
240.0340899916
 30
0.0
 10
347.5169797577
 20
240.0521370172
 30
0.0
 10
347.5048914437
 20
240.0704184309
 30
0.0
 10
347.4958704504
 20
240.0845696012
 30
0.0
 10
347.4914802184
 20
240.0913997412
 30
0.0
  0
SPLINE
  5
E4B
100
AcDbEntity
  8
BZ-KURVEN
100
AcDbSpline
 62
5
  6
BYLAYER
 70
0
 71
3
 72
14
 73
10
 74
0
 42
0.0000001
 43
0.0000001
 44
0.0000000001
 40
0.0
 40
0.0
 40
0.0
 40
0.0
 40
0.25
 40
0.375
 40
0.5
 40
0.625
 40
0.75
 40
0.875
 40
1.0
 40
1.0
 40
1.0
 40
1.0
 10
347.7196926177
 20
239.8052767971
 30
0.0
 10
347.7096427528
 20
239.8155113477
 30
0.0
 10
347.6947296936
 20
239.8307032462
 30
0.0
 10
347.6747431303
 20
239.8521164051
 30
0.0
 10
347.6556364807
 20
239.872973473
 30
0.0
 10
347.6426686998
 20
239.887891214
 30
0.0
 10
347.6285191052
 20
239.9043418679
 30
0.0
 10
347.6141033547
 20
239.921573419
 30
0.0
 10
347.6021052203
 20
239.936420624
 30
0.0
 10
347.5964046074
 20
239.9434242884
 30
0.0
  0
SPLINE
  5
E4C
100
AcDbEntity
  8
BZ-KURVEN
100
AcDbSpline
 62
5
  6
BYLAYER
 70
0
 71
3
 72
14
 73
10
 74
0
 42
0.0000001
 43
0.0000001
 44
0.0000000001
 40
0.0
 40
0.0
 40
0.0
 40
0.0
 40
0.25
 40
0.375
 40
0.5
 40
0.625
 40
0.75
 40
0.875
 40
1.0
 40
1.0
 40
1.0
 40
1.0
 10
347.8554981273
 20
239.6836589285
 30
0.0
 10
347.8443686883
 20
239.6927265074
 30
0.0
 10
347.8278523589
 20
239.7061874516
 30
0.0
 10
347.8056026735
 20
239.725271294
 30
0.0
 10
347.7907037242
 20
239.7381714725
 30
0.0
 10
347.7697523261
 20
239.7572860233
 30
0.0
 10
347.7537711577
 20
239.772165319
 30
0.0
 10
347.7378358376
 20
239.7873929909
 30
0.0
 10
347.7256065487
 20
239.7994765031
 30
0.0
 10
347.7196926221
 20
239.8052767928
 30
0.0
  0
SPLINE
  5
E4D
100
AcDbEntity
  8
BZ-KURVEN
100
AcDbSpline
 62
5
  6
BYLAYER
 70
0
 71
3
 72
14
 73
10
 74
0
 42
0.0000001
 43
0.0000001
 44
0.0000000001
 40
0.0
 40
0.0
 40
0.0
 40
0.0
 40
0.125
 40
0.25
 40
0.375
 40
0.5
 40
0.625
 40
0.75
 40
1.0
 40
1.0
 40
1.0
 40
1.0
 10
348.1667742925
 20
239.4871178472
 30
0.0
 10
348.1539503415
 20
239.4936154594
 30
0.0
 10
348.1288843884
 20
239.5060015959
 30
0.0
 10
348.0877937649
 20
239.5282353289
 30
0.0
 10
348.0468172633
 20
239.5515734364
 30
0.0
 10
348.0046602606
 20
239.5769156009
 30
0.0
 10
347.9707865322
 20
239.5993941068
 30
0.0
 10
347.9193123143
 20
239.6347416456
 30
0.0
 10
347.8809670914
 20
239.6640770492
 30
0.0
 10
347.8554981358
 20
239.6836589216
 30
0.0
  0
SPLINE
  5
E4E
100
AcDbEntity
  8
BZ-KURVEN
100
AcDbSpline
 62
5
  6
BYLAYER
 70
0
 71
3
 72
11
 73
7
 74
0
 42
0.0000001
 43
0.0000001
 44
0.0000000001
 40
0.0
 40
0.0
 40
0.0
 40
0.0
 40
0.5
 40
0.75
 40
0.875
 40
1.0
 40
1.0
 40
1.0
 40
1.0
 10
347.2818865607
 20
240.597143933
 30
0.0
 10
347.2793839163
 20
240.6083041238
 30
0.0
 10
347.2756443972
 20
240.6253009295
 30
0.0
 10
347.2718500152
 20
240.6443657101
 30
0.0
 10
347.2695197431
 20
240.6564847144
 30
0.0
 10
347.2678924256
 20
240.665302884
 30
0.0
 10
347.2671365395
 20
240.6693671354
 30
0.0
  0
SPLINE
  5
E4F
100
AcDbEntity
  8
BZ-KURVEN
100
AcDbSpline
 62
5
  6
BYLAYER
 70
0
 71
3
 72
11
 73
7
 74
0
 42
0.0000001
 43
0.0000001
 44
0.0000000001
 40
0.0
 40
0.0
 40
0.0
 40
0.0
 40
0.125
 40
0.25
 40
0.5
 40
1.0
 40
1.0
 40
1.0
 40
1.0
 10
347.3912133396
 20
240.2762652736
 30
0.0
 10
347.3860005477
 20
240.288040673
 30
0.0
 10
347.375673496
 20
240.3107831037
 30
0.0
 10
347.3542311351
 20
240.3627349093
 30
0.0
 10
347.318114881
 20
240.456885222
 30
0.0
 10
347.2961018048
 20
240.5396320949
 30
0.0
 10
347.2818865623
 20
240.5971439261
 30
0.0
  0
SPLINE
  5
E50
100
AcDbEntity
  8
BZ-KURVEN
100
AcDbSpline
 62
5
  6
BYLAYER
 70
0
 71
3
 72
8
 73
4
 74
0
 42
0.0000001
 43
0.0000001
 44
0.0000000001
 40
0.0
 40
0.0
 40
0.0
 40
0.0
 40
1.0
 40
1.0
 40
1.0
 40
1.0
 10
354.5912133396
 20
239.2294247964
 30
0.0
 10
354.591964834
 20
239.2347086104
 30
0.0
 10
354.595596851
 20
239.2397798223
 30
0.0
 10
354.6022669262
 20
239.2447550313
 30
0.0
  0
SPLINE
  5
E51
100
AcDbEntity
  8
BZ-KURVEN
100
AcDbSpline
 62
5
  6
BYLAYER
 70
0
 71
3
 72
10
 73
6
 74
0
 42
0.0000001
 43
0.0000001
 44
0.0000000001
 40
0.0
 40
0.0
 40
0.0
 40
0.0
 40
0.2253822874
 40
0.7747519129
 40
1.0
 40
1.0
 40
1.0
 40
1.0
 10
354.6022669262
 20
239.2447550313
 30
0.0
 10
354.6069069743
 20
239.248216043
 30
0.0
 10
354.627910997
 20
239.2599535732
 30
0.0
 10
354.678253971
 20
239.2749937172
 30
0.0
 10
354.7305126081
 20
239.288342811
 30
0.0
 10
354.7467023683
 20
239.2924374089
 30
0.0
  0
SPLINE
  5
E52
100
AcDbEntity
  8
BZ-KURVEN
100
AcDbSpline
 62
5
  6
BYLAYER
 70
0
 71
3
 72
9
 73
5
 74
0
 42
0.0000001
 43
0.0000001
 44
0.0000000001
 40
0.0
 40
0.0
 40
0.0
 40
0.0
 40
0.4787681666
 40
1.0
 40
1.0
 40
1.0
 40
1.0
 10
354.7467023683
 20
239.2924374089
 30
0.0
 10
354.7699986814
 20
239.2983293453
 30
0.0
 10
354.8229550018
 20
239.3115564054
 30
0.0
 10
354.8832272116
 20
239.3276061878
 30
0.0
 10
354.9160750097
 20
239.3369392359
 30
0.0
  0
SPLINE
  5
E53
100
AcDbEntity
  8
BZ-KURVEN
100
AcDbSpline
 62
5
  6
BYLAYER
 70
0
 71
3
 72
9
 73
5
 74
0
 42
0.0000001
 43
0.0000001
 44
0.0000000001
 40
0.0
 40
0.0
 40
0.0
 40
0.0
 40
0.5963729238
 40
1.0
 40
1.0
 40
1.0
 40
1.0
 10
354.9160750097
 20
239.3369392359
 30
0.0
 10
354.9343668143
 20
239.3421364881
 30
0.0
 10
354.9657831764
 20
239.3513542761
 30
0.0
 10
354.9981783389
 20
239.3615128796
 30
0.0
 10
355.0113956142
 20
239.3657737206
 30
0.0
  0
LINE
  5
E54
100
AcDbEntity
  8
BZ-KURVEN
100
AcDbLine
 62
5
  6
BYLAYER
 10
355.0113956142
 20
239.3657737206
 30
0.0
 11
355.0196329905
 21
239.3684441189
 31
0.0
  0
SPLINE
  5
E55
100
AcDbEntity
  8
BZ-KURVEN
100
AcDbSpline
 62
5
  6
BYLAYER
 70
0
 71
3
 72
8
 73
4
 74
0
 42
0.0000001
 43
0.0000001
 44
0.0000000001
 40
0.0
 40
0.0
 40
0.0
 40
0.0
 40
1.0
 40
1.0
 40
1.0
 40
1.0
 10
355.0196329905
 20
239.3684441189
 30
0.0
 10
355.051362609
 20
239.3787879253
 30
0.0
 10
355.0838807623
 20
239.3900575519
 30
0.0
 10
355.1169450829
 20
239.4023524115
 30
0.0
  0
SPLINE
  5
E56
100
AcDbEntity
  8
BZ-KURVEN
100
AcDbSpline
 62
5
  6
BYLAYER
 70
0
 71
3
 72
9
 73
5
 74
0
 42
0.0000001
 43
0.0000001
 44
0.0000000001
 40
0.0
 40
0.0
 40
0.0
 40
0.0
 40
0.1143638643
 40
1.0
 40
1.0
 40
1.0
 40
1.0
 10
355.1169450829
 20
239.4023524115
 30
0.0
 10
355.1243242911
 20
239.4050963459
 30
0.0
 10
355.1890861095
 20
239.4295358786
 30
0.0
 10
355.2557218658
 20
239.4579642214
 30
0.0
 10
355.3156523867
 20
239.4871178472
 30
0.0
  0
SPLINE
  5
E57
100
AcDbEntity
  8
BZ-KURVEN
100
AcDbSpline
 62
5
  6
BYLAYER
 70
0
 71
3
 72
13
 73
9
 74
0
 42
0.0000001
 43
0.0000001
 44
0.0000000001
 40
0.0
 40
0.0
 40
0.0
 40
0.0
 40
0.25
 40
0.5
 40
0.625
 40
0.75
 40
0.875
 40
1.0
 40
1.0
 40
1.0
 40
1.0
 10
356.1999115409
 20
240.594397282
 30
0.0
 10
356.2011725303
 20
240.5999752331
 30
0.0
 10
356.2036545123
 20
240.6109833293
 30
0.0
 10
356.2067606525
 20
240.6255254884
 30
0.0
 10
356.2088252406
 20
240.635605619
 30
0.0
 10
356.2111600516
 20
240.6474547829
 30
0.0
 10
356.2135448344
 20
240.6598203525
 30
0.0
 10
356.2146623578
 20
240.6659738878
 30
0.0
 10
356.2152801609
 20
240.6693119277
 30
0.0
  0
SPLINE
  5
E58
100
AcDbEntity
  8
BZ-KURVEN
100
AcDbSpline
 62
5
  6
BYLAYER
 70
0
 71
3
 72
14
 73
10
 74
0
 42
0.0000001
 43
0.0000001
 44
0.0000000001
 40
0.0
 40
0.0
 40
0.0
 40
0.0
 40
0.25
 40
0.375
 40
0.5
 40
0.625
 40
0.75
 40
0.875
 40
1.0
 40
1.0
 40
1.0
 40
1.0
 10
356.1493332109
 20
240.4196544866
 30
0.0
 10
356.1539521893
 20
240.4331906477
 30
0.0
 10
356.1608044579
 20
240.4532823011
 30
0.0
 10
356.1695294635
 20
240.4811553748
 30
0.0
 10
356.1753072246
 20
240.4999218563
 30
0.0
 10
356.1829143315
 20
240.5271423486
 30
0.0
 10
356.1885546952
 20
240.5481472946
 30
0.0
 10
356.1939815744
 20
240.5694715917
 30
0.0
 10
356.1979653754
 20
240.5863069841
 30
0.0
 10
356.1999115407
 20
240.594397281
 30
0.0
  0
SPLINE
  5
E59
100
AcDbEntity
  8
BZ-KURVEN
100
AcDbSpline
 62
5
  6
BYLAYER
 70
0
 71
3
 72
14
 73
10
 74
0
 42
0.0000001
 43
0.0000001
 44
0.0000000001
 40
0.0
 40
0.0
 40
0.0
 40
0.0
 40
0.25
 40
0.375
 40
0.5
 40
0.625
 40
0.75
 40
0.875
 40
1.0
 40
1.0
 40
1.0
 40
1.0
 10
356.078333262
 20
240.2490314598
 30
0.0
 10
356.0844577197
 20
240.2619656724
 30
0.0
 10
356.0935442596
 20
240.2811633361
 30
0.0
 10
356.1053751496
 20
240.3078872015
 30
0.0
 10
356.1165577092
 20
240.3337997202
 30
0.0
 10
356.1238965014
 20
240.3521073334
 30
0.0
 10
356.1318460832
 20
240.3722447216
 30
0.0
 10
356.1397931087
 20
240.3932157454
 30
0.0
 10
356.1462497261
 20
240.4111729473
 30
0.0
 10
356.1493332098
 20
240.4196544834
 30
0.0
  0
SPLINE
  5
E5A
100
AcDbEntity
  8
BZ-KURVEN
100
AcDbSpline
 62
5
  6
BYLAYER
 70
0
 71
3
 72
14
 73
10
 74
0
 42
0.0000001
 43
0.0000001
 44
0.0000000001
 40
0.0
 40
0.0
 40
0.0
 40
0.0
 40
0.25
 40
0.375
 40
0.5
 40
0.625
 40
0.75
 40
0.875
 40
1.0
 40
1.0
 40
1.0
 40
1.0
 10
355.9902212636
 20
240.0902475661
 30
0.0
 10
355.9977484173
 20
240.1024307184
 30
0.0
 10
356.0089174486
 20
240.1205150827
 30
0.0
 10
356.0236501814
 20
240.1457746218
 30
0.0
 10
356.0334760576
 20
240.1628043833
 30
0.0
 10
356.0469707076
 20
240.1876688814
 30
0.0
 10
356.0571710975
 20
240.2069293466
 30
0.0
 10
356.067190975
 20
240.2264579953
 30
0.0
 10
356.0746871922
 20
240.2416915081
 30
0.0
 10
356.0783332634
 20
240.2490314628
 30
0.0
  0
SPLINE
  5
E5B
100
AcDbEntity
  8
BZ-KURVEN
100
AcDbSpline
 62
5
  6
BYLAYER
 70
0
 71
3
 72
14
 73
10
 74
0
 42
0.0000001
 43
0.0000001
 44
0.0000000001
 40
0.0
 40
0.0
 40
0.0
 40
0.0
 40
0.25
 40
0.375
 40
0.5
 40
0.625
 40
0.75
 40
0.875
 40
1.0
 40
1.0
 40
1.0
 40
1.0
 10
355.8829599233
 20
239.9395881946
 30
0.0
 10
355.8918198025
 20
239.9508538124
 30
0.0
 10
355.9049665198
 20
239.9675757109
 30
0.0
 10
355.922469568
 20
239.9910329621
 30
0.0
 10
355.9391595134
 20
240.0138420308
 30
0.0
 10
355.9504024952
 20
240.030079258
 30
0.0
 10
355.9626529261
 20
240.0479717171
 30
0.0
 10
355.9750745518
 20
240.0666579179
 30
0.0
 10
355.9853375178
 20
240.0826815308
 30
0.0
 10
355.9902212655
 20
240.0902475691
 30
0.0
  0
SPLINE
  5
E5C
100
AcDbEntity
  8
BZ-KURVEN
100
AcDbSpline
 62
5
  6
BYLAYER
 70
0
 71
3
 72
14
 73
10
 74
0
 42
0.0000001
 43
0.0000001
 44
0.0000000001
 40
0.0
 40
0.0
 40
0.0
 40
0.0
 40
0.25
 40
0.375
 40
0.5
 40
0.625
 40
0.75
 40
0.875
 40
1.0
 40
1.0
 40
1.0
 40
1.0
 10
355.7620308359
 20
239.8045734668
 30
0.0
 10
355.772086938
 20
239.8148019802
 30
0.0
 10
355.7870101151
 20
239.8299859966
 30
0.0
 10
355.8070074351
 20
239.8513842782
 30
0.0
 10
355.8203866425
 20
239.865835947
 30
0.0
 10
355.8390847511
 20
239.8871161357
 30
0.0
 10
355.8533406741
 20
239.9036788572
 30
0.0
 10
355.8674075102
 20
239.920451771
 30
0.0
 10
355.8778658225
 20
239.9333526321
 30
0.0
 10
355.8829599259
 20
239.9395881979
 30
0.0
  0
SPLINE
  5
E5D
100
AcDbEntity
  8
BZ-KURVEN
100
AcDbSpline
 62
5
  6
BYLAYER
 70
0
 71
3
 72
14
 73
10
 74
0
 42
0.0000001
 43
0.0000001
 44
0.0000000001
 40
0.0
 40
0.0
 40
0.0
 40
0.0
 40
0.25
 40
0.375
 40
0.5
 40
0.625
 40
0.75
 40
0.875
 40
1.0
 40
1.0
 40
1.0
 40
1.0
 10
355.6241647239
 20
239.6814517798
 30
0.0
 10
355.6353137781
 20
239.6904955889
 30
0.0
 10
355.6518585938
 20
239.7039206267
 30
0.0
 10
355.6741512514
 20
239.7229586304
 30
0.0
 10
355.6955076713
 20
239.7415438956
 30
0.0
 10
355.7100847792
 20
239.7549106751
 30
0.0
 10
355.7260272865
 20
239.7696851226
 30
0.0
 10
355.7422599891
 20
239.785142662
 30
0.0
 10
355.7556549837
 20
239.7983373329
 30
0.0
 10
355.7620308319
 20
239.8045734627
 30
0.0
  0
SPLINE
  5
E5E
100
AcDbEntity
  8
BZ-KURVEN
100
AcDbSpline
 62
5
  6
BYLAYER
 70
0
 71
3
 72
16
 73
12
 74
0
 42
0.0000001
 43
0.0000001
 44
0.0000000001
 40
0.0
 40
0.0
 40
0.0
 40
0.0
 40
0.125
 40
0.25
 40
0.375
 40
0.5
 40
0.625
 40
0.75
 40
0.8125
 40
0.875
 40
1.0
 40
1.0
 40
1.0
 40
1.0
 10
355.3156523867
 20
239.4871178472
 30
0.0
 10
355.3284763377
 20
239.4936154594
 30
0.0
 10
355.3535451088
 20
239.506003228
 30
0.0
 10
355.3946230513
 20
239.5282296165
 30
0.0
 10
355.4356460498
 20
239.5515946537
 30
0.0
 10
355.4703307215
 20
239.5722488776
 30
0.0
 10
355.512150204
 20
239.5996895176
 30
0.0
 10
355.5423102465
 20
239.6206168151
 30
0.0
 10
355.5651212187
 20
239.6365018662
 30
0.0
 10
355.5909490462
 20
239.6559530901
 30
0.0
 10
355.6109643754
 20
239.6713616523
 30
0.0
 10
355.6241647152
 20
239.6814517729
 30
0.0
  0
SPLINE
  5
E5F
100
AcDbEntity
  8
BZ-KURVEN
100
AcDbSpline
 62
5
  6
BYLAYER
 70
0
 71
3
 72
9
 73
5
 74
0
 42
0.0000001
 43
0.0000001
 44
0.0000000001
 40
0.0
 40
0.0
 40
0.0
 40
0.0
 40
0.4215444063
 40
1.0
 40
1.0
 40
1.0
 40
1.0
 10
355.4499238064
 20
240.6162041803
 30
0.0
 10
355.3679117492
 20
240.5783081963
 30
0.0
 10
355.1630144874
 20
240.5052510233
 30
0.0
 10
354.9408547144
 20
240.4760207116
 30
0.0
 10
354.8102351435
 20
240.4747184421
 30
0.0
  0
SPLINE
  5
E60
100
AcDbEntity
  8
0
100
AcDbSpline
 62
7
  6
BYLAYER
 70
0
 71
3
 72
13
 73
9
 74
0
 42
0.0000001
 43
0.0000001
 44
0.0000000001
 40
0.0
 40
0.0
 40
0.0
 40
0.0
 40
0.2654757541
 40
0.3954278161
 40
0.5223472098
 40
0.6461423031
 40
0.767009881
 40
1.0
 40
1.0
 40
1.0
 40
1.0
 10
372.9323943467
 20
204.1712671854
 30
0.0
 10
372.8975392554
 20
204.1266520883
 30
0.0
 10
372.8517378267
 20
204.0555142641
 30
0.0
 10
372.7955443823
 20
203.9593734698
 30
0.0
 10
372.756730704
 20
203.8880320579
 30
0.0
 10
372.7229841155
 20
203.8162636938
 30
0.0
 10
372.6860902129
 20
203.7212527103
 30
0.0
 10
372.6644537112
 20
203.648800996
 30
0.0
 10
372.6522829115
 20
203.6006264971
 30
0.0
  0
SPLINE
  5
E61
100
AcDbEntity
  8
0
100
AcDbSpline
 62
7
  6
BYLAYER
 70
0
 71
3
 72
9
 73
5
 74
0
 42
0.0000001
 43
0.0000001
 44
0.0000000001
 40
0.0
 40
0.0
 40
0.0
 40
0.0
 40
0.2596611747
 40
1.0
 40
1.0
 40
1.0
 40
1.0
 10
372.6522829115
 20
203.6006264971
 30
0.0
 10
372.6455615498
 20
203.5740219811
 30
0.0
 10
372.6222016537
 20
203.4709282285
 30
0.0
 10
372.6079443231
 20
203.3658773809
 30
0.0
 10
372.6015044441
 20
203.2879054809
 30
0.0
  0
SPLINE
  5
E62
100
AcDbEntity
  8
_26_DATUM_AXIS
100
AcDbSpline
 62
7
  6
BYLAYER
 70
0
 71
3
 72
9
 73
5
 74
0
 42
0.0000001
 43
0.0000001
 44
0.0000000001
 40
0.0
 40
0.0
 40
0.0
 40
0.0
 40
0.2645141866
 40
1.0
 40
1.0
 40
1.0
 40
1.0
 10
370.3206438284
 20
202.1665321456
 30
0.0
 10
370.3159539148
 20
202.1740923912
 30
0.0
 10
370.2984926268
 20
202.2028411004
 30
0.0
 10
370.2820664281
 20
202.232210329
 30
0.0
 10
370.2704094929
 20
202.2540292603
 30
0.0
  0
SPLINE
  5
E63
100
AcDbEntity
  8
_26_DATUM_AXIS
100
AcDbSpline
 62
7
  6
BYLAYER
 70
0
 71
3
 72
9
 73
5
 74
0
 42
0.0000001
 43
0.0000001
 44
0.0000000001
 40
0.0
 40
0.0
 40
0.0
 40
0.0
 40
0.2907047955
 40
1.0
 40
1.0
 40
1.0
 40
1.0
 10
370.2704094929
 20
202.2540292603
 30
0.0
 10
370.2648826738
 20
202.2643741138
 30
0.0
 10
370.2461902887
 20
202.3001311132
 30
0.0
 10
370.2283665238
 20
202.3363294046
 30
0.0
 10
370.2154487109
 20
202.36186489
 30
0.0
  0
SPLINE
  5
E64
100
AcDbEntity
  8
_26_DATUM_AXIS
100
AcDbSpline
 62
7
  6
BYLAYER
 70
0
 71
3
 72
9
 73
5
 74
0
 42
0.0000001
 43
0.0000001
 44
0.0000000001
 40
0.0
 40
0.0
 40
0.0
 40
0.0
 40
0.6972819854
 40
1.0
 40
1.0
 40
1.0
 40
1.0
 10
370.2154487109
 20
202.36186489
 30
0.0
 10
370.2082641997
 20
202.3760669831
 30
0.0
 10
370.1981182524
 20
202.3964507358
 30
0.0
 10
370.186068591
 20
202.4160391768
 30
0.0
 10
370.1815133595
 20
202.4212347873
 30
0.0
  0
SPLINE
  5
E65
100
AcDbEntity
  8
0
100
AcDbSpline
 62
7
  6
BYLAYER
 70
0
 71
3
 72
9
 73
5
 74
0
 42
0.0000001
 43
0.0000001
 44
0.0000000001
 40
0.0
 40
0.0
 40
0.0
 40
0.0
 40
0.2501098144
 40
1.0
 40
1.0
 40
1.0
 40
1.0
 10
372.9601049062
 20
204.2113153261
 30
0.0
 10
372.9215364314
 20
204.2614358807
 30
0.0
 10
372.7612772395
 20
204.4571682475
 30
0.0
 10
372.5794633425
 20
204.6346868402
 30
0.0
 10
372.4358284149
 20
204.7584739521
 30
0.0
  0
SPLINE
  5
E66
100
AcDbEntity
  8
0
100
AcDbSpline
 62
7
  6
BYLAYER
 70
0
 71
3
 72
9
 73
5
 74
0
 42
0.0000001
 43
0.0000001
 44
0.0000000001
 40
0.0
 40
0.0
 40
0.0
 40
0.0
 40
0.5490657135
 40
1.0
 40
1.0
 40
1.0
 40
1.0
 10
349.0923618758
 20
239.1108400386
 30
0.0
 10
349.0774603608
 20
239.1234757853
 30
0.0
 10
349.0524548151
 20
239.1498875501
 30
0.0
 10
349.0412133396
 20
239.1856053292
 30
0.0
 10
349.0412133396
 20
239.2016510717
 30
0.0
  0
SPLINE
  5
E67
100
AcDbEntity
  8
0
100
AcDbSpline
 62
7
  6
BYLAYER
 70
0
 71
3
 72
9
 73
5
 74
0
 42
0.0000001
 43
0.0000001
 44
0.0000000001
 40
0.0
 40
0.0
 40
0.0
 40
0.0
 40
0.5490657135
 40
1.0
 40
1.0
 40
1.0
 40
1.0
 10
354.3900648034
 20
239.1108400386
 30
0.0
 10
354.4049663183
 20
239.1234757853
 30
0.0
 10
354.4299718641
 20
239.1498875501
 30
0.0
 10
354.4412133396
 20
239.1856053292
 30
0.0
 10
354.4412133396
 20
239.2016510717
 30
0.0
  0
SPLINE
  5
E68
100
AcDbEntity
  8
0
100
AcDbSpline
 62
7
  6
BYLAYER
 70
0
 71
3
 72
11
 73
7
 74
0
 42
0.0000001
 43
0.0000001
 44
0.0000000001
 40
0.0
 40
0.0
 40
0.0
 40
0.0
 40
0.4002260277
 40
0.7134306933
 40
0.9199308737
 40
1.0
 40
1.0
 40
1.0
 40
1.0
 10
354.4344749629
 20
247.3190569139
 30
0.0
 10
354.4305894711
 20
247.4679747562
 30
0.0
 10
354.4205682661
 20
247.7333636321
 30
0.0
 10
354.3987860194
 20
248.0751306701
 30
0.0
 10
354.3781178283
 20
248.2974313737
 30
0.0
 10
354.365431872
 20
248.4033694411
 30
0.0
 10
354.3609345465
 20
248.4328307634
 30
0.0
  0
LINE
  5
E69
100
AcDbEntity
  8
0
100
AcDbLine
 62
7
  6
BYLAYER
 10
359.1527110928
 20
249.7946770276
 30
0.0
 11
359.116201783
 21
250.1330344552
 31
0.0
  0
LINE
  5
E6A
100
AcDbEntity
  8
0
100
AcDbLine
 62
7
  6
BYLAYER
 10
344.3297155864
 20
249.7946770276
 30
0.0
 11
344.3662249033
 21
250.1330345127
 31
0.0
  0
LINE
  5
E6B
100
AcDbEntity
  8
0
100
AcDbLine
 62
7
  6
BYLAYER
 10
349.0422656829
 20
247.2343042408
 30
0.0
 11
349.0423798995
 21
247.2489060814
 31
0.0
  0
SPLINE
  5
E6C
100
AcDbEntity
  8
0
100
AcDbSpline
 62
7
  6
BYLAYER
 70
0
 71
3
 72
10
 73
6
 74
0
 42
0.0000001
 43
0.0000001
 44
0.0000000001
 40
0.0
 40
0.0
 40
0.0
 40
0.0
 40
0.5955461579
 40
0.8236453648
 40
1.0
 40
1.0
 40
1.0
 40
1.0
 10
349.0423798995
 20
247.2489060814
 30
0.0
 10
349.0440070127
 20
247.4508702861
 30
0.0
 10
349.0486072558
 20
247.7302204256
 30
0.0
 10
349.0639839698
 20
248.0690226906
 30
0.0
 10
349.073774413
 20
248.2058715067
 30
0.0
 10
349.0794670401
 20
248.265408066
 30
0.0
  0
SPLINE
  5
E6D
100
AcDbEntity
  8
0
100
AcDbSpline
 62
7
  6
BYLAYER
 70
0
 71
3
 72
9
 73
5
 74
0
 42
0.0000001
 43
0.0000001
 44
0.0000000001
 40
0.0
 40
0.0
 40
0.0
 40
0.0
 40
0.6082439613
 40
1.0
 40
1.0
 40
1.0
 40
1.0
 10
349.0794670401
 20
248.265408066
 30
0.0
 10
349.082675795
 20
248.2989669525
 30
0.0
 10
349.0887912394
 20
248.3540258595
 30
0.0
 10
349.0973409557
 20
248.4089142196
 30
0.0
 10
349.1025635632
 20
248.4299898618
 30
0.0
  0
SPLINE
  5
E6E
100
AcDbEntity
  8
0
100
AcDbSpline
 62
7
  6
BYLAYER
 70
0
 71
3
 72
9
 73
5
 74
0
 42
0.0000001
 43
0.0000001
 44
0.0000000001
 40
0.0
 40
0.0
 40
0.0
 40
0.0
 40
0.4379790096
 40
1.0
 40
1.0
 40
1.0
 40
1.0
 10
349.1617040032
 20
248.4205817863
 30
0.0
 10
349.1699652863
 20
248.414121505
 30
0.0
 10
349.1858410922
 20
248.3956530473
 30
0.0
 10
349.1971682965
 20
248.3744647905
 30
0.0
 10
349.2028348663
 20
248.3622584799
 30
0.0
  0
SPLINE
  5
E6F
100
AcDbEntity
  8
0
100
AcDbSpline
 62
7
  6
BYLAYER
 70
0
 71
3
 72
14
 73
10
 74
0
 42
0.0000001
 43
0.0000001
 44
0.0000000001
 40
0.0
 40
0.0
 40
0.0
 40
0.0
 40
0.0570524824
 40
0.1341594856
 40
0.2318766665
 40
0.3497814906
 40
0.4870409334
 40
0.6423740985
 40
1.0
 40
1.0
 40
1.0
 40
1.0
 10
349.2028348663
 20
248.3622584799
 30
0.0
 10
349.2155211915
 20
248.3349309729
 30
0.0
 10
349.237417809
 20
248.2671576792
 30
0.0
 10
349.2637253812
 20
248.147573537
 30
0.0
 10
349.2886349894
 20
247.9949242802
 30
0.0
 10
349.3126702501
 20
247.8101236037
 30
0.0
 10
349.3361853246
 20
247.594610838
 30
0.0
 10
349.3693477273
 20
247.2528425824
 30
0.0
 10
349.393091235
 20
246.982995299
 30
0.0
 10
349.4102509374
 20
246.7949190547
 30
0.0
  0
SPLINE
  5
E70
100
AcDbEntity
  8
0
100
AcDbSpline
 62
7
  6
BYLAYER
 70
0
 71
3
 72
9
 73
5
 74
0
 42
0.0000001
 43
0.0000001
 44
0.0000000001
 40
0.0
 40
0.0
 40
0.0
 40
0.0
 40
0.2271899795
 40
1.0
 40
1.0
 40
1.0
 40
1.0
 10
354.4173533676
 20
248.4273671858
 30
0.0
 10
354.4178984319
 20
248.4205214927
 30
0.0
 10
354.4201654518
 20
248.3903789496
 30
0.0
 10
354.4219707639
 20
248.3602030011
 30
0.0
 10
354.4232062975
 20
248.336875675
 30
0.0
  0
SPLINE
  5
E71
100
AcDbEntity
  8
0
100
AcDbSpline
 62
7
  6
BYLAYER
 70
0
 71
3
 72
10
 73
6
 74
0
 42
0.0000001
 43
0.0000001
 44
0.0000000001
 40
0.0
 40
0.0
 40
0.0
 40
0.0
 40
0.1812153947
 40
0.4110154443
 40
1.0
 40
1.0
 40
1.0
 40
1.0
 10
354.4232062975
 20
248.336875675
 30
0.0
 10
354.4263991711
 20
248.2765930492
 30
0.0
 10
354.4313529325
 20
248.1397486734
 30
0.0
 10
354.4383214142
 20
247.8066956813
 30
0.0
 10
354.4401036596
 20
247.5339310904
 30
0.0
 10
354.4407780393
 20
247.3377276026
 30
0.0
  0
LINE
  5
E72
100
AcDbEntity
  8
0
100
AcDbLine
 62
7
  6
BYLAYER
 10
349.4102512365
 20
246.794912638
 30
0.0
 11
349.0412136826
 21
246.9681643551
 31
0.0
  0
SPLINE
  5
E73
100
AcDbEntity
  8
0
100
AcDbSpline
 62
7
  6
BYLAYER
 70
0
 71
3
 72
9
 73
5
 74
0
 42
0.0000001
 43
0.0000001
 44
0.0000000001
 40
0.0
 40
0.0
 40
0.0
 40
0.0
 40
0.2533941989
 40
1.0
 40
1.0
 40
1.0
 40
1.0
 10
372.2420851112
 20
203.6786068519
 30
0.0
 10
372.2369302923
 20
203.6837668643
 30
0.0
 10
372.2167758619
 20
203.7043170035
 30
0.0
 10
372.1974195729
 20
203.725658002
 30
0.0
 10
372.1835589668
 20
203.7420810139
 30
0.0
  0
SPLINE
  5
E74
100
AcDbEntity
  8
_26_DATUM_AXIS
100
AcDbSpline
 62
7
  6
BYLAYER
 70
0
 71
3
 72
11
 73
7
 74
0
 42
0.0000001
 43
0.0000001
 44
0.0000000001
 40
0.0
 40
0.0
 40
0.0
 40
0.0
 40
0.3348474429
 40
0.6454624585
 40
0.8914339468
 40
1.0
 40
1.0
 40
1.0
 40
1.0
 10
370.1630877702
 20
202.605335255
 30
0.0
 10
370.152728591
 20
202.6681748799
 30
0.0
 10
370.141253548
 20
202.7908867358
 30
0.0
 10
370.1475657893
 20
202.9606698849
 30
0.0
 10
370.1638816243
 20
203.086241392
 30
0.0
 10
370.1759318694
 20
203.1526022494
 30
0.0
 10
370.179912062
 20
203.172861685
 30
0.0
  0
SPLINE
  5
E75
100
AcDbEntity
  8
0
100
AcDbSpline
 62
7
  6
BYLAYER
 70
0
 71
3
 72
16
 73
12
 74
0
 42
0.0000001
 43
0.0000001
 44
0.0000000001
 40
0.0
 40
0.0
 40
0.0
 40
0.0
 40
0.2032700898
 40
0.3991917694
 40
0.5794072969
 40
0.7352488393
 40
0.8583208289
 40
0.9428636803
 40
0.9700832223
 40
0.9877513046
 40
1.0
 40
1.0
 40
1.0
 40
1.0
 10
372.2418044991
 20
203.678849004
 30
0.0
 10
372.2710808183
 20
203.6495227588
 30
0.0
 10
372.326099417
 20
203.5893759447
 30
0.0
 10
372.397564926
 20
203.4951549482
 30
0.0
 10
372.4560692655
 20
203.4037072491
 30
0.0
 10
372.5006988264
 20
203.3213757063
 30
0.0
 10
372.5337673861
 20
203.2550837306
 30
0.0
 10
372.5549974002
 20
203.2121496457
 30
0.0
 10
372.5679140981
 20
203.1891448378
 30
0.0
 10
372.5742427139
 20
203.1793330678
 30
0.0
 10
372.5781613643
 20
203.1746582716
 30
0.0
 10
372.579912062
 20
203.172861685
 30
0.0
  0
SPLINE
  5
E76
100
AcDbEntity
  8
0
100
AcDbSpline
 62
7
  6
BYLAYER
 70
0
 71
3
 72
15
 73
11
 74
0
 42
0.0000001
 43
0.0000001
 44
0.0000000001
 40
0.0
 40
0.0
 40
0.0
 40
0.0
 40
0.1030554383
 40
0.2028192355
 40
0.3033749056
 40
0.4125932055
 40
0.5377450738
 40
0.6804205639
 40
0.8366308083
 40
1.0
 40
1.0
 40
1.0
 40
1.0
 10
372.1723783344
 20
203.7555980606
 30
0.0
 10
372.147565508
 20
203.7862195854
 30
0.0
 10
372.1027713253
 20
203.8500193316
 30
0.0
 10
372.0556500869
 20
203.9572292339
 30
0.0
 10
372.0397070293
 20
204.0764377576
 30
0.0
 10
372.0633342898
 20
204.2042310628
 30
0.0
 10
372.1246766812
 20
204.3357830745
 30
0.0
 10
372.2142735073
 20
204.4712379922
 30
0.0
 10
372.3212039488
 20
204.6120501663
 30
0.0
 10
372.3965664201
 20
204.7082670033
 30
0.0
 10
372.4350323701
 20
204.7575011741
 30
0.0
  0
ELLIPSE
  5
E77
100
AcDbEntity
  8
RUNDUNGEN
100
AcDbEllipse
 62
7
  6
BYLAYER
 10
76.6308489354
 20
198.5812914549
 30
0.0
 11
0.6
 21
0.0
 31
0.0
 40
0.1405408347
 41
-1.5707963268
 42
-0.0
  0
ELLIPSE
  5
E78
100
AcDbEntity
  8
RUNDUNGEN
100
AcDbEllipse
 62
7
  6
BYLAYER
 10
88.9308489354
 20
198.5812914549
 30
0.0
 11
0.6
 21
0.0
 31
0.0
 40
0.1405408347
 41
3.1415926536
 42
4.7123889804
  0
ELLIPSE
  5
E79
100
AcDbEntity
  8
RUNDUNGEN
100
AcDbEllipse
 62
7
  6
BYLAYER
 10
101.3058489354
 20
212.151767759
 30
0.0
 11
0.6
 21
0.0
 31
0.0
 40
0.0174550649
 41
-3.1415926536
 42
-1.5707963268
  0
ELLIPSE
  5
E7A
100
AcDbEntity
  8
RUNDUNGEN
100
AcDbEllipse
 62
7
  6
BYLAYER
 10
64.2558489354
 20
212.151767759
 30
0.0
 11
0.6
 21
0.0
 31
0.0
 40
0.0174550649
 41
-1.5707963268
 42
0.0
  0
ELLIPSE
  5
E7B
100
AcDbEntity
  8
RUNDUNGEN
100
AcDbEllipse
 62
7
  6
BYLAYER
 10
101.3058489354
 20
224.1308216811
 30
0.0
 11
0.6
 21
-0.0
 31
0.0
 40
0.0174550649
 41
1.5707963268
 42
3.1415926536
  0
ELLIPSE
  5
E7C
100
AcDbEntity
  8
RUNDUNGEN
100
AcDbEllipse
 62
7
  6
BYLAYER
 10
64.2558489354
 20
224.1308216811
 30
0.0
 11
0.6
 21
0.0
 31
0.0
 40
0.0174550649
 41
0.0
 42
1.5707963268
  0
ENDSEC
  0
SECTION
  2
OBJECTS
  0
DICTIONARY
  5
C
100
AcDbDictionary
280
0
281
1
  3
ACAD_GROUP
350
D
  3
ACAD_MLINESTYLE
350
17
  3
ACAD_LAYOUT
350
1A
  3
ACAD_PLOTSETTINGS
350
19
  3
ACAD_PLOTSTYLENAME
350
E
  3
ACAD_TABLESTYLE
350
       E7D
  0
DICTIONARY
  5
D
102
{ACAD_REACTORS
330
C
102
}
100
AcDbDictionary
280
0
281
1
  0
ACDBDICTIONARYWDFLT
  5
E
102
{ACAD_REACTORS
330
C
102
}
100
AcDbDictionary
281
1
  3
Normal
350
F
100
AcDbDictionaryWithDefault
340
F
  0
DICTIONARY
  5
17
102
{ACAD_REACTORS
330
C
102
}
100
AcDbDictionary
280
0
281
1
  3
Standard
350
18
  0
DICTIONARY
  5
E7D
330
C
100
AcDbDictionary
281
1
  3
Standard
350
       E80
  3
Standard1
350
       E81
  0
DICTIONARY
  5
19
102
{ACAD_REACTORS
330
C
102
}
100
AcDbDictionary
281
1
  0
DICTIONARY
  5
1A
102
{ACAD_REACTORS
330
C
102
}
100
AcDbDictionary
281
1
  3
Model
350
E7E
  3
Layout1
350
E7F
  0
ACDBPLACEHOLDER
  5
F
102
{ACAD_REACTORS
330
E
102
}
  0
MLINESTYLE
  5
18
102
{ACAD_REACTORS
330
17
102
}
100
AcDbMlineStyle
  2
STANDARD
 70
0
  3

 62
256
 51
90.0
 52
90.0
 71
2
 49
0.5
 62
256
  6
BYLAYER
 49
-0.5
 62
256
  6
BYLAYER
  0
LAYOUT
  5
E7E
102
{ACAD_REACTORS
330
1A
102
}
100
AcDbPlotSettings
  1

  2
none_device
  4
ISO_A3_(420.00_x_297.00_MM)
  6

 40
0.0
 41
0.0
 42
0.0
 43
0.0
 44
420.0
 45
297.0
 46
0.0
 47
0.0
 48
0.0
 49
0.0
140
0.0
141
0.0
142
1.0
143
1.0
 70
1024
 72
1
 73
0
 74
0
  7

 75
0
147
1.0
148
0.0
149
0.0
100
AcDbLayout
  1
Model
 70
0
 71
0
 10
0.0
 20
0.0
 11
420.0
 21
297.0
 12
0.0
 22
0.0
 32
0.0
 14
0.0
 24
0.0
 34
0.0
 15
0.0
 25
0.0
 35
0.0
146
0.0
 13
0.0
 23
0.0
 33
0.0
 16
1.0
 26
0.0
 36
0.0
 17
0.0
 27
1.0
 37
0.0
 76
0
330
237
345
0
346
0
  0
LAYOUT
  5
E7F
102
{ACAD_REACTORS
330
1A
102
}
100
AcDbPlotSettings
  1

  2
none_device
  4
ISO_A3_(420.00_x_297.00_MM)
  6

 40
0.0
 41
0.0
 42
0.0
 43
0.0
 44
420.0
 45
297.0
 46
0.0
 47
0.0
 48
0.0
 49
0.0
140
0.0
141
0.0
142
1.0
143
1.0
 70
0
 72
1
 73
0
 74
0
  7

 75
0
147
1.0
148
0.0
149
0.0
100
AcDbLayout
  1
Layout1
 70
0
 71
1
 10
0.0
 20
0.0
 11
420.0
 21
297.0
 12
0.0
 22
0.0
 32
0.0
 14
0.0
 24
0.0
 34
0.0
 15
0.0
 25
0.0
 35
0.0
146
0.0
 13
0.0
 23
0.0
 33
0.0
 16
1.0
 26
0.0
 36
0.0
 17
0.0
 27
1.0
 37
0.0
 76
0
330
238
345
0
346
0
  0
TABLESTYLE
  5
E80
102
{ACAD_REACTORS
330
E7D
330
6C5
102
}
330
E7D
100
AcDbTableStyle
  3
Standard
 70
0
 71
0
 40
1.5
 41
1.5
280
1
281
1
  7
Standard
140
0.18
170
1
 62
0
 63
7
283
0
  7
Standard
140
0.18
170
1
 62
0
 63
7
283
0
  7
Standard
140
0.18
170
1
 62
0
 63
7
283
0
  0
TABLESTYLE
  5
E81
102
{ACAD_REACTORS
330
E7D
102
}
330
E7D
100
AcDbTableStyle
  3
Standard1
 70
1
 71
0
 40
1.5
 41
1.5
280
1
281
1
  7
Standard
140
0.18
170
1
 62
0
 63
7
283
0
  7
Standard
140
0.18
170
1
 62
0
 63
7
283
0
  7
Standard
140
0.18
170
1
 62
0
 63
7
283
0
  0
ENDSEC
  0
EOF
