ISO-10303-21;
HEADER;
FILE_DESCRIPTION((''),'2;1');
FILE_NAME('D-NE8FAH-C5','2015-05-27T',('bej'),(''),
'PRO/ENGINEER BY PARAMETRIC TECHNOLOGY CORPORATION, 2013430',
'PRO/ENGINEER BY PARAMETRIC TECHNOLOGY CORPORATION, 2013430','');
FILE_SCHEMA(('AUTOMOTIVE_DESIGN_CC2 { 1 2 10303 214 -1 1 5 2 }'));
ENDSEC;
DATA;
#216=CARTESIAN_POINT('',(0.E0,0.E0,-2.035E1));
#217=DIRECTION('',(0.E0,0.E0,-1.E0));
#218=DIRECTION('',(-5.125E-1,-8.586872247798E-1,0.E0));
#219=AXIS2_PLACEMENT_3D('',#216,#217,#218);
#221=DIRECTION('',(0.E0,1.E0,0.E0));
#222=VECTOR('',#221,2.195753302643E0);
#223=CARTESIAN_POINT('',(-6.15E0,-1.25E1,-2.035E1));
#224=LINE('',#223,#222);
#225=DIRECTION('',(-1.E0,0.E0,0.E0));
#226=VECTOR('',#225,1.23E1);
#227=CARTESIAN_POINT('',(6.15E0,-1.25E1,-2.035E1));
#228=LINE('',#227,#226);
#229=DIRECTION('',(0.E0,1.E0,0.E0));
#230=VECTOR('',#229,2.195753302643E0);
#231=CARTESIAN_POINT('',(6.15E0,-1.25E1,-2.035E1));
#232=LINE('',#231,#230);
#233=CARTESIAN_POINT('',(0.E0,0.E0,-2.035E1));
#234=DIRECTION('',(0.E0,0.E0,-1.E0));
#235=DIRECTION('',(9.166666666667E-1,-3.996526269427E-1,0.E0));
#236=AXIS2_PLACEMENT_3D('',#233,#234,#235);
#238=DIRECTION('',(0.E0,-1.E0,0.E0));
#239=VECTOR('',#238,9.591663046625E0);
#240=CARTESIAN_POINT('',(1.1E1,4.795831523313E0,-2.035E1));
#241=LINE('',#240,#239);
#242=CARTESIAN_POINT('',(0.E0,0.E0,-2.035E1));
#243=DIRECTION('',(0.E0,0.E0,-1.E0));
#244=DIRECTION('',(-9.166666666667E-1,3.996526269427E-1,0.E0));
#245=AXIS2_PLACEMENT_3D('',#242,#243,#244);
#247=DIRECTION('',(0.E0,1.E0,0.E0));
#248=VECTOR('',#247,9.591663046625E0);
#249=CARTESIAN_POINT('',(-1.1E1,-4.795831523313E0,-2.035E1));
#250=LINE('',#249,#248);
#251=DIRECTION('',(0.E0,0.E0,1.E0));
#252=VECTOR('',#251,1.32E1);
#253=CARTESIAN_POINT('',(6.15E0,-1.030424669736E1,-2.035E1));
#254=LINE('',#253,#252);
#255=CARTESIAN_POINT('',(-6.795E0,-9.890802545800E0,-1.364E1));
#256=CARTESIAN_POINT('',(-6.737146394240E0,-9.930548082051E0,-1.364E1));
#257=CARTESIAN_POINT('',(-6.629065261870E0,-1.000335679147E1,
-1.362111151647E1));
#258=CARTESIAN_POINT('',(-6.482515354055E0,-1.009875223738E1,
-1.354151586929E1));
#259=CARTESIAN_POINT('',(-6.376305062208E0,-1.016591544188E1,
-1.342650554522E1));
#260=CARTESIAN_POINT('',(-6.312427155325E0,-1.020559016693E1,
-1.329537239934E1));
#261=CARTESIAN_POINT('',(-6.287105799589E0,-1.022116246861E1,
-1.314755590032E1));
#262=CARTESIAN_POINT('',(-6.309367096055E0,-1.020748156228E1,
-1.299052395402E1));
#263=CARTESIAN_POINT('',(-6.377080786943E0,-1.016544949277E1,
-1.285137343002E1));
#264=CARTESIAN_POINT('',(-6.485631427734E0,-1.009674009171E1,
-1.273649937605E1));
#265=CARTESIAN_POINT('',(-6.628003039036E0,-1.000404075764E1,
-1.265958626296E1));
#266=CARTESIAN_POINT('',(-6.736665834415E0,-9.930878227557E0,-1.264E1));
#267=CARTESIAN_POINT('',(-6.795E0,-9.890802545800E0,-1.264E1));
#269=CARTESIAN_POINT('',(-6.795E0,-9.890802545800E0,-1.264E1));
#270=CARTESIAN_POINT('',(-6.854411047148E0,-9.849987044378E0,-1.264E1));
#271=CARTESIAN_POINT('',(-6.964580950430E0,-9.772789155990E0,
-1.265965787145E1));
#272=CARTESIAN_POINT('',(-7.114320858691E0,-9.664118610675E0,
-1.274346786522E1));
#273=CARTESIAN_POINT('',(-7.220051200952E0,-9.585105613981E0,
-1.286213024052E1));
#274=CARTESIAN_POINT('',(-7.282308206478E0,-9.537753380852E0,
-1.300004759504E1));
#275=CARTESIAN_POINT('',(-7.301688307676E0,-9.522876786824E0,
-1.314102030444E1));
#276=CARTESIAN_POINT('',(-7.280923785829E0,-9.538810924171E0,
-1.328528722225E1));
#277=CARTESIAN_POINT('',(-7.217538287500E0,-9.587011858328E0,
-1.342172934489E1));
#278=CARTESIAN_POINT('',(-7.109771205308E0,-9.667455278503E0,
-1.353982277172E1));
#279=CARTESIAN_POINT('',(-6.964203662259E0,-9.773031109502E0,
-1.362000482516E1));
#280=CARTESIAN_POINT('',(-6.854341139770E0,-9.850035070878E0,-1.364E1));
#281=CARTESIAN_POINT('',(-6.795E0,-9.890802545800E0,-1.364E1));
#283=DIRECTION('',(0.E0,1.E0,0.E0));
#284=VECTOR('',#283,2.319887997148E-1);
#285=CARTESIAN_POINT('',(-1.1E1,-5.027820323028E0,-7.15E0));
#286=LINE('',#285,#284);
#287=DIRECTION('',(0.E0,0.E0,-1.E0));
#288=VECTOR('',#287,1.32E1);
#289=CARTESIAN_POINT('',(-1.1E1,-4.795831523313E0,-7.15E0));
#290=LINE('',#289,#288);
#291=DIRECTION('',(0.E0,0.E0,-1.E0));
#292=VECTOR('',#291,1.32E1);
#293=CARTESIAN_POINT('',(-1.1E1,4.795831523313E0,-7.15E0));
#294=LINE('',#293,#292);
#295=DIRECTION('',(0.E0,1.E0,0.E0));
#296=VECTOR('',#295,2.180130173244E0);
#297=CARTESIAN_POINT('',(-1.1E1,4.795831523313E0,-7.15E0));
#298=LINE('',#297,#296);
#299=DIRECTION('',(0.E0,0.E0,-1.E0));
#300=VECTOR('',#299,7.15E0);
#301=CARTESIAN_POINT('',(-1.1E1,-5.027820323028E0,0.E0));
#302=LINE('',#301,#300);
#303=CARTESIAN_POINT('',(0.E0,0.E0,-7.15E0));
#304=DIRECTION('',(0.E0,0.E0,1.E0));
#305=DIRECTION('',(5.125E-1,-8.586872247798E-1,0.E0));
#306=AXIS2_PLACEMENT_3D('',#303,#304,#305);
#308=DIRECTION('',(0.E0,1.E0,0.E0));
#309=VECTOR('',#308,2.195753302643E0);
#310=CARTESIAN_POINT('',(6.15E0,-1.25E1,-7.15E0));
#311=LINE('',#310,#309);
#312=DIRECTION('',(0.E0,-1.E0,0.E0));
#313=VECTOR('',#312,2.195753302643E0);
#314=CARTESIAN_POINT('',(-6.15E0,-1.030424669736E1,-7.15E0));
#315=LINE('',#314,#313);
#316=CARTESIAN_POINT('',(0.E0,0.E0,-7.15E0));
#317=DIRECTION('',(0.E0,0.E0,1.E0));
#318=DIRECTION('',(-9.166666666667E-1,-3.996526269427E-1,0.E0));
#319=AXIS2_PLACEMENT_3D('',#316,#317,#318);
#321=CARTESIAN_POINT('',(0.E0,0.E0,-7.15E0));
#322=DIRECTION('',(0.E0,0.E0,1.E0));
#323=DIRECTION('',(9.166666666667E-1,3.996526269427E-1,0.E0));
#324=AXIS2_PLACEMENT_3D('',#321,#322,#323);
#326=DIRECTION('',(-1.E0,0.E0,0.E0));
#327=VECTOR('',#326,6.45E0);
#328=CARTESIAN_POINT('',(1.26E1,-1.25E1,-7.15E0));
#329=LINE('',#328,#327);
#330=DIRECTION('',(0.E0,0.E0,1.E0));
#331=VECTOR('',#330,1.32E1);
#332=CARTESIAN_POINT('',(6.15E0,-1.25E1,-2.035E1));
#333=LINE('',#332,#331);
#334=DIRECTION('',(0.E0,0.E0,1.E0));
#335=VECTOR('',#334,1.32E1);
#336=CARTESIAN_POINT('',(-6.15E0,-1.25E1,-2.035E1));
#337=LINE('',#336,#335);
#338=DIRECTION('',(-1.E0,0.E0,0.E0));
#339=VECTOR('',#338,3.25E0);
#340=CARTESIAN_POINT('',(-6.15E0,-1.25E1,-7.15E0));
#341=LINE('',#340,#339);
#342=DIRECTION('',(0.E0,0.E0,-1.E0));
#343=VECTOR('',#342,7.15E0);
#344=CARTESIAN_POINT('',(1.26E1,-1.25E1,0.E0));
#345=LINE('',#344,#343);
#346=CARTESIAN_POINT('',(-5.08E0,-1.25E1,-3.81E0));
#347=DIRECTION('',(0.E0,1.E0,0.E0));
#348=DIRECTION('',(1.E0,0.E0,0.E0));
#349=AXIS2_PLACEMENT_3D('',#346,#347,#348);
#351=CARTESIAN_POINT('',(-5.08E0,-1.25E1,-3.81E0));
#352=DIRECTION('',(0.E0,1.E0,0.E0));
#353=DIRECTION('',(-1.E0,0.E0,0.E0));
#354=AXIS2_PLACEMENT_3D('',#351,#352,#353);
#356=CARTESIAN_POINT('',(5.08E0,-1.25E1,-1.27E1));
#357=DIRECTION('',(0.E0,1.E0,0.E0));
#358=DIRECTION('',(1.E0,0.E0,0.E0));
#359=AXIS2_PLACEMENT_3D('',#356,#357,#358);
#361=CARTESIAN_POINT('',(5.08E0,-1.25E1,-1.27E1));
#362=DIRECTION('',(0.E0,1.E0,0.E0));
#363=DIRECTION('',(-1.E0,0.E0,0.E0));
#364=AXIS2_PLACEMENT_3D('',#361,#362,#363);
#366=CARTESIAN_POINT('',(-4.44E0,-1.25E1,-1.461E1));
#367=DIRECTION('',(0.E0,1.E0,0.E0));
#368=DIRECTION('',(-1.E0,0.E0,0.E0));
#369=AXIS2_PLACEMENT_3D('',#366,#367,#368);
#371=CARTESIAN_POINT('',(-4.44E0,-1.25E1,-1.461E1));
#372=DIRECTION('',(0.E0,1.E0,0.E0));
#373=DIRECTION('',(1.E0,0.E0,0.E0));
#374=AXIS2_PLACEMENT_3D('',#371,#372,#373);
#376=CARTESIAN_POINT('',(-3.17E0,-1.25E1,-1.715E1));
#377=DIRECTION('',(0.E0,1.E0,0.E0));
#378=DIRECTION('',(-1.E0,0.E0,0.E0));
#379=AXIS2_PLACEMENT_3D('',#376,#377,#378);
#381=CARTESIAN_POINT('',(-3.17E0,-1.25E1,-1.715E1));
#382=DIRECTION('',(0.E0,1.E0,0.E0));
#383=DIRECTION('',(1.E0,0.E0,0.E0));
#384=AXIS2_PLACEMENT_3D('',#381,#382,#383);
#386=CARTESIAN_POINT('',(-1.9E0,-1.25E1,-1.461E1));
#387=DIRECTION('',(0.E0,1.E0,0.E0));
#388=DIRECTION('',(-1.E0,0.E0,0.E0));
#389=AXIS2_PLACEMENT_3D('',#386,#387,#388);
#391=CARTESIAN_POINT('',(-1.9E0,-1.25E1,-1.461E1));
#392=DIRECTION('',(0.E0,1.E0,0.E0));
#393=DIRECTION('',(1.E0,0.E0,0.E0));
#394=AXIS2_PLACEMENT_3D('',#391,#392,#393);
#396=CARTESIAN_POINT('',(-6.3E-1,-1.25E1,-1.715E1));
#397=DIRECTION('',(0.E0,1.E0,0.E0));
#398=DIRECTION('',(-1.E0,0.E0,0.E0));
#399=AXIS2_PLACEMENT_3D('',#396,#397,#398);
#401=CARTESIAN_POINT('',(-6.3E-1,-1.25E1,-1.715E1));
#402=DIRECTION('',(0.E0,1.E0,0.E0));
#403=DIRECTION('',(1.E0,0.E0,0.E0));
#404=AXIS2_PLACEMENT_3D('',#401,#402,#403);
#406=CARTESIAN_POINT('',(6.4E-1,-1.25E1,-1.461E1));
#407=DIRECTION('',(0.E0,1.E0,0.E0));
#408=DIRECTION('',(-1.E0,0.E0,0.E0));
#409=AXIS2_PLACEMENT_3D('',#406,#407,#408);
#411=CARTESIAN_POINT('',(6.4E-1,-1.25E1,-1.461E1));
#412=DIRECTION('',(0.E0,1.E0,0.E0));
#413=DIRECTION('',(1.E0,0.E0,0.E0));
#414=AXIS2_PLACEMENT_3D('',#411,#412,#413);
#416=CARTESIAN_POINT('',(1.91E0,-1.25E1,-1.715E1));
#417=DIRECTION('',(0.E0,1.E0,0.E0));
#418=DIRECTION('',(-1.E0,0.E0,0.E0));
#419=AXIS2_PLACEMENT_3D('',#416,#417,#418);
#421=CARTESIAN_POINT('',(1.91E0,-1.25E1,-1.715E1));
#422=DIRECTION('',(0.E0,1.E0,0.E0));
#423=DIRECTION('',(1.E0,0.E0,0.E0));
#424=AXIS2_PLACEMENT_3D('',#421,#422,#423);
#426=CARTESIAN_POINT('',(3.18E0,-1.25E1,-1.461E1));
#427=DIRECTION('',(0.E0,1.E0,0.E0));
#428=DIRECTION('',(-1.E0,0.E0,0.E0));
#429=AXIS2_PLACEMENT_3D('',#426,#427,#428);
#431=CARTESIAN_POINT('',(3.18E0,-1.25E1,-1.461E1));
#432=DIRECTION('',(0.E0,1.E0,0.E0));
#433=DIRECTION('',(1.E0,0.E0,0.E0));
#434=AXIS2_PLACEMENT_3D('',#431,#432,#433);
#436=CARTESIAN_POINT('',(4.45E0,-1.25E1,-1.715E1));
#437=DIRECTION('',(0.E0,1.E0,0.E0));
#438=DIRECTION('',(-1.E0,0.E0,0.E0));
#439=AXIS2_PLACEMENT_3D('',#436,#437,#438);
#441=CARTESIAN_POINT('',(4.45E0,-1.25E1,-1.715E1));
#442=DIRECTION('',(0.E0,1.E0,0.E0));
#443=DIRECTION('',(1.E0,0.E0,0.E0));
#444=AXIS2_PLACEMENT_3D('',#441,#442,#443);
#446=DIRECTION('',(0.E0,0.E0,1.E0));
#447=VECTOR('',#446,1.32E1);
#448=CARTESIAN_POINT('',(-6.15E0,-1.030424669736E1,-2.035E1));
#449=LINE('',#448,#447);
#450=DIRECTION('',(0.E0,1.E0,0.E0));
#451=VECTOR('',#450,4.165E0);
#452=CARTESIAN_POINT('',(-9.4E0,-1.25E1,-7.15E0));
#453=LINE('',#452,#451);
#454=DIRECTION('',(0.E0,0.E0,-1.E0));
#455=VECTOR('',#454,7.15E0);
#456=CARTESIAN_POINT('',(-9.4E0,-1.25E1,0.E0));
#457=LINE('',#456,#455);
#458=CARTESIAN_POINT('',(-1.04E1,-8.335E0,-7.15E0));
#459=DIRECTION('',(0.E0,0.E0,1.E0));
#460=DIRECTION('',(1.E0,0.E0,0.E0));
#461=AXIS2_PLACEMENT_3D('',#458,#459,#460);
#463=DIRECTION('',(0.E0,0.E0,-1.E0));
#464=VECTOR('',#463,7.15E0);
#465=CARTESIAN_POINT('',(-9.4E0,-8.335E0,0.E0));
#466=LINE('',#465,#464);
#467=DIRECTION('',(-5.E-1,8.660254037844E-1,0.E0));
#468=VECTOR('',#467,2.664101615138E0);
#469=CARTESIAN_POINT('',(-9.533974596216E0,-7.835E0,-7.15E0));
#470=LINE('',#469,#468);
#471=DIRECTION('',(0.E0,0.E0,-1.E0));
#472=VECTOR('',#471,7.15E0);
#473=CARTESIAN_POINT('',(-9.533974596216E0,-7.835E0,0.E0));
#474=LINE('',#473,#472);
#475=CARTESIAN_POINT('',(-1.E1,-5.027820323028E0,-7.15E0));
#476=DIRECTION('',(0.E0,0.E0,1.E0));
#477=DIRECTION('',(-1.E0,0.E0,0.E0));
#478=AXIS2_PLACEMENT_3D('',#475,#476,#477);
#480=DIRECTION('',(0.E0,0.E0,-1.E0));
#481=VECTOR('',#480,7.15E0);
#482=CARTESIAN_POINT('',(-1.086602540378E1,-5.527820323028E0,0.E0));
#483=LINE('',#482,#481);
#484=DIRECTION('',(-1.E0,0.E0,0.E0));
#485=VECTOR('',#484,2.2E1);
#486=CARTESIAN_POINT('',(1.26E1,-1.25E1,0.E0));
#487=LINE('',#486,#485);
#488=DIRECTION('',(0.E0,1.E0,0.E0));
#489=VECTOR('',#488,4.165E0);
#490=CARTESIAN_POINT('',(-9.4E0,-1.25E1,0.E0));
#491=LINE('',#490,#489);
#492=CARTESIAN_POINT('',(-1.04E1,-8.335E0,0.E0));
#493=DIRECTION('',(0.E0,0.E0,1.E0));
#494=DIRECTION('',(1.E0,0.E0,0.E0));
#495=AXIS2_PLACEMENT_3D('',#492,#493,#494);
#497=DIRECTION('',(-5.E-1,8.660254037844E-1,0.E0));
#498=VECTOR('',#497,2.664101615138E0);
#499=CARTESIAN_POINT('',(-9.533974596216E0,-7.835E0,0.E0));
#500=LINE('',#499,#498);
#501=CARTESIAN_POINT('',(-1.E1,-5.027820323028E0,0.E0));
#502=DIRECTION('',(0.E0,0.E0,1.E0));
#503=DIRECTION('',(-1.E0,0.E0,0.E0));
#504=AXIS2_PLACEMENT_3D('',#501,#502,#503);
#506=DIRECTION('',(0.E0,1.E0,0.E0));
#507=VECTOR('',#506,5.027820323028E0);
#508=CARTESIAN_POINT('',(-1.1E1,-5.027820323028E0,0.E0));
#509=LINE('',#508,#507);
#510=DIRECTION('',(0.E0,-1.E0,0.E0));
#511=VECTOR('',#510,6.853690930766E0);
#512=CARTESIAN_POINT('',(1.1E1,1.731110362797E-7,0.E0));
#513=LINE('',#512,#511);
#514=CARTESIAN_POINT('',(1.2E1,-6.853690757655E0,0.E0));
#515=DIRECTION('',(0.E0,0.E0,1.E0));
#516=DIRECTION('',(-1.E0,0.E0,0.E0));
#517=AXIS2_PLACEMENT_3D('',#514,#515,#516);
#519=CARTESIAN_POINT('',(9.9E0,-9.9E0,0.E0));
#520=DIRECTION('',(0.E0,0.E0,1.E0));
#521=DIRECTION('',(1.E0,0.E0,0.E0));
#522=AXIS2_PLACEMENT_3D('',#519,#520,#521);
#524=DIRECTION('',(0.E0,-1.E0,0.E0));
#525=VECTOR('',#524,2.6E0);
#526=CARTESIAN_POINT('',(1.26E1,-9.9E0,0.E0));
#527=LINE('',#526,#525);
#528=CARTESIAN_POINT('',(-9.9E0,9.9E0,0.E0));
#529=DIRECTION('',(0.E0,0.E0,1.E0));
#530=DIRECTION('',(1.E0,0.E0,0.E0));
#531=AXIS2_PLACEMENT_3D('',#528,#529,#530);
#533=CARTESIAN_POINT('',(-9.9E0,9.9E0,0.E0));
#534=DIRECTION('',(0.E0,0.E0,1.E0));
#535=DIRECTION('',(-1.E0,0.E0,0.E0));
#536=AXIS2_PLACEMENT_3D('',#533,#534,#535);
#538=CARTESIAN_POINT('',(9.9E0,-9.9E0,0.E0));
#539=DIRECTION('',(0.E0,0.E0,1.E0));
#540=DIRECTION('',(1.E0,0.E0,0.E0));
#541=AXIS2_PLACEMENT_3D('',#538,#539,#540);
#543=CARTESIAN_POINT('',(9.9E0,-9.9E0,0.E0));
#544=DIRECTION('',(0.E0,0.E0,1.E0));
#545=DIRECTION('',(-1.E0,0.E0,0.E0));
#546=AXIS2_PLACEMENT_3D('',#543,#544,#545);
#548=DIRECTION('',(0.E0,1.E0,0.E0));
#549=VECTOR('',#548,6.975961696557E0);
#550=CARTESIAN_POINT('',(-1.1E1,0.E0,0.E0));
#551=LINE('',#550,#549);
#552=CARTESIAN_POINT('',(-1.2E1,6.975961696557E0,0.E0));
#553=DIRECTION('',(0.E0,0.E0,1.E0));
#554=DIRECTION('',(1.E0,-1.509903313490E-14,0.E0));
#555=AXIS2_PLACEMENT_3D('',#552,#553,#554);
#557=CARTESIAN_POINT('',(-9.9E0,9.9E0,0.E0));
#558=DIRECTION('',(0.E0,0.E0,1.E0));
#559=DIRECTION('',(-9.396926207859E-1,3.420201433257E-1,0.E0));
#560=AXIS2_PLACEMENT_3D('',#557,#558,#559);
#562=DIRECTION('',(3.420201433257E-1,9.396926207859E-1,0.E0));
#563=VECTOR('',#562,5.057789819296E0);
#564=CARTESIAN_POINT('',(-1.234320081404E1,1.078925237265E1,0.E0));
#565=LINE('',#564,#563);
#566=CARTESIAN_POINT('',(-9.673642194351E0,1.52E1,0.E0));
#567=DIRECTION('',(0.E0,0.E0,1.E0));
#568=DIRECTION('',(-2.842170943040E-14,1.E0,0.E0));
#569=AXIS2_PLACEMENT_3D('',#566,#567,#568);
#571=DIRECTION('',(1.E0,0.E0,0.E0));
#572=VECTOR('',#571,1.847364219435E1);
#573=CARTESIAN_POINT('',(-9.673642194351E0,1.62E1,0.E0));
#574=LINE('',#573,#572);
#575=CARTESIAN_POINT('',(8.8E0,1.52E1,0.E0));
#576=DIRECTION('',(0.E0,0.E0,1.E0));
#577=DIRECTION('',(1.E0,0.E0,0.E0));
#578=AXIS2_PLACEMENT_3D('',#575,#576,#577);
#580=DIRECTION('',(0.E0,-1.E0,0.E0));
#581=VECTOR('',#580,7.054477120460E0);
#582=CARTESIAN_POINT('',(9.8E0,1.52E1,0.E0));
#583=LINE('',#582,#581);
#584=CARTESIAN_POINT('',(1.08E1,8.145522879540E0,0.E0));
#585=DIRECTION('',(0.E0,0.E0,1.E0));
#586=DIRECTION('',(-1.E0,0.E0,0.E0));
#587=AXIS2_PLACEMENT_3D('',#584,#585,#586);
#589=DIRECTION('',(5.E-1,-8.660254037844E-1,0.E0));
#590=VECTOR('',#589,1.864101615138E0);
#591=CARTESIAN_POINT('',(9.933974596216E0,7.645522879540E0,0.E0));
#592=LINE('',#591,#590);
#593=CARTESIAN_POINT('',(1.E1,5.531163525595E0,0.E0));
#594=DIRECTION('',(0.E0,0.E0,1.E0));
#595=DIRECTION('',(1.E0,-2.042810365310E-14,0.E0));
#596=AXIS2_PLACEMENT_3D('',#593,#594,#595);
#598=DIRECTION('',(0.E0,-1.E0,0.E0));
#599=VECTOR('',#598,5.531163352484E0);
#600=CARTESIAN_POINT('',(1.1E1,5.531163525595E0,0.E0));
#601=LINE('',#600,#599);
#602=CARTESIAN_POINT('',(0.E0,0.E0,0.E0));
#603=DIRECTION('',(0.E0,0.E0,1.E0));
#604=DIRECTION('',(0.E0,1.E0,0.E0));
#605=AXIS2_PLACEMENT_3D('',#602,#603,#604);
#607=DIRECTION('',(0.E0,0.E0,1.E0));
#608=VECTOR('',#607,2.7E0);
#609=CARTESIAN_POINT('',(0.E0,1.1E1,0.E0));
#610=LINE('',#609,#608);
#611=DIRECTION('',(0.E0,0.E0,1.E0));
#612=VECTOR('',#611,2.7E0);
#613=CARTESIAN_POINT('',(0.E0,-1.1E1,0.E0));
#614=LINE('',#613,#612);
#615=CARTESIAN_POINT('',(0.E0,0.E0,0.E0));
#616=DIRECTION('',(0.E0,0.E0,1.E0));
#617=DIRECTION('',(-1.E0,0.E0,0.E0));
#618=AXIS2_PLACEMENT_3D('',#615,#616,#617);
#620=CARTESIAN_POINT('',(0.E0,0.E0,0.E0));
#621=DIRECTION('',(0.E0,0.E0,-1.E0));
#622=DIRECTION('',(0.E0,1.E0,0.E0));
#623=AXIS2_PLACEMENT_3D('',#620,#621,#622);
#625=CARTESIAN_POINT('',(0.E0,0.E0,0.E0));
#626=DIRECTION('',(0.E0,0.E0,-1.E0));
#627=DIRECTION('',(1.E0,0.E0,0.E0));
#628=AXIS2_PLACEMENT_3D('',#625,#626,#627);
#630=CARTESIAN_POINT('',(0.E0,0.E0,2.7E0));
#631=DIRECTION('',(0.E0,0.E0,-1.E0));
#632=DIRECTION('',(0.E0,1.E0,0.E0));
#633=AXIS2_PLACEMENT_3D('',#630,#631,#632);
#635=CARTESIAN_POINT('',(0.E0,0.E0,2.7E0));
#636=DIRECTION('',(0.E0,0.E0,1.E0));
#637=DIRECTION('',(0.E0,1.E0,0.E0));
#638=AXIS2_PLACEMENT_3D('',#635,#636,#637);
#640=DIRECTION('',(0.E0,-1.E0,0.E0));
#641=VECTOR('',#640,7.E-1);
#642=CARTESIAN_POINT('',(-2.5E0,1.060942976790E1,2.7E0));
#643=LINE('',#642,#641);
#644=CARTESIAN_POINT('',(0.E0,0.E0,2.7E0));
#645=DIRECTION('',(0.E0,0.E0,1.E0));
#646=DIRECTION('',(2.446202708883E-1,9.696189576687E-1,0.E0));
#647=AXIS2_PLACEMENT_3D('',#644,#645,#646);
#649=DIRECTION('',(0.E0,1.E0,0.E0));
#650=VECTOR('',#649,7.E-1);
#651=CARTESIAN_POINT('',(2.5E0,9.909429767900E0,2.7E0));
#652=LINE('',#651,#650);
#653=CARTESIAN_POINT('',(0.E0,0.E0,2.7E0));
#654=DIRECTION('',(0.E0,0.E0,1.E0));
#655=DIRECTION('',(2.293577981651E-1,9.733421805413E-1,0.E0));
#656=AXIS2_PLACEMENT_3D('',#653,#654,#655);
#658=DIRECTION('',(0.E0,0.E0,-1.E0));
#659=VECTOR('',#658,1.3E1);
#660=CARTESIAN_POINT('',(0.E0,9.75E0,2.7E0));
#661=LINE('',#660,#659);
#662=DIRECTION('',(0.E0,0.E0,-1.E0));
#663=VECTOR('',#662,1.3E1);
#664=CARTESIAN_POINT('',(0.E0,-9.75E0,2.7E0));
#665=LINE('',#664,#663);
#666=CARTESIAN_POINT('',(0.E0,0.E0,2.7E0));
#667=DIRECTION('',(0.E0,0.E0,1.E0));
#668=DIRECTION('',(0.E0,1.E0,0.E0));
#669=AXIS2_PLACEMENT_3D('',#666,#667,#668);
#671=CARTESIAN_POINT('',(0.E0,0.E0,2.7E0));
#672=DIRECTION('',(0.E0,0.E0,-1.E0));
#673=DIRECTION('',(0.E0,1.E0,0.E0));
#674=AXIS2_PLACEMENT_3D('',#671,#672,#673);
#676=CARTESIAN_POINT('',(0.E0,0.E0,-1.03E1));
#677=DIRECTION('',(0.E0,0.E0,1.E0));
#678=DIRECTION('',(0.E0,1.E0,0.E0));
#679=AXIS2_PLACEMENT_3D('',#676,#677,#678);
#681=CARTESIAN_POINT('',(0.E0,0.E0,-1.03E1));
#682=DIRECTION('',(0.E0,0.E0,-1.E0));
#683=DIRECTION('',(0.E0,1.E0,0.E0));
#684=AXIS2_PLACEMENT_3D('',#681,#682,#683);
#686=DIRECTION('',(0.E0,-1.E0,0.E0));
#687=VECTOR('',#686,6.8E0);
#688=CARTESIAN_POINT('',(5.9E0,3.65E0,-1.03E1));
#689=LINE('',#688,#687);
#690=DIRECTION('',(-1.E0,0.E0,0.E0));
#691=VECTOR('',#690,2.6E0);
#692=CARTESIAN_POINT('',(5.9E0,-3.15E0,-1.03E1));
#693=LINE('',#692,#691);
#694=DIRECTION('',(0.E0,-1.E0,0.E0));
#695=VECTOR('',#694,2.E0);
#696=CARTESIAN_POINT('',(3.3E0,-3.15E0,-1.03E1));
#697=LINE('',#696,#695);
#698=DIRECTION('',(-1.E0,0.E0,0.E0));
#699=VECTOR('',#698,1.45E0);
#700=CARTESIAN_POINT('',(3.3E0,-5.15E0,-1.03E1));
#701=LINE('',#700,#699);
#702=DIRECTION('',(0.E0,-1.E0,0.E0));
#703=VECTOR('',#702,1.3E0);
#704=CARTESIAN_POINT('',(1.85E0,-5.15E0,-1.03E1));
#705=LINE('',#704,#703);
#706=DIRECTION('',(-1.E0,0.E0,0.E0));
#707=VECTOR('',#706,3.7E0);
#708=CARTESIAN_POINT('',(1.85E0,-6.45E0,-1.03E1));
#709=LINE('',#708,#707);
#710=DIRECTION('',(0.E0,1.E0,0.E0));
#711=VECTOR('',#710,1.3E0);
#712=CARTESIAN_POINT('',(-1.85E0,-6.45E0,-1.03E1));
#713=LINE('',#712,#711);
#714=DIRECTION('',(-1.E0,0.E0,0.E0));
#715=VECTOR('',#714,1.45E0);
#716=CARTESIAN_POINT('',(-1.85E0,-5.15E0,-1.03E1));
#717=LINE('',#716,#715);
#718=DIRECTION('',(0.E0,1.E0,0.E0));
#719=VECTOR('',#718,2.E0);
#720=CARTESIAN_POINT('',(-3.3E0,-5.15E0,-1.03E1));
#721=LINE('',#720,#719);
#722=DIRECTION('',(-1.E0,0.E0,0.E0));
#723=VECTOR('',#722,2.6E0);
#724=CARTESIAN_POINT('',(-3.3E0,-3.15E0,-1.03E1));
#725=LINE('',#724,#723);
#726=DIRECTION('',(0.E0,1.E0,0.E0));
#727=VECTOR('',#726,6.8E0);
#728=CARTESIAN_POINT('',(-5.9E0,-3.15E0,-1.03E1));
#729=LINE('',#728,#727);
#730=DIRECTION('',(1.E0,0.E0,0.E0));
#731=VECTOR('',#730,1.18E1);
#732=CARTESIAN_POINT('',(-5.9E0,3.65E0,-1.03E1));
#733=LINE('',#732,#731);
#734=CARTESIAN_POINT('',(-4.627877612750E0,6.464151050324E0,-1.03E1));
#735=DIRECTION('',(0.E0,0.E0,1.E0));
#736=DIRECTION('',(8.396543170103E-1,5.431211908276E-1,0.E0));
#737=AXIS2_PLACEMENT_3D('',#734,#735,#736);
#739=CARTESIAN_POINT('',(0.E0,0.E0,-1.03E1));
#740=DIRECTION('',(0.E0,0.E0,1.E0));
#741=DIRECTION('',(-6.561547678625E-1,7.546263450287E-1,0.E0));
#742=AXIS2_PLACEMENT_3D('',#739,#740,#741);
#744=CARTESIAN_POINT('',(4.627877612750E0,6.464151050324E0,-1.03E1));
#745=DIRECTION('',(0.E0,0.E0,1.E0));
#746=DIRECTION('',(7.847370556747E-1,-6.198288097943E-1,0.E0));
#747=AXIS2_PLACEMENT_3D('',#744,#745,#746);
#749=CARTESIAN_POINT('',(0.E0,0.E0,-1.03E1));
#750=DIRECTION('',(0.E0,0.E0,1.E0));
#751=DIRECTION('',(5.029102987412E-1,8.643386092383E-1,0.E0));
#752=AXIS2_PLACEMENT_3D('',#749,#750,#751);
#754=DIRECTION('',(0.E0,0.E0,1.E0));
#755=VECTOR('',#754,1.3E1);
#756=CARTESIAN_POINT('',(5.9E0,3.65E0,-1.03E1));
#757=LINE('',#756,#755);
#758=DIRECTION('',(0.E0,0.E0,1.E0));
#759=VECTOR('',#758,1.3E1);
#760=CARTESIAN_POINT('',(-5.9E0,3.65E0,-1.03E1));
#761=LINE('',#760,#759);
#762=DIRECTION('',(0.E0,0.E0,1.E0));
#763=VECTOR('',#762,1.3E1);
#764=CARTESIAN_POINT('',(-5.9E0,-3.15E0,-1.03E1));
#765=LINE('',#764,#763);
#766=DIRECTION('',(0.E0,0.E0,1.E0));
#767=VECTOR('',#766,1.3E1);
#768=CARTESIAN_POINT('',(-3.3E0,-3.15E0,-1.03E1));
#769=LINE('',#768,#767);
#770=DIRECTION('',(0.E0,0.E0,1.E0));
#771=VECTOR('',#770,1.3E1);
#772=CARTESIAN_POINT('',(-3.3E0,-5.15E0,-1.03E1));
#773=LINE('',#772,#771);
#774=DIRECTION('',(0.E0,0.E0,1.E0));
#775=VECTOR('',#774,1.3E1);
#776=CARTESIAN_POINT('',(-1.85E0,-5.15E0,-1.03E1));
#777=LINE('',#776,#775);
#778=DIRECTION('',(0.E0,0.E0,1.E0));
#779=VECTOR('',#778,1.3E1);
#780=CARTESIAN_POINT('',(-1.85E0,-6.45E0,-1.03E1));
#781=LINE('',#780,#779);
#782=DIRECTION('',(0.E0,0.E0,1.E0));
#783=VECTOR('',#782,1.3E1);
#784=CARTESIAN_POINT('',(1.85E0,-6.45E0,-1.03E1));
#785=LINE('',#784,#783);
#786=DIRECTION('',(0.E0,0.E0,1.E0));
#787=VECTOR('',#786,1.3E1);
#788=CARTESIAN_POINT('',(1.85E0,-5.15E0,-1.03E1));
#789=LINE('',#788,#787);
#790=DIRECTION('',(0.E0,0.E0,1.E0));
#791=VECTOR('',#790,1.3E1);
#792=CARTESIAN_POINT('',(3.3E0,-5.15E0,-1.03E1));
#793=LINE('',#792,#791);
#794=DIRECTION('',(0.E0,0.E0,1.E0));
#795=VECTOR('',#794,1.3E1);
#796=CARTESIAN_POINT('',(3.3E0,-3.15E0,-1.03E1));
#797=LINE('',#796,#795);
#798=DIRECTION('',(0.E0,0.E0,1.E0));
#799=VECTOR('',#798,1.3E1);
#800=CARTESIAN_POINT('',(5.9E0,-3.15E0,-1.03E1));
#801=LINE('',#800,#799);
#802=DIRECTION('',(0.E0,-1.E0,0.E0));
#803=VECTOR('',#802,6.8E0);
#804=CARTESIAN_POINT('',(5.9E0,3.65E0,2.7E0));
#805=LINE('',#804,#803);
#806=DIRECTION('',(1.E0,0.E0,0.E0));
#807=VECTOR('',#806,1.18E1);
#808=CARTESIAN_POINT('',(-5.9E0,3.65E0,2.7E0));
#809=LINE('',#808,#807);
#810=DIRECTION('',(0.E0,1.E0,0.E0));
#811=VECTOR('',#810,6.8E0);
#812=CARTESIAN_POINT('',(-5.9E0,-3.15E0,2.7E0));
#813=LINE('',#812,#811);
#814=DIRECTION('',(-1.E0,0.E0,0.E0));
#815=VECTOR('',#814,2.6E0);
#816=CARTESIAN_POINT('',(-3.3E0,-3.15E0,2.7E0));
#817=LINE('',#816,#815);
#818=DIRECTION('',(0.E0,1.E0,0.E0));
#819=VECTOR('',#818,2.E0);
#820=CARTESIAN_POINT('',(-3.3E0,-5.15E0,2.7E0));
#821=LINE('',#820,#819);
#822=DIRECTION('',(-1.E0,0.E0,0.E0));
#823=VECTOR('',#822,1.45E0);
#824=CARTESIAN_POINT('',(-1.85E0,-5.15E0,2.7E0));
#825=LINE('',#824,#823);
#826=DIRECTION('',(0.E0,1.E0,0.E0));
#827=VECTOR('',#826,1.3E0);
#828=CARTESIAN_POINT('',(-1.85E0,-6.45E0,2.7E0));
#829=LINE('',#828,#827);
#830=DIRECTION('',(-1.E0,0.E0,0.E0));
#831=VECTOR('',#830,3.7E0);
#832=CARTESIAN_POINT('',(1.85E0,-6.45E0,2.7E0));
#833=LINE('',#832,#831);
#834=DIRECTION('',(0.E0,-1.E0,0.E0));
#835=VECTOR('',#834,1.3E0);
#836=CARTESIAN_POINT('',(1.85E0,-5.15E0,2.7E0));
#837=LINE('',#836,#835);
#838=DIRECTION('',(-1.E0,0.E0,0.E0));
#839=VECTOR('',#838,1.45E0);
#840=CARTESIAN_POINT('',(3.3E0,-5.15E0,2.7E0));
#841=LINE('',#840,#839);
#842=DIRECTION('',(0.E0,-1.E0,0.E0));
#843=VECTOR('',#842,2.E0);
#844=CARTESIAN_POINT('',(3.3E0,-3.15E0,2.7E0));
#845=LINE('',#844,#843);
#846=DIRECTION('',(-1.E0,0.E0,0.E0));
#847=VECTOR('',#846,2.6E0);
#848=CARTESIAN_POINT('',(5.9E0,-3.15E0,2.7E0));
#849=LINE('',#848,#847);
#850=CARTESIAN_POINT('',(0.E0,0.E0,2.7E0));
#851=DIRECTION('',(0.E0,0.E0,1.E0));
#852=DIRECTION('',(-6.561547678624E-1,7.546263450287E-1,0.E0));
#853=AXIS2_PLACEMENT_3D('',#850,#851,#852);
#855=CARTESIAN_POINT('',(-5.216430404506E0,5.999279442978E0,2.699999999999E0));
#856=DIRECTION('',(0.E0,0.E0,-1.E0));
#857=DIRECTION('',(7.847370556747E-1,6.198288097943E-1,0.E0));
#858=AXIS2_PLACEMENT_3D('',#855,#856,#857);
#860=CARTESIAN_POINT('',(-4.627877612750E0,6.464151050324E0,2.7E0));
#861=DIRECTION('',(0.E0,0.E0,1.E0));
#862=DIRECTION('',(8.396543170103E-1,5.431211908276E-1,0.E0));
#863=AXIS2_PLACEMENT_3D('',#860,#861,#862);
#865=CARTESIAN_POINT('',(-3.998136874993E0,6.871491943445E0,2.699999999999E0));
#866=DIRECTION('',(0.E0,0.E0,-1.E0));
#867=DIRECTION('',(5.029102987412E-1,-8.643386092383E-1,0.E0));
#868=AXIS2_PLACEMENT_3D('',#865,#866,#867);
#870=CARTESIAN_POINT('',(0.E0,0.E0,2.7E0));
#871=DIRECTION('',(0.E0,0.E0,1.E0));
#872=DIRECTION('',(5.029102987412E-1,8.643386092383E-1,0.E0));
#873=AXIS2_PLACEMENT_3D('',#870,#871,#872);
#875=CARTESIAN_POINT('',(3.998136874993E0,6.871491943445E0,2.699999999999E0));
#876=DIRECTION('',(0.E0,0.E0,-1.E0));
#877=DIRECTION('',(8.396543170103E-1,-5.431211908276E-1,0.E0));
#878=AXIS2_PLACEMENT_3D('',#875,#876,#877);
#880=CARTESIAN_POINT('',(4.627877612750E0,6.464151050324E0,2.7E0));
#881=DIRECTION('',(0.E0,0.E0,1.E0));
#882=DIRECTION('',(7.847370556747E-1,-6.198288097943E-1,0.E0));
#883=AXIS2_PLACEMENT_3D('',#880,#881,#882);
#885=CARTESIAN_POINT('',(5.216430404506E0,5.999279442978E0,2.699999999999E0));
#886=DIRECTION('',(0.E0,0.E0,-1.E0));
#887=DIRECTION('',(-6.561547678624E-1,-7.546263450287E-1,0.E0));
#888=AXIS2_PLACEMENT_3D('',#885,#886,#887);
#890=CARTESIAN_POINT('',(-4.888353020575E0,5.621966270464E0,2.2E0));
#891=DIRECTION('',(-7.546263450287E-1,-6.561547678625E-1,0.E0));
#892=DIRECTION('',(0.E0,0.E0,1.E0));
#893=AXIS2_PLACEMENT_3D('',#890,#891,#892);
#895=CARTESIAN_POINT('',(4.888353020575E0,5.621966270464E0,2.2E0));
#896=DIRECTION('',(-7.546263450287E-1,6.561547678625E-1,0.E0));
#897=DIRECTION('',(0.E0,0.E0,1.E0));
#898=AXIS2_PLACEMENT_3D('',#895,#896,#897);
#900=CARTESIAN_POINT('',(-4.417964033498E0,6.599931348031E0,2.2E0));
#901=DIRECTION('',(-5.431211908276E-1,8.396543170103E-1,0.E0));
#902=DIRECTION('',(0.E0,0.E0,1.E0));
#903=AXIS2_PLACEMENT_3D('',#900,#901,#902);
#905=CARTESIAN_POINT('',(-4.824061876669E0,6.309193847875E0,2.2E0));
#906=DIRECTION('',(6.198288097943E-1,-7.847370556747E-1,0.E0));
#907=DIRECTION('',(0.E0,0.E0,1.E0));
#908=AXIS2_PLACEMENT_3D('',#905,#906,#907);
#910=CARTESIAN_POINT('',(-3.746681725622E0,6.439322638825E0,2.2E0));
#911=DIRECTION('',(-8.643386092383E-1,-5.029102987412E-1,0.E0));
#912=DIRECTION('',(0.E0,0.E0,1.E0));
#913=AXIS2_PLACEMENT_3D('',#910,#911,#912);
#915=CARTESIAN_POINT('',(3.746681725622E0,6.439322638825E0,2.2E0));
#916=DIRECTION('',(-8.643386092383E-1,5.029102987412E-1,0.E0));
#917=DIRECTION('',(0.E0,0.E0,1.E0));
#918=AXIS2_PLACEMENT_3D('',#915,#916,#917);
#920=DIRECTION('',(7.045848349208E-11,1.091023449362E-10,1.E0));
#921=VECTOR('',#920,1.25E1);
#922=CARTESIAN_POINT('',(3.998136874993E0,6.871491943445E0,-1.03E1));
#923=LINE('',#922,#921);
#924=CARTESIAN_POINT('',(0.E0,0.E0,2.2E0));
#925=DIRECTION('',(0.E0,0.E0,1.E0));
#926=DIRECTION('',(5.029102987412E-1,8.643386092383E-1,0.E0));
#927=AXIS2_PLACEMENT_3D('',#924,#925,#926);
#929=DIRECTION('',(-2.289084477525E-12,-5.763993726760E-12,1.E0));
#930=VECTOR('',#929,1.25E1);
#931=CARTESIAN_POINT('',(-3.998136874993E0,6.871491943445E0,-1.03E1));
#932=LINE('',#931,#930);
#933=CARTESIAN_POINT('',(-4.627877612750E0,6.464151050324E0,2.2E0));
#934=DIRECTION('',(0.E0,0.E0,1.E0));
#935=DIRECTION('',(8.396543170103E-1,5.431211908276E-1,0.E0));
#936=AXIS2_PLACEMENT_3D('',#933,#934,#935);
#938=DIRECTION('',(-8.052531086378E-11,1.019030548832E-10,1.E0));
#939=VECTOR('',#938,1.25E1);
#940=CARTESIAN_POINT('',(-5.216430404506E0,5.999279442978E0,-1.03E1));
#941=LINE('',#940,#939);
#942=CARTESIAN_POINT('',(0.E0,0.E0,2.2E0));
#943=DIRECTION('',(0.E0,0.E0,1.E0));
#944=DIRECTION('',(-6.561547678625E-1,7.546263450287E-1,0.E0));
#945=AXIS2_PLACEMENT_3D('',#942,#943,#944);
#947=DIRECTION('',(-2.502389406800E-12,-2.900506501646E-12,1.E0));
#948=VECTOR('',#947,1.25E1);
#949=CARTESIAN_POINT('',(5.216430404506E0,5.999279442978E0,-1.03E1));
#950=LINE('',#949,#948);
#951=CARTESIAN_POINT('',(4.627877612750E0,6.464151050324E0,2.2E0));
#952=DIRECTION('',(0.E0,0.E0,1.E0));
#953=DIRECTION('',(7.847370556747E-1,-6.198288097943E-1,0.E0));
#954=AXIS2_PLACEMENT_3D('',#951,#952,#953);
#956=CARTESIAN_POINT('',(4.824061876669E0,6.309193847875E0,2.2E0));
#957=DIRECTION('',(6.198288097943E-1,7.847370556747E-1,0.E0));
#958=DIRECTION('',(0.E0,0.E0,1.E0));
#959=AXIS2_PLACEMENT_3D('',#956,#957,#958);
#961=CARTESIAN_POINT('',(4.417964033498E0,6.599931348031E0,2.2E0));
#962=DIRECTION('',(-5.431211908276E-1,-8.396543170103E-1,0.E0));
#963=DIRECTION('',(0.E0,0.E0,1.E0));
#964=AXIS2_PLACEMENT_3D('',#961,#962,#963);
#966=CARTESIAN_POINT('',(-2.5E0,9.909429767900E0,5.9E0));
#967=CARTESIAN_POINT('',(-2.5E0,9.909429767900E0,5.967269347453E0));
#968=CARTESIAN_POINT('',(-2.5E0,9.924598064930E0,6.098364642532E0));
#969=CARTESIAN_POINT('',(-2.5E0,9.991815193672E0,6.288674477530E0));
#970=CARTESIAN_POINT('',(-2.5E0,1.010168645445E1,6.460664949885E0));
#971=CARTESIAN_POINT('',(-2.5E0,1.019865848375E1,6.556650138679E0));
#972=CARTESIAN_POINT('',(-2.5E0,1.025387254066E1,6.6E0));
#974=DIRECTION('',(0.E0,0.E0,1.E0));
#975=VECTOR('',#974,1.1E0);
#976=CARTESIAN_POINT('',(-2.5E0,1.060942976790E1,2.7E0));
#977=LINE('',#976,#975);
#978=DIRECTION('',(0.E0,4.039759003506E-10,1.E0));
#979=VECTOR('',#978,2.8E0);
#980=CARTESIAN_POINT('',(-2.5E0,1.070942976790E1,3.8E0));
#981=LINE('',#980,#979);
#982=DIRECTION('',(0.E0,-1.E0,0.E0));
#983=VECTOR('',#982,4.555572283663E-1);
#984=CARTESIAN_POINT('',(-2.5E0,1.070942976903E1,6.6E0));
#985=LINE('',#984,#983);
#986=CARTESIAN_POINT('',(-2.370420789384E0,1.070942976793E1,6.787192180452E0));
#987=CARTESIAN_POINT('',(-2.395476241120E0,1.064727365635E1,6.777766441185E0));
#988=CARTESIAN_POINT('',(-2.440477115612E0,1.053001162459E1,6.749385655685E0));
#989=CARTESIAN_POINT('',(-2.487002931741E0,1.037740034988E1,6.684858269696E0));
#990=CARTESIAN_POINT('',(-2.5E0,1.029168450663E1,6.629687068338E0));
#991=CARTESIAN_POINT('',(-2.5E0,1.025387254066E1,6.6E0));
#993=CARTESIAN_POINT('',(-2.319918977811E0,1.087523026023E1,6.8E0));
#994=CARTESIAN_POINT('',(-2.323983162053E0,1.085583350553E1,6.8E0));
#995=CARTESIAN_POINT('',(-2.333249389062E0,1.081766581278E1,6.798907994921E0));
#996=CARTESIAN_POINT('',(-2.350253555890E0,1.076227114544E1,6.794423388908E0));
#997=CARTESIAN_POINT('',(-2.363413352660E0,1.072681341067E1,6.789828344136E0));
#998=CARTESIAN_POINT('',(-2.370420789384E0,1.070942976793E1,6.787192180452E0));
#1000=CARTESIAN_POINT('',(2.5E0,1.025387254066E1,6.6E0));
#1001=CARTESIAN_POINT('',(2.5E0,1.019865848375E1,6.556650138679E0));
#1002=CARTESIAN_POINT('',(2.5E0,1.010168645445E1,6.460664949885E0));
#1003=CARTESIAN_POINT('',(2.5E0,9.991815193672E0,6.288674477530E0));
#1004=CARTESIAN_POINT('',(2.5E0,9.924598064930E0,6.098364642532E0));
#1005=CARTESIAN_POINT('',(2.5E0,9.909429767900E0,5.967269347453E0));
#1006=CARTESIAN_POINT('',(2.5E0,9.909429767900E0,5.9E0));
#1008=DIRECTION('',(0.E0,1.E0,0.E0));
#1009=VECTOR('',#1008,4.555572278965E-1);
#1010=CARTESIAN_POINT('',(2.5E0,1.025387254066E1,6.6E0));
#1011=LINE('',#1010,#1009);
#1012=CARTESIAN_POINT('',(2.5E0,1.025387254066E1,6.6E0));
#1013=CARTESIAN_POINT('',(2.5E0,1.029168451179E1,6.629687072389E0));
#1014=CARTESIAN_POINT('',(2.487002931744E0,1.037740036135E1,6.684858282701E0));
#1015=CARTESIAN_POINT('',(2.440477088978E0,1.053001169015E1,6.749385663471E0));
#1016=CARTESIAN_POINT('',(2.395476242973E0,1.064727366951E1,6.777766471019E0));
#1017=CARTESIAN_POINT('',(2.370420722450E0,1.070942976861E1,6.787192205633E0));
#1019=CARTESIAN_POINT('',(2.3E0,1.070942976790E1,6.6E0));
#1020=DIRECTION('',(0.E0,1.E0,0.E0));
#1021=DIRECTION('',(3.521029471500E-1,0.E0,9.359612783701E-1));
#1022=AXIS2_PLACEMENT_3D('',#1019,#1020,#1021);
#1024=CARTESIAN_POINT('',(2.370420722450E0,1.070942976861E1,6.787192205633E0));
#1025=CARTESIAN_POINT('',(2.363418783983E0,1.072679977152E1,6.789826300876E0));
#1026=CARTESIAN_POINT('',(2.350250451267E0,1.076228023023E1,6.794424342524E0));
#1027=CARTESIAN_POINT('',(2.333252107189E0,1.081765447790E1,6.798907722486E0));
#1028=CARTESIAN_POINT('',(2.323978889195E0,1.085585389820E1,6.8E0));
#1029=CARTESIAN_POINT('',(2.319918977811E0,1.087523026023E1,6.8E0));
#1031=CARTESIAN_POINT('',(0.E0,0.E0,6.8E0));
#1032=DIRECTION('',(0.E0,0.E0,-1.E0));
#1033=DIRECTION('',(-2.086272775065E-1,9.779952244670E-1,0.E0));
#1034=AXIS2_PLACEMENT_3D('',#1031,#1032,#1033);
#1036=CARTESIAN_POINT('',(-3.E0,1.070942976790E1,6.8E0));
#1037=DIRECTION('',(0.E0,0.E0,-1.E0));
#1038=DIRECTION('',(0.E0,1.E0,0.E0));
#1039=AXIS2_PLACEMENT_3D('',#1036,#1037,#1038);
#1041=CARTESIAN_POINT('',(-3.E0,1.320942976790E1,6.799999999998E0));
#1042=DIRECTION('',(0.E0,0.E0,1.E0));
#1043=DIRECTION('',(-1.E0,0.E0,0.E0));
#1044=AXIS2_PLACEMENT_3D('',#1041,#1042,#1043);
#1046=DIRECTION('',(0.E0,-1.E0,0.E0));
#1047=VECTOR('',#1046,8.161984870957E-1);
#1048=CARTESIAN_POINT('',(-4.8E0,1.402562825500E1,6.8E0));
#1049=LINE('',#1048,#1047);
#1050=CARTESIAN_POINT('',(-3.E0,1.402562825500E1,6.799999999996E0));
#1051=DIRECTION('',(0.E0,0.E0,1.E0));
#1052=DIRECTION('',(-3.75E-1,9.270248108870E-1,0.E0));
#1053=AXIS2_PLACEMENT_3D('',#1050,#1051,#1052);
#1055=CARTESIAN_POINT('',(0.E0,6.609429767900E0,6.799999999999E0));
#1056=DIRECTION('',(0.E0,0.E0,1.E0));
#1057=DIRECTION('',(3.75E-1,9.270248108870E-1,0.E0));
#1058=AXIS2_PLACEMENT_3D('',#1055,#1056,#1057);
#1060=CARTESIAN_POINT('',(3.E0,1.402562825500E1,6.799999999996E0));
#1061=DIRECTION('',(0.E0,0.E0,1.E0));
#1062=DIRECTION('',(1.E0,0.E0,0.E0));
#1063=AXIS2_PLACEMENT_3D('',#1060,#1061,#1062);
#1065=DIRECTION('',(1.632283875324E-14,1.E0,0.E0));
#1066=VECTOR('',#1065,8.161984870957E-1);
#1067=CARTESIAN_POINT('',(4.8E0,1.320942976790E1,6.8E0));
#1068=LINE('',#1067,#1066);
#1069=CARTESIAN_POINT('',(3.E0,1.320942976790E1,6.799999999998E0));
#1070=DIRECTION('',(0.E0,0.E0,1.E0));
#1071=DIRECTION('',(0.E0,-1.E0,0.E0));
#1072=AXIS2_PLACEMENT_3D('',#1069,#1070,#1071);
#1074=CARTESIAN_POINT('',(3.E0,1.070942976790E1,6.8E0));
#1075=DIRECTION('',(0.E0,0.E0,-1.E0));
#1076=DIRECTION('',(-9.715443174133E-1,2.368578461902E-1,0.E0));
#1077=AXIS2_PLACEMENT_3D('',#1074,#1075,#1076);
#1079=CARTESIAN_POINT('',(-3.E0,1.140942976790E1,6.6E0));
#1080=DIRECTION('',(1.E0,0.E0,0.E0));
#1081=DIRECTION('',(0.E0,-3.151079397412E-10,1.E0));
#1082=AXIS2_PLACEMENT_3D('',#1079,#1080,#1081);
#1084=DIRECTION('',(4.761181924908E-10,0.E0,1.E0));
#1085=VECTOR('',#1084,2.8E0);
#1086=CARTESIAN_POINT('',(-3.E0,1.120942976790E1,3.8E0));
#1087=LINE('',#1086,#1085);
#1088=CARTESIAN_POINT('',(-3.E0,1.070942976790E1,6.6E0));
#1089=DIRECTION('',(0.E0,0.E0,-1.E0));
#1090=DIRECTION('',(0.E0,1.E0,0.E0));
#1091=AXIS2_PLACEMENT_3D('',#1088,#1089,#1090);
#1093=DIRECTION('',(0.E0,1.E0,0.E0));
#1094=VECTOR('',#1093,9.999999999999E-2);
#1095=CARTESIAN_POINT('',(2.5E0,1.060942976790E1,3.8E0));
#1096=LINE('',#1095,#1094);
#1097=CARTESIAN_POINT('',(3.E0,1.070942976790E1,3.8E0));
#1098=DIRECTION('',(0.E0,0.E0,-1.E0));
#1099=DIRECTION('',(-1.E0,0.E0,0.E0));
#1100=AXIS2_PLACEMENT_3D('',#1097,#1098,#1099);
#1102=CARTESIAN_POINT('',(3.E0,1.320942976790E1,3.8E0));
#1103=DIRECTION('',(0.E0,0.E0,1.E0));
#1104=DIRECTION('',(0.E0,-1.E0,0.E0));
#1105=AXIS2_PLACEMENT_3D('',#1102,#1103,#1104);
#1107=DIRECTION('',(0.E0,1.E0,0.E0));
#1108=VECTOR('',#1107,8.161984870957E-1);
#1109=CARTESIAN_POINT('',(5.E0,1.320942976790E1,3.8E0));
#1110=LINE('',#1109,#1108);
#1111=CARTESIAN_POINT('',(3.E0,1.402562825500E1,3.8E0));
#1112=DIRECTION('',(0.E0,0.E0,1.E0));
#1113=DIRECTION('',(1.E0,5.240252676231E-14,0.E0));
#1114=AXIS2_PLACEMENT_3D('',#1111,#1112,#1113);
#1116=CARTESIAN_POINT('',(0.E0,6.609429767900E0,3.8E0));
#1117=DIRECTION('',(0.E0,0.E0,1.E0));
#1118=DIRECTION('',(3.75E-1,9.270248108870E-1,0.E0));
#1119=AXIS2_PLACEMENT_3D('',#1116,#1117,#1118);
#1121=CARTESIAN_POINT('',(-3.E0,1.402562825500E1,3.8E0));
#1122=DIRECTION('',(0.E0,0.E0,1.E0));
#1123=DIRECTION('',(-3.75E-1,9.270248108870E-1,0.E0));
#1124=AXIS2_PLACEMENT_3D('',#1121,#1122,#1123);
#1126=DIRECTION('',(0.E0,-1.E0,0.E0));
#1127=VECTOR('',#1126,8.161984870957E-1);
#1128=CARTESIAN_POINT('',(-5.E0,1.402562825500E1,3.8E0));
#1129=LINE('',#1128,#1127);
#1130=CARTESIAN_POINT('',(-3.E0,1.320942976790E1,3.8E0));
#1131=DIRECTION('',(0.E0,0.E0,1.E0));
#1132=DIRECTION('',(-1.E0,-4.707345624411E-14,0.E0));
#1133=AXIS2_PLACEMENT_3D('',#1130,#1131,#1132);
#1135=CARTESIAN_POINT('',(-3.E0,1.070942976790E1,3.8E0));
#1136=DIRECTION('',(0.E0,0.E0,-1.E0));
#1137=DIRECTION('',(0.E0,1.E0,0.E0));
#1138=AXIS2_PLACEMENT_3D('',#1135,#1136,#1137);
#1140=DIRECTION('',(0.E0,-1.E0,0.E0));
#1141=VECTOR('',#1140,9.999999999999E-2);
#1142=CARTESIAN_POINT('',(-2.5E0,1.070942976790E1,3.8E0));
#1143=LINE('',#1142,#1141);
#1144=CARTESIAN_POINT('',(0.E0,0.E0,3.8E0));
#1145=DIRECTION('',(0.E0,0.E0,1.E0));
#1146=DIRECTION('',(2.293577981651E-1,9.733421805413E-1,0.E0));
#1147=AXIS2_PLACEMENT_3D('',#1144,#1145,#1146);
#1149=DIRECTION('',(0.E0,0.E0,1.E0));
#1150=VECTOR('',#1149,1.1E0);
#1151=CARTESIAN_POINT('',(2.5E0,1.060942976790E1,2.7E0));
#1152=LINE('',#1151,#1150);
#1153=DIRECTION('',(0.E0,2.362009001087E-10,1.E0));
#1154=VECTOR('',#1153,2.8E0);
#1155=CARTESIAN_POINT('',(2.5E0,1.070942976790E1,3.8E0));
#1156=LINE('',#1155,#1154);
#1157=CARTESIAN_POINT('',(3.E0,1.070942976790E1,6.6E0));
#1158=DIRECTION('',(0.E0,0.E0,-1.E0));
#1159=DIRECTION('',(-1.E0,0.E0,0.E0));
#1160=AXIS2_PLACEMENT_3D('',#1157,#1158,#1159);
#1162=CARTESIAN_POINT('',(3.E0,1.320942976790E1,6.6E0));
#1163=DIRECTION('',(0.E0,0.E0,1.E0));
#1164=DIRECTION('',(0.E0,-1.E0,0.E0));
#1165=AXIS2_PLACEMENT_3D('',#1162,#1163,#1164);
#1167=DIRECTION('',(-1.015067078011E-9,0.E0,1.E0));
#1168=VECTOR('',#1167,2.8E0);
#1169=CARTESIAN_POINT('',(3.E0,1.120942976790E1,3.8E0));
#1170=LINE('',#1169,#1168);
#1171=CARTESIAN_POINT('',(3.E0,1.140942976790E1,6.6E0));
#1172=DIRECTION('',(1.E0,0.E0,0.E0));
#1173=DIRECTION('',(0.E0,8.881784197001E-14,1.E0));
#1174=AXIS2_PLACEMENT_3D('',#1171,#1172,#1173);
#1176=CARTESIAN_POINT('',(4.8E0,1.320942976790E1,6.6E0));
#1177=DIRECTION('',(0.E0,1.E0,0.E0));
#1178=DIRECTION('',(3.108624468950E-14,0.E0,1.E0));
#1179=AXIS2_PLACEMENT_3D('',#1176,#1177,#1178);
#1181=CARTESIAN_POINT('',(4.8E0,1.402562825500E1,6.6E0));
#1182=DIRECTION('',(0.E0,1.E0,0.E0));
#1183=DIRECTION('',(-3.108624468950E-14,0.E0,1.E0));
#1184=AXIS2_PLACEMENT_3D('',#1181,#1182,#1183);
#1186=CARTESIAN_POINT('',(3.675E0,1.569427291459E1,6.6E0));
#1187=DIRECTION('',(-9.270248108870E-1,3.75E-1,0.E0));
#1188=DIRECTION('',(-1.110223024625E-14,-2.664535259100E-14,1.E0));
#1189=AXIS2_PLACEMENT_3D('',#1186,#1187,#1188);
#1191=CARTESIAN_POINT('',(-3.675E0,1.569427291459E1,6.6E0));
#1192=DIRECTION('',(-9.270248108870E-1,-3.75E-1,0.E0));
#1193=DIRECTION('',(2.220446049250E-14,-5.329070518201E-14,1.E0));
#1194=AXIS2_PLACEMENT_3D('',#1191,#1192,#1193);
#1196=CARTESIAN_POINT('',(-4.8E0,1.402562825500E1,6.6E0));
#1197=DIRECTION('',(0.E0,-1.E0,0.E0));
#1198=DIRECTION('',(-3.108624468950E-14,0.E0,1.E0));
#1199=AXIS2_PLACEMENT_3D('',#1196,#1197,#1198);
#1201=CARTESIAN_POINT('',(-4.8E0,1.320942976790E1,6.6E0));
#1202=DIRECTION('',(0.E0,-1.E0,0.E0));
#1203=DIRECTION('',(3.108624468950E-14,0.E0,1.E0));
#1204=AXIS2_PLACEMENT_3D('',#1201,#1202,#1203);
#1206=CARTESIAN_POINT('',(-3.E0,1.320942976790E1,6.6E0));
#1207=DIRECTION('',(0.E0,0.E0,1.E0));
#1208=DIRECTION('',(-1.E0,0.E0,0.E0));
#1209=AXIS2_PLACEMENT_3D('',#1206,#1207,#1208);
#1211=DIRECTION('',(0.E0,3.330072725508E-10,1.E0));
#1212=VECTOR('',#1211,2.8E0);
#1213=CARTESIAN_POINT('',(-5.E0,1.320942976790E1,3.8E0));
#1214=LINE('',#1213,#1212);
#1215=DIRECTION('',(0.E0,-1.E0,0.E0));
#1216=VECTOR('',#1215,8.161984857817E-1);
#1217=CARTESIAN_POINT('',(-5.E0,1.402562825461E1,6.6E0));
#1218=LINE('',#1217,#1216);
#1219=DIRECTION('',(0.E0,-1.362947849819E-10,1.E0));
#1220=VECTOR('',#1219,2.8E0);
#1221=CARTESIAN_POINT('',(-5.E0,1.402562825500E1,3.8E0));
#1222=LINE('',#1221,#1220);
#1223=CARTESIAN_POINT('',(-3.E0,1.402562825500E1,6.6E0));
#1224=DIRECTION('',(0.E0,0.E0,1.E0));
#1225=DIRECTION('',(-3.75E-1,9.270248108870E-1,0.E0));
#1226=AXIS2_PLACEMENT_3D('',#1223,#1224,#1225);
#1228=DIRECTION('',(2.520015941952E-10,1.019394092948E-10,1.E0));
#1229=VECTOR('',#1228,2.8E0);
#1230=CARTESIAN_POINT('',(-3.75E0,1.587967787677E1,3.8E0));
#1231=LINE('',#1230,#1229);
#1232=CARTESIAN_POINT('',(0.E0,6.609429767900E0,6.6E0));
#1233=DIRECTION('',(0.E0,0.E0,1.E0));
#1234=DIRECTION('',(3.75E-1,9.270248108870E-1,0.E0));
#1235=AXIS2_PLACEMENT_3D('',#1232,#1233,#1234);
#1237=DIRECTION('',(-7.473244245659E-11,3.023042134081E-11,1.E0));
#1238=VECTOR('',#1237,2.8E0);
#1239=CARTESIAN_POINT('',(3.75E0,1.587967787677E1,3.8E0));
#1240=LINE('',#1239,#1238);
#1241=CARTESIAN_POINT('',(3.E0,1.402562825500E1,6.6E0));
#1242=DIRECTION('',(0.E0,0.E0,1.E0));
#1243=DIRECTION('',(1.E0,0.E0,0.E0));
#1244=AXIS2_PLACEMENT_3D('',#1241,#1242,#1243);
#1246=DIRECTION('',(0.E0,-2.463261340933E-10,1.E0));
#1247=VECTOR('',#1246,2.8E0);
#1248=CARTESIAN_POINT('',(5.E0,1.402562825500E1,3.8E0));
#1249=LINE('',#1248,#1247);
#1250=DIRECTION('',(0.E0,1.E0,0.E0));
#1251=VECTOR('',#1250,8.161984858461E-1);
#1252=CARTESIAN_POINT('',(5.E0,1.320942976846E1,6.6E0));
#1253=LINE('',#1252,#1251);
#1254=DIRECTION('',(0.E0,1.999765432613E-10,1.E0));
#1255=VECTOR('',#1254,2.8E0);
#1256=CARTESIAN_POINT('',(5.E0,1.320942976790E1,3.8E0));
#1257=LINE('',#1256,#1255);
#1258=CARTESIAN_POINT('',(-2.3E0,1.070942976790E1,6.6E0));
#1259=DIRECTION('',(0.E0,-1.E0,0.E0));
#1260=DIRECTION('',(-3.521039462639E-1,0.E0,9.359609025090E-1));
#1261=AXIS2_PLACEMENT_3D('',#1258,#1259,#1260);
#1263=CARTESIAN_POINT('',(0.E0,0.E0,5.9E0));
#1264=DIRECTION('',(0.E0,0.E0,-1.E0));
#1265=DIRECTION('',(-2.446202708883E-1,9.696189576687E-1,0.E0));
#1266=AXIS2_PLACEMENT_3D('',#1263,#1264,#1265);
#1268=DIRECTION('',(0.E0,0.E0,-1.E0));
#1269=VECTOR('',#1268,3.2E0);
#1270=CARTESIAN_POINT('',(2.5E0,9.909429767900E0,5.9E0));
#1271=LINE('',#1270,#1269);
#1272=DIRECTION('',(0.E0,0.E0,1.E0));
#1273=VECTOR('',#1272,3.2E0);
#1274=CARTESIAN_POINT('',(-2.5E0,9.909429767900E0,2.7E0));
#1275=LINE('',#1274,#1273);
#1276=DIRECTION('',(0.E0,-1.E0,0.E0));
#1277=VECTOR('',#1276,7.353320022822E-1);
#1278=CARTESIAN_POINT('',(1.1E1,5.531163525595E0,-7.15E0));
#1279=LINE('',#1278,#1277);
#1280=DIRECTION('',(0.E0,0.E0,-1.E0));
#1281=VECTOR('',#1280,1.32E1);
#1282=CARTESIAN_POINT('',(1.1E1,4.795831523313E0,-7.15E0));
#1283=LINE('',#1282,#1281);
#1284=DIRECTION('',(0.E0,0.E0,-1.E0));
#1285=VECTOR('',#1284,1.32E1);
#1286=CARTESIAN_POINT('',(1.1E1,-4.795831523313E0,-7.15E0));
#1287=LINE('',#1286,#1285);
#1288=DIRECTION('',(0.E0,-1.E0,0.E0));
#1289=VECTOR('',#1288,2.057859234342E0);
#1290=CARTESIAN_POINT('',(1.1E1,-4.795831523313E0,-7.15E0));
#1291=LINE('',#1290,#1289);
#1292=DIRECTION('',(0.E0,0.E0,-1.E0));
#1293=VECTOR('',#1292,7.15E0);
#1294=CARTESIAN_POINT('',(1.1E1,5.531163525595E0,0.E0));
#1295=LINE('',#1294,#1293);
#1296=CARTESIAN_POINT('',(1.2E1,-6.853690757655E0,-7.15E0));
#1297=DIRECTION('',(0.E0,0.E0,1.E0));
#1298=DIRECTION('',(-1.E0,0.E0,0.E0));
#1299=AXIS2_PLACEMENT_3D('',#1296,#1297,#1298);
#1301=DIRECTION('',(0.E0,0.E0,-1.E0));
#1302=VECTOR('',#1301,7.15E0);
#1303=CARTESIAN_POINT('',(1.1E1,-6.853690757655E0,0.E0));
#1304=LINE('',#1303,#1302);
#1305=CARTESIAN_POINT('',(9.9E0,-9.9E0,-7.15E0));
#1306=DIRECTION('',(0.E0,0.E0,1.E0));
#1307=DIRECTION('',(1.E0,0.E0,0.E0));
#1308=AXIS2_PLACEMENT_3D('',#1305,#1306,#1307);
#1310=DIRECTION('',(0.E0,0.E0,-1.E0));
#1311=VECTOR('',#1310,7.15E0);
#1312=CARTESIAN_POINT('',(1.143243243243E1,-7.677017579910E0,0.E0));
#1313=LINE('',#1312,#1311);
#1314=DIRECTION('',(0.E0,-1.E0,0.E0));
#1315=VECTOR('',#1314,2.6E0);
#1316=CARTESIAN_POINT('',(1.26E1,-9.9E0,-7.15E0));
#1317=LINE('',#1316,#1315);
#1318=DIRECTION('',(0.E0,0.E0,-1.E0));
#1319=VECTOR('',#1318,7.15E0);
#1320=CARTESIAN_POINT('',(1.26E1,-9.9E0,0.E0));
#1321=LINE('',#1320,#1319);
#1322=CARTESIAN_POINT('',(1.E1,5.531163525595E0,-7.15E0));
#1323=DIRECTION('',(0.E0,0.E0,1.E0));
#1324=DIRECTION('',(1.E0,-2.042810365310E-14,0.E0));
#1325=AXIS2_PLACEMENT_3D('',#1322,#1323,#1324);
#1327=DIRECTION('',(0.E0,0.E0,-1.E0));
#1328=VECTOR('',#1327,7.15E0);
#1329=CARTESIAN_POINT('',(1.086602540378E1,6.031163525595E0,0.E0));
#1330=LINE('',#1329,#1328);
#1331=DIRECTION('',(5.E-1,-8.660254037844E-1,0.E0));
#1332=VECTOR('',#1331,1.864101615138E0);
#1333=CARTESIAN_POINT('',(9.933974596216E0,7.645522879540E0,-7.15E0));
#1334=LINE('',#1333,#1332);
#1335=DIRECTION('',(0.E0,0.E0,-1.E0));
#1336=VECTOR('',#1335,7.15E0);
#1337=CARTESIAN_POINT('',(9.933974596216E0,7.645522879540E0,0.E0));
#1338=LINE('',#1337,#1336);
#1339=CARTESIAN_POINT('',(1.08E1,8.145522879540E0,-7.15E0));
#1340=DIRECTION('',(0.E0,0.E0,1.E0));
#1341=DIRECTION('',(-1.E0,0.E0,0.E0));
#1342=AXIS2_PLACEMENT_3D('',#1339,#1340,#1341);
#1344=DIRECTION('',(0.E0,0.E0,-1.E0));
#1345=VECTOR('',#1344,7.15E0);
#1346=CARTESIAN_POINT('',(9.8E0,8.145522879540E0,0.E0));
#1347=LINE('',#1346,#1345);
#1348=DIRECTION('',(0.E0,-1.E0,0.E0));
#1349=VECTOR('',#1348,7.054477120460E0);
#1350=CARTESIAN_POINT('',(9.8E0,1.52E1,-7.15E0));
#1351=LINE('',#1350,#1349);
#1352=DIRECTION('',(0.E0,0.E0,-1.E0));
#1353=VECTOR('',#1352,7.15E0);
#1354=CARTESIAN_POINT('',(9.8E0,1.52E1,0.E0));
#1355=LINE('',#1354,#1353);
#1356=CARTESIAN_POINT('',(8.8E0,1.52E1,-7.15E0));
#1357=DIRECTION('',(0.E0,0.E0,1.E0));
#1358=DIRECTION('',(1.E0,0.E0,0.E0));
#1359=AXIS2_PLACEMENT_3D('',#1356,#1357,#1358);
#1361=DIRECTION('',(0.E0,0.E0,-1.E0));
#1362=VECTOR('',#1361,7.15E0);
#1363=CARTESIAN_POINT('',(8.8E0,1.62E1,0.E0));
#1364=LINE('',#1363,#1362);
#1365=DIRECTION('',(1.E0,0.E0,0.E0));
#1366=VECTOR('',#1365,1.847364219435E1);
#1367=CARTESIAN_POINT('',(-9.673642194351E0,1.62E1,-7.15E0));
#1368=LINE('',#1367,#1366);
#1369=DIRECTION('',(0.E0,0.E0,-1.E0));
#1370=VECTOR('',#1369,7.15E0);
#1371=CARTESIAN_POINT('',(-9.673642194351E0,1.62E1,0.E0));
#1372=LINE('',#1371,#1370);
#1373=CARTESIAN_POINT('',(-9.673642194351E0,1.52E1,-7.15E0));
#1374=DIRECTION('',(0.E0,0.E0,1.E0));
#1375=DIRECTION('',(-2.842170943040E-14,1.E0,0.E0));
#1376=AXIS2_PLACEMENT_3D('',#1373,#1374,#1375);
#1378=DIRECTION('',(0.E0,0.E0,-1.E0));
#1379=VECTOR('',#1378,7.15E0);
#1380=CARTESIAN_POINT('',(-1.061333481514E1,1.554202014333E1,0.E0));
#1381=LINE('',#1380,#1379);
#1382=DIRECTION('',(3.420201433257E-1,9.396926207859E-1,0.E0));
#1383=VECTOR('',#1382,5.057789819296E0);
#1384=CARTESIAN_POINT('',(-1.234320081404E1,1.078925237265E1,-7.15E0));
#1385=LINE('',#1384,#1383);
#1386=DIRECTION('',(0.E0,0.E0,-1.E0));
#1387=VECTOR('',#1386,7.15E0);
#1388=CARTESIAN_POINT('',(-1.234320081404E1,1.078925237265E1,0.E0));
#1389=LINE('',#1388,#1387);
#1390=CARTESIAN_POINT('',(-9.9E0,9.9E0,-7.15E0));
#1391=DIRECTION('',(0.E0,0.E0,1.E0));
#1392=DIRECTION('',(-9.396926207859E-1,3.420201433257E-1,0.E0));
#1393=AXIS2_PLACEMENT_3D('',#1390,#1391,#1392);
#1395=DIRECTION('',(0.E0,0.E0,-1.E0));
#1396=VECTOR('',#1395,7.15E0);
#1397=CARTESIAN_POINT('',(-1.141666666667E1,7.788194558625E0,0.E0));
#1398=LINE('',#1397,#1396);
#1399=CARTESIAN_POINT('',(-1.2E1,6.975961696557E0,-7.15E0));
#1400=DIRECTION('',(0.E0,0.E0,1.E0));
#1401=DIRECTION('',(1.E0,-1.509903313490E-14,0.E0));
#1402=AXIS2_PLACEMENT_3D('',#1399,#1400,#1401);
#1404=DIRECTION('',(0.E0,0.E0,-1.E0));
#1405=VECTOR('',#1404,7.15E0);
#1406=CARTESIAN_POINT('',(-1.1E1,6.975961696557E0,0.E0));
#1407=LINE('',#1406,#1405);
#1408=CARTESIAN_POINT('',(-9.9E0,9.9E0,-7.15E0));
#1409=DIRECTION('',(0.E0,0.E0,1.E0));
#1410=DIRECTION('',(1.E0,0.E0,0.E0));
#1411=AXIS2_PLACEMENT_3D('',#1408,#1409,#1410);
#1413=DIRECTION('',(0.E0,0.E0,-1.E0));
#1414=VECTOR('',#1413,7.15E0);
#1415=CARTESIAN_POINT('',(-8.7E0,9.9E0,0.E0));
#1416=LINE('',#1415,#1414);
#1417=CARTESIAN_POINT('',(-9.9E0,9.9E0,-7.15E0));
#1418=DIRECTION('',(0.E0,0.E0,1.E0));
#1419=DIRECTION('',(-1.E0,0.E0,0.E0));
#1420=AXIS2_PLACEMENT_3D('',#1417,#1418,#1419);
#1422=DIRECTION('',(0.E0,0.E0,-1.E0));
#1423=VECTOR('',#1422,7.15E0);
#1424=CARTESIAN_POINT('',(-1.11E1,9.9E0,0.E0));
#1425=LINE('',#1424,#1423);
#1426=CARTESIAN_POINT('',(9.9E0,-9.9E0,-7.15E0));
#1427=DIRECTION('',(0.E0,0.E0,1.E0));
#1428=DIRECTION('',(1.E0,0.E0,0.E0));
#1429=AXIS2_PLACEMENT_3D('',#1426,#1427,#1428);
#1431=DIRECTION('',(0.E0,0.E0,-1.E0));
#1432=VECTOR('',#1431,7.15E0);
#1433=CARTESIAN_POINT('',(1.11E1,-9.9E0,0.E0));
#1434=LINE('',#1433,#1432);
#1435=CARTESIAN_POINT('',(9.9E0,-9.9E0,-7.15E0));
#1436=DIRECTION('',(0.E0,0.E0,1.E0));
#1437=DIRECTION('',(-1.E0,0.E0,0.E0));
#1438=AXIS2_PLACEMENT_3D('',#1435,#1436,#1437);
#1440=DIRECTION('',(0.E0,0.E0,-1.E0));
#1441=VECTOR('',#1440,7.15E0);
#1442=CARTESIAN_POINT('',(8.7E0,-9.9E0,0.E0));
#1443=LINE('',#1442,#1441);
#1444=DIRECTION('',(0.E0,-1.E0,0.E0));
#1445=VECTOR('',#1444,1.5E0);
#1446=CARTESIAN_POINT('',(-4.305E0,-1.25E1,-3.81E0));
#1447=LINE('',#1446,#1445);
#1448=DIRECTION('',(0.E0,-1.E0,0.E0));
#1449=VECTOR('',#1448,1.5E0);
#1450=CARTESIAN_POINT('',(-5.855E0,-1.25E1,-3.81E0));
#1451=LINE('',#1450,#1449);
#1452=CARTESIAN_POINT('',(-5.08E0,-1.4E1,-3.81E0));
#1453=DIRECTION('',(0.E0,1.E0,0.E0));
#1454=DIRECTION('',(1.E0,0.E0,0.E0));
#1455=AXIS2_PLACEMENT_3D('',#1452,#1453,#1454);
#1457=CARTESIAN_POINT('',(-5.08E0,-1.4E1,-3.81E0));
#1458=DIRECTION('',(0.E0,1.E0,0.E0));
#1459=DIRECTION('',(-1.E0,0.E0,0.E0));
#1460=AXIS2_PLACEMENT_3D('',#1457,#1458,#1459);
#1462=CARTESIAN_POINT('',(5.08E0,-1.4E1,-1.27E1));
#1463=DIRECTION('',(0.E0,1.E0,0.E0));
#1464=DIRECTION('',(1.E0,0.E0,0.E0));
#1465=AXIS2_PLACEMENT_3D('',#1462,#1463,#1464);
#1467=CARTESIAN_POINT('',(5.08E0,-1.4E1,-1.27E1));
#1468=DIRECTION('',(0.E0,1.E0,0.E0));
#1469=DIRECTION('',(-1.E0,0.E0,0.E0));
#1470=AXIS2_PLACEMENT_3D('',#1467,#1468,#1469);
#1472=DIRECTION('',(0.E0,-1.E0,0.E0));
#1473=VECTOR('',#1472,1.5E0);
#1474=CARTESIAN_POINT('',(5.855E0,-1.25E1,-1.27E1));
#1475=LINE('',#1474,#1473);
#1476=DIRECTION('',(0.E0,-1.E0,0.E0));
#1477=VECTOR('',#1476,1.5E0);
#1478=CARTESIAN_POINT('',(4.305E0,-1.25E1,-1.27E1));
#1479=LINE('',#1478,#1477);
#1480=DIRECTION('',(0.E0,-1.E0,0.E0));
#1481=VECTOR('',#1480,3.5E0);
#1482=CARTESIAN_POINT('',(-4.84E0,-1.25E1,-1.461E1));
#1483=LINE('',#1482,#1481);
#1484=DIRECTION('',(0.E0,-1.E0,0.E0));
#1485=VECTOR('',#1484,3.5E0);
#1486=CARTESIAN_POINT('',(-4.04E0,-1.25E1,-1.461E1));
#1487=LINE('',#1486,#1485);
#1488=CARTESIAN_POINT('',(-6.795E0,-1.6E1,-1.314E1));
#1489=DIRECTION('',(0.E0,1.E0,0.E0));
#1490=DIRECTION('',(-1.E0,0.E0,0.E0));
#1491=AXIS2_PLACEMENT_3D('',#1488,#1489,#1490);
#1493=CARTESIAN_POINT('',(-6.795E0,-1.6E1,-1.314E1));
#1494=DIRECTION('',(0.E0,1.E0,0.E0));
#1495=DIRECTION('',(1.E0,0.E0,0.E0));
#1496=AXIS2_PLACEMENT_3D('',#1493,#1494,#1495);
#1498=CARTESIAN_POINT('',(-4.44E0,-1.6E1,-1.461E1));
#1499=DIRECTION('',(0.E0,1.E0,0.E0));
#1500=DIRECTION('',(-1.E0,0.E0,0.E0));
#1501=AXIS2_PLACEMENT_3D('',#1498,#1499,#1500);
#1503=CARTESIAN_POINT('',(-4.44E0,-1.6E1,-1.461E1));
#1504=DIRECTION('',(0.E0,1.E0,0.E0));
#1505=DIRECTION('',(1.E0,0.E0,0.E0));
#1506=AXIS2_PLACEMENT_3D('',#1503,#1504,#1505);
#1508=CARTESIAN_POINT('',(-3.17E0,-1.6E1,-1.715E1));
#1509=DIRECTION('',(0.E0,1.E0,0.E0));
#1510=DIRECTION('',(-1.E0,0.E0,0.E0));
#1511=AXIS2_PLACEMENT_3D('',#1508,#1509,#1510);
#1513=CARTESIAN_POINT('',(-3.17E0,-1.6E1,-1.715E1));
#1514=DIRECTION('',(0.E0,1.E0,0.E0));
#1515=DIRECTION('',(1.E0,0.E0,0.E0));
#1516=AXIS2_PLACEMENT_3D('',#1513,#1514,#1515);
#1518=CARTESIAN_POINT('',(-1.9E0,-1.6E1,-1.461E1));
#1519=DIRECTION('',(0.E0,1.E0,0.E0));
#1520=DIRECTION('',(-1.E0,0.E0,0.E0));
#1521=AXIS2_PLACEMENT_3D('',#1518,#1519,#1520);
#1523=CARTESIAN_POINT('',(-1.9E0,-1.6E1,-1.461E1));
#1524=DIRECTION('',(0.E0,1.E0,0.E0));
#1525=DIRECTION('',(1.E0,0.E0,0.E0));
#1526=AXIS2_PLACEMENT_3D('',#1523,#1524,#1525);
#1528=CARTESIAN_POINT('',(-6.3E-1,-1.6E1,-1.715E1));
#1529=DIRECTION('',(0.E0,1.E0,0.E0));
#1530=DIRECTION('',(-1.E0,0.E0,0.E0));
#1531=AXIS2_PLACEMENT_3D('',#1528,#1529,#1530);
#1533=CARTESIAN_POINT('',(-6.3E-1,-1.6E1,-1.715E1));
#1534=DIRECTION('',(0.E0,1.E0,0.E0));
#1535=DIRECTION('',(1.E0,0.E0,0.E0));
#1536=AXIS2_PLACEMENT_3D('',#1533,#1534,#1535);
#1538=CARTESIAN_POINT('',(6.4E-1,-1.6E1,-1.461E1));
#1539=DIRECTION('',(0.E0,1.E0,0.E0));
#1540=DIRECTION('',(-1.E0,0.E0,0.E0));
#1541=AXIS2_PLACEMENT_3D('',#1538,#1539,#1540);
#1543=CARTESIAN_POINT('',(6.4E-1,-1.6E1,-1.461E1));
#1544=DIRECTION('',(0.E0,1.E0,0.E0));
#1545=DIRECTION('',(1.E0,0.E0,0.E0));
#1546=AXIS2_PLACEMENT_3D('',#1543,#1544,#1545);
#1548=CARTESIAN_POINT('',(1.91E0,-1.6E1,-1.715E1));
#1549=DIRECTION('',(0.E0,1.E0,0.E0));
#1550=DIRECTION('',(-1.E0,0.E0,0.E0));
#1551=AXIS2_PLACEMENT_3D('',#1548,#1549,#1550);
#1553=CARTESIAN_POINT('',(1.91E0,-1.6E1,-1.715E1));
#1554=DIRECTION('',(0.E0,1.E0,0.E0));
#1555=DIRECTION('',(1.E0,0.E0,0.E0));
#1556=AXIS2_PLACEMENT_3D('',#1553,#1554,#1555);
#1558=CARTESIAN_POINT('',(3.18E0,-1.6E1,-1.461E1));
#1559=DIRECTION('',(0.E0,1.E0,0.E0));
#1560=DIRECTION('',(-1.E0,0.E0,0.E0));
#1561=AXIS2_PLACEMENT_3D('',#1558,#1559,#1560);
#1563=CARTESIAN_POINT('',(3.18E0,-1.6E1,-1.461E1));
#1564=DIRECTION('',(0.E0,1.E0,0.E0));
#1565=DIRECTION('',(1.E0,0.E0,0.E0));
#1566=AXIS2_PLACEMENT_3D('',#1563,#1564,#1565);
#1568=CARTESIAN_POINT('',(4.45E0,-1.6E1,-1.715E1));
#1569=DIRECTION('',(0.E0,1.E0,0.E0));
#1570=DIRECTION('',(-1.E0,0.E0,0.E0));
#1571=AXIS2_PLACEMENT_3D('',#1568,#1569,#1570);
#1573=CARTESIAN_POINT('',(4.45E0,-1.6E1,-1.715E1));
#1574=DIRECTION('',(0.E0,1.E0,0.E0));
#1575=DIRECTION('',(1.E0,0.E0,0.E0));
#1576=AXIS2_PLACEMENT_3D('',#1573,#1574,#1575);
#1578=CARTESIAN_POINT('',(-6.795E0,-1.25E1,-1.314E1));
#1579=DIRECTION('',(0.E0,1.E0,0.E0));
#1580=DIRECTION('',(-1.E0,0.E0,0.E0));
#1581=AXIS2_PLACEMENT_3D('',#1578,#1579,#1580);
#1583=DIRECTION('',(0.E0,1.E0,0.E0));
#1584=VECTOR('',#1583,2.609197454200E0);
#1585=CARTESIAN_POINT('',(-6.795E0,-1.25E1,-1.264E1));
#1586=LINE('',#1585,#1584);
#1587=DIRECTION('',(0.E0,-1.E0,0.E0));
#1588=VECTOR('',#1587,3.5E0);
#1589=CARTESIAN_POINT('',(-7.295E0,-1.25E1,-1.314E1));
#1590=LINE('',#1589,#1588);
#1591=CARTESIAN_POINT('',(-6.795E0,-1.25E1,-1.314E1));
#1592=DIRECTION('',(0.E0,1.E0,0.E0));
#1593=DIRECTION('',(1.E0,0.E0,0.E0));
#1594=AXIS2_PLACEMENT_3D('',#1591,#1592,#1593);
#1596=DIRECTION('',(0.E0,1.E0,0.E0));
#1597=VECTOR('',#1596,2.609197454200E0);
#1598=CARTESIAN_POINT('',(-6.795E0,-1.25E1,-1.364E1));
#1599=LINE('',#1598,#1597);
#1600=DIRECTION('',(0.E0,-1.E0,0.E0));
#1601=VECTOR('',#1600,3.5E0);
#1602=CARTESIAN_POINT('',(-6.295E0,-1.25E1,-1.314E1));
#1603=LINE('',#1602,#1601);
#1604=DIRECTION('',(0.E0,-1.E0,0.E0));
#1605=VECTOR('',#1604,3.5E0);
#1606=CARTESIAN_POINT('',(-3.57E0,-1.25E1,-1.715E1));
#1607=LINE('',#1606,#1605);
#1608=DIRECTION('',(0.E0,-1.E0,0.E0));
#1609=VECTOR('',#1608,3.5E0);
#1610=CARTESIAN_POINT('',(-2.77E0,-1.25E1,-1.715E1));
#1611=LINE('',#1610,#1609);
#1612=DIRECTION('',(0.E0,-1.E0,0.E0));
#1613=VECTOR('',#1612,3.5E0);
#1614=CARTESIAN_POINT('',(-2.3E0,-1.25E1,-1.461E1));
#1615=LINE('',#1614,#1613);
#1616=DIRECTION('',(0.E0,-1.E0,0.E0));
#1617=VECTOR('',#1616,3.5E0);
#1618=CARTESIAN_POINT('',(-1.5E0,-1.25E1,-1.461E1));
#1619=LINE('',#1618,#1617);
#1620=DIRECTION('',(0.E0,-1.E0,0.E0));
#1621=VECTOR('',#1620,3.5E0);
#1622=CARTESIAN_POINT('',(-1.03E0,-1.25E1,-1.715E1));
#1623=LINE('',#1622,#1621);
#1624=DIRECTION('',(0.E0,-1.E0,0.E0));
#1625=VECTOR('',#1624,3.5E0);
#1626=CARTESIAN_POINT('',(-2.3E-1,-1.25E1,-1.715E1));
#1627=LINE('',#1626,#1625);
#1628=DIRECTION('',(0.E0,-1.E0,0.E0));
#1629=VECTOR('',#1628,3.5E0);
#1630=CARTESIAN_POINT('',(2.4E-1,-1.25E1,-1.461E1));
#1631=LINE('',#1630,#1629);
#1632=DIRECTION('',(0.E0,-1.E0,0.E0));
#1633=VECTOR('',#1632,3.5E0);
#1634=CARTESIAN_POINT('',(1.04E0,-1.25E1,-1.461E1));
#1635=LINE('',#1634,#1633);
#1636=DIRECTION('',(0.E0,-1.E0,0.E0));
#1637=VECTOR('',#1636,3.5E0);
#1638=CARTESIAN_POINT('',(1.51E0,-1.25E1,-1.715E1));
#1639=LINE('',#1638,#1637);
#1640=DIRECTION('',(0.E0,-1.E0,0.E0));
#1641=VECTOR('',#1640,3.5E0);
#1642=CARTESIAN_POINT('',(2.31E0,-1.25E1,-1.715E1));
#1643=LINE('',#1642,#1641);
#1644=DIRECTION('',(0.E0,-1.E0,0.E0));
#1645=VECTOR('',#1644,3.5E0);
#1646=CARTESIAN_POINT('',(2.78E0,-1.25E1,-1.461E1));
#1647=LINE('',#1646,#1645);
#1648=DIRECTION('',(0.E0,-1.E0,0.E0));
#1649=VECTOR('',#1648,3.5E0);
#1650=CARTESIAN_POINT('',(3.58E0,-1.25E1,-1.461E1));
#1651=LINE('',#1650,#1649);
#1652=DIRECTION('',(0.E0,-1.E0,0.E0));
#1653=VECTOR('',#1652,3.5E0);
#1654=CARTESIAN_POINT('',(4.05E0,-1.25E1,-1.715E1));
#1655=LINE('',#1654,#1653);
#1656=DIRECTION('',(0.E0,-1.E0,0.E0));
#1657=VECTOR('',#1656,3.5E0);
#1658=CARTESIAN_POINT('',(4.85E0,-1.25E1,-1.715E1));
#1659=LINE('',#1658,#1657);
#1660=CARTESIAN_POINT('',(0.E0,1.1E1,0.E0));
#1661=CARTESIAN_POINT('',(0.E0,1.1E1,2.7E0));
#1662=VERTEX_POINT('',#1660);
#1663=VERTEX_POINT('',#1661);
#1664=CARTESIAN_POINT('',(0.E0,9.75E0,2.7E0));
#1665=CARTESIAN_POINT('',(0.E0,9.75E0,-1.03E1));
#1666=VERTEX_POINT('',#1664);
#1667=VERTEX_POINT('',#1665);
#1668=CARTESIAN_POINT('',(0.E0,-1.1E1,0.E0));
#1669=CARTESIAN_POINT('',(0.E0,-1.1E1,2.7E0));
#1670=VERTEX_POINT('',#1668);
#1671=VERTEX_POINT('',#1669);
#1672=CARTESIAN_POINT('',(0.E0,-9.75E0,2.7E0));
#1673=CARTESIAN_POINT('',(0.E0,-9.75E0,-1.03E1));
#1674=VERTEX_POINT('',#1672);
#1675=VERTEX_POINT('',#1673);
#1676=CARTESIAN_POINT('',(1.26E1,-1.25E1,0.E0));
#1677=CARTESIAN_POINT('',(-9.4E0,-1.25E1,0.E0));
#1678=VERTEX_POINT('',#1676);
#1679=VERTEX_POINT('',#1677);
#1680=CARTESIAN_POINT('',(-8.7E0,9.9E0,0.E0));
#1681=CARTESIAN_POINT('',(-1.11E1,9.9E0,0.E0));
#1682=VERTEX_POINT('',#1680);
#1683=VERTEX_POINT('',#1681);
#1684=CARTESIAN_POINT('',(1.11E1,-9.9E0,0.E0));
#1685=CARTESIAN_POINT('',(8.7E0,-9.9E0,0.E0));
#1686=VERTEX_POINT('',#1684);
#1687=VERTEX_POINT('',#1685);
#1688=CARTESIAN_POINT('',(5.9E0,3.65E0,2.7E0));
#1689=CARTESIAN_POINT('',(5.9E0,-3.15E0,2.7E0));
#1690=VERTEX_POINT('',#1688);
#1691=VERTEX_POINT('',#1689);
#1692=CARTESIAN_POINT('',(3.3E0,-3.15E0,2.7E0));
#1693=VERTEX_POINT('',#1692);
#1694=CARTESIAN_POINT('',(3.3E0,-5.15E0,2.7E0));
#1695=VERTEX_POINT('',#1694);
#1696=CARTESIAN_POINT('',(1.85E0,-5.15E0,2.7E0));
#1697=VERTEX_POINT('',#1696);
#1698=CARTESIAN_POINT('',(1.85E0,-6.45E0,2.7E0));
#1699=VERTEX_POINT('',#1698);
#1700=CARTESIAN_POINT('',(-1.85E0,-6.45E0,2.7E0));
#1701=VERTEX_POINT('',#1700);
#1702=CARTESIAN_POINT('',(-1.85E0,-5.15E0,2.7E0));
#1703=VERTEX_POINT('',#1702);
#1704=CARTESIAN_POINT('',(-3.3E0,-5.15E0,2.7E0));
#1705=VERTEX_POINT('',#1704);
#1706=CARTESIAN_POINT('',(-3.3E0,-3.15E0,2.7E0));
#1707=VERTEX_POINT('',#1706);
#1708=CARTESIAN_POINT('',(-5.9E0,-3.15E0,2.7E0));
#1709=VERTEX_POINT('',#1708);
#1710=CARTESIAN_POINT('',(-5.9E0,3.65E0,2.7E0));
#1711=VERTEX_POINT('',#1710);
#1712=CARTESIAN_POINT('',(5.9E0,3.65E0,-1.03E1));
#1713=CARTESIAN_POINT('',(5.9E0,-3.15E0,-1.03E1));
#1714=VERTEX_POINT('',#1712);
#1715=VERTEX_POINT('',#1713);
#1716=CARTESIAN_POINT('',(3.3E0,-3.15E0,-1.03E1));
#1717=VERTEX_POINT('',#1716);
#1718=CARTESIAN_POINT('',(3.3E0,-5.15E0,-1.03E1));
#1719=VERTEX_POINT('',#1718);
#1720=CARTESIAN_POINT('',(1.85E0,-5.15E0,-1.03E1));
#1721=VERTEX_POINT('',#1720);
#1722=CARTESIAN_POINT('',(1.85E0,-6.45E0,-1.03E1));
#1723=VERTEX_POINT('',#1722);
#1724=CARTESIAN_POINT('',(-1.85E0,-6.45E0,-1.03E1));
#1725=VERTEX_POINT('',#1724);
#1726=CARTESIAN_POINT('',(-1.85E0,-5.15E0,-1.03E1));
#1727=VERTEX_POINT('',#1726);
#1728=CARTESIAN_POINT('',(-3.3E0,-5.15E0,-1.03E1));
#1729=VERTEX_POINT('',#1728);
#1730=CARTESIAN_POINT('',(-3.3E0,-3.15E0,-1.03E1));
#1731=VERTEX_POINT('',#1730);
#1732=CARTESIAN_POINT('',(-5.9E0,-3.15E0,-1.03E1));
#1733=VERTEX_POINT('',#1732);
#1734=CARTESIAN_POINT('',(-5.9E0,3.65E0,-1.03E1));
#1735=VERTEX_POINT('',#1734);
#1736=CARTESIAN_POINT('',(-3.998136874993E0,6.871491943445E0,-1.03E1));
#1737=CARTESIAN_POINT('',(-5.216430404506E0,5.999279442978E0,-1.03E1));
#1738=VERTEX_POINT('',#1736);
#1739=VERTEX_POINT('',#1737);
#1740=CARTESIAN_POINT('',(5.216430404506E0,5.999279442978E0,-1.03E1));
#1741=VERTEX_POINT('',#1740);
#1742=CARTESIAN_POINT('',(3.998136874993E0,6.871491943445E0,-1.03E1));
#1743=VERTEX_POINT('',#1742);
#1744=CARTESIAN_POINT('',(2.5E0,1.070942976790E1,3.8E0));
#1745=CARTESIAN_POINT('',(3.E0,1.120942976790E1,3.8E0));
#1746=VERTEX_POINT('',#1744);
#1747=VERTEX_POINT('',#1745);
#1748=CARTESIAN_POINT('',(5.E0,1.320942976790E1,3.8E0));
#1749=VERTEX_POINT('',#1748);
#1750=CARTESIAN_POINT('',(5.E0,1.402562825500E1,3.8E0));
#1751=VERTEX_POINT('',#1750);
#1752=CARTESIAN_POINT('',(3.75E0,1.587967787677E1,3.8E0));
#1753=VERTEX_POINT('',#1752);
#1754=CARTESIAN_POINT('',(-3.75E0,1.587967787677E1,3.8E0));
#1755=VERTEX_POINT('',#1754);
#1756=CARTESIAN_POINT('',(-5.E0,1.402562825500E1,3.8E0));
#1757=VERTEX_POINT('',#1756);
#1758=CARTESIAN_POINT('',(-5.E0,1.320942976790E1,3.8E0));
#1759=VERTEX_POINT('',#1758);
#1760=CARTESIAN_POINT('',(-3.E0,1.120942976790E1,3.8E0));
#1761=VERTEX_POINT('',#1760);
#1762=CARTESIAN_POINT('',(-2.5E0,1.070942976790E1,3.8E0));
#1763=VERTEX_POINT('',#1762);
#1764=CARTESIAN_POINT('',(2.5E0,1.060942976790E1,3.8E0));
#1765=CARTESIAN_POINT('',(-2.5E0,1.060942976790E1,3.8E0));
#1766=VERTEX_POINT('',#1764);
#1767=VERTEX_POINT('',#1765);
#1768=VERTEX_POINT('',#1000);
#1769=VERTEX_POINT('',#1006);
#1770=CARTESIAN_POINT('',(-2.5E0,9.909429767900E0,5.9E0));
#1771=VERTEX_POINT('',#1770);
#1772=VERTEX_POINT('',#972);
#1773=CARTESIAN_POINT('',(-2.319918977811E0,1.087523026023E1,6.8E0));
#1774=CARTESIAN_POINT('',(2.319918977811E0,1.087523026023E1,6.8E0));
#1775=VERTEX_POINT('',#1773);
#1776=VERTEX_POINT('',#1774);
#1777=CARTESIAN_POINT('',(2.5E0,1.070942976856E1,6.6E0));
#1778=VERTEX_POINT('',#1777);
#1779=CARTESIAN_POINT('',(-2.5E0,1.070942976903E1,6.6E0));
#1780=VERTEX_POINT('',#1779);
#1781=CARTESIAN_POINT('',(-3.E0,1.120942976790E1,6.6E0));
#1782=VERTEX_POINT('',#1781);
#1783=CARTESIAN_POINT('',(-3.E0,1.140942976790E1,6.8E0));
#1784=VERTEX_POINT('',#1783);
#1785=CARTESIAN_POINT('',(-4.799999178927E0,1.320942976790E1,6.799999999998E0));
#1786=VERTEX_POINT('',#1785);
#1787=CARTESIAN_POINT('',(-5.E0,1.320942976790E1,6.6E0));
#1788=VERTEX_POINT('',#1787);
#1789=CARTESIAN_POINT('',(-4.8E0,1.402562825500E1,6.8E0));
#1790=VERTEX_POINT('',#1789);
#1791=CARTESIAN_POINT('',(-5.E0,1.402562825461E1,6.6E0));
#1792=VERTEX_POINT('',#1791);
#1793=CARTESIAN_POINT('',(-3.674999501247E0,1.569427168164E1,6.799999999996E0));
#1794=VERTEX_POINT('',#1793);
#1795=CARTESIAN_POINT('',(-3.75E0,1.587967787677E1,6.6E0));
#1796=VERTEX_POINT('',#1795);
#1797=CARTESIAN_POINT('',(3.675000276428E0,1.569427359794E1,6.799999999999E0));
#1798=VERTEX_POINT('',#1797);
#1799=CARTESIAN_POINT('',(3.75E0,1.587967787677E1,6.6E0));
#1800=VERTEX_POINT('',#1799);
#1801=CARTESIAN_POINT('',(4.799998669993E0,1.402562825500E1,6.799999999996E0));
#1802=VERTEX_POINT('',#1801);
#1803=CARTESIAN_POINT('',(5.E0,1.402562825500E1,6.6E0));
#1804=VERTEX_POINT('',#1803);
#1805=CARTESIAN_POINT('',(4.8E0,1.320942976790E1,6.8E0));
#1806=VERTEX_POINT('',#1805);
#1807=CARTESIAN_POINT('',(5.E0,1.320942976846E1,6.6E0));
#1808=VERTEX_POINT('',#1807);
#1809=CARTESIAN_POINT('',(3.E0,1.140943058897E1,6.799999999998E0));
#1810=VERTEX_POINT('',#1809);
#1811=CARTESIAN_POINT('',(3.E0,1.120942976790E1,6.6E0));
#1812=VERTEX_POINT('',#1811);
#1813=VERTEX_POINT('',#1017);
#1814=VERTEX_POINT('',#998);
#1815=CARTESIAN_POINT('',(-3.998136875021E0,6.871491943373E0,2.2E0));
#1816=VERTEX_POINT('',#1815);
#1817=CARTESIAN_POINT('',(-5.216430405513E0,5.999279444252E0,2.2E0));
#1818=VERTEX_POINT('',#1817);
#1819=CARTESIAN_POINT('',(5.216430404475E0,5.999279442942E0,2.2E0));
#1820=VERTEX_POINT('',#1819);
#1821=CARTESIAN_POINT('',(3.998136875873E0,6.871491944808E0,2.2E0));
#1822=VERTEX_POINT('',#1821);
#1823=CARTESIAN_POINT('',(-4.417964033498E0,6.599931348031E0,2.7E0));
#1824=VERTEX_POINT('',#1823);
#1825=CARTESIAN_POINT('',(-4.824061876669E0,6.309193847875E0,2.7E0));
#1826=VERTEX_POINT('',#1825);
#1827=CARTESIAN_POINT('',(-3.746681725622E0,6.439322638825E0,2.7E0));
#1828=VERTEX_POINT('',#1827);
#1829=CARTESIAN_POINT('',(3.746681725622E0,6.439322638825E0,2.7E0));
#1830=VERTEX_POINT('',#1829);
#1831=CARTESIAN_POINT('',(4.824061876669E0,6.309193847875E0,2.7E0));
#1832=VERTEX_POINT('',#1831);
#1833=CARTESIAN_POINT('',(4.417964033498E0,6.599931348031E0,2.7E0));
#1834=VERTEX_POINT('',#1833);
#1835=CARTESIAN_POINT('',(-4.888353020575E0,5.621966270464E0,2.7E0));
#1836=VERTEX_POINT('',#1835);
#1837=CARTESIAN_POINT('',(4.888353020575E0,5.621966270464E0,2.7E0));
#1838=VERTEX_POINT('',#1837);
#1839=CARTESIAN_POINT('',(1.1E1,3.462220714641E-7,0.E0));
#1840=VERTEX_POINT('',#1839);
#1841=CARTESIAN_POINT('',(-1.1E1,0.E0,0.E0));
#1842=VERTEX_POINT('',#1841);
#1843=CARTESIAN_POINT('',(-2.5E0,1.060942976790E1,2.7E0));
#1844=CARTESIAN_POINT('',(-2.5E0,9.909429767900E0,2.7E0));
#1845=VERTEX_POINT('',#1843);
#1846=VERTEX_POINT('',#1844);
#1847=CARTESIAN_POINT('',(2.5E0,9.909429767900E0,2.7E0));
#1848=VERTEX_POINT('',#1847);
#1849=CARTESIAN_POINT('',(2.5E0,1.060942976790E1,2.7E0));
#1850=VERTEX_POINT('',#1849);
#1851=CARTESIAN_POINT('',(-4.305E0,-1.4E1,-3.81E0));
#1852=CARTESIAN_POINT('',(-5.855E0,-1.4E1,-3.81E0));
#1853=VERTEX_POINT('',#1851);
#1854=VERTEX_POINT('',#1852);
#1855=CARTESIAN_POINT('',(5.855E0,-1.4E1,-1.27E1));
#1856=CARTESIAN_POINT('',(4.305E0,-1.4E1,-1.27E1));
#1857=VERTEX_POINT('',#1855);
#1858=VERTEX_POINT('',#1856);
#1859=CARTESIAN_POINT('',(-4.305E0,-1.25E1,-3.81E0));
#1860=CARTESIAN_POINT('',(-5.855E0,-1.25E1,-3.81E0));
#1861=VERTEX_POINT('',#1859);
#1862=VERTEX_POINT('',#1860);
#1863=CARTESIAN_POINT('',(5.855E0,-1.25E1,-1.27E1));
#1864=CARTESIAN_POINT('',(4.305E0,-1.25E1,-1.27E1));
#1865=VERTEX_POINT('',#1863);
#1866=VERTEX_POINT('',#1864);
#1867=CARTESIAN_POINT('',(-7.295E0,-1.6E1,-1.314E1));
#1868=CARTESIAN_POINT('',(-6.295E0,-1.6E1,-1.314E1));
#1869=VERTEX_POINT('',#1867);
#1870=VERTEX_POINT('',#1868);
#1871=CARTESIAN_POINT('',(-4.84E0,-1.6E1,-1.461E1));
#1872=CARTESIAN_POINT('',(-4.04E0,-1.6E1,-1.461E1));
#1873=VERTEX_POINT('',#1871);
#1874=VERTEX_POINT('',#1872);
#1875=CARTESIAN_POINT('',(-3.57E0,-1.6E1,-1.715E1));
#1876=CARTESIAN_POINT('',(-2.77E0,-1.6E1,-1.715E1));
#1877=VERTEX_POINT('',#1875);
#1878=VERTEX_POINT('',#1876);
#1879=CARTESIAN_POINT('',(-2.3E0,-1.6E1,-1.461E1));
#1880=CARTESIAN_POINT('',(-1.5E0,-1.6E1,-1.461E1));
#1881=VERTEX_POINT('',#1879);
#1882=VERTEX_POINT('',#1880);
#1883=CARTESIAN_POINT('',(-1.03E0,-1.6E1,-1.715E1));
#1884=CARTESIAN_POINT('',(-2.3E-1,-1.6E1,-1.715E1));
#1885=VERTEX_POINT('',#1883);
#1886=VERTEX_POINT('',#1884);
#1887=CARTESIAN_POINT('',(2.4E-1,-1.6E1,-1.461E1));
#1888=CARTESIAN_POINT('',(1.04E0,-1.6E1,-1.461E1));
#1889=VERTEX_POINT('',#1887);
#1890=VERTEX_POINT('',#1888);
#1891=CARTESIAN_POINT('',(1.51E0,-1.6E1,-1.715E1));
#1892=CARTESIAN_POINT('',(2.31E0,-1.6E1,-1.715E1));
#1893=VERTEX_POINT('',#1891);
#1894=VERTEX_POINT('',#1892);
#1895=CARTESIAN_POINT('',(2.78E0,-1.6E1,-1.461E1));
#1896=CARTESIAN_POINT('',(3.58E0,-1.6E1,-1.461E1));
#1897=VERTEX_POINT('',#1895);
#1898=VERTEX_POINT('',#1896);
#1899=CARTESIAN_POINT('',(4.05E0,-1.6E1,-1.715E1));
#1900=CARTESIAN_POINT('',(4.85E0,-1.6E1,-1.715E1));
#1901=VERTEX_POINT('',#1899);
#1902=VERTEX_POINT('',#1900);
#1903=CARTESIAN_POINT('',(-4.84E0,-1.25E1,-1.461E1));
#1904=CARTESIAN_POINT('',(-4.04E0,-1.25E1,-1.461E1));
#1905=VERTEX_POINT('',#1903);
#1906=VERTEX_POINT('',#1904);
#1907=CARTESIAN_POINT('',(-3.57E0,-1.25E1,-1.715E1));
#1908=CARTESIAN_POINT('',(-2.77E0,-1.25E1,-1.715E1));
#1909=VERTEX_POINT('',#1907);
#1910=VERTEX_POINT('',#1908);
#1911=CARTESIAN_POINT('',(-2.3E0,-1.25E1,-1.461E1));
#1912=CARTESIAN_POINT('',(-1.5E0,-1.25E1,-1.461E1));
#1913=VERTEX_POINT('',#1911);
#1914=VERTEX_POINT('',#1912);
#1915=CARTESIAN_POINT('',(-1.03E0,-1.25E1,-1.715E1));
#1916=CARTESIAN_POINT('',(-2.3E-1,-1.25E1,-1.715E1));
#1917=VERTEX_POINT('',#1915);
#1918=VERTEX_POINT('',#1916);
#1919=CARTESIAN_POINT('',(2.4E-1,-1.25E1,-1.461E1));
#1920=CARTESIAN_POINT('',(1.04E0,-1.25E1,-1.461E1));
#1921=VERTEX_POINT('',#1919);
#1922=VERTEX_POINT('',#1920);
#1923=CARTESIAN_POINT('',(1.51E0,-1.25E1,-1.715E1));
#1924=CARTESIAN_POINT('',(2.31E0,-1.25E1,-1.715E1));
#1925=VERTEX_POINT('',#1923);
#1926=VERTEX_POINT('',#1924);
#1927=CARTESIAN_POINT('',(2.78E0,-1.25E1,-1.461E1));
#1928=CARTESIAN_POINT('',(3.58E0,-1.25E1,-1.461E1));
#1929=VERTEX_POINT('',#1927);
#1930=VERTEX_POINT('',#1928);
#1931=CARTESIAN_POINT('',(4.05E0,-1.25E1,-1.715E1));
#1932=CARTESIAN_POINT('',(4.85E0,-1.25E1,-1.715E1));
#1933=VERTEX_POINT('',#1931);
#1934=VERTEX_POINT('',#1932);
#1935=CARTESIAN_POINT('',(-9.4E0,-8.335E0,0.E0));
#1936=VERTEX_POINT('',#1935);
#1937=CARTESIAN_POINT('',(-9.533974596216E0,-7.835E0,0.E0));
#1938=VERTEX_POINT('',#1937);
#1939=CARTESIAN_POINT('',(-1.086602540378E1,-5.527820323028E0,0.E0));
#1940=VERTEX_POINT('',#1939);
#1941=CARTESIAN_POINT('',(-1.1E1,-5.027820323028E0,0.E0));
#1942=VERTEX_POINT('',#1941);
#1943=CARTESIAN_POINT('',(-1.1E1,6.975961696557E0,0.E0));
#1944=CARTESIAN_POINT('',(-1.141666666667E1,7.788194558625E0,0.E0));
#1945=VERTEX_POINT('',#1943);
#1946=VERTEX_POINT('',#1944);
#1947=CARTESIAN_POINT('',(-1.234320081404E1,1.078925237265E1,0.E0));
#1948=VERTEX_POINT('',#1947);
#1949=CARTESIAN_POINT('',(-1.061333481514E1,1.554202014333E1,0.E0));
#1950=VERTEX_POINT('',#1949);
#1951=CARTESIAN_POINT('',(-9.673642194351E0,1.62E1,0.E0));
#1952=VERTEX_POINT('',#1951);
#1953=CARTESIAN_POINT('',(8.8E0,1.62E1,0.E0));
#1954=VERTEX_POINT('',#1953);
#1955=CARTESIAN_POINT('',(9.8E0,1.52E1,0.E0));
#1956=VERTEX_POINT('',#1955);
#1957=CARTESIAN_POINT('',(9.8E0,8.145522879540E0,0.E0));
#1958=VERTEX_POINT('',#1957);
#1959=CARTESIAN_POINT('',(9.933974596216E0,7.645522879540E0,0.E0));
#1960=VERTEX_POINT('',#1959);
#1961=CARTESIAN_POINT('',(1.086602540378E1,6.031163525595E0,0.E0));
#1962=VERTEX_POINT('',#1961);
#1963=CARTESIAN_POINT('',(1.1E1,5.531163525595E0,0.E0));
#1964=VERTEX_POINT('',#1963);
#1965=CARTESIAN_POINT('',(1.1E1,-6.853690757655E0,0.E0));
#1966=CARTESIAN_POINT('',(1.143243243243E1,-7.677017579910E0,0.E0));
#1967=VERTEX_POINT('',#1965);
#1968=VERTEX_POINT('',#1966);
#1969=CARTESIAN_POINT('',(1.26E1,-9.9E0,0.E0));
#1970=VERTEX_POINT('',#1969);
#1971=CARTESIAN_POINT('',(-6.15E0,-1.030424669736E1,-2.035E1));
#1972=CARTESIAN_POINT('',(-1.1E1,-4.795831523313E0,-2.035E1));
#1973=VERTEX_POINT('',#1971);
#1974=VERTEX_POINT('',#1972);
#1975=CARTESIAN_POINT('',(-1.1E1,4.795831523313E0,-2.035E1));
#1976=CARTESIAN_POINT('',(1.1E1,4.795831523313E0,-2.035E1));
#1977=VERTEX_POINT('',#1975);
#1978=VERTEX_POINT('',#1976);
#1979=CARTESIAN_POINT('',(1.1E1,-4.795831523313E0,-2.035E1));
#1980=CARTESIAN_POINT('',(6.15E0,-1.030424669736E1,-2.035E1));
#1981=VERTEX_POINT('',#1979);
#1982=VERTEX_POINT('',#1980);
#1983=CARTESIAN_POINT('',(-6.15E0,-1.25E1,-2.035E1));
#1984=VERTEX_POINT('',#1983);
#1985=CARTESIAN_POINT('',(6.15E0,-1.25E1,-2.035E1));
#1986=VERTEX_POINT('',#1985);
#1987=CARTESIAN_POINT('',(1.26E1,-1.25E1,-7.15E0));
#1988=CARTESIAN_POINT('',(6.15E0,-1.25E1,-7.15E0));
#1989=VERTEX_POINT('',#1987);
#1990=VERTEX_POINT('',#1988);
#1991=CARTESIAN_POINT('',(-6.15E0,-1.25E1,-7.15E0));
#1992=CARTESIAN_POINT('',(-9.4E0,-1.25E1,-7.15E0));
#1993=VERTEX_POINT('',#1991);
#1994=VERTEX_POINT('',#1992);
#1995=CARTESIAN_POINT('',(-9.4E0,-8.335E0,-7.15E0));
#1996=VERTEX_POINT('',#1995);
#1997=CARTESIAN_POINT('',(-9.533974596216E0,-7.835E0,-7.15E0));
#1998=VERTEX_POINT('',#1997);
#1999=CARTESIAN_POINT('',(-1.086602540378E1,-5.527820323028E0,-7.15E0));
#2000=VERTEX_POINT('',#1999);
#2001=CARTESIAN_POINT('',(-1.1E1,-5.027820323028E0,-7.15E0));
#2002=VERTEX_POINT('',#2001);
#2003=CARTESIAN_POINT('',(-1.1E1,-4.795831523313E0,-7.15E0));
#2004=VERTEX_POINT('',#2003);
#2005=CARTESIAN_POINT('',(-1.1E1,4.795831523313E0,-7.15E0));
#2006=CARTESIAN_POINT('',(-1.1E1,6.975961696557E0,-7.15E0));
#2007=VERTEX_POINT('',#2005);
#2008=VERTEX_POINT('',#2006);
#2009=CARTESIAN_POINT('',(-1.141666666667E1,7.788194558625E0,-7.15E0));
#2010=VERTEX_POINT('',#2009);
#2011=CARTESIAN_POINT('',(-1.234320081404E1,1.078925237265E1,-7.15E0));
#2012=VERTEX_POINT('',#2011);
#2013=CARTESIAN_POINT('',(-1.061333481514E1,1.554202014333E1,-7.15E0));
#2014=VERTEX_POINT('',#2013);
#2015=CARTESIAN_POINT('',(-9.673642194351E0,1.62E1,-7.15E0));
#2016=VERTEX_POINT('',#2015);
#2017=CARTESIAN_POINT('',(8.8E0,1.62E1,-7.15E0));
#2018=VERTEX_POINT('',#2017);
#2019=CARTESIAN_POINT('',(9.8E0,1.52E1,-7.15E0));
#2020=VERTEX_POINT('',#2019);
#2021=CARTESIAN_POINT('',(9.8E0,8.145522879540E0,-7.15E0));
#2022=VERTEX_POINT('',#2021);
#2023=CARTESIAN_POINT('',(9.933974596216E0,7.645522879540E0,-7.15E0));
#2024=VERTEX_POINT('',#2023);
#2025=CARTESIAN_POINT('',(1.086602540378E1,6.031163525595E0,-7.15E0));
#2026=VERTEX_POINT('',#2025);
#2027=CARTESIAN_POINT('',(1.1E1,5.531163525595E0,-7.15E0));
#2028=VERTEX_POINT('',#2027);
#2029=CARTESIAN_POINT('',(1.1E1,4.795831523313E0,-7.15E0));
#2030=VERTEX_POINT('',#2029);
#2031=CARTESIAN_POINT('',(1.1E1,-4.795831523313E0,-7.15E0));
#2032=CARTESIAN_POINT('',(1.1E1,-6.853690757655E0,-7.15E0));
#2033=VERTEX_POINT('',#2031);
#2034=VERTEX_POINT('',#2032);
#2035=CARTESIAN_POINT('',(1.143243243243E1,-7.677017579910E0,-7.15E0));
#2036=VERTEX_POINT('',#2035);
#2037=CARTESIAN_POINT('',(1.26E1,-9.9E0,-7.15E0));
#2038=VERTEX_POINT('',#2037);
#2039=CARTESIAN_POINT('',(6.15E0,-1.030424669736E1,-7.15E0));
#2040=VERTEX_POINT('',#2039);
#2041=CARTESIAN_POINT('',(-6.15E0,-1.030424669736E1,-7.15E0));
#2042=VERTEX_POINT('',#2041);
#2043=CARTESIAN_POINT('',(-8.7E0,9.9E0,-7.15E0));
#2044=CARTESIAN_POINT('',(-1.11E1,9.9E0,-7.15E0));
#2045=VERTEX_POINT('',#2043);
#2046=VERTEX_POINT('',#2044);
#2047=CARTESIAN_POINT('',(1.11E1,-9.9E0,-7.15E0));
#2048=CARTESIAN_POINT('',(8.7E0,-9.9E0,-7.15E0));
#2049=VERTEX_POINT('',#2047);
#2050=VERTEX_POINT('',#2048);
#2051=CARTESIAN_POINT('',(-6.295E0,-1.25E1,-1.314E1));
#2052=CARTESIAN_POINT('',(-6.795E0,-1.25E1,-1.364E1));
#2053=VERTEX_POINT('',#2051);
#2054=VERTEX_POINT('',#2052);
#2055=CARTESIAN_POINT('',(-7.295E0,-1.25E1,-1.314E1));
#2056=CARTESIAN_POINT('',(-6.795E0,-1.25E1,-1.264E1));
#2057=VERTEX_POINT('',#2055);
#2058=VERTEX_POINT('',#2056);
#2059=VERTEX_POINT('',#255);
#2060=VERTEX_POINT('',#267);
#2061=CARTESIAN_POINT('',(0.E0,0.E0,-2.035E1));
#2062=DIRECTION('',(0.E0,0.E0,-1.E0));
#2063=DIRECTION('',(0.E0,-1.E0,0.E0));
#2064=AXIS2_PLACEMENT_3D('',#2061,#2062,#2063);
#2065=PLANE('',#2064);
#2067=ORIENTED_EDGE('',*,*,#2066,.F.);
#2069=ORIENTED_EDGE('',*,*,#2068,.F.);
#2071=ORIENTED_EDGE('',*,*,#2070,.F.);
#2073=ORIENTED_EDGE('',*,*,#2072,.T.);
#2075=ORIENTED_EDGE('',*,*,#2074,.F.);
#2077=ORIENTED_EDGE('',*,*,#2076,.F.);
#2079=ORIENTED_EDGE('',*,*,#2078,.F.);
#2081=ORIENTED_EDGE('',*,*,#2080,.F.);
#2082=EDGE_LOOP('',(#2067,#2069,#2071,#2073,#2075,#2077,#2079,#2081));
#2083=FACE_OUTER_BOUND('',#2082,.F.);
#2085=CARTESIAN_POINT('',(0.E0,0.E0,-2.035E1));
#2086=DIRECTION('',(0.E0,0.E0,-1.E0));
#2087=DIRECTION('',(-1.E0,0.E0,0.E0));
#2088=AXIS2_PLACEMENT_3D('',#2085,#2086,#2087);
#2089=CYLINDRICAL_SURFACE('',#2088,1.2E1);
#2090=ORIENTED_EDGE('',*,*,#2066,.T.);
#2092=ORIENTED_EDGE('',*,*,#2091,.F.);
#2094=ORIENTED_EDGE('',*,*,#2093,.T.);
#2096=ORIENTED_EDGE('',*,*,#2095,.F.);
#2097=EDGE_LOOP('',(#2090,#2092,#2094,#2096));
#2098=FACE_OUTER_BOUND('',#2097,.F.);
#2100=ORIENTED_EDGE('',*,*,#2099,.T.);
#2102=ORIENTED_EDGE('',*,*,#2101,.T.);
#2103=EDGE_LOOP('',(#2100,#2102));
#2104=FACE_BOUND('',#2103,.F.);
#2106=CARTESIAN_POINT('',(0.E0,0.E0,-2.035E1));
#2107=DIRECTION('',(0.E0,0.E0,-1.E0));
#2108=DIRECTION('',(-1.E0,0.E0,0.E0));
#2109=AXIS2_PLACEMENT_3D('',#2106,#2107,#2108);
#2110=CYLINDRICAL_SURFACE('',#2109,1.2E1);
#2111=ORIENTED_EDGE('',*,*,#2078,.T.);
#2113=ORIENTED_EDGE('',*,*,#2112,.F.);
#2115=ORIENTED_EDGE('',*,*,#2114,.T.);
#2117=ORIENTED_EDGE('',*,*,#2116,.T.);
#2118=EDGE_LOOP('',(#2111,#2113,#2115,#2117));
#2119=FACE_OUTER_BOUND('',#2118,.F.);
#2121=CARTESIAN_POINT('',(0.E0,0.E0,-2.035E1));
#2122=DIRECTION('',(0.E0,0.E0,-1.E0));
#2123=DIRECTION('',(-1.E0,0.E0,0.E0));
#2124=AXIS2_PLACEMENT_3D('',#2121,#2122,#2123);
#2125=CYLINDRICAL_SURFACE('',#2124,1.2E1);
#2126=ORIENTED_EDGE('',*,*,#2074,.T.);
#2128=ORIENTED_EDGE('',*,*,#2127,.T.);
#2130=ORIENTED_EDGE('',*,*,#2129,.T.);
#2132=ORIENTED_EDGE('',*,*,#2131,.T.);
#2133=EDGE_LOOP('',(#2126,#2128,#2130,#2132));
#2134=FACE_OUTER_BOUND('',#2133,.F.);
#2136=CARTESIAN_POINT('',(-1.1E1,-5.027820323028E0,0.E0));
#2137=DIRECTION('',(1.E0,0.E0,0.E0));
#2138=DIRECTION('',(0.E0,1.E0,0.E0));
#2139=AXIS2_PLACEMENT_3D('',#2136,#2137,#2138);
#2140=PLANE('',#2139);
#2142=ORIENTED_EDGE('',*,*,#2141,.T.);
#2143=ORIENTED_EDGE('',*,*,#2091,.T.);
#2144=ORIENTED_EDGE('',*,*,#2080,.T.);
#2145=ORIENTED_EDGE('',*,*,#2116,.F.);
#2147=ORIENTED_EDGE('',*,*,#2146,.T.);
#2149=ORIENTED_EDGE('',*,*,#2148,.F.);
#2151=ORIENTED_EDGE('',*,*,#2150,.F.);
#2153=ORIENTED_EDGE('',*,*,#2152,.F.);
#2155=ORIENTED_EDGE('',*,*,#2154,.T.);
#2156=EDGE_LOOP('',(#2142,#2143,#2144,#2145,#2147,#2149,#2151,#2153,#2155));
#2157=FACE_OUTER_BOUND('',#2156,.F.);
#2159=CARTESIAN_POINT('',(0.E0,0.E0,-7.15E0));
#2160=DIRECTION('',(0.E0,0.E0,-1.E0));
#2161=DIRECTION('',(-1.E0,0.E0,0.E0));
#2162=AXIS2_PLACEMENT_3D('',#2159,#2160,#2161);
#2163=PLANE('',#2162);
#2165=ORIENTED_EDGE('',*,*,#2164,.F.);
#2167=ORIENTED_EDGE('',*,*,#2166,.F.);
#2169=ORIENTED_EDGE('',*,*,#2168,.T.);
#2171=ORIENTED_EDGE('',*,*,#2170,.F.);
#2173=ORIENTED_EDGE('',*,*,#2172,.F.);
#2174=ORIENTED_EDGE('',*,*,#2129,.F.);
#2176=ORIENTED_EDGE('',*,*,#2175,.F.);
#2177=EDGE_LOOP('',(#2165,#2167,#2169,#2171,#2173,#2174,#2176));
#2178=FACE_OUTER_BOUND('',#2177,.F.);
#2180=ORIENTED_EDGE('',*,*,#2179,.F.);
#2182=ORIENTED_EDGE('',*,*,#2181,.F.);
#2183=EDGE_LOOP('',(#2180,#2182));
#2184=FACE_BOUND('',#2183,.F.);
#2186=CARTESIAN_POINT('',(0.E0,0.E0,-7.15E0));
#2187=DIRECTION('',(0.E0,0.E0,-1.E0));
#2188=DIRECTION('',(-1.E0,0.E0,0.E0));
#2189=AXIS2_PLACEMENT_3D('',#2186,#2187,#2188);
#2190=PLANE('',#2189);
#2192=ORIENTED_EDGE('',*,*,#2191,.F.);
#2194=ORIENTED_EDGE('',*,*,#2193,.F.);
#2195=ORIENTED_EDGE('',*,*,#2093,.F.);
#2196=ORIENTED_EDGE('',*,*,#2141,.F.);
#2198=ORIENTED_EDGE('',*,*,#2197,.T.);
#2200=ORIENTED_EDGE('',*,*,#2199,.F.);
#2202=ORIENTED_EDGE('',*,*,#2201,.F.);
#2204=ORIENTED_EDGE('',*,*,#2203,.F.);
#2205=EDGE_LOOP('',(#2192,#2194,#2195,#2196,#2198,#2200,#2202,#2204));
#2206=FACE_OUTER_BOUND('',#2205,.F.);
#2208=CARTESIAN_POINT('',(0.E0,0.E0,-7.15E0));
#2209=DIRECTION('',(0.E0,0.E0,-1.E0));
#2210=DIRECTION('',(-1.E0,0.E0,0.E0));
#2211=AXIS2_PLACEMENT_3D('',#2208,#2209,#2210);
#2212=PLANE('',#2211);
#2213=ORIENTED_EDGE('',*,*,#2146,.F.);
#2214=ORIENTED_EDGE('',*,*,#2114,.F.);
#2216=ORIENTED_EDGE('',*,*,#2215,.F.);
#2218=ORIENTED_EDGE('',*,*,#2217,.T.);
#2220=ORIENTED_EDGE('',*,*,#2219,.F.);
#2222=ORIENTED_EDGE('',*,*,#2221,.F.);
#2224=ORIENTED_EDGE('',*,*,#2223,.F.);
#2226=ORIENTED_EDGE('',*,*,#2225,.T.);
#2228=ORIENTED_EDGE('',*,*,#2227,.F.);
#2230=ORIENTED_EDGE('',*,*,#2229,.T.);
#2232=ORIENTED_EDGE('',*,*,#2231,.F.);
#2234=ORIENTED_EDGE('',*,*,#2233,.T.);
#2236=ORIENTED_EDGE('',*,*,#2235,.F.);
#2237=EDGE_LOOP('',(#2213,#2214,#2216,#2218,#2220,#2222,#2224,#2226,#2228,#2230,
#2232,#2234,#2236));
#2238=FACE_OUTER_BOUND('',#2237,.F.);
#2240=ORIENTED_EDGE('',*,*,#2239,.F.);
#2242=ORIENTED_EDGE('',*,*,#2241,.F.);
#2243=EDGE_LOOP('',(#2240,#2242));
#2244=FACE_BOUND('',#2243,.F.);
#2246=CARTESIAN_POINT('',(1.26E1,-1.25E1,0.E0));
#2247=DIRECTION('',(0.E0,1.E0,0.E0));
#2248=DIRECTION('',(-1.E0,0.E0,0.E0));
#2249=AXIS2_PLACEMENT_3D('',#2246,#2247,#2248);
#2250=PLANE('',#2249);
#2251=ORIENTED_EDGE('',*,*,#2164,.T.);
#2253=ORIENTED_EDGE('',*,*,#2252,.F.);
#2254=ORIENTED_EDGE('',*,*,#2070,.T.);
#2256=ORIENTED_EDGE('',*,*,#2255,.T.);
#2257=ORIENTED_EDGE('',*,*,#2191,.T.);
#2259=ORIENTED_EDGE('',*,*,#2258,.F.);
#2261=ORIENTED_EDGE('',*,*,#2260,.F.);
#2263=ORIENTED_EDGE('',*,*,#2262,.T.);
#2264=EDGE_LOOP('',(#2251,#2253,#2254,#2256,#2257,#2259,#2261,#2263));
#2265=FACE_OUTER_BOUND('',#2264,.F.);
#2267=ORIENTED_EDGE('',*,*,#2266,.F.);
#2269=ORIENTED_EDGE('',*,*,#2268,.F.);
#2270=EDGE_LOOP('',(#2267,#2269));
#2271=FACE_BOUND('',#2270,.F.);
#2273=ORIENTED_EDGE('',*,*,#2272,.F.);
#2275=ORIENTED_EDGE('',*,*,#2274,.F.);
#2276=EDGE_LOOP('',(#2273,#2275));
#2277=FACE_BOUND('',#2276,.F.);
#2279=ORIENTED_EDGE('',*,*,#2278,.F.);
#2281=ORIENTED_EDGE('',*,*,#2280,.F.);
#2282=EDGE_LOOP('',(#2279,#2281));
#2283=FACE_BOUND('',#2282,.F.);
#2285=ORIENTED_EDGE('',*,*,#2284,.F.);
#2287=ORIENTED_EDGE('',*,*,#2286,.F.);
#2288=EDGE_LOOP('',(#2285,#2287));
#2289=FACE_BOUND('',#2288,.F.);
#2291=ORIENTED_EDGE('',*,*,#2290,.F.);
#2293=ORIENTED_EDGE('',*,*,#2292,.F.);
#2294=EDGE_LOOP('',(#2291,#2293));
#2295=FACE_BOUND('',#2294,.F.);
#2297=ORIENTED_EDGE('',*,*,#2296,.F.);
#2299=ORIENTED_EDGE('',*,*,#2298,.F.);
#2300=EDGE_LOOP('',(#2297,#2299));
#2301=FACE_BOUND('',#2300,.F.);
#2303=ORIENTED_EDGE('',*,*,#2302,.F.);
#2305=ORIENTED_EDGE('',*,*,#2304,.F.);
#2306=EDGE_LOOP('',(#2303,#2305));
#2307=FACE_BOUND('',#2306,.F.);
#2309=ORIENTED_EDGE('',*,*,#2308,.F.);
#2311=ORIENTED_EDGE('',*,*,#2310,.F.);
#2312=EDGE_LOOP('',(#2309,#2311));
#2313=FACE_BOUND('',#2312,.F.);
#2315=ORIENTED_EDGE('',*,*,#2314,.F.);
#2317=ORIENTED_EDGE('',*,*,#2316,.F.);
#2318=EDGE_LOOP('',(#2315,#2317));
#2319=FACE_BOUND('',#2318,.F.);
#2321=ORIENTED_EDGE('',*,*,#2320,.F.);
#2323=ORIENTED_EDGE('',*,*,#2322,.F.);
#2324=EDGE_LOOP('',(#2321,#2323));
#2325=FACE_BOUND('',#2324,.F.);
#2327=CARTESIAN_POINT('',(6.15E0,-1.25E1,-2.035E1));
#2328=DIRECTION('',(-1.E0,0.E0,0.E0));
#2329=DIRECTION('',(0.E0,1.E0,0.E0));
#2330=AXIS2_PLACEMENT_3D('',#2327,#2328,#2329);
#2331=PLANE('',#2330);
#2332=ORIENTED_EDGE('',*,*,#2072,.F.);
#2333=ORIENTED_EDGE('',*,*,#2252,.T.);
#2334=ORIENTED_EDGE('',*,*,#2175,.T.);
#2335=ORIENTED_EDGE('',*,*,#2127,.F.);
#2336=EDGE_LOOP('',(#2332,#2333,#2334,#2335));
#2337=FACE_OUTER_BOUND('',#2336,.F.);
#2339=CARTESIAN_POINT('',(-6.15E0,-1.030424669736E1,-2.035E1));
#2340=DIRECTION('',(1.E0,0.E0,0.E0));
#2341=DIRECTION('',(0.E0,-1.E0,0.E0));
#2342=AXIS2_PLACEMENT_3D('',#2339,#2340,#2341);
#2343=PLANE('',#2342);
#2344=ORIENTED_EDGE('',*,*,#2068,.T.);
#2345=ORIENTED_EDGE('',*,*,#2095,.T.);
#2346=ORIENTED_EDGE('',*,*,#2193,.T.);
#2347=ORIENTED_EDGE('',*,*,#2255,.F.);
#2348=EDGE_LOOP('',(#2344,#2345,#2346,#2347));
#2349=FACE_OUTER_BOUND('',#2348,.F.);
#2351=CARTESIAN_POINT('',(-9.4E0,-1.25E1,0.E0));
#2352=DIRECTION('',(1.E0,0.E0,0.E0));
#2353=DIRECTION('',(0.E0,1.E0,0.E0));
#2354=AXIS2_PLACEMENT_3D('',#2351,#2352,#2353);
#2355=PLANE('',#2354);
#2356=ORIENTED_EDGE('',*,*,#2203,.T.);
#2358=ORIENTED_EDGE('',*,*,#2357,.F.);
#2360=ORIENTED_EDGE('',*,*,#2359,.F.);
#2361=ORIENTED_EDGE('',*,*,#2258,.T.);
#2362=EDGE_LOOP('',(#2356,#2358,#2360,#2361));
#2363=FACE_OUTER_BOUND('',#2362,.F.);
#2365=CARTESIAN_POINT('',(-1.04E1,-8.335E0,0.E0));
#2366=DIRECTION('',(0.E0,0.E0,1.E0));
#2367=DIRECTION('',(1.E0,0.E0,0.E0));
#2368=AXIS2_PLACEMENT_3D('',#2365,#2366,#2367);
#2369=CYLINDRICAL_SURFACE('',#2368,1.E0);
#2370=ORIENTED_EDGE('',*,*,#2201,.T.);
#2372=ORIENTED_EDGE('',*,*,#2371,.F.);
#2374=ORIENTED_EDGE('',*,*,#2373,.F.);
#2375=ORIENTED_EDGE('',*,*,#2357,.T.);
#2376=EDGE_LOOP('',(#2370,#2372,#2374,#2375));
#2377=FACE_OUTER_BOUND('',#2376,.F.);
#2379=CARTESIAN_POINT('',(-9.533974596216E0,-7.835E0,0.E0));
#2380=DIRECTION('',(8.660254037844E-1,5.E-1,0.E0));
#2381=DIRECTION('',(-5.E-1,8.660254037844E-1,0.E0));
#2382=AXIS2_PLACEMENT_3D('',#2379,#2380,#2381);
#2383=PLANE('',#2382);
#2384=ORIENTED_EDGE('',*,*,#2199,.T.);
#2386=ORIENTED_EDGE('',*,*,#2385,.F.);
#2388=ORIENTED_EDGE('',*,*,#2387,.F.);
#2389=ORIENTED_EDGE('',*,*,#2371,.T.);
#2390=EDGE_LOOP('',(#2384,#2386,#2388,#2389));
#2391=FACE_OUTER_BOUND('',#2390,.F.);
#2393=CARTESIAN_POINT('',(-1.E1,-5.027820323028E0,0.E0));
#2394=DIRECTION('',(0.E0,0.E0,1.E0));
#2395=DIRECTION('',(1.E0,0.E0,0.E0));
#2396=AXIS2_PLACEMENT_3D('',#2393,#2394,#2395);
#2397=CYLINDRICAL_SURFACE('',#2396,1.E0);
#2398=ORIENTED_EDGE('',*,*,#2197,.F.);
#2399=ORIENTED_EDGE('',*,*,#2154,.F.);
#2401=ORIENTED_EDGE('',*,*,#2400,.T.);
#2402=ORIENTED_EDGE('',*,*,#2385,.T.);
#2403=EDGE_LOOP('',(#2398,#2399,#2401,#2402));
#2404=FACE_OUTER_BOUND('',#2403,.F.);
#2406=CARTESIAN_POINT('',(0.E0,0.E0,0.E0));
#2407=DIRECTION('',(0.E0,0.E0,-1.E0));
#2408=DIRECTION('',(0.E0,-1.E0,0.E0));
#2409=AXIS2_PLACEMENT_3D('',#2406,#2407,#2408);
#2410=PLANE('',#2409);
#2411=ORIENTED_EDGE('',*,*,#2260,.T.);
#2412=ORIENTED_EDGE('',*,*,#2359,.T.);
#2413=ORIENTED_EDGE('',*,*,#2373,.T.);
#2414=ORIENTED_EDGE('',*,*,#2387,.T.);
#2415=ORIENTED_EDGE('',*,*,#2400,.F.);
#2416=ORIENTED_EDGE('',*,*,#2152,.T.);
#2418=ORIENTED_EDGE('',*,*,#2417,.T.);
#2420=ORIENTED_EDGE('',*,*,#2419,.F.);
#2422=ORIENTED_EDGE('',*,*,#2421,.T.);
#2424=ORIENTED_EDGE('',*,*,#2423,.T.);
#2426=ORIENTED_EDGE('',*,*,#2425,.F.);
#2428=ORIENTED_EDGE('',*,*,#2427,.T.);
#2429=EDGE_LOOP('',(#2411,#2412,#2413,#2414,#2415,#2416,#2418,#2420,#2422,#2424,
#2426,#2428));
#2430=FACE_OUTER_BOUND('',#2429,.F.);
#2432=ORIENTED_EDGE('',*,*,#2431,.T.);
#2434=ORIENTED_EDGE('',*,*,#2433,.T.);
#2435=EDGE_LOOP('',(#2432,#2434));
#2436=FACE_BOUND('',#2435,.F.);
#2438=CARTESIAN_POINT('',(0.E0,0.E0,0.E0));
#2439=DIRECTION('',(0.E0,0.E0,-1.E0));
#2440=DIRECTION('',(0.E0,-1.E0,0.E0));
#2441=AXIS2_PLACEMENT_3D('',#2438,#2439,#2440);
#2442=PLANE('',#2441);
#2444=ORIENTED_EDGE('',*,*,#2443,.F.);
#2446=ORIENTED_EDGE('',*,*,#2445,.T.);
#2447=ORIENTED_EDGE('',*,*,#2150,.T.);
#2449=ORIENTED_EDGE('',*,*,#2448,.T.);
#2451=ORIENTED_EDGE('',*,*,#2450,.F.);
#2453=ORIENTED_EDGE('',*,*,#2452,.T.);
#2455=ORIENTED_EDGE('',*,*,#2454,.F.);
#2457=ORIENTED_EDGE('',*,*,#2456,.T.);
#2459=ORIENTED_EDGE('',*,*,#2458,.F.);
#2461=ORIENTED_EDGE('',*,*,#2460,.T.);
#2463=ORIENTED_EDGE('',*,*,#2462,.T.);
#2465=ORIENTED_EDGE('',*,*,#2464,.T.);
#2467=ORIENTED_EDGE('',*,*,#2466,.F.);
#2469=ORIENTED_EDGE('',*,*,#2468,.T.);
#2470=EDGE_LOOP('',(#2444,#2446,#2447,#2449,#2451,#2453,#2455,#2457,#2459,#2461,
#2463,#2465,#2467,#2469));
#2471=FACE_OUTER_BOUND('',#2470,.F.);
#2473=ORIENTED_EDGE('',*,*,#2472,.T.);
#2475=ORIENTED_EDGE('',*,*,#2474,.T.);
#2476=EDGE_LOOP('',(#2473,#2475));
#2477=FACE_BOUND('',#2476,.F.);
#2479=CARTESIAN_POINT('',(0.E0,0.E0,3.8525E0));
#2480=DIRECTION('',(0.E0,0.E0,-1.E0));
#2481=DIRECTION('',(0.E0,-1.E0,0.E0));
#2482=AXIS2_PLACEMENT_3D('',#2479,#2480,#2481);
#2483=CYLINDRICAL_SURFACE('',#2482,1.1E1);
#2484=ORIENTED_EDGE('',*,*,#2445,.F.);
#2486=ORIENTED_EDGE('',*,*,#2485,.T.);
#2488=ORIENTED_EDGE('',*,*,#2487,.T.);
#2490=ORIENTED_EDGE('',*,*,#2489,.F.);
#2491=ORIENTED_EDGE('',*,*,#2417,.F.);
#2492=EDGE_LOOP('',(#2484,#2486,#2488,#2490,#2491));
#2493=FACE_OUTER_BOUND('',#2492,.F.);
#2495=CARTESIAN_POINT('',(0.E0,0.E0,3.8525E0));
#2496=DIRECTION('',(0.E0,0.E0,-1.E0));
#2497=DIRECTION('',(0.E0,-1.E0,0.E0));
#2498=AXIS2_PLACEMENT_3D('',#2495,#2496,#2497);
#2499=CYLINDRICAL_SURFACE('',#2498,1.1E1);
#2500=ORIENTED_EDGE('',*,*,#2443,.T.);
#2501=ORIENTED_EDGE('',*,*,#2419,.T.);
#2502=ORIENTED_EDGE('',*,*,#2489,.T.);
#2504=ORIENTED_EDGE('',*,*,#2503,.F.);
#2505=ORIENTED_EDGE('',*,*,#2485,.F.);
#2506=EDGE_LOOP('',(#2500,#2501,#2502,#2504,#2505));
#2507=FACE_OUTER_BOUND('',#2506,.F.);
#2509=CARTESIAN_POINT('',(0.E0,0.E0,2.7E0));
#2510=DIRECTION('',(0.E0,0.E0,-1.E0));
#2511=DIRECTION('',(0.E0,-1.E0,0.E0));
#2512=AXIS2_PLACEMENT_3D('',#2509,#2510,#2511);
#2513=PLANE('',#2512);
#2514=ORIENTED_EDGE('',*,*,#2503,.T.);
#2515=ORIENTED_EDGE('',*,*,#2487,.F.);
#2516=EDGE_LOOP('',(#2514,#2515));
#2517=FACE_OUTER_BOUND('',#2516,.F.);
#2519=ORIENTED_EDGE('',*,*,#2518,.T.);
#2521=ORIENTED_EDGE('',*,*,#2520,.F.);
#2522=EDGE_LOOP('',(#2519,#2521));
#2523=FACE_BOUND('',#2522,.F.);
#2525=ORIENTED_EDGE('',*,*,#2524,.T.);
#2527=ORIENTED_EDGE('',*,*,#2526,.F.);
#2529=ORIENTED_EDGE('',*,*,#2528,.T.);
#2531=ORIENTED_EDGE('',*,*,#2530,.T.);
#2532=EDGE_LOOP('',(#2525,#2527,#2529,#2531));
#2533=FACE_BOUND('',#2532,.F.);
#2535=CARTESIAN_POINT('',(0.E0,0.E0,3.8525E0));
#2536=DIRECTION('',(0.E0,0.E0,-1.E0));
#2537=DIRECTION('',(0.E0,-1.E0,0.E0));
#2538=AXIS2_PLACEMENT_3D('',#2535,#2536,#2537);
#2539=CYLINDRICAL_SURFACE('',#2538,9.75E0);
#2541=ORIENTED_EDGE('',*,*,#2540,.T.);
#2543=ORIENTED_EDGE('',*,*,#2542,.T.);
#2545=ORIENTED_EDGE('',*,*,#2544,.F.);
#2546=ORIENTED_EDGE('',*,*,#2518,.F.);
#2547=EDGE_LOOP('',(#2541,#2543,#2545,#2546));
#2548=FACE_OUTER_BOUND('',#2547,.F.);
#2550=CARTESIAN_POINT('',(0.E0,0.E0,3.8525E0));
#2551=DIRECTION('',(0.E0,0.E0,-1.E0));
#2552=DIRECTION('',(0.E0,-1.E0,0.E0));
#2553=AXIS2_PLACEMENT_3D('',#2550,#2551,#2552);
#2554=CYLINDRICAL_SURFACE('',#2553,9.75E0);
#2555=ORIENTED_EDGE('',*,*,#2540,.F.);
#2556=ORIENTED_EDGE('',*,*,#2520,.T.);
#2557=ORIENTED_EDGE('',*,*,#2544,.T.);
#2559=ORIENTED_EDGE('',*,*,#2558,.F.);
#2560=EDGE_LOOP('',(#2555,#2556,#2557,#2559));
#2561=FACE_OUTER_BOUND('',#2560,.F.);
#2563=CARTESIAN_POINT('',(0.E0,0.E0,-1.03E1));
#2564=DIRECTION('',(0.E0,0.E0,-1.E0));
#2565=DIRECTION('',(0.E0,-1.E0,0.E0));
#2566=AXIS2_PLACEMENT_3D('',#2563,#2564,#2565);
#2567=PLANE('',#2566);
#2568=ORIENTED_EDGE('',*,*,#2542,.F.);
#2569=ORIENTED_EDGE('',*,*,#2558,.T.);
#2570=EDGE_LOOP('',(#2568,#2569));
#2571=FACE_OUTER_BOUND('',#2570,.F.);
#2573=ORIENTED_EDGE('',*,*,#2572,.T.);
#2575=ORIENTED_EDGE('',*,*,#2574,.T.);
#2577=ORIENTED_EDGE('',*,*,#2576,.T.);
#2579=ORIENTED_EDGE('',*,*,#2578,.T.);
#2580=EDGE_LOOP('',(#2573,#2575,#2577,#2579));
#2581=FACE_BOUND('',#2580,.F.);
#2583=CARTESIAN_POINT('',(0.E0,0.E0,-1.03E1));
#2584=DIRECTION('',(0.E0,0.E0,-1.E0));
#2585=DIRECTION('',(0.E0,-1.E0,0.E0));
#2586=AXIS2_PLACEMENT_3D('',#2583,#2584,#2585);
#2587=PLANE('',#2586);
#2589=ORIENTED_EDGE('',*,*,#2588,.T.);
#2591=ORIENTED_EDGE('',*,*,#2590,.T.);
#2593=ORIENTED_EDGE('',*,*,#2592,.T.);
#2595=ORIENTED_EDGE('',*,*,#2594,.T.);
#2597=ORIENTED_EDGE('',*,*,#2596,.T.);
#2599=ORIENTED_EDGE('',*,*,#2598,.T.);
#2601=ORIENTED_EDGE('',*,*,#2600,.T.);
#2603=ORIENTED_EDGE('',*,*,#2602,.T.);
#2605=ORIENTED_EDGE('',*,*,#2604,.T.);
#2607=ORIENTED_EDGE('',*,*,#2606,.T.);
#2609=ORIENTED_EDGE('',*,*,#2608,.T.);
#2611=ORIENTED_EDGE('',*,*,#2610,.T.);
#2612=EDGE_LOOP('',(#2589,#2591,#2593,#2595,#2597,#2599,#2601,#2603,#2605,#2607,
#2609,#2611));
#2613=FACE_OUTER_BOUND('',#2612,.F.);
#2615=CARTESIAN_POINT('',(5.9E0,3.65E0,-1.03E1));
#2616=DIRECTION('',(-1.E0,0.E0,0.E0));
#2617=DIRECTION('',(0.E0,-1.E0,0.E0));
#2618=AXIS2_PLACEMENT_3D('',#2615,#2616,#2617);
#2619=PLANE('',#2618);
#2620=ORIENTED_EDGE('',*,*,#2588,.F.);
#2622=ORIENTED_EDGE('',*,*,#2621,.T.);
#2624=ORIENTED_EDGE('',*,*,#2623,.T.);
#2626=ORIENTED_EDGE('',*,*,#2625,.F.);
#2627=EDGE_LOOP('',(#2620,#2622,#2624,#2626));
#2628=FACE_OUTER_BOUND('',#2627,.F.);
#2630=CARTESIAN_POINT('',(-5.9E0,3.65E0,-1.03E1));
#2631=DIRECTION('',(0.E0,-1.E0,0.E0));
#2632=DIRECTION('',(1.E0,0.E0,0.E0));
#2633=AXIS2_PLACEMENT_3D('',#2630,#2631,#2632);
#2634=PLANE('',#2633);
#2635=ORIENTED_EDGE('',*,*,#2610,.F.);
#2637=ORIENTED_EDGE('',*,*,#2636,.T.);
#2639=ORIENTED_EDGE('',*,*,#2638,.T.);
#2640=ORIENTED_EDGE('',*,*,#2621,.F.);
#2641=EDGE_LOOP('',(#2635,#2637,#2639,#2640));
#2642=FACE_OUTER_BOUND('',#2641,.F.);
#2644=CARTESIAN_POINT('',(-5.9E0,-3.15E0,-1.03E1));
#2645=DIRECTION('',(1.E0,0.E0,0.E0));
#2646=DIRECTION('',(0.E0,1.E0,0.E0));
#2647=AXIS2_PLACEMENT_3D('',#2644,#2645,#2646);
#2648=PLANE('',#2647);
#2649=ORIENTED_EDGE('',*,*,#2608,.F.);
#2651=ORIENTED_EDGE('',*,*,#2650,.T.);
#2653=ORIENTED_EDGE('',*,*,#2652,.T.);
#2654=ORIENTED_EDGE('',*,*,#2636,.F.);
#2655=EDGE_LOOP('',(#2649,#2651,#2653,#2654));
#2656=FACE_OUTER_BOUND('',#2655,.F.);
#2658=CARTESIAN_POINT('',(-3.3E0,-3.15E0,-1.03E1));
#2659=DIRECTION('',(0.E0,1.E0,0.E0));
#2660=DIRECTION('',(-1.E0,0.E0,0.E0));
#2661=AXIS2_PLACEMENT_3D('',#2658,#2659,#2660);
#2662=PLANE('',#2661);
#2663=ORIENTED_EDGE('',*,*,#2606,.F.);
#2665=ORIENTED_EDGE('',*,*,#2664,.T.);
#2667=ORIENTED_EDGE('',*,*,#2666,.T.);
#2668=ORIENTED_EDGE('',*,*,#2650,.F.);
#2669=EDGE_LOOP('',(#2663,#2665,#2667,#2668));
#2670=FACE_OUTER_BOUND('',#2669,.F.);
#2672=CARTESIAN_POINT('',(-3.3E0,-5.15E0,-1.03E1));
#2673=DIRECTION('',(1.E0,0.E0,0.E0));
#2674=DIRECTION('',(0.E0,1.E0,0.E0));
#2675=AXIS2_PLACEMENT_3D('',#2672,#2673,#2674);
#2676=PLANE('',#2675);
#2677=ORIENTED_EDGE('',*,*,#2604,.F.);
#2679=ORIENTED_EDGE('',*,*,#2678,.T.);
#2681=ORIENTED_EDGE('',*,*,#2680,.T.);
#2682=ORIENTED_EDGE('',*,*,#2664,.F.);
#2683=EDGE_LOOP('',(#2677,#2679,#2681,#2682));
#2684=FACE_OUTER_BOUND('',#2683,.F.);
#2686=CARTESIAN_POINT('',(-1.85E0,-5.15E0,-1.03E1));
#2687=DIRECTION('',(0.E0,1.E0,0.E0));
#2688=DIRECTION('',(-1.E0,0.E0,0.E0));
#2689=AXIS2_PLACEMENT_3D('',#2686,#2687,#2688);
#2690=PLANE('',#2689);
#2691=ORIENTED_EDGE('',*,*,#2602,.F.);
#2693=ORIENTED_EDGE('',*,*,#2692,.T.);
#2695=ORIENTED_EDGE('',*,*,#2694,.T.);
#2696=ORIENTED_EDGE('',*,*,#2678,.F.);
#2697=EDGE_LOOP('',(#2691,#2693,#2695,#2696));
#2698=FACE_OUTER_BOUND('',#2697,.F.);
#2700=CARTESIAN_POINT('',(-1.85E0,-6.45E0,-1.03E1));
#2701=DIRECTION('',(1.E0,0.E0,0.E0));
#2702=DIRECTION('',(0.E0,1.E0,0.E0));
#2703=AXIS2_PLACEMENT_3D('',#2700,#2701,#2702);
#2704=PLANE('',#2703);
#2705=ORIENTED_EDGE('',*,*,#2600,.F.);
#2707=ORIENTED_EDGE('',*,*,#2706,.T.);
#2709=ORIENTED_EDGE('',*,*,#2708,.T.);
#2710=ORIENTED_EDGE('',*,*,#2692,.F.);
#2711=EDGE_LOOP('',(#2705,#2707,#2709,#2710));
#2712=FACE_OUTER_BOUND('',#2711,.F.);
#2714=CARTESIAN_POINT('',(1.85E0,-6.45E0,-1.03E1));
#2715=DIRECTION('',(0.E0,1.E0,0.E0));
#2716=DIRECTION('',(-1.E0,0.E0,0.E0));
#2717=AXIS2_PLACEMENT_3D('',#2714,#2715,#2716);
#2718=PLANE('',#2717);
#2719=ORIENTED_EDGE('',*,*,#2598,.F.);
#2721=ORIENTED_EDGE('',*,*,#2720,.T.);
#2723=ORIENTED_EDGE('',*,*,#2722,.T.);
#2724=ORIENTED_EDGE('',*,*,#2706,.F.);
#2725=EDGE_LOOP('',(#2719,#2721,#2723,#2724));
#2726=FACE_OUTER_BOUND('',#2725,.F.);
#2728=CARTESIAN_POINT('',(1.85E0,-5.15E0,-1.03E1));
#2729=DIRECTION('',(-1.E0,0.E0,0.E0));
#2730=DIRECTION('',(0.E0,-1.E0,0.E0));
#2731=AXIS2_PLACEMENT_3D('',#2728,#2729,#2730);
#2732=PLANE('',#2731);
#2733=ORIENTED_EDGE('',*,*,#2596,.F.);
#2735=ORIENTED_EDGE('',*,*,#2734,.T.);
#2737=ORIENTED_EDGE('',*,*,#2736,.T.);
#2738=ORIENTED_EDGE('',*,*,#2720,.F.);
#2739=EDGE_LOOP('',(#2733,#2735,#2737,#2738));
#2740=FACE_OUTER_BOUND('',#2739,.F.);
#2742=CARTESIAN_POINT('',(3.3E0,-5.15E0,-1.03E1));
#2743=DIRECTION('',(0.E0,1.E0,0.E0));
#2744=DIRECTION('',(-1.E0,0.E0,0.E0));
#2745=AXIS2_PLACEMENT_3D('',#2742,#2743,#2744);
#2746=PLANE('',#2745);
#2747=ORIENTED_EDGE('',*,*,#2594,.F.);
#2749=ORIENTED_EDGE('',*,*,#2748,.T.);
#2751=ORIENTED_EDGE('',*,*,#2750,.T.);
#2752=ORIENTED_EDGE('',*,*,#2734,.F.);
#2753=EDGE_LOOP('',(#2747,#2749,#2751,#2752));
#2754=FACE_OUTER_BOUND('',#2753,.F.);
#2756=CARTESIAN_POINT('',(3.3E0,-3.15E0,-1.03E1));
#2757=DIRECTION('',(-1.E0,0.E0,0.E0));
#2758=DIRECTION('',(0.E0,-1.E0,0.E0));
#2759=AXIS2_PLACEMENT_3D('',#2756,#2757,#2758);
#2760=PLANE('',#2759);
#2761=ORIENTED_EDGE('',*,*,#2592,.F.);
#2763=ORIENTED_EDGE('',*,*,#2762,.T.);
#2765=ORIENTED_EDGE('',*,*,#2764,.T.);
#2766=ORIENTED_EDGE('',*,*,#2748,.F.);
#2767=EDGE_LOOP('',(#2761,#2763,#2765,#2766));
#2768=FACE_OUTER_BOUND('',#2767,.F.);
#2770=CARTESIAN_POINT('',(5.9E0,-3.15E0,-1.03E1));
#2771=DIRECTION('',(0.E0,1.E0,0.E0));
#2772=DIRECTION('',(-1.E0,0.E0,0.E0));
#2773=AXIS2_PLACEMENT_3D('',#2770,#2771,#2772);
#2774=PLANE('',#2773);
#2775=ORIENTED_EDGE('',*,*,#2590,.F.);
#2776=ORIENTED_EDGE('',*,*,#2625,.T.);
#2778=ORIENTED_EDGE('',*,*,#2777,.T.);
#2779=ORIENTED_EDGE('',*,*,#2762,.F.);
#2780=EDGE_LOOP('',(#2775,#2776,#2778,#2779));
#2781=FACE_OUTER_BOUND('',#2780,.F.);
#2783=CARTESIAN_POINT('',(0.E0,0.E0,2.7E0));
#2784=DIRECTION('',(0.E0,0.E0,-1.E0));
#2785=DIRECTION('',(0.E0,-1.E0,0.E0));
#2786=AXIS2_PLACEMENT_3D('',#2783,#2784,#2785);
#2787=PLANE('',#2786);
#2789=ORIENTED_EDGE('',*,*,#2788,.F.);
#2791=ORIENTED_EDGE('',*,*,#2790,.F.);
#2793=ORIENTED_EDGE('',*,*,#2792,.F.);
#2795=ORIENTED_EDGE('',*,*,#2794,.F.);
#2797=ORIENTED_EDGE('',*,*,#2796,.F.);
#2799=ORIENTED_EDGE('',*,*,#2798,.F.);
#2801=ORIENTED_EDGE('',*,*,#2800,.F.);
#2803=ORIENTED_EDGE('',*,*,#2802,.F.);
#2804=EDGE_LOOP('',(#2789,#2791,#2793,#2795,#2797,#2799,#2801,#2803));
#2805=FACE_OUTER_BOUND('',#2804,.F.);
#2806=ORIENTED_EDGE('',*,*,#2623,.F.);
#2807=ORIENTED_EDGE('',*,*,#2638,.F.);
#2808=ORIENTED_EDGE('',*,*,#2652,.F.);
#2809=ORIENTED_EDGE('',*,*,#2666,.F.);
#2810=ORIENTED_EDGE('',*,*,#2680,.F.);
#2811=ORIENTED_EDGE('',*,*,#2694,.F.);
#2812=ORIENTED_EDGE('',*,*,#2708,.F.);
#2813=ORIENTED_EDGE('',*,*,#2722,.F.);
#2814=ORIENTED_EDGE('',*,*,#2736,.F.);
#2815=ORIENTED_EDGE('',*,*,#2750,.F.);
#2816=ORIENTED_EDGE('',*,*,#2764,.F.);
#2817=ORIENTED_EDGE('',*,*,#2777,.F.);
#2818=EDGE_LOOP('',(#2806,#2807,#2808,#2809,#2810,#2811,#2812,#2813,#2814,#2815,
#2816,#2817));
#2819=FACE_BOUND('',#2818,.F.);
#2821=CARTESIAN_POINT('',(0.E0,0.E0,2.2E0));
#2822=DIRECTION('',(0.E0,0.E0,1.E0));
#2823=DIRECTION('',(-1.485959642860E-3,9.999988959614E-1,0.E0));
#2824=AXIS2_PLACEMENT_3D('',#2821,#2822,#2823);
#2825=TOROIDAL_SURFACE('',#2824,7.45E0,5.E-1);
#2827=ORIENTED_EDGE('',*,*,#2826,.F.);
#2828=ORIENTED_EDGE('',*,*,#2788,.T.);
#2830=ORIENTED_EDGE('',*,*,#2829,.T.);
#2832=ORIENTED_EDGE('',*,*,#2831,.F.);
#2833=EDGE_LOOP('',(#2827,#2828,#2830,#2832));
#2834=FACE_OUTER_BOUND('',#2833,.F.);
#2836=CARTESIAN_POINT('',(-4.888352937494E0,5.621966173376E0,2.7E0));
#2837=CARTESIAN_POINT('',(-5.080536257989E0,5.842991157747E0,2.700000074851E0));
#2838=CARTESIAN_POINT('',(-5.216430404506E0,5.999279442978E0,2.492893278163E0));
#2839=CARTESIAN_POINT('',(-5.216430404506E0,5.999279442978E0,2.2E0));
#2840=CARTESIAN_POINT('',(-4.675510450804E0,5.807034734520E0,2.7E0));
#2841=CARTESIAN_POINT('',(-4.992374006754E0,5.919649071480E0,2.700000074851E0));
#2842=CARTESIAN_POINT('',(-5.216430404506E0,5.999279442978E0,2.492893278163E0));
#2843=CARTESIAN_POINT('',(-5.216430404506E0,5.999279442978E0,2.2E0));
#2844=CARTESIAN_POINT('',(-4.649238957346E0,6.087858709807E0,2.7E0));
#2845=CARTESIAN_POINT('',(-4.981491997045E0,6.035970179390E0,2.700000074851E0));
#2846=CARTESIAN_POINT('',(-5.216430404506E0,5.999279442978E0,2.492893278163E0));
#2847=CARTESIAN_POINT('',(-5.216430404506E0,5.999279442978E0,2.2E0));
#2848=CARTESIAN_POINT('',(-4.824061776396E0,6.309193927077E0,2.7E0));
#2849=CARTESIAN_POINT('',(-5.053905985128E0,6.127650235076E0,2.700000074851E0));
#2850=CARTESIAN_POINT('',(-5.216430404506E0,5.999279442978E0,2.492893278163E0));
#2851=CARTESIAN_POINT('',(-5.216430404506E0,5.999279442978E0,2.2E0));
#2852=(BOUNDED_SURFACE()B_SPLINE_SURFACE(3,3,((#2836,#2837,#2838,#2839),(#2840,
#2841,#2842,#2843),(#2844,#2845,#2846,#2847),(#2848,#2849,#2850,#2851)),
.UNSPECIFIED.,.F.,.F.,.F.)B_SPLINE_SURFACE_WITH_KNOTS((4,4),(4,4),(0.E0,1.E0),(
0.E0,1.E0),.UNSPECIFIED.)GEOMETRIC_REPRESENTATION_ITEM()RATIONAL_B_SPLINE_SURFACE(((1.359455325490E0,1.094005079525E0,1.094005079525E0,1.359455325490E0),(
1.108945474520E0,8.924103347082E-1,8.924103347082E-1,1.108945474520E0),(
1.108945474520E0,8.924103347082E-1,8.924103347082E-1,1.108945474520E0),(
1.359455325490E0,1.094005079525E0,1.094005079525E0,1.359455325490E0)))REPRESENTATION_ITEM('')SURFACE());
#2854=ORIENTED_EDGE('',*,*,#2853,.F.);
#2855=ORIENTED_EDGE('',*,*,#2790,.T.);
#2856=ORIENTED_EDGE('',*,*,#2826,.T.);
#2857=EDGE_LOOP('',(#2854,#2855,#2856));
#2858=FACE_OUTER_BOUND('',#2857,.F.);
#2860=CARTESIAN_POINT('',(-3.998136874863E0,6.871491943243E0,2.2E0));
#2861=CARTESIAN_POINT('',(-3.998136874863E0,6.871491943243E0,2.492893218813E0));
#2862=CARTESIAN_POINT('',(-4.172034977804E0,6.759007861672E0,2.7E0));
#2863=CARTESIAN_POINT('',(-4.417964033454E0,6.599931347964E0,2.7E0));
#2864=CARTESIAN_POINT('',(-4.245777163245E0,7.254338793750E0,2.2E0));
#2865=CARTESIAN_POINT('',(-4.245777163245E0,7.254338793750E0,2.492893218813E0));
#2866=CARTESIAN_POINT('',(-4.351291288828E0,7.036134473651E0,2.7E0));
#2867=CARTESIAN_POINT('',(-4.500510796249E0,6.727546964799E0,2.7E0));
#2868=CARTESIAN_POINT('',(-4.693730288537E0,7.339400071154E0,2.2E0));
#2869=CARTESIAN_POINT('',(-4.693730288537E0,7.339400071154E0,2.492893218813E0));
#2870=CARTESIAN_POINT('',(-4.675545574251E0,7.097706727900E0,2.7E0));
#2871=CARTESIAN_POINT('',(-4.649828504679E0,6.755900723934E0,2.7E0));
#2872=CARTESIAN_POINT('',(-5.064469840589E0,7.073976620951E0,2.2E0));
#2873=CARTESIAN_POINT('',(-5.064469840589E0,7.073976620951E0,2.492893218813E0));
#2874=CARTESIAN_POINT('',(-4.943908225924E0,6.905577939594E0,2.7E0));
#2875=CARTESIAN_POINT('',(-4.773408355363E0,6.667426240533E0,2.7E0));
#2876=CARTESIAN_POINT('',(-5.435209392640E0,6.808553170748E0,2.2E0));
#2877=CARTESIAN_POINT('',(-5.435209392640E0,6.808553170748E0,2.492893218813E0));
#2878=CARTESIAN_POINT('',(-5.212270877597E0,6.713449151289E0,2.7E0));
#2879=CARTESIAN_POINT('',(-4.896988206047E0,6.578951757132E0,2.7E0));
#2880=CARTESIAN_POINT('',(-5.499046122348E0,6.357086344378E0,2.2E0));
#2881=CARTESIAN_POINT('',(-5.499046122348E0,6.357086344378E0,2.492893218813E0));
#2882=CARTESIAN_POINT('',(-5.258479581156E0,6.386651446547E0,2.7E0));
#2883=CARTESIAN_POINT('',(-4.918267115949E0,6.428462815009E0,2.7E0));
#2884=CARTESIAN_POINT('',(-5.216430404022E0,5.999279442365E0,2.2E0));
#2885=CARTESIAN_POINT('',(-5.216430404022E0,5.999279442365E0,2.492893218813E0));
#2886=CARTESIAN_POINT('',(-5.053906038477E0,6.127650192217E0,2.7E0));
#2887=CARTESIAN_POINT('',(-4.824061876508E0,6.309193847671E0,2.7E0));
#2888=(BOUNDED_SURFACE()B_SPLINE_SURFACE(3,3,((#2860,#2861,#2862,#2863),(#2864,
#2865,#2866,#2867),(#2868,#2869,#2870,#2871),(#2872,#2873,#2874,#2875),(#2876,
#2877,#2878,#2879),(#2880,#2881,#2882,#2883),(#2884,#2885,#2886,#2887)),
.UNSPECIFIED.,.F.,.F.,.F.)B_SPLINE_SURFACE_WITH_KNOTS((4,3,4),(4,4),(0.E0,1.E0,
2.E0),(0.E0,1.E0),.UNSPECIFIED.)GEOMETRIC_REPRESENTATION_ITEM()RATIONAL_B_SPLINE_SURFACE(((1.386289510524E0,1.115599645894E0,1.115599645894E0,1.386289510524E0),(
1.100000663497E0,8.852121734781E-1,8.852121734781E-1,1.100000663497E0),(
1.100000663497E0,8.852121734781E-1,8.852121734781E-1,1.100000663497E0),(
1.386289510524E0,1.115599645894E0,1.115599645894E0,1.386289510524E0),(
1.100000663497E0,8.852121734781E-1,8.852121734781E-1,1.100000663497E0),(
1.100000663497E0,8.852121734781E-1,8.852121734781E-1,1.100000663497E0),(
1.386289510524E0,1.115599645894E0,1.115599645894E0,1.386289510524E0)))REPRESENTATION_ITEM('')SURFACE());
#2890=ORIENTED_EDGE('',*,*,#2889,.F.);
#2891=ORIENTED_EDGE('',*,*,#2792,.T.);
#2892=ORIENTED_EDGE('',*,*,#2853,.T.);
#2894=ORIENTED_EDGE('',*,*,#2893,.F.);
#2895=EDGE_LOOP('',(#2890,#2891,#2892,#2894));
#2896=FACE_OUTER_BOUND('',#2895,.F.);
#2898=CARTESIAN_POINT('',(-4.417964141337E0,6.599931279478E0,2.7E0));
#2899=CARTESIAN_POINT('',(-4.172035035583E0,6.759007825003E0,2.700000074851E0));
#2900=CARTESIAN_POINT('',(-3.998136874993E0,6.871491943445E0,2.492893278163E0));
#2901=CARTESIAN_POINT('',(-3.998136874993E0,6.871491943445E0,2.2E0));
#2902=CARTESIAN_POINT('',(-4.264776719472E0,6.363106639192E0,2.7E0));
#2903=CARTESIAN_POINT('',(-4.108582723112E0,6.660911839750E0,2.700000074851E0));
#2904=CARTESIAN_POINT('',(-3.998136874993E0,6.871491943445E0,2.492893278163E0));
#2905=CARTESIAN_POINT('',(-3.998136874993E0,6.871491943445E0,2.2E0));
#2906=CARTESIAN_POINT('',(-3.990468510072E0,6.297476594849E0,2.7E0));
#2907=CARTESIAN_POINT('',(-3.994960534004E0,6.633726983249E0,2.700000074851E0));
#2908=CARTESIAN_POINT('',(-3.998136874993E0,6.871491943445E0,2.492893278163E0));
#2909=CARTESIAN_POINT('',(-3.998136874993E0,6.871491943445E0,2.2E0));
#2910=CARTESIAN_POINT('',(-3.746681661360E0,6.439322528381E0,2.7E0));
#2911=CARTESIAN_POINT('',(-3.893980707381E0,6.692481497083E0,2.700000074851E0));
#2912=CARTESIAN_POINT('',(-3.998136874993E0,6.871491943445E0,2.492893278163E0));
#2913=CARTESIAN_POINT('',(-3.998136874993E0,6.871491943445E0,2.2E0));
#2914=(BOUNDED_SURFACE()B_SPLINE_SURFACE(3,3,((#2898,#2899,#2900,#2901),(#2902,
#2903,#2904,#2905),(#2906,#2907,#2908,#2909),(#2910,#2911,#2912,#2913)),
.UNSPECIFIED.,.F.,.F.,.F.)B_SPLINE_SURFACE_WITH_KNOTS((4,4),(4,4),(0.E0,1.E0),(
0.E0,1.E0),.UNSPECIFIED.)GEOMETRIC_REPRESENTATION_ITEM()RATIONAL_B_SPLINE_SURFACE(((1.359455325490E0,1.094005079525E0,1.094005079525E0,1.359455325490E0),(
1.108945474520E0,8.924103347082E-1,8.924103347082E-1,1.108945474520E0),(
1.108945474520E0,8.924103347082E-1,8.924103347082E-1,1.108945474520E0),(
1.359455325490E0,1.094005079525E0,1.094005079525E0,1.359455325490E0)))REPRESENTATION_ITEM('')SURFACE());
#2915=ORIENTED_EDGE('',*,*,#2889,.T.);
#2917=ORIENTED_EDGE('',*,*,#2916,.F.);
#2918=ORIENTED_EDGE('',*,*,#2794,.T.);
#2919=EDGE_LOOP('',(#2915,#2917,#2918));
#2920=FACE_OUTER_BOUND('',#2919,.F.);
#2922=CARTESIAN_POINT('',(0.E0,0.E0,2.2E0));
#2923=DIRECTION('',(0.E0,0.E0,1.E0));
#2924=DIRECTION('',(1.485959642859E-3,-9.999988959614E-1,0.E0));
#2925=AXIS2_PLACEMENT_3D('',#2922,#2923,#2924);
#2926=TOROIDAL_SURFACE('',#2925,7.45E0,5.E-1);
#2927=ORIENTED_EDGE('',*,*,#2916,.T.);
#2929=ORIENTED_EDGE('',*,*,#2928,.F.);
#2931=ORIENTED_EDGE('',*,*,#2930,.F.);
#2932=ORIENTED_EDGE('',*,*,#2796,.T.);
#2933=EDGE_LOOP('',(#2927,#2929,#2931,#2932));
#2934=FACE_OUTER_BOUND('',#2933,.F.);
#2936=CARTESIAN_POINT('',(0.E0,0.E0,-1.03E1));
#2937=DIRECTION('',(0.E0,0.E0,1.E0));
#2938=DIRECTION('',(1.E0,0.E0,0.E0));
#2939=AXIS2_PLACEMENT_3D('',#2936,#2937,#2938);
#2940=CYLINDRICAL_SURFACE('',#2939,7.95E0);
#2942=ORIENTED_EDGE('',*,*,#2941,.F.);
#2943=ORIENTED_EDGE('',*,*,#2578,.F.);
#2945=ORIENTED_EDGE('',*,*,#2944,.T.);
#2946=ORIENTED_EDGE('',*,*,#2928,.T.);
#2947=EDGE_LOOP('',(#2942,#2943,#2945,#2946));
#2948=FACE_OUTER_BOUND('',#2947,.F.);
#2950=CARTESIAN_POINT('',(-4.627877612750E0,6.464151050324E0,-1.03E1));
#2951=DIRECTION('',(0.E0,0.E0,1.E0));
#2952=DIRECTION('',(1.E0,0.E0,0.E0));
#2953=AXIS2_PLACEMENT_3D('',#2950,#2951,#2952);
#2954=CYLINDRICAL_SURFACE('',#2953,7.5E-1);
#2955=ORIENTED_EDGE('',*,*,#2941,.T.);
#2956=ORIENTED_EDGE('',*,*,#2893,.T.);
#2958=ORIENTED_EDGE('',*,*,#2957,.F.);
#2959=ORIENTED_EDGE('',*,*,#2572,.F.);
#2960=EDGE_LOOP('',(#2955,#2956,#2958,#2959));
#2961=FACE_OUTER_BOUND('',#2960,.F.);
#2963=CARTESIAN_POINT('',(0.E0,0.E0,-1.03E1));
#2964=DIRECTION('',(0.E0,0.E0,1.E0));
#2965=DIRECTION('',(1.E0,0.E0,0.E0));
#2966=AXIS2_PLACEMENT_3D('',#2963,#2964,#2965);
#2967=CYLINDRICAL_SURFACE('',#2966,7.95E0);
#2968=ORIENTED_EDGE('',*,*,#2957,.T.);
#2969=ORIENTED_EDGE('',*,*,#2831,.T.);
#2971=ORIENTED_EDGE('',*,*,#2970,.F.);
#2972=ORIENTED_EDGE('',*,*,#2574,.F.);
#2973=EDGE_LOOP('',(#2968,#2969,#2971,#2972));
#2974=FACE_OUTER_BOUND('',#2973,.F.);
#2976=CARTESIAN_POINT('',(4.627877612750E0,6.464151050324E0,-1.03E1));
#2977=DIRECTION('',(0.E0,0.E0,1.E0));
#2978=DIRECTION('',(1.E0,0.E0,0.E0));
#2979=AXIS2_PLACEMENT_3D('',#2976,#2977,#2978);
#2980=CYLINDRICAL_SURFACE('',#2979,7.5E-1);
#2981=ORIENTED_EDGE('',*,*,#2970,.T.);
#2983=ORIENTED_EDGE('',*,*,#2982,.T.);
#2984=ORIENTED_EDGE('',*,*,#2944,.F.);
#2985=ORIENTED_EDGE('',*,*,#2576,.F.);
#2986=EDGE_LOOP('',(#2981,#2983,#2984,#2985));
#2987=FACE_OUTER_BOUND('',#2986,.F.);
#2989=CARTESIAN_POINT('',(5.216430404358E0,5.999279442790E0,2.2E0));
#2990=CARTESIAN_POINT('',(5.216430404358E0,5.999279442790E0,2.492893218813E0));
#2991=CARTESIAN_POINT('',(5.053906038720E0,6.127650192525E0,2.7E0));
#2992=CARTESIAN_POINT('',(4.824061876620E0,6.309193847813E0,2.7E0));
#2993=CARTESIAN_POINT('',(5.499046122425E0,6.357086345007E0,2.2E0));
#2994=CARTESIAN_POINT('',(5.499046122425E0,6.357086345007E0,2.492893218813E0));
#2995=CARTESIAN_POINT('',(5.258479581212E0,6.386651447003E0,2.7E0));
#2996=CARTESIAN_POINT('',(4.918267115975E0,6.428462815218E0,2.7E0));
#2997=CARTESIAN_POINT('',(5.435209392391E0,6.808553171332E0,2.2E0));
#2998=CARTESIAN_POINT('',(5.435209392391E0,6.808553171332E0,2.492893218813E0));
#2999=CARTESIAN_POINT('',(5.212270877417E0,6.713449151711E0,2.7E0));
#3000=CARTESIAN_POINT('',(4.896988205964E0,6.578951757327E0,2.7E0));
#3001=CARTESIAN_POINT('',(5.064469840148E0,7.073976621267E0,2.2E0));
#3002=CARTESIAN_POINT('',(5.064469840148E0,7.073976621267E0,2.492893218813E0));
#3003=CARTESIAN_POINT('',(4.943908225605E0,6.905577939823E0,2.7E0));
#3004=CARTESIAN_POINT('',(4.773408355216E0,6.667426240638E0,2.7E0));
#3005=CARTESIAN_POINT('',(4.693730287905E0,7.339400071202E0,2.2E0));
#3006=CARTESIAN_POINT('',(4.693730287905E0,7.339400071202E0,2.492893218813E0));
#3007=CARTESIAN_POINT('',(4.675545573793E0,7.097706727934E0,2.7E0));
#3008=CARTESIAN_POINT('',(4.649828504469E0,6.755900723950E0,2.7E0));
#3009=CARTESIAN_POINT('',(4.245777162674E0,7.254338793474E0,2.2E0));
#3010=CARTESIAN_POINT('',(4.245777162674E0,7.254338793474E0,2.492893218813E0));
#3011=CARTESIAN_POINT('',(4.351291288414E0,7.036134473451E0,2.7E0));
#3012=CARTESIAN_POINT('',(4.500510796058E0,6.727546964707E0,2.7E0));
#3013=CARTESIAN_POINT('',(3.998136874568E0,6.871491942788E0,2.2E0));
#3014=CARTESIAN_POINT('',(3.998136874568E0,6.871491942788E0,2.492893218813E0));
#3015=CARTESIAN_POINT('',(4.172034977591E0,6.759007861343E0,2.7E0));
#3016=CARTESIAN_POINT('',(4.417964033356E0,6.599931347812E0,2.7E0));
#3017=(BOUNDED_SURFACE()B_SPLINE_SURFACE(3,3,((#2989,#2990,#2991,#2992),(#2993,
#2994,#2995,#2996),(#2997,#2998,#2999,#3000),(#3001,#3002,#3003,#3004),(#3005,
#3006,#3007,#3008),(#3009,#3010,#3011,#3012),(#3013,#3014,#3015,#3016)),
.UNSPECIFIED.,.F.,.F.,.F.)B_SPLINE_SURFACE_WITH_KNOTS((4,3,4),(4,4),(0.E0,1.E0,
2.E0),(0.E0,1.E0),.UNSPECIFIED.)GEOMETRIC_REPRESENTATION_ITEM()RATIONAL_B_SPLINE_SURFACE(((1.386289510524E0,1.115599645894E0,1.115599645894E0,1.386289510524E0),(
1.100000663497E0,8.852121734781E-1,8.852121734781E-1,1.100000663497E0),(
1.100000663497E0,8.852121734781E-1,8.852121734781E-1,1.100000663497E0),(
1.386289510524E0,1.115599645894E0,1.115599645894E0,1.386289510524E0),(
1.100000663497E0,8.852121734781E-1,8.852121734781E-1,1.100000663497E0),(
1.100000663497E0,8.852121734781E-1,8.852121734781E-1,1.100000663497E0),(
1.386289510524E0,1.115599645894E0,1.115599645894E0,1.386289510524E0)))REPRESENTATION_ITEM('')SURFACE());
#3019=ORIENTED_EDGE('',*,*,#3018,.F.);
#3020=ORIENTED_EDGE('',*,*,#2800,.T.);
#3022=ORIENTED_EDGE('',*,*,#3021,.T.);
#3023=ORIENTED_EDGE('',*,*,#2982,.F.);
#3024=EDGE_LOOP('',(#3019,#3020,#3022,#3023));
#3025=FACE_OUTER_BOUND('',#3024,.F.);
#3027=CARTESIAN_POINT('',(4.824061777021E0,6.309193927869E0,2.7E0));
#3028=CARTESIAN_POINT('',(5.053905985387E0,6.127650235404E0,2.700000074851E0));
#3029=CARTESIAN_POINT('',(5.216430404506E0,5.999279442978E0,2.492893278163E0));
#3030=CARTESIAN_POINT('',(5.216430404506E0,5.999279442978E0,2.2E0));
#3031=CARTESIAN_POINT('',(4.649238957525E0,6.087858710952E0,2.7E0));
#3032=CARTESIAN_POINT('',(4.981491997119E0,6.035970179864E0,2.700000074851E0));
#3033=CARTESIAN_POINT('',(5.216430404506E0,5.999279442978E0,2.492893278163E0));
#3034=CARTESIAN_POINT('',(5.216430404506E0,5.999279442978E0,2.2E0));
#3035=CARTESIAN_POINT('',(4.675510450416E0,5.807034735612E0,2.7E0));
#3036=CARTESIAN_POINT('',(4.992374006593E0,5.919649071932E0,2.700000074851E0));
#3037=CARTESIAN_POINT('',(5.216430404506E0,5.999279442978E0,2.492893278163E0));
#3038=CARTESIAN_POINT('',(5.216430404506E0,5.999279442978E0,2.2E0));
#3039=CARTESIAN_POINT('',(4.888352936732E0,5.621966174038E0,2.7E0));
#3040=CARTESIAN_POINT('',(5.080536257673E0,5.842991158021E0,2.700000074851E0));
#3041=CARTESIAN_POINT('',(5.216430404506E0,5.999279442978E0,2.492893278163E0));
#3042=CARTESIAN_POINT('',(5.216430404506E0,5.999279442978E0,2.2E0));
#3043=(BOUNDED_SURFACE()B_SPLINE_SURFACE(3,3,((#3027,#3028,#3029,#3030),(#3031,
#3032,#3033,#3034),(#3035,#3036,#3037,#3038),(#3039,#3040,#3041,#3042)),
.UNSPECIFIED.,.F.,.F.,.F.)B_SPLINE_SURFACE_WITH_KNOTS((4,4),(4,4),(0.E0,1.E0),(
0.E0,1.E0),.UNSPECIFIED.)GEOMETRIC_REPRESENTATION_ITEM()RATIONAL_B_SPLINE_SURFACE(((1.359455325490E0,1.094005079525E0,1.094005079525E0,1.359455325490E0),(
1.108945474520E0,8.924103347082E-1,8.924103347082E-1,1.108945474520E0),(
1.108945474520E0,8.924103347082E-1,8.924103347082E-1,1.108945474520E0),(
1.359455325490E0,1.094005079525E0,1.094005079525E0,1.359455325490E0)))REPRESENTATION_ITEM('')SURFACE());
#3044=ORIENTED_EDGE('',*,*,#3018,.T.);
#3045=ORIENTED_EDGE('',*,*,#2829,.F.);
#3046=ORIENTED_EDGE('',*,*,#2802,.T.);
#3047=EDGE_LOOP('',(#3044,#3045,#3046));
#3048=FACE_OUTER_BOUND('',#3047,.F.);
#3050=CARTESIAN_POINT('',(3.746681660488E0,6.439322528888E0,2.7E0));
#3051=CARTESIAN_POINT('',(3.893980707019E0,6.692481497293E0,2.700000074851E0));
#3052=CARTESIAN_POINT('',(3.998136874993E0,6.871491943445E0,2.492893278163E0));
#3053=CARTESIAN_POINT('',(3.998136874993E0,6.871491943445E0,2.2E0));
#3054=CARTESIAN_POINT('',(3.990468508914E0,6.297476594864E0,2.7E0));
#3055=CARTESIAN_POINT('',(3.994960533524E0,6.633726983255E0,2.700000074851E0));
#3056=CARTESIAN_POINT('',(3.998136874993E0,6.871491943445E0,2.492893278163E0));
#3057=CARTESIAN_POINT('',(3.998136874993E0,6.871491943445E0,2.2E0));
#3058=CARTESIAN_POINT('',(4.264776718446E0,6.363106638654E0,2.7E0));
#3059=CARTESIAN_POINT('',(4.108582722687E0,6.660911839527E0,2.700000074851E0));
#3060=CARTESIAN_POINT('',(3.998136874993E0,6.871491943445E0,2.492893278163E0));
#3061=CARTESIAN_POINT('',(3.998136874993E0,6.871491943445E0,2.2E0));
#3062=CARTESIAN_POINT('',(4.417964140788E0,6.599931278631E0,2.7E0));
#3063=CARTESIAN_POINT('',(4.172035035356E0,6.759007824652E0,2.700000074851E0));
#3064=CARTESIAN_POINT('',(3.998136874993E0,6.871491943445E0,2.492893278163E0));
#3065=CARTESIAN_POINT('',(3.998136874993E0,6.871491943445E0,2.2E0));
#3066=(BOUNDED_SURFACE()B_SPLINE_SURFACE(3,3,((#3050,#3051,#3052,#3053),(#3054,
#3055,#3056,#3057),(#3058,#3059,#3060,#3061),(#3062,#3063,#3064,#3065)),
.UNSPECIFIED.,.F.,.F.,.F.)B_SPLINE_SURFACE_WITH_KNOTS((4,4),(4,4),(0.E0,1.E0),(
0.E0,1.E0),.UNSPECIFIED.)GEOMETRIC_REPRESENTATION_ITEM()RATIONAL_B_SPLINE_SURFACE(((1.359455325490E0,1.094005079525E0,1.094005079525E0,1.359455325490E0),(
1.108945474520E0,8.924103347082E-1,8.924103347082E-1,1.108945474520E0),(
1.108945474520E0,8.924103347082E-1,8.924103347082E-1,1.108945474520E0),(
1.359455325490E0,1.094005079525E0,1.094005079525E0,1.359455325490E0)))REPRESENTATION_ITEM('')SURFACE());
#3067=ORIENTED_EDGE('',*,*,#2930,.T.);
#3068=ORIENTED_EDGE('',*,*,#3021,.F.);
#3069=ORIENTED_EDGE('',*,*,#2798,.T.);
#3070=EDGE_LOOP('',(#3067,#3068,#3069));
#3071=FACE_OUTER_BOUND('',#3070,.F.);
#3073=CARTESIAN_POINT('',(-2.5E0,1.060942976790E1,0.E0));
#3074=DIRECTION('',(-1.E0,0.E0,0.E0));
#3075=DIRECTION('',(0.E0,-1.E0,0.E0));
#3076=AXIS2_PLACEMENT_3D('',#3073,#3074,#3075);
#3077=PLANE('',#3076);
#3079=ORIENTED_EDGE('',*,*,#3078,.F.);
#3081=ORIENTED_EDGE('',*,*,#3080,.F.);
#3082=ORIENTED_EDGE('',*,*,#2524,.F.);
#3084=ORIENTED_EDGE('',*,*,#3083,.T.);
#3086=ORIENTED_EDGE('',*,*,#3085,.F.);
#3088=ORIENTED_EDGE('',*,*,#3087,.T.);
#3090=ORIENTED_EDGE('',*,*,#3089,.T.);
#3091=EDGE_LOOP('',(#3079,#3081,#3082,#3084,#3086,#3088,#3090));
#3092=FACE_OUTER_BOUND('',#3091,.F.);
#3094=CARTESIAN_POINT('',(0.E0,0.E0,5.9E0));
#3095=DIRECTION('',(0.E0,0.E0,1.E0));
#3096=DIRECTION('',(-2.572578083283E-1,9.663428066965E-1,0.E0));
#3097=AXIS2_PLACEMENT_3D('',#3094,#3095,#3096);
#3098=TOROIDAL_SURFACE('',#3097,1.111992163986E1,9.E-1);
#3100=ORIENTED_EDGE('',*,*,#3099,.T.);
#3102=ORIENTED_EDGE('',*,*,#3101,.F.);
#3103=ORIENTED_EDGE('',*,*,#3078,.T.);
#3105=ORIENTED_EDGE('',*,*,#3104,.F.);
#3107=ORIENTED_EDGE('',*,*,#3106,.F.);
#3109=ORIENTED_EDGE('',*,*,#3108,.T.);
#3111=ORIENTED_EDGE('',*,*,#3110,.F.);
#3113=ORIENTED_EDGE('',*,*,#3112,.F.);
#3114=EDGE_LOOP('',(#3100,#3102,#3103,#3105,#3107,#3109,#3111,#3113));
#3115=FACE_OUTER_BOUND('',#3114,.F.);
#3117=CARTESIAN_POINT('',(2.5E0,9.909429767900E0,0.E0));
#3118=DIRECTION('',(1.E0,0.E0,0.E0));
#3119=DIRECTION('',(0.E0,1.E0,0.E0));
#3120=AXIS2_PLACEMENT_3D('',#3117,#3118,#3119);
#3121=PLANE('',#3120);
#3122=ORIENTED_EDGE('',*,*,#3099,.F.);
#3124=ORIENTED_EDGE('',*,*,#3123,.T.);
#3126=ORIENTED_EDGE('',*,*,#3125,.F.);
#3128=ORIENTED_EDGE('',*,*,#3127,.F.);
#3130=ORIENTED_EDGE('',*,*,#3129,.F.);
#3131=ORIENTED_EDGE('',*,*,#2528,.F.);
#3133=ORIENTED_EDGE('',*,*,#3132,.F.);
#3134=EDGE_LOOP('',(#3122,#3124,#3126,#3128,#3130,#3131,#3133));
#3135=FACE_OUTER_BOUND('',#3134,.F.);
#3137=CARTESIAN_POINT('',(2.3E0,9.817315751602E0,6.6E0));
#3138=DIRECTION('',(0.E0,1.E0,0.E0));
#3139=DIRECTION('',(0.E0,0.E0,1.E0));
#3140=AXIS2_PLACEMENT_3D('',#3137,#3138,#3139);
#3141=CYLINDRICAL_SURFACE('',#3140,2.E-1);
#3142=ORIENTED_EDGE('',*,*,#3123,.F.);
#3143=ORIENTED_EDGE('',*,*,#3112,.T.);
#3145=ORIENTED_EDGE('',*,*,#3144,.T.);
#3146=EDGE_LOOP('',(#3142,#3143,#3145));
#3147=FACE_OUTER_BOUND('',#3146,.F.);
#3149=CARTESIAN_POINT('',(3.E0,1.070942976790E1,6.6E0));
#3150=DIRECTION('',(0.E0,0.E0,1.E0));
#3151=DIRECTION('',(-9.646063400051E-1,-2.636941577321E-1,0.E0));
#3152=AXIS2_PLACEMENT_3D('',#3149,#3150,#3151);
#3153=TOROIDAL_SURFACE('',#3152,7.E-1,2.E-1);
#3155=ORIENTED_EDGE('',*,*,#3154,.T.);
#3157=ORIENTED_EDGE('',*,*,#3156,.T.);
#3159=ORIENTED_EDGE('',*,*,#3158,.F.);
#3160=ORIENTED_EDGE('',*,*,#3144,.F.);
#3161=ORIENTED_EDGE('',*,*,#3110,.T.);
#3162=EDGE_LOOP('',(#3155,#3157,#3159,#3160,#3161));
#3163=FACE_OUTER_BOUND('',#3162,.F.);
#3165=CARTESIAN_POINT('',(0.E0,0.E0,6.8E0));
#3166=DIRECTION('',(0.E0,0.E0,1.E0));
#3167=DIRECTION('',(1.E0,0.E0,0.E0));
#3168=AXIS2_PLACEMENT_3D('',#3165,#3166,#3167);
#3169=PLANE('',#3168);
#3170=ORIENTED_EDGE('',*,*,#3108,.F.);
#3172=ORIENTED_EDGE('',*,*,#3171,.F.);
#3174=ORIENTED_EDGE('',*,*,#3173,.F.);
#3176=ORIENTED_EDGE('',*,*,#3175,.F.);
#3178=ORIENTED_EDGE('',*,*,#3177,.F.);
#3180=ORIENTED_EDGE('',*,*,#3179,.F.);
#3182=ORIENTED_EDGE('',*,*,#3181,.F.);
#3184=ORIENTED_EDGE('',*,*,#3183,.F.);
#3186=ORIENTED_EDGE('',*,*,#3185,.F.);
#3187=ORIENTED_EDGE('',*,*,#3154,.F.);
#3188=EDGE_LOOP('',(#3170,#3172,#3174,#3176,#3178,#3180,#3182,#3184,#3186,
#3187));
#3189=FACE_OUTER_BOUND('',#3188,.F.);
#3191=CARTESIAN_POINT('',(-3.E0,1.070942976790E1,6.6E0));
#3192=DIRECTION('',(0.E0,0.E0,1.E0));
#3193=DIRECTION('',(-2.636941577321E-1,9.646063400051E-1,0.E0));
#3194=AXIS2_PLACEMENT_3D('',#3191,#3192,#3193);
#3195=TOROIDAL_SURFACE('',#3194,7.E-1,2.E-1);
#3197=ORIENTED_EDGE('',*,*,#3196,.F.);
#3199=ORIENTED_EDGE('',*,*,#3198,.F.);
#3200=ORIENTED_EDGE('',*,*,#3171,.T.);
#3201=ORIENTED_EDGE('',*,*,#3106,.T.);
#3203=ORIENTED_EDGE('',*,*,#3202,.T.);
#3204=EDGE_LOOP('',(#3197,#3199,#3200,#3201,#3203));
#3205=FACE_OUTER_BOUND('',#3204,.F.);
#3207=CARTESIAN_POINT('',(-3.E0,1.070942976790E1,3.8E0));
#3208=DIRECTION('',(0.E0,0.E0,1.E0));
#3209=DIRECTION('',(1.E0,0.E0,0.E0));
#3210=AXIS2_PLACEMENT_3D('',#3207,#3208,#3209);
#3211=CYLINDRICAL_SURFACE('',#3210,5.E-1);
#3212=ORIENTED_EDGE('',*,*,#3087,.F.);
#3214=ORIENTED_EDGE('',*,*,#3213,.F.);
#3216=ORIENTED_EDGE('',*,*,#3215,.T.);
#3217=ORIENTED_EDGE('',*,*,#3196,.T.);
#3218=EDGE_LOOP('',(#3212,#3214,#3216,#3217));
#3219=FACE_OUTER_BOUND('',#3218,.F.);
#3221=CARTESIAN_POINT('',(0.E0,0.E0,3.8E0));
#3222=DIRECTION('',(0.E0,0.E0,1.E0));
#3223=DIRECTION('',(1.E0,0.E0,0.E0));
#3224=AXIS2_PLACEMENT_3D('',#3221,#3222,#3223);
#3225=PLANE('',#3224);
#3227=ORIENTED_EDGE('',*,*,#3226,.F.);
#3228=ORIENTED_EDGE('',*,*,#3127,.T.);
#3230=ORIENTED_EDGE('',*,*,#3229,.T.);
#3232=ORIENTED_EDGE('',*,*,#3231,.T.);
#3234=ORIENTED_EDGE('',*,*,#3233,.T.);
#3236=ORIENTED_EDGE('',*,*,#3235,.T.);
#3238=ORIENTED_EDGE('',*,*,#3237,.T.);
#3240=ORIENTED_EDGE('',*,*,#3239,.T.);
#3242=ORIENTED_EDGE('',*,*,#3241,.T.);
#3244=ORIENTED_EDGE('',*,*,#3243,.T.);
#3245=ORIENTED_EDGE('',*,*,#3213,.T.);
#3246=ORIENTED_EDGE('',*,*,#3085,.T.);
#3247=EDGE_LOOP('',(#3227,#3228,#3230,#3232,#3234,#3236,#3238,#3240,#3242,#3244,
#3245,#3246));
#3248=FACE_OUTER_BOUND('',#3247,.F.);
#3250=CARTESIAN_POINT('',(0.E0,0.E0,0.E0));
#3251=DIRECTION('',(0.E0,0.E0,1.E0));
#3252=DIRECTION('',(1.E0,0.E0,0.E0));
#3253=AXIS2_PLACEMENT_3D('',#3250,#3251,#3252);
#3254=CYLINDRICAL_SURFACE('',#3253,1.09E1);
#3255=ORIENTED_EDGE('',*,*,#3226,.T.);
#3256=ORIENTED_EDGE('',*,*,#3083,.F.);
#3257=ORIENTED_EDGE('',*,*,#2530,.F.);
#3258=ORIENTED_EDGE('',*,*,#3129,.T.);
#3259=EDGE_LOOP('',(#3255,#3256,#3257,#3258));
#3260=FACE_OUTER_BOUND('',#3259,.F.);
#3262=CARTESIAN_POINT('',(3.E0,1.070942976790E1,3.8E0));
#3263=DIRECTION('',(0.E0,0.E0,1.E0));
#3264=DIRECTION('',(1.E0,0.E0,0.E0));
#3265=AXIS2_PLACEMENT_3D('',#3262,#3263,#3264);
#3266=CYLINDRICAL_SURFACE('',#3265,5.E-1);
#3267=ORIENTED_EDGE('',*,*,#3125,.T.);
#3268=ORIENTED_EDGE('',*,*,#3158,.T.);
#3270=ORIENTED_EDGE('',*,*,#3269,.F.);
#3271=ORIENTED_EDGE('',*,*,#3229,.F.);
#3272=EDGE_LOOP('',(#3267,#3268,#3270,#3271));
#3273=FACE_OUTER_BOUND('',#3272,.F.);
#3275=CARTESIAN_POINT('',(3.E0,1.320942976790E1,3.8E0));
#3276=DIRECTION('',(0.E0,0.E0,1.E0));
#3277=DIRECTION('',(1.E0,0.E0,0.E0));
#3278=AXIS2_PLACEMENT_3D('',#3275,#3276,#3277);
#3279=CYLINDRICAL_SURFACE('',#3278,2.E0);
#3281=ORIENTED_EDGE('',*,*,#3280,.T.);
#3283=ORIENTED_EDGE('',*,*,#3282,.F.);
#3284=ORIENTED_EDGE('',*,*,#3231,.F.);
#3285=ORIENTED_EDGE('',*,*,#3269,.T.);
#3286=EDGE_LOOP('',(#3281,#3283,#3284,#3285));
#3287=FACE_OUTER_BOUND('',#3286,.F.);
#3289=CARTESIAN_POINT('',(3.E0,1.320942976790E1,6.6E0));
#3290=DIRECTION('',(0.E0,0.E0,1.E0));
#3291=DIRECTION('',(-4.694498231327E-2,-9.988974765388E-1,0.E0));
#3292=AXIS2_PLACEMENT_3D('',#3289,#3290,#3291);
#3293=TOROIDAL_SURFACE('',#3292,1.8E0,2.E-1);
#3294=ORIENTED_EDGE('',*,*,#3185,.T.);
#3296=ORIENTED_EDGE('',*,*,#3295,.T.);
#3297=ORIENTED_EDGE('',*,*,#3280,.F.);
#3298=ORIENTED_EDGE('',*,*,#3156,.F.);
#3299=EDGE_LOOP('',(#3294,#3296,#3297,#3298));
#3300=FACE_OUTER_BOUND('',#3299,.F.);
#3302=CARTESIAN_POINT('',(4.8E0,1.311550528275E1,6.6E0));
#3303=DIRECTION('',(0.E0,1.E0,0.E0));
#3304=DIRECTION('',(0.E0,0.E0,1.E0));
#3305=AXIS2_PLACEMENT_3D('',#3302,#3303,#3304);
#3306=CYLINDRICAL_SURFACE('',#3305,2.E-1);
#3307=ORIENTED_EDGE('',*,*,#3183,.T.);
#3309=ORIENTED_EDGE('',*,*,#3308,.T.);
#3311=ORIENTED_EDGE('',*,*,#3310,.F.);
#3312=ORIENTED_EDGE('',*,*,#3295,.F.);
#3313=EDGE_LOOP('',(#3307,#3309,#3311,#3312));
#3314=FACE_OUTER_BOUND('',#3313,.F.);
#3316=CARTESIAN_POINT('',(3.E0,1.402562825500E1,6.6E0));
#3317=DIRECTION('',(0.E0,0.E0,1.E0));
#3318=DIRECTION('',(9.988974765388E-1,-4.694498231327E-2,0.E0));
#3319=AXIS2_PLACEMENT_3D('',#3316,#3317,#3318);
#3320=TOROIDAL_SURFACE('',#3319,1.8E0,2.E-1);
#3321=ORIENTED_EDGE('',*,*,#3181,.T.);
#3323=ORIENTED_EDGE('',*,*,#3322,.T.);
#3325=ORIENTED_EDGE('',*,*,#3324,.F.);
#3326=ORIENTED_EDGE('',*,*,#3308,.F.);
#3327=EDGE_LOOP('',(#3321,#3323,#3325,#3326));
#3328=FACE_OUTER_BOUND('',#3327,.F.);
#3330=CARTESIAN_POINT('',(0.E0,6.609429767900E0,6.6E0));
#3331=DIRECTION('',(0.E0,0.E0,1.E0));
#3332=DIRECTION('',(3.836903640189E-1,9.234618046021E-1,0.E0));
#3333=AXIS2_PLACEMENT_3D('',#3330,#3331,#3332);
#3334=TOROIDAL_SURFACE('',#3333,9.8E0,2.E-1);
#3335=ORIENTED_EDGE('',*,*,#3179,.T.);
#3337=ORIENTED_EDGE('',*,*,#3336,.T.);
#3339=ORIENTED_EDGE('',*,*,#3338,.F.);
#3340=ORIENTED_EDGE('',*,*,#3322,.F.);
#3341=EDGE_LOOP('',(#3335,#3337,#3339,#3340));
#3342=FACE_OUTER_BOUND('',#3341,.F.);
#3344=CARTESIAN_POINT('',(-3.E0,1.402562825500E1,6.6E0));
#3345=DIRECTION('',(0.E0,0.E0,1.E0));
#3346=DIRECTION('',(-3.310673903510E-1,9.436071126513E-1,0.E0));
#3347=AXIS2_PLACEMENT_3D('',#3344,#3345,#3346);
#3348=TOROIDAL_SURFACE('',#3347,1.8E0,2.E-1);
#3349=ORIENTED_EDGE('',*,*,#3177,.T.);
#3351=ORIENTED_EDGE('',*,*,#3350,.T.);
#3353=ORIENTED_EDGE('',*,*,#3352,.F.);
#3354=ORIENTED_EDGE('',*,*,#3336,.F.);
#3355=EDGE_LOOP('',(#3349,#3351,#3353,#3354));
#3356=FACE_OUTER_BOUND('',#3355,.F.);
#3358=CARTESIAN_POINT('',(-4.8E0,1.411955274014E1,6.6E0));
#3359=DIRECTION('',(0.E0,-1.E0,0.E0));
#3360=DIRECTION('',(0.E0,0.E0,1.E0));
#3361=AXIS2_PLACEMENT_3D('',#3358,#3359,#3360);
#3362=CYLINDRICAL_SURFACE('',#3361,2.E-1);
#3363=ORIENTED_EDGE('',*,*,#3175,.T.);
#3365=ORIENTED_EDGE('',*,*,#3364,.T.);
#3367=ORIENTED_EDGE('',*,*,#3366,.F.);
#3368=ORIENTED_EDGE('',*,*,#3350,.F.);
#3369=EDGE_LOOP('',(#3363,#3365,#3367,#3368));
#3370=FACE_OUTER_BOUND('',#3369,.F.);
#3372=CARTESIAN_POINT('',(-3.E0,1.320942976790E1,6.6E0));
#3373=DIRECTION('',(0.E0,0.E0,1.E0));
#3374=DIRECTION('',(-9.988974765388E-1,4.694498231327E-2,0.E0));
#3375=AXIS2_PLACEMENT_3D('',#3372,#3373,#3374);
#3376=TOROIDAL_SURFACE('',#3375,1.8E0,2.E-1);
#3377=ORIENTED_EDGE('',*,*,#3173,.T.);
#3378=ORIENTED_EDGE('',*,*,#3198,.T.);
#3380=ORIENTED_EDGE('',*,*,#3379,.F.);
#3381=ORIENTED_EDGE('',*,*,#3364,.F.);
#3382=EDGE_LOOP('',(#3377,#3378,#3380,#3381));
#3383=FACE_OUTER_BOUND('',#3382,.F.);
#3385=CARTESIAN_POINT('',(-3.E0,1.320942976790E1,3.8E0));
#3386=DIRECTION('',(0.E0,0.E0,1.E0));
#3387=DIRECTION('',(1.E0,0.E0,0.E0));
#3388=AXIS2_PLACEMENT_3D('',#3385,#3386,#3387);
#3389=CYLINDRICAL_SURFACE('',#3388,2.E0);
#3390=ORIENTED_EDGE('',*,*,#3379,.T.);
#3391=ORIENTED_EDGE('',*,*,#3215,.F.);
#3392=ORIENTED_EDGE('',*,*,#3243,.F.);
#3394=ORIENTED_EDGE('',*,*,#3393,.T.);
#3395=EDGE_LOOP('',(#3390,#3391,#3392,#3394));
#3396=FACE_OUTER_BOUND('',#3395,.F.);
#3398=CARTESIAN_POINT('',(-5.E0,1.402562825500E1,3.8E0));
#3399=DIRECTION('',(-1.E0,0.E0,0.E0));
#3400=DIRECTION('',(0.E0,-1.E0,0.E0));
#3401=AXIS2_PLACEMENT_3D('',#3398,#3399,#3400);
#3402=PLANE('',#3401);
#3403=ORIENTED_EDGE('',*,*,#3366,.T.);
#3404=ORIENTED_EDGE('',*,*,#3393,.F.);
#3405=ORIENTED_EDGE('',*,*,#3241,.F.);
#3407=ORIENTED_EDGE('',*,*,#3406,.T.);
#3408=EDGE_LOOP('',(#3403,#3404,#3405,#3407));
#3409=FACE_OUTER_BOUND('',#3408,.F.);
#3411=CARTESIAN_POINT('',(-3.E0,1.402562825500E1,3.8E0));
#3412=DIRECTION('',(0.E0,0.E0,1.E0));
#3413=DIRECTION('',(1.E0,0.E0,0.E0));
#3414=AXIS2_PLACEMENT_3D('',#3411,#3412,#3413);
#3415=CYLINDRICAL_SURFACE('',#3414,2.E0);
#3416=ORIENTED_EDGE('',*,*,#3352,.T.);
#3417=ORIENTED_EDGE('',*,*,#3406,.F.);
#3418=ORIENTED_EDGE('',*,*,#3239,.F.);
#3420=ORIENTED_EDGE('',*,*,#3419,.T.);
#3421=EDGE_LOOP('',(#3416,#3417,#3418,#3420));
#3422=FACE_OUTER_BOUND('',#3421,.F.);
#3424=CARTESIAN_POINT('',(0.E0,6.609429767900E0,3.8E0));
#3425=DIRECTION('',(0.E0,0.E0,1.E0));
#3426=DIRECTION('',(1.E0,0.E0,0.E0));
#3427=AXIS2_PLACEMENT_3D('',#3424,#3425,#3426);
#3428=CYLINDRICAL_SURFACE('',#3427,1.E1);
#3429=ORIENTED_EDGE('',*,*,#3338,.T.);
#3430=ORIENTED_EDGE('',*,*,#3419,.F.);
#3431=ORIENTED_EDGE('',*,*,#3237,.F.);
#3433=ORIENTED_EDGE('',*,*,#3432,.T.);
#3434=EDGE_LOOP('',(#3429,#3430,#3431,#3433));
#3435=FACE_OUTER_BOUND('',#3434,.F.);
#3437=CARTESIAN_POINT('',(3.E0,1.402562825500E1,3.8E0));
#3438=DIRECTION('',(0.E0,0.E0,1.E0));
#3439=DIRECTION('',(1.E0,0.E0,0.E0));
#3440=AXIS2_PLACEMENT_3D('',#3437,#3438,#3439);
#3441=CYLINDRICAL_SURFACE('',#3440,2.E0);
#3442=ORIENTED_EDGE('',*,*,#3324,.T.);
#3443=ORIENTED_EDGE('',*,*,#3432,.F.);
#3444=ORIENTED_EDGE('',*,*,#3235,.F.);
#3446=ORIENTED_EDGE('',*,*,#3445,.T.);
#3447=EDGE_LOOP('',(#3442,#3443,#3444,#3446));
#3448=FACE_OUTER_BOUND('',#3447,.F.);
#3450=CARTESIAN_POINT('',(5.E0,1.320942976790E1,3.8E0));
#3451=DIRECTION('',(1.E0,0.E0,0.E0));
#3452=DIRECTION('',(0.E0,1.E0,0.E0));
#3453=AXIS2_PLACEMENT_3D('',#3450,#3451,#3452);
#3454=PLANE('',#3453);
#3455=ORIENTED_EDGE('',*,*,#3310,.T.);
#3456=ORIENTED_EDGE('',*,*,#3445,.F.);
#3457=ORIENTED_EDGE('',*,*,#3233,.F.);
#3458=ORIENTED_EDGE('',*,*,#3282,.T.);
#3459=EDGE_LOOP('',(#3455,#3456,#3457,#3458));
#3460=FACE_OUTER_BOUND('',#3459,.F.);
#3462=CARTESIAN_POINT('',(-2.3E0,1.080335425305E1,6.6E0));
#3463=DIRECTION('',(0.E0,-1.E0,0.E0));
#3464=DIRECTION('',(0.E0,0.E0,1.E0));
#3465=AXIS2_PLACEMENT_3D('',#3462,#3463,#3464);
#3466=CYLINDRICAL_SURFACE('',#3465,2.E-1);
#3467=ORIENTED_EDGE('',*,*,#3089,.F.);
#3468=ORIENTED_EDGE('',*,*,#3202,.F.);
#3469=ORIENTED_EDGE('',*,*,#3104,.T.);
#3470=EDGE_LOOP('',(#3467,#3468,#3469));
#3471=FACE_OUTER_BOUND('',#3470,.F.);
#3473=CARTESIAN_POINT('',(0.E0,0.E0,0.E0));
#3474=DIRECTION('',(0.E0,0.E0,1.E0));
#3475=DIRECTION('',(1.E0,0.E0,0.E0));
#3476=AXIS2_PLACEMENT_3D('',#3473,#3474,#3475);
#3477=CYLINDRICAL_SURFACE('',#3476,1.021992163986E1);
#3478=ORIENTED_EDGE('',*,*,#3101,.T.);
#3479=ORIENTED_EDGE('',*,*,#3132,.T.);
#3480=ORIENTED_EDGE('',*,*,#2526,.T.);
#3481=ORIENTED_EDGE('',*,*,#3080,.T.);
#3482=EDGE_LOOP('',(#3478,#3479,#3480,#3481));
#3483=FACE_OUTER_BOUND('',#3482,.F.);
#3485=CARTESIAN_POINT('',(1.1E1,5.531163525595E0,0.E0));
#3486=DIRECTION('',(-1.E0,0.E0,0.E0));
#3487=DIRECTION('',(0.E0,-1.E0,0.E0));
#3488=AXIS2_PLACEMENT_3D('',#3485,#3486,#3487);
#3489=PLANE('',#3488);
#3490=ORIENTED_EDGE('',*,*,#2215,.T.);
#3491=ORIENTED_EDGE('',*,*,#2112,.T.);
#3492=ORIENTED_EDGE('',*,*,#2076,.T.);
#3493=ORIENTED_EDGE('',*,*,#2131,.F.);
#3494=ORIENTED_EDGE('',*,*,#2172,.T.);
#3496=ORIENTED_EDGE('',*,*,#3495,.F.);
#3497=ORIENTED_EDGE('',*,*,#2421,.F.);
#3498=ORIENTED_EDGE('',*,*,#2468,.F.);
#3500=ORIENTED_EDGE('',*,*,#3499,.T.);
#3501=EDGE_LOOP('',(#3490,#3491,#3492,#3493,#3494,#3496,#3497,#3498,#3500));
#3502=FACE_OUTER_BOUND('',#3501,.F.);
#3504=CARTESIAN_POINT('',(1.2E1,-6.853690757655E0,0.E0));
#3505=DIRECTION('',(0.E0,0.E0,1.E0));
#3506=DIRECTION('',(1.E0,0.E0,0.E0));
#3507=AXIS2_PLACEMENT_3D('',#3504,#3505,#3506);
#3508=CYLINDRICAL_SURFACE('',#3507,1.E0);
#3509=ORIENTED_EDGE('',*,*,#2170,.T.);
#3511=ORIENTED_EDGE('',*,*,#3510,.F.);
#3512=ORIENTED_EDGE('',*,*,#2423,.F.);
#3513=ORIENTED_EDGE('',*,*,#3495,.T.);
#3514=EDGE_LOOP('',(#3509,#3511,#3512,#3513));
#3515=FACE_OUTER_BOUND('',#3514,.F.);
#3517=CARTESIAN_POINT('',(9.9E0,-9.9E0,0.E0));
#3518=DIRECTION('',(0.E0,0.E0,1.E0));
#3519=DIRECTION('',(1.E0,0.E0,0.E0));
#3520=AXIS2_PLACEMENT_3D('',#3517,#3518,#3519);
#3521=CYLINDRICAL_SURFACE('',#3520,2.7E0);
#3522=ORIENTED_EDGE('',*,*,#2168,.F.);
#3524=ORIENTED_EDGE('',*,*,#3523,.F.);
#3525=ORIENTED_EDGE('',*,*,#2425,.T.);
#3526=ORIENTED_EDGE('',*,*,#3510,.T.);
#3527=EDGE_LOOP('',(#3522,#3524,#3525,#3526));
#3528=FACE_OUTER_BOUND('',#3527,.F.);
#3530=CARTESIAN_POINT('',(1.26E1,-9.9E0,0.E0));
#3531=DIRECTION('',(-1.E0,0.E0,0.E0));
#3532=DIRECTION('',(0.E0,-1.E0,0.E0));
#3533=AXIS2_PLACEMENT_3D('',#3530,#3531,#3532);
#3534=PLANE('',#3533);
#3535=ORIENTED_EDGE('',*,*,#2166,.T.);
#3536=ORIENTED_EDGE('',*,*,#2262,.F.);
#3537=ORIENTED_EDGE('',*,*,#2427,.F.);
#3538=ORIENTED_EDGE('',*,*,#3523,.T.);
#3539=EDGE_LOOP('',(#3535,#3536,#3537,#3538));
#3540=FACE_OUTER_BOUND('',#3539,.F.);
#3542=CARTESIAN_POINT('',(1.E1,5.531163525595E0,0.E0));
#3543=DIRECTION('',(0.E0,0.E0,1.E0));
#3544=DIRECTION('',(1.E0,0.E0,0.E0));
#3545=AXIS2_PLACEMENT_3D('',#3542,#3543,#3544);
#3546=CYLINDRICAL_SURFACE('',#3545,1.E0);
#3547=ORIENTED_EDGE('',*,*,#2217,.F.);
#3548=ORIENTED_EDGE('',*,*,#3499,.F.);
#3549=ORIENTED_EDGE('',*,*,#2466,.T.);
#3551=ORIENTED_EDGE('',*,*,#3550,.T.);
#3552=EDGE_LOOP('',(#3547,#3548,#3549,#3551));
#3553=FACE_OUTER_BOUND('',#3552,.F.);
#3555=CARTESIAN_POINT('',(9.933974596216E0,7.645522879540E0,0.E0));
#3556=DIRECTION('',(-8.660254037844E-1,-5.E-1,0.E0));
#3557=DIRECTION('',(5.E-1,-8.660254037844E-1,0.E0));
#3558=AXIS2_PLACEMENT_3D('',#3555,#3556,#3557);
#3559=PLANE('',#3558);
#3560=ORIENTED_EDGE('',*,*,#2219,.T.);
#3561=ORIENTED_EDGE('',*,*,#3550,.F.);
#3562=ORIENTED_EDGE('',*,*,#2464,.F.);
#3564=ORIENTED_EDGE('',*,*,#3563,.T.);
#3565=EDGE_LOOP('',(#3560,#3561,#3562,#3564));
#3566=FACE_OUTER_BOUND('',#3565,.F.);
#3568=CARTESIAN_POINT('',(1.08E1,8.145522879540E0,0.E0));
#3569=DIRECTION('',(0.E0,0.E0,1.E0));
#3570=DIRECTION('',(1.E0,0.E0,0.E0));
#3571=AXIS2_PLACEMENT_3D('',#3568,#3569,#3570);
#3572=CYLINDRICAL_SURFACE('',#3571,1.E0);
#3573=ORIENTED_EDGE('',*,*,#2221,.T.);
#3574=ORIENTED_EDGE('',*,*,#3563,.F.);
#3575=ORIENTED_EDGE('',*,*,#2462,.F.);
#3577=ORIENTED_EDGE('',*,*,#3576,.T.);
#3578=EDGE_LOOP('',(#3573,#3574,#3575,#3577));
#3579=FACE_OUTER_BOUND('',#3578,.F.);
#3581=CARTESIAN_POINT('',(9.8E0,1.52E1,0.E0));
#3582=DIRECTION('',(-1.E0,0.E0,0.E0));
#3583=DIRECTION('',(0.E0,-1.E0,0.E0));
#3584=AXIS2_PLACEMENT_3D('',#3581,#3582,#3583);
#3585=PLANE('',#3584);
#3586=ORIENTED_EDGE('',*,*,#2223,.T.);
#3587=ORIENTED_EDGE('',*,*,#3576,.F.);
#3588=ORIENTED_EDGE('',*,*,#2460,.F.);
#3590=ORIENTED_EDGE('',*,*,#3589,.T.);
#3591=EDGE_LOOP('',(#3586,#3587,#3588,#3590));
#3592=FACE_OUTER_BOUND('',#3591,.F.);
#3594=CARTESIAN_POINT('',(8.8E0,1.52E1,0.E0));
#3595=DIRECTION('',(0.E0,0.E0,1.E0));
#3596=DIRECTION('',(1.E0,0.E0,0.E0));
#3597=AXIS2_PLACEMENT_3D('',#3594,#3595,#3596);
#3598=CYLINDRICAL_SURFACE('',#3597,1.E0);
#3599=ORIENTED_EDGE('',*,*,#2225,.F.);
#3600=ORIENTED_EDGE('',*,*,#3589,.F.);
#3601=ORIENTED_EDGE('',*,*,#2458,.T.);
#3603=ORIENTED_EDGE('',*,*,#3602,.T.);
#3604=EDGE_LOOP('',(#3599,#3600,#3601,#3603));
#3605=FACE_OUTER_BOUND('',#3604,.F.);
#3607=CARTESIAN_POINT('',(-9.673642194351E0,1.62E1,0.E0));
#3608=DIRECTION('',(0.E0,-1.E0,0.E0));
#3609=DIRECTION('',(1.E0,0.E0,0.E0));
#3610=AXIS2_PLACEMENT_3D('',#3607,#3608,#3609);
#3611=PLANE('',#3610);
#3612=ORIENTED_EDGE('',*,*,#2227,.T.);
#3613=ORIENTED_EDGE('',*,*,#3602,.F.);
#3614=ORIENTED_EDGE('',*,*,#2456,.F.);
#3616=ORIENTED_EDGE('',*,*,#3615,.T.);
#3617=EDGE_LOOP('',(#3612,#3613,#3614,#3616));
#3618=FACE_OUTER_BOUND('',#3617,.F.);
#3620=CARTESIAN_POINT('',(-9.673642194351E0,1.52E1,0.E0));
#3621=DIRECTION('',(0.E0,0.E0,1.E0));
#3622=DIRECTION('',(1.E0,0.E0,0.E0));
#3623=AXIS2_PLACEMENT_3D('',#3620,#3621,#3622);
#3624=CYLINDRICAL_SURFACE('',#3623,1.E0);
#3625=ORIENTED_EDGE('',*,*,#2229,.F.);
#3626=ORIENTED_EDGE('',*,*,#3615,.F.);
#3627=ORIENTED_EDGE('',*,*,#2454,.T.);
#3629=ORIENTED_EDGE('',*,*,#3628,.T.);
#3630=EDGE_LOOP('',(#3625,#3626,#3627,#3629));
#3631=FACE_OUTER_BOUND('',#3630,.F.);
#3633=CARTESIAN_POINT('',(-1.234320081404E1,1.078925237265E1,0.E0));
#3634=DIRECTION('',(9.396926207859E-1,-3.420201433257E-1,0.E0));
#3635=DIRECTION('',(3.420201433257E-1,9.396926207859E-1,0.E0));
#3636=AXIS2_PLACEMENT_3D('',#3633,#3634,#3635);
#3637=PLANE('',#3636);
#3638=ORIENTED_EDGE('',*,*,#2231,.T.);
#3639=ORIENTED_EDGE('',*,*,#3628,.F.);
#3640=ORIENTED_EDGE('',*,*,#2452,.F.);
#3642=ORIENTED_EDGE('',*,*,#3641,.T.);
#3643=EDGE_LOOP('',(#3638,#3639,#3640,#3642));
#3644=FACE_OUTER_BOUND('',#3643,.F.);
#3646=CARTESIAN_POINT('',(-9.9E0,9.9E0,0.E0));
#3647=DIRECTION('',(0.E0,0.E0,1.E0));
#3648=DIRECTION('',(1.E0,0.E0,0.E0));
#3649=AXIS2_PLACEMENT_3D('',#3646,#3647,#3648);
#3650=CYLINDRICAL_SURFACE('',#3649,2.6E0);
#3651=ORIENTED_EDGE('',*,*,#2233,.F.);
#3652=ORIENTED_EDGE('',*,*,#3641,.F.);
#3653=ORIENTED_EDGE('',*,*,#2450,.T.);
#3655=ORIENTED_EDGE('',*,*,#3654,.T.);
#3656=EDGE_LOOP('',(#3651,#3652,#3653,#3655));
#3657=FACE_OUTER_BOUND('',#3656,.F.);
#3659=CARTESIAN_POINT('',(-1.2E1,6.975961696557E0,0.E0));
#3660=DIRECTION('',(0.E0,0.E0,1.E0));
#3661=DIRECTION('',(1.E0,0.E0,0.E0));
#3662=AXIS2_PLACEMENT_3D('',#3659,#3660,#3661);
#3663=CYLINDRICAL_SURFACE('',#3662,1.E0);
#3664=ORIENTED_EDGE('',*,*,#2235,.T.);
#3665=ORIENTED_EDGE('',*,*,#3654,.F.);
#3666=ORIENTED_EDGE('',*,*,#2448,.F.);
#3667=ORIENTED_EDGE('',*,*,#2148,.T.);
#3668=EDGE_LOOP('',(#3664,#3665,#3666,#3667));
#3669=FACE_OUTER_BOUND('',#3668,.F.);
#3671=CARTESIAN_POINT('',(-9.9E0,9.9E0,0.E0));
#3672=DIRECTION('',(0.E0,0.E0,1.E0));
#3673=DIRECTION('',(1.E0,0.E0,0.E0));
#3674=AXIS2_PLACEMENT_3D('',#3671,#3672,#3673);
#3675=CYLINDRICAL_SURFACE('',#3674,1.2E0);
#3676=ORIENTED_EDGE('',*,*,#2239,.T.);
#3678=ORIENTED_EDGE('',*,*,#3677,.F.);
#3679=ORIENTED_EDGE('',*,*,#2472,.F.);
#3681=ORIENTED_EDGE('',*,*,#3680,.T.);
#3682=EDGE_LOOP('',(#3676,#3678,#3679,#3681));
#3683=FACE_OUTER_BOUND('',#3682,.F.);
#3685=CARTESIAN_POINT('',(-9.9E0,9.9E0,0.E0));
#3686=DIRECTION('',(0.E0,0.E0,1.E0));
#3687=DIRECTION('',(1.E0,0.E0,0.E0));
#3688=AXIS2_PLACEMENT_3D('',#3685,#3686,#3687);
#3689=CYLINDRICAL_SURFACE('',#3688,1.2E0);
#3690=ORIENTED_EDGE('',*,*,#2241,.T.);
#3691=ORIENTED_EDGE('',*,*,#3680,.F.);
#3692=ORIENTED_EDGE('',*,*,#2474,.F.);
#3693=ORIENTED_EDGE('',*,*,#3677,.T.);
#3694=EDGE_LOOP('',(#3690,#3691,#3692,#3693));
#3695=FACE_OUTER_BOUND('',#3694,.F.);
#3697=CARTESIAN_POINT('',(9.9E0,-9.9E0,0.E0));
#3698=DIRECTION('',(0.E0,0.E0,1.E0));
#3699=DIRECTION('',(1.E0,0.E0,0.E0));
#3700=AXIS2_PLACEMENT_3D('',#3697,#3698,#3699);
#3701=CYLINDRICAL_SURFACE('',#3700,1.2E0);
#3702=ORIENTED_EDGE('',*,*,#2179,.T.);
#3704=ORIENTED_EDGE('',*,*,#3703,.F.);
#3705=ORIENTED_EDGE('',*,*,#2431,.F.);
#3707=ORIENTED_EDGE('',*,*,#3706,.T.);
#3708=EDGE_LOOP('',(#3702,#3704,#3705,#3707));
#3709=FACE_OUTER_BOUND('',#3708,.F.);
#3711=CARTESIAN_POINT('',(9.9E0,-9.9E0,0.E0));
#3712=DIRECTION('',(0.E0,0.E0,1.E0));
#3713=DIRECTION('',(1.E0,0.E0,0.E0));
#3714=AXIS2_PLACEMENT_3D('',#3711,#3712,#3713);
#3715=CYLINDRICAL_SURFACE('',#3714,1.2E0);
#3716=ORIENTED_EDGE('',*,*,#2181,.T.);
#3717=ORIENTED_EDGE('',*,*,#3706,.F.);
#3718=ORIENTED_EDGE('',*,*,#2433,.F.);
#3719=ORIENTED_EDGE('',*,*,#3703,.T.);
#3720=EDGE_LOOP('',(#3716,#3717,#3718,#3719));
#3721=FACE_OUTER_BOUND('',#3720,.F.);
#3723=CARTESIAN_POINT('',(-5.08E0,-1.25E1,-3.81E0));
#3724=DIRECTION('',(0.E0,1.E0,0.E0));
#3725=DIRECTION('',(1.E0,0.E0,0.E0));
#3726=AXIS2_PLACEMENT_3D('',#3723,#3724,#3725);
#3727=CYLINDRICAL_SURFACE('',#3726,7.75E-1);
#3728=ORIENTED_EDGE('',*,*,#2266,.T.);
#3730=ORIENTED_EDGE('',*,*,#3729,.T.);
#3732=ORIENTED_EDGE('',*,*,#3731,.F.);
#3734=ORIENTED_EDGE('',*,*,#3733,.F.);
#3735=EDGE_LOOP('',(#3728,#3730,#3732,#3734));
#3736=FACE_OUTER_BOUND('',#3735,.F.);
#3738=CARTESIAN_POINT('',(-5.08E0,-1.25E1,-3.81E0));
#3739=DIRECTION('',(0.E0,1.E0,0.E0));
#3740=DIRECTION('',(1.E0,0.E0,0.E0));
#3741=AXIS2_PLACEMENT_3D('',#3738,#3739,#3740);
#3742=CYLINDRICAL_SURFACE('',#3741,7.75E-1);
#3743=ORIENTED_EDGE('',*,*,#2268,.T.);
#3744=ORIENTED_EDGE('',*,*,#3733,.T.);
#3746=ORIENTED_EDGE('',*,*,#3745,.F.);
#3747=ORIENTED_EDGE('',*,*,#3729,.F.);
#3748=EDGE_LOOP('',(#3743,#3744,#3746,#3747));
#3749=FACE_OUTER_BOUND('',#3748,.F.);
#3751=CARTESIAN_POINT('',(0.E0,-1.4E1,0.E0));
#3752=DIRECTION('',(0.E0,1.E0,0.E0));
#3753=DIRECTION('',(1.E0,0.E0,0.E0));
#3754=AXIS2_PLACEMENT_3D('',#3751,#3752,#3753);
#3755=PLANE('',#3754);
#3756=ORIENTED_EDGE('',*,*,#3731,.T.);
#3757=ORIENTED_EDGE('',*,*,#3745,.T.);
#3758=EDGE_LOOP('',(#3756,#3757));
#3759=FACE_OUTER_BOUND('',#3758,.F.);
#3761=CARTESIAN_POINT('',(0.E0,-1.4E1,0.E0));
#3762=DIRECTION('',(0.E0,1.E0,0.E0));
#3763=DIRECTION('',(1.E0,0.E0,0.E0));
#3764=AXIS2_PLACEMENT_3D('',#3761,#3762,#3763);
#3765=PLANE('',#3764);
#3767=ORIENTED_EDGE('',*,*,#3766,.T.);
#3769=ORIENTED_EDGE('',*,*,#3768,.T.);
#3770=EDGE_LOOP('',(#3767,#3769));
#3771=FACE_OUTER_BOUND('',#3770,.F.);
#3773=CARTESIAN_POINT('',(5.08E0,-1.25E1,-1.27E1));
#3774=DIRECTION('',(0.E0,1.E0,0.E0));
#3775=DIRECTION('',(1.E0,0.E0,0.E0));
#3776=AXIS2_PLACEMENT_3D('',#3773,#3774,#3775);
#3777=CYLINDRICAL_SURFACE('',#3776,7.75E-1);
#3778=ORIENTED_EDGE('',*,*,#2272,.T.);
#3780=ORIENTED_EDGE('',*,*,#3779,.T.);
#3781=ORIENTED_EDGE('',*,*,#3766,.F.);
#3783=ORIENTED_EDGE('',*,*,#3782,.F.);
#3784=EDGE_LOOP('',(#3778,#3780,#3781,#3783));
#3785=FACE_OUTER_BOUND('',#3784,.F.);
#3787=CARTESIAN_POINT('',(5.08E0,-1.25E1,-1.27E1));
#3788=DIRECTION('',(0.E0,1.E0,0.E0));
#3789=DIRECTION('',(1.E0,0.E0,0.E0));
#3790=AXIS2_PLACEMENT_3D('',#3787,#3788,#3789);
#3791=CYLINDRICAL_SURFACE('',#3790,7.75E-1);
#3792=ORIENTED_EDGE('',*,*,#2274,.T.);
#3793=ORIENTED_EDGE('',*,*,#3782,.T.);
#3794=ORIENTED_EDGE('',*,*,#3768,.F.);
#3795=ORIENTED_EDGE('',*,*,#3779,.F.);
#3796=EDGE_LOOP('',(#3792,#3793,#3794,#3795));
#3797=FACE_OUTER_BOUND('',#3796,.F.);
#3799=CARTESIAN_POINT('',(-4.44E0,-1.25E1,-1.461E1));
#3800=DIRECTION('',(0.E0,1.E0,0.E0));
#3801=DIRECTION('',(-1.E0,0.E0,0.E0));
#3802=AXIS2_PLACEMENT_3D('',#3799,#3800,#3801);
#3803=CYLINDRICAL_SURFACE('',#3802,4.E-1);
#3804=ORIENTED_EDGE('',*,*,#2278,.T.);
#3806=ORIENTED_EDGE('',*,*,#3805,.T.);
#3808=ORIENTED_EDGE('',*,*,#3807,.F.);
#3810=ORIENTED_EDGE('',*,*,#3809,.F.);
#3811=EDGE_LOOP('',(#3804,#3806,#3808,#3810));
#3812=FACE_OUTER_BOUND('',#3811,.F.);
#3814=CARTESIAN_POINT('',(-4.44E0,-1.25E1,-1.461E1));
#3815=DIRECTION('',(0.E0,1.E0,0.E0));
#3816=DIRECTION('',(-1.E0,0.E0,0.E0));
#3817=AXIS2_PLACEMENT_3D('',#3814,#3815,#3816);
#3818=CYLINDRICAL_SURFACE('',#3817,4.E-1);
#3819=ORIENTED_EDGE('',*,*,#2280,.T.);
#3820=ORIENTED_EDGE('',*,*,#3809,.T.);
#3822=ORIENTED_EDGE('',*,*,#3821,.F.);
#3823=ORIENTED_EDGE('',*,*,#3805,.F.);
#3824=EDGE_LOOP('',(#3819,#3820,#3822,#3823));
#3825=FACE_OUTER_BOUND('',#3824,.F.);
#3827=CARTESIAN_POINT('',(0.E0,-1.6E1,0.E0));
#3828=DIRECTION('',(0.E0,1.E0,0.E0));
#3829=DIRECTION('',(-1.E0,0.E0,0.E0));
#3830=AXIS2_PLACEMENT_3D('',#3827,#3828,#3829);
#3831=PLANE('',#3830);
#3833=ORIENTED_EDGE('',*,*,#3832,.T.);
#3835=ORIENTED_EDGE('',*,*,#3834,.T.);
#3836=EDGE_LOOP('',(#3833,#3835));
#3837=FACE_OUTER_BOUND('',#3836,.F.);
#3839=CARTESIAN_POINT('',(0.E0,-1.6E1,0.E0));
#3840=DIRECTION('',(0.E0,1.E0,0.E0));
#3841=DIRECTION('',(-1.E0,0.E0,0.E0));
#3842=AXIS2_PLACEMENT_3D('',#3839,#3840,#3841);
#3843=PLANE('',#3842);
#3844=ORIENTED_EDGE('',*,*,#3807,.T.);
#3845=ORIENTED_EDGE('',*,*,#3821,.T.);
#3846=EDGE_LOOP('',(#3844,#3845));
#3847=FACE_OUTER_BOUND('',#3846,.F.);
#3849=CARTESIAN_POINT('',(0.E0,-1.6E1,0.E0));
#3850=DIRECTION('',(0.E0,1.E0,0.E0));
#3851=DIRECTION('',(-1.E0,0.E0,0.E0));
#3852=AXIS2_PLACEMENT_3D('',#3849,#3850,#3851);
#3853=PLANE('',#3852);
#3855=ORIENTED_EDGE('',*,*,#3854,.T.);
#3857=ORIENTED_EDGE('',*,*,#3856,.T.);
#3858=EDGE_LOOP('',(#3855,#3857));
#3859=FACE_OUTER_BOUND('',#3858,.F.);
#3861=CARTESIAN_POINT('',(0.E0,-1.6E1,0.E0));
#3862=DIRECTION('',(0.E0,1.E0,0.E0));
#3863=DIRECTION('',(-1.E0,0.E0,0.E0));
#3864=AXIS2_PLACEMENT_3D('',#3861,#3862,#3863);
#3865=PLANE('',#3864);
#3867=ORIENTED_EDGE('',*,*,#3866,.T.);
#3869=ORIENTED_EDGE('',*,*,#3868,.T.);
#3870=EDGE_LOOP('',(#3867,#3869));
#3871=FACE_OUTER_BOUND('',#3870,.F.);
#3873=CARTESIAN_POINT('',(0.E0,-1.6E1,0.E0));
#3874=DIRECTION('',(0.E0,1.E0,0.E0));
#3875=DIRECTION('',(-1.E0,0.E0,0.E0));
#3876=AXIS2_PLACEMENT_3D('',#3873,#3874,#3875);
#3877=PLANE('',#3876);
#3879=ORIENTED_EDGE('',*,*,#3878,.T.);
#3881=ORIENTED_EDGE('',*,*,#3880,.T.);
#3882=EDGE_LOOP('',(#3879,#3881));
#3883=FACE_OUTER_BOUND('',#3882,.F.);
#3885=CARTESIAN_POINT('',(0.E0,-1.6E1,0.E0));
#3886=DIRECTION('',(0.E0,1.E0,0.E0));
#3887=DIRECTION('',(-1.E0,0.E0,0.E0));
#3888=AXIS2_PLACEMENT_3D('',#3885,#3886,#3887);
#3889=PLANE('',#3888);
#3891=ORIENTED_EDGE('',*,*,#3890,.T.);
#3893=ORIENTED_EDGE('',*,*,#3892,.T.);
#3894=EDGE_LOOP('',(#3891,#3893));
#3895=FACE_OUTER_BOUND('',#3894,.F.);
#3897=CARTESIAN_POINT('',(0.E0,-1.6E1,0.E0));
#3898=DIRECTION('',(0.E0,1.E0,0.E0));
#3899=DIRECTION('',(-1.E0,0.E0,0.E0));
#3900=AXIS2_PLACEMENT_3D('',#3897,#3898,#3899);
#3901=PLANE('',#3900);
#3903=ORIENTED_EDGE('',*,*,#3902,.T.);
#3905=ORIENTED_EDGE('',*,*,#3904,.T.);
#3906=EDGE_LOOP('',(#3903,#3905));
#3907=FACE_OUTER_BOUND('',#3906,.F.);
#3909=CARTESIAN_POINT('',(0.E0,-1.6E1,0.E0));
#3910=DIRECTION('',(0.E0,1.E0,0.E0));
#3911=DIRECTION('',(-1.E0,0.E0,0.E0));
#3912=AXIS2_PLACEMENT_3D('',#3909,#3910,#3911);
#3913=PLANE('',#3912);
#3915=ORIENTED_EDGE('',*,*,#3914,.T.);
#3917=ORIENTED_EDGE('',*,*,#3916,.T.);
#3918=EDGE_LOOP('',(#3915,#3917));
#3919=FACE_OUTER_BOUND('',#3918,.F.);
#3921=CARTESIAN_POINT('',(0.E0,-1.6E1,0.E0));
#3922=DIRECTION('',(0.E0,1.E0,0.E0));
#3923=DIRECTION('',(-1.E0,0.E0,0.E0));
#3924=AXIS2_PLACEMENT_3D('',#3921,#3922,#3923);
#3925=PLANE('',#3924);
#3927=ORIENTED_EDGE('',*,*,#3926,.T.);
#3929=ORIENTED_EDGE('',*,*,#3928,.T.);
#3930=EDGE_LOOP('',(#3927,#3929));
#3931=FACE_OUTER_BOUND('',#3930,.F.);
#3933=CARTESIAN_POINT('',(-6.795E0,-1.25E1,-1.314E1));
#3934=DIRECTION('',(0.E0,1.E0,0.E0));
#3935=DIRECTION('',(-1.E0,0.E0,0.E0));
#3936=AXIS2_PLACEMENT_3D('',#3933,#3934,#3935);
#3937=CYLINDRICAL_SURFACE('',#3936,5.E-1);
#3939=ORIENTED_EDGE('',*,*,#3938,.T.);
#3941=ORIENTED_EDGE('',*,*,#3940,.T.);
#3942=ORIENTED_EDGE('',*,*,#2099,.F.);
#3944=ORIENTED_EDGE('',*,*,#3943,.F.);
#3946=ORIENTED_EDGE('',*,*,#3945,.F.);
#3948=ORIENTED_EDGE('',*,*,#3947,.T.);
#3949=ORIENTED_EDGE('',*,*,#3832,.F.);
#3951=ORIENTED_EDGE('',*,*,#3950,.F.);
#3952=EDGE_LOOP('',(#3939,#3941,#3942,#3944,#3946,#3948,#3949,#3951));
#3953=FACE_OUTER_BOUND('',#3952,.F.);
#3955=CARTESIAN_POINT('',(-6.795E0,-1.25E1,-1.314E1));
#3956=DIRECTION('',(0.E0,1.E0,0.E0));
#3957=DIRECTION('',(-1.E0,0.E0,0.E0));
#3958=AXIS2_PLACEMENT_3D('',#3955,#3956,#3957);
#3959=CYLINDRICAL_SURFACE('',#3958,5.E-1);
#3960=ORIENTED_EDGE('',*,*,#3945,.T.);
#3961=ORIENTED_EDGE('',*,*,#3943,.T.);
#3962=ORIENTED_EDGE('',*,*,#2101,.F.);
#3963=ORIENTED_EDGE('',*,*,#3940,.F.);
#3964=ORIENTED_EDGE('',*,*,#3938,.F.);
#3965=ORIENTED_EDGE('',*,*,#3950,.T.);
#3966=ORIENTED_EDGE('',*,*,#3834,.F.);
#3967=ORIENTED_EDGE('',*,*,#3947,.F.);
#3968=EDGE_LOOP('',(#3960,#3961,#3962,#3963,#3964,#3965,#3966,#3967));
#3969=FACE_OUTER_BOUND('',#3968,.F.);
#3971=CARTESIAN_POINT('',(-3.17E0,-1.25E1,-1.715E1));
#3972=DIRECTION('',(0.E0,1.E0,0.E0));
#3973=DIRECTION('',(-1.E0,0.E0,0.E0));
#3974=AXIS2_PLACEMENT_3D('',#3971,#3972,#3973);
#3975=CYLINDRICAL_SURFACE('',#3974,4.E-1);
#3976=ORIENTED_EDGE('',*,*,#2284,.T.);
#3978=ORIENTED_EDGE('',*,*,#3977,.T.);
#3979=ORIENTED_EDGE('',*,*,#3854,.F.);
#3981=ORIENTED_EDGE('',*,*,#3980,.F.);
#3982=EDGE_LOOP('',(#3976,#3978,#3979,#3981));
#3983=FACE_OUTER_BOUND('',#3982,.F.);
#3985=CARTESIAN_POINT('',(-3.17E0,-1.25E1,-1.715E1));
#3986=DIRECTION('',(0.E0,1.E0,0.E0));
#3987=DIRECTION('',(-1.E0,0.E0,0.E0));
#3988=AXIS2_PLACEMENT_3D('',#3985,#3986,#3987);
#3989=CYLINDRICAL_SURFACE('',#3988,4.E-1);
#3990=ORIENTED_EDGE('',*,*,#2286,.T.);
#3991=ORIENTED_EDGE('',*,*,#3980,.T.);
#3992=ORIENTED_EDGE('',*,*,#3856,.F.);
#3993=ORIENTED_EDGE('',*,*,#3977,.F.);
#3994=EDGE_LOOP('',(#3990,#3991,#3992,#3993));
#3995=FACE_OUTER_BOUND('',#3994,.F.);
#3997=CARTESIAN_POINT('',(-1.9E0,-1.25E1,-1.461E1));
#3998=DIRECTION('',(0.E0,1.E0,0.E0));
#3999=DIRECTION('',(-1.E0,0.E0,0.E0));
#4000=AXIS2_PLACEMENT_3D('',#3997,#3998,#3999);
#4001=CYLINDRICAL_SURFACE('',#4000,4.E-1);
#4002=ORIENTED_EDGE('',*,*,#2290,.T.);
#4004=ORIENTED_EDGE('',*,*,#4003,.T.);
#4005=ORIENTED_EDGE('',*,*,#3866,.F.);
#4007=ORIENTED_EDGE('',*,*,#4006,.F.);
#4008=EDGE_LOOP('',(#4002,#4004,#4005,#4007));
#4009=FACE_OUTER_BOUND('',#4008,.F.);
#4011=CARTESIAN_POINT('',(-1.9E0,-1.25E1,-1.461E1));
#4012=DIRECTION('',(0.E0,1.E0,0.E0));
#4013=DIRECTION('',(-1.E0,0.E0,0.E0));
#4014=AXIS2_PLACEMENT_3D('',#4011,#4012,#4013);
#4015=CYLINDRICAL_SURFACE('',#4014,4.E-1);
#4016=ORIENTED_EDGE('',*,*,#2292,.T.);
#4017=ORIENTED_EDGE('',*,*,#4006,.T.);
#4018=ORIENTED_EDGE('',*,*,#3868,.F.);
#4019=ORIENTED_EDGE('',*,*,#4003,.F.);
#4020=EDGE_LOOP('',(#4016,#4017,#4018,#4019));
#4021=FACE_OUTER_BOUND('',#4020,.F.);
#4023=CARTESIAN_POINT('',(-6.3E-1,-1.25E1,-1.715E1));
#4024=DIRECTION('',(0.E0,1.E0,0.E0));
#4025=DIRECTION('',(-1.E0,0.E0,0.E0));
#4026=AXIS2_PLACEMENT_3D('',#4023,#4024,#4025);
#4027=CYLINDRICAL_SURFACE('',#4026,4.E-1);
#4028=ORIENTED_EDGE('',*,*,#2296,.T.);
#4030=ORIENTED_EDGE('',*,*,#4029,.T.);
#4031=ORIENTED_EDGE('',*,*,#3878,.F.);
#4033=ORIENTED_EDGE('',*,*,#4032,.F.);
#4034=EDGE_LOOP('',(#4028,#4030,#4031,#4033));
#4035=FACE_OUTER_BOUND('',#4034,.F.);
#4037=CARTESIAN_POINT('',(-6.3E-1,-1.25E1,-1.715E1));
#4038=DIRECTION('',(0.E0,1.E0,0.E0));
#4039=DIRECTION('',(-1.E0,0.E0,0.E0));
#4040=AXIS2_PLACEMENT_3D('',#4037,#4038,#4039);
#4041=CYLINDRICAL_SURFACE('',#4040,4.E-1);
#4042=ORIENTED_EDGE('',*,*,#2298,.T.);
#4043=ORIENTED_EDGE('',*,*,#4032,.T.);
#4044=ORIENTED_EDGE('',*,*,#3880,.F.);
#4045=ORIENTED_EDGE('',*,*,#4029,.F.);
#4046=EDGE_LOOP('',(#4042,#4043,#4044,#4045));
#4047=FACE_OUTER_BOUND('',#4046,.F.);
#4049=CARTESIAN_POINT('',(6.4E-1,-1.25E1,-1.461E1));
#4050=DIRECTION('',(0.E0,1.E0,0.E0));
#4051=DIRECTION('',(-1.E0,0.E0,0.E0));
#4052=AXIS2_PLACEMENT_3D('',#4049,#4050,#4051);
#4053=CYLINDRICAL_SURFACE('',#4052,4.E-1);
#4054=ORIENTED_EDGE('',*,*,#2302,.T.);
#4056=ORIENTED_EDGE('',*,*,#4055,.T.);
#4057=ORIENTED_EDGE('',*,*,#3890,.F.);
#4059=ORIENTED_EDGE('',*,*,#4058,.F.);
#4060=EDGE_LOOP('',(#4054,#4056,#4057,#4059));
#4061=FACE_OUTER_BOUND('',#4060,.F.);
#4063=CARTESIAN_POINT('',(6.4E-1,-1.25E1,-1.461E1));
#4064=DIRECTION('',(0.E0,1.E0,0.E0));
#4065=DIRECTION('',(-1.E0,0.E0,0.E0));
#4066=AXIS2_PLACEMENT_3D('',#4063,#4064,#4065);
#4067=CYLINDRICAL_SURFACE('',#4066,4.E-1);
#4068=ORIENTED_EDGE('',*,*,#2304,.T.);
#4069=ORIENTED_EDGE('',*,*,#4058,.T.);
#4070=ORIENTED_EDGE('',*,*,#3892,.F.);
#4071=ORIENTED_EDGE('',*,*,#4055,.F.);
#4072=EDGE_LOOP('',(#4068,#4069,#4070,#4071));
#4073=FACE_OUTER_BOUND('',#4072,.F.);
#4075=CARTESIAN_POINT('',(1.91E0,-1.25E1,-1.715E1));
#4076=DIRECTION('',(0.E0,1.E0,0.E0));
#4077=DIRECTION('',(-1.E0,0.E0,0.E0));
#4078=AXIS2_PLACEMENT_3D('',#4075,#4076,#4077);
#4079=CYLINDRICAL_SURFACE('',#4078,4.E-1);
#4080=ORIENTED_EDGE('',*,*,#2308,.T.);
#4082=ORIENTED_EDGE('',*,*,#4081,.T.);
#4083=ORIENTED_EDGE('',*,*,#3902,.F.);
#4085=ORIENTED_EDGE('',*,*,#4084,.F.);
#4086=EDGE_LOOP('',(#4080,#4082,#4083,#4085));
#4087=FACE_OUTER_BOUND('',#4086,.F.);
#4089=CARTESIAN_POINT('',(1.91E0,-1.25E1,-1.715E1));
#4090=DIRECTION('',(0.E0,1.E0,0.E0));
#4091=DIRECTION('',(-1.E0,0.E0,0.E0));
#4092=AXIS2_PLACEMENT_3D('',#4089,#4090,#4091);
#4093=CYLINDRICAL_SURFACE('',#4092,4.E-1);
#4094=ORIENTED_EDGE('',*,*,#2310,.T.);
#4095=ORIENTED_EDGE('',*,*,#4084,.T.);
#4096=ORIENTED_EDGE('',*,*,#3904,.F.);
#4097=ORIENTED_EDGE('',*,*,#4081,.F.);
#4098=EDGE_LOOP('',(#4094,#4095,#4096,#4097));
#4099=FACE_OUTER_BOUND('',#4098,.F.);
#4101=CARTESIAN_POINT('',(3.18E0,-1.25E1,-1.461E1));
#4102=DIRECTION('',(0.E0,1.E0,0.E0));
#4103=DIRECTION('',(-1.E0,0.E0,0.E0));
#4104=AXIS2_PLACEMENT_3D('',#4101,#4102,#4103);
#4105=CYLINDRICAL_SURFACE('',#4104,4.E-1);
#4106=ORIENTED_EDGE('',*,*,#2314,.T.);
#4108=ORIENTED_EDGE('',*,*,#4107,.T.);
#4109=ORIENTED_EDGE('',*,*,#3914,.F.);
#4111=ORIENTED_EDGE('',*,*,#4110,.F.);
#4112=EDGE_LOOP('',(#4106,#4108,#4109,#4111));
#4113=FACE_OUTER_BOUND('',#4112,.F.);
#4115=CARTESIAN_POINT('',(3.18E0,-1.25E1,-1.461E1));
#4116=DIRECTION('',(0.E0,1.E0,0.E0));
#4117=DIRECTION('',(-1.E0,0.E0,0.E0));
#4118=AXIS2_PLACEMENT_3D('',#4115,#4116,#4117);
#4119=CYLINDRICAL_SURFACE('',#4118,4.E-1);
#4120=ORIENTED_EDGE('',*,*,#2316,.T.);
#4121=ORIENTED_EDGE('',*,*,#4110,.T.);
#4122=ORIENTED_EDGE('',*,*,#3916,.F.);
#4123=ORIENTED_EDGE('',*,*,#4107,.F.);
#4124=EDGE_LOOP('',(#4120,#4121,#4122,#4123));
#4125=FACE_OUTER_BOUND('',#4124,.F.);
#4127=CARTESIAN_POINT('',(4.45E0,-1.25E1,-1.715E1));
#4128=DIRECTION('',(0.E0,1.E0,0.E0));
#4129=DIRECTION('',(-1.E0,0.E0,0.E0));
#4130=AXIS2_PLACEMENT_3D('',#4127,#4128,#4129);
#4131=CYLINDRICAL_SURFACE('',#4130,4.E-1);
#4132=ORIENTED_EDGE('',*,*,#2320,.T.);
#4134=ORIENTED_EDGE('',*,*,#4133,.T.);
#4135=ORIENTED_EDGE('',*,*,#3926,.F.);
#4137=ORIENTED_EDGE('',*,*,#4136,.F.);
#4138=EDGE_LOOP('',(#4132,#4134,#4135,#4137));
#4139=FACE_OUTER_BOUND('',#4138,.F.);
#4141=CARTESIAN_POINT('',(4.45E0,-1.25E1,-1.715E1));
#4142=DIRECTION('',(0.E0,1.E0,0.E0));
#4143=DIRECTION('',(-1.E0,0.E0,0.E0));
#4144=AXIS2_PLACEMENT_3D('',#4141,#4142,#4143);
#4145=CYLINDRICAL_SURFACE('',#4144,4.E-1);
#4146=ORIENTED_EDGE('',*,*,#2322,.T.);
#4147=ORIENTED_EDGE('',*,*,#4136,.T.);
#4148=ORIENTED_EDGE('',*,*,#3928,.F.);
#4149=ORIENTED_EDGE('',*,*,#4133,.F.);
#4150=EDGE_LOOP('',(#4146,#4147,#4148,#4149));
#4151=FACE_OUTER_BOUND('',#4150,.F.);
#4153=CLOSED_SHELL('',(#2084,#2105,#2120,#2135,#2158,#2185,#2207,#2245,#2326,
#2338,#2350,#2364,#2378,#2392,#2405,#2437,#2478,#2494,#2508,#2534,#2549,#2562,
#2582,#2614,#2629,#2643,#2657,#2671,#2685,#2699,#2713,#2727,#2741,#2755,#2769,
#2782,#2820,#2835,#2859,#2897,#2921,#2935,#2949,#2962,#2975,#2988,#3026,#3049,
#3072,#3093,#3116,#3136,#3148,#3164,#3190,#3206,#3220,#3249,#3261,#3274,#3288,
#3301,#3315,#3329,#3343,#3357,#3371,#3384,#3397,#3410,#3423,#3436,#3449,#3461,
#3472,#3484,#3503,#3516,#3529,#3541,#3554,#3567,#3580,#3593,#3606,#3619,#3632,
#3645,#3658,#3670,#3684,#3696,#3710,#3722,#3737,#3750,#3760,#3772,#3786,#3798,
#3813,#3826,#3838,#3848,#3860,#3872,#3884,#3896,#3908,#3920,#3932,#3954,#3970,
#3984,#3996,#4010,#4022,#4036,#4048,#4062,#4074,#4088,#4100,#4114,#4126,#4140,
#4152));
#4154=MANIFOLD_SOLID_BREP('',#4153);
#4156=DIMENSIONAL_EXPONENTS(0.E0,0.E0,0.E0,0.E0,0.E0,0.E0,0.E0);
#4158=PLANE_ANGLE_MEASURE_WITH_UNIT(PLANE_ANGLE_MEASURE(1.745329251994E-2),
#4157);
#4159=(CONVERSION_BASED_UNIT('DEGREE',#4158)NAMED_UNIT(*)PLANE_ANGLE_UNIT());
#4161=UNCERTAINTY_MEASURE_WITH_UNIT(LENGTH_MEASURE(6.108194497370E-3),#4155,
'distance_accuracy_value',
'Maximum model space distance between geometric entities at asserted connectivities');
#4164=APPLICATION_CONTEXT('automotive_design');
#4165=APPLICATION_PROTOCOL_DEFINITION('draft international standard',
'automotive_design',1998,#4164);
#4166=PRODUCT_DEFINITION_CONTEXT('part definition',#4164,'design');
#4167=PRODUCT_CONTEXT('',#4164,'mechanical');
#4168=PRODUCT('D-NE8FAH-C5','D-NE8FAH-C5','NOT SPECIFIED',(#4167));
#4169=PRODUCT_DEFINITION_FORMATION_WITH_SPECIFIED_SOURCE('1','LAST_VERSION',
#4168,.MADE.);
#4173=PRODUCT_TYPE('part','',(#4168));
#1=DRAUGHTING_PRE_DEFINED_COLOUR('black');
#2=COLOUR_RGB('',0.E0,0.E0,6.6E-1);
#3=DRAUGHTING_PRE_DEFINED_COLOUR('blue');
#4=COLOUR_RGB('',0.E0,2.E-1,3.4902E-1);
#5=COLOUR_RGB('',0.E0,2.44078E-1,2.84275E-1);
#6=COLOUR_RGB('',0.E0,2.77412E-1,5.20706E-1);
#7=COLOUR_RGB('',0.E0,3.18706E-1,5.49843E-1);
#8=COLOUR_RGB('',0.E0,3.3E-1,0.E0);
#9=COLOUR_RGB('',0.E0,3.37216E-1,5.10039E-1);
#10=COLOUR_RGB('',0.E0,3.50549E-1,2.96627E-1);
#11=COLOUR_RGB('',0.E0,4.05176E-1,3.01843E-1);
#12=COLOUR_RGB('',0.E0,4.31255E-1,2.30784E-1);
#13=COLOUR_RGB('',0.E0,4.5E-1,0.E0);
#14=COLOUR_RGB('',0.E0,4.52549E-1,6.86314E-1);
#15=COLOUR_RGB('',0.E0,4.5098E-1,9.01961E-1);
#16=COLOUR_RGB('',0.E0,4.54863E-1,4.69098E-1);
#17=COLOUR_RGB('',0.E0,4.95725E-1,3.0698E-1);
#18=COLOUR_RGB('',0.E0,5.07647E-1,3.21647E-1);
#19=COLOUR_RGB('',0.E0,5.38706E-1,5.4902E-1);
#20=COLOUR_RGB('',0.E0,6.E-1,0.E0);
#21=COLOUR_RGB('',0.E0,8.E-1,0.E0);
#22=DRAUGHTING_PRE_DEFINED_COLOUR('green');
#23=COLOUR_RGB('',1.7333E-2,2.72824E-1,3.83725E-1);
#24=COLOUR_RGB('',1.9608E-2,1.5686E-2,1.1765E-2);
#25=COLOUR_RGB('',6.7E-2,6.7E-2,6.7E-2);
#26=COLOUR_RGB('',7.0588E-2,7.4902E-2,7.7922E-2);
#27=COLOUR_RGB('',7.8941E-2,1.92431E-1,3.29059E-1);
#28=COLOUR_RGB('',8.4588E-2,1.95529E-1,4.73451E-1);
#29=COLOUR_RGB('',9.0196E-2,3.68627E-1,1.33333E-1);
#30=COLOUR_RGB('',1.01E-1,1.98E-1,9.52E-1);
#31=COLOUR_RGB('',1.06E-1,8.16E-1,2.08E-1);
#32=COLOUR_RGB('',1.08392E-1,1.27412E-1,1.65922E-1);
#33=COLOUR_RGB('',1.2549E-1,1.17647E-1,5.29412E-1);
#34=COLOUR_RGB('',1.35216E-1,1.5502E-1,3.35882E-1);
#35=COLOUR_RGB('',1.42314E-1,2.02E-1,1.53412E-1);
#36=COLOUR_RGB('',1.4902E-1,1.17647E-1,2.3529E-2);
#37=COLOUR_RGB('',1.48824E-1,1.47804E-1,1.53765E-1);
#38=COLOUR_RGB('',1.77412E-1,2.9051E-1,4.29725E-1);
#39=COLOUR_RGB('',1.80471E-1,2.15922E-1,1.46039E-1);
#40=COLOUR_RGB('',1.88235E-1,2.70588E-1,2.78431E-1);
#41=COLOUR_RGB('',1.89333E-1,3.29961E-1,2.63294E-1);
#42=COLOUR_RGB('',1.92353E-1,1.84667E-1,1.25647E-1);
#43=COLOUR_RGB('',2.E-1,4.E-1,1.E0);
#44=COLOUR_RGB('',2.E-1,4.70588E-1,1.E0);
#45=COLOUR_RGB('',2.E-1,8.E-1,1.E0);
#46=COLOUR_RGB('',2.12627E-1,2.39098E-1,2.53843E-1);
#47=COLOUR_RGB('',2.19608E-1,2.31961E-1,1.96275E-1);
#48=COLOUR_RGB('',2.43137E-1,2.5098E-1,7.01961E-1);
#49=COLOUR_RGB('',2.44667E-1,5.22118E-1,4.88706E-1);
#50=COLOUR_RGB('',2.5E-1,2.5E-1,2.5E-1);
#51=COLOUR_RGB('',2.53294E-1,4.33137E-1,1.97216E-1);
#52=COLOUR_RGB('',2.58824E-1,2.07843E-1,0.E0);
#53=COLOUR_RGB('',2.66549E-1,2.5098E-1,1.84941E-1);
#54=COLOUR_RGB('',2.71686E-1,3.97686E-1,5.45098E-1);
#55=COLOUR_RGB('',2.78431E-1,2.78431E-1,2.78431E-1);
#56=COLOUR_RGB('',2.83608E-1,2.13137E-1,1.48118E-1);
#57=COLOUR_RGB('',2.86275E-1,3.60784E-1,3.68627E-1);
#58=COLOUR_RGB('',2.94118E-1,6.70588E-1,3.76471E-1);
#59=COLOUR_RGB('',3.05216E-1,3.16039E-1,3.41255E-1);
#60=COLOUR_RGB('',3.07804E-1,5.22118E-1,2.54314E-1);
#61=COLOUR_RGB('',3.10235E-1,2.32431E-1,1.74667E-1);
#62=COLOUR_RGB('',3.14E-1,7.4E-2,0.E0);
#63=COLOUR_RGB('',3.15765E-1,3.46078E-1,3.58706E-1);
#64=COLOUR_RGB('',3.31725E-1,3.12627E-1,2.57725E-1);
#65=COLOUR_RGB('',3.40667E-1,3.54275E-1,3.3298E-1);
#66=COLOUR_RGB('',3.40353E-1,3.64118E-1,3.6949E-1);
#67=COLOUR_RGB('',3.45373E-1,3.59882E-1,3.17294E-1);
#68=COLOUR_RGB('',3.44118E-1,4.44078E-1,2.29529E-1);
#69=COLOUR_RGB('',3.48431E-1,2.21412E-1,1.53294E-1);
#70=COLOUR_RGB('',3.4902E-1,2.90196E-1,1.76471E-1);
#71=COLOUR_RGB('',3.72549E-1,6.19608E-1,0.E0);
#72=COLOUR_RGB('',3.90157E-1,1.98157E-1,1.75059E-1);
#73=COLOUR_RGB('',4.E-1,1.45098E-1,0.E0);
#74=COLOUR_RGB('',4.E-1,2.39216E-1,1.80392E-1);
#75=COLOUR_RGB('',4.06824E-1,4.97843E-1,3.45569E-1);
#76=COLOUR_RGB('',4.09137E-1,2.56353E-1,1.44314E-1);
#77=COLOUR_RGB('',4.11765E-1,4.39216E-1,8.58824E-1);
#78=COLOUR_RGB('',4.14196E-1,7.0549E-2,1.17059E-1);
#79=COLOUR_RGB('',4.19608E-1,6.03922E-1,9.29412E-1);
#80=COLOUR_RGB('',4.24627E-1,4.12549E-1,3.82353E-1);
#81=COLOUR_RGB('',4.39216E-1,3.52941E-1,0.E0);
#82=COLOUR_RGB('',4.46941E-1,6.67294E-1,6.59843E-1);
#83=COLOUR_RGB('',4.47059E-1,8.E-1,5.21569E-1);
#84=COLOUR_RGB('',4.5098E-1,0.E0,1.80392E-1);
#85=COLOUR_RGB('',4.5098E-1,3.04118E-1,1.61725E-1);
#86=COLOUR_RGB('',4.5098E-1,3.13725E-1,1.33333E-1);
#87=COLOUR_RGB('',4.5098E-1,5.2549E-1,2.23529E-1);
#88=COLOUR_RGB('',4.53529E-1,7.23216E-1,7.08275E-1);
#89=COLOUR_RGB('',4.60353E-1,2.84078E-1,2.13569E-1);
#90=COLOUR_RGB('',4.60902E-1,3.84745E-1,2.48706E-1);
#91=COLOUR_RGB('',4.63E-1,4.43E-1,4.94E-1);
#92=COLOUR_RGB('',4.63255E-1,4.60235E-1,3.42471E-1);
#93=COLOUR_RGB('',4.74314E-1,4.97098E-1,4.47569E-1);
#94=COLOUR_RGB('',4.7902E-1,4.86275E-1,4.78431E-1);
#95=COLOUR_RGB('',4.94078E-1,3.05686E-1,1.58824E-1);
#96=COLOUR_RGB('',5.E-1,5.E-1,5.E-1);
#97=COLOUR_RGB('',5.01961E-1,4.5098E-1,3.64706E-1);
#98=COLOUR_RGB('',5.01961E-1,4.86275E-1,0.E0);
#99=COLOUR_RGB('',5.21569E-1,1.92157E-1,0.E0);
#100=COLOUR_RGB('',5.21569E-1,1.96078E-1,2.54902E-1);
#101=COLOUR_RGB('',5.22E-1,4.94E-1,4.86E-1);
#102=COLOUR_RGB('',5.26941E-1,6.E-3,9.0157E-2);
#103=COLOUR_RGB('',5.2549E-1,7.01961E-1,1.41176E-1);
#104=COLOUR_RGB('',5.41176E-1,5.92157E-1,6.E-1);
#105=COLOUR_RGB('',5.49216E-1,2.83765E-1,1.96157E-1);
#106=COLOUR_RGB('',5.60784E-1,2.23529E-1,0.E0);
#107=COLOUR_RGB('',5.63255E-1,5.31216E-1,4.25529E-1);
#108=COLOUR_RGB('',5.72824E-1,5.57216E-1,5.50824E-1);
#109=COLOUR_RGB('',5.87412E-1,6.13922E-1,6.30196E-1);
#110=COLOUR_RGB('',6.E-1,4.5098E-1,3.29412E-1);
#111=COLOUR_RGB('',6.E-1,7.88235E-1,1.E0);
#112=COLOUR_RGB('',6.08E-1,2.3E-2,7.73E-1);
#113=COLOUR_RGB('',6.12196E-1,5.12549E-1,5.60275E-1);
#114=COLOUR_RGB('',6.11765E-1,9.01961E-1,6.82353E-1);
#115=COLOUR_RGB('',6.18078E-1,8.3569E-2,9.702E-2);
#116=COLOUR_RGB('',6.22784E-1,8.6902E-2,1.11686E-1);
#117=COLOUR_RGB('',6.26863E-1,5.67098E-1,3.83843E-1);
#118=COLOUR_RGB('',6.27451E-1,6.39216E-1,5.84314E-1);
#119=COLOUR_RGB('',6.34902E-1,5.16471E-1,6.5882E-2);
#120=COLOUR_RGB('',6.35294E-1,7.01961E-1,6.07843E-1);
#121=COLOUR_RGB('',6.39216E-1,8.5098E-1,5.09804E-1);
#122=COLOUR_RGB('',6.41804E-1,5.64235E-1,4.6702E-1);
#123=COLOUR_RGB('',6.43137E-1,6.5098E-1,9.29412E-1);
#124=COLOUR_RGB('',6.47E-1,6.47E-1,6.47E-1);
#125=COLOUR_RGB('',6.5098E-1,3.13725E-1,0.E0);
#126=COLOUR_RGB('',6.58824E-1,3.45098E-1,4.07843E-1);
#127=COLOUR_RGB('',6.6098E-1,1.19333E-1,1.22745E-1);
#128=COLOUR_RGB('',6.62157E-1,1.76549E-1,2.17843E-1);
#129=COLOUR_RGB('',6.62706E-1,2.11255E-1,1.61529E-1);
#130=COLOUR_RGB('',6.74353E-1,6.83882E-1,6.51216E-1);
#131=COLOUR_RGB('',6.78431E-1,6.27451E-1,5.37255E-1);
#132=COLOUR_RGB('',6.78431E-1,6.5098E-1,5.29412E-1);
#133=COLOUR_RGB('',6.91529E-1,7.2863E-2,2.29725E-1);
#134=COLOUR_RGB('',7.01961E-1,5.05882E-1,0.E0);
#135=COLOUR_RGB('',7.16235E-1,5.66588E-1,2.87882E-1);
#136=COLOUR_RGB('',7.21569E-1,2.39216E-1,0.E0);
#137=COLOUR_RGB('',7.29412E-1,9.60784E-1,7.76471E-1);
#138=COLOUR_RGB('',7.45569E-1,6.7569E-2,6.4196E-2);
#139=COLOUR_RGB('',7.4902E-1,6.58824E-1,4.86275E-1);
#140=COLOUR_RGB('',7.5298E-1,2.08588E-1,4.52706E-1);
#141=COLOUR_RGB('',7.57E-1,0.E0,0.E0);
#142=COLOUR_RGB('',7.55451E-1,7.71804E-1,7.51882E-1);
#143=COLOUR_RGB('',7.56863E-1,8.39216E-1,8.15686E-1);
#144=COLOUR_RGB('',7.71569E-1,5.76667E-1,0.E0);
#145=COLOUR_RGB('',7.72549E-1,9.01961E-1,5.76471E-1);
#146=COLOUR_RGB('',7.76471E-1,8.E-1,7.21569E-1);
#147=COLOUR_RGB('',7.84196E-1,7.30824E-1,5.01137E-1);
#148=COLOUR_RGB('',7.84314E-1,8.11765E-1,8.03922E-1);
#149=COLOUR_RGB('',8.E-1,4.E-1,0.E0);
#150=COLOUR_RGB('',8.E-1,7.76471E-1,6.78431E-1);
#151=COLOUR_RGB('',8.E-1,8.E-1,8.E-1);
#152=COLOUR_RGB('',8.E-1,1.E0,1.E0);
#153=COLOUR_RGB('',8.10745E-1,2.19804E-1,2.91608E-1);
#154=COLOUR_RGB('',8.11059E-1,3.00588E-1,3.54706E-1);
#155=COLOUR_RGB('',8.09333E-1,6.93176E-1,5.04314E-1);
#156=COLOUR_RGB('',8.11765E-1,0.E0,3.56863E-1);
#157=COLOUR_RGB('',8.20471E-1,3.50627E-1,1.0102E-1);
#158=COLOUR_RGB('',8.19608E-1,7.96078E-1,0.E0);
#159=COLOUR_RGB('',8.21725E-1,6.78549E-1,4.18745E-1);
#160=COLOUR_RGB('',8.25216E-1,4.02941E-1,3.2098E-1);
#161=COLOUR_RGB('',8.44078E-1,8.3898E-1,7.9102E-1);
#162=COLOUR_RGB('',8.49961E-1,3.82078E-1,2.84275E-1);
#163=COLOUR_RGB('',8.70588E-1,0.E0,2.94118E-1);
#164=COLOUR_RGB('',8.72353E-1,6.05098E-1,6.41882E-1);
#165=COLOUR_RGB('',8.77216E-1,6.55176E-1,0.E0);
#166=COLOUR_RGB('',8.784E-1,9.49E-1,1.E0);
#167=COLOUR_RGB('',8.83922E-1,3.15843E-1,8.078E-3);
#168=COLOUR_RGB('',8.90196E-1,6.66667E-1,7.56863E-1);
#169=COLOUR_RGB('',8.93373E-1,5.99922E-1,0.E0);
#170=COLOUR_RGB('',8.9302E-1,6.44588E-1,0.E0);
#171=COLOUR_RGB('',9.02941E-1,5.68392E-1,0.E0);
#172=COLOUR_RGB('',9.01961E-1,8.27451E-1,5.84314E-1);
#173=COLOUR_RGB('',9.12471E-1,4.4651E-1,7.298E-2);
#174=COLOUR_RGB('',9.37E-1,8.51E-1,9.4E-2);
#175=COLOUR_RGB('',9.41176E-1,6.78431E-1,0.E0);
#176=COLOUR_RGB('',9.41176E-1,9.01961E-1,7.52941E-1);
#177=COLOUR_RGB('',9.53294E-1,7.37412E-1,0.E0);
#178=COLOUR_RGB('',9.62706E-1,6.75922E-1,0.E0);
#179=COLOUR_RGB('',9.68627E-1,7.96078E-1,6.98039E-1);
#180=COLOUR_RGB('',9.73804E-1,7.51608E-1,0.E0);
#181=DRAUGHTING_PRE_DEFINED_COLOUR('red');
#182=COLOUR_RGB('',1.E0,0.E0,2.E-1);
#183=COLOUR_RGB('',1.E0,0.E0,3.21569E-1);
#184=COLOUR_RGB('',1.E0,0.E0,4.E-1);
#185=COLOUR_RGB('',1.E0,0.E0,6.E-1);
#186=COLOUR_RGB('',1.E0,0.E0,8.E-1);
#187=COLOUR_RGB('',1.E0,2.E-1,0.E0);
#188=COLOUR_RGB('',1.E0,3.21569E-1,0.E0);
#189=COLOUR_RGB('',1.E0,4.E-1,0.E0);
#190=COLOUR_RGB('',1.E0,4.11765E-1,3.9216E-2);
#191=COLOUR_RGB('',1.E0,4.57E-1,0.E0);
#192=COLOUR_RGB('',1.E0,5.41176E-1,2.70588E-1);
#193=COLOUR_RGB('',1.E0,6.E-1,0.E0);
#194=COLOUR_RGB('',1.E0,6.36196E-1,0.E0);
#195=COLOUR_RGB('',1.E0,6.90196E-1,5.60784E-1);
#196=COLOUR_RGB('',1.E0,7.01961E-1,0.E0);
#197=COLOUR_RGB('',1.E0,7.15E-1,4.11E-1);
#198=COLOUR_RGB('',1.E0,8.E-1,0.E0);
#199=COLOUR_RGB('',1.E0,8.E-1,4.E-1);
#200=COLOUR_RGB('',1.E0,8.31373E-1,2.E-1);
#201=COLOUR_RGB('',1.E0,8.31373E-1,3.80392E-1);
#202=COLOUR_RGB('',1.E0,8.39216E-1,2.31373E-1);
#203=COLOUR_RGB('',1.E0,8.90196E-1,3.4902E-1);
#204=COLOUR_RGB('',1.E0,9.09804E-1,4.19608E-1);
#205=COLOUR_RGB('',1.E0,9.41176E-1,5.098E-2);
#206=COLOUR_RGB('',1.E0,9.43529E-1,8.27843E-1);
#207=COLOUR_RGB('',1.E0,9.88235E-1,5.098E-2);
#208=DRAUGHTING_PRE_DEFINED_COLOUR('yellow');
#209=COLOUR_RGB('',1.E0,1.E0,2.E-1);
#210=COLOUR_RGB('',1.E0,1.E0,2.11765E-1);
#211=COLOUR_RGB('',1.E0,1.E0,4.E-1);
#212=COLOUR_RGB('',1.E0,1.E0,4.90196E-1);
#213=COLOUR_RGB('',1.E0,1.E0,6.E-1);
#214=COLOUR_RGB('',1.E0,1.E0,8.E-1);
#215=DRAUGHTING_PRE_DEFINED_COLOUR('white');
#220=CIRCLE('',#219,1.2E1);
#237=CIRCLE('',#236,1.2E1);
#246=CIRCLE('',#245,1.2E1);
#268=B_SPLINE_CURVE_WITH_KNOTS('',3,(#255,#256,#257,#258,#259,#260,#261,#262,
#263,#264,#265,#266,#267),.UNSPECIFIED.,.F.,.F.,(4,1,1,1,1,1,1,1,1,1,4),(0.E0,
1.E-1,2.E-1,3.E-1,4.E-1,5.E-1,6.E-1,7.E-1,8.E-1,9.E-1,1.E0),.UNSPECIFIED.);
#282=B_SPLINE_CURVE_WITH_KNOTS('',3,(#269,#270,#271,#272,#273,#274,#275,#276,
#277,#278,#279,#280,#281),.UNSPECIFIED.,.F.,.F.,(4,1,1,1,1,1,1,1,1,1,4),(0.E0,
1.E-1,2.E-1,3.E-1,4.E-1,5.E-1,6.E-1,7.E-1,8.E-1,9.E-1,1.E0),.UNSPECIFIED.);
#307=CIRCLE('',#306,1.2E1);
#320=CIRCLE('',#319,1.2E1);
#325=CIRCLE('',#324,1.2E1);
#350=CIRCLE('',#349,7.75E-1);
#355=CIRCLE('',#354,7.75E-1);
#360=CIRCLE('',#359,7.75E-1);
#365=CIRCLE('',#364,7.75E-1);
#370=CIRCLE('',#369,4.E-1);
#375=CIRCLE('',#374,4.E-1);
#380=CIRCLE('',#379,4.E-1);
#385=CIRCLE('',#384,4.E-1);
#390=CIRCLE('',#389,4.E-1);
#395=CIRCLE('',#394,4.E-1);
#400=CIRCLE('',#399,4.E-1);
#405=CIRCLE('',#404,4.E-1);
#410=CIRCLE('',#409,4.E-1);
#415=CIRCLE('',#414,4.E-1);
#420=CIRCLE('',#419,4.E-1);
#425=CIRCLE('',#424,4.E-1);
#430=CIRCLE('',#429,4.E-1);
#435=CIRCLE('',#434,4.E-1);
#440=CIRCLE('',#439,4.E-1);
#445=CIRCLE('',#444,4.E-1);
#462=CIRCLE('',#461,1.E0);
#479=CIRCLE('',#478,1.E0);
#496=CIRCLE('',#495,1.E0);
#505=CIRCLE('',#504,1.E0);
#518=CIRCLE('',#517,1.E0);
#523=CIRCLE('',#522,2.7E0);
#532=CIRCLE('',#531,1.2E0);
#537=CIRCLE('',#536,1.2E0);
#542=CIRCLE('',#541,1.2E0);
#547=CIRCLE('',#546,1.2E0);
#556=CIRCLE('',#555,1.E0);
#561=CIRCLE('',#560,2.6E0);
#570=CIRCLE('',#569,1.E0);
#579=CIRCLE('',#578,1.E0);
#588=CIRCLE('',#587,1.E0);
#597=CIRCLE('',#596,1.E0);
#606=CIRCLE('',#605,1.1E1);
#619=CIRCLE('',#618,1.1E1);
#624=CIRCLE('',#623,1.1E1);
#629=CIRCLE('',#628,1.1E1);
#634=CIRCLE('',#633,1.1E1);
#639=CIRCLE('',#638,1.1E1);
#648=CIRCLE('',#647,1.021992163986E1);
#657=CIRCLE('',#656,1.09E1);
#670=CIRCLE('',#669,9.75E0);
#675=CIRCLE('',#674,9.75E0);
#680=CIRCLE('',#679,9.75E0);
#685=CIRCLE('',#684,9.75E0);
#738=CIRCLE('',#737,7.5E-1);
#743=CIRCLE('',#742,7.95E0);
#748=CIRCLE('',#747,7.5E-1);
#753=CIRCLE('',#752,7.95E0);
#854=CIRCLE('',#853,7.45E0);
#859=CIRCLE('',#858,4.999990609975E-1);
#864=CIRCLE('',#863,2.5E-1);
#869=CIRCLE('',#868,4.999990609975E-1);
#874=CIRCLE('',#873,7.45E0);
#879=CIRCLE('',#878,4.999990609975E-1);
#884=CIRCLE('',#883,2.5E-1);
#889=CIRCLE('',#888,4.999990609975E-1);
#894=CIRCLE('',#893,5.E-1);
#899=CIRCLE('',#898,5.E-1);
#904=CIRCLE('',#903,5.E-1);
#909=CIRCLE('',#908,5.E-1);
#914=CIRCLE('',#913,5.E-1);
#919=CIRCLE('',#918,5.E-1);
#928=CIRCLE('',#927,7.95E0);
#937=CIRCLE('',#936,7.5E-1);
#946=CIRCLE('',#945,7.95E0);
#955=CIRCLE('',#954,7.5E-1);
#960=CIRCLE('',#959,5.E-1);
#965=CIRCLE('',#964,5.E-1);
#973=B_SPLINE_CURVE_WITH_KNOTS('',3,(#966,#967,#968,#969,#970,#971,#972),
.UNSPECIFIED.,.F.,.F.,(4,1,1,1,4),(0.E0,2.5E-1,5.E-1,7.5E-1,1.E0),
.UNSPECIFIED.);
#992=B_SPLINE_CURVE_WITH_KNOTS('',3,(#986,#987,#988,#989,#990,#991),
.UNSPECIFIED.,.F.,.F.,(4,1,1,4),(0.E0,3.333333333333E-1,6.666666666667E-1,1.E0),
.UNSPECIFIED.);
#999=B_SPLINE_CURVE_WITH_KNOTS('',3,(#993,#994,#995,#996,#997,#998),
.UNSPECIFIED.,.F.,.F.,(4,1,1,4),(0.E0,3.333333333333E-1,6.666666666667E-1,1.E0),
.UNSPECIFIED.);
#1007=B_SPLINE_CURVE_WITH_KNOTS('',3,(#1000,#1001,#1002,#1003,#1004,#1005,
#1006),.UNSPECIFIED.,.F.,.F.,(4,1,1,1,4),(0.E0,2.5E-1,5.E-1,7.5E-1,1.E0),
.UNSPECIFIED.);
#1018=B_SPLINE_CURVE_WITH_KNOTS('',3,(#1012,#1013,#1014,#1015,#1016,#1017),
.UNSPECIFIED.,.F.,.F.,(4,1,1,4),(0.E0,3.333333333333E-1,6.666666666667E-1,1.E0),
.UNSPECIFIED.);
#1023=CIRCLE('',#1022,2.E-1);
#1030=B_SPLINE_CURVE_WITH_KNOTS('',3,(#1024,#1025,#1026,#1027,#1028,#1029),
.UNSPECIFIED.,.F.,.F.,(4,1,1,4),(0.E0,3.333333333333E-1,6.666666666667E-1,1.E0),
.UNSPECIFIED.);
#1035=CIRCLE('',#1034,1.111992163986E1);
#1040=CIRCLE('',#1039,7.E-1);
#1045=CIRCLE('',#1044,1.799999178927E0);
#1054=CIRCLE('',#1053,1.799998669993E0);
#1059=CIRCLE('',#1058,9.800000737143E0);
#1064=CIRCLE('',#1063,1.799998669993E0);
#1073=CIRCLE('',#1072,1.799999178927E0);
#1078=CIRCLE('',#1077,7.E-1);
#1083=CIRCLE('',#1082,2.E-1);
#1092=CIRCLE('',#1091,5.E-1);
#1101=CIRCLE('',#1100,5.E-1);
#1106=CIRCLE('',#1105,2.E0);
#1115=CIRCLE('',#1114,2.E0);
#1120=CIRCLE('',#1119,1.E1);
#1125=CIRCLE('',#1124,2.E0);
#1134=CIRCLE('',#1133,2.E0);
#1139=CIRCLE('',#1138,5.E-1);
#1148=CIRCLE('',#1147,1.09E1);
#1161=CIRCLE('',#1160,5.E-1);
#1166=CIRCLE('',#1165,2.E0);
#1175=CIRCLE('',#1174,2.E-1);
#1180=CIRCLE('',#1179,2.E-1);
#1185=CIRCLE('',#1184,2.E-1);
#1190=CIRCLE('',#1189,2.E-1);
#1195=CIRCLE('',#1194,2.E-1);
#1200=CIRCLE('',#1199,2.E-1);
#1205=CIRCLE('',#1204,2.E-1);
#1210=CIRCLE('',#1209,2.E0);
#1227=CIRCLE('',#1226,2.E0);
#1236=CIRCLE('',#1235,1.E1);
#1245=CIRCLE('',#1244,2.E0);
#1262=CIRCLE('',#1261,2.E-1);
#1267=CIRCLE('',#1266,1.021992163986E1);
#1300=CIRCLE('',#1299,1.E0);
#1309=CIRCLE('',#1308,2.7E0);
#1326=CIRCLE('',#1325,1.E0);
#1343=CIRCLE('',#1342,1.E0);
#1360=CIRCLE('',#1359,1.E0);
#1377=CIRCLE('',#1376,1.E0);
#1394=CIRCLE('',#1393,2.6E0);
#1403=CIRCLE('',#1402,1.E0);
#1412=CIRCLE('',#1411,1.2E0);
#1421=CIRCLE('',#1420,1.2E0);
#1430=CIRCLE('',#1429,1.2E0);
#1439=CIRCLE('',#1438,1.2E0);
#1456=CIRCLE('',#1455,7.75E-1);
#1461=CIRCLE('',#1460,7.75E-1);
#1466=CIRCLE('',#1465,7.75E-1);
#1471=CIRCLE('',#1470,7.75E-1);
#1492=CIRCLE('',#1491,5.E-1);
#1497=CIRCLE('',#1496,5.E-1);
#1502=CIRCLE('',#1501,4.E-1);
#1507=CIRCLE('',#1506,4.E-1);
#1512=CIRCLE('',#1511,4.E-1);
#1517=CIRCLE('',#1516,4.E-1);
#1522=CIRCLE('',#1521,4.E-1);
#1527=CIRCLE('',#1526,4.E-1);
#1532=CIRCLE('',#1531,4.E-1);
#1537=CIRCLE('',#1536,4.E-1);
#1542=CIRCLE('',#1541,4.E-1);
#1547=CIRCLE('',#1546,4.E-1);
#1552=CIRCLE('',#1551,4.E-1);
#1557=CIRCLE('',#1556,4.E-1);
#1562=CIRCLE('',#1561,4.E-1);
#1567=CIRCLE('',#1566,4.E-1);
#1572=CIRCLE('',#1571,4.E-1);
#1577=CIRCLE('',#1576,4.E-1);
#1582=CIRCLE('',#1581,5.E-1);
#1595=CIRCLE('',#1594,5.E-1);
#2066=EDGE_CURVE('',#1973,#1974,#220,.T.);
#2068=EDGE_CURVE('',#1984,#1973,#224,.T.);
#2070=EDGE_CURVE('',#1986,#1984,#228,.T.);
#2072=EDGE_CURVE('',#1986,#1982,#232,.T.);
#2074=EDGE_CURVE('',#1981,#1982,#237,.T.);
#2076=EDGE_CURVE('',#1978,#1981,#241,.T.);
#2078=EDGE_CURVE('',#1977,#1978,#246,.T.);
#2080=EDGE_CURVE('',#1974,#1977,#250,.T.);
#2084=ADVANCED_FACE('',(#2083),#2065,.T.);
#2091=EDGE_CURVE('',#2004,#1974,#290,.T.);
#2093=EDGE_CURVE('',#2004,#2042,#320,.T.);
#2095=EDGE_CURVE('',#1973,#2042,#449,.T.);
#2099=EDGE_CURVE('',#2059,#2060,#268,.T.);
#2101=EDGE_CURVE('',#2060,#2059,#282,.T.);
#2105=ADVANCED_FACE('',(#2098,#2104),#2089,.T.);
#2112=EDGE_CURVE('',#2030,#1978,#1283,.T.);
#2114=EDGE_CURVE('',#2030,#2007,#325,.T.);
#2116=EDGE_CURVE('',#2007,#1977,#294,.T.);
#2120=ADVANCED_FACE('',(#2119),#2110,.T.);
#2127=EDGE_CURVE('',#1982,#2040,#254,.T.);
#2129=EDGE_CURVE('',#2040,#2033,#307,.T.);
#2131=EDGE_CURVE('',#2033,#1981,#1287,.T.);
#2135=ADVANCED_FACE('',(#2134),#2125,.T.);
#2141=EDGE_CURVE('',#2002,#2004,#286,.T.);
#2146=EDGE_CURVE('',#2007,#2008,#298,.T.);
#2148=EDGE_CURVE('',#1945,#2008,#1407,.T.);
#2150=EDGE_CURVE('',#1842,#1945,#551,.T.);
#2152=EDGE_CURVE('',#1942,#1842,#509,.T.);
#2154=EDGE_CURVE('',#1942,#2002,#302,.T.);
#2158=ADVANCED_FACE('',(#2157),#2140,.F.);
#2164=EDGE_CURVE('',#1989,#1990,#329,.T.);
#2166=EDGE_CURVE('',#2038,#1989,#1317,.T.);
#2168=EDGE_CURVE('',#2038,#2036,#1309,.T.);
#2170=EDGE_CURVE('',#2034,#2036,#1300,.T.);
#2172=EDGE_CURVE('',#2033,#2034,#1291,.T.);
#2175=EDGE_CURVE('',#1990,#2040,#311,.T.);
#2179=EDGE_CURVE('',#2049,#2050,#1430,.T.);
#2181=EDGE_CURVE('',#2050,#2049,#1439,.T.);
#2185=ADVANCED_FACE('',(#2178,#2184),#2163,.T.);
#2191=EDGE_CURVE('',#1993,#1994,#341,.T.);
#2193=EDGE_CURVE('',#2042,#1993,#315,.T.);
#2197=EDGE_CURVE('',#2002,#2000,#479,.T.);
#2199=EDGE_CURVE('',#1998,#2000,#470,.T.);
#2201=EDGE_CURVE('',#1996,#1998,#462,.T.);
#2203=EDGE_CURVE('',#1994,#1996,#453,.T.);
#2207=ADVANCED_FACE('',(#2206),#2190,.T.);
#2215=EDGE_CURVE('',#2028,#2030,#1279,.T.);
#2217=EDGE_CURVE('',#2028,#2026,#1326,.T.);
#2219=EDGE_CURVE('',#2024,#2026,#1334,.T.);
#2221=EDGE_CURVE('',#2022,#2024,#1343,.T.);
#2223=EDGE_CURVE('',#2020,#2022,#1351,.T.);
#2225=EDGE_CURVE('',#2020,#2018,#1360,.T.);
#2227=EDGE_CURVE('',#2016,#2018,#1368,.T.);
#2229=EDGE_CURVE('',#2016,#2014,#1377,.T.);
#2231=EDGE_CURVE('',#2012,#2014,#1385,.T.);
#2233=EDGE_CURVE('',#2012,#2010,#1394,.T.);
#2235=EDGE_CURVE('',#2008,#2010,#1403,.T.);
#2239=EDGE_CURVE('',#2045,#2046,#1412,.T.);
#2241=EDGE_CURVE('',#2046,#2045,#1421,.T.);
#2245=ADVANCED_FACE('',(#2238,#2244),#2212,.T.);
#2252=EDGE_CURVE('',#1986,#1990,#333,.T.);
#2255=EDGE_CURVE('',#1984,#1993,#337,.T.);
#2258=EDGE_CURVE('',#1679,#1994,#457,.T.);
#2260=EDGE_CURVE('',#1678,#1679,#487,.T.);
#2262=EDGE_CURVE('',#1678,#1989,#345,.T.);
#2266=EDGE_CURVE('',#1861,#1862,#350,.T.);
#2268=EDGE_CURVE('',#1862,#1861,#355,.T.);
#2272=EDGE_CURVE('',#1865,#1866,#360,.T.);
#2274=EDGE_CURVE('',#1866,#1865,#365,.T.);
#2278=EDGE_CURVE('',#1905,#1906,#370,.T.);
#2280=EDGE_CURVE('',#1906,#1905,#375,.T.);
#2284=EDGE_CURVE('',#1909,#1910,#380,.T.);
#2286=EDGE_CURVE('',#1910,#1909,#385,.T.);
#2290=EDGE_CURVE('',#1913,#1914,#390,.T.);
#2292=EDGE_CURVE('',#1914,#1913,#395,.T.);
#2296=EDGE_CURVE('',#1917,#1918,#400,.T.);
#2298=EDGE_CURVE('',#1918,#1917,#405,.T.);
#2302=EDGE_CURVE('',#1921,#1922,#410,.T.);
#2304=EDGE_CURVE('',#1922,#1921,#415,.T.);
#2308=EDGE_CURVE('',#1925,#1926,#420,.T.);
#2310=EDGE_CURVE('',#1926,#1925,#425,.T.);
#2314=EDGE_CURVE('',#1929,#1930,#430,.T.);
#2316=EDGE_CURVE('',#1930,#1929,#435,.T.);
#2320=EDGE_CURVE('',#1933,#1934,#440,.T.);
#2322=EDGE_CURVE('',#1934,#1933,#445,.T.);
#2326=ADVANCED_FACE('',(#2265,#2271,#2277,#2283,#2289,#2295,#2301,#2307,#2313,
#2319,#2325),#2250,.F.);
#2338=ADVANCED_FACE('',(#2337),#2331,.F.);
#2350=ADVANCED_FACE('',(#2349),#2343,.F.);
#2357=EDGE_CURVE('',#1936,#1996,#466,.T.);
#2359=EDGE_CURVE('',#1679,#1936,#491,.T.);
#2364=ADVANCED_FACE('',(#2363),#2355,.F.);
#2371=EDGE_CURVE('',#1938,#1998,#474,.T.);
#2373=EDGE_CURVE('',#1936,#1938,#496,.T.);
#2378=ADVANCED_FACE('',(#2377),#2369,.F.);
#2385=EDGE_CURVE('',#1940,#2000,#483,.T.);
#2387=EDGE_CURVE('',#1938,#1940,#500,.T.);
#2392=ADVANCED_FACE('',(#2391),#2383,.F.);
#2400=EDGE_CURVE('',#1942,#1940,#505,.T.);
#2405=ADVANCED_FACE('',(#2404),#2397,.T.);
#2417=EDGE_CURVE('',#1842,#1670,#619,.T.);
#2419=EDGE_CURVE('',#1840,#1670,#629,.T.);
#2421=EDGE_CURVE('',#1840,#1967,#513,.T.);
#2423=EDGE_CURVE('',#1967,#1968,#518,.T.);
#2425=EDGE_CURVE('',#1970,#1968,#523,.T.);
#2427=EDGE_CURVE('',#1970,#1678,#527,.T.);
#2431=EDGE_CURVE('',#1686,#1687,#542,.T.);
#2433=EDGE_CURVE('',#1687,#1686,#547,.T.);
#2437=ADVANCED_FACE('',(#2430,#2436),#2410,.F.);
#2443=EDGE_CURVE('',#1662,#1840,#624,.T.);
#2445=EDGE_CURVE('',#1662,#1842,#606,.T.);
#2448=EDGE_CURVE('',#1945,#1946,#556,.T.);
#2450=EDGE_CURVE('',#1948,#1946,#561,.T.);
#2452=EDGE_CURVE('',#1948,#1950,#565,.T.);
#2454=EDGE_CURVE('',#1952,#1950,#570,.T.);
#2456=EDGE_CURVE('',#1952,#1954,#574,.T.);
#2458=EDGE_CURVE('',#1956,#1954,#579,.T.);
#2460=EDGE_CURVE('',#1956,#1958,#583,.T.);
#2462=EDGE_CURVE('',#1958,#1960,#588,.T.);
#2464=EDGE_CURVE('',#1960,#1962,#592,.T.);
#2466=EDGE_CURVE('',#1964,#1962,#597,.T.);
#2468=EDGE_CURVE('',#1964,#1840,#601,.T.);
#2472=EDGE_CURVE('',#1682,#1683,#532,.T.);
#2474=EDGE_CURVE('',#1683,#1682,#537,.T.);
#2478=ADVANCED_FACE('',(#2471,#2477),#2442,.F.);
#2485=EDGE_CURVE('',#1662,#1663,#610,.T.);
#2487=EDGE_CURVE('',#1663,#1671,#639,.T.);
#2489=EDGE_CURVE('',#1670,#1671,#614,.T.);
#2494=ADVANCED_FACE('',(#2493),#2483,.T.);
#2503=EDGE_CURVE('',#1663,#1671,#634,.T.);
#2508=ADVANCED_FACE('',(#2507),#2499,.T.);
#2518=EDGE_CURVE('',#1666,#1674,#670,.T.);
#2520=EDGE_CURVE('',#1666,#1674,#675,.T.);
#2524=EDGE_CURVE('',#1845,#1846,#643,.T.);
#2526=EDGE_CURVE('',#1848,#1846,#648,.T.);
#2528=EDGE_CURVE('',#1848,#1850,#652,.T.);
#2530=EDGE_CURVE('',#1850,#1845,#657,.T.);
#2534=ADVANCED_FACE('',(#2517,#2523,#2533),#2513,.F.);
#2540=EDGE_CURVE('',#1666,#1667,#661,.T.);
#2542=EDGE_CURVE('',#1667,#1675,#680,.T.);
#2544=EDGE_CURVE('',#1674,#1675,#665,.T.);
#2549=ADVANCED_FACE('',(#2548),#2539,.F.);
#2558=EDGE_CURVE('',#1667,#1675,#685,.T.);
#2562=ADVANCED_FACE('',(#2561),#2554,.F.);
#2572=EDGE_CURVE('',#1738,#1739,#738,.T.);
#2574=EDGE_CURVE('',#1739,#1741,#743,.T.);
#2576=EDGE_CURVE('',#1741,#1743,#748,.T.);
#2578=EDGE_CURVE('',#1743,#1738,#753,.T.);
#2582=ADVANCED_FACE('',(#2571,#2581),#2567,.F.);
#2588=EDGE_CURVE('',#1714,#1715,#689,.T.);
#2590=EDGE_CURVE('',#1715,#1717,#693,.T.);
#2592=EDGE_CURVE('',#1717,#1719,#697,.T.);
#2594=EDGE_CURVE('',#1719,#1721,#701,.T.);
#2596=EDGE_CURVE('',#1721,#1723,#705,.T.);
#2598=EDGE_CURVE('',#1723,#1725,#709,.T.);
#2600=EDGE_CURVE('',#1725,#1727,#713,.T.);
#2602=EDGE_CURVE('',#1727,#1729,#717,.T.);
#2604=EDGE_CURVE('',#1729,#1731,#721,.T.);
#2606=EDGE_CURVE('',#1731,#1733,#725,.T.);
#2608=EDGE_CURVE('',#1733,#1735,#729,.T.);
#2610=EDGE_CURVE('',#1735,#1714,#733,.T.);
#2614=ADVANCED_FACE('',(#2613),#2587,.F.);
#2621=EDGE_CURVE('',#1714,#1690,#757,.T.);
#2623=EDGE_CURVE('',#1690,#1691,#805,.T.);
#2625=EDGE_CURVE('',#1715,#1691,#801,.T.);
#2629=ADVANCED_FACE('',(#2628),#2619,.T.);
#2636=EDGE_CURVE('',#1735,#1711,#761,.T.);
#2638=EDGE_CURVE('',#1711,#1690,#809,.T.);
#2643=ADVANCED_FACE('',(#2642),#2634,.T.);
#2650=EDGE_CURVE('',#1733,#1709,#765,.T.);
#2652=EDGE_CURVE('',#1709,#1711,#813,.T.);
#2657=ADVANCED_FACE('',(#2656),#2648,.T.);
#2664=EDGE_CURVE('',#1731,#1707,#769,.T.);
#2666=EDGE_CURVE('',#1707,#1709,#817,.T.);
#2671=ADVANCED_FACE('',(#2670),#2662,.T.);
#2678=EDGE_CURVE('',#1729,#1705,#773,.T.);
#2680=EDGE_CURVE('',#1705,#1707,#821,.T.);
#2685=ADVANCED_FACE('',(#2684),#2676,.T.);
#2692=EDGE_CURVE('',#1727,#1703,#777,.T.);
#2694=EDGE_CURVE('',#1703,#1705,#825,.T.);
#2699=ADVANCED_FACE('',(#2698),#2690,.T.);
#2706=EDGE_CURVE('',#1725,#1701,#781,.T.);
#2708=EDGE_CURVE('',#1701,#1703,#829,.T.);
#2713=ADVANCED_FACE('',(#2712),#2704,.T.);
#2720=EDGE_CURVE('',#1723,#1699,#785,.T.);
#2722=EDGE_CURVE('',#1699,#1701,#833,.T.);
#2727=ADVANCED_FACE('',(#2726),#2718,.T.);
#2734=EDGE_CURVE('',#1721,#1697,#789,.T.);
#2736=EDGE_CURVE('',#1697,#1699,#837,.T.);
#2741=ADVANCED_FACE('',(#2740),#2732,.T.);
#2748=EDGE_CURVE('',#1719,#1695,#793,.T.);
#2750=EDGE_CURVE('',#1695,#1697,#841,.T.);
#2755=ADVANCED_FACE('',(#2754),#2746,.T.);
#2762=EDGE_CURVE('',#1717,#1693,#797,.T.);
#2764=EDGE_CURVE('',#1693,#1695,#845,.T.);
#2769=ADVANCED_FACE('',(#2768),#2760,.T.);
#2777=EDGE_CURVE('',#1691,#1693,#849,.T.);
#2782=ADVANCED_FACE('',(#2781),#2774,.T.);
#2788=EDGE_CURVE('',#1836,#1838,#854,.T.);
#2790=EDGE_CURVE('',#1826,#1836,#859,.T.);
#2792=EDGE_CURVE('',#1824,#1826,#864,.T.);
#2794=EDGE_CURVE('',#1828,#1824,#869,.T.);
#2796=EDGE_CURVE('',#1830,#1828,#874,.T.);
#2798=EDGE_CURVE('',#1834,#1830,#879,.T.);
#2800=EDGE_CURVE('',#1832,#1834,#884,.T.);
#2802=EDGE_CURVE('',#1838,#1832,#889,.T.);
#2820=ADVANCED_FACE('',(#2805,#2819),#2787,.F.);
#2826=EDGE_CURVE('',#1836,#1818,#894,.T.);
#2829=EDGE_CURVE('',#1838,#1820,#899,.T.);
#2831=EDGE_CURVE('',#1818,#1820,#946,.T.);
#2835=ADVANCED_FACE('',(#2834),#2825,.T.);
#2853=EDGE_CURVE('',#1826,#1818,#909,.T.);
#2859=ADVANCED_FACE('',(#2858),#2852,.T.);
#2889=EDGE_CURVE('',#1824,#1816,#904,.T.);
#2893=EDGE_CURVE('',#1816,#1818,#937,.T.);
#2897=ADVANCED_FACE('',(#2896),#2888,.T.);
#2916=EDGE_CURVE('',#1828,#1816,#914,.T.);
#2921=ADVANCED_FACE('',(#2920),#2914,.T.);
#2928=EDGE_CURVE('',#1822,#1816,#928,.T.);
#2930=EDGE_CURVE('',#1830,#1822,#919,.T.);
#2935=ADVANCED_FACE('',(#2934),#2926,.T.);
#2941=EDGE_CURVE('',#1738,#1816,#932,.T.);
#2944=EDGE_CURVE('',#1743,#1822,#923,.T.);
#2949=ADVANCED_FACE('',(#2948),#2940,.T.);
#2957=EDGE_CURVE('',#1739,#1818,#941,.T.);
#2962=ADVANCED_FACE('',(#2961),#2954,.T.);
#2970=EDGE_CURVE('',#1741,#1820,#950,.T.);
#2975=ADVANCED_FACE('',(#2974),#2967,.T.);
#2982=EDGE_CURVE('',#1820,#1822,#955,.T.);
#2988=ADVANCED_FACE('',(#2987),#2980,.T.);
#3018=EDGE_CURVE('',#1832,#1820,#960,.T.);
#3021=EDGE_CURVE('',#1834,#1822,#965,.T.);
#3026=ADVANCED_FACE('',(#3025),#3017,.T.);
#3049=ADVANCED_FACE('',(#3048),#3043,.T.);
#3072=ADVANCED_FACE('',(#3071),#3066,.T.);
#3078=EDGE_CURVE('',#1771,#1772,#973,.T.);
#3080=EDGE_CURVE('',#1846,#1771,#1275,.T.);
#3083=EDGE_CURVE('',#1845,#1767,#977,.T.);
#3085=EDGE_CURVE('',#1763,#1767,#1143,.T.);
#3087=EDGE_CURVE('',#1763,#1780,#981,.T.);
#3089=EDGE_CURVE('',#1780,#1772,#985,.T.);
#3093=ADVANCED_FACE('',(#3092),#3077,.T.);
#3099=EDGE_CURVE('',#1768,#1769,#1007,.T.);
#3101=EDGE_CURVE('',#1771,#1769,#1267,.T.);
#3104=EDGE_CURVE('',#1814,#1772,#992,.T.);
#3106=EDGE_CURVE('',#1775,#1814,#999,.T.);
#3108=EDGE_CURVE('',#1775,#1776,#1035,.T.);
#3110=EDGE_CURVE('',#1813,#1776,#1030,.T.);
#3112=EDGE_CURVE('',#1768,#1813,#1018,.T.);
#3116=ADVANCED_FACE('',(#3115),#3098,.T.);
#3123=EDGE_CURVE('',#1768,#1778,#1011,.T.);
#3125=EDGE_CURVE('',#1746,#1778,#1156,.T.);
#3127=EDGE_CURVE('',#1766,#1746,#1096,.T.);
#3129=EDGE_CURVE('',#1850,#1766,#1152,.T.);
#3132=EDGE_CURVE('',#1769,#1848,#1271,.T.);
#3136=ADVANCED_FACE('',(#3135),#3121,.T.);
#3144=EDGE_CURVE('',#1813,#1778,#1023,.T.);
#3148=ADVANCED_FACE('',(#3147),#3141,.T.);
#3154=EDGE_CURVE('',#1776,#1810,#1078,.T.);
#3156=EDGE_CURVE('',#1810,#1812,#1175,.T.);
#3158=EDGE_CURVE('',#1778,#1812,#1161,.T.);
#3164=ADVANCED_FACE('',(#3163),#3153,.T.);
#3171=EDGE_CURVE('',#1784,#1775,#1040,.T.);
#3173=EDGE_CURVE('',#1786,#1784,#1045,.T.);
#3175=EDGE_CURVE('',#1790,#1786,#1049,.T.);
#3177=EDGE_CURVE('',#1794,#1790,#1054,.T.);
#3179=EDGE_CURVE('',#1798,#1794,#1059,.T.);
#3181=EDGE_CURVE('',#1802,#1798,#1064,.T.);
#3183=EDGE_CURVE('',#1806,#1802,#1068,.T.);
#3185=EDGE_CURVE('',#1810,#1806,#1073,.T.);
#3190=ADVANCED_FACE('',(#3189),#3169,.T.);
#3196=EDGE_CURVE('',#1782,#1780,#1092,.T.);
#3198=EDGE_CURVE('',#1784,#1782,#1083,.T.);
#3202=EDGE_CURVE('',#1814,#1780,#1262,.T.);
#3206=ADVANCED_FACE('',(#3205),#3195,.T.);
#3213=EDGE_CURVE('',#1761,#1763,#1139,.T.);
#3215=EDGE_CURVE('',#1761,#1782,#1087,.T.);
#3220=ADVANCED_FACE('',(#3219),#3211,.F.);
#3226=EDGE_CURVE('',#1766,#1767,#1148,.T.);
#3229=EDGE_CURVE('',#1746,#1747,#1101,.T.);
#3231=EDGE_CURVE('',#1747,#1749,#1106,.T.);
#3233=EDGE_CURVE('',#1749,#1751,#1110,.T.);
#3235=EDGE_CURVE('',#1751,#1753,#1115,.T.);
#3237=EDGE_CURVE('',#1753,#1755,#1120,.T.);
#3239=EDGE_CURVE('',#1755,#1757,#1125,.T.);
#3241=EDGE_CURVE('',#1757,#1759,#1129,.T.);
#3243=EDGE_CURVE('',#1759,#1761,#1134,.T.);
#3249=ADVANCED_FACE('',(#3248),#3225,.F.);
#3261=ADVANCED_FACE('',(#3260),#3254,.T.);
#3269=EDGE_CURVE('',#1747,#1812,#1170,.T.);
#3274=ADVANCED_FACE('',(#3273),#3266,.F.);
#3280=EDGE_CURVE('',#1812,#1808,#1166,.T.);
#3282=EDGE_CURVE('',#1749,#1808,#1257,.T.);
#3288=ADVANCED_FACE('',(#3287),#3279,.T.);
#3295=EDGE_CURVE('',#1806,#1808,#1180,.T.);
#3301=ADVANCED_FACE('',(#3300),#3293,.T.);
#3308=EDGE_CURVE('',#1802,#1804,#1185,.T.);
#3310=EDGE_CURVE('',#1808,#1804,#1253,.T.);
#3315=ADVANCED_FACE('',(#3314),#3306,.T.);
#3322=EDGE_CURVE('',#1798,#1800,#1190,.T.);
#3324=EDGE_CURVE('',#1804,#1800,#1245,.T.);
#3329=ADVANCED_FACE('',(#3328),#3320,.T.);
#3336=EDGE_CURVE('',#1794,#1796,#1195,.T.);
#3338=EDGE_CURVE('',#1800,#1796,#1236,.T.);
#3343=ADVANCED_FACE('',(#3342),#3334,.T.);
#3350=EDGE_CURVE('',#1790,#1792,#1200,.T.);
#3352=EDGE_CURVE('',#1796,#1792,#1227,.T.);
#3357=ADVANCED_FACE('',(#3356),#3348,.T.);
#3364=EDGE_CURVE('',#1786,#1788,#1205,.T.);
#3366=EDGE_CURVE('',#1792,#1788,#1218,.T.);
#3371=ADVANCED_FACE('',(#3370),#3362,.T.);
#3379=EDGE_CURVE('',#1788,#1782,#1210,.T.);
#3384=ADVANCED_FACE('',(#3383),#3376,.T.);
#3393=EDGE_CURVE('',#1759,#1788,#1214,.T.);
#3397=ADVANCED_FACE('',(#3396),#3389,.T.);
#3406=EDGE_CURVE('',#1757,#1792,#1222,.T.);
#3410=ADVANCED_FACE('',(#3409),#3402,.T.);
#3419=EDGE_CURVE('',#1755,#1796,#1231,.T.);
#3423=ADVANCED_FACE('',(#3422),#3415,.T.);
#3432=EDGE_CURVE('',#1753,#1800,#1240,.T.);
#3436=ADVANCED_FACE('',(#3435),#3428,.T.);
#3445=EDGE_CURVE('',#1751,#1804,#1249,.T.);
#3449=ADVANCED_FACE('',(#3448),#3441,.T.);
#3461=ADVANCED_FACE('',(#3460),#3454,.T.);
#3472=ADVANCED_FACE('',(#3471),#3466,.T.);
#3484=ADVANCED_FACE('',(#3483),#3477,.F.);
#3495=EDGE_CURVE('',#1967,#2034,#1304,.T.);
#3499=EDGE_CURVE('',#1964,#2028,#1295,.T.);
#3503=ADVANCED_FACE('',(#3502),#3489,.F.);
#3510=EDGE_CURVE('',#1968,#2036,#1313,.T.);
#3516=ADVANCED_FACE('',(#3515),#3508,.F.);
#3523=EDGE_CURVE('',#1970,#2038,#1321,.T.);
#3529=ADVANCED_FACE('',(#3528),#3521,.T.);
#3541=ADVANCED_FACE('',(#3540),#3534,.F.);
#3550=EDGE_CURVE('',#1962,#2026,#1330,.T.);
#3554=ADVANCED_FACE('',(#3553),#3546,.T.);
#3563=EDGE_CURVE('',#1960,#2024,#1338,.T.);
#3567=ADVANCED_FACE('',(#3566),#3559,.F.);
#3576=EDGE_CURVE('',#1958,#2022,#1347,.T.);
#3580=ADVANCED_FACE('',(#3579),#3572,.F.);
#3589=EDGE_CURVE('',#1956,#2020,#1355,.T.);
#3593=ADVANCED_FACE('',(#3592),#3585,.F.);
#3602=EDGE_CURVE('',#1954,#2018,#1364,.T.);
#3606=ADVANCED_FACE('',(#3605),#3598,.T.);
#3615=EDGE_CURVE('',#1952,#2016,#1372,.T.);
#3619=ADVANCED_FACE('',(#3618),#3611,.F.);
#3628=EDGE_CURVE('',#1950,#2014,#1381,.T.);
#3632=ADVANCED_FACE('',(#3631),#3624,.T.);
#3641=EDGE_CURVE('',#1948,#2012,#1389,.T.);
#3645=ADVANCED_FACE('',(#3644),#3637,.F.);
#3654=EDGE_CURVE('',#1946,#2010,#1398,.T.);
#3658=ADVANCED_FACE('',(#3657),#3650,.T.);
#3670=ADVANCED_FACE('',(#3669),#3663,.F.);
#3677=EDGE_CURVE('',#1683,#2046,#1425,.T.);
#3680=EDGE_CURVE('',#1682,#2045,#1416,.T.);
#3684=ADVANCED_FACE('',(#3683),#3675,.F.);
#3696=ADVANCED_FACE('',(#3695),#3689,.F.);
#3703=EDGE_CURVE('',#1687,#2050,#1443,.T.);
#3706=EDGE_CURVE('',#1686,#2049,#1434,.T.);
#3710=ADVANCED_FACE('',(#3709),#3701,.F.);
#3722=ADVANCED_FACE('',(#3721),#3715,.F.);
#3729=EDGE_CURVE('',#1862,#1854,#1451,.T.);
#3731=EDGE_CURVE('',#1853,#1854,#1456,.T.);
#3733=EDGE_CURVE('',#1861,#1853,#1447,.T.);
#3737=ADVANCED_FACE('',(#3736),#3727,.T.);
#3745=EDGE_CURVE('',#1854,#1853,#1461,.T.);
#3750=ADVANCED_FACE('',(#3749),#3742,.T.);
#3760=ADVANCED_FACE('',(#3759),#3755,.F.);
#3766=EDGE_CURVE('',#1857,#1858,#1466,.T.);
#3768=EDGE_CURVE('',#1858,#1857,#1471,.T.);
#3772=ADVANCED_FACE('',(#3771),#3765,.F.);
#3779=EDGE_CURVE('',#1866,#1858,#1479,.T.);
#3782=EDGE_CURVE('',#1865,#1857,#1475,.T.);
#3786=ADVANCED_FACE('',(#3785),#3777,.T.);
#3798=ADVANCED_FACE('',(#3797),#3791,.T.);
#3805=EDGE_CURVE('',#1906,#1874,#1487,.T.);
#3807=EDGE_CURVE('',#1873,#1874,#1502,.T.);
#3809=EDGE_CURVE('',#1905,#1873,#1483,.T.);
#3813=ADVANCED_FACE('',(#3812),#3803,.T.);
#3821=EDGE_CURVE('',#1874,#1873,#1507,.T.);
#3826=ADVANCED_FACE('',(#3825),#3818,.T.);
#3832=EDGE_CURVE('',#1869,#1870,#1492,.T.);
#3834=EDGE_CURVE('',#1870,#1869,#1497,.T.);
#3838=ADVANCED_FACE('',(#3837),#3831,.F.);
#3848=ADVANCED_FACE('',(#3847),#3843,.F.);
#3854=EDGE_CURVE('',#1877,#1878,#1512,.T.);
#3856=EDGE_CURVE('',#1878,#1877,#1517,.T.);
#3860=ADVANCED_FACE('',(#3859),#3853,.F.);
#3866=EDGE_CURVE('',#1881,#1882,#1522,.T.);
#3868=EDGE_CURVE('',#1882,#1881,#1527,.T.);
#3872=ADVANCED_FACE('',(#3871),#3865,.F.);
#3878=EDGE_CURVE('',#1885,#1886,#1532,.T.);
#3880=EDGE_CURVE('',#1886,#1885,#1537,.T.);
#3884=ADVANCED_FACE('',(#3883),#3877,.F.);
#3890=EDGE_CURVE('',#1889,#1890,#1542,.T.);
#3892=EDGE_CURVE('',#1890,#1889,#1547,.T.);
#3896=ADVANCED_FACE('',(#3895),#3889,.F.);
#3902=EDGE_CURVE('',#1893,#1894,#1552,.T.);
#3904=EDGE_CURVE('',#1894,#1893,#1557,.T.);
#3908=ADVANCED_FACE('',(#3907),#3901,.F.);
#3914=EDGE_CURVE('',#1897,#1898,#1562,.T.);
#3916=EDGE_CURVE('',#1898,#1897,#1567,.T.);
#3920=ADVANCED_FACE('',(#3919),#3913,.F.);
#3926=EDGE_CURVE('',#1901,#1902,#1572,.T.);
#3928=EDGE_CURVE('',#1902,#1901,#1577,.T.);
#3932=ADVANCED_FACE('',(#3931),#3925,.F.);
#3938=EDGE_CURVE('',#2057,#2058,#1582,.T.);
#3940=EDGE_CURVE('',#2058,#2060,#1586,.T.);
#3943=EDGE_CURVE('',#2054,#2059,#1599,.T.);
#3945=EDGE_CURVE('',#2053,#2054,#1595,.T.);
#3947=EDGE_CURVE('',#2053,#1870,#1603,.T.);
#3950=EDGE_CURVE('',#2057,#1869,#1590,.T.);
#3954=ADVANCED_FACE('',(#3953),#3937,.T.);
#3970=ADVANCED_FACE('',(#3969),#3959,.T.);
#3977=EDGE_CURVE('',#1910,#1878,#1611,.T.);
#3980=EDGE_CURVE('',#1909,#1877,#1607,.T.);
#3984=ADVANCED_FACE('',(#3983),#3975,.T.);
#3996=ADVANCED_FACE('',(#3995),#3989,.T.);
#4003=EDGE_CURVE('',#1914,#1882,#1619,.T.);
#4006=EDGE_CURVE('',#1913,#1881,#1615,.T.);
#4010=ADVANCED_FACE('',(#4009),#4001,.T.);
#4022=ADVANCED_FACE('',(#4021),#4015,.T.);
#4029=EDGE_CURVE('',#1918,#1886,#1627,.T.);
#4032=EDGE_CURVE('',#1917,#1885,#1623,.T.);
#4036=ADVANCED_FACE('',(#4035),#4027,.T.);
#4048=ADVANCED_FACE('',(#4047),#4041,.T.);
#4055=EDGE_CURVE('',#1922,#1890,#1635,.T.);
#4058=EDGE_CURVE('',#1921,#1889,#1631,.T.);
#4062=ADVANCED_FACE('',(#4061),#4053,.T.);
#4074=ADVANCED_FACE('',(#4073),#4067,.T.);
#4081=EDGE_CURVE('',#1926,#1894,#1643,.T.);
#4084=EDGE_CURVE('',#1925,#1893,#1639,.T.);
#4088=ADVANCED_FACE('',(#4087),#4079,.T.);
#4100=ADVANCED_FACE('',(#4099),#4093,.T.);
#4107=EDGE_CURVE('',#1930,#1898,#1651,.T.);
#4110=EDGE_CURVE('',#1929,#1897,#1647,.T.);
#4114=ADVANCED_FACE('',(#4113),#4105,.T.);
#4126=ADVANCED_FACE('',(#4125),#4119,.T.);
#4133=EDGE_CURVE('',#1934,#1902,#1659,.T.);
#4136=EDGE_CURVE('',#1933,#1901,#1655,.T.);
#4140=ADVANCED_FACE('',(#4139),#4131,.T.);
#4152=ADVANCED_FACE('',(#4151),#4145,.T.);
#4155=(LENGTH_UNIT()NAMED_UNIT(*)SI_UNIT(.MILLI.,.METRE.));
#4157=(NAMED_UNIT(*)PLANE_ANGLE_UNIT()SI_UNIT($,.RADIAN.));
#4160=(NAMED_UNIT(*)SI_UNIT($,.STERADIAN.)SOLID_ANGLE_UNIT());
#4162=(GEOMETRIC_REPRESENTATION_CONTEXT(3)GLOBAL_UNCERTAINTY_ASSIGNED_CONTEXT((
#4161))GLOBAL_UNIT_ASSIGNED_CONTEXT((#4155,#4159,#4160))REPRESENTATION_CONTEXT(
'ID1','3'));
#4163=ADVANCED_BREP_SHAPE_REPRESENTATION('',(#4154),#4162);
#4170=PRODUCT_DEFINITION('part definition','',#4169,#4166);
#4171=PRODUCT_DEFINITION_SHAPE('','SHAPE FOR D-NE8FAH-C5.',#4170);
#4172=SHAPE_DEFINITION_REPRESENTATION(#4171,#4163);
ENDSEC;
END-ISO-10303-21;
