999
DXF file: st-ne8fdv.dxf
999
Pro/ENGINEER 2009220 by Parametric Technology Corporation
  0
SECTION
  2
HEADER
  9
$ACADVER
  1
AC1021
  9
$DWGCODEPAGE
  3
ANSI_1252
  9
$EXTMAX
 10
420.0
 20
297.0
 30
0.0
  9
$EXTMIN
 10
0.0
 20
0.0
 30
0.0
  9
$LIMMIN
 10
0.0
 20
0.0
  9
$LIMMAX
 10
420.0
 20
297.0
  9
$VIEWCTR
 10
210.0
 20
148.5
  9
$VIEWSIZE
 40
297.0
  9
$CLAYER
  8
0
  9
$LTSCALE
 40
23.1
  9
$CELTYPE
  6
BYLAYER
  9
$DIMSCALE
 40
1.0
  9
$DIMASZ
 40
3.5
  9
$DIMEXO
 40
2.625
  9
$DIMDLI
 40
15.96
  9
$DIMEXE
 40
7.56
  9
$DIMCEN
 40
3.78
  9
$DIMLFAC
 40
1.0
  9
$DIMBLK
  1
_FILLED
  9
$DIMTXT
 40
3.5
  9
$DIMTOL
 70
1
  9
$DIMLIM
 70
0
  9
$DIMTFAC
 40
1.0
  9
$DIMTP
 40
0.005
  9
$DIMTM
 40
0.005
  9
$PDMODE
 70
3
  9
$PDSIZE
 40
0.3125
  9
$HANDSEED
  5
129C
  9
$TILEMODE
 70
1
  9
$MEASUREMENT
 70
1
  9
$INSUNITS
 70
4
  0
ENDSEC
  0
SECTION
  2
CLASSES
  0
CLASS
  1
ACDBDICTIONARYWDFLT
  2
AcDbDictionaryWithDefault
  3
AutoCAD 2000
 90
0
 91
1
280
0
281
0
  0
CLASS
  1
ACDBPLACEHOLDER
  2
AcDbPlaceHolder
  3
AutoCAD 2000
 90
0
 91
1
280
0
281
0
  0
CLASS
  1
LAYOUT
  2
AcDbLayout
  3
AutoCAD 2000
 90
0
 91
0
280
0
281
0
  0
CLASS
  1
TABLESTYLE
  2
AcDbTableStyle
  3
ObjectDBX Classes
 90
2047
 91
1
280
0
281
0
  0
CLASS
  1
ACAD_TABLE
  2
AcDbTable
  3
ObjectDBX Classes
 90
1025
 91
1
280
0
281
1
  0
ENDSEC
  0
SECTION
  2
TABLES
  0
TABLE
  2
VPORT
  5
8
100
AcDbSymbolTable
 70
2
  0
VPORT
  5
1F4
100
AcDbSymbolTableRecord
100
AcDbViewportTableRecord
  2
*ACTIVE
 70
0
 10
0.0
 20
0.0
 11
1.0
 21
1.0
 12
210.0
 22
148.5
 13
0.0
 23
0.0
 14
1.0
 24
1.0
 15
0.0
 25
0.0
 16
0.0
 26
0.0
 36
1.0
 17
0.0
 27
0.0
 37
0.0
 40
297.0
 41
1.4141414141
 42
50.0
 43
0.0
 44
0.0
 50
0.0
 51
0.0
 71
0
 72
100
 73
1
 74
1
 75
0
 76
0
 77
0
 78
0
  0
ENDTAB
  0
TABLE
  2
LTYPE
  5
5
100
AcDbSymbolTable
 70
6
  0
LTYPE
  5
14
100
AcDbSymbolTableRecord
100
AcDbLinetypeTableRecord
  2
BYBLOCK
 70
0
  3

 72
65
 73
0
 40
0.0
  0
LTYPE
  5
15
100
AcDbSymbolTableRecord
100
AcDbLinetypeTableRecord
  2
BYLAYER
 70
0
  3

 72
65
 73
0
 40
0.0
  0
LTYPE
  5
16
100
AcDbSymbolTableRecord
100
AcDbLinetypeTableRecord
  2
CONTINUOUS
 70
64
  3
Solid line
 72
65
 73
0
 40
0.0
  0
LTYPE
  5
1F5
100
AcDbSymbolTableRecord
100
AcDbLinetypeTableRecord
  2
CENTER
 70
64
  3
____ _ ____ _ ____ _ ____ _ ____ _ ____ _ ____
 72
65
 73
4
 40
0.6
 49
0.375
 74
0
 49
-0.075
 74
0
 49
0.075
 74
0
 49
-0.075
 74
0
  0
LTYPE
  5
1F6
100
AcDbSymbolTableRecord
100
AcDbLinetypeTableRecord
  2
HIDDEN
 70
64
  3
- - - - - - - - - - - - - - - - - - - -
 72
65
 73
2
 40
0.2
 49
0.1
 74
0
 49
-0.1
 74
0
  0
LTYPE
  5
1F7
100
AcDbSymbolTableRecord
100
AcDbLinetypeTableRecord
  2
PHANTOM
 70
64
  3
_____ _ _ _____ _ _ _____ _ _ _____
 72
65
 73
6
 40
0.8
 49
0.45
 74
0
 49
-0.05
 74
0
 49
0.1
 74
0
 49
-0.05
 74
0
 49
0.1
 74
0
 49
-0.05
 74
0
  0
LTYPE
  5
1F8
100
AcDbSymbolTableRecord
100
AcDbLinetypeTableRecord
  2
DOT
 70
64
  3
. . . . . . . . . . . . . . . . . . . .
 72
65
 73
2
 40
0.2
 49
0.1
 74
0
 49
-0.1
 74
0
  0
LTYPE
  5
1F9
100
AcDbSymbolTableRecord
100
AcDbLinetypeTableRecord
  2
DASHED
 70
64
  3
- - - - - - - - - - - - - - - - - - - -
 72
65
 73
2
 40
0.2
 49
0.1
 74
0
 49
-0.1
 74
0
  0
ENDTAB
  0
TABLE
  2
LAYER
  5
2
100
AcDbSymbolTable
 70
36
  0
LAYER
  5
10
100
AcDbSymbolTableRecord
100
AcDbLayerTableRecord
  2
0
 70
0
 62
7
  6
CONTINUOUS
370
-3
390
F
  0
LAYER
  5
1FA
100
AcDbSymbolTableRecord
100
AcDbLayerTableRecord
  2
DEFAULT_1
 70
0
 62
7
  6
CENTER
370
-3
390
F
  0
LAYER
  5
1FB
100
AcDbSymbolTableRecord
100
AcDbLayerTableRecord
  2
DEFAULT_2
 70
0
 62
8
  6
HIDDEN
370
-3
390
F
  0
LAYER
  5
1FC
100
AcDbSymbolTableRecord
100
AcDbLayerTableRecord
  2
DEFAULT_3
 70
0
 62
7
  6
PHANTOM
370
-3
390
F
  0
LAYER
  5
1FD
100
AcDbSymbolTableRecord
100
AcDbLayerTableRecord
  2
01___PRT_ALL_DTM_PLN
 70
0
 62
7
  6
CONTINUOUS
370
-3
390
F
  0
LAYER
  5
1FE
100
AcDbSymbolTableRecord
100
AcDbLayerTableRecord
  2
01___PRT_DEF_DTM_PLN
 70
0
 62
7
  6
CONTINUOUS
370
-3
390
F
  0
LAYER
  5
1FF
100
AcDbSymbolTableRecord
100
AcDbLayerTableRecord
  2
02___PRT_ALL_AXES
 70
0
 62
7
  6
CONTINUOUS
370
-3
390
F
  0
LAYER
  5
200
100
AcDbSymbolTableRecord
100
AcDbLayerTableRecord
  2
03___PRT_ALL_CURVES
 70
0
 62
7
  6
CONTINUOUS
370
-3
390
F
  0
LAYER
  5
201
100
AcDbSymbolTableRecord
100
AcDbLayerTableRecord
  2
04___PRT_ALL_DTM_PNT
 70
0
 62
7
  6
CONTINUOUS
370
-3
390
F
  0
LAYER
  5
202
100
AcDbSymbolTableRecord
100
AcDbLayerTableRecord
  2
05___PRT_ALL_DTM_CSYS
 70
0
 62
7
  6
CONTINUOUS
370
-3
390
F
  0
LAYER
  5
203
100
AcDbSymbolTableRecord
100
AcDbLayerTableRecord
  2
05___PRT_DEF_DTM_CSYS
 70
0
 62
7
  6
CONTINUOUS
370
-3
390
F
  0
LAYER
  5
204
100
AcDbSymbolTableRecord
100
AcDbLayerTableRecord
  2
06___PRT_ALL_SURFS
 70
0
 62
7
  6
CONTINUOUS
370
-3
390
F
  0
LAYER
  5
205
100
AcDbSymbolTableRecord
100
AcDbLayerTableRecord
  2
4171
 70
0
 62
7
  6
CONTINUOUS
370
-3
390
F
  0
LAYER
  5
206
100
AcDbSymbolTableRecord
100
AcDbLayerTableRecord
  2
4551
 70
0
 62
7
  6
CONTINUOUS
370
-3
390
F
  0
LAYER
  5
207
100
AcDbSymbolTableRecord
100
AcDbLayerTableRecord
  2
AUSFORMSCHRAEGEN
 70
0
 62
7
  6
CONTINUOUS
370
-3
390
F
  0
LAYER
  5
208
100
AcDbSymbolTableRecord
100
AcDbLayerTableRecord
  2
BEMASSUNGEN
 70
0
 62
7
  6
CONTINUOUS
370
-3
390
F
  0
LAYER
  5
209
100
AcDbSymbolTableRecord
100
AcDbLayerTableRecord
  2
BEZUGSACHSEN
 70
0
 62
7
  6
CONTINUOUS
370
-3
390
F
  0
LAYER
  5
20A
100
AcDbSymbolTableRecord
100
AcDbLayerTableRecord
  2
BEZUGSEBENEN
 70
0
 62
7
  6
CONTINUOUS
370
-3
390
F
  0
LAYER
  5
20B
100
AcDbSymbolTableRecord
100
AcDbLayerTableRecord
  2
BEZUGSPUNKTE
 70
0
 62
7
  6
CONTINUOUS
370
-3
390
F
  0
LAYER
  5
20C
100
AcDbSymbolTableRecord
100
AcDbLayerTableRecord
  2
BG_STARTBEZUEGE
 70
0
 62
7
  6
CONTINUOUS
370
-3
390
F
  0
LAYER
  5
20D
100
AcDbSymbolTableRecord
100
AcDbLayerTableRecord
  2
BOHRUNGEN
 70
0
 62
7
  6
CONTINUOUS
370
-3
390
F
  0
LAYER
  5
20E
100
AcDbSymbolTableRecord
100
AcDbLayerTableRecord
  2
BZ-EBENEN
 70
0
 62
7
  6
CONTINUOUS
370
-3
390
F
  0
LAYER
  5
20F
100
AcDbSymbolTableRecord
100
AcDbLayerTableRecord
  2
BZ-KURVEN
 70
0
 62
7
  6
CONTINUOUS
370
-3
390
F
  0
LAYER
  5
210
100
AcDbSymbolTableRecord
100
AcDbLayerTableRecord
  2
FASEN
 70
0
 62
7
  6
CONTINUOUS
370
-3
390
F
  0
LAYER
  5
211
100
AcDbSymbolTableRecord
100
AcDbLayerTableRecord
  2
FLAECHEN
 70
0
 62
7
  6
CONTINUOUS
370
-3
390
F
  0
LAYER
  5
212
100
AcDbSymbolTableRecord
100
AcDbLayerTableRecord
  2
GEWINDE
 70
0
 62
7
  6
CONTINUOUS
370
-3
390
F
  0
LAYER
  5
213
100
AcDbSymbolTableRecord
100
AcDbLayerTableRecord
  2
HILFEN
 70
0
 62
7
  6
CONTINUOUS
370
-3
390
F
  0
LAYER
  5
214
100
AcDbSymbolTableRecord
100
AcDbLayerTableRecord
  2
KANTENFASEN
 70
0
 62
7
  6
CONTINUOUS
370
-3
390
F
  0
LAYER
  5
215
100
AcDbSymbolTableRecord
100
AcDbLayerTableRecord
  2
KE-OHNE-GEOMETRIE
 70
0
 62
7
  6
CONTINUOUS
370
-3
390
F
  0
LAYER
  5
216
100
AcDbSymbolTableRecord
100
AcDbLayerTableRecord
  2
KURVEN
 70
0
 62
7
  6
CONTINUOUS
370
-3
390
F
  0
LAYER
  5
217
100
AcDbSymbolTableRecord
100
AcDbLayerTableRecord
  2
PLAZIERUNG
 70
0
 62
7
  6
CONTINUOUS
370
-3
390
F
  0
LAYER
  5
218
100
AcDbSymbolTableRecord
100
AcDbLayerTableRecord
  2
REF-BEMASSUNGEN
 70
0
 62
7
  6
CONTINUOUS
370
-3
390
F
  0
LAYER
  5
219
100
AcDbSymbolTableRecord
100
AcDbLayerTableRecord
  2
RUNDUNGEN
 70
0
 62
7
  6
CONTINUOUS
370
-3
390
F
  0
LAYER
  5
21A
100
AcDbSymbolTableRecord
100
AcDbLayerTableRecord
  2
TEIL_STARTBEZUEGE
 70
0
 62
7
  6
CONTINUOUS
370
-3
390
F
  0
LAYER
  5
21B
100
AcDbSymbolTableRecord
100
AcDbLayerTableRecord
  2
XSEC_DATUMS
 70
0
 62
7
  6
CONTINUOUS
370
-3
390
F
  0
LAYER
  5
21C
100
AcDbSymbolTableRecord
100
AcDbLayerTableRecord
  2
ZEICHNUNGSBEMASSUNGEN
 70
0
 62
7
  6
CONTINUOUS
370
-3
390
F
  0
ENDTAB
  0
TABLE
  2
STYLE
  5
3
100
AcDbSymbolTable
 70
1
  0
STYLE
  5
11
100
AcDbSymbolTableRecord
100
AcDbTextStyleTableRecord
  2
STANDARD
 70
0
 40
0.0
 41
0.7
 50
0.0
 71
0
 42
0.2
  3
txt
  4

  0
STYLE
  5
21D
100
AcDbSymbolTableRecord
100
AcDbTextStyleTableRecord
  2
TEXTSTYLE_1
 70
0
 40
0.0
 41
0.8
 50
0.0
 71
0
 42
0.2
  3
gdt
  4

  0
STYLE
  5
21E
100
AcDbSymbolTableRecord
100
AcDbTextStyleTableRecord
  2
TEXTSTYLE_2
 70
0
 40
0.0
 41
0.6162074671
 50
0.0
 71
0
 42
0.2
  3
txt
  4

  0
STYLE
  5
21F
100
AcDbSymbolTableRecord
100
AcDbTextStyleTableRecord
  2
TEXTSTYLE_3
 70
0
 40
0.0
 41
0.7
 50
0.0
 71
0
 42
0.2
  3
gdt
  4

  0
STYLE
  5
220
100
AcDbSymbolTableRecord
100
AcDbTextStyleTableRecord
  2
TEXTSTYLE_4
 70
0
 40
0.0
 41
0.6
 50
0.0
 71
0
 42
0.2
  3
txt
  4

  0
STYLE
  5
221
100
AcDbSymbolTableRecord
100
AcDbTextStyleTableRecord
  2
TEXTSTYLE_5
 70
0
 40
0.0
 41
0.8
 50
0.0
 71
0
 42
0.2
  3
txt
  4

  0
STYLE
  5
222
100
AcDbSymbolTableRecord
100
AcDbTextStyleTableRecord
  2
TEXTSTYLE_6
 70
0
 40
0.0
 41
0.7
 50
0.0
 71
0
 42
0.2
  3
txt
  4

  0
ENDTAB
  0
TABLE
  2
VIEW
  5
6
100
AcDbSymbolTable
 70
0
  0
ENDTAB
  0
TABLE
  2
UCS
  5
7
100
AcDbSymbolTable
 70
0
  0
ENDTAB
  0
TABLE
  2
APPID
  5
9
100
AcDbSymbolTable
 70
1
  0
APPID
  5
223
100
AcDbSymbolTableRecord
100
AcDbRegAppTableRecord
  2
ACAD
 70
0
  0
ENDTAB
  0
TABLE
  2
BLOCK_RECORD
  5
1
100
AcDbSymbolTable
 70
0
  0
BLOCK_RECORD
  5
224
100
AcDbSymbolTableRecord
100
AcDbBlockTableRecord
  2
*Model_Space
  0
BLOCK_RECORD
  5
225
100
AcDbSymbolTableRecord
100
AcDbBlockTableRecord
  2
*Paper_Space
  0
BLOCK_RECORD
  5
226
100
AcDbSymbolTableRecord
100
AcDbBlockTableRecord
  2
_FILLED
  0
BLOCK_RECORD
  5
227
100
AcDbSymbolTableRecord
100
AcDbBlockTableRecord
  2
*D0
  0
BLOCK_RECORD
  5
228
100
AcDbSymbolTableRecord
100
AcDbBlockTableRecord
  2
*D1
  0
BLOCK_RECORD
  5
229
100
AcDbSymbolTableRecord
100
AcDbBlockTableRecord
  2
*D2
  0
BLOCK_RECORD
  5
22A
100
AcDbSymbolTableRecord
100
AcDbBlockTableRecord
  2
*D3
  0
BLOCK_RECORD
  5
22B
100
AcDbSymbolTableRecord
100
AcDbBlockTableRecord
  2
*D4
  0
BLOCK_RECORD
  5
22C
100
AcDbSymbolTableRecord
100
AcDbBlockTableRecord
  2
*D5
  0
BLOCK_RECORD
  5
22D
100
AcDbSymbolTableRecord
100
AcDbBlockTableRecord
  2
*D6
  0
BLOCK_RECORD
  5
22E
100
AcDbSymbolTableRecord
100
AcDbBlockTableRecord
  2
*D7
  0
BLOCK_RECORD
  5
22F
100
AcDbSymbolTableRecord
100
AcDbBlockTableRecord
  2
*D8
  0
BLOCK_RECORD
  5
230
100
AcDbSymbolTableRecord
100
AcDbBlockTableRecord
  2
*D9
  0
BLOCK_RECORD
  5
231
100
AcDbSymbolTableRecord
100
AcDbBlockTableRecord
  2
*D10
  0
BLOCK_RECORD
  5
232
100
AcDbSymbolTableRecord
100
AcDbBlockTableRecord
  2
*D11
  0
BLOCK_RECORD
  5
233
100
AcDbSymbolTableRecord
100
AcDbBlockTableRecord
  2
*D12
  0
BLOCK_RECORD
  5
234
100
AcDbSymbolTableRecord
100
AcDbBlockTableRecord
  2
*D13
  0
BLOCK_RECORD
  5
235
100
AcDbSymbolTableRecord
100
AcDbBlockTableRecord
  2
*D14
  0
BLOCK_RECORD
  5
236
100
AcDbSymbolTableRecord
100
AcDbBlockTableRecord
  2
*D15
  0
BLOCK_RECORD
  5
237
100
AcDbSymbolTableRecord
100
AcDbBlockTableRecord
  2
*D16
  0
BLOCK_RECORD
  5
238
100
AcDbSymbolTableRecord
100
AcDbBlockTableRecord
  2
*D17
  0
BLOCK_RECORD
  5
239
100
AcDbSymbolTableRecord
100
AcDbBlockTableRecord
  2
*D18
  0
BLOCK_RECORD
  5
23A
100
AcDbSymbolTableRecord
100
AcDbBlockTableRecord
  2
*D19
  0
BLOCK_RECORD
  5
23B
100
AcDbSymbolTableRecord
100
AcDbBlockTableRecord
  2
*D20
  0
BLOCK_RECORD
  5
23C
100
AcDbSymbolTableRecord
100
AcDbBlockTableRecord
  2
*D21
  0
BLOCK_RECORD
  5
23D
100
AcDbSymbolTableRecord
100
AcDbBlockTableRecord
  2
*D22
  0
BLOCK_RECORD
  5
23E
100
AcDbSymbolTableRecord
100
AcDbBlockTableRecord
  2
*D23
  0
BLOCK_RECORD
  5
23F
100
AcDbSymbolTableRecord
100
AcDbBlockTableRecord
  2
*D24
  0
BLOCK_RECORD
  5
240
100
AcDbSymbolTableRecord
100
AcDbBlockTableRecord
  2
*D25
  0
BLOCK_RECORD
  5
241
100
AcDbSymbolTableRecord
100
AcDbBlockTableRecord
  2
*D26
  0
BLOCK_RECORD
  5
242
100
AcDbSymbolTableRecord
100
AcDbBlockTableRecord
  2
*D27
  0
BLOCK_RECORD
  5
243
100
AcDbSymbolTableRecord
100
AcDbBlockTableRecord
  2
*T1
  0
ENDTAB
  0
TABLE
  2
DIMSTYLE
  5
A
100
AcDbSymbolTable
 70
1
100
AcDbDimStyleTable
 71
0
  0
DIMSTYLE
105
244
100
AcDbSymbolTableRecord
100
AcDbDimStyleTableRecord
  2
STANDARD
 70
0
  3

  4

 40
1.0
 41
3.5
 42
0.0625
 43
0.38
 44
0.18
 45
0.0
 46
0.0
 47
0.005
 48
0.005
140
3.5
141
0.09
142
0.0
143
25.4
144
1.0
145
0.0
146
1.0
147
0.09
 71
1.0
 72
0.0
 73
0
 74
0
 75
0
 76
0
 77
1
 78
8
170
0
171
2
172
0
173
0
174
0
175
0
176
0
177
0
178
5
270
2
271
3
272
3
273
2
274
2
275
0
280
0
281
0
282
0
283
1
284
8
285
0
286
0
287
3
288
0
340
11
341
226
342
226
343
226
344
226
  0
DIMSTYLE
105
245
100
AcDbSymbolTableRecord
100
AcDbDimStyleTableRecord
  2
DIMSTYLE_1
 70
0
  3

  4

 40
1.0
 41
3.5
 42
0.0625
 43
0.38
 44
0.18
 45
0.0
 46
0.0
 47
0.1
 48
0.1
140
3.5
141
0.09
142
0.0
143
25.4
144
0.5
145
0.0
146
1.0
147
0.09
 71
0.0
 72
0.0
 73
0
 74
0
 75
0
 76
0
 77
1
 78
8
170
0
171
2
172
0
173
0
174
0
175
0
176
0
177
0
178
5
270
2
271
4
272
4
273
2
274
2
275
0
280
0
281
0
282
0
283
1
284
8
285
0
286
0
287
3
288
0
340
11
341
226
342
226
343
226
344
226
  0
DIMSTYLE
105
246
100
AcDbSymbolTableRecord
100
AcDbDimStyleTableRecord
  2
DIMSTYLE_2
 70
0
  3

  4

 40
1.0
 41
3.5
 42
0.0625
 43
0.38
 44
0.18
 45
0.0
 46
0.0
 47
0.2
 48
0.2
140
3.5
141
0.09
142
0.0
143
25.4
144
0.5
145
0.0
146
1.0
147
0.09
 71
0.0
 72
0.0
 73
0
 74
0
 75
0
 76
0
 77
1
 78
8
170
0
171
2
172
0
173
0
174
0
175
0
176
0
177
0
178
5
270
2
271
4
272
4
273
2
274
2
275
0
280
0
281
0
282
0
283
1
284
8
285
0
286
0
287
3
288
0
340
11
341
226
342
226
343
226
344
226
  0
DIMSTYLE
105
247
100
AcDbSymbolTableRecord
100
AcDbDimStyleTableRecord
  2
DIMSTYLE_3
 70
0
  3

  4

 40
1.0
 41
3.5
 42
0.0625
 43
0.38
 44
0.18
 45
0.0
 46
0.0
 47
0.1
 48
0.1
140
3.5
141
0.09
142
0.0
143
25.4
144
0.5
145
0.0
146
1.0
147
0.09
 71
1.0
 72
0.0
 73
0
 74
0
 75
0
 76
0
 77
1
 78
8
170
0
171
2
172
0
173
0
174
0
175
0
176
0
177
0
178
5
270
2
271
4
272
4
273
2
274
2
275
0
280
0
281
0
282
0
283
1
284
8
285
0
286
0
287
3
288
0
340
11
341
226
342
226
343
226
344
226
  0
DIMSTYLE
105
248
100
AcDbSymbolTableRecord
100
AcDbDimStyleTableRecord
  2
DIMSTYLE_4
 70
0
  3

  4

 40
1.0
 41
3.5
 42
0.0625
 43
0.38
 44
0.18
 45
0.0
 46
0.0
 47
0.1
 48
0.1000000001
140
3.5
141
0.09
142
0.0
143
25.4
144
0.5
145
0.0
146
0.6
147
0.09
 71
1.0
 72
0.0
 73
0
 74
0
 75
0
 76
0
 77
1
 78
8
170
0
171
2
172
0
173
0
174
0
175
0
176
0
177
0
178
5
270
2
271
4
272
4
273
2
274
2
275
0
280
0
281
0
282
0
283
1
284
8
285
0
286
0
287
3
288
0
340
11
341
226
342
226
343
226
344
226
  0
DIMSTYLE
105
249
100
AcDbSymbolTableRecord
100
AcDbDimStyleTableRecord
  2
DIMSTYLE_5
 70
0
  3

  4

 40
1.0
 41
3.5
 42
0.0625
 43
0.38
 44
0.18
 45
0.0
 46
0.0
 47
0.2
 48
0.2
140
3.5
141
0.09
142
0.0
143
25.4
144
1.0
145
0.0
146
1.0
147
0.09
 71
0.0
 72
0.0
 73
0
 74
0
 75
0
 76
0
 77
1
 78
8
170
0
171
2
172
0
173
0
174
0
175
0
176
0
177
0
178
5
270
2
271
4
272
4
273
2
274
2
275
0
280
0
281
0
282
0
283
1
284
8
285
0
286
0
287
3
288
0
340
11
341
226
342
226
343
226
344
226
  0
DIMSTYLE
105
24A
100
AcDbSymbolTableRecord
100
AcDbDimStyleTableRecord
  2
DIMSTYLE_6
 70
0
  3

  4

 40
1.0
 41
3.5
 42
0.0625
 43
0.38
 44
0.18
 45
0.0
 46
0.0
 47
0.1
 48
0.1
140
3.5
141
0.09
142
0.0
143
25.4
144
1.0
145
0.0
146
1.0
147
0.09
 71
0.0
 72
0.0
 73
0
 74
0
 75
0
 76
0
 77
1
 78
8
170
0
171
2
172
0
173
0
174
0
175
0
176
0
177
0
178
5
270
2
271
4
272
4
273
2
274
2
275
0
280
0
281
0
282
0
283
1
284
8
285
0
286
0
287
3
288
0
340
11
341
226
342
226
343
226
344
226
  0
DIMSTYLE
105
24B
100
AcDbSymbolTableRecord
100
AcDbDimStyleTableRecord
  2
DIMSTYLE_7
 70
0
  3

  4

 40
1.0
 41
3.5
 42
0.0625
 43
0.38
 44
0.18
 45
0.0
 46
0.0
 47
0.1
 48
0.1
140
3.5
141
0.09
142
0.0
143
25.4
144
1.0
145
0.0
146
1.0
147
0.09
 71
0.0
 72
0.0
 73
0
 74
0
 75
0
 76
0
 77
1
 78
8
170
0
171
2
172
0
173
0
174
0
175
0
176
0
177
0
178
5
270
2
271
4
272
4
273
2
274
2
275
0
280
0
281
0
282
0
283
1
284
8
285
0
286
0
287
3
288
0
340
11
341
226
342
226
343
226
344
226
  0
DIMSTYLE
105
24C
100
AcDbSymbolTableRecord
100
AcDbDimStyleTableRecord
  2
DIMSTYLE_8
 70
0
  3

  4

 40
1.0
 41
3.5
 42
0.0625
 43
0.38
 44
0.18
 45
0.0
 46
0.0
 47
0.2
 48
0.2
140
3.5
141
0.09
142
0.0
143
25.4
144
0.5
145
0.0
146
1.0
147
0.09
 71
0.0
 72
0.0
 73
0
 74
0
 75
0
 76
0
 77
1
 78
8
170
0
171
2
172
0
173
0
174
0
175
0
176
0
177
0
178
5
270
2
271
4
272
4
273
2
274
2
275
0
280
0
281
0
282
0
283
1
284
8
285
0
286
0
287
3
288
0
340
11
341
226
342
226
343
226
344
226
  0
DIMSTYLE
105
24D
100
AcDbSymbolTableRecord
100
AcDbDimStyleTableRecord
  2
DIMSTYLE_9
 70
0
  3

  4

 40
1.0
 41
3.5
 42
0.0625
 43
0.38
 44
0.18
 45
0.0
 46
0.0
 47
0.1
 48
0.1
140
3.5
141
0.09
142
0.0
143
25.4
144
1.0
145
0.0
146
1.0
147
0.09
 71
0.0
 72
0.0
 73
0
 74
0
 75
0
 76
0
 77
1
 78
8
170
0
171
2
172
0
173
0
174
0
175
0
176
0
177
0
178
5
270
2
271
4
272
4
273
2
274
2
275
0
280
0
281
0
282
0
283
1
284
8
285
0
286
0
287
3
288
0
340
11
341
226
342
226
343
226
344
226
  0
DIMSTYLE
105
24E
100
AcDbSymbolTableRecord
100
AcDbDimStyleTableRecord
  2
DIMSTYLE_10
 70
0
  3

  4

 40
1.0
 41
3.5
 42
0.0625
 43
0.38
 44
0.18
 45
0.0
 46
0.0
 47
0.2
 48
0.2
140
3.5
141
0.09
142
0.0
143
25.4
144
0.5
145
0.0
146
1.0
147
0.09
 71
0.0
 72
0.0
 73
0
 74
0
 75
0
 76
0
 77
1
 78
8
170
0
171
2
172
0
173
0
174
0
175
0
176
0
177
0
178
5
270
2
271
3
272
3
273
2
274
2
275
0
280
0
281
0
282
0
283
1
284
8
285
0
286
0
287
3
288
0
340
11
341
226
342
226
343
226
344
226
  0
DIMSTYLE
105
24F
100
AcDbSymbolTableRecord
100
AcDbDimStyleTableRecord
  2
DIMSTYLE_11
 70
0
  3

  4

 40
1.0
 41
3.5
 42
0.0625
 43
0.38
 44
0.18
 45
0.0
 46
0.0
 47
0.3
 48
0.3
140
3.5
141
0.09
142
0.0
143
25.4
144
0.5
145
0.0
146
1.0
147
0.09
 71
0.0
 72
0.0
 73
0
 74
0
 75
0
 76
0
 77
1
 78
8
170
0
171
2
172
0
173
0
174
0
175
0
176
0
177
0
178
5
270
2
271
3
272
3
273
2
274
2
275
0
280
0
281
0
282
0
283
1
284
8
285
0
286
0
287
3
288
0
340
11
341
226
342
226
343
226
344
226
  0
DIMSTYLE
105
250
100
AcDbSymbolTableRecord
100
AcDbDimStyleTableRecord
  2
DIMSTYLE_12
 70
0
  3

  4

 40
1.0
 41
3.5
 42
0.0625
 43
0.38
 44
0.18
 45
0.0
 46
0.0
 47
0.1
 48
0.1
140
3.5
141
0.09
142
0.0
143
25.4
144
0.5
145
0.0
146
1.0
147
0.09
 71
0.0
 72
0.0
 73
0
 74
0
 75
0
 76
0
 77
1
 78
8
170
0
171
2
172
0
173
0
174
0
175
0
176
0
177
0
178
5
270
2
271
3
272
3
273
2
274
2
275
0
280
0
281
0
282
0
283
1
284
8
285
0
286
0
287
3
288
0
340
11
341
226
342
226
343
226
344
226
  0
ENDTAB
  0
ENDSEC
  0
SECTION
  2
BLOCKS
  0
BLOCK
  5
20
100
AcDbEntity
  8
0
100
AcDbBlockBegin
  2
*Model_Space
 70
0
 10
0.0
 20
0.0
 30
0.0
  3
*Model_Space
  1

  0
ENDBLK
  5
21
100
AcDbEntity
  8
0
100
AcDbBlockEnd
  0
BLOCK
  5
1C
100
AcDbEntity
  8
0
100
AcDbBlockBegin
  2
*Paper_Space
 70
0
 10
0.0
 20
0.0
 30
0.0
  3
*Paper_Space
  1

  0
ENDBLK
  5
1D
100
AcDbEntity
  8
0
100
AcDbBlockEnd
  0
BLOCK
  5
251
100
AcDbEntity
  8
0
100
AcDbBlockBegin
  2
_FILLED
 70
64
 10
0.0
 20
0.0
  3
_FILLED
  1

  0
SOLID
  5
252
100
AcDbEntity
  8
0
  6
BYBLOCK
 62
0
100
AcDbTrace
 10
0.0
 20
0.0
 11
-1.0
 21
0.125
 12
-1.0
 22
-0.125
 13
-1.0
 23
-0.125
  0
ENDBLK
  5
253
100
AcDbEntity
  8
0
  6
BYBLOCK
 62
0
100
AcDbBlockEnd
  0
BLOCK
  5
254
100
AcDbEntity
  8
ZEICHNUNGSBEMASSUNGEN
100
AcDbBlockBegin
 62
2
  6
CONTINUOUS
  2
*D0
 70
65
 10
0.0
 20
0.0
  3
*D0
  1

  0
MTEXT
  5
255
100
AcDbEntity
  8
ZEICHNUNGSBEMASSUNGEN
100
AcDbMText
 62
5
  6
CONTINUOUS
  7
STANDARD
 71
1
 72
1
 10
32.4793028764
 20
30.91860713
 30
0.0
 11
0.0
 21
1.0
 31
0.0
 44
0.9
  1
\Q15.0;>=\Fgdt;{\Fgdt;n}\Ftxt;3.2 [.126]
 40
3.5
 41
31.6666666667
  0
LINE
  5
256
100
AcDbEntity
  8
ZEICHNUNGSBEMASSUNGEN
100
AcDbLine
 62
2
  6
CONTINUOUS
 10
49.1585059377
 20
27.3633750171
 11
35.3543028764
 21
27.3633750171
  0
LINE
  5
257
100
AcDbEntity
  8
ZEICHNUNGSBEMASSUNGEN
100
AcDbLine
 62
2
  6
CONTINUOUS
 10
49.1585059377
 20
20.9633750171
 11
35.3543028764
 21
20.9633750171
  0
LINE
  5
258
100
AcDbEntity
  8
ZEICHNUNGSBEMASSUNGEN
100
AcDbLine
 62
2
  6
CONTINUOUS
 10
36.8543028764
 20
27.3633750171
 11
36.8543028764
 21
62.5852737967
  0
LINE
  5
259
100
AcDbEntity
  8
ZEICHNUNGSBEMASSUNGEN
100
AcDbLine
 62
2
  6
CONTINUOUS
 10
36.8543028764
 20
62.5852737967
 11
36.8543028764
 21
24.1633750171
  0
LINE
  5
25A
100
AcDbEntity
  8
ZEICHNUNGSBEMASSUNGEN
100
AcDbLine
 62
2
  6
CONTINUOUS
 10
36.8543028764
 20
20.9633750171
 11
36.8543028764
 21
14.9633750171
  0
LINE
  5
25B
100
AcDbEntity
  8
ZEICHNUNGSBEMASSUNGEN
100
AcDbLine
 62
2
  6
CONTINUOUS
 10
36.8543028764
 20
14.9633750171
 11
36.8543028764
 21
24.1633750171
  0
INSERT
  5
25C
100
AcDbEntity
  8
ZEICHNUNGSBEMASSUNGEN
100
AcDbBlockReference
 62
2
  6
CONTINUOUS
  2
_FILLED
 10
36.8543028764
 20
27.3633750171
 41
3.5
 42
3.5
 43
3.5
 50
270.0
  0
INSERT
  5
25D
100
AcDbEntity
  8
ZEICHNUNGSBEMASSUNGEN
100
AcDbBlockReference
 62
2
  6
CONTINUOUS
  2
_FILLED
 10
36.8543028764
 20
20.9633750171
 41
3.5
 42
3.5
 43
3.5
 50
90.0
  0
ENDBLK
  5
25E
100
AcDbEntity
  8
0
  6
BYBLOCK
 62
0
100
AcDbBlockEnd
  0
BLOCK
  5
25F
100
AcDbEntity
  8
ZEICHNUNGSBEMASSUNGEN
100
AcDbBlockBegin
 62
2
  6
CONTINUOUS
  2
*D1
 70
65
 10
0.0
 20
0.0
  3
*D1
  1

  0
MTEXT
  5
260
100
AcDbEntity
  8
ZEICHNUNGSBEMASSUNGEN
100
AcDbMText
 62
5
  6
CONTINUOUS
  7
STANDARD
 71
2
 72
1
 10
68.117088212
 20
52.7886126748
 30
0.0
 11
0.9773458612
 21
-0.2116484529
 31
0.0
 44
0.9
  1
\Q15.0;>=\Fgdt;{\Fgdt;n}\Ftxt;24{\Ftxt.shx;\W1.000000;\H3.500000; }[.945]
 40
3.5
 41
31.1666666667
  0
LINE
  5
261
100
AcDbEntity
  8
ZEICHNUNGSBEMASSUNGEN
100
AcDbLine
 62
2
  6
CONTINUOUS
 10
45.2022052691
 20
53.2429378861
 11
68.6585059377
 21
48.1633750171
  0
LINE
  5
262
100
AcDbEntity
  8
ZEICHNUNGSBEMASSUNGEN
100
AcDbLine
 62
2
  6
CONTINUOUS
 10
92.1148066064
 20
43.083812148
 11
68.6585059377
 21
48.1633750171
  0
INSERT
  5
263
100
AcDbEntity
  8
ZEICHNUNGSBEMASSUNGEN
100
AcDbBlockReference
 62
2
  6
CONTINUOUS
  2
_FILLED
 10
45.2022052691
 20
53.2429378861
 41
3.5
 42
3.5
 43
3.5
 50
167.7810266936
  0
INSERT
  5
264
100
AcDbEntity
  8
ZEICHNUNGSBEMASSUNGEN
100
AcDbBlockReference
 62
2
  6
CONTINUOUS
  2
_FILLED
 10
92.1148066064
 20
43.083812148
 41
3.5
 42
3.5
 43
3.5
 50
347.7810266936
  0
ENDBLK
  5
265
100
AcDbEntity
  8
0
  6
BYBLOCK
 62
0
100
AcDbBlockEnd
  0
BLOCK
  5
266
100
AcDbEntity
  8
ZEICHNUNGSBEMASSUNGEN
100
AcDbBlockBegin
 62
2
  6
CONTINUOUS
  2
*D2
 70
65
 10
0.0
 20
0.0
  3
*D2
  1

  0
TEXT
  5
267
100
AcDbEntity
  8
ZEICHNUNGSBEMASSUNGEN
100
AcDbText
 62
5
  6
CONTINUOUS
 10
103.1943735185
 20
24.6666585484
  7
STANDARD
 40
3.5
  1
24
 50
90.0
 41
0.7857142857
 51
15.0
 72
1
 11
103.1943735185
 21
27.4166585484
100
AcDbText
  0
TEXT
  5
268
100
AcDbEntity
  8
ZEICHNUNGSBEMASSUNGEN
100
AcDbText
 62
5
  6
CONTINUOUS
 10
103.1943735185
 20
30.1666585484
  7
TEXTSTYLE_3
 40
3.5
  1
`
 50
90.0
 41
1.0
 51
15.0
 72
1
 11
103.1943735185
 21
32.2083252151
100
AcDbText
  0
TEXT
  5
269
100
AcDbEntity
  8
ZEICHNUNGSBEMASSUNGEN
100
AcDbText
 62
5
  6
CONTINUOUS
 10
103.1943735185
 20
34.2499918817
  7
STANDARD
 40
3.5
  1
0,1
 50
90.0
 41
0.6428571429
 51
15.0
 72
1
 11
103.1943735185
 21
37.6249918817
100
AcDbText
  0
TEXT
  5
26A
100
AcDbEntity
  8
ZEICHNUNGSBEMASSUNGEN
100
AcDbText
 62
5
  6
CONTINUOUS
 10
103.1943735185
 20
44.4999918817
  7
STANDARD
 40
3.5
  1
[
 50
90.0
 41
0.4285714286
 51
15.0
 72
1
 11
103.1943735185
 21
45.2499918817
100
AcDbText
  0
TEXT
  5
26B
100
AcDbEntity
  8
ZEICHNUNGSBEMASSUNGEN
100
AcDbText
 62
5
  6
CONTINUOUS
 10
103.1943735185
 20
45.9999918817
  7
STANDARD
 40
3.5
  1
.945
 50
90.0
 41
0.7142857143
 51
15.0
 72
1
 11
103.1943735185
 21
50.9999918817
100
AcDbText
  0
TEXT
  5
26C
100
AcDbEntity
  8
ZEICHNUNGSBEMASSUNGEN
100
AcDbText
 62
5
  6
CONTINUOUS
 10
103.1943735185
 20
55.9999918817
  7
TEXTSTYLE_3
 40
3.5
  1
`
 50
90.0
 41
1.0
 51
15.0
 72
1
 11
103.1943735185
 21
58.0416585484
100
AcDbText
  0
TEXT
  5
26D
100
AcDbEntity
  8
ZEICHNUNGSBEMASSUNGEN
100
AcDbText
 62
5
  6
CONTINUOUS
 10
103.1943735185
 20
60.0833252151
  7
STANDARD
 40
3.5
  1
.003
 50
90.0
 41
0.7142857143
 51
15.0
 72
1
 11
103.1943735185
 21
65.0833252151
100
AcDbText
  0
TEXT
  5
26E
100
AcDbEntity
  8
ZEICHNUNGSBEMASSUNGEN
100
AcDbText
 62
5
  6
CONTINUOUS
 10
103.1943735185
 20
70.0833252151
  7
STANDARD
 40
3.5
  1
]
 50
90.0
 41
0.4285714286
 51
15.0
 72
1
 11
103.1943735185
 21
70.8333252151
100
AcDbText
  0
TEXT
  5
26F
100
AcDbEntity
  8
ZEICHNUNGSBEMASSUNGEN
100
AcDbText
 62
5
  6
CONTINUOUS
 10
103.1943735185
 20
71.5833252151
  7
STANDARD
 40
3.5
  1
 
 50
90.0
 41
0.7857142857
 51
15.0
 72
1
 11
103.1943735185
 21
72.9583252151
100
AcDbText
  0
LINE
  5
270
100
AcDbEntity
  8
ZEICHNUNGSBEMASSUNGEN
100
AcDbLine
 62
2
  6
CONTINUOUS
 10
55.3585059377
 20
24.1633750171
 11
105.6002401764
 21
24.1633750171
  0
LINE
  5
271
100
AcDbEntity
  8
ZEICHNUNGSBEMASSUNGEN
100
AcDbLine
 62
2
  6
CONTINUOUS
 10
93.3585059377
 20
72.1633750171
 11
105.6002401764
 21
72.1633750171
  0
LINE
  5
272
100
AcDbEntity
  8
ZEICHNUNGSBEMASSUNGEN
100
AcDbLine
 62
2
  6
CONTINUOUS
 10
104.1002401764
 20
24.1633750171
 11
104.1002401764
 21
48.1633750171
  0
LINE
  5
273
100
AcDbEntity
  8
ZEICHNUNGSBEMASSUNGEN
100
AcDbLine
 62
2
  6
CONTINUOUS
 10
104.1002401764
 20
72.1633750171
 11
104.1002401764
 21
48.1633750171
  0
INSERT
  5
274
100
AcDbEntity
  8
ZEICHNUNGSBEMASSUNGEN
100
AcDbBlockReference
 62
2
  6
CONTINUOUS
  2
_FILLED
 10
104.1002401764
 20
24.1633750171
 41
3.5
 42
3.5
 43
3.5
 50
270.0
  0
INSERT
  5
275
100
AcDbEntity
  8
ZEICHNUNGSBEMASSUNGEN
100
AcDbBlockReference
 62
2
  6
CONTINUOUS
  2
_FILLED
 10
104.1002401764
 20
72.1633750171
 41
3.5
 42
3.5
 43
3.5
 50
90.0
  0
ENDBLK
  5
276
100
AcDbEntity
  8
0
  6
BYBLOCK
 62
0
100
AcDbBlockEnd
  0
BLOCK
  5
277
100
AcDbEntity
  8
ZEICHNUNGSBEMASSUNGEN
100
AcDbBlockBegin
 62
2
  6
CONTINUOUS
  2
*D3
 70
65
 10
0.0
 20
0.0
  3
*D3
  1

  0
TEXT
  5
278
100
AcDbEntity
  8
ZEICHNUNGSBEMASSUNGEN
100
AcDbText
 62
5
  6
CONTINUOUS
 10
55.593631456
 20
17.0516352123
  7
TEXTSTYLE_4
 40
2.1
  1
+0,1
 41
0.6607142857
 51
15.0
 72
1
 11
58.368631456
 21
17.0516352123
100
AcDbText
  0
TEXT
  5
279
100
AcDbEntity
  8
ZEICHNUNGSBEMASSUNGEN
100
AcDbText
 62
5
  6
CONTINUOUS
 10
77.0359628724
 20
17.0516352123
  7
TEXTSTYLE_4
 40
2.1
  1
+.003
 41
0.7142857143
 51
15.0
 72
1
 11
80.7859628724
 21
17.0516352123
100
AcDbText
  0
TEXT
  5
27A
100
AcDbEntity
  8
ZEICHNUNGSBEMASSUNGEN
100
AcDbText
 62
5
  6
CONTINUOUS
 10
50.843631456
 20
14.8775552334
  7
STANDARD
 40
3.5
  1
19
 41
0.6785714286
 51
15.0
 72
1
 11
53.218631456
 21
14.8775552334
100
AcDbText
  0
TEXT
  5
27B
100
AcDbEntity
  8
ZEICHNUNGSBEMASSUNGEN
100
AcDbText
 62
5
  6
CONTINUOUS
 10
55.593631456
 20
14.1528619072
  7
TEXTSTYLE_4
 40
2.1
  1
-0,1
 41
0.6607142857
 51
15.0
 72
1
 11
58.368631456
 21
14.1528619072
100
AcDbText
  0
TEXT
  5
27C
100
AcDbEntity
  8
ZEICHNUNGSBEMASSUNGEN
100
AcDbText
 62
5
  6
CONTINUOUS
 10
64.643631456
 20
14.1528619072
  7
STANDARD
 40
4.9987733051
  1
[
 41
0.4285714286
 51
15.0
 72
1
 11
65.7147971642
 21
14.1528619072
100
AcDbText
  0
TEXT
  5
27D
100
AcDbEntity
  8
ZEICHNUNGSBEMASSUNGEN
100
AcDbText
 62
5
  6
CONTINUOUS
 10
66.7859628724
 20
14.8775552334
  7
STANDARD
 40
3.5
  1
.748
 41
0.7321428571
 51
15.0
 72
1
 11
71.9109628724
 21
14.8775552334
100
AcDbText
  0
TEXT
  5
27E
100
AcDbEntity
  8
ZEICHNUNGSBEMASSUNGEN
100
AcDbText
 62
5
  6
CONTINUOUS
 10
77.0359628724
 20
14.1528619072
  7
TEXTSTYLE_4
 40
2.1
  1
-.003
 41
0.7142857143
 51
15.0
 72
1
 11
80.7859628724
 21
14.1528619072
100
AcDbText
  0
TEXT
  5
27F
100
AcDbEntity
  8
ZEICHNUNGSBEMASSUNGEN
100
AcDbText
 62
5
  6
CONTINUOUS
 10
84.5359628724
 20
14.1528619072
  7
STANDARD
 40
4.9987733051
  1
]
 41
0.4285714286
 51
15.0
 72
1
 11
85.6071285807
 21
14.1528619072
100
AcDbText
  0
LINE
  5
280
100
AcDbEntity
  8
ZEICHNUNGSBEMASSUNGEN
100
AcDbLine
 62
2
  6
CONTINUOUS
 10
49.6585059377
 20
18.4633750171
 11
49.6585059377
 21
11.5658219177
  0
LINE
  5
281
100
AcDbEntity
  8
ZEICHNUNGSBEMASSUNGEN
100
AcDbLine
 62
2
  6
CONTINUOUS
 10
87.6585059377
 20
66.4633750171
 11
87.6585059377
 21
45.7329546681
  0
LINE
  5
282
100
AcDbEntity
  8
ZEICHNUNGSBEMASSUNGEN
100
AcDbLine
 62
2
  6
CONTINUOUS
 10
87.6585059377
 20
41.7084732542
 11
87.6585059377
 21
11.5658219177
  0
LINE
  5
283
100
AcDbEntity
  8
ZEICHNUNGSBEMASSUNGEN
100
AcDbLine
 62
2
  6
CONTINUOUS
 10
49.6585059377
 20
13.0658219177
 11
68.6585059377
 21
13.0658219177
  0
LINE
  5
284
100
AcDbEntity
  8
ZEICHNUNGSBEMASSUNGEN
100
AcDbLine
 62
2
  6
CONTINUOUS
 10
87.6585059377
 20
13.0658219177
 11
68.6585059377
 21
13.0658219177
  0
INSERT
  5
285
100
AcDbEntity
  8
ZEICHNUNGSBEMASSUNGEN
100
AcDbBlockReference
 62
2
  6
CONTINUOUS
  2
_FILLED
 10
49.6585059377
 20
13.0658219177
 41
3.5
 42
3.5
 43
3.5
 50
180.0
  0
INSERT
  5
286
100
AcDbEntity
  8
ZEICHNUNGSBEMASSUNGEN
100
AcDbBlockReference
 62
2
  6
CONTINUOUS
  2
_FILLED
 10
87.6585059377
 20
13.0658219177
 41
3.5
 42
3.5
 43
3.5
  0
ENDBLK
  5
287
100
AcDbEntity
  8
0
  6
BYBLOCK
 62
0
100
AcDbBlockEnd
  0
BLOCK
  5
288
100
AcDbEntity
  8
ZEICHNUNGSBEMASSUNGEN
100
AcDbBlockBegin
 62
2
  6
CONTINUOUS
  2
*D4
 70
65
 10
0.0
 20
0.0
  3
*D4
  1

  0
MTEXT
  5
289
100
AcDbEntity
  8
ZEICHNUNGSBEMASSUNGEN
100
AcDbMText
 62
5
  6
CONTINUOUS
  7
STANDARD
 71
2
 72
1
 10
342.5263948152
 20
259.670401973
 30
0.0
 11
1.0
 21
0.0
 31
0.0
 44
0.9
  1
\Q15.0;11,6{\Ftxt.shx;\W1.000000;\H3.500000; }[.457]
 40
3.5
 41
25.25
  0
LINE
  5
28A
100
AcDbEntity
  8
ZEICHNUNGSBEMASSUNGEN
100
AcDbLine
 62
2
  6
CONTINUOUS
 10
323.5987116405
 20
225.9240147321
 11
323.5987116405
 21
256.7645353151
  0
LINE
  5
28B
100
AcDbEntity
  8
ZEICHNUNGSBEMASSUNGEN
100
AcDbLine
 62
2
  6
CONTINUOUS
 10
358.3987116405
 20
225.6922837736
 11
358.3987116405
 21
239.4743785617
  0
LINE
  5
28C
100
AcDbEntity
  8
ZEICHNUNGSBEMASSUNGEN
100
AcDbLine
 62
2
  6
CONTINUOUS
 10
358.3987116405
 20
241.5955345841
 11
358.3987116405
 21
256.7645353151
  0
LINE
  5
28D
100
AcDbEntity
  8
ZEICHNUNGSBEMASSUNGEN
100
AcDbLine
 62
2
  6
CONTINUOUS
 10
323.5987116405
 20
255.2645353151
 11
340.9987116405
 21
255.2645353151
  0
LINE
  5
28E
100
AcDbEntity
  8
ZEICHNUNGSBEMASSUNGEN
100
AcDbLine
 62
2
  6
CONTINUOUS
 10
358.3987116405
 20
255.2645353151
 11
340.9987116405
 21
255.2645353151
  0
INSERT
  5
28F
100
AcDbEntity
  8
ZEICHNUNGSBEMASSUNGEN
100
AcDbBlockReference
 62
2
  6
CONTINUOUS
  2
_FILLED
 10
323.5987116405
 20
255.2645353151
 41
3.5
 42
3.5
 43
3.5
 50
180.0
  0
INSERT
  5
290
100
AcDbEntity
  8
ZEICHNUNGSBEMASSUNGEN
100
AcDbBlockReference
 62
2
  6
CONTINUOUS
  2
_FILLED
 10
358.3987116405
 20
255.2645353151
 41
3.5
 42
3.5
 43
3.5
  0
ENDBLK
  5
291
100
AcDbEntity
  8
0
  6
BYBLOCK
 62
0
100
AcDbBlockEnd
  0
BLOCK
  5
292
100
AcDbEntity
  8
ZEICHNUNGSBEMASSUNGEN
100
AcDbBlockBegin
 62
2
  6
CONTINUOUS
  2
*D5
 70
65
 10
0.0
 20
0.0
  3
*D5
  1

  0
MTEXT
  5
293
100
AcDbEntity
  8
ZEICHNUNGSBEMASSUNGEN
100
AcDbMText
 62
5
  6
CONTINUOUS
  7
STANDARD
 71
2
 72
1
 10
343.528404107
 20
251.839938787
 30
0.0
 11
1.0
 21
0.0
 31
0.0
 44
0.9
  1
\Q15.0;4,44{\Ftxt.shx;\W1.000000;\H3.500000; }[.175]
 40
3.5
 41
26.0
  0
LINE
  5
294
100
AcDbEntity
  8
ZEICHNUNGSBEMASSUNGEN
100
AcDbLine
 62
2
  6
CONTINUOUS
 10
340.9987116405
 20
226.6739892102
 11
340.9987116405
 21
229.9898170502
  0
LINE
  5
295
100
AcDbEntity
  8
ZEICHNUNGSBEMASSUNGEN
100
AcDbLine
 62
2
  6
CONTINUOUS
 10
340.9987116405
 20
236.6882333434
 11
340.9987116405
 21
248.9340721291
  0
LINE
  5
296
100
AcDbEntity
  8
ZEICHNUNGSBEMASSUNGEN
100
AcDbLine
 62
2
  6
CONTINUOUS
 10
354.3187116405
 20
192.5039892102
 11
354.3187116405
 21
248.9340721291
  0
LINE
  5
297
100
AcDbEntity
  8
ZEICHNUNGSBEMASSUNGEN
100
AcDbLine
 62
2
  6
CONTINUOUS
 10
340.9987116405
 20
247.4340721291
 11
347.6587116405
 21
247.4340721291
  0
LINE
  5
298
100
AcDbEntity
  8
ZEICHNUNGSBEMASSUNGEN
100
AcDbLine
 62
2
  6
CONTINUOUS
 10
354.3187116405
 20
247.4340721291
 11
347.6587116405
 21
247.4340721291
  0
INSERT
  5
299
100
AcDbEntity
  8
ZEICHNUNGSBEMASSUNGEN
100
AcDbBlockReference
 62
2
  6
CONTINUOUS
  2
_FILLED
 10
340.9987116405
 20
247.4340721291
 41
3.5
 42
3.5
 43
3.5
 50
180.0
  0
INSERT
  5
29A
100
AcDbEntity
  8
ZEICHNUNGSBEMASSUNGEN
100
AcDbBlockReference
 62
2
  6
CONTINUOUS
  2
_FILLED
 10
354.3187116405
 20
247.4340721291
 41
3.5
 42
3.5
 43
3.5
  0
ENDBLK
  5
29B
100
AcDbEntity
  8
0
  6
BYBLOCK
 62
0
100
AcDbBlockEnd
  0
BLOCK
  5
29C
100
AcDbEntity
  8
ZEICHNUNGSBEMASSUNGEN
100
AcDbBlockBegin
 62
2
  6
CONTINUOUS
  2
*D6
 70
65
 10
0.0
 20
0.0
  3
*D6
  1

  0
MTEXT
  5
29D
100
AcDbEntity
  8
ZEICHNUNGSBEMASSUNGEN
100
AcDbMText
 62
5
  6
CONTINUOUS
  7
STANDARD
 71
1
 72
1
 10
360.0466078653
 20
245.1218479962
 30
0.0
 11
1.0
 21
0.0
 31
0.0
 44
0.9
  1
\Q15.0;1,27{\Ftxt.shx;\W1.000000;\H3.500000; }[.050]
 40
3.5
 41
26.0
  0
LINE
  5
29E
100
AcDbEntity
  8
ZEICHNUNGSBEMASSUNGEN
100
AcDbLine
 62
2
  6
CONTINUOUS
 10
350.5087116405
 20
200.1239892102
 11
350.5087116405
 21
202.4015700228
  0
LINE
  5
29F
100
AcDbEntity
  8
ZEICHNUNGSBEMASSUNGEN
100
AcDbLine
 62
2
  6
CONTINUOUS
 10
350.5087116405
 20
207.0152696132
 11
350.5087116405
 21
230.1479741015
  0
LINE
  5
2A0
100
AcDbEntity
  8
ZEICHNUNGSBEMASSUNGEN
100
AcDbLine
 62
2
  6
CONTINUOUS
 10
350.5087116405
 20
236.1393353416
 11
350.5087116405
 21
242.2159813383
  0
LINE
  5
2A1
100
AcDbEntity
  8
ZEICHNUNGSBEMASSUNGEN
100
AcDbLine
 62
2
  6
CONTINUOUS
 10
354.3187116405
 20
192.5039892102
 11
354.3187116405
 21
242.2159813383
  0
LINE
  5
2A2
100
AcDbEntity
  8
ZEICHNUNGSBEMASSUNGEN
100
AcDbLine
 62
2
  6
CONTINUOUS
 10
350.5087116405
 20
240.7159813383
 11
344.5087116405
 21
240.7159813383
  0
LINE
  5
2A3
100
AcDbEntity
  8
ZEICHNUNGSBEMASSUNGEN
100
AcDbLine
 62
2
  6
CONTINUOUS
 10
344.5087116405
 20
240.7159813383
 11
352.4137116405
 21
240.7159813383
  0
LINE
  5
2A4
100
AcDbEntity
  8
ZEICHNUNGSBEMASSUNGEN
100
AcDbLine
 62
2
  6
CONTINUOUS
 10
354.3187116405
 20
240.7159813383
 11
386.0466078653
 21
240.7159813383
  0
LINE
  5
2A5
100
AcDbEntity
  8
ZEICHNUNGSBEMASSUNGEN
100
AcDbLine
 62
2
  6
CONTINUOUS
 10
386.0466078653
 20
240.7159813383
 11
352.4137116405
 21
240.7159813383
  0
INSERT
  5
2A6
100
AcDbEntity
  8
ZEICHNUNGSBEMASSUNGEN
100
AcDbBlockReference
 62
2
  6
CONTINUOUS
  2
_FILLED
 10
350.5087116405
 20
240.7159813383
 41
3.5
 42
3.5
 43
3.5
  0
INSERT
  5
2A7
100
AcDbEntity
  8
ZEICHNUNGSBEMASSUNGEN
100
AcDbBlockReference
 62
2
  6
CONTINUOUS
  2
_FILLED
 10
354.3187116405
 20
240.7159813383
 41
3.5
 42
3.5
 43
3.5
 50
180.0
  0
ENDBLK
  5
2A8
100
AcDbEntity
  8
0
  6
BYBLOCK
 62
0
100
AcDbBlockEnd
  0
BLOCK
  5
2A9
100
AcDbEntity
  8
ZEICHNUNGSBEMASSUNGEN
100
AcDbBlockBegin
 62
2
  6
CONTINUOUS
  2
*D7
 70
65
 10
0.0
 20
0.0
  3
*D7
  1

  0
MTEXT
  5
2AA
100
AcDbEntity
  8
ZEICHNUNGSBEMASSUNGEN
100
AcDbMText
 62
5
  6
CONTINUOUS
  7
STANDARD
 71
2
 72
1
 10
339.616301558
 20
136.0949920207
 30
0.0
 11
1.0
 21
0.0
 31
0.0
 44
0.9
  1
\Q15.0;16,85{\Ftxt.shx;\W1.000000;\H3.500000; }[.663]
 40
3.5
 41
28.5
  0
LINE
  5
2AB
100
AcDbEntity
  8
ZEICHNUNGSBEMASSUNGEN
100
AcDbLine
 62
2
  6
CONTINUOUS
 10
315.7237116405
 20
185.1739892102
 11
315.7237116405
 21
177.8931558011
  0
LINE
  5
2AC
100
AcDbEntity
  8
ZEICHNUNGSBEMASSUNGEN
100
AcDbLine
 62
2
  6
CONTINUOUS
 10
315.7237116405
 20
171.1693972992
 11
315.7237116405
 21
130.1891253629
  0
LINE
  5
2AD
100
AcDbEntity
  8
ZEICHNUNGSBEMASSUNGEN
100
AcDbLine
 62
2
  6
CONTINUOUS
 10
366.2737116405
 20
185.1739892102
 11
366.2737116405
 21
179.6227227598
  0
LINE
  5
2AE
100
AcDbEntity
  8
ZEICHNUNGSBEMASSUNGEN
100
AcDbLine
 62
2
  6
CONTINUOUS
 10
366.2737116405
 20
161.4835470969
 11
366.2737116405
 21
130.1891253629
  0
LINE
  5
2AF
100
AcDbEntity
  8
ZEICHNUNGSBEMASSUNGEN
100
AcDbLine
 62
2
  6
CONTINUOUS
 10
315.7237116405
 20
131.6891253629
 11
340.9987116405
 21
131.6891253629
  0
LINE
  5
2B0
100
AcDbEntity
  8
ZEICHNUNGSBEMASSUNGEN
100
AcDbLine
 62
2
  6
CONTINUOUS
 10
366.2737116405
 20
131.6891253629
 11
340.9987116405
 21
131.6891253629
  0
INSERT
  5
2B1
100
AcDbEntity
  8
ZEICHNUNGSBEMASSUNGEN
100
AcDbBlockReference
 62
2
  6
CONTINUOUS
  2
_FILLED
 10
315.7237116405
 20
131.6891253629
 41
3.5
 42
3.5
 43
3.5
 50
180.0
  0
INSERT
  5
2B2
100
AcDbEntity
  8
ZEICHNUNGSBEMASSUNGEN
100
AcDbBlockReference
 62
2
  6
CONTINUOUS
  2
_FILLED
 10
366.2737116405
 20
131.6891253629
 41
3.5
 42
3.5
 43
3.5
  0
ENDBLK
  5
2B3
100
AcDbEntity
  8
0
  6
BYBLOCK
 62
0
100
AcDbBlockEnd
  0
BLOCK
  5
2B4
100
AcDbEntity
  8
ZEICHNUNGSBEMASSUNGEN
100
AcDbBlockBegin
 62
2
  6
CONTINUOUS
  2
*D8
 70
65
 10
0.0
 20
0.0
  3
*D8
  1

  0
MTEXT
  5
2B5
100
AcDbEntity
  8
ZEICHNUNGSBEMASSUNGEN
100
AcDbMText
 62
5
  6
CONTINUOUS
  7
STANDARD
 71
2
 72
1
 10
348.9260690249
 20
144.7277047845
 30
0.0
 11
1.0
 21
0.0
 31
0.0
 44
0.9
  1
\Q15.0;6,6{\Ftxt.shx;\W1.000000;\H3.500000; }[.260]
 40
3.5
 41
24.25
  0
LINE
  5
2B6
100
AcDbEntity
  8
ZEICHNUNGSBEMASSUNGEN
100
AcDbLine
 62
2
  6
CONTINUOUS
 10
340.9987116405
 20
179.7254931575
 11
340.9987116405
 21
166.4814897162
  0
LINE
  5
2B7
100
AcDbEntity
  8
ZEICHNUNGSBEMASSUNGEN
100
AcDbLine
 62
2
  6
CONTINUOUS
 10
340.9987116405
 20
158.6147114086
 11
340.9987116405
 21
146.6812087218
  0
LINE
  5
2B8
100
AcDbEntity
  8
ZEICHNUNGSBEMASSUNGEN
100
AcDbLine
 62
2
  6
CONTINUOUS
 10
340.9987116405
 20
140.8811264103
 11
340.9987116405
 21
138.8218381267
  0
LINE
  5
2B9
100
AcDbEntity
  8
ZEICHNUNGSBEMASSUNGEN
100
AcDbLine
 62
2
  6
CONTINUOUS
 10
360.7987116405
 20
153.5239892102
 11
360.7987116405
 21
138.8218381267
  0
LINE
  5
2BA
100
AcDbEntity
  8
ZEICHNUNGSBEMASSUNGEN
100
AcDbLine
 62
2
  6
CONTINUOUS
 10
340.9987116405
 20
140.3218381267
 11
350.8987116405
 21
140.3218381267
  0
LINE
  5
2BB
100
AcDbEntity
  8
ZEICHNUNGSBEMASSUNGEN
100
AcDbLine
 62
2
  6
CONTINUOUS
 10
360.7987116405
 20
140.3218381267
 11
350.8987116405
 21
140.3218381267
  0
INSERT
  5
2BC
100
AcDbEntity
  8
ZEICHNUNGSBEMASSUNGEN
100
AcDbBlockReference
 62
2
  6
CONTINUOUS
  2
_FILLED
 10
340.9987116405
 20
140.3218381267
 41
3.5
 42
3.5
 43
3.5
 50
180.0
  0
INSERT
  5
2BD
100
AcDbEntity
  8
ZEICHNUNGSBEMASSUNGEN
100
AcDbBlockReference
 62
2
  6
CONTINUOUS
  2
_FILLED
 10
360.7987116405
 20
140.3218381267
 41
3.5
 42
3.5
 43
3.5
  0
ENDBLK
  5
2BE
100
AcDbEntity
  8
0
  6
BYBLOCK
 62
0
100
AcDbBlockEnd
  0
BLOCK
  5
2BF
100
AcDbEntity
  8
ZEICHNUNGSBEMASSUNGEN
100
AcDbBlockBegin
 62
2
  6
CONTINUOUS
  2
*D9
 70
65
 10
0.0
 20
0.0
  3
*D9
  1

  0
MTEXT
  5
2C0
100
AcDbEntity
  8
ZEICHNUNGSBEMASSUNGEN
100
AcDbMText
 62
5
  6
CONTINUOUS
  7
STANDARD
 71
3
 72
1
 10
339.4634788417
 20
176.5845096697
 30
0.0
 11
1.0
 21
0.0
 31
0.0
 44
0.9
  1
\Q15.0;2,54{\Ftxt.shx;\W1.000000;\H3.500000; }[.100] (3x)
 40
3.5
 41
36.75
  0
LINE
  5
2C1
100
AcDbEntity
  8
ZEICHNUNGSBEMASSUNGEN
100
AcDbLine
 62
2
  6
CONTINUOUS
 10
346.6987116405
 20
191.5039892102
 11
346.6987116405
 21
189.0802070767
  0
LINE
  5
2C2
100
AcDbEntity
  8
ZEICHNUNGSBEMASSUNGEN
100
AcDbLine
 62
2
  6
CONTINUOUS
 10
346.6987116405
 20
184.3787822808
 11
346.6987116405
 21
170.6786430119
  0
LINE
  5
2C3
100
AcDbEntity
  8
ZEICHNUNGSBEMASSUNGEN
100
AcDbLine
 62
2
  6
CONTINUOUS
 10
354.3187116405
 20
191.5039892102
 11
354.3187116405
 21
170.6786430119
  0
LINE
  5
2C4
100
AcDbEntity
  8
ZEICHNUNGSBEMASSUNGEN
100
AcDbLine
 62
2
  6
CONTINUOUS
 10
346.6987116405
 20
172.1786430119
 11
302.7134788417
 21
172.1786430119
  0
LINE
  5
2C5
100
AcDbEntity
  8
ZEICHNUNGSBEMASSUNGEN
100
AcDbLine
 62
2
  6
CONTINUOUS
 10
302.7134788417
 20
172.1786430119
 11
350.5087116405
 21
172.1786430119
  0
LINE
  5
2C6
100
AcDbEntity
  8
ZEICHNUNGSBEMASSUNGEN
100
AcDbLine
 62
2
  6
CONTINUOUS
 10
354.3187116405
 20
172.1786430119
 11
360.3187116405
 21
172.1786430119
  0
LINE
  5
2C7
100
AcDbEntity
  8
ZEICHNUNGSBEMASSUNGEN
100
AcDbLine
 62
2
  6
CONTINUOUS
 10
360.3187116405
 20
172.1786430119
 11
350.5087116405
 21
172.1786430119
  0
INSERT
  5
2C8
100
AcDbEntity
  8
ZEICHNUNGSBEMASSUNGEN
100
AcDbBlockReference
 62
2
  6
CONTINUOUS
  2
_FILLED
 10
346.6987116405
 20
172.1786430119
 41
3.5
 42
3.5
 43
3.5
  0
INSERT
  5
2C9
100
AcDbEntity
  8
ZEICHNUNGSBEMASSUNGEN
100
AcDbBlockReference
 62
2
  6
CONTINUOUS
  2
_FILLED
 10
354.3187116405
 20
172.1786430119
 41
3.5
 42
3.5
 43
3.5
 50
180.0
  0
ENDBLK
  5
2CA
100
AcDbEntity
  8
0
  6
BYBLOCK
 62
0
100
AcDbBlockEnd
  0
BLOCK
  5
2CB
100
AcDbEntity
  8
ZEICHNUNGSBEMASSUNGEN
100
AcDbBlockBegin
 62
2
  6
CONTINUOUS
  2
*D10
 70
65
 10
0.0
 20
0.0
  3
*D10
  1

  0
MTEXT
  5
2CC
100
AcDbEntity
  8
ZEICHNUNGSBEMASSUNGEN
100
AcDbMText
 62
5
  6
CONTINUOUS
  7
TEXTSTYLE_3
 71
3
 72
1
 10
356.7256975139
 20
159.877760288
 30
0.0
 11
0.9562375496
 21
-0.2925914364
 31
0.0
 44
0.9
  1
\Q15.0;{\Fgdt;n}\Ftxt;1,2{\Ftxt.shx;\W1.000000;\H3.500000; }[.047]
 40
3.5
 41
28.1666666667
  0
LINE
  5
2CD
100
AcDbEntity
  8
ZEICHNUNGSBEMASSUNGEN
100
AcDbLine
 62
2
  6
CONTINUOUS
 10
359.0774840503
 20
154.550653796
 11
360.7987116405
 21
154.0239892102
  0
LINE
  5
2CE
100
AcDbEntity
  8
ZEICHNUNGSBEMASSUNGEN
100
AcDbLine
 62
2
  6
CONTINUOUS
 10
360.7987116405
 20
154.0239892102
 11
328.5025543449
 21
163.9060306096
  0
LINE
  5
2CF
100
AcDbEntity
  8
ZEICHNUNGSBEMASSUNGEN
100
AcDbLine
 62
2
  6
CONTINUOUS
 10
362.5199392306
 20
153.4973246245
 11
360.7987116405
 21
154.0239892102
  0
LINE
  5
2D0
100
AcDbEntity
  8
ZEICHNUNGSBEMASSUNGEN
100
AcDbLine
 62
2
  6
CONTINUOUS
 10
360.7987116405
 20
154.0239892102
 11
368.2573645277
 21
151.7417760063
  0
INSERT
  5
2D1
100
AcDbEntity
  8
ZEICHNUNGSBEMASSUNGEN
100
AcDbBlockReference
 62
2
  6
CONTINUOUS
  2
_FILLED
 10
359.0774840511
 20
154.5506537957
 41
3.5
 42
3.5
 43
3.5
 50
342.9862081344
  0
INSERT
  5
2D2
100
AcDbEntity
  8
ZEICHNUNGSBEMASSUNGEN
100
AcDbBlockReference
 62
2
  6
CONTINUOUS
  2
_FILLED
 10
362.5199392298
 20
153.4973246247
 41
3.5
 42
3.5
 43
3.5
 50
162.9862081344
  0
ENDBLK
  5
2D3
100
AcDbEntity
  8
0
  6
BYBLOCK
 62
0
100
AcDbBlockEnd
  0
BLOCK
  5
2D4
100
AcDbEntity
  8
ZEICHNUNGSBEMASSUNGEN
100
AcDbBlockBegin
 62
2
  6
CONTINUOUS
  2
*D11
 70
65
 10
0.0
 20
0.0
  3
*D11
  1

  0
MTEXT
  5
2D5
100
AcDbEntity
  8
ZEICHNUNGSBEMASSUNGEN
100
AcDbMText
 62
5
  6
CONTINUOUS
  7
STANDARD
 71
1
 72
1
 10
364.7429143658
 20
178.8921235967
 30
0.0
 11
0.3945147793
 21
-0.9188895956
 31
0.0
 44
0.9
  1
\Q15.0;8x\Fgdt;{\Fgdt;n}\Ftxt;0,8{\Ftxt.shx;\W1.000000;\H3.500000; }[.032]
 40
3.5
 41
33.9166666667
  0
LINE
  5
2D6
100
AcDbEntity
  8
ZEICHNUNGSBEMASSUNGEN
100
AcDbLine
 62
2
  6
CONTINUOUS
 10
354.792129376
 20
190.9013216947
 11
354.3187116405
 21
192.0039892102
  0
LINE
  5
2D7
100
AcDbEntity
  8
ZEICHNUNGSBEMASSUNGEN
100
AcDbLine
 62
2
  6
CONTINUOUS
 10
354.3187116405
 20
192.0039892102
 11
374.0750355993
 21
145.9882719671
  0
LINE
  5
2D8
100
AcDbEntity
  8
ZEICHNUNGSBEMASSUNGEN
100
AcDbLine
 62
2
  6
CONTINUOUS
 10
353.8452939049
 20
193.1066567257
 11
354.3187116405
 21
192.0039892102
  0
LINE
  5
2D9
100
AcDbEntity
  8
ZEICHNUNGSBEMASSUNGEN
100
AcDbLine
 62
2
  6
CONTINUOUS
 10
354.3187116405
 20
192.0039892102
 11
351.4782052294
 21
198.6199942985
  0
INSERT
  5
2DA
100
AcDbEntity
  8
ZEICHNUNGSBEMASSUNGEN
100
AcDbBlockReference
 62
2
  6
CONTINUOUS
  2
_FILLED
 10
354.7921293756
 20
190.9013216955
 41
3.5
 42
3.5
 43
3.5
 50
113.2365197292
  0
INSERT
  5
2DB
100
AcDbEntity
  8
ZEICHNUNGSBEMASSUNGEN
100
AcDbBlockReference
 62
2
  6
CONTINUOUS
  2
_FILLED
 10
353.8452939053
 20
193.1066567249
 41
3.5
 42
3.5
 43
3.5
 50
293.2365197292
  0
ENDBLK
  5
2DC
100
AcDbEntity
  8
0
  6
BYBLOCK
 62
0
100
AcDbBlockEnd
  0
BLOCK
  5
2DD
100
AcDbEntity
  8
ZEICHNUNGSBEMASSUNGEN
100
AcDbBlockBegin
 62
2
  6
CONTINUOUS
  2
*D12
 70
65
 10
0.0
 20
0.0
  3
*D12
  1

  0
MTEXT
  5
2DE
100
AcDbEntity
  8
ZEICHNUNGSBEMASSUNGEN
100
AcDbMText
 62
5
  6
CONTINUOUS
  7
STANDARD
 71
2
 72
1
 10
375.1346416763
 20
196.0502803524
 30
0.0
 11
0.0
 21
1.0
 31
0.0
 44
0.9
  1
\Q15.0;2,54{\Ftxt.shx;\W1.000000;\H3.500000; }[.100]
 40
3.5
 41
26.0
  0
LINE
  5
2DF
100
AcDbEntity
  8
ZEICHNUNGSBEMASSUNGEN
100
AcDbLine
 62
2
  6
CONTINUOUS
 10
354.8187116405
 20
192.0039892102
 11
374.1901140033
 21
192.0039892102
  0
LINE
  5
2E0
100
AcDbEntity
  8
ZEICHNUNGSBEMASSUNGEN
100
AcDbLine
 62
2
  6
CONTINUOUS
 10
379.0788033806
 20
192.0039892102
 11
381.0405083342
 21
192.0039892102
  0
LINE
  5
2E1
100
AcDbEntity
  8
ZEICHNUNGSBEMASSUNGEN
100
AcDbLine
 62
2
  6
CONTINUOUS
 10
351.0087116405
 20
199.6239892102
 11
374.4340914026
 21
199.6239892102
  0
LINE
  5
2E2
100
AcDbEntity
  8
ZEICHNUNGSBEMASSUNGEN
100
AcDbLine
 62
2
  6
CONTINUOUS
 10
378.8439374671
 20
199.6239892102
 11
381.0405083342
 21
199.6239892102
  0
LINE
  5
2E3
100
AcDbEntity
  8
ZEICHNUNGSBEMASSUNGEN
100
AcDbLine
 62
2
  6
CONTINUOUS
 10
379.5405083342
 20
192.0039892102
 11
379.5405083342
 21
186.0039892102
  0
LINE
  5
2E4
100
AcDbEntity
  8
ZEICHNUNGSBEMASSUNGEN
100
AcDbLine
 62
2
  6
CONTINUOUS
 10
379.5405083342
 20
186.0039892102
 11
379.5405083342
 21
195.8139892102
  0
LINE
  5
2E5
100
AcDbEntity
  8
ZEICHNUNGSBEMASSUNGEN
100
AcDbLine
 62
2
  6
CONTINUOUS
 10
379.5405083342
 20
199.6239892102
 11
379.5405083342
 21
205.6239892102
  0
LINE
  5
2E6
100
AcDbEntity
  8
ZEICHNUNGSBEMASSUNGEN
100
AcDbLine
 62
2
  6
CONTINUOUS
 10
379.5405083342
 20
205.6239892102
 11
379.5405083342
 21
195.8139892102
  0
INSERT
  5
2E7
100
AcDbEntity
  8
ZEICHNUNGSBEMASSUNGEN
100
AcDbBlockReference
 62
2
  6
CONTINUOUS
  2
_FILLED
 10
379.5405083342
 20
192.0039892102
 41
3.5
 42
3.5
 43
3.5
 50
90.0
  0
INSERT
  5
2E8
100
AcDbEntity
  8
ZEICHNUNGSBEMASSUNGEN
100
AcDbBlockReference
 62
2
  6
CONTINUOUS
  2
_FILLED
 10
379.5405083342
 20
199.6239892102
 41
3.5
 42
3.5
 43
3.5
 50
270.0
  0
ENDBLK
  5
2E9
100
AcDbEntity
  8
0
  6
BYBLOCK
 62
0
100
AcDbBlockEnd
  0
BLOCK
  5
2EA
100
AcDbEntity
  8
ZEICHNUNGSBEMASSUNGEN
100
AcDbBlockBegin
 62
2
  6
CONTINUOUS
  2
*D13
 70
65
 10
0.0
 20
0.0
  3
*D13
  1

  0
MTEXT
  5
2EB
100
AcDbEntity
  8
ZEICHNUNGSBEMASSUNGEN
100
AcDbMText
 62
5
  6
CONTINUOUS
  7
STANDARD
 71
2
 72
1
 10
383.7028686691
 20
177.0306818837
 30
0.0
 11
0.0
 21
1.0
 31
0.0
 44
0.9
  1
\Q15.0;15,2{\Ftxt.shx;\W1.000000;\H3.500000; }[.598]
 40
3.5
 41
25.75
  0
LINE
  5
2EC
100
AcDbEntity
  8
ZEICHNUNGSBEMASSUNGEN
100
AcDbLine
 62
2
  6
CONTINUOUS
 10
361.2987116405
 20
154.0239892102
 11
368.7922485
 21
154.0239892102
  0
LINE
  5
2ED
100
AcDbEntity
  8
ZEICHNUNGSBEMASSUNGEN
100
AcDbLine
 62
2
  6
CONTINUOUS
 10
376.401508013
 20
154.0239892102
 11
389.608735327
 21
154.0239892102
  0
LINE
  5
2EE
100
AcDbEntity
  8
ZEICHNUNGSBEMASSUNGEN
100
AcDbLine
 62
2
  6
CONTINUOUS
 10
381.2432246208
 20
199.6239892102
 11
389.608735327
 21
199.6239892102
  0
LINE
  5
2EF
100
AcDbEntity
  8
ZEICHNUNGSBEMASSUNGEN
100
AcDbLine
 62
2
  6
CONTINUOUS
 10
388.108735327
 20
154.0239892102
 11
388.108735327
 21
176.8239892102
  0
LINE
  5
2F0
100
AcDbEntity
  8
ZEICHNUNGSBEMASSUNGEN
100
AcDbLine
 62
2
  6
CONTINUOUS
 10
388.108735327
 20
199.6239892102
 11
388.108735327
 21
176.8239892102
  0
INSERT
  5
2F1
100
AcDbEntity
  8
ZEICHNUNGSBEMASSUNGEN
100
AcDbBlockReference
 62
2
  6
CONTINUOUS
  2
_FILLED
 10
388.108735327
 20
154.0239892102
 41
3.5
 42
3.5
 43
3.5
 50
270.0
  0
INSERT
  5
2F2
100
AcDbEntity
  8
ZEICHNUNGSBEMASSUNGEN
100
AcDbBlockReference
 62
2
  6
CONTINUOUS
  2
_FILLED
 10
388.108735327
 20
199.6239892102
 41
3.5
 42
3.5
 43
3.5
 50
90.0
  0
ENDBLK
  5
2F3
100
AcDbEntity
  8
0
  6
BYBLOCK
 62
0
100
AcDbBlockEnd
  0
BLOCK
  5
2F4
100
AcDbEntity
  8
ZEICHNUNGSBEMASSUNGEN
100
AcDbBlockBegin
 62
2
  6
CONTINUOUS
  2
*D14
 70
65
 10
0.0
 20
0.0
  3
*D14
  1

  0
MTEXT
  5
2F5
100
AcDbEntity
  8
ZEICHNUNGSBEMASSUNGEN
100
AcDbMText
 62
5
  6
CONTINUOUS
  7
STANDARD
 71
1
 72
1
 10
364.9489466445
 20
227.1589503352
 30
0.0
 11
0.9429576733
 21
0.3329126407
 31
0.0
 44
0.9
  1
\Q15.0;4x\Fgdt;{\Fgdt;n}\Ftxt;1,7{\Ftxt.shx;\W1.000000;\H3.500000; }[.067]
 40
3.5
 41
33.4166666667
  0
LINE
  5
2F6
100
AcDbEntity
  8
ZEICHNUNGSBEMASSUNGEN
100
AcDbLine
 62
2
  6
CONTINUOUS
 10
360.8032537082
 20
221.0229164444
 11
358.3987116405
 21
220.1739892102
  0
LINE
  5
2F7
100
AcDbEntity
  8
ZEICHNUNGSBEMASSUNGEN
100
AcDbLine
 62
2
  6
CONTINUOUS
 10
358.3987116405
 20
220.1739892102
 11
397.9262175977
 21
234.1292353074
  0
LINE
  5
2F8
100
AcDbEntity
  8
ZEICHNUNGSBEMASSUNGEN
100
AcDbLine
 62
2
  6
CONTINUOUS
 10
355.9941695727
 20
219.325061976
 11
358.3987116405
 21
220.1739892102
  0
LINE
  5
2F9
100
AcDbEntity
  8
ZEICHNUNGSBEMASSUNGEN
100
AcDbLine
 62
2
  6
CONTINUOUS
 10
358.3987116405
 20
220.1739892102
 11
350.3364235337
 21
217.3275861319
  0
INSERT
  5
2FA
100
AcDbEntity
  8
ZEICHNUNGSBEMASSUNGEN
100
AcDbBlockReference
 62
2
  6
CONTINUOUS
  2
_FILLED
 10
360.8032537074
 20
221.0229164441
 41
3.5
 42
3.5
 43
3.5
 50
199.4477775592
  0
INSERT
  5
2FB
100
AcDbEntity
  8
ZEICHNUNGSBEMASSUNGEN
100
AcDbBlockReference
 62
2
  6
CONTINUOUS
  2
_FILLED
 10
355.9941695735
 20
219.3250619763
 41
3.5
 42
3.5
 43
3.5
 50
19.4464866923
  0
ENDBLK
  5
2FC
100
AcDbEntity
  8
0
  6
BYBLOCK
 62
0
100
AcDbBlockEnd
  0
BLOCK
  5
2FD
100
AcDbEntity
  8
ZEICHNUNGSBEMASSUNGEN
100
AcDbBlockBegin
 62
2
  6
CONTINUOUS
  2
*D15
 70
65
 10
0.0
 20
0.0
  3
*D15
  1

  0
MTEXT
  5
2FE
100
AcDbEntity
  8
ZEICHNUNGSBEMASSUNGEN
100
AcDbMText
 62
5
  6
CONTINUOUS
  7
STANDARD
 71
1
 72
1
 10
362.6365271918
 20
214.9947459524
 30
0.0
 11
1.0
 21
0.0
 31
0.0
 44
0.9
  1
\Q15.0;2,54{\Ftxt.shx;\W1.000000;\H3.500000; }[.100] (3x)
 40
3.5
 41
36.75
  0
LINE
  5
2FF
100
AcDbEntity
  8
ZEICHNUNGSBEMASSUNGEN
100
AcDbLine
 62
2
  6
CONTINUOUS
 10
342.8887116405
 20
200.1239892102
 11
342.8887116405
 21
202.2402518553
  0
LINE
  5
300
100
AcDbEntity
  8
ZEICHNUNGSBEMASSUNGEN
100
AcDbLine
 62
2
  6
CONTINUOUS
 10
342.8887116405
 20
206.9830059797
 11
342.8887116405
 21
212.0888792945
  0
LINE
  5
301
100
AcDbEntity
  8
ZEICHNUNGSBEMASSUNGEN
100
AcDbLine
 62
2
  6
CONTINUOUS
 10
350.5087116405
 20
208.8305961927
 11
350.5087116405
 21
212.0888792945
  0
LINE
  5
302
100
AcDbEntity
  8
ZEICHNUNGSBEMASSUNGEN
100
AcDbLine
 62
2
  6
CONTINUOUS
 10
342.8887116405
 20
210.5888792945
 11
346.6987116405
 21
210.5888792945
  0
LINE
  5
303
100
AcDbEntity
  8
ZEICHNUNGSBEMASSUNGEN
100
AcDbLine
 62
2
  6
CONTINUOUS
 10
350.5087116405
 20
210.5888792945
 11
346.6987116405
 21
210.5888792945
  0
LINE
  5
304
100
AcDbEntity
  8
ZEICHNUNGSBEMASSUNGEN
100
AcDbLine
 62
2
  6
CONTINUOUS
 10
346.6987116405
 20
210.5888792945
 11
399.3865271918
 21
210.5888792945
  0
INSERT
  5
305
100
AcDbEntity
  8
ZEICHNUNGSBEMASSUNGEN
100
AcDbBlockReference
 62
2
  6
CONTINUOUS
  2
_FILLED
 10
342.8887116405
 20
210.5888792945
 41
3.5
 42
3.5
 43
3.5
 50
180.0
  0
INSERT
  5
306
100
AcDbEntity
  8
ZEICHNUNGSBEMASSUNGEN
100
AcDbBlockReference
 62
2
  6
CONTINUOUS
  2
_FILLED
 10
350.5087116405
 20
210.5888792945
 41
3.5
 42
3.5
 43
3.5
  0
ENDBLK
  5
307
100
AcDbEntity
  8
0
  6
BYBLOCK
 62
0
100
AcDbBlockEnd
  0
BLOCK
  5
308
100
AcDbEntity
  8
ZEICHNUNGSBEMASSUNGEN
100
AcDbBlockBegin
 62
2
  6
CONTINUOUS
  2
*D16
 70
65
 10
0.0
 20
0.0
  3
*D16
  1

  0
MTEXT
  5
309
100
AcDbEntity
  8
ZEICHNUNGSBEMASSUNGEN
100
AcDbMText
 62
5
  6
CONTINUOUS
  7
STANDARD
 71
2
 72
1
 10
298.7013119609
 20
199.2588362825
 30
0.0
 11
0.0
 21
1.0
 31
0.0
 44
0.9
  1
\Q15.0;4,65{\Ftxt.shx;\W1.000000;\H3.500000; }[.183]
 40
3.5
 41
25.75
  0
LINE
  5
30A
100
AcDbEntity
  8
ZEICHNUNGSBEMASSUNGEN
100
AcDbLine
 62
2
  6
CONTINUOUS
 10
315.2237116405
 20
185.6739892102
 11
301.6071786188
 21
185.6739892102
  0
LINE
  5
30B
100
AcDbEntity
  8
ZEICHNUNGSBEMASSUNGEN
100
AcDbLine
 62
2
  6
CONTINUOUS
 10
327.1487116405
 20
199.6239892102
 11
301.6071786188
 21
199.6239892102
  0
LINE
  5
30C
100
AcDbEntity
  8
ZEICHNUNGSBEMASSUNGEN
100
AcDbLine
 62
2
  6
CONTINUOUS
 10
303.1071786188
 20
185.6739892102
 11
303.1071786188
 21
192.6489892102
  0
LINE
  5
30D
100
AcDbEntity
  8
ZEICHNUNGSBEMASSUNGEN
100
AcDbLine
 62
2
  6
CONTINUOUS
 10
303.1071786188
 20
199.6239892102
 11
303.1071786188
 21
192.6489892102
  0
INSERT
  5
30E
100
AcDbEntity
  8
ZEICHNUNGSBEMASSUNGEN
100
AcDbBlockReference
 62
2
  6
CONTINUOUS
  2
_FILLED
 10
303.1071786188
 20
185.6739892102
 41
3.5
 42
3.5
 43
3.5
 50
270.0
  0
INSERT
  5
30F
100
AcDbEntity
  8
ZEICHNUNGSBEMASSUNGEN
100
AcDbBlockReference
 62
2
  6
CONTINUOUS
  2
_FILLED
 10
303.1071786188
 20
199.6239892102
 41
3.5
 42
3.5
 43
3.5
 50
90.0
  0
ENDBLK
  5
310
100
AcDbEntity
  8
0
  6
BYBLOCK
 62
0
100
AcDbBlockEnd
  0
BLOCK
  5
311
100
AcDbEntity
  8
ZEICHNUNGSBEMASSUNGEN
100
AcDbBlockBegin
 62
2
  6
CONTINUOUS
  2
*D17
 70
65
 10
0.0
 20
0.0
  3
*D17
  1

  0
MTEXT
  5
312
100
AcDbEntity
  8
ZEICHNUNGSBEMASSUNGEN
100
AcDbMText
 62
5
  6
CONTINUOUS
  7
STANDARD
 71
2
 72
1
 10
283.4769901686
 20
202.768842676
 30
0.0
 11
0.0
 21
1.0
 31
0.0
 44
0.9
  1
\Q15.0;11,5{\Ftxt.shx;\W1.000000;\H3.500000; }[.453]
 40
3.5
 41
24.75
  0
LINE
  5
313
100
AcDbEntity
  8
ZEICHNUNGSBEMASSUNGEN
100
AcDbLine
 62
2
  6
CONTINUOUS
 10
293.0835849145
 20
185.6739892102
 11
286.3828568265
 21
185.6739892102
  0
LINE
  5
314
100
AcDbEntity
  8
ZEICHNUNGSBEMASSUNGEN
100
AcDbLine
 62
2
  6
CONTINUOUS
 10
319.6247532061
 20
220.1739892102
 11
286.3828568265
 21
220.1739892102
  0
LINE
  5
315
100
AcDbEntity
  8
ZEICHNUNGSBEMASSUNGEN
100
AcDbLine
 62
2
  6
CONTINUOUS
 10
287.8828568265
 20
185.6739892102
 11
287.8828568265
 21
202.9239892102
  0
LINE
  5
316
100
AcDbEntity
  8
ZEICHNUNGSBEMASSUNGEN
100
AcDbLine
 62
2
  6
CONTINUOUS
 10
287.8828568265
 20
220.1739892102
 11
287.8828568265
 21
202.9239892102
  0
INSERT
  5
317
100
AcDbEntity
  8
ZEICHNUNGSBEMASSUNGEN
100
AcDbBlockReference
 62
2
  6
CONTINUOUS
  2
_FILLED
 10
287.8828568265
 20
185.6739892102
 41
3.5
 42
3.5
 43
3.5
 50
270.0
  0
INSERT
  5
318
100
AcDbEntity
  8
ZEICHNUNGSBEMASSUNGEN
100
AcDbBlockReference
 62
2
  6
CONTINUOUS
  2
_FILLED
 10
287.8828568265
 20
220.1739892102
 41
3.5
 42
3.5
 43
3.5
 50
90.0
  0
ENDBLK
  5
319
100
AcDbEntity
  8
0
  6
BYBLOCK
 62
0
100
AcDbBlockEnd
  0
BLOCK
  5
31A
100
AcDbEntity
  8
ZEICHNUNGSBEMASSUNGEN
100
AcDbBlockBegin
 62
2
  6
CONTINUOUS
  2
*D18
 70
65
 10
0.0
 20
0.0
  3
*D18
  1

  0
MTEXT
  5
31B
100
AcDbEntity
  8
ZEICHNUNGSBEMASSUNGEN
100
AcDbMText
 62
5
  6
CONTINUOUS
  7
STANDARD
 71
2
 72
1
 10
24.0651224172
 20
223.8253535805
 30
0.0
 11
0.0
 21
1.0
 31
0.0
 44
0.9
  1
\Q15.0;24{\Ftxt.shx;\W1.000000;\H3.500000; }[.945]
 40
3.5
 41
22.0
  0
LINE
  5
31C
100
AcDbEntity
  8
ZEICHNUNGSBEMASSUNGEN
100
AcDbLine
 62
2
  6
CONTINUOUS
 10
91.8542948379
 20
200.2453795619
 11
26.9709890751
 21
200.2453795619
  0
LINE
  5
31D
100
AcDbEntity
  8
ZEICHNUNGSBEMASSUNGEN
100
AcDbLine
 62
2
  6
CONTINUOUS
 10
52.489506808
 20
248.2453795619
 11
26.9709890751
 21
248.2453795619
  0
LINE
  5
31E
100
AcDbEntity
  8
ZEICHNUNGSBEMASSUNGEN
100
AcDbLine
 62
2
  6
CONTINUOUS
 10
28.4709890751
 20
200.2453795619
 11
28.4709890751
 21
224.2453795619
  0
LINE
  5
31F
100
AcDbEntity
  8
ZEICHNUNGSBEMASSUNGEN
100
AcDbLine
 62
2
  6
CONTINUOUS
 10
28.4709890751
 20
248.2453795619
 11
28.4709890751
 21
224.2453795619
  0
INSERT
  5
320
100
AcDbEntity
  8
ZEICHNUNGSBEMASSUNGEN
100
AcDbBlockReference
 62
2
  6
CONTINUOUS
  2
_FILLED
 10
28.4709890751
 20
200.2453795619
 41
3.5
 42
3.5
 43
3.5
 50
270.0
  0
INSERT
  5
321
100
AcDbEntity
  8
ZEICHNUNGSBEMASSUNGEN
100
AcDbBlockReference
 62
2
  6
CONTINUOUS
  2
_FILLED
 10
28.4709890751
 20
248.2453795619
 41
3.5
 42
3.5
 43
3.5
 50
90.0
  0
ENDBLK
  5
322
100
AcDbEntity
  8
0
  6
BYBLOCK
 62
0
100
AcDbBlockEnd
  0
BLOCK
  5
323
100
AcDbEntity
  8
ZEICHNUNGSBEMASSUNGEN
100
AcDbBlockBegin
 62
2
  6
CONTINUOUS
  2
*D19
 70
65
 10
0.0
 20
0.0
  3
*D19
  1

  0
MTEXT
  5
324
100
AcDbEntity
  8
ZEICHNUNGSBEMASSUNGEN
100
AcDbMText
 62
5
  6
CONTINUOUS
  7
STANDARD
 71
2
 72
1
 10
72.4211307845
 20
182.3105726763
 30
0.0
 11
1.0
 21
0.0
 31
0.0
 44
0.9
  1
\Q15.0;19{\Ftxt.shx;\W1.000000;\H3.500000; }[.748]
 40
3.5
 41
21.5
  0
LINE
  5
325
100
AcDbEntity
  8
ZEICHNUNGSBEMASSUNGEN
100
AcDbLine
 62
2
  6
CONTINUOUS
 10
54.4796903427
 20
245.554563591
 11
54.4796903427
 21
176.4047060185
  0
LINE
  5
326
100
AcDbEntity
  8
ZEICHNUNGSBEMASSUNGEN
100
AcDbLine
 62
2
  6
CONTINUOUS
 10
92.4796903427
 20
197.8191022444
 11
92.4796903427
 21
176.4047060185
  0
LINE
  5
327
100
AcDbEntity
  8
ZEICHNUNGSBEMASSUNGEN
100
AcDbLine
 62
2
  6
CONTINUOUS
 10
54.4796903427
 20
177.9047060185
 11
73.4796903427
 21
177.9047060185
  0
LINE
  5
328
100
AcDbEntity
  8
ZEICHNUNGSBEMASSUNGEN
100
AcDbLine
 62
2
  6
CONTINUOUS
 10
92.4796903427
 20
177.9047060185
 11
73.4796903427
 21
177.9047060185
  0
INSERT
  5
329
100
AcDbEntity
  8
ZEICHNUNGSBEMASSUNGEN
100
AcDbBlockReference
 62
2
  6
CONTINUOUS
  2
_FILLED
 10
54.4796903427
 20
177.9047060185
 41
3.5
 42
3.5
 43
3.5
 50
180.0
  0
INSERT
  5
32A
100
AcDbEntity
  8
ZEICHNUNGSBEMASSUNGEN
100
AcDbBlockReference
 62
2
  6
CONTINUOUS
  2
_FILLED
 10
92.4796903427
 20
177.9047060185
 41
3.5
 42
3.5
 43
3.5
  0
ENDBLK
  5
32B
100
AcDbEntity
  8
0
  6
BYBLOCK
 62
0
100
AcDbBlockEnd
  0
BLOCK
  5
32C
100
AcDbEntity
  8
ZEICHNUNGSBEMASSUNGEN
100
AcDbBlockBegin
 62
2
  6
CONTINUOUS
  2
*D20
 70
65
 10
0.0
 20
0.0
  3
*D20
  1

  0
MTEXT
  5
32D
100
AcDbEntity
  8
ZEICHNUNGSBEMASSUNGEN
100
AcDbMText
 62
5
  6
CONTINUOUS
  7
STANDARD
 71
2
 72
1
 10
141.7319981297
 20
277.1360913197
 30
0.0
 11
1.0
 21
0.0
 31
0.0
 44
0.9
  1
\Q15.0;16,45{\Ftxt.shx;\W1.000000;\H3.500000; }[.648]
 40
3.5
 41
28.75
  0
LINE
  5
32E
100
AcDbEntity
  8
ZEICHNUNGSBEMASSUNGEN
100
AcDbLine
 62
2
  6
CONTINUOUS
 10
124.3667028698
 20
246.377279406
 11
124.3667028698
 21
274.2302246619
  0
LINE
  5
32F
100
AcDbEntity
  8
ZEICHNUNGSBEMASSUNGEN
100
AcDbLine
 62
2
  6
CONTINUOUS
 10
157.2667028698
 20
264.7289856075
 11
157.2667028698
 21
274.2302246619
  0
LINE
  5
330
100
AcDbEntity
  8
ZEICHNUNGSBEMASSUNGEN
100
AcDbLine
 62
2
  6
CONTINUOUS
 10
124.3667028698
 20
272.7302246619
 11
140.8167028698
 21
272.7302246619
  0
LINE
  5
331
100
AcDbEntity
  8
ZEICHNUNGSBEMASSUNGEN
100
AcDbLine
 62
2
  6
CONTINUOUS
 10
157.2667028698
 20
272.7302246619
 11
140.8167028698
 21
272.7302246619
  0
INSERT
  5
332
100
AcDbEntity
  8
ZEICHNUNGSBEMASSUNGEN
100
AcDbBlockReference
 62
2
  6
CONTINUOUS
  2
_FILLED
 10
124.3667028698
 20
272.7302246619
 41
3.5
 42
3.5
 43
3.5
 50
180.0
  0
INSERT
  5
333
100
AcDbEntity
  8
ZEICHNUNGSBEMASSUNGEN
100
AcDbBlockReference
 62
2
  6
CONTINUOUS
  2
_FILLED
 10
157.2667028698
 20
272.7302246619
 41
3.5
 42
3.5
 43
3.5
  0
ENDBLK
  5
334
100
AcDbEntity
  8
0
  6
BYBLOCK
 62
0
100
AcDbBlockEnd
  0
BLOCK
  5
335
100
AcDbEntity
  8
ZEICHNUNGSBEMASSUNGEN
100
AcDbBlockBegin
 62
2
  6
CONTINUOUS
  2
*D21
 70
65
 10
0.0
 20
0.0
  3
*D21
  1

  0
MTEXT
  5
336
100
AcDbEntity
  8
ZEICHNUNGSBEMASSUNGEN
100
AcDbMText
 62
5
  6
CONTINUOUS
  7
STANDARD
 71
2
 72
1
 10
290.7957468874
 20
200.8554027242
 30
0.0
 11
0.0
 21
1.0
 31
0.0
 44
0.9
  1
\Q15.0;10,05{\Ftxt.shx;\W1.000000;\H3.500000; }[.396]
 40
3.5
 41
28.5
  0
LINE
  5
337
100
AcDbEntity
  8
ZEICHNUNGSBEMASSUNGEN
100
AcDbLine
 62
2
  6
CONTINUOUS
 10
326.0987116405
 20
215.8239892102
 11
293.7016135453
 21
215.8239892102
  0
LINE
  5
338
100
AcDbEntity
  8
ZEICHNUNGSBEMASSUNGEN
100
AcDbLine
 62
2
  6
CONTINUOUS
 10
310.2737116405
 20
185.6739892102
 11
293.7016135453
 21
185.6739892102
  0
LINE
  5
339
100
AcDbEntity
  8
ZEICHNUNGSBEMASSUNGEN
100
AcDbLine
 62
2
  6
CONTINUOUS
 10
295.2016135453
 20
215.8239892102
 11
295.2016135453
 21
200.7489892102
  0
LINE
  5
33A
100
AcDbEntity
  8
ZEICHNUNGSBEMASSUNGEN
100
AcDbLine
 62
2
  6
CONTINUOUS
 10
295.2016135453
 20
185.6739892102
 11
295.2016135453
 21
200.7489892102
  0
INSERT
  5
33B
100
AcDbEntity
  8
ZEICHNUNGSBEMASSUNGEN
100
AcDbBlockReference
 62
2
  6
CONTINUOUS
  2
_FILLED
 10
295.2016135453
 20
215.8239892102
 41
3.5
 42
3.5
 43
3.5
 50
90.0
  0
INSERT
  5
33C
100
AcDbEntity
  8
ZEICHNUNGSBEMASSUNGEN
100
AcDbBlockReference
 62
2
  6
CONTINUOUS
  2
_FILLED
 10
295.2016135453
 20
185.6739892102
 41
3.5
 42
3.5
 43
3.5
 50
270.0
  0
ENDBLK
  5
33D
100
AcDbEntity
  8
0
  6
BYBLOCK
 62
0
100
AcDbBlockEnd
  0
BLOCK
  5
33E
100
AcDbEntity
  8
ZEICHNUNGSBEMASSUNGEN
100
AcDbBlockBegin
 62
2
  6
CONTINUOUS
  2
*D22
 70
65
 10
0.0
 20
0.0
  3
*D22
  1

  0
MTEXT
  5
33F
100
AcDbEntity
  8
ZEICHNUNGSBEMASSUNGEN
100
AcDbMText
 62
5
  6
CONTINUOUS
  7
STANDARD
 71
2
 72
1
 10
341.6527898048
 20
235.0910641397
 30
0.0
 11
1.0
 21
0.0
 31
0.0
 44
0.9
  1
\Q15.0;6,6{\Ftxt.shx;\W1.000000;\H3.500000; }[.260]
 40
3.5
 41
24.25
  0
LINE
  5
340
100
AcDbEntity
  8
ZEICHNUNGSBEMASSUNGEN
100
AcDbLine
 62
2
  6
CONTINUOUS
 10
331.0987116405
 20
220.8239892102
 11
331.0987116405
 21
232.1851974819
  0
LINE
  5
341
100
AcDbEntity
  8
ZEICHNUNGSBEMASSUNGEN
100
AcDbLine
 62
2
  6
CONTINUOUS
 10
350.8987116405
 20
220.8239892102
 11
350.8987116405
 21
232.1851974819
  0
LINE
  5
342
100
AcDbEntity
  8
ZEICHNUNGSBEMASSUNGEN
100
AcDbLine
 62
2
  6
CONTINUOUS
 10
331.0987116405
 20
230.6851974819
 11
340.9987116405
 21
230.6851974819
  0
LINE
  5
343
100
AcDbEntity
  8
ZEICHNUNGSBEMASSUNGEN
100
AcDbLine
 62
2
  6
CONTINUOUS
 10
350.8987116405
 20
230.6851974819
 11
340.9987116405
 21
230.6851974819
  0
INSERT
  5
344
100
AcDbEntity
  8
ZEICHNUNGSBEMASSUNGEN
100
AcDbBlockReference
 62
2
  6
CONTINUOUS
  2
_FILLED
 10
331.0987116405
 20
230.6851974819
 41
3.5
 42
3.5
 43
3.5
 50
180.0
  0
INSERT
  5
345
100
AcDbEntity
  8
ZEICHNUNGSBEMASSUNGEN
100
AcDbBlockReference
 62
2
  6
CONTINUOUS
  2
_FILLED
 10
350.8987116405
 20
230.6851974819
 41
3.5
 42
3.5
 43
3.5
  0
ENDBLK
  5
346
100
AcDbEntity
  8
0
  6
BYBLOCK
 62
0
100
AcDbBlockEnd
  0
BLOCK
  5
347
100
AcDbEntity
  8
ZEICHNUNGSBEMASSUNGEN
100
AcDbBlockBegin
 62
2
  6
CONTINUOUS
  2
*D23
 70
65
 10
0.0
 20
0.0
  3
*D23
  1

  0
MTEXT
  5
348
100
AcDbEntity
  8
ZEICHNUNGSBEMASSUNGEN
100
AcDbMText
 62
5
  6
CONTINUOUS
  7
STANDARD
 71
3
 72
1
 10
322.1149915958
 20
215.1459433535
 30
0.0
 11
0.8329838617
 21
0.5532972855
 31
0.0
 44
0.9
  1
\Q15.0;R1{\Ftxt.shx;\W1.000000;\H3.500000; }[.039]
 40
3.5
 41
21.25
  0
LINE
  5
349
100
AcDbEntity
  8
ZEICHNUNGSBEMASSUNGEN
100
AcDbLine
 62
2
  6
CONTINUOUS
 10
328.5997600553
 20
214.1640973538
 11
306.8518385959
 21
199.7183602146
  0
INSERT
  5
34A
100
AcDbEntity
  8
ZEICHNUNGSBEMASSUNGEN
100
AcDbBlockReference
 62
2
  6
CONTINUOUS
  2
_FILLED
 10
328.5997600553
 20
214.1640973538
 41
3.5
 42
3.5
 43
3.5
 50
33.5935159368
  0
ENDBLK
  5
34B
100
AcDbEntity
  8
0
  6
BYBLOCK
 62
0
100
AcDbBlockEnd
  0
BLOCK
  5
34C
100
AcDbEntity
  8
ZEICHNUNGSBEMASSUNGEN
100
AcDbBlockBegin
 62
2
  6
CONTINUOUS
  2
*D24
 70
65
 10
0.0
 20
0.0
  3
*D24
  1

  0
MTEXT
  5
34D
100
AcDbEntity
  8
ZEICHNUNGSBEMASSUNGEN
100
AcDbMText
 62
5
  6
CONTINUOUS
  7
STANDARD
 71
2
 72
1
 10
143.0771596758
 20
83.6527199998
 30
0.0
 11
1.0
 21
0.0
 31
0.0
 44
0.9
  1
\Q15.0;18,2{\Ftxt.shx;\W1.000000;\H3.500000; }[.72]
 40
3.5
 41
23.5
  0
LINE
  5
34E
100
AcDbEntity
  8
ZEICHNUNGSBEMASSUNGEN
100
AcDbLine
 62
2
  6
CONTINUOUS
 10
163.0700511624
 20
85.831179726
 11
163.0700511624
 21
77.746853342
  0
LINE
  5
34F
100
AcDbEntity
  8
ZEICHNUNGSBEMASSUNGEN
100
AcDbLine
 62
2
  6
CONTINUOUS
 10
126.6700511624
 20
103.1054151538
 11
126.6700511624
 21
77.746853342
  0
LINE
  5
350
100
AcDbEntity
  8
ZEICHNUNGSBEMASSUNGEN
100
AcDbLine
 62
2
  6
CONTINUOUS
 10
163.0700511624
 20
79.246853342
 11
144.8700511624
 21
79.246853342
  0
LINE
  5
351
100
AcDbEntity
  8
ZEICHNUNGSBEMASSUNGEN
100
AcDbLine
 62
2
  6
CONTINUOUS
 10
126.6700511624
 20
79.246853342
 11
144.8700511624
 21
79.246853342
  0
INSERT
  5
352
100
AcDbEntity
  8
ZEICHNUNGSBEMASSUNGEN
100
AcDbBlockReference
 62
2
  6
CONTINUOUS
  2
_FILLED
 10
163.0700511624
 20
79.246853342
 41
3.5
 42
3.5
 43
3.5
  0
INSERT
  5
353
100
AcDbEntity
  8
ZEICHNUNGSBEMASSUNGEN
100
AcDbBlockReference
 62
2
  6
CONTINUOUS
  2
_FILLED
 10
126.6700511624
 20
79.246853342
 41
3.5
 42
3.5
 43
3.5
 50
180.0
  0
ENDBLK
  5
354
100
AcDbEntity
  8
0
  6
BYBLOCK
 62
0
100
AcDbBlockEnd
  0
BLOCK
  5
355
100
AcDbEntity
  8
ZEICHNUNGSBEMASSUNGEN
100
AcDbBlockBegin
 62
2
  6
CONTINUOUS
  2
*D25
 70
65
 10
0.0
 20
0.0
  3
*D25
  1

  0
MTEXT
  5
356
100
AcDbEntity
  8
ZEICHNUNGSBEMASSUNGEN
100
AcDbMText
 62
5
  6
CONTINUOUS
  7
STANDARD
 71
2
 72
1
 10
73.1456466569
 20
175.8017211455
 30
0.0
 11
1.0
 21
0.0
 31
0.0
 44
0.9
  1
\Q15.0;26{\Ftxt.shx;\W1.000000;\H3.500000; }[1.02]
 40
3.5
 41
21.5
  0
LINE
  5
357
100
AcDbEntity
  8
ZEICHNUNGSBEMASSUNGEN
100
AcDbLine
 62
2
  6
CONTINUOUS
 10
99.4796903427
 20
197.0951521197
 11
99.4796903427
 21
169.8958544877
  0
LINE
  5
358
100
AcDbEntity
  8
ZEICHNUNGSBEMASSUNGEN
100
AcDbLine
 62
2
  6
CONTINUOUS
 10
47.4796903427
 20
198.1376402993
 11
47.4796903427
 21
169.8958544877
  0
LINE
  5
359
100
AcDbEntity
  8
ZEICHNUNGSBEMASSUNGEN
100
AcDbLine
 62
2
  6
CONTINUOUS
 10
99.4796903427
 20
171.3958544877
 11
73.4796903427
 21
171.3958544877
  0
LINE
  5
35A
100
AcDbEntity
  8
ZEICHNUNGSBEMASSUNGEN
100
AcDbLine
 62
2
  6
CONTINUOUS
 10
47.4796903427
 20
171.3958544877
 11
73.4796903427
 21
171.3958544877
  0
INSERT
  5
35B
100
AcDbEntity
  8
ZEICHNUNGSBEMASSUNGEN
100
AcDbBlockReference
 62
2
  6
CONTINUOUS
  2
_FILLED
 10
99.4796903427
 20
171.3958544877
 41
3.5
 42
3.5
 43
3.5
  0
INSERT
  5
35C
100
AcDbEntity
  8
ZEICHNUNGSBEMASSUNGEN
100
AcDbBlockReference
 62
2
  6
CONTINUOUS
  2
_FILLED
 10
47.4796903427
 20
171.3958544877
 41
3.5
 42
3.5
 43
3.5
 50
180.0
  0
ENDBLK
  5
35D
100
AcDbEntity
  8
0
  6
BYBLOCK
 62
0
100
AcDbBlockEnd
  0
BLOCK
  5
35E
100
AcDbEntity
  8
ZEICHNUNGSBEMASSUNGEN
100
AcDbBlockBegin
 62
2
  6
CONTINUOUS
  2
*D26
 70
65
 10
0.0
 20
0.0
  3
*D26
  1

  0
MTEXT
  5
35F
100
AcDbEntity
  8
ZEICHNUNGSBEMASSUNGEN
100
AcDbMText
 62
5
  6
CONTINUOUS
  7
STANDARD
 71
2
 72
1
 10
16.5469349496
 20
224.2827608813
 30
0.0
 11
0.0
 21
1.0
 31
0.0
 44
0.9
  1
\Q15.0;31{\Ftxt.shx;\W1.000000;\H3.500000; }[1.22]
 40
3.5
 41
20.5
  0
LINE
  5
360
100
AcDbEntity
  8
ZEICHNUNGSBEMASSUNGEN
100
AcDbLine
 62
2
  6
CONTINUOUS
 10
51.2081150873
 20
255.2453795619
 11
19.4528016075
 21
255.2453795619
  0
LINE
  5
361
100
AcDbEntity
  8
ZEICHNUNGSBEMASSUNGEN
100
AcDbLine
 62
2
  6
CONTINUOUS
 10
52.1130527431
 20
193.2453795619
 11
19.4528016075
 21
193.2453795619
  0
LINE
  5
362
100
AcDbEntity
  8
ZEICHNUNGSBEMASSUNGEN
100
AcDbLine
 62
2
  6
CONTINUOUS
 10
20.9528016075
 20
255.2453795619
 11
20.9528016075
 21
224.2453795619
  0
LINE
  5
363
100
AcDbEntity
  8
ZEICHNUNGSBEMASSUNGEN
100
AcDbLine
 62
2
  6
CONTINUOUS
 10
20.9528016075
 20
193.2453795619
 11
20.9528016075
 21
224.2453795619
  0
INSERT
  5
364
100
AcDbEntity
  8
ZEICHNUNGSBEMASSUNGEN
100
AcDbBlockReference
 62
2
  6
CONTINUOUS
  2
_FILLED
 10
20.9528016075
 20
255.2453795619
 41
3.5
 42
3.5
 43
3.5
 50
90.0
  0
INSERT
  5
365
100
AcDbEntity
  8
ZEICHNUNGSBEMASSUNGEN
100
AcDbBlockReference
 62
2
  6
CONTINUOUS
  2
_FILLED
 10
20.9528016075
 20
193.2453795619
 41
3.5
 42
3.5
 43
3.5
 50
270.0
  0
ENDBLK
  5
366
100
AcDbEntity
  8
0
  6
BYBLOCK
 62
0
100
AcDbBlockEnd
  0
BLOCK
  5
367
100
AcDbEntity
  8
ZEICHNUNGSBEMASSUNGEN
100
AcDbBlockBegin
 62
2
  6
CONTINUOUS
  2
*D27
 70
65
 10
0.0
 20
0.0
  3
*D27
  1

  0
MTEXT
  5
368
100
AcDbEntity
  8
ZEICHNUNGSBEMASSUNGEN
100
AcDbMText
 62
5
  6
CONTINUOUS
  7
STANDARD
 71
1
 72
1
 10
173.2538090888
 20
277.1360913197
 30
0.0
 11
1.0
 21
0.0
 31
0.0
 44
0.9
  1
\Q15.0;4,5{\Ftxt.shx;\W1.000000;\H3.500000; }[.18]
 40
3.5
 41
20.5
  0
LINE
  5
369
100
AcDbEntity
  8
ZEICHNUNGSBEMASSUNGEN
100
AcDbLine
 62
2
  6
CONTINUOUS
 10
162.2667028698
 20
264.795710005
 11
162.2667028698
 21
274.2302246619
  0
LINE
  5
36A
100
AcDbEntity
  8
ZEICHNUNGSBEMASSUNGEN
100
AcDbLine
 62
2
  6
CONTINUOUS
 10
171.2667028698
 20
244.4004661062
 11
171.2667028698
 21
274.2302246619
  0
LINE
  5
36B
100
AcDbEntity
  8
ZEICHNUNGSBEMASSUNGEN
100
AcDbLine
 62
2
  6
CONTINUOUS
 10
162.2667028698
 20
272.7302246619
 11
166.7667028698
 21
272.7302246619
  0
LINE
  5
36C
100
AcDbEntity
  8
ZEICHNUNGSBEMASSUNGEN
100
AcDbLine
 62
2
  6
CONTINUOUS
 10
171.2667028698
 20
272.7302246619
 11
166.7667028698
 21
272.7302246619
  0
LINE
  5
36D
100
AcDbEntity
  8
ZEICHNUNGSBEMASSUNGEN
100
AcDbLine
 62
2
  6
CONTINUOUS
 10
166.7667028698
 20
272.7302246619
 11
193.7538090888
 21
272.7302246619
  0
INSERT
  5
36E
100
AcDbEntity
  8
ZEICHNUNGSBEMASSUNGEN
100
AcDbBlockReference
 62
2
  6
CONTINUOUS
  2
_FILLED
 10
162.2667028698
 20
272.7302246619
 41
3.5
 42
3.5
 43
3.5
 50
180.0
  0
INSERT
  5
36F
100
AcDbEntity
  8
ZEICHNUNGSBEMASSUNGEN
100
AcDbBlockReference
 62
2
  6
CONTINUOUS
  2
_FILLED
 10
171.2667028698
 20
272.7302246619
 41
3.5
 42
3.5
 43
3.5
  0
ENDBLK
  5
370
100
AcDbEntity
  8
0
  6
BYBLOCK
 62
0
100
AcDbBlockEnd
  0
BLOCK
  5
371
100
AcDbEntity
  8
0
100
AcDbBlockBegin
  2
*T1
 70
1
 10
0.0
 20
0.0
  3
*T1
  1

  0
LINE
  5
372
100
AcDbEntity
  8
0
100
AcDbLine
 62
7
  6
CONTINUOUS
 10
0.0
 20
0.0
 11
133.0
 21
0.0
  0
LINE
  5
373
100
AcDbEntity
  8
0
100
AcDbLine
 62
7
  6
CONTINUOUS
 10
0.0
 20
0.0
 11
0.0
 21
-46.0
  0
LINE
  5
374
100
AcDbEntity
  8
0
100
AcDbLine
 62
7
  6
CONTINUOUS
 10
82.0
 20
-5.0
 11
133.0
 21
-5.0
  0
LINE
  5
375
100
AcDbEntity
  8
0
100
AcDbLine
 62
7
  6
CONTINUOUS
 10
0.0
 20
-10.0
 11
41.0
 21
-10.0
  0
LINE
  5
376
100
AcDbEntity
  8
0
100
AcDbLine
 62
7
  6
CONTINUOUS
 10
82.0
 20
-10.0
 11
133.0
 21
-10.0
  0
LINE
  5
377
100
AcDbEntity
  8
0
100
AcDbLine
 62
7
  6
CONTINUOUS
 10
82.0
 20
-15.0
 11
133.0
 21
-15.0
  0
LINE
  5
378
100
AcDbEntity
  8
0
100
AcDbLine
 62
7
  6
CONTINUOUS
 10
0.0
 20
-20.0
 11
133.0
 21
-20.0
  0
LINE
  5
379
100
AcDbEntity
  8
0
100
AcDbLine
 62
7
  6
CONTINUOUS
 10
82.0
 20
-28.0
 11
133.0
 21
-28.0
  0
LINE
  5
37A
100
AcDbEntity
  8
0
100
AcDbLine
 62
7
  6
CONTINUOUS
 10
0.0
 20
-37.0
 11
133.0
 21
-37.0
  0
LINE
  5
37B
100
AcDbEntity
  8
0
100
AcDbLine
 62
7
  6
CONTINUOUS
 10
0.0
 20
-46.0
 11
133.0
 21
-46.0
  0
LINE
  5
37C
100
AcDbEntity
  8
0
100
AcDbLine
 62
7
  6
CONTINUOUS
 10
41.0
 20
0.0
 11
41.0
 21
-20.0
  0
LINE
  5
37D
100
AcDbEntity
  8
0
100
AcDbLine
 62
7
  6
CONTINUOUS
 10
64.0
 20
0.0
 11
64.0
 21
-20.0
  0
LINE
  5
37E
100
AcDbEntity
  8
0
100
AcDbLine
 62
7
  6
CONTINUOUS
 10
82.0
 20
0.0
 11
82.0
 21
-46.0
  0
LINE
  5
37F
100
AcDbEntity
  8
0
100
AcDbLine
 62
7
  6
CONTINUOUS
 10
101.0
 20
0.0
 11
101.0
 21
-20.0
  0
LINE
  5
380
100
AcDbEntity
  8
0
100
AcDbLine
 62
7
  6
CONTINUOUS
 10
116.0
 20
0.0
 11
116.0
 21
-37.0
  0
LINE
  5
381
100
AcDbEntity
  8
0
100
AcDbLine
 62
7
  6
CONTINUOUS
 10
133.0
 20
0.0
 11
133.0
 21
-46.0
  0
MTEXT
  5
382
100
AcDbEntity
  8
0
100
AcDbMText
 62
5
  6
CONTINUOUS
  7
TEXTSTYLE_5
 71
1
 72
1
 10
0.0625
 20
-2.7341257188
 30
0.0
 11
1.0
 21
0.0
 31
0.0
 44
0.9
  1
\Q15.0; Allgemeintoleranzen\P ISO 2768-m
 40
1.8
 41
24.6
  0
MTEXT
  5
383
100
AcDbEntity
  8
0
100
AcDbMText
 62
5
  6
CONTINUOUS
  7
TEXTSTYLE_5
 71
2
 72
1
 10
52.5
 20
-1.5352761804
 30
0.0
 11
1.0
 21
0.0
 31
0.0
 44
0.9
  1
\Q15.0;Werkstoff
 40
2.0
 41
13.1428571429
  0
MTEXT
  5
384
100
AcDbEntity
  8
0
100
AcDbMText
 62
5
  6
CONTINUOUS
  7
TEXTSTYLE_5
 71
2
 72
1
 10
73.0
 20
-1.5352761804
 30
0.0
 11
1.0
 21
0.0
 31
0.0
 44
0.9
  1
\Q15.0;Massstab:
 40
2.0
 41
12.1428571429
  0
MTEXT
  5
385
100
AcDbEntity
  8
0
100
AcDbMText
 62
5
  6
CONTINUOUS
  7
TEXTSTYLE_5
 71
2
 72
1
 10
108.5
 20
-1.5352761804
 30
0.0
 11
1.0
 21
0.0
 31
0.0
 44
0.9
  1
\Q15.0;Datum
 40
2.0
 41
7.6666666667
  0
MTEXT
  5
386
100
AcDbEntity
  8
0
100
AcDbMText
 62
5
  6
CONTINUOUS
  7
TEXTSTYLE_5
 71
2
 72
1
 10
124.5
 20
-1.5352761804
 30
0.0
 11
1.0
 21
0.0
 31
0.0
 44
0.9
  1
\Q15.0;Name
 40
2.0
 41
6.2857142857
  0
MTEXT
  5
387
100
AcDbEntity
  8
0
100
AcDbMText
 62
5
  6
CONTINUOUS
  7
TEXTSTYLE_5
 71
1
 72
1
 10
82.0625
 20
-6.5352761804
 30
0.0
 11
1.0
 21
0.0
 31
0.0
 44
0.9
  1
\Q15.0; Gezeichnet
 40
2.0
 41
15.1904761905
  0
MTEXT
  5
388
100
AcDbEntity
  8
0
100
AcDbMText
 62
5
  6
CONTINUOUS
  7
TEXTSTYLE_5
 71
2
 72
1
 10
108.5
 20
-6.5352761804
 30
0.0
 11
1.0
 21
0.0
 31
0.0
 44
0.9
  1
\Q15.0;14.03.02
 40
2.0
 41
11.1428571429
  0
MTEXT
  5
389
100
AcDbEntity
  8
0
100
AcDbMText
 62
5
  6
CONTINUOUS
  7
TEXTSTYLE_5
 71
2
 72
1
 10
124.5
 20
-6.5352761804
 30
0.0
 11
1.0
 21
0.0
 31
0.0
 44
0.9
  1
\Q15.0;Payr
 40
2.0
 41
5.5238095238
  0
MTEXT
  5
38A
100
AcDbEntity
  8
0
100
AcDbMText
 62
5
  6
CONTINUOUS
  7
TEXTSTYLE_5
 71
1
 72
1
 10
0.0625
 20
-12.7341257188
 30
0.0
 11
1.0
 21
0.0
 31
0.0
 44
0.9
  1
\Q15.0; Zeichnung urheberrechtlich\P geschuetzt (DIN 34) (C)
 40
1.8
 41
33.0
  0
MTEXT
  5
38B
100
AcDbEntity
  8
0
100
AcDbMText
 62
5
  6
CONTINUOUS
  7
TEXTSTYLE_5
 71
2
 72
1
 10
52.5
 20
-11.5352761804
 30
0.0
 11
1.0
 21
0.0
 31
0.0
 44
0.9
  1
\Q15.0;-
 40
2.0
 41
1.4285714286
  0
MTEXT
  5
38C
100
AcDbEntity
  8
0
100
AcDbMText
 62
5
  6
CONTINUOUS
  7
TEXTSTYLE_5
 71
2
 72
1
 10
73.0
 20
-10.2015916314
 30
0.0
 11
1.0
 21
0.0
 31
0.0
 44
0.9
  1
\Q15.0;2:1
 40
3.5
 41
6.0
  0
MTEXT
  5
38D
100
AcDbEntity
  8
0
100
AcDbMText
 62
5
  6
CONTINUOUS
  7
TEXTSTYLE_5
 71
1
 72
1
 10
82.0625
 20
-11.5352761804
 30
0.0
 11
1.0
 21
0.0
 31
0.0
 44
0.9
  1
\Q15.0; Freigegeben
 40
2.0
 41
16.7619047619
  0
MTEXT
  5
38E
100
AcDbEntity
  8
0
100
AcDbMText
 62
5
  6
CONTINUOUS
  7
TEXTSTYLE_5
 71
2
 72
1
 10
108.5
 20
-11.5352761804
 30
0.0
 11
1.0
 21
0.0
 31
0.0
 44
0.9
  1
\Q15.0;-
 40
2.0
 41
1.4285714286
  0
MTEXT
  5
38F
100
AcDbEntity
  8
0
100
AcDbMText
 62
5
  6
CONTINUOUS
  7
TEXTSTYLE_5
 71
2
 72
1
 10
124.5
 20
-11.5352761804
 30
0.0
 11
1.0
 21
0.0
 31
0.0
 44
0.9
  1
\Q15.0;-
 40
2.0
 41
1.4285714286
  0
MTEXT
  5
390
100
AcDbEntity
  8
0
100
AcDbMText
 62
5
  6
CONTINUOUS
  7
TEXTSTYLE_5
 71
2
 72
1
 10
52.5
 20
-16.5352761804
 30
0.0
 11
1.0
 21
0.0
 31
0.0
 44
0.9
  1
\Q15.0;-
 40
2.0
 41
1.4285714286
  0
MTEXT
  5
391
100
AcDbEntity
  8
0
100
AcDbMText
 62
5
  6
CONTINUOUS
  7
TEXTSTYLE_5
 71
2
 72
1
 10
73.0
 20
-16.5352761804
 30
0.0
 11
1.0
 21
0.0
 31
0.0
 44
0.9
  1
(\Q15.0;A3\Q0.0;)
 40
2.0
 41
4.8571428571
  0
MTEXT
  5
392
100
AcDbEntity
  8
0
100
AcDbMText
 62
5
  6
CONTINUOUS
  7
TEXTSTYLE_5
 71
1
 72
1
 10
82.0625
 20
-16.5352761804
 30
0.0
 11
1.0
 21
0.0
 31
0.0
 44
0.9
  1
\Q15.0; Geaendert
 40
2.0
 41
14.1428571429
  0
MTEXT
  5
393
100
AcDbEntity
  8
0
100
AcDbMText
 62
5
  6
CONTINUOUS
  7
TEXTSTYLE_5
 71
2
 72
1
 10
108.5
 20
-16.5352761804
 30
0.0
 11
1.0
 21
0.0
 31
0.0
 44
0.9
  1
\Q15.0;04.02.05
 40
2.0
 41
11.5714285714
  0
MTEXT
  5
394
100
AcDbEntity
  8
0
100
AcDbMText
 62
5
  6
CONTINUOUS
  7
TEXTSTYLE_5
 71
2
 72
1
 10
124.5
 20
-16.5352761804
 30
0.0
 11
1.0
 21
0.0
 31
0.0
 44
0.9
  1
\Q15.0;Payr
 40
2.0
 41
5.5238095238
  0
MTEXT
  5
395
100
AcDbEntity
  8
0
100
AcDbMText
 62
5
  6
CONTINUOUS
  7
TEXTSTYLE_5
 71
1
 72
1
 10
0.0625
 20
-20.921875
 30
0.0
 11
1.0
 21
0.0
 31
0.0
 44
0.9
  1
\Q15.0; Benennung
 40
2.0
 41
14.5714285714
  0
MTEXT
  5
396
100
AcDbEntity
  8
0
100
AcDbMText
 62
5
  6
CONTINUOUS
  7
TEXTSTYLE_5
 71
1
 72
1
 10
82.0625
 20
-20.9647238196
 30
0.0
 11
1.0
 21
0.0
 31
0.0
 44
1.2
  1
\Q15.0; Aend.-Nr.\P 18-2005
 40
2.0
 41
14.1428571429
  0
MTEXT
  5
397
100
AcDbEntity
  8
0
100
AcDbMText
 62
5
  6
CONTINUOUS
  7
TEXTSTYLE_5
 71
2
 72
1
 10
124.5
 20
-20.835314297
 30
0.0
 11
1.0
 21
0.0
 31
0.0
 44
0.9
  1
\Q15.0;Aend.-Index\P\H3.0;D
 40
2.0
 41
15.5714285714
  0
MTEXT
  5
398
100
AcDbEntity
  8
0
100
AcDbMText
 62
5
  6
CONTINUOUS
  7
TEXTSTYLE_5
 71
2
 72
1
 10
41.0
 20
-23.8117333157
 30
0.0
 11
1.0
 21
0.0
 31
0.0
 44
0.9
  1
\Q15.0;NE8FDV
 40
3.5
 41
16.5833333333
  0
MTEXT
  5
399
100
AcDbEntity
  8
0
100
AcDbMText
 62
5
  6
CONTINUOUS
  7
TEXTSTYLE_5
 71
2
 72
1
 10
40.25
 20
-30.088190451
 30
0.0
 11
1.0
 21
0.0
 31
0.0
 44
0.9
  1
\Q15.0;NE8FDV
 40
5.0
 41
23.6904761905
  0
MTEXT
  5
39A
100
AcDbEntity
  8
0
100
AcDbMText
 62
5
  6
CONTINUOUS
  7
TEXTSTYLE_5
 71
1
 72
1
 10
82.0625
 20
-31.5352761804
 30
0.0
 11
1.0
 21
0.0
 31
0.0
 44
0.9
  1
\Q15.0; Ersatz fuer:
 40
2.0
 41
17.2857142857
  0
MTEXT
  5
39B
100
AcDbEntity
  8
0
100
AcDbMText
 62
5
  6
CONTINUOUS
  7
TEXTSTYLE_5
 71
2
 72
1
 10
124.5
 20
-29.4647238196
 30
0.0
 11
1.0
 21
0.0
 31
0.0
 44
1.2
  1
\Q15.0;Blatt 1\Pvon 1 Bl.
 40
2.0
 41
12.2857142857
  0
MTEXT
  5
39C
100
AcDbEntity
  8
0
100
AcDbMText
 62
5
  6
CONTINUOUS
  7
TEXTSTYLE_5
 71
1
 72
1
 10
82.0625
 20
-37.5352761804
 30
0.0
 11
1.0
 21
0.0
 31
0.0
 44
0.9
  1
\Q15.0; Zeichn. Nr.
 40
2.0
 41
16.4761904762
  0
MTEXT
  5
39D
100
AcDbEntity
  8
0
100
AcDbMText
 62
5
  6
CONTINUOUS
  7
TEXTSTYLE_5
 71
2
 72
1
 10
108.5
 20
-41.3117333157
 30
0.0
 11
1.0
 21
0.0
 31
0.0
 44
0.9
  1
\Q15.0;ST-NE8FDV
 40
3.5
 41
24.8333333333
  0
ENDBLK
  5
39E
100
AcDbEntity
  8
0
100
AcDbBlockEnd
  0
ENDSEC
  0
SECTION
  2
ENTITIES
  0
MTEXT
  5
39F
100
AcDbEntity
  8
0
100
AcDbMText
 62
4
  6
CONTINUOUS
  7
TEXTSTYLE_2
 71
1
 72
1
 10
330.914129497
 20
15.9780474456
 30
0.0
 11
1.0
 21
0.0
 31
0.0
 44
0.9
  1
\Q15.0;FL-9494 SCHAAN
 40
2.4236218182
 41
26.4290188745
  0
DIMENSION
  5
3A0
100
AcDbEntity
  8
ZEICHNUNGSBEMASSUNGEN
100
AcDbDimension
 62
2
  6
CONTINUOUS
  2
*D0
 10
36.8543028764
 20
20.9633750171
 11
34.2293028764
 21
46.7519404633
 70
160
 71
1
 42
3.2
  1
>=%%c3.2 [.126]
  3
DIMSTYLE_1
100
AcDbAlignedDimension
 13
49.1585059377
 23
27.3633750171
 14
49.1585059377
 24
20.9633750171
 50
270.0
100
AcDbRotatedDimension
  0
DIMENSION
  5
3A1
100
AcDbEntity
  8
ZEICHNUNGSBEMASSUNGEN
100
AcDbDimension
 62
2
  6
CONTINUOUS
  2
*D1
 10
45.2022052691
 20
53.2429378861
 11
66.3363104381
 21
50.0028561602
 70
163
 71
2
 42
24.0
  1
>=<>
  3
DIMSTYLE_2
100
AcDbDiametricDimension
 15
92.1148066064
 25
43.083812148
  0
DIMENSION
  5
3A2
100
AcDbEntity
  8
ZEICHNUNGSBEMASSUNGEN
100
AcDbDimension
 62
2
  6
CONTINUOUS
  2
*D2
 10
104.1002401764
 20
72.1633750171
 11
102.7325851649
 21
46.5604977204
 70
160
 71
2
 42
24.0
  1
<> 
  3
DIMSTYLE_3
100
AcDbAlignedDimension
 13
55.3585059377
 23
24.1633750171
 14
93.3585059377
 24
72.1633750171
 50
90.0
100
AcDbRotatedDimension
  0
DIMENSION
  5
3A3
100
AcDbEntity
  8
ZEICHNUNGSBEMASSUNGEN
100
AcDbDimension
 62
2
  6
CONTINUOUS
  2
*D3
 10
87.6585059377
 20
13.0658219177
 11
67.0378800183
 21
16.6522485597
 70
160
 71
2
 42
19.0
  3
DIMSTYLE_4
100
AcDbAlignedDimension
 13
49.6585059377
 23
18.4633750171
 14
87.6585059377
 24
66.4633750171
100
AcDbRotatedDimension
  0
DIMENSION
  5
3A4
100
AcDbEntity
  8
ZEICHNUNGSBEMASSUNGEN
100
AcDbDimension
 62
2
  6
CONTINUOUS
  2
*D4
 10
358.3987116405
 20
255.2645353151
 11
339.9638948152
 21
257.920401973
 70
160
 71
2
 42
11.6
  3
DIMSTYLE_5
100
AcDbAlignedDimension
 13
323.5987116405
 23
225.9240147321
 14
358.3987116405
 24
225.6922837736
100
AcDbRotatedDimension
  0
DIMENSION
  5
3A5
100
AcDbEntity
  8
ZEICHNUNGSBEMASSUNGEN
100
AcDbDimension
 62
2
  6
CONTINUOUS
  2
*D5
 10
354.3187116405
 20
247.4340721291
 11
340.590904107
 21
250.089938787
 70
160
 71
2
 42
4.44
  3
DIMSTYLE_6
100
AcDbAlignedDimension
 13
340.9987116405
 23
226.6739892102
 14
354.3187116405
 24
192.5039892102
100
AcDbRotatedDimension
  0
DIMENSION
  5
3A6
100
AcDbEntity
  8
ZEICHNUNGSBEMASSUNGEN
100
AcDbDimension
 62
2
  6
CONTINUOUS
  2
*D6
 10
354.3187116405
 20
240.7159813383
 11
373.0466078653
 21
243.3718479962
 70
160
 71
1
 42
1.27
  3
DIMSTYLE_6
100
AcDbAlignedDimension
 13
350.5087116405
 23
200.1239892102
 14
354.3187116405
 24
192.5039892102
100
AcDbRotatedDimension
  0
DIMENSION
  5
3A7
100
AcDbEntity
  8
ZEICHNUNGSBEMASSUNGEN
100
AcDbDimension
 62
2
  6
CONTINUOUS
  2
*D7
 10
366.2737116405
 20
131.6891253629
 11
336.241301558
 21
134.3449920207
 70
160
 71
2
 42
16.85
  3
DIMSTYLE_5
100
AcDbAlignedDimension
 13
315.7237116405
 23
185.1739892102
 14
366.2737116405
 24
185.1739892102
100
AcDbRotatedDimension
  0
DIMENSION
  5
3A8
100
AcDbEntity
  8
ZEICHNUNGSBEMASSUNGEN
100
AcDbDimension
 62
2
  6
CONTINUOUS
  2
*D8
 10
360.7987116405
 20
140.3218381267
 11
346.6760690249
 21
142.9777047845
 70
160
 71
2
 42
6.6
  3
DIMSTYLE_5
100
AcDbAlignedDimension
 13
340.9987116405
 23
179.7254931575
 14
360.7987116405
 24
153.5239892102
100
AcDbRotatedDimension
  0
DIMENSION
  5
3A9
100
AcDbEntity
  8
ZEICHNUNGSBEMASSUNGEN
100
AcDbDimension
 62
2
  6
CONTINUOUS
  2
*D9
 10
354.3187116405
 20
172.1786430119
 11
310.7134788417
 21
174.8345096697
 70
160
 71
3
 42
2.54
  1
<> (3x)
  3
DIMSTYLE_6
100
AcDbAlignedDimension
 13
346.6987116405
 23
191.5039892102
 14
354.3187116405
 24
191.5039892102
100
AcDbRotatedDimension
  0
DIMENSION
  5
3AA
100
AcDbEntity
  8
ZEICHNUNGSBEMASSUNGEN
100
AcDbDimension
 62
2
  6
CONTINUOUS
  2
*D10
 10
359.0774840511
 20
154.5506537957
 11
343.9871554234
 21
155.3476312774
 70
163
 71
3
 42
1.2
  1
<>
  3
DIMSTYLE_7
100
AcDbDiametricDimension
 15
362.5199392298
 25
153.4973246247
  0
DIMENSION
  5
3AB
100
AcDbEntity
  8
ZEICHNUNGSBEMASSUNGEN
100
AcDbDimension
 62
2
  6
CONTINUOUS
  2
*D11
 10
354.7921293756
 20
190.9013216955
 11
369.825170706
 21
162.6188866742
 70
163
 71
1
 42
0.8
  1
8x<>
  3
DIMSTYLE_7
100
AcDbDiametricDimension
 15
353.8452939053
 25
193.1066567249
  0
DIMENSION
  5
3AC
100
AcDbEntity
  8
ZEICHNUNGSBEMASSUNGEN
100
AcDbDimension
 62
2
  6
CONTINUOUS
  2
*D12
 10
379.5405083342
 20
199.6239892102
 11
378.1728533227
 21
193.4800399445
 70
160
 71
2
 42
2.54
  3
DIMSTYLE_6
100
AcDbAlignedDimension
 13
354.8187116405
 23
192.0039892102
 14
351.0087116405
 24
199.6239892102
 50
90.0
100
AcDbRotatedDimension
  0
DIMENSION
  5
3AD
100
AcDbEntity
  8
ZEICHNUNGSBEMASSUNGEN
100
AcDbDimension
 62
2
  6
CONTINUOUS
  2
*D13
 10
388.108735327
 20
199.6239892102
 11
386.7410803155
 21
174.6280658503
 70
160
 71
2
 42
15.2
  3
DIMSTYLE_5
100
AcDbAlignedDimension
 13
361.2987116405
 23
154.0239892102
 14
381.2432246208
 24
199.6239892102
 50
90.0
100
AcDbRotatedDimension
  0
DIMENSION
  5
3AE
100
AcDbEntity
  8
ZEICHNUNGSBEMASSUNGEN
100
AcDbDimension
 62
2
  6
CONTINUOUS
  2
*D14
 10
360.8032537074
 20
221.0229164441
 11
381.2867948905
 21
231.0711897793
 70
163
 71
1
 42
1.7
  1
4x<>
  3
DIMSTYLE_7
100
AcDbDiametricDimension
 15
355.9941695735
 25
219.3250619763
  0
DIMENSION
  5
3AF
100
AcDbEntity
  8
ZEICHNUNGSBEMASSUNGEN
100
AcDbDimension
 62
2
  6
CONTINUOUS
  2
*D15
 10
350.5087116405
 20
210.5888792945
 11
381.0115271918
 21
213.2447459524
 70
160
 71
1
 42
2.54
  1
<> (3x)
  3
DIMSTYLE_6
100
AcDbAlignedDimension
 13
342.8887116405
 23
200.1239892102
 14
350.5087116405
 24
208.8305961927
100
AcDbRotatedDimension
  0
DIMENSION
  5
3B0
100
AcDbEntity
  8
ZEICHNUNGSBEMASSUNGEN
100
AcDbDimension
 62
2
  6
CONTINUOUS
  2
*D16
 10
303.1071786188
 20
199.6239892102
 11
301.7395236073
 21
196.6885958746
 70
160
 71
2
 42
4.65
  3
DIMSTYLE_6
100
AcDbAlignedDimension
 13
315.2237116405
 23
185.6739892102
 14
327.1487116405
 24
199.6239892102
 50
90.0
100
AcDbRotatedDimension
  0
DIMENSION
  5
3B1
100
AcDbEntity
  8
ZEICHNUNGSBEMASSUNGEN
100
AcDbDimension
 62
2
  6
CONTINUOUS
  2
*D17
 10
287.8828568265
 20
220.1739892102
 11
286.487197214
 21
200.533851017
 70
160
 71
2
 42
11.5
  3
DIMSTYLE_5
100
AcDbAlignedDimension
 13
293.0835849145
 23
185.6739892102
 14
319.6247532061
 24
220.1739892102
 50
90.0
100
AcDbRotatedDimension
  0
DIMENSION
  5
3B2
100
AcDbEntity
  8
ZEICHNUNGSBEMASSUNGEN
100
AcDbDimension
 62
2
  6
CONTINUOUS
  2
*D18
 10
28.4709890751
 20
248.2453795619
 11
27.1033340636
 21
222.2608594192
 70
160
 71
2
 42
24.0
  3
DIMSTYLE_8
100
AcDbAlignedDimension
 13
91.8542948379
 23
200.2453795619
 14
52.489506808
 24
248.2453795619
 50
90.0
100
AcDbRotatedDimension
  0
DIMENSION
  5
3B3
100
AcDbEntity
  8
ZEICHNUNGSBEMASSUNGEN
100
AcDbDimension
 62
2
  6
CONTINUOUS
  2
*D19
 10
92.4796903427
 20
177.9047060185
 11
70.8586307845
 21
180.5605726763
 70
160
 71
2
 42
19.0
  3
DIMSTYLE_8
100
AcDbAlignedDimension
 13
54.4796903427
 23
245.554563591
 14
92.4796903427
 24
197.8191022444
100
AcDbRotatedDimension
  0
DIMENSION
  5
3B4
100
AcDbEntity
  8
ZEICHNUNGSBEMASSUNGEN
100
AcDbDimension
 62
2
  6
CONTINUOUS
  2
*D20
 10
157.2667028698
 20
272.7302246619
 11
138.3569981297
 21
275.3860913197
 70
160
 71
2
 42
16.45
  3
DIMSTYLE_8
100
AcDbAlignedDimension
 13
124.3667028698
 23
246.377279406
 14
157.2667028698
 24
264.7289856075
100
AcDbRotatedDimension
  0
DIMENSION
  5
3B5
100
AcDbEntity
  8
ZEICHNUNGSBEMASSUNGEN
100
AcDbDimension
 62
2
  6
CONTINUOUS
  2
*D21
 10
295.2016135453
 20
185.6739892102
 11
294.0579953418
 21
197.8381639846
 70
160
 71
2
 42
10.05
  3
DIMSTYLE_5
100
AcDbAlignedDimension
 13
326.0987116405
 23
215.8239892102
 14
310.2737116405
 24
185.6739892102
 50
270.0
100
AcDbRotatedDimension
  0
DIMENSION
  5
3B6
100
AcDbEntity
  8
ZEICHNUNGSBEMASSUNGEN
100
AcDbDimension
 62
2
  6
CONTINUOUS
  2
*D22
 10
350.8987116405
 20
230.6851974819
 11
339.4027898048
 21
233.3410641397
 70
160
 71
2
 42
6.6
  3
DIMSTYLE_5
100
AcDbAlignedDimension
 13
331.0987116405
 23
220.8239892102
 14
350.8987116405
 24
220.8239892102
100
AcDbRotatedDimension
  0
DIMENSION
  5
3B7
100
AcDbEntity
  8
ZEICHNUNGSBEMASSUNGEN
100
AcDbDimension
 62
2
  6
CONTINUOUS
  2
*D23
 10
331.0987116405
 20
215.8239892102
 11
317.2433247163
 21
205.7832467793
 70
164
 71
3
 42
1.0
  1
<>
  3
DIMSTYLE_9
100
AcDbRadialDimension
 15
328.5997600553
 25
214.1640973538
  0
DIMENSION
  5
3B8
100
AcDbEntity
  8
ZEICHNUNGSBEMASSUNGEN
100
AcDbDimension
 62
2
  6
CONTINUOUS
  2
*D24
 10
126.6700511624
 20
79.246853342
 11
140.3271596758
 21
81.9027199998
 70
160
 71
2
 42
18.2
  3
DIMSTYLE_10
100
AcDbAlignedDimension
 13
163.0700511624
 23
85.831179726
 14
126.6700511624
 24
103.1054151538
 50
180.0
100
AcDbRotatedDimension
  0
DIMENSION
  5
3B9
100
AcDbEntity
  8
ZEICHNUNGSBEMASSUNGEN
100
AcDbDimension
 62
2
  6
CONTINUOUS
  2
*D25
 10
47.4796903427
 20
171.3958544877
 11
71.3956466569
 21
174.0517211455
 70
160
 71
2
 42
26.0
  3
DIMSTYLE_10
100
AcDbAlignedDimension
 13
99.4796903427
 23
197.0951521197
 14
47.4796903427
 24
198.1376402993
 50
180.0
100
AcDbRotatedDimension
  0
DIMENSION
  5
3BA
100
AcDbEntity
  8
ZEICHNUNGSBEMASSUNGEN
100
AcDbDimension
 62
2
  6
CONTINUOUS
  2
*D26
 10
20.9528016075
 20
193.2453795619
 11
19.529137394
 21
222.9417658859
 70
160
 71
2
 42
31.0
  3
DIMSTYLE_11
100
AcDbAlignedDimension
 13
51.2081150873
 23
255.2453795619
 14
52.1130527431
 24
193.2453795619
 50
270.0
100
AcDbRotatedDimension
  0
DIMENSION
  5
3BB
100
AcDbEntity
  8
ZEICHNUNGSBEMASSUNGEN
100
AcDbDimension
 62
2
  6
CONTINUOUS
  2
*D27
 10
171.2667028698
 20
272.7302246619
 11
183.5038090888
 21
275.3860913197
 70
160
 71
1
 42
4.5
  3
DIMSTYLE_12
100
AcDbAlignedDimension
 13
162.2667028698
 23
264.795710005
 14
171.2667028698
 24
244.4004661062
100
AcDbRotatedDimension
  0
ACAD_TABLE
  5
3BC
100
AcDbEntity
  8
0
 62
2
  6
CONTINUOUS
100
AcDbBlockReference
  2
*T1
 10
277.0
 20
56.0
 30
0.0
100
AcDbTable
342
      129A
343
243
 11
1.0
 21
0.0
 31
0.0
 90
22
 91
9
 92
8
 93
0
 94
0
 95
0
 96
0
141
5.0
141
5.0
141
5.0
141
5.0
141
3.0
141
5.0
141
9.0
141
3.0
141
6.0
142
20.5
142
19.0
142
1.5
142
23.0
142
18.0
142
19.0
142
15.0
142
17.0
171
1
172
0
173
0
174
0
175
2
176
2
 91
41
178
0
145
0.0
301
CELL_VALUE
 90
4
  1
\Q15.0; Allgemeintoleranzen\P ISO 2768-m
304
ACVALUE_END
170
4
140
1.8
 64
5
171
1
172
0
173
1
174
0
175
1
176
1
 91
1
178
0
145
0.0
170
1
171
1
172
0
173
0
174
0
175
1
176
2
 91
1
178
0
145
0.0
170
1
171
1
172
0
173
0
174
0
175
1
176
1
 91
41
178
0
145
0.0
301
CELL_VALUE
 90
4
  1
\Q15.0;Werkstoff
304
ACVALUE_END
170
5
140
2.0
 64
5
171
1
172
0
173
0
174
0
175
1
176
1
 91
41
178
0
145
0.0
301
CELL_VALUE
 90
4
  1
\Q15.0;Massstab:
304
ACVALUE_END
170
5
140
2.0
 64
5
171
1
172
0
173
0
174
0
175
1
176
1
 91
1
178
0
145
0.0
170
1
171
1
172
0
173
0
174
0
175
1
176
1
 91
41
178
0
145
0.0
301
CELL_VALUE
 90
4
  1
\Q15.0;Datum
304
ACVALUE_END
170
5
140
2.0
 64
5
171
1
172
0
173
0
174
0
175
1
176
1
 91
41
178
0
145
0.0
301
CELL_VALUE
 90
4
  1
\Q15.0;Name
304
ACVALUE_END
170
5
140
2.0
 64
5
171
1
172
0
173
1
174
0
175
1
176
1
 91
1
178
0
145
0.0
170
1
171
1
172
0
173
1
174
0
175
1
176
1
 91
1
178
0
145
0.0
170
1
171
1
172
0
173
1
174
0
175
1
176
1
 91
1
178
0
145
0.0
170
1
171
1
172
0
173
0
174
0
175
1
176
1
 91
1
178
0
145
0.0
170
1
171
1
172
0
173
0
174
0
175
1
176
1
 91
1
178
0
145
0.0
170
1
171
1
172
0
173
0
174
0
175
1
176
1
 91
41
178
0
145
0.0
301
CELL_VALUE
 90
4
  1
\Q15.0; Gezeichnet
304
ACVALUE_END
170
4
140
2.0
 64
5
171
1
172
0
173
0
174
0
175
1
176
1
 91
41
178
0
145
0.0
301
CELL_VALUE
 90
4
  1
\Q15.0;14.03.02
304
ACVALUE_END
170
5
140
2.0
 64
5
171
1
172
0
173
0
174
0
175
1
176
1
 91
41
178
0
145
0.0
301
CELL_VALUE
 90
4
  1
\Q15.0;Payr
304
ACVALUE_END
170
5
140
2.0
 64
5
171
1
172
0
173
0
174
0
175
2
176
2
 91
41
178
0
145
0.0
301
CELL_VALUE
 90
4
  1
\Q15.0; Zeichnung urheberrechtlich\P geschuetzt (DIN 34) (C)
304
ACVALUE_END
170
4
140
1.8
 64
5
171
1
172
0
173
1
174
0
175
1
176
1
 91
1
178
0
145
0.0
170
1
171
1
172
0
173
0
174
0
175
1
176
2
 91
1
178
0
145
0.0
170
1
171
1
172
0
173
0
174
0
175
1
176
1
 91
41
178
0
145
0.0
301
CELL_VALUE
 90
4
  1
\Q15.0;-
304
ACVALUE_END
170
5
140
2.0
 64
5
171
1
172
0
173
0
174
0
175
1
176
1
 91
41
178
0
145
0.0
301
CELL_VALUE
 90
4
  1
\Q15.0;2:1
304
ACVALUE_END
170
2
140
3.5
 64
5
171
1
172
0
173
0
174
0
175
1
176
1
 91
41
178
0
145
0.0
301
CELL_VALUE
 90
4
  1
\Q15.0; Freigegeben
304
ACVALUE_END
170
4
140
2.0
 64
5
171
1
172
0
173
0
174
0
175
1
176
1
 91
41
178
0
145
0.0
301
CELL_VALUE
 90
4
  1
\Q15.0;-
304
ACVALUE_END
170
5
140
2.0
 64
5
171
1
172
0
173
0
174
0
175
1
176
1
 91
41
178
0
145
0.0
301
CELL_VALUE
 90
4
  1
\Q15.0;-
304
ACVALUE_END
170
5
140
2.0
 64
5
171
1
172
0
173
1
174
0
175
1
176
1
 91
1
178
0
145
0.0
170
1
171
1
172
0
173
1
174
0
175
1
176
1
 91
1
178
0
145
0.0
170
1
171
1
172
0
173
1
174
0
175
1
176
1
 91
1
178
0
145
0.0
170
1
171
1
172
0
173
0
174
0
175
1
176
1
 91
41
178
0
145
0.0
301
CELL_VALUE
 90
4
  1
\Q15.0;-
304
ACVALUE_END
170
5
140
2.0
 64
5
171
1
172
0
173
0
174
0
175
1
176
1
 91
41
178
0
145
0.0
301
CELL_VALUE
 90
4
  1
(\Q15.0;A3\Q0.0;)
304
ACVALUE_END
170
5
140
2.0
 64
5
171
1
172
0
173
0
174
0
175
1
176
1
 91
41
178
0
145
0.0
301
CELL_VALUE
 90
4
  1
\Q15.0; Geaendert
304
ACVALUE_END
170
4
140
2.0
 64
5
171
1
172
0
173
0
174
0
175
1
176
1
 91
41
178
0
145
0.0
301
CELL_VALUE
 90
4
  1
\Q15.0;04.02.05
304
ACVALUE_END
170
5
140
2.0
 64
5
171
1
172
0
173
0
174
0
175
1
176
1
 91
41
178
0
145
0.0
301
CELL_VALUE
 90
4
  1
\Q15.0;Payr
304
ACVALUE_END
170
5
140
2.0
 64
5
171
1
172
0
173
0
174
0
175
2
176
1
 91
41
178
0
145
0.0
301
CELL_VALUE
 90
4
  1
\Q15.0; Benennung
304
ACVALUE_END
170
7
140
2.0
 64
5
171
1
172
0
173
1
174
0
175
1
176
1
 91
1
178
0
145
0.0
170
1
171
1
172
0
173
0
174
0
175
1
176
1
 91
1
178
0
145
0.0
170
1
171
1
172
0
173
0
174
0
175
1
176
1
 91
1
178
0
145
0.0
170
1
171
1
172
0
173
0
174
0
175
1
176
1
 91
1
178
0
145
0.0
170
1
171
1
172
0
173
0
174
0
175
2
176
2
 91
41
178
0
145
0.0
301
CELL_VALUE
 90
4
  1
\Q15.0; Aend.-Nr.\P 18-2005
304
ACVALUE_END
170
4
140
2.0
 64
5
171
1
172
0
173
1
174
0
175
1
176
1
 91
1
178
0
145
0.0
170
1
171
1
172
0
173
0
174
0
175
1
176
2
 91
41
178
0
145
0.0
301
CELL_VALUE
 90
4
  1
\Q15.0;Aend.-Index\P\H3.0;D
304
ACVALUE_END
170
5
140
2.0
 64
5
171
1
172
0
173
0
174
0
175
5
176
1
 91
41
178
0
145
0.0
301
CELL_VALUE
 90
4
  1
\Q15.0;NE8FDV
304
ACVALUE_END
170
5
140
3.5
 64
5
171
1
172
0
173
1
174
0
175
1
176
1
 91
1
178
0
145
0.0
170
1
171
1
172
0
173
1
174
0
175
1
176
1
 91
1
178
0
145
0.0
170
1
171
1
172
0
173
1
174
0
175
1
176
1
 91
1
178
0
145
0.0
170
1
171
1
172
0
173
1
174
0
175
1
176
1
 91
1
178
0
145
0.0
170
1
171
1
172
0
173
1
174
0
175
1
176
1
 91
1
178
0
145
0.0
170
1
171
1
172
0
173
1
174
0
175
1
176
1
 91
1
178
0
145
0.0
170
1
171
1
172
0
173
1
174
0
175
1
176
1
 91
1
178
0
145
0.0
170
1
171
1
172
0
173
0
174
0
175
1
176
1
 91
1
178
0
145
0.0
170
1
171
1
172
0
173
0
174
0
175
1
176
1
 91
1
178
0
145
0.0
170
1
171
1
172
0
173
0
174
0
175
1
176
1
 91
41
178
0
145
0.0
301
CELL_VALUE
 90
4
  1
\Q15.0;NE8FDV
304
ACVALUE_END
170
5
140
5.0
 64
5
171
1
172
0
173
0
174
0
175
1
176
1
 91
1
178
0
145
0.0
170
1
171
1
172
0
173
0
174
0
175
1
176
1
 91
1
178
0
145
0.0
170
1
171
1
172
0
173
0
174
0
175
1
176
1
 91
41
178
0
145
0.0
301
CELL_VALUE
 90
4
  1
\Q15.0; Ersatz fuer:
304
ACVALUE_END
170
4
140
2.0
 64
5
171
1
172
0
173
0
174
0
175
1
176
1
 91
1
178
0
145
0.0
170
1
171
1
172
0
173
0
174
0
175
1
176
1
 91
41
178
0
145
0.0
301
CELL_VALUE
 90
4
  1
\Q15.0;Blatt 1\Pvon 1 Bl.
304
ACVALUE_END
170
5
140
2.0
 64
5
171
1
172
0
173
0
174
0
175
5
176
2
 91
1
178
0
145
0.0
170
1
171
1
172
0
173
1
174
0
175
1
176
1
 91
1
178
0
145
0.0
170
1
171
1
172
0
173
1
174
0
175
1
176
1
 91
1
178
0
145
0.0
170
1
171
1
172
0
173
1
174
0
175
1
176
1
 91
1
178
0
145
0.0
170
1
171
1
172
0
173
1
174
0
175
1
176
1
 91
1
178
0
145
0.0
170
1
171
1
172
0
173
0
174
0
175
1
176
1
 91
41
178
0
145
0.0
301
CELL_VALUE
 90
4
  1
\Q15.0; Zeichn. Nr.
304
ACVALUE_END
170
4
140
2.0
 64
5
171
1
172
0
173
0
174
0
175
1
176
1
 91
1
178
0
145
0.0
170
1
171
1
172
0
173
0
174
0
175
1
176
1
 91
1
178
0
145
0.0
170
1
171
1
172
0
173
1
174
0
175
1
176
1
 91
1
178
0
145
0.0
170
1
171
1
172
0
173
1
174
0
175
1
176
1
 91
1
178
0
145
0.0
170
1
171
1
172
0
173
1
174
0
175
1
176
1
 91
1
178
0
145
0.0
170
1
171
1
172
0
173
1
174
0
175
1
176
1
 91
1
178
0
145
0.0
170
1
171
1
172
0
173
1
174
0
175
1
176
1
 91
1
178
0
145
0.0
170
1
171
1
172
0
173
0
174
0
175
1
176
1
 91
1
178
0
145
0.0
170
1
171
1
172
0
173
0
174
0
175
1
176
1
 91
41
178
0
145
0.0
301
CELL_VALUE
 90
4
  1
\Q15.0;ST-NE8FDV
304
ACVALUE_END
170
5
140
3.5
 64
5
171
1
172
0
173
0
174
0
175
1
176
1
 91
1
178
0
145
0.0
170
1
  0
LEADER
  5
3BD
100
AcDbEntity
  8
0
100
AcDbLeader
 62
2
  6
CONTINUOUS
  3
STANDARD
 71
1
 72
0
 73
0
 75
0
 40
3.5
 41
27.75
 76
3
 10
163.0700511624
 20
160.9144306702
 30
0.0
 10
147.099183985
 20
178.8112918703
 30
0.0
 10
142.099183985
 20
178.8112918703
 30
0.0
340
3BF
1001
ACAD
1000
DSTYLE
1002
{
1070
77
1070
0
1002
}
  0
LEADER
  5
3BE
100
AcDbEntity
  8
0
100
AcDbLeader
 62
2
  6
CONTINUOUS
  3
STANDARD
 71
1
 72
0
 73
0
 75
0
 40
3.5
 41
27.75
 76
3
 10
157.2667028698
 20
190.6452095603
 30
0.0
 10
147.099183985
 20
178.8112918703
 30
0.0
 10
142.099183985
 20
178.8112918703
 30
0.0
340
3BF
1001
ACAD
1000
DSTYLE
1002
{
1070
77
1070
0
1002
}
  0
MTEXT
  5
3BF
102
{ACAD_REACTORS
330
3BD
330
3BE
102
}
100
AcDbEntity
  8
0
100
AcDbMText
 62
5
  6
CONTINUOUS
  7
STANDARD
 71
3
 72
1
 10
142.099183985
 20
180.4995585546
 30
0.0
 11
1.0
 21
0.0
 31
0.0
 44
0.9
  1
\Q15.0;Frontplatte \Pfrontpanel
 40
3.5
 41
27.75
  0
MTEXT
  5
3C0
100
AcDbEntity
  8
0
100
AcDbMText
 62
5
  6
CONTINUOUS
  7
STANDARD
 71
1
 72
1
 10
298.6906026975
 20
279.7032654424
 30
0.0
 11
1.0
 21
0.0
 31
0.0
 44
0.9
  1
\Q15.0;PCB- Layout (scale 3:1)\P= contact arrangement seen\Pfrom backside (view to the very right)
 40
3.5
 41
90.9166666667
  0
MTEXT
  5
3C1
100
AcDbEntity
  8
0
100
AcDbMText
 62
5
  6
CONTINUOUS
  7
TEXTSTYLE_6
 71
1
 72
1
 10
326.9021979068
 20
206.2226762175
 30
0.0
 11
1.0
 21
0.0
 31
0.0
 44
0.9
  1
\Q15.0;8  6  4  2
 40
3.5
 41
23.8875
  0
MTEXT
  5
3C2
100
AcDbEntity
  8
0
100
AcDbMText
 62
5
  6
CONTINUOUS
  7
TEXTSTYLE_6
 71
1
 72
1
 10
330.5764462333
 20
188.3288452827
 30
0.0
 11
1.0
 21
0.0
 31
0.0
 44
0.9
  1
\Q15.0;7  5  3  1
 40
3.5
 41
22.4583333333
  0
MTEXT
  5
3C3
100
AcDbEntity
  8
0
100
AcDbMText
 62
5
  6
CONTINUOUS
  7
TEXTSTYLE_6
 71
1
 72
1
 10
362.0947757809
 20
151.2656144324
 30
0.0
 11
1.0
 21
0.0
 31
0.0
 44
0.9
  1
\Q15.0;G
 40
3.5
 41
2.45
  0
MTEXT
  5
3C4
100
AcDbEntity
  8
0
100
AcDbMText
 62
5
  6
CONTINUOUS
  7
STANDARD
 71
1
 72
1
 10
204.0905861943
 20
281.0864152674
 30
0.0
 11
1.0
 21
0.0
 31
0.0
 44
0.9
  1
\Q15.0;Flansch vorne, Chassis hinten\Pflange at frontside, \Pchassis at rearside of panel
 40
3.5
 41
70.0833333333
  0
MTEXT
  5
3C5
100
AcDbEntity
  8
0
100
AcDbMText
 62
5
  6
CONTINUOUS
  7
STANDARD
 71
1
 72
1
 10
124.1538855209
 20
67.1021055543
 30
0.0
 11
1.0
 21
0.0
 31
0.0
 44
0.9
  1
\Q15.0;Flansch u. Chassis an Frontplatten-Rueckseite\Pflange and chassis fixed at frontpanel - rearside
 40
3.5
 41
117.25
  0
MTEXT
  5
3C6
100
AcDbEntity
  8
0
100
AcDbMText
 62
5
  6
CONTINUOUS
  7
STANDARD
 71
1
 72
1
 10
19.3066068559
 20
84.2347531743
 30
0.0
 11
1.0
 21
0.0
 31
0.0
 44
0.9
  1
\Q15.0;Frontplattenausschnitt (Rueckseite)\PPanel cut out (rear side)
 40
3.5
 41
80.1666666667
  0
LINE
  5
3C7
100
AcDbEntity
  8
0
100
AcDbLine
 62
7
  6
CONTINUOUS
 10
0.0
 20
297.0
 11
0.0
 21
0.0
  0
LINE
  5
3C8
100
AcDbEntity
  8
0
100
AcDbLine
 62
7
  6
CONTINUOUS
 10
12.5
 20
287.0
 11
12.5
 21
10.0
  0
LINE
  5
3C9
100
AcDbEntity
  8
0
100
AcDbLine
 62
7
  6
CONTINUOUS
 10
23.0
 20
0.0
 11
23.0
 21
8.0
  0
LINE
  5
3CA
100
AcDbEntity
  8
DEFAULT_1
100
AcDbLine
 62
2
  6
CENTER
 10
49.6585059377
 20
29.3633750171
 11
49.6585059377
 21
18.9633750171
  0
LINE
  5
3CB
100
AcDbEntity
  8
0
100
AcDbLine
 62
7
  6
CONTINUOUS
 10
0.0
 20
0.0
 11
420.0
 21
0.0
  0
LINE
  5
3CC
100
AcDbEntity
  8
DEFAULT_1
100
AcDbLine
 62
2
  6
CENTER
 10
68.6585059377
 20
74.1633750171
 11
68.6585059377
 21
55.4591789452
  0
LINE
  5
3CD
100
AcDbEntity
  8
DEFAULT_1
100
AcDbLine
 62
2
  6
CENTER
 10
68.6585059377
 20
45.8360210886
 11
68.6585059377
 21
22.1633750171
  0
LINE
  5
3CE
100
AcDbEntity
  8
0
100
AcDbLine
 62
7
  6
CONTINUOUS
 10
12.5
 20
10.0
 11
410.0
 21
10.0
  0
LINE
  5
3CF
100
AcDbEntity
  8
0
100
AcDbLine
 62
2
  6
CONTINUOUS
 10
315.0514523849
 20
13.5001136946
 11
312.9555916756
 21
13.5001136946
  0
LINE
  5
3D0
100
AcDbEntity
  8
0
100
AcDbLine
 62
2
  6
CONTINUOUS
 10
311.1950686798
 20
13.5001136946
 11
309.5183801123
 21
13.5001136946
  0
LINE
  5
3D1
100
AcDbEntity
  8
0
100
AcDbLine
 62
2
  6
CONTINUOUS
 10
308.1770292584
 20
13.5001136946
 11
306.5003406909
 21
13.5001136946
  0
LINE
  5
3D2
100
AcDbEntity
  8
0
100
AcDbLine
 62
2
  6
CONTINUOUS
 10
299.0390765658
 20
13.5001136946
 11
297.3623879983
 21
13.5001136946
  0
LINE
  5
3D3
100
AcDbEntity
  8
0
100
AcDbLine
 62
2
  6
CONTINUOUS
 10
289.9011238732
 20
13.5001136946
 11
285.7094024545
 21
13.5001136946
  0
LINE
  5
3D4
100
AcDbEntity
  8
0
100
AcDbLine
 62
2
  6
CONTINUOUS
 10
284.4518860289
 20
13.5001136946
 11
282.8590318899
 21
13.5001136946
  0
LINE
  5
3D5
100
AcDbEntity
  8
0
100
AcDbLine
 62
2
  6
CONTINUOUS
 10
280.0924957536
 20
13.5001136946
 11
278.4996416145
 21
13.5001136946
  0
LINE
  5
3D6
100
AcDbEntity
  8
0
100
AcDbLine
 62
2
  6
CONTINUOUS
 10
300.7995995616
 20
13.5001136946
 11
302.476288129
 21
13.5001136946
  0
LINE
  5
3D7
100
AcDbEntity
  8
0
100
AcDbLine
 62
2
  6
CONTINUOUS
 10
303.9014734114
 20
13.5001136946
 11
305.8296652639
 21
13.5001136946
  0
LINE
  5
3D8
100
AcDbEntity
  8
0
100
AcDbLine
 62
2
  6
CONTINUOUS
 10
317.197674182
 20
13.5001136946
 11
318.8325105456
 21
13.5001136946
  0
LINE
  5
3D9
100
AcDbEntity
  8
0
100
AcDbLine
 62
2
  6
CONTINUOUS
 10
320.9839136206
 20
13.5001136946
 11
322.5031962026
 21
13.5001136946
  0
LINE
  5
3DA
100
AcDbEntity
  8
0
100
AcDbLine
 62
2
  6
CONTINUOUS
 10
326.3171844669
 20
13.5001136946
 11
327.8319481032
 21
13.5001136946
  0
LINE
  5
3DB
100
AcDbEntity
  8
0
100
AcDbLine
 62
2
  6
CONTINUOUS
 10
319.1836632433
 20
13.9683172915
 11
320.8668627214
 21
13.9683172915
  0
LINE
  5
3DC
100
AcDbEntity
  8
0
100
AcDbLine
 62
2
  6
CONTINUOUS
 10
287.307115795
 20
14.0031202649
 11
289.989817503
 21
14.0031202649
  0
LINE
  5
3DD
100
AcDbEntity
  8
0
100
AcDbLine
 62
2
  6
CONTINUOUS
 10
319.4566574654
 20
14.3323095877
 11
320.7758646473
 21
14.3323095877
  0
LINE
  5
3DE
100
AcDbEntity
  8
0
100
AcDbLine
 62
2
  6
CONTINUOUS
 10
325.8608514835
 20
14.348381331
 11
326.466756938
 21
14.348381331
  0
LINE
  5
3DF
100
AcDbEntity
  8
0
100
AcDbLine
 62
2
  6
CONTINUOUS
 10
289.5607222909
 20
14.4222924067
 11
287.3810271532
 21
14.4222924067
  0
LINE
  5
3E0
100
AcDbEntity
  8
0
100
AcDbLine
 62
2
  6
CONTINUOUS
 10
325.8991566285
 20
14.5656206037
 11
328.0198257194
 21
14.5656206037
  0
LINE
  5
3E1
100
AcDbEntity
  8
0
100
AcDbLine
 62
2
  6
CONTINUOUS
 10
303.7739658832
 20
14.8414645486
 11
302.7128044752
 21
14.8414645486
  0
LINE
  5
3E2
100
AcDbEntity
  8
0
100
AcDbLine
 62
2
  6
CONTINUOUS
 10
287.469720783
 20
14.925298977
 11
289.6494159207
 21
14.925298977
  0
LINE
  5
3E3
100
AcDbEntity
  8
0
100
AcDbLine
 62
2
  6
CONTINUOUS
 10
326.5976279714
 20
15.2119104396
 11
328.1337840549
 21
15.2119104396
  0
LINE
  5
3E4
100
AcDbEntity
  8
0
100
AcDbLine
 62
2
  6
CONTINUOUS
 10
300.5231862673
 20
15.2606366904
 11
299.3495042701
 21
15.2606366904
  0
LINE
  5
3E5
100
AcDbEntity
  8
0
100
AcDbLine
 62
2
  6
CONTINUOUS
 10
297.6728157026
 20
15.2606366904
 11
296.4991337054
 21
15.2606366904
  0
LINE
  5
3E6
100
AcDbEntity
  8
0
100
AcDbLine
 62
2
  6
CONTINUOUS
 10
290.2263338491
 20
15.3444711188
 11
287.5436321412
 21
15.3444711188
  0
LINE
  5
3E7
100
AcDbEntity
  8
0
100
AcDbLine
 62
2
  6
CONTINUOUS
 10
302.8162803766
 20
15.4283055472
 11
304.0703942504
 21
15.4283055472
  0
LINE
  5
3E8
100
AcDbEntity
  8
0
100
AcDbLine
 62
2
  6
CONTINUOUS
 10
304.3153770171
 20
15.8474776891
 11
301.2135031673
 21
15.8474776891
  0
LINE
  5
3E9
100
AcDbEntity
  8
0
100
AcDbLine
 62
2
  6
CONTINUOUS
 10
278.9135452203
 20
15.8474776891
 11
280.5063993593
 21
15.8474776891
  0
LINE
  5
3EA
100
AcDbEntity
  8
0
100
AcDbLine
 62
2
  6
CONTINUOUS
 10
283.2729354956
 20
15.8474776891
 11
284.8657896347
 21
15.8474776891
  0
LINE
  5
3EB
100
AcDbEntity
  8
0
100
AcDbLine
 62
2
  6
CONTINUOUS
 10
286.1233060603
 20
15.8474776891
 11
290.3150274789
 21
15.8474776891
  0
LINE
  5
3EC
100
AcDbEntity
  8
0
100
AcDbLine
 62
2
  6
CONTINUOUS
 10
291.1533717626
 20
15.8474776891
 11
292.6623914733
 21
15.8474776891
  0
LINE
  5
3ED
100
AcDbEntity
  8
0
100
AcDbLine
 62
2
  6
CONTINUOUS
 10
294.5067488975
 20
15.8474776891
 11
296.0157686082
 21
15.8474776891
  0
LINE
  5
3EE
100
AcDbEntity
  8
0
100
AcDbLine
 62
2
  6
CONTINUOUS
 10
296.6026096069
 20
15.8474776891
 11
300.6266621687
 21
15.8474776891
  0
LINE
  5
3EF
100
AcDbEntity
  8
0
100
AcDbLine
 62
2
  6
CONTINUOUS
 10
306.9142442967
 20
15.8474776891
 11
308.5909328641
 21
15.8474776891
  0
LINE
  5
3F0
100
AcDbEntity
  8
0
100
AcDbLine
 62
2
  6
CONTINUOUS
 10
309.9322837181
 20
15.8474776891
 11
311.6089722855
 21
15.8474776891
  0
LINE
  5
3F1
100
AcDbEntity
  8
0
100
AcDbLine
 62
2
  6
CONTINUOUS
 10
313.3523118271
 20
15.8474776891
 11
315.4653559907
 21
15.8474776891
  0
LINE
  5
3F2
100
AcDbEntity
  8
0
100
AcDbLine
 62
2
  6
CONTINUOUS
 10
318.9581971778
 20
15.8474776891
 11
321.916355204
 21
15.8474776891
  0
LINE
  5
3F3
100
AcDbEntity
  8
DEFAULT_1
100
AcDbLine
 62
2
  6
CENTER
 10
87.6585059377
 20
77.3633750171
 11
87.6585059377
 21
66.9633750171
  0
LINE
  5
3F4
100
AcDbEntity
  8
DEFAULT_1
100
AcDbLine
 62
2
  6
CENTER
 10
43.6585059377
 20
24.1633750171
 11
54.8585059377
 21
24.1633750171
  0
LINE
  5
3F5
100
AcDbEntity
  8
DEFAULT_1
100
AcDbLine
 62
2
  6
CENTER
 10
43.0585059377
 20
48.1633750171
 11
65.107710493
 21
48.1633750171
  0
LINE
  5
3F6
100
AcDbEntity
  8
DEFAULT_1
100
AcDbLine
 62
2
  6
CENTER
 10
85.2454345129
 20
48.1633750171
 11
94.2585059377
 21
48.1633750171
  0
LINE
  5
3F7
100
AcDbEntity
  8
DEFAULT_1
100
AcDbLine
 62
2
  6
CENTER
 10
82.4585059377
 20
72.1633750171
 11
92.8585059377
 21
72.1633750171
  0
LINE
  5
3F8
100
AcDbEntity
  8
0
100
AcDbLine
 62
2
  6
CONTINUOUS
 10
282.8590318899
 20
13.5001136946
 11
280.358576643
 21
15.0091334053
  0
LINE
  5
3F9
100
AcDbEntity
  8
0
100
AcDbLine
 62
2
  6
CONTINUOUS
 10
280.5063993593
 20
15.8474776891
 11
283.0068546062
 21
14.3384579783
  0
LINE
  5
3FA
100
AcDbEntity
  8
0
100
AcDbLine
 62
2
  6
CONTINUOUS
 10
312.9555916756
 20
13.5001136946
 11
311.3576736678
 21
14.4222924067
  0
LINE
  5
3FB
100
AcDbEntity
  8
0
100
AcDbLine
 62
2
  6
CONTINUOUS
 10
302.6241108454
 20
14.3384579783
 11
303.9014734114
 21
13.5001136946
  0
LINE
  5
3FC
100
AcDbEntity
  8
0
100
AcDbLine
 62
2
  6
CONTINUOUS
 10
305.8296652639
 20
13.5001136946
 11
304.5523026979
 21
14.3384579783
  0
LINE
  5
3FD
100
AcDbEntity
  8
0
100
AcDbLine
 62
2
  6
CONTINUOUS
 10
313.1601422959
 20
14.7576301202
 11
315.0514523849
 21
13.5001136946
  0
LINE
  5
3FE
100
AcDbEntity
  8
DEFAULT_1
100
AcDbLine
 62
2
  6
CENTER
 10
356.5987116405
 20
154.0239892102
 11
364.9987116405
 21
154.0239892102
  0
LINE
  5
3FF
100
AcDbEntity
  8
0
100
AcDbLine
 62
7
  6
CONTINUOUS
 10
230.0
 20
0.0
 11
230.0
 21
8.0
  0
LINE
  5
400
100
AcDbEntity
  8
DEFAULT_1
100
AcDbLine
 62
2
  6
CENTER
 10
310.7737116405
 20
185.6739892102
 11
320.6737116405
 21
185.6739892102
  0
LINE
  5
401
100
AcDbEntity
  8
DEFAULT_1
100
AcDbLine
 62
2
  6
CENTER
 10
361.3237116405
 20
185.6739892102
 11
371.2237116405
 21
185.6739892102
  0
LINE
  5
402
100
AcDbEntity
  8
DEFAULT_1
100
AcDbLine
 62
2
  6
CENTER
 10
329.0587116405
 20
192.0039892102
 11
333.8587116405
 21
192.0039892102
  0
LINE
  5
403
100
AcDbEntity
  8
DEFAULT_1
100
AcDbLine
 62
2
  6
CENTER
 10
336.6787116405
 20
192.0039892102
 11
341.4787116405
 21
192.0039892102
  0
LINE
  5
404
100
AcDbEntity
  8
DEFAULT_1
100
AcDbLine
 62
2
  6
CENTER
 10
344.2987116405
 20
192.0039892102
 11
349.0987116405
 21
192.0039892102
  0
LINE
  5
405
100
AcDbEntity
  8
DEFAULT_1
100
AcDbLine
 62
2
  6
CENTER
 10
351.9187116405
 20
192.0039892102
 11
356.5987116405
 21
192.0039892102
  0
LINE
  5
406
100
AcDbEntity
  8
DEFAULT_1
100
AcDbLine
 62
2
  6
CENTER
 10
325.2487116405
 20
199.6239892102
 11
330.0487116405
 21
199.6239892102
  0
LINE
  5
407
100
AcDbEntity
  8
DEFAULT_1
100
AcDbLine
 62
2
  6
CENTER
 10
332.8687116405
 20
199.6239892102
 11
337.6687116405
 21
199.6239892102
  0
LINE
  5
408
100
AcDbEntity
  8
DEFAULT_1
100
AcDbLine
 62
2
  6
CENTER
 10
340.4887116405
 20
199.6239892102
 11
345.2887116405
 21
199.6239892102
  0
LINE
  5
409
100
AcDbEntity
  8
DEFAULT_1
100
AcDbLine
 62
2
  6
CENTER
 10
348.1087116405
 20
199.6239892102
 11
352.9087116405
 21
199.6239892102
  0
LINE
  5
40A
100
AcDbEntity
  8
0
100
AcDbLine
 62
7
  6
CONTINUOUS
 10
331.0987116405
 20
218.8239892102
 11
350.8987116405
 21
218.8330715399
  0
LINE
  5
40B
100
AcDbEntity
  8
0
100
AcDbLine
 62
7
  6
CONTINUOUS
 10
350.8987116405
 20
212.8239892102
 11
331.0987116405
 21
212.8239892102
  0
LINE
  5
40C
100
AcDbEntity
  8
DEFAULT_1
100
AcDbLine
 62
2
  6
CENTER
 10
326.5987116405
 20
215.8239892102
 11
355.3987116405
 21
215.8239892102
  0
LINE
  5
40D
100
AcDbEntity
  8
DEFAULT_1
100
AcDbLine
 62
2
  6
CENTER
 10
318.6487116405
 20
220.1739892102
 11
328.5487116405
 21
220.1739892102
  0
LINE
  5
40E
100
AcDbEntity
  8
DEFAULT_1
100
AcDbLine
 62
2
  6
CENTER
 10
353.4487116405
 20
220.1739892102
 11
363.3487116405
 21
220.1739892102
  0
LINE
  5
40F
100
AcDbEntity
  8
0
100
AcDbLine
 62
2
  6
CONTINUOUS
 10
320.4460628519
 20
15.6515167696
 11
320.7758646473
 21
14.3323095877
  0
LINE
  5
410
100
AcDbEntity
  8
0
100
AcDbLine
 62
2
  6
CONTINUOUS
 10
320.8668627214
 20
13.9683172915
 11
320.9839136206
 21
13.5001136946
  0
LINE
  5
411
100
AcDbEntity
  8
0
100
AcDbLine
 62
2
  6
CONTINUOUS
 10
321.916355204
 20
15.8474776891
 11
322.5031962026
 21
13.5001136946
  0
LINE
  5
412
100
AcDbEntity
  8
0
100
AcDbLine
 62
2
  6
CONTINUOUS
 10
278.4996416145
 20
13.5001136946
 11
278.9135452203
 21
15.8474776891
  0
LINE
  5
413
100
AcDbEntity
  8
0
100
AcDbLine
 62
2
  6
CONTINUOUS
 10
280.358576643
 20
15.0091334053
 11
280.0924957536
 21
13.5001136946
  0
LINE
  5
414
100
AcDbEntity
  8
0
100
AcDbLine
 62
2
  6
CONTINUOUS
 10
283.0068546062
 20
14.3384579783
 11
283.2729354956
 21
15.8474776891
  0
LINE
  5
415
100
AcDbEntity
  8
0
100
AcDbLine
 62
2
  6
CONTINUOUS
 10
284.8657896347
 20
15.8474776891
 11
284.4518860289
 21
13.5001136946
  0
LINE
  5
416
100
AcDbEntity
  8
0
100
AcDbLine
 62
2
  6
CONTINUOUS
 10
285.7094024545
 20
13.5001136946
 11
286.1233060603
 21
15.8474776891
  0
LINE
  5
417
100
AcDbEntity
  8
0
100
AcDbLine
 62
2
  6
CONTINUOUS
 10
287.5436321412
 20
15.3444711188
 11
287.469720783
 21
14.925298977
  0
LINE
  5
418
100
AcDbEntity
  8
0
100
AcDbLine
 62
2
  6
CONTINUOUS
 10
287.3810271532
 20
14.4222924067
 11
287.307115795
 21
14.0031202649
  0
LINE
  5
419
100
AcDbEntity
  8
0
100
AcDbLine
 62
2
  6
CONTINUOUS
 10
289.6494159207
 20
14.925298977
 11
289.5607222909
 21
14.4222924067
  0
LINE
  5
41A
100
AcDbEntity
  8
0
100
AcDbLine
 62
2
  6
CONTINUOUS
 10
290.3150274789
 20
15.8474776891
 11
290.2263338491
 21
15.3444711188
  0
LINE
  5
41B
100
AcDbEntity
  8
0
100
AcDbLine
 62
2
  6
CONTINUOUS
 10
289.989817503
 20
14.0031202649
 11
289.9011238732
 21
13.5001136946
  0
LINE
  5
41C
100
AcDbEntity
  8
0
100
AcDbLine
 62
2
  6
CONTINUOUS
 10
290.883552283
 20
14.3172553798
 11
291.1533717626
 21
15.8474776891
  0
LINE
  5
41D
100
AcDbEntity
  8
0
100
AcDbLine
 62
2
  6
CONTINUOUS
 10
292.6623914733
 20
15.8474776891
 11
292.4165656935
 21
14.4533304131
  0
LINE
  5
41E
100
AcDbEntity
  8
DEFAULT_1
100
AcDbLine
 62
2
  6
CENTER
 10
315.7237116405
 20
190.6239892102
 11
315.7237116405
 21
180.7239892102
  0
LINE
  5
41F
100
AcDbEntity
  8
DEFAULT_1
100
AcDbLine
 62
2
  6
CENTER
 10
323.5987116405
 20
225.1239892102
 11
323.5987116405
 21
215.2239892102
  0
LINE
  5
420
100
AcDbEntity
  8
DEFAULT_1
100
AcDbLine
 62
2
  6
CENTER
 10
327.6487116405
 20
202.0239892102
 11
327.6487116405
 21
197.2239892102
  0
LINE
  5
421
100
AcDbEntity
  8
0
100
AcDbLine
 62
2
  6
CONTINUOUS
 10
294.2469614385
 20
14.3741497955
 11
294.5067488975
 21
15.8474776891
  0
LINE
  5
422
100
AcDbEntity
  8
0
100
AcDbLine
 62
2
  6
CONTINUOUS
 10
296.0157686082
 20
15.8474776891
 11
295.7191821908
 21
14.1654525318
  0
LINE
  5
423
100
AcDbEntity
  8
0
100
AcDbLine
 62
2
  6
CONTINUOUS
 10
296.4991337054
 20
15.2606366904
 11
296.6026096069
 21
15.8474776891
  0
LINE
  5
424
100
AcDbEntity
  8
0
100
AcDbLine
 62
2
  6
CONTINUOUS
 10
297.3623879983
 20
13.5001136946
 11
297.6728157026
 21
15.2606366904
  0
LINE
  5
425
100
AcDbEntity
  8
0
100
AcDbLine
 62
2
  6
CONTINUOUS
 10
299.3495042701
 20
15.2606366904
 11
299.0390765658
 21
13.5001136946
  0
LINE
  5
426
100
AcDbEntity
  8
0
100
AcDbLine
 62
2
  6
CONTINUOUS
 10
300.6266621687
 20
15.8474776891
 11
300.5231862673
 21
15.2606366904
  0
LINE
  5
427
100
AcDbEntity
  8
0
100
AcDbLine
 62
2
  6
CONTINUOUS
 10
301.2135031673
 20
15.8474776891
 11
300.7995995616
 21
13.5001136946
  0
LINE
  5
428
100
AcDbEntity
  8
0
100
AcDbLine
 62
2
  6
CONTINUOUS
 10
302.476288129
 20
13.5001136946
 11
302.6241108454
 21
14.3384579783
  0
LINE
  5
429
100
AcDbEntity
  8
0
100
AcDbLine
 62
2
  6
CONTINUOUS
 10
302.7128044752
 20
14.8414645486
 11
302.8162803766
 21
15.4283055472
  0
LINE
  5
42A
100
AcDbEntity
  8
0
100
AcDbLine
 62
2
  6
CONTINUOUS
 10
306.5003406909
 20
13.5001136946
 11
306.9142442967
 21
15.8474776891
  0
LINE
  5
42B
100
AcDbEntity
  8
DEFAULT_1
100
AcDbLine
 62
2
  6
CENTER
 10
331.0987116405
 20
220.3239892102
 11
331.0987116405
 21
211.3239892102
  0
LINE
  5
42C
100
AcDbEntity
  8
DEFAULT_1
100
AcDbLine
 62
2
  6
CENTER
 10
331.4587116405
 20
194.4039892102
 11
331.4587116405
 21
189.6039892102
  0
LINE
  5
42D
100
AcDbEntity
  8
DEFAULT_1
100
AcDbLine
 62
2
  6
CENTER
 10
335.2687116405
 20
202.0239892102
 11
335.2687116405
 21
197.2239892102
  0
LINE
  5
42E
100
AcDbEntity
  8
DEFAULT_1
100
AcDbLine
 62
2
  6
CENTER
 10
339.0787116405
 20
194.4039892102
 11
339.0787116405
 21
189.6039892102
  0
LINE
  5
42F
100
AcDbEntity
  8
DEFAULT_1
100
AcDbLine
 62
2
  6
CENTER
 10
340.9987116405
 20
226.1739892102
 11
340.9987116405
 21
179.6739892102
  0
LINE
  5
430
100
AcDbEntity
  8
DEFAULT_1
100
AcDbLine
 62
2
  6
CENTER
 10
342.8887116405
 20
202.0239892102
 11
342.8887116405
 21
197.2239892102
  0
LINE
  5
431
100
AcDbEntity
  8
0
100
AcDbLine
 62
2
  6
CONTINUOUS
 10
308.5909328641
 20
15.8474776891
 11
308.1770292584
 21
13.5001136946
  0
LINE
  5
432
100
AcDbEntity
  8
0
100
AcDbLine
 62
2
  6
CONTINUOUS
 10
309.5183801123
 20
13.5001136946
 11
309.9322837181
 21
15.8474776891
  0
LINE
  5
433
100
AcDbEntity
  8
0
100
AcDbLine
 62
2
  6
CONTINUOUS
 10
311.6089722855
 20
15.8474776891
 11
311.4168027543
 21
14.7576301202
  0
LINE
  5
434
100
AcDbEntity
  8
0
100
AcDbLine
 62
2
  6
CONTINUOUS
 10
311.3576736678
 20
14.4222924067
 11
311.1950686798
 21
13.5001136946
  0
LINE
  5
435
100
AcDbEntity
  8
DEFAULT_1
100
AcDbLine
 62
2
  6
CENTER
 10
346.6987116405
 20
194.4039892102
 11
346.6987116405
 21
189.6039892102
  0
LINE
  5
436
100
AcDbEntity
  8
DEFAULT_1
100
AcDbLine
 62
2
  6
CENTER
 10
350.5087116405
 20
202.0239892102
 11
350.5087116405
 21
197.2239892102
  0
LINE
  5
437
100
AcDbEntity
  8
DEFAULT_1
100
AcDbLine
 62
2
  6
CENTER
 10
350.8987116405
 20
220.3239892102
 11
350.8987116405
 21
211.3239892102
  0
LINE
  5
438
100
AcDbEntity
  8
DEFAULT_1
100
AcDbLine
 62
2
  6
CENTER
 10
354.3187116405
 20
194.4039892102
 11
354.3187116405
 21
189.6039892102
  0
LINE
  5
439
100
AcDbEntity
  8
DEFAULT_1
100
AcDbLine
 62
2
  6
CENTER
 10
358.3987116405
 20
225.1239892102
 11
358.3987116405
 21
215.2239892102
  0
LINE
  5
43A
100
AcDbEntity
  8
0
100
AcDbLine
 62
2
  6
CONTINUOUS
 10
323.1969846191
 20
13.9985227388
 11
323.4452488559
 21
15.4064991917
  0
LINE
  5
43B
100
AcDbEntity
  8
0
100
AcDbLine
 62
2
  6
CONTINUOUS
 10
324.7683933679
 20
14.3197731352
 11
324.9243496512
 21
15.2042451694
  0
LINE
  5
43C
100
AcDbEntity
  8
0
100
AcDbLine
 62
2
  6
CONTINUOUS
 10
325.8608514835
 20
14.348381331
 11
325.8991566285
 21
14.5656206037
  0
LINE
  5
43D
100
AcDbEntity
  8
0
100
AcDbLine
 62
2
  6
CONTINUOUS
 10
326.3171844669
 20
13.5001136946
 11
326.3220663248
 21
13.5278000867
  0
LINE
  5
43E
100
AcDbEntity
  8
0
100
AcDbLine
 62
2
  6
CONTINUOUS
 10
326.4476982657
 20
14.2402942294
 11
326.466756938
 21
14.348381331
  0
LINE
  5
43F
100
AcDbEntity
  8
0
100
AcDbLine
 62
2
  6
CONTINUOUS
 10
327.8319481032
 20
13.5001136946
 11
328.0198257194
 21
14.5656206037
  0
LINE
  5
440
100
AcDbEntity
  8
0
100
AcDbLine
 62
2
  6
CONTINUOUS
 10
328.1337840549
 20
15.2119104396
 11
328.1588094764
 21
15.3538366577
  0
LINE
  5
441
100
AcDbEntity
  8
0
100
AcDbLine
 62
7
  6
CONTINUOUS
 10
410.0
 20
287.0
 11
12.5
 21
287.0
  0
LINE
  5
442
100
AcDbEntity
  8
0
100
AcDbLine
 62
7
  6
CONTINUOUS
 10
0.0
 20
297.0
 11
420.0
 21
297.0
  0
LINE
  5
443
100
AcDbEntity
  8
DEFAULT_1
100
AcDbLine
 62
2
  6
CENTER
 10
360.7987116405
 20
158.2239892102
 11
360.7987116405
 21
149.8239892102
  0
LINE
  5
444
100
AcDbEntity
  8
DEFAULT_1
100
AcDbLine
 62
2
  6
CENTER
 10
366.2737116405
 20
190.6239892102
 11
366.2737116405
 21
180.7239892102
  0
LINE
  5
445
100
AcDbEntity
  8
0
100
AcDbLine
 62
2
  6
CONTINUOUS
 10
317.197674182
 20
13.5001136946
 11
318.9581971778
 21
15.8474776891
  0
LINE
  5
446
100
AcDbEntity
  8
0
100
AcDbLine
 62
2
  6
CONTINUOUS
 10
318.8325105456
 20
13.5001136946
 11
319.1836632433
 21
13.9683172915
  0
LINE
  5
447
100
AcDbEntity
  8
0
100
AcDbLine
 62
2
  6
CONTINUOUS
 10
319.4566574654
 20
14.3323095877
 11
320.4460628519
 21
15.6515167696
  0
LINE
  5
448
100
AcDbEntity
  8
0
100
AcDbLine
 62
2
  6
CONTINUOUS
 10
311.4168027543
 20
14.7576301202
 11
313.3523118271
 21
15.8474776891
  0
LINE
  5
449
100
AcDbEntity
  8
0
100
AcDbLine
 62
2
  6
CONTINUOUS
 10
315.4653559907
 20
15.8474776891
 11
313.1601422959
 21
14.7576301202
  0
LINE
  5
44A
100
AcDbEntity
  8
0
100
AcDbLine
 62
7
  6
CONTINUOUS
 10
410.0
 20
10.0
 11
410.0
 21
287.0
  0
LINE
  5
44B
100
AcDbEntity
  8
0
100
AcDbLine
 62
7
  6
CONTINUOUS
 10
420.0
 20
0.0
 11
420.0
 21
297.0
  0
LINE
  5
44C
100
AcDbEntity
  8
RUNDUNGEN
100
AcDbLine
 62
7
  6
CONTINUOUS
 10
55.1830919258
 20
250.9676905157
 11
54.8982624766
 21
250.5263986197
  0
LINE
  5
44D
100
AcDbEntity
  8
RUNDUNGEN
100
AcDbLine
 62
7
  6
CONTINUOUS
 10
53.1471222311
 20
246.9152221192
 11
53.4768768453
 21
247.2571083361
  0
LINE
  5
44E
100
AcDbEntity
  8
RUNDUNGEN
100
AcDbLine
 62
7
  6
CONTINUOUS
 10
55.8122584543
 20
249.5755370045
 11
55.4825038402
 21
249.2336507876
  0
LINE
  5
44F
100
AcDbEntity
  8
RUNDUNGEN
100
AcDbLine
 62
7
  6
CONTINUOUS
 10
51.7073793889
 20
247.5042481897
 11
52.1486712849
 21
247.8005023917
  0
LINE
  5
450
100
AcDbEntity
  8
RUNDUNGEN
100
AcDbLine
 62
7
  6
CONTINUOUS
 10
57.2520012966
 20
248.986510934
 11
56.8107094006
 21
248.690256732
  0
LINE
  5
451
100
AcDbEntity
  8
RUNDUNGEN
100
AcDbLine
 62
9
  6
CONTINUOUS
 10
51.5104178383
 20
249.1187378966
 11
52.9999430495
 21
249.7281308772
  0
LINE
  5
452
100
AcDbEntity
  8
RUNDUNGEN
100
AcDbLine
 62
9
  6
CONTINUOUS
 10
51.7073793889
 20
248.986510934
 11
53.1471222311
 21
249.5755370045
  0
LINE
  5
453
100
AcDbEntity
  8
AUSFORMSCHRAEGEN
100
AcDbLine
 62
7
  6
CONTINUOUS
 10
53.4768768453
 20
249.2336507876
 11
52.1486712849
 21
248.690256732
  0
LINE
  5
454
100
AcDbEntity
  8
AUSFORMSCHRAEGEN
100
AcDbLine
 62
7
  6
CONTINUOUS
 10
54.4796903427
 20
193.2453795619
 11
92.4796903427
 21
193.2453795619
  0
LINE
  5
455
100
AcDbEntity
  8
RUNDUNGEN
100
AcDbLine
 62
9
  6
CONTINUOUS
 10
54.4796903427
 20
193.3581009981
 11
92.4796903427
 21
193.3581009981
  0
LINE
  5
456
100
AcDbEntity
  8
RUNDUNGEN
100
AcDbLine
 62
9
  6
CONTINUOUS
 10
54.4796903427
 20
194.1576136597
 11
92.4796903427
 21
194.1576136597
  0
LINE
  5
457
100
AcDbEntity
  8
0
100
AcDbLine
 62
7
  6
CONTINUOUS
 10
54.9933618715
 20
197.6589132786
 11
55.8955252602
 21
196.4653795619
  0
LINE
  5
458
100
AcDbEntity
  8
RUNDUNGEN
100
AcDbLine
 62
9
  6
CONTINUOUS
 10
52.9999430495
 20
249.7281308772
 11
53.6491610003
 21
251.1646520663
  0
LINE
  5
459
100
AcDbEntity
  8
RUNDUNGEN
100
AcDbLine
 62
9
  6
CONTINUOUS
 10
53.1471222311
 20
249.5755370045
 11
53.7762887597
 21
250.9676905157
  0
LINE
  5
45A
100
AcDbEntity
  8
AUSFORMSCHRAEGEN
100
AcDbLine
 62
7
  6
CONTINUOUS
 10
54.0611182089
 20
250.5263986197
 11
53.4768768453
 21
249.2336507876
  0
LINE
  5
45B
100
AcDbEntity
  8
AUSFORMSCHRAEGEN
100
AcDbLine
 62
7
  6
CONTINUOUS
 10
54.8982624766
 20
245.964360504
 11
55.4825038402
 21
247.2571083361
  0
LINE
  5
45C
100
AcDbEntity
  8
RUNDUNGEN
100
AcDbLine
 62
7
  6
CONTINUOUS
 10
53.7762887597
 20
245.523068608
 11
54.0611182089
 21
245.964360504
  0
LINE
  5
45D
100
AcDbEntity
  8
AUSFORMSCHRAEGEN
100
AcDbLine
 62
7
  6
CONTINUOUS
 10
55.4825038402
 20
247.2571083361
 11
56.8107094006
 21
247.8005023917
  0
LINE
  5
45E
100
AcDbEntity
  8
RUNDUNGEN
100
AcDbLine
 62
9
  6
CONTINUOUS
 10
57.2520012966
 20
247.5042481897
 11
55.8122584543
 21
246.9152221192
  0
LINE
  5
45F
100
AcDbEntity
  8
RUNDUNGEN
100
AcDbLine
 62
9
  6
CONTINUOUS
 10
57.4489628472
 20
247.3720212272
 11
55.959437636
 21
246.7626282465
  0
LINE
  5
460
100
AcDbEntity
  8
BEZUGSACHSEN
100
AcDbLine
 62
7
  6
CONTINUOUS
 10
53.4796903427
 20
195.6453795619
 11
77.4796903427
 21
195.6453795619
  0
LINE
  5
461
100
AcDbEntity
  8
0
100
AcDbLine
 62
7
  6
CONTINUOUS
 10
53.6796903427
 20
196.4653795619
 11
54.6735554759
 21
196.4653795619
  0
LINE
  5
462
100
AcDbEntity
  8
0
100
AcDbLine
 62
7
  6
CONTINUOUS
 10
55.8955252602
 20
196.4653795619
 11
56.8555252602
 21
196.4653795619
  0
LINE
  5
463
100
AcDbEntity
  8
0
100
AcDbLine
 62
7
  6
CONTINUOUS
 10
57.4518443401
 20
196.4653795619
 11
60.3338443401
 21
196.4653795619
  0
LINE
  5
464
100
AcDbEntity
  8
0
100
AcDbLine
 62
7
  6
CONTINUOUS
 10
62.1812597779
 20
196.4653795619
 11
63.2753710344
 21
196.4653795619
  0
LINE
  5
465
100
AcDbEntity
  8
0
100
AcDbLine
 62
7
  6
CONTINUOUS
 10
65.8004824999
 20
196.4653795619
 11
66.7943476331
 21
196.4653795619
  0
LINE
  5
466
100
AcDbEntity
  8
0
100
AcDbLine
 62
7
  6
CONTINUOUS
 10
68.2708015798
 20
196.4653795619
 11
69.264666713
 21
196.4653795619
  0
LINE
  5
467
100
AcDbEntity
  8
0
100
AcDbLine
 62
7
  6
CONTINUOUS
 10
70.4328015798
 20
196.4653795619
 11
71.7098495897
 21
196.4653795619
  0
LINE
  5
468
100
AcDbEntity
  8
0
100
AcDbLine
 62
7
  6
CONTINUOUS
 10
72.151016704
 20
196.4653795619
 11
73.1448818372
 21
196.4653795619
  0
LINE
  5
469
100
AcDbEntity
  8
0
100
AcDbLine
 62
7
  6
CONTINUOUS
 10
73.7412009171
 20
196.4653795619
 11
74.7350660503
 21
196.4653795619
  0
LINE
  5
46A
100
AcDbEntity
  8
0
100
AcDbLine
 62
7
  6
CONTINUOUS
 10
75.9047114327
 20
196.4653795619
 11
76.8632009171
 21
196.4653795619
  0
LINE
  5
46B
100
AcDbEntity
  8
0
100
AcDbLine
 62
7
  6
CONTINUOUS
 10
62.9883200674
 20
197.0413795619
 11
62.5788058312
 21
197.0413795619
  0
LINE
  5
46C
100
AcDbEntity
  8
0
100
AcDbLine
 62
7
  6
CONTINUOUS
 10
60.4887189733
 20
197.0433795619
 11
58.6005841065
 21
197.0433795619
  0
LINE
  5
46D
100
AcDbEntity
  8
RUNDUNGEN
100
AcDbLine
 62
9
  6
CONTINUOUS
 10
93.3102196852
 20
197.3261070574
 11
91.6491610003
 21
197.3261070574
  0
LINE
  5
46E
100
AcDbEntity
  8
0
100
AcDbLine
 62
7
  6
CONTINUOUS
 10
58.6906150352
 20
197.3793795619
 11
60.1326150352
 21
197.3793795619
  0
LINE
  5
46F
100
AcDbEntity
  8
RUNDUNGEN
100
AcDbLine
 62
9
  6
CONTINUOUS
 10
93.1830919258
 20
197.523068608
 11
91.7762887597
 21
197.523068608
  0
LINE
  5
470
100
AcDbEntity
  8
0
100
AcDbLine
 62
7
  6
CONTINUOUS
 10
70.3710494485
 20
197.9073795619
 11
69.6510494485
 21
197.9073795619
  0
LINE
  5
471
100
AcDbEntity
  8
0
100
AcDbLine
 62
7
  6
CONTINUOUS
 10
60.28695377
 20
197.9553795619
 11
58.84495377
 21
197.9553795619
  0
LINE
  5
472
100
AcDbEntity
  8
AUSFORMSCHRAEGEN
100
AcDbLine
 62
7
  6
CONTINUOUS
 10
92.0611182089
 20
197.964360504
 11
92.8982624766
 21
197.964360504
  0
LINE
  5
473
100
AcDbEntity
  8
0
100
AcDbLine
 62
7
  6
CONTINUOUS
 10
58.9349846987
 20
198.2913795619
 11
60.8231195655
 21
198.2913795619
  0
LINE
  5
474
100
AcDbEntity
  8
0
100
AcDbLine
 62
7
  6
CONTINUOUS
 10
65.2817577253
 20
198.2913795619
 11
66.2897577253
 21
198.2913795619
  0
LINE
  5
475
100
AcDbEntity
  8
0
100
AcDbLine
 62
7
  6
CONTINUOUS
 10
67.2836228585
 20
198.2913795619
 11
68.1637577253
 21
198.2913795619
  0
LINE
  5
476
100
AcDbEntity
  8
0
100
AcDbLine
 62
7
  6
CONTINUOUS
 10
69.8053881834
 20
198.4833795619
 11
70.7653881834
 21
198.4833795619
  0
LINE
  5
477
100
AcDbEntity
  8
0
100
AcDbLine
 62
7
  6
CONTINUOUS
 10
56.1854676917
 20
197.6738458452
 11
55.283304303
 21
198.8673795619
  0
LINE
  5
478
100
AcDbEntity
  8
AUSFORMSCHRAEGEN
100
AcDbLine
 62
7
  6
CONTINUOUS
 10
47.4796903427
 20
248.2453795619
 11
47.4796903427
 21
200.2453795619
  0
LINE
  5
479
100
AcDbEntity
  8
RUNDUNGEN
100
AcDbLine
 62
9
  6
CONTINUOUS
 10
47.5924117789
 20
248.2453795619
 11
47.5924117789
 21
200.2453795619
  0
LINE
  5
47A
100
AcDbEntity
  8
RUNDUNGEN
100
AcDbLine
 62
9
  6
CONTINUOUS
 10
48.3919244406
 20
248.2453795619
 11
48.3919244406
 21
200.2453795619
  0
LINE
  5
47B
100
AcDbEntity
  8
RUNDUNGEN
100
AcDbLine
 62
9
  6
CONTINUOUS
 10
55.8122584543
 20
246.9152221192
 11
55.1830919258
 21
245.523068608
  0
LINE
  5
47C
100
AcDbEntity
  8
RUNDUNGEN
100
AcDbLine
 62
9
  6
CONTINUOUS
 10
55.959437636
 20
246.7626282465
 11
55.3102196852
 21
245.3261070574
  0
LINE
  5
47D
100
AcDbEntity
  8
0
100
AcDbLine
 62
7
  6
CONTINUOUS
 10
68.2303153427
 20
249.9740811426
 11
68.0469402553
 21
249.8208896715
  0
LINE
  5
47E
100
AcDbEntity
  8
0
100
AcDbLine
 62
7
  6
CONTINUOUS
 10
68.1386279302
 20
249.3613152582
 11
68.5053778427
 21
249.5911024649
  0
LINE
  5
47F
100
AcDbEntity
  8
RUNDUNGEN
100
AcDbLine
 62
9
  6
CONTINUOUS
 10
62.2018572338
 20
243.6389097207
 11
61.3359637298
 21
243.1389858731
  0
LINE
  5
480
100
AcDbEntity
  8
0
100
AcDbLine
 62
7
  6
CONTINUOUS
 10
74.5567528427
 20
250.5868472416
 11
74.8318153427
 21
250.7400387127
  0
LINE
  5
481
100
AcDbEntity
  8
0
100
AcDbLine
 62
7
  6
CONTINUOUS
 10
72.0811903427
 20
248.3655705888
 11
71.8061278427
 21
248.2123790641
  0
LINE
  5
482
100
AcDbEntity
  8
0
100
AcDbLine
 62
7
  6
CONTINUOUS
 10
74.7401281925
 20
251.199613126
 11
74.373377493
 21
251.0464216549
  0
LINE
  5
483
100
AcDbEntity
  8
0
100
AcDbLine
 62
7
  6
CONTINUOUS
 10
71.8978155176
 20
247.7528046038
 11
72.2645651679
 21
247.905996095
  0
LINE
  5
484
100
AcDbEntity
  8
0
100
AcDbLine
 62
7
  6
CONTINUOUS
 10
77.5068148773
 20
198.8673795619
 11
76.3296440127
 21
198.8673795619
  0
LINE
  5
485
100
AcDbEntity
  8
0
100
AcDbLine
 62
7
  6
CONTINUOUS
 10
75.3786800105
 20
198.8673795619
 11
74.3848148773
 21
198.8673795619
  0
LINE
  5
486
100
AcDbEntity
  8
0
100
AcDbLine
 62
7
  6
CONTINUOUS
 10
73.7884957974
 20
198.8673795619
 11
72.7946306642
 21
198.8673795619
  0
LINE
  5
487
100
AcDbEntity
  8
0
100
AcDbLine
 62
7
  6
CONTINUOUS
 10
71.3164155401
 20
198.8673795619
 11
68.9144155401
 21
198.8673795619
  0
LINE
  5
488
100
AcDbEntity
  8
0
100
AcDbLine
 62
7
  6
CONTINUOUS
 10
68.3180964601
 20
198.8673795619
 11
65.4360964601
 21
198.8673795619
  0
LINE
  5
489
100
AcDbEntity
  8
0
100
AcDbLine
 62
7
  6
CONTINUOUS
 10
64.8397773802
 20
198.8673795619
 11
63.845912247
 21
198.8673795619
  0
LINE
  5
48A
100
AcDbEntity
  8
0
100
AcDbLine
 62
7
  6
CONTINUOUS
 10
62.5676425134
 20
198.8673795619
 11
61.5737773802
 21
198.8673795619
  0
LINE
  5
48B
100
AcDbEntity
  8
0
100
AcDbLine
 62
7
  6
CONTINUOUS
 10
60.9774583003
 20
198.8673795619
 11
58.0954583003
 21
198.8673795619
  0
LINE
  5
48C
100
AcDbEntity
  8
0
100
AcDbLine
 62
7
  6
CONTINUOUS
 10
57.4991392204
 20
198.8673795619
 11
56.5052740872
 21
198.8673795619
  0
LINE
  5
48D
100
AcDbEntity
  8
0
100
AcDbLine
 62
7
  6
CONTINUOUS
 10
55.283304303
 20
198.8673795619
 11
54.323304303
 21
198.8673795619
  0
LINE
  5
48E
100
AcDbEntity
  8
BEZUGSACHSEN
100
AcDbLine
 62
7
  6
CONTINUOUS
 10
77.4796903427
 20
199.6453795619
 11
53.4796903427
 21
199.6453795619
  0
LINE
  5
48F
100
AcDbEntity
  8
BEZUGSACHSEN
100
AcDbLine
 62
7
  6
CONTINUOUS
 10
93.5296903427
 20
200.2453795619
 11
91.4296903427
 21
200.2453795619
  0
LINE
  5
490
100
AcDbEntity
  8
BEZUGSACHSEN
100
AcDbLine
 62
7
  6
CENTER
 10
87.2296903427
 20
200.2453795619
 11
86.4796903427
 21
200.2453795619
  0
LINE
  5
491
100
AcDbEntity
  8
RUNDUNGEN
100
AcDbLine
 62
9
  6
CONTINUOUS
 10
47.4796903427
 20
200.2453795619
 11
48.3919244406
 21
200.2453795619
  0
LINE
  5
492
100
AcDbEntity
  8
BEZUGSACHSEN
100
AcDbLine
 62
7
  6
CENTER
 10
97.7296903427
 20
200.2453795619
 11
98.4796903427
 21
200.2453795619
  0
LINE
  5
493
100
AcDbEntity
  8
RUNDUNGEN
100
AcDbLine
 62
9
  6
CONTINUOUS
 10
98.5674562449
 20
200.2453795619
 11
99.4796903427
 21
200.2453795619
  0
LINE
  5
494
100
AcDbEntity
  8
RUNDUNGEN
100
AcDbLine
 62
9
  6
CONTINUOUS
 10
51.5104178383
 20
247.3720212272
 11
51.5104178383
 21
249.1187378966
  0
LINE
  5
495
100
AcDbEntity
  8
RUNDUNGEN
100
AcDbLine
 62
9
  6
CONTINUOUS
 10
51.7073793889
 20
247.5042481897
 11
51.7073793889
 21
248.986510934
  0
LINE
  5
496
100
AcDbEntity
  8
AUSFORMSCHRAEGEN
100
AcDbLine
 62
7
  6
CONTINUOUS
 10
52.1486712849
 20
248.690256732
 11
52.1486712849
 21
247.8005023917
  0
LINE
  5
497
100
AcDbEntity
  8
BEZUGSACHSEN
100
AcDbLine
 62
7
  6
CONTINUOUS
 10
54.4796903427
 20
249.2953795619
 11
54.4796903427
 21
247.1953795619
  0
LINE
  5
498
100
AcDbEntity
  8
BEZUGSACHSEN
100
AcDbLine
 62
7
  6
CENTER
 10
54.4796903427
 20
242.9953795619
 11
54.4796903427
 21
242.2453795619
  0
LINE
  5
499
100
AcDbEntity
  8
RUNDUNGEN
100
AcDbLine
 62
9
  6
CONTINUOUS
 10
54.4796903427
 20
193.2453795619
 11
54.4796903427
 21
194.1576136597
  0
LINE
  5
49A
100
AcDbEntity
  8
BEZUGSACHSEN
100
AcDbLine
 62
7
  6
CENTER
 10
54.4796903427
 20
253.4953795619
 11
54.4796903427
 21
254.2453795619
  0
LINE
  5
49B
100
AcDbEntity
  8
RUNDUNGEN
100
AcDbLine
 62
9
  6
CONTINUOUS
 10
54.4796903427
 20
254.333145464
 11
54.4796903427
 21
255.2453795619
  0
LINE
  5
49C
100
AcDbEntity
  8
0
100
AcDbLine
 62
7
  6
CONTINUOUS
 10
68.5053778427
 20
249.5911024649
 11
68.7804403427
 21
249.8974854071
  0
LINE
  5
49D
100
AcDbEntity
  8
0
100
AcDbLine
 62
7
  6
CONTINUOUS
 10
74.373377493
 20
251.0464216549
 11
74.0066278427
 21
250.7400387127
  0
LINE
  5
49E
100
AcDbEntity
  8
0
100
AcDbLine
 62
7
  6
CONTINUOUS
 10
72.2645651679
 20
247.905996095
 11
72.6313153427
 21
248.2123790641
  0
LINE
  5
49F
100
AcDbEntity
  8
RUNDUNGEN
100
AcDbLine
 62
9
  6
CONTINUOUS
 10
63.262894943
 20
241.8011384996
 11
62.397001439
 21
241.301214652
  0
LINE
  5
4A0
100
AcDbEntity
  8
0
100
AcDbLine
 62
7
  6
CONTINUOUS
 10
76.298814993
 20
248.3655705888
 11
76.023752493
 21
248.2123790641
  0
LINE
  5
4A1
100
AcDbEntity
  8
0
100
AcDbLine
 62
7
  6
CONTINUOUS
 10
76.1154406925
 20
247.7528046038
 11
76.4821903427
 21
247.905996095
  0
LINE
  5
4A2
100
AcDbEntity
  8
AUSFORMSCHRAEGEN
100
AcDbLine
 62
7
  6
CONTINUOUS
 10
92.8982624766
 20
202.5263986197
 11
92.0611182089
 21
202.5263986197
  0
LINE
  5
4A3
100
AcDbEntity
  8
RUNDUNGEN
100
AcDbLine
 62
9
  6
CONTINUOUS
 10
91.7762887597
 20
202.9676905157
 11
93.1830919258
 21
202.9676905157
  0
LINE
  5
4A4
100
AcDbEntity
  8
RUNDUNGEN
100
AcDbLine
 62
9
  6
CONTINUOUS
 10
91.6491610003
 20
203.1646520663
 11
93.3102196852
 21
203.1646520663
  0
LINE
  5
4A5
100
AcDbEntity
  8
0
100
AcDbLine
 62
7
  6
CONTINUOUS
 10
69.5379796247
 20
197.4853972344
 11
70.4328015798
 21
196.4653795619
  0
LINE
  5
4A6
100
AcDbEntity
  8
0
100
AcDbLine
 62
7
  6
CONTINUOUS
 10
71.7098495897
 20
196.4653795619
 11
70.8150276345
 21
197.4853972344
  0
LINE
  5
4A7
100
AcDbEntity
  8
0
100
AcDbLine
 62
7
  6
CONTINUOUS
 10
56.5591511219
 20
222.2453795619
 11
56.5591511219
 21
226.2453795619
  0
LINE
  5
4A8
100
AcDbEntity
  8
AUSFORMSCHRAEGEN
100
AcDbLine
 62
7
  6
CONTINUOUS
 10
56.8107094006
 20
247.8005023917
 11
56.8107094006
 21
248.690256732
  0
LINE
  5
4A9
100
AcDbEntity
  8
0
100
AcDbLine
 62
7
  6
CONTINUOUS
 10
57.1591511219
 20
222.2453795619
 11
57.1591511219
 21
218.1552955737
  0
LINE
  5
4AA
100
AcDbEntity
  8
RUNDUNGEN
100
AcDbLine
 62
9
  6
CONTINUOUS
 10
57.2520012966
 20
248.986510934
 11
57.2520012966
 21
247.5042481897
  0
LINE
  5
4AB
100
AcDbEntity
  8
RUNDUNGEN
100
AcDbLine
 62
9
  6
CONTINUOUS
 10
57.4489628472
 20
249.1187378966
 11
57.4489628472
 21
247.3720212272
  0
LINE
  5
4AC
100
AcDbEntity
  8
0
100
AcDbLine
 62
3
  6
CONTINUOUS
 10
57.6591511219
 20
222.2453795619
 11
57.6591511219
 21
218.1552955737
  0
LINE
  5
4AD
100
AcDbEntity
  8
0
100
AcDbLine
 62
7
  6
CONTINUOUS
 10
57.7796903427
 20
218.278839526
 11
57.7796903427
 21
222.2453795619
  0
LINE
  5
4AE
100
AcDbEntity
  8
0
100
AcDbLine
 62
7
  6
CONTINUOUS
 10
57.7796903427
 20
226.2453795619
 11
57.7796903427
 21
228.2391246714
  0
LINE
  5
4AF
100
AcDbEntity
  8
0
100
AcDbLine
 62
7
  6
CONTINUOUS
 10
72.2645651679
 20
248.5953577954
 11
72.0811903427
 21
248.3655705888
  0
LINE
  5
4B0
100
AcDbEntity
  8
0
100
AcDbLine
 62
7
  6
CONTINUOUS
 10
76.4821903427
 20
247.905996095
 11
76.848939993
 21
248.2123790641
  0
LINE
  5
4B1
100
AcDbEntity
  8
RUNDUNGEN
100
AcDbLine
 62
9
  6
CONTINUOUS
 10
90.9999430495
 20
198.7626282465
 11
89.5104178383
 21
199.3720212272
  0
LINE
  5
4B2
100
AcDbEntity
  8
RUNDUNGEN
100
AcDbLine
 62
9
  6
CONTINUOUS
 10
91.1471222311
 20
198.9152221192
 11
89.7073793889
 21
199.5042481897
  0
LINE
  5
4B3
100
AcDbEntity
  8
AUSFORMSCHRAEGEN
100
AcDbLine
 62
7
  6
CONTINUOUS
 10
90.1486712849
 20
199.8005023917
 11
91.4768768453
 21
199.2571083361
  0
LINE
  5
4B4
100
AcDbEntity
  8
0
100
AcDbLine
 62
7
  6
CONTINUOUS
 10
75.0083789619
 20
197.4853972344
 11
75.9047114327
 21
196.4653795619
  0
LINE
  5
4B5
100
AcDbEntity
  8
0
100
AcDbLine
 62
7
  6
CONTINUOUS
 10
76.8632009171
 20
196.4653795619
 11
75.866696777
 21
197.5993916242
  0
LINE
  5
4B6
100
AcDbEntity
  8
RUNDUNGEN
100
AcDbLine
 62
7
  6
CONTINUOUS
 10
62.6029929924
 20
210.7743025886
 11
57.4135382175
 21
217.4165018033
  0
LINE
  5
4B7
100
AcDbEntity
  8
RUNDUNGEN
100
AcDbLine
 62
3
  6
CONTINUOUS
 10
57.8075435944
 20
217.724332541
 11
62.9969983692
 21
211.0821333263
  0
LINE
  5
4B8
100
AcDbEntity
  8
FASEN
100
AcDbLine
 62
7
  6
CONTINUOUS
 10
63.2245625105
 20
210.7907887242
 11
62.9970086881
 21
211.0821413856
  0
LINE
  5
4B9
100
AcDbEntity
  8
0
100
AcDbLine
 62
7
  6
CONTINUOUS
 10
58.6891511219
 20
227.4721744811
 11
58.6891511219
 21
221.0185846426
  0
LINE
  5
4BA
100
AcDbEntity
  8
0
100
AcDbLine
 62
7
  6
CONTINUOUS
 10
60.4591511219
 20
228.2453795619
 11
60.4591511219
 21
227.6453795619
  0
LINE
  5
4BB
100
AcDbEntity
  8
0
100
AcDbLine
 62
7
  6
CONTINUOUS
 10
60.4591511219
 20
220.8453795619
 11
60.4591511219
 21
220.2453795619
  0
LINE
  5
4BC
100
AcDbEntity
  8
0
100
AcDbLine
 62
7
  6
CONTINUOUS
 10
60.4591511219
 20
223.6453795619
 11
60.4591511219
 21
224.8453795619
  0
LINE
  5
4BD
100
AcDbEntity
  8
RUNDUNGEN
100
AcDbLine
 62
7
  6
CONTINUOUS
 10
61.5796903427
 20
217.0453795619
 11
61.5796903427
 21
218.4102605239
  0
LINE
  5
4BE
100
AcDbEntity
  8
RUNDUNGEN
100
AcDbLine
 62
7
  6
CONTINUOUS
 10
61.5796903427
 20
219.8804985998
 11
61.5796903427
 21
220.454840341
  0
LINE
  5
4BF
100
AcDbEntity
  8
AUSFORMSCHRAEGEN
100
AcDbLine
 62
7
  6
CONTINUOUS
 10
61.5796903427
 20
220.454840341
 11
61.5796903427
 21
220.8453795619
  0
LINE
  5
4C0
100
AcDbEntity
  8
AUSFORMSCHRAEGEN
100
AcDbLine
 62
7
  6
CONTINUOUS
 10
61.5796903427
 20
223.6453795619
 11
61.5796903427
 21
224.8453795619
  0
LINE
  5
4C1
100
AcDbEntity
  8
AUSFORMSCHRAEGEN
100
AcDbLine
 62
7
  6
CONTINUOUS
 10
61.5796903427
 20
227.6453795619
 11
61.5796903427
 21
228.0359187827
  0
LINE
  5
4C2
100
AcDbEntity
  8
RUNDUNGEN
100
AcDbLine
 62
7
  6
CONTINUOUS
 10
61.5796903427
 20
228.0359187827
 11
61.5796903427
 21
228.6102605239
  0
LINE
  5
4C3
100
AcDbEntity
  8
RUNDUNGEN
100
AcDbLine
 62
7
  6
CONTINUOUS
 10
61.5796903427
 20
230.0804985998
 11
61.5796903427
 21
230.5653795619
  0
LINE
  5
4C4
100
AcDbEntity
  8
0
100
AcDbLine
 62
7
  6
CONTINUOUS
 10
54.323304303
 20
198.8673795619
 11
53.6796903427
 21
196.4653795619
  0
LINE
  5
4C5
100
AcDbEntity
  8
0
100
AcDbLine
 62
7
  6
CONTINUOUS
 10
68.3220027553
 20
250.2038683493
 11
68.2303153427
 21
249.9740811426
  0
LINE
  5
4C6
100
AcDbEntity
  8
0
100
AcDbLine
 62
7
  6
CONTINUOUS
 10
68.7804403427
 20
249.8974854071
 11
68.8721277553
 21
250.1272726137
  0
LINE
  5
4C7
100
AcDbEntity
  8
0
100
AcDbLine
 62
7
  6
CONTINUOUS
 10
72.6313153427
 20
248.2123790641
 11
72.8146901679
 21
248.5187620599
  0
LINE
  5
4C8
100
AcDbEntity
  8
0
100
AcDbLine
 62
7
  6
CONTINUOUS
 10
76.4821903427
 20
248.5953577954
 11
76.298814993
 21
248.3655705888
  0
LINE
  5
4C9
100
AcDbEntity
  8
RUNDUNGEN
100
AcDbLine
 62
7
  6
CONTINUOUS
 10
77.5796903427
 20
210.9491610512
 11
69.3796903427
 21
210.9491610512
  0
LINE
  5
4CA
100
AcDbEntity
  8
0
100
AcDbLine
 62
7
  6
CONTINUOUS
 10
69.7796903427
 20
212.0453795619
 11
77.1796903427
 21
212.0453795619
  0
LINE
  5
4CB
100
AcDbEntity
  8
AUSFORMSCHRAEGEN
100
AcDbLine
 62
7
  6
CONTINUOUS
 10
94.8107094006
 20
200.690256732
 11
93.4825038402
 21
201.2336507876
  0
LINE
  5
4CC
100
AcDbEntity
  8
RUNDUNGEN
100
AcDbLine
 62
9
  6
CONTINUOUS
 10
93.8122584543
 20
201.5755370045
 11
95.2520012966
 21
200.986510934
  0
LINE
  5
4CD
100
AcDbEntity
  8
RUNDUNGEN
100
AcDbLine
 62
9
  6
CONTINUOUS
 10
93.959437636
 20
201.7281308772
 11
95.4489628472
 21
201.1187378966
  0
LINE
  5
4CE
100
AcDbEntity
  8
0
100
AcDbLine
 62
7
  6
CONTINUOUS
 10
63.0591511219
 20
227.6453795619
 11
63.0591511219
 21
224.8453795619
  0
LINE
  5
4CF
100
AcDbEntity
  8
0
100
AcDbLine
 62
7
  6
CONTINUOUS
 10
63.0591511219
 20
223.6453795619
 11
63.0591511219
 21
220.8453795619
  0
LINE
  5
4D0
100
AcDbEntity
  8
0
100
AcDbLine
 62
7
  6
CONTINUOUS
 10
63.4796903427
 20
252.1086058357
 11
63.4796903427
 21
250.4762088616
  0
LINE
  5
4D1
100
AcDbEntity
  8
0
100
AcDbLine
 62
7
  6
CONTINUOUS
 10
64.2796903427
 20
250.4762360783
 11
64.2796903427
 21
252.1086058357
  0
LINE
  5
4D2
100
AcDbEntity
  8
0
100
AcDbLine
 62
7
  6
CONTINUOUS
 10
64.5796903427
 20
223.0453795619
 11
64.5796903427
 21
217.0453795619
  0
LINE
  5
4D3
100
AcDbEntity
  8
0
100
AcDbLine
 62
7
  6
CONTINUOUS
 10
65.4796903427
 20
251.2762088616
 11
65.4796903427
 21
247.6762088616
  0
LINE
  5
4D4
100
AcDbEntity
  8
0
100
AcDbLine
 62
7
  6
CONTINUOUS
 10
54.6735554759
 20
196.4653795619
 11
54.9933618715
 21
197.6589132786
  0
LINE
  5
4D5
100
AcDbEntity
  8
0
100
AcDbLine
 62
7
  6
CONTINUOUS
 10
56.5052740872
 20
198.8673795619
 11
56.1854676917
 21
197.6738458452
  0
LINE
  5
4D6
100
AcDbEntity
  8
0
100
AcDbLine
 62
7
  6
CONTINUOUS
 10
56.8555252602
 20
196.4653795619
 11
57.4991392204
 21
198.8673795619
  0
LINE
  5
4D7
100
AcDbEntity
  8
0
100
AcDbLine
 62
7
  6
CONTINUOUS
 10
58.0954583003
 20
198.8673795619
 11
57.4518443401
 21
196.4653795619
  0
LINE
  5
4D8
100
AcDbEntity
  8
0
100
AcDbLine
 62
7
  6
CONTINUOUS
 10
72.3562528427
 20
248.9017407376
 11
72.2645651679
 21
248.5953577954
  0
LINE
  5
4D9
100
AcDbEntity
  8
0
100
AcDbLine
 62
7
  6
CONTINUOUS
 10
74.4650656925
 20
250.3570598204
 11
74.5567528427
 21
250.5868472416
  0
LINE
  5
4DA
100
AcDbEntity
  8
0
100
AcDbLine
 62
3
  6
CONTINUOUS
 10
66.0796903427
 20
230.453358574
 11
65.9796903427
 21
230.2536685716
  0
LINE
  5
4DB
100
AcDbEntity
  8
0
100
AcDbLine
 62
7
  6
CONTINUOUS
 10
76.848939993
 20
248.2123790641
 11
77.0323153427
 21
248.5187620599
  0
LINE
  5
4DC
100
AcDbEntity
  8
0
100
AcDbLine
 62
3
  6
CONTINUOUS
 10
60.2652913806
 20
213.7664242051
 11
60.1383895591
 21
213.7664242051
  0
LINE
  5
4DD
100
AcDbEntity
  8
RUNDUNGEN
100
AcDbLine
 62
7
  6
CONTINUOUS
 10
80.0796903427
 20
213.8453795619
 11
77.1796903427
 21
213.8453795619
  0
LINE
  5
4DE
100
AcDbEntity
  8
RUNDUNGEN
100
AcDbLine
 62
7
  6
CONTINUOUS
 10
69.7796903427
 20
213.8453795619
 11
66.8796903427
 21
213.8453795619
  0
LINE
  5
4DF
100
AcDbEntity
  8
RUNDUNGEN
100
AcDbLine
 62
7
  6
CONTINUOUS
 10
89.7073793889
 20
200.986510934
 11
90.1486712849
 21
200.690256732
  0
LINE
  5
4E0
100
AcDbEntity
  8
RUNDUNGEN
100
AcDbLine
 62
7
  6
CONTINUOUS
 10
95.2520012966
 20
199.5042481897
 11
94.8107094006
 21
199.8005023917
  0
LINE
  5
4E1
100
AcDbEntity
  8
RUNDUNGEN
100
AcDbLine
 62
9
  6
CONTINUOUS
 10
53.6491610003
 20
245.3261070574
 11
52.9999430495
 21
246.7626282465
  0
LINE
  5
4E2
100
AcDbEntity
  8
RUNDUNGEN
100
AcDbLine
 62
9
  6
CONTINUOUS
 10
53.7762887597
 20
245.523068608
 11
53.1471222311
 21
246.9152221192
  0
LINE
  5
4E3
100
AcDbEntity
  8
AUSFORMSCHRAEGEN
100
AcDbLine
 62
7
  6
CONTINUOUS
 10
53.4768768453
 20
247.2571083361
 11
54.0611182089
 21
245.964360504
  0
LINE
  5
4E4
100
AcDbEntity
  8
0
100
AcDbLine
 62
7
  6
CONTINUOUS
 10
65.9796903427
 20
230.5653795619
 11
65.9796903427
 21
223.0453795619
  0
LINE
  5
4E5
100
AcDbEntity
  8
0
100
AcDbLine
 62
7
  6
CONTINUOUS
 10
66.0298153427
 20
247.6762088616
 11
66.0298153427
 21
249.2847195227
  0
LINE
  5
4E6
100
AcDbEntity
  8
0
100
AcDbLine
 62
7
  6
CONTINUOUS
 10
66.0298153427
 20
249.744293936
 11
66.0298153427
 21
250.8932301838
  0
LINE
  5
4E7
100
AcDbEntity
  8
0
100
AcDbLine
 62
7
  6
CONTINUOUS
 10
66.0796903427
 20
221.9221346088
 11
66.0796903427
 21
230.5653795619
  0
LINE
  5
4E8
100
AcDbEntity
  8
RUNDUNGEN
100
AcDbLine
 62
7
  6
CONTINUOUS
 10
66.8796903427
 20
213.8453795619
 11
66.8796903427
 21
217.0453795619
  0
LINE
  5
4E9
100
AcDbEntity
  8
0
100
AcDbLine
 62
7
  6
CONTINUOUS
 10
66.8796903427
 20
221.9221346088
 11
66.8796903427
 21
230.5653795619
  0
LINE
  5
4EA
100
AcDbEntity
  8
0
100
AcDbLine
 62
7
  6
CONTINUOUS
 10
66.9796903427
 20
230.5653795619
 11
66.9796903427
 21
223.0453795619
  0
LINE
  5
4EB
100
AcDbEntity
  8
0
100
AcDbLine
 62
7
  6
CONTINUOUS
 10
67.8796903427
 20
239.2829053451
 11
67.8796903427
 21
239.4466952944
  0
LINE
  5
4EC
100
AcDbEntity
  8
RUNDUNGEN
100
AcDbLine
 62
7
  6
CONTINUOUS
 10
67.8796903427
 20
239.4466952944
 11
67.8796903427
 21
242.9837001626
  0
LINE
  5
4ED
100
AcDbEntity
  8
0
100
AcDbLine
 62
7
  6
CONTINUOUS
 10
67.9796903427
 20
230.5653795619
 11
67.9796903427
 21
223.0453795619
  0
LINE
  5
4EE
100
AcDbEntity
  8
0
100
AcDbLine
 62
7
  6
CONTINUOUS
 10
68.0796903427
 20
221.9221346088
 11
68.0796903427
 21
230.5653795619
  0
LINE
  5
4EF
100
AcDbEntity
  8
0
100
AcDbLine
 62
7
  6
CONTINUOUS
 10
68.3220027553
 20
250.4336557705
 11
68.3220027553
 21
250.2038683493
  0
LINE
  5
4F0
100
AcDbEntity
  8
0
100
AcDbLine
 62
7
  6
CONTINUOUS
 10
68.8721277553
 20
250.1272726137
 11
68.8721277553
 21
250.4336557705
  0
LINE
  5
4F1
100
AcDbEntity
  8
0
100
AcDbLine
 62
7
  6
CONTINUOUS
 10
68.8796903427
 20
221.9221346088
 11
68.8796903427
 21
230.5653795619
  0
LINE
  5
4F2
100
AcDbEntity
  8
0
100
AcDbLine
 62
7
  6
CONTINUOUS
 10
68.9796903427
 20
230.5653795619
 11
68.9796903427
 21
223.0453795619
  0
LINE
  5
4F3
100
AcDbEntity
  8
0
100
AcDbLine
 62
7
  6
CONTINUOUS
 10
72.8146901679
 20
248.5187620599
 11
72.9063778427
 21
248.9017407376
  0
LINE
  5
4F4
100
AcDbEntity
  8
0
100
AcDbLine
 62
7
  6
CONTINUOUS
 10
58.6005841065
 20
197.0433795619
 11
58.6906150352
 21
197.3793795619
  0
LINE
  5
4F5
100
AcDbEntity
  8
0
100
AcDbLine
 62
7
  6
CONTINUOUS
 10
58.84495377
 20
197.9553795619
 11
58.9349846987
 21
198.2913795619
  0
LINE
  5
4F6
100
AcDbEntity
  8
0
100
AcDbLine
 62
7
  6
CONTINUOUS
 10
60.1326150352
 20
197.3793795619
 11
60.28695377
 21
197.9553795619
  0
LINE
  5
4F7
100
AcDbEntity
  8
0
100
AcDbLine
 62
7
  6
CONTINUOUS
 10
60.3338443401
 20
196.4653795619
 11
60.4887189733
 21
197.0433795619
  0
LINE
  5
4F8
100
AcDbEntity
  8
0
100
AcDbLine
 62
7
  6
CONTINUOUS
 10
60.8231195655
 20
198.2913795619
 11
60.9774583003
 21
198.8673795619
  0
LINE
  5
4F9
100
AcDbEntity
  8
0
100
AcDbLine
 62
7
  6
CONTINUOUS
 10
61.5737773802
 20
198.8673795619
 11
61.2539709847
 21
197.6738458452
  0
LINE
  5
4FA
100
AcDbEntity
  8
0
100
AcDbLine
 62
7
  6
CONTINUOUS
 10
62.2078903139
 20
197.5247660752
 11
62.5676425134
 21
198.8673795619
  0
LINE
  5
4FB
100
AcDbEntity
  8
0
100
AcDbLine
 62
7
  6
CONTINUOUS
 10
74.0066278427
 20
250.7400387127
 11
73.9149401679
 21
250.4336557705
  0
LINE
  5
4FC
100
AcDbEntity
  8
0
100
AcDbLine
 62
9
  6
CONTINUOUS
 10
80.9796903427
 20
255.8167050793
 11
80.6796903427
 21
255.0750852306
  0
LINE
  5
4FD
100
AcDbEntity
  8
FASEN
100
AcDbLine
 62
7
  6
CONTINUOUS
 10
84.609185933
 20
238.0167673571
 11
84.1921630456
 21
237.6909533693
  0
LINE
  5
4FE
100
AcDbEntity
  8
0
100
AcDbLine
 62
7
  6
CONTINUOUS
 10
82.8807520672
 20
236.6663668214
 11
84.1921630456
 21
237.6909533693
  0
LINE
  5
4FF
100
AcDbEntity
  8
RUNDUNGEN
100
AcDbLine
 62
7
  6
CONTINUOUS
 10
84.3563876931
 20
237.7164565351
 11
83.9623823163
 21
237.4086257974
  0
LINE
  5
500
100
AcDbEntity
  8
RUNDUNGEN
100
AcDbLine
 62
7
  6
CONTINUOUS
 10
85.3796903427
 20
217.0453795619
 11
80.0796903427
 21
217.0453795619
  0
LINE
  5
501
100
AcDbEntity
  8
RUNDUNGEN
100
AcDbLine
 62
7
  6
CONTINUOUS
 10
66.8796903427
 20
217.0453795619
 11
61.5796903427
 21
217.0453795619
  0
LINE
  5
502
100
AcDbEntity
  8
0
100
AcDbLine
 62
7
  6
CONTINUOUS
 10
66.8796903427
 20
217.0453795619
 11
80.0796903427
 21
217.0453795619
  0
LINE
  5
503
100
AcDbEntity
  8
RUNDUNGEN
100
AcDbLine
 62
7
  6
CONTINUOUS
 10
86.5002295636
 20
220.2453795619
 11
85.7796903427
 21
220.2453795619
  0
LINE
  5
504
100
AcDbEntity
  8
RUNDUNGEN
100
AcDbLine
 62
7
  6
CONTINUOUS
 10
61.1796903427
 20
220.2453795619
 11
60.4591511219
 21
220.2453795619
  0
LINE
  5
505
100
AcDbEntity
  8
AUSFORMSCHRAEGEN
100
AcDbLine
 62
7
  6
CONTINUOUS
 10
55.4825038402
 20
249.2336507876
 11
54.8982624766
 21
250.5263986197
  0
LINE
  5
506
100
AcDbEntity
  8
RUNDUNGEN
100
AcDbLine
 62
9
  6
CONTINUOUS
 10
55.1830919258
 20
250.9676905157
 11
55.8122584543
 21
249.5755370045
  0
LINE
  5
507
100
AcDbEntity
  8
RUNDUNGEN
100
AcDbLine
 62
9
  6
CONTINUOUS
 10
55.3102196852
 20
251.1646520663
 11
55.959437636
 21
249.7281308772
  0
LINE
  5
508
100
AcDbEntity
  8
0
100
AcDbLine
 62
7
  6
CONTINUOUS
 10
69.6056278427
 20
251.2762088616
 11
69.6056278427
 21
248.9017407376
  0
LINE
  5
509
100
AcDbEntity
  8
RUNDUNGEN
100
AcDbLine
 62
7
  6
CONTINUOUS
 10
69.7796903427
 20
211.0053773851
 11
69.7796903427
 21
213.8453795619
  0
LINE
  5
50A
100
AcDbEntity
  8
0
100
AcDbLine
 62
7
  6
CONTINUOUS
 10
69.9796903427
 20
230.5653795619
 11
69.9796903427
 21
223.0453795619
  0
LINE
  5
50B
100
AcDbEntity
  8
0
100
AcDbLine
 62
7
  6
CONTINUOUS
 10
70.0796903427
 20
221.9221346088
 11
70.0796903427
 21
230.5653795619
  0
LINE
  5
50C
100
AcDbEntity
  8
0
100
AcDbLine
 62
7
  6
CONTINUOUS
 10
70.1557528427
 20
248.9017407376
 11
70.1557528427
 21
251.2762088616
  0
LINE
  5
50D
100
AcDbEntity
  8
4171
100
AcDbLine
 62
7
  6
CONTINUOUS
 10
70.4796903427
 20
240.0075266946
 11
70.4796903427
 21
241.2454219054
  0
LINE
  5
50E
100
AcDbEntity
  8
RUNDUNGEN
100
AcDbLine
 62
7
  6
CONTINUOUS
 10
70.4796903427
 20
241.2453795619
 11
70.4796903427
 21
243.1964727616
  0
LINE
  5
50F
100
AcDbEntity
  8
0
100
AcDbLine
 62
7
  6
CONTINUOUS
 10
70.8796903427
 20
221.9221346088
 11
70.8796903427
 21
230.5653795619
  0
LINE
  5
510
100
AcDbEntity
  8
0
100
AcDbLine
 62
7
  6
CONTINUOUS
 10
70.9796903427
 20
230.5653795619
 11
70.9796903427
 21
223.0453795619
  0
LINE
  5
511
100
AcDbEntity
  8
0
100
AcDbLine
 62
7
  6
CONTINUOUS
 10
71.2796903427
 20
238.9356294408
 11
71.2796903427
 21
238.6453795619
  0
LINE
  5
512
100
AcDbEntity
  8
4171
100
AcDbLine
 62
7
  6
CONTINUOUS
 10
71.2796903427
 20
238.9356294408
 11
71.2796903427
 21
241.2453582659
  0
LINE
  5
513
100
AcDbEntity
  8
0
100
AcDbLine
 62
7
  6
CONTINUOUS
 10
71.6796903427
 20
243.8971967551
 11
71.6796903427
 21
239.4817057225
  0
LINE
  5
514
100
AcDbEntity
  8
RUNDUNGEN
100
AcDbLine
 62
7
  6
CONTINUOUS
 10
71.6796903427
 20
239.4817057225
 11
71.6796903427
 21
239.2569417664
  0
LINE
  5
515
100
AcDbEntity
  8
0
100
AcDbLine
 62
7
  6
CONTINUOUS
 10
71.6796903427
 20
239.2569417664
 11
71.6796903427
 21
238.6453795619
  0
LINE
  5
516
100
AcDbEntity
  8
0
100
AcDbLine
 62
7
  6
CONTINUOUS
 10
71.9796903427
 20
230.5653795619
 11
71.9796903427
 21
223.0453795619
  0
LINE
  5
517
100
AcDbEntity
  8
0
100
AcDbLine
 62
9
  6
CONTINUOUS
 10
72.0796903427
 20
239.1070991291
 11
72.0796903427
 21
238.6453795619
  0
LINE
  5
518
100
AcDbEntity
  8
0
100
AcDbLine
 62
7
  6
CONTINUOUS
 10
72.0796903427
 20
221.9221346088
 11
72.0796903427
 21
230.5653795619
  0
LINE
  5
519
100
AcDbEntity
  8
0
100
AcDbLine
 62
7
  6
CONTINUOUS
 10
72.3562528427
 20
251.2762088616
 11
72.3562528427
 21
248.9017407376
  0
LINE
  5
51A
100
AcDbEntity
  8
0
100
AcDbLine
 62
7
  6
CONTINUOUS
 10
72.8796903427
 20
221.9221346088
 11
72.8796903427
 21
230.5653795619
  0
LINE
  5
51B
100
AcDbEntity
  8
0
100
AcDbLine
 62
7
  6
CONTINUOUS
 10
72.9063778427
 20
248.9017407376
 11
72.9063778427
 21
251.2762088616
  0
LINE
  5
51C
100
AcDbEntity
  8
0
100
AcDbLine
 62
7
  6
CONTINUOUS
 10
63.845912247
 20
198.8673795619
 11
63.451964464
 21
197.3971464202
  0
LINE
  5
51D
100
AcDbEntity
  8
0
100
AcDbLine
 62
7
  6
CONTINUOUS
 10
64.434482026
 20
197.3547967077
 11
64.8397773802
 21
198.8673795619
  0
LINE
  5
51E
100
AcDbEntity
  8
0
100
AcDbLine
 62
7
  6
CONTINUOUS
 10
65.4360964601
 20
198.8673795619
 11
65.2817577253
 21
198.2913795619
  0
LINE
  5
51F
100
AcDbEntity
  8
0
100
AcDbLine
 62
7
  6
CONTINUOUS
 10
75.9796903427
 20
238.6453795619
 11
76.4135180965
 21
240.0213054109
  0
LINE
  5
520
100
AcDbEntity
  8
RUNDUNGEN
100
AcDbLine
 62
9
  6
CONTINUOUS
 10
86.1637770226
 20
243.979695706
 11
85.6234169556
 21
243.1389858731
  0
LINE
  5
521
100
AcDbEntity
  8
RUNDUNGEN
100
AcDbLine
 62
9
  6
CONTINUOUS
 10
84.0178473739
 20
240.4632008902
 11
84.5623792464
 21
241.301214652
  0
LINE
  5
522
100
AcDbEntity
  8
0
100
AcDbLine
 62
7
  6
CONTINUOUS
 10
63.0591511219
 20
220.8453795619
 11
57.8762610338
 21
220.8453795619
  0
LINE
  5
523
100
AcDbEntity
  8
0
100
AcDbLine
 62
7
  6
CONTINUOUS
 10
83.9002295636
 20
220.8453795619
 11
89.0840595802
 21
220.8453795619
  0
LINE
  5
524
100
AcDbEntity
  8
0
100
AcDbLine
 62
7
  6
CONTINUOUS
 10
90.4001272468
 20
222.2453795619
 11
89.2765301832
 21
222.2453795619
  0
LINE
  5
525
100
AcDbEntity
  8
RUNDUNGEN
100
AcDbLine
 62
7
  6
CONTINUOUS
 10
89.2765301832
 20
222.2453795619
 11
88.2852520329
 21
222.2453795619
  0
LINE
  5
526
100
AcDbEntity
  8
0
100
AcDbLine
 62
7
  6
CONTINUOUS
 10
56.5592534387
 20
222.2453795619
 11
57.6828505023
 21
222.2453795619
  0
LINE
  5
527
100
AcDbEntity
  8
RUNDUNGEN
100
AcDbLine
 62
7
  6
CONTINUOUS
 10
57.6828505023
 20
222.2453795619
 11
58.6741286526
 21
222.2453795619
  0
LINE
  5
528
100
AcDbEntity
  8
0
100
AcDbLine
 62
7
  6
CONTINUOUS
 10
82.3796903427
 20
223.0453795619
 11
80.8796903427
 21
223.0453795619
  0
LINE
  5
529
100
AcDbEntity
  8
0
100
AcDbLine
 62
7
  6
CONTINUOUS
 10
80.0796903427
 20
223.0453795619
 11
78.8796903427
 21
223.0453795619
  0
LINE
  5
52A
100
AcDbEntity
  8
0
100
AcDbLine
 62
7
  6
CONTINUOUS
 10
78.0796903427
 20
223.0453795619
 11
76.8796903427
 21
223.0453795619
  0
LINE
  5
52B
100
AcDbEntity
  8
0
100
AcDbLine
 62
7
  6
CONTINUOUS
 10
76.0796903427
 20
223.0453795619
 11
74.8796903427
 21
223.0453795619
  0
LINE
  5
52C
100
AcDbEntity
  8
0
100
AcDbLine
 62
7
  6
CONTINUOUS
 10
74.0796903427
 20
223.0453795619
 11
72.8796903427
 21
223.0453795619
  0
LINE
  5
52D
100
AcDbEntity
  8
0
100
AcDbLine
 62
7
  6
CONTINUOUS
 10
72.0796903427
 20
223.0453795619
 11
70.8796903427
 21
223.0453795619
  0
LINE
  5
52E
100
AcDbEntity
  8
0
100
AcDbLine
 62
7
  6
CONTINUOUS
 10
70.0796903427
 20
223.0453795619
 11
68.8796903427
 21
223.0453795619
  0
LINE
  5
52F
100
AcDbEntity
  8
0
100
AcDbLine
 62
7
  6
CONTINUOUS
 10
68.0796903427
 20
223.0453795619
 11
66.8796903427
 21
223.0453795619
  0
LINE
  5
530
100
AcDbEntity
  8
0
100
AcDbLine
 62
7
  6
CONTINUOUS
 10
66.0796903427
 20
223.0453795619
 11
64.5796903427
 21
223.0453795619
  0
LINE
  5
531
100
AcDbEntity
  8
0
100
AcDbLine
 62
7
  6
CONTINUOUS
 10
60.4591511219
 20
223.6453795619
 11
63.0591511219
 21
223.6453795619
  0
LINE
  5
532
100
AcDbEntity
  8
0
100
AcDbLine
 62
7
  6
CONTINUOUS
 10
83.9002295636
 20
223.6453795619
 11
86.5002295636
 21
223.6453795619
  0
LINE
  5
533
100
AcDbEntity
  8
RUNDUNGEN
100
AcDbLine
 62
7
  6
CONTINUOUS
 10
91.1471222311
 20
201.5755370045
 11
91.4768768453
 21
201.2336507876
  0
LINE
  5
534
100
AcDbEntity
  8
RUNDUNGEN
100
AcDbLine
 62
7
  6
CONTINUOUS
 10
93.8122584543
 20
198.9152221192
 11
93.4825038402
 21
199.2571083361
  0
LINE
  5
535
100
AcDbEntity
  8
RUNDUNGEN
100
AcDbLine
 62
7
  6
CONTINUOUS
 10
55.1830919258
 20
245.523068608
 11
54.8982624766
 21
245.964360504
  0
LINE
  5
536
100
AcDbEntity
  8
RUNDUNGEN
100
AcDbLine
 62
7
  6
CONTINUOUS
 10
53.7762887597
 20
250.9676905157
 11
54.0611182089
 21
250.5263986197
  0
LINE
  5
537
100
AcDbEntity
  8
AUSFORMSCHRAEGEN
100
AcDbLine
 62
7
  6
CONTINUOUS
 10
61.720253841
 20
239.4133210513
 11
61.728162168
 21
239.3996234271
  0
LINE
  5
538
100
AcDbEntity
  8
RUNDUNGEN
100
AcDbLine
 62
9
  6
CONTINUOUS
 10
61.334280689
 20
243.1419009853
 11
62.39527501
 21
241.3042049148
  0
LINE
  5
539
100
AcDbEntity
  8
0
100
AcDbLine
 62
7
  6
CONTINUOUS
 10
72.9796903427
 20
230.5653795619
 11
72.9796903427
 21
223.0453795619
  0
LINE
  5
53A
100
AcDbEntity
  8
0
100
AcDbLine
 62
7
  6
CONTINUOUS
 10
73.2713570094
 20
255.3396157505
 11
73.2713570094
 21
252.6487657957
  0
LINE
  5
53B
100
AcDbEntity
  8
0
100
AcDbLine
 62
7
  6
CONTINUOUS
 10
73.4796903427
 20
225.2953795619
 11
73.4796903427
 21
223.1953795619
  0
LINE
  5
53C
100
AcDbEntity
  8
DEFAULT_1
100
AcDbLine
 62
7
  6
CENTER
 10
73.4796903427
 20
218.9953795619
 11
73.4796903427
 21
183.5161763019
  0
LINE
  5
53D
100
AcDbEntity
  8
DEFAULT_1
100
AcDbLine
 62
7
  6
CENTER
 10
73.4796903427
 20
229.4953795619
 11
73.4796903427
 21
267.8386533666
  0
LINE
  5
53E
100
AcDbEntity
  8
0
100
AcDbLine
 62
7
  6
CONTINUOUS
 10
73.6880236761
 20
252.6487657957
 11
73.6880236761
 21
255.3396157505
  0
LINE
  5
53F
100
AcDbEntity
  8
0
100
AcDbLine
 62
7
  6
CONTINUOUS
 10
73.9149401679
 20
250.4336557705
 11
73.9149401679
 21
250.1272726137
  0
LINE
  5
540
100
AcDbEntity
  8
0
100
AcDbLine
 62
7
  6
CONTINUOUS
 10
73.9796903427
 20
230.5653795619
 11
73.9796903427
 21
223.0453795619
  0
LINE
  5
541
100
AcDbEntity
  8
0
100
AcDbLine
 62
7
  6
CONTINUOUS
 10
74.0796903427
 20
221.9221346088
 11
74.0796903427
 21
230.5653795619
  0
LINE
  5
542
100
AcDbEntity
  8
0
100
AcDbLine
 62
7
  6
CONTINUOUS
 10
74.4650656925
 20
250.2038683493
 11
74.4650656925
 21
250.3570598204
  0
LINE
  5
543
100
AcDbEntity
  8
0
100
AcDbLine
 62
7
  6
CONTINUOUS
 10
74.8796903427
 20
221.9221346088
 11
74.8796903427
 21
230.5653795619
  0
LINE
  5
544
100
AcDbEntity
  8
0
100
AcDbLine
 62
9
  6
CONTINUOUS
 10
74.8796903427
 20
238.6453795619
 11
74.8796903427
 21
239.1070991291
  0
LINE
  5
545
100
AcDbEntity
  8
0
100
AcDbLine
 62
7
  6
CONTINUOUS
 10
74.9796903427
 20
230.5653795619
 11
74.9796903427
 21
223.0453795619
  0
LINE
  5
546
100
AcDbEntity
  8
0
100
AcDbLine
 62
7
  6
CONTINUOUS
 10
75.2796903427
 20
243.8971967551
 11
75.2796903427
 21
239.4817057225
  0
LINE
  5
547
100
AcDbEntity
  8
RUNDUNGEN
100
AcDbLine
 62
7
  6
CONTINUOUS
 10
75.2796903427
 20
239.4817057225
 11
75.2796903427
 21
239.2569417664
  0
LINE
  5
548
100
AcDbEntity
  8
0
100
AcDbLine
 62
7
  6
CONTINUOUS
 10
75.2796903427
 20
238.6453795619
 11
75.2796903427
 21
239.2569417664
  0
LINE
  5
549
100
AcDbEntity
  8
0
100
AcDbLine
 62
7
  6
CONTINUOUS
 10
75.6796903427
 20
238.6453795619
 11
75.6796903427
 21
238.9356294408
  0
LINE
  5
54A
100
AcDbEntity
  8
4171
100
AcDbLine
 62
7
  6
CONTINUOUS
 10
75.6796903427
 20
238.9356294408
 11
75.6796903427
 21
241.2453582659
  0
LINE
  5
54B
100
AcDbEntity
  8
0
100
AcDbLine
 62
7
  6
CONTINUOUS
 10
75.9796903427
 20
230.5653795619
 11
75.9796903427
 21
223.0453795619
  0
LINE
  5
54C
100
AcDbEntity
  8
0
100
AcDbLine
 62
7
  6
CONTINUOUS
 10
76.0796903427
 20
221.9221346088
 11
76.0796903427
 21
230.5653795619
  0
LINE
  5
54D
100
AcDbEntity
  8
4171
100
AcDbLine
 62
7
  6
CONTINUOUS
 10
76.4796903427
 20
240.0075266946
 11
76.4796903427
 21
241.2454219054
  0
LINE
  5
54E
100
AcDbEntity
  8
RUNDUNGEN
100
AcDbLine
 62
7
  6
CONTINUOUS
 10
76.4796903427
 20
241.2453795619
 11
76.4796903427
 21
243.1964727616
  0
LINE
  5
54F
100
AcDbEntity
  8
0
100
AcDbLine
 62
7
  6
CONTINUOUS
 10
76.4821903427
 20
248.8251450021
 11
76.4821903427
 21
248.5953577954
  0
LINE
  5
550
100
AcDbEntity
  8
RUNDUNGEN
100
AcDbLine
 62
7
  6
CONTINUOUS
 10
78.1033770145
 20
243.8762088616
 11
78.4206888449
 21
245.2397752157
  0
LINE
  5
551
100
AcDbEntity
  8
0
100
AcDbLine
 62
7
  6
CONTINUOUS
 10
78.1033770145
 20
243.8762088616
 11
78.4206888449
 21
245.2397752157
  0
LINE
  5
552
100
AcDbEntity
  8
RUNDUNGEN
100
AcDbLine
 62
9
  6
CONTINUOUS
 10
78.4772284995
 20
243.7855010546
 11
78.8241041583
 21
245.1418392734
  0
LINE
  5
553
100
AcDbEntity
  8
0
100
AcDbLine
 62
7
  6
CONTINUOUS
 10
66.2897577253
 20
198.2913795619
 11
65.8004824999
 21
196.4653795619
  0
LINE
  5
554
100
AcDbEntity
  8
0
100
AcDbLine
 62
7
  6
CONTINUOUS
 10
66.7943476331
 20
196.4653795619
 11
67.2836228585
 21
198.2913795619
  0
LINE
  5
555
100
AcDbEntity
  8
0
100
AcDbLine
 62
7
  6
CONTINUOUS
 10
68.1637577253
 20
198.2913795619
 11
68.3180964601
 21
198.8673795619
  0
LINE
  5
556
100
AcDbEntity
  8
0
100
AcDbLine
 62
7
  6
CONTINUOUS
 10
68.9144155401
 20
198.8673795619
 11
68.2708015798
 21
196.4653795619
  0
LINE
  5
557
100
AcDbEntity
  8
0
100
AcDbLine
 62
7
  6
CONTINUOUS
 10
69.264666713
 20
196.4653795619
 11
69.5379796247
 21
197.4853972344
  0
LINE
  5
558
100
AcDbEntity
  8
0
100
AcDbLine
 62
7
  6
CONTINUOUS
 10
69.6510494485
 20
197.9073795619
 11
69.8053881834
 21
198.4833795619
  0
LINE
  5
559
100
AcDbEntity
  8
RUNDUNGEN
100
AcDbLine
 62
9
  6
CONTINUOUS
 10
82.8739339047
 20
242.1153344903
 11
83.5150559393
 21
243.3599138428
  0
LINE
  5
55A
100
AcDbEntity
  8
RUNDUNGEN
100
AcDbLine
 62
7
  6
CONTINUOUS
 10
83.213729052
 20
241.9349682274
 11
83.8817513164
 21
243.1653121851
  0
LINE
  5
55B
100
AcDbEntity
  8
RUNDUNGEN
100
AcDbLine
 62
7
  6
CONTINUOUS
 10
83.5673103303
 20
241.7176499077
 11
84.7686263022
 21
243.7983902071
  0
LINE
  5
55C
100
AcDbEntity
  8
RUNDUNGEN
100
AcDbLine
 62
9
  6
CONTINUOUS
 10
83.6964857558
 20
241.8011385226
 11
84.7575234354
 21
243.6389096924
  0
LINE
  5
55D
100
AcDbEntity
  8
RUNDUNGEN
100
AcDbLine
 62
9
  6
CONTINUOUS
 10
84.5643217411
 20
241.3045791514
 11
85.6252949822
 21
243.1422387105
  0
LINE
  5
55E
100
AcDbEntity
  8
AUSFORMSCHRAEGEN
100
AcDbLine
 62
7
  6
CONTINUOUS
 10
85.2391268445
 20
239.4133210513
 11
85.2312185175
 21
239.3996234271
  0
LINE
  5
55F
100
AcDbEntity
  8
RUNDUNGEN
100
AcDbLine
 62
7
  6
CONTINUOUS
 10
62.6029929924
 20
210.7743025886
 11
62.9969983692
 21
211.0821333263
  0
LINE
  5
560
100
AcDbEntity
  8
0
100
AcDbLine
 62
7
  6
CONTINUOUS
 10
74.5296903427
 20
224.2453795619
 11
72.4296903427
 21
224.2453795619
  0
LINE
  5
561
100
AcDbEntity
  8
DEFAULT_1
100
AcDbLine
 62
7
  6
CENTER
 10
68.2296903427
 20
224.2453795619
 11
29.886416538
 21
224.2453795619
  0
LINE
  5
562
100
AcDbEntity
  8
DEFAULT_1
100
AcDbLine
 62
7
  6
CENTER
 10
78.7296903427
 20
224.2453795619
 11
117.0729641475
 21
224.2453795619
  0
LINE
  5
563
100
AcDbEntity
  8
0
100
AcDbLine
 62
7
  6
CONTINUOUS
 10
60.4591511219
 20
224.8453795619
 11
63.0591511219
 21
224.8453795619
  0
LINE
  5
564
100
AcDbEntity
  8
0
100
AcDbLine
 62
7
  6
CONTINUOUS
 10
83.9002295636
 20
224.8453795619
 11
86.5002295636
 21
224.8453795619
  0
LINE
  5
565
100
AcDbEntity
  8
0
100
AcDbLine
 62
7
  6
CONTINUOUS
 10
90.4001272468
 20
226.2453795619
 11
89.2765301832
 21
226.2453795619
  0
LINE
  5
566
100
AcDbEntity
  8
RUNDUNGEN
100
AcDbLine
 62
7
  6
CONTINUOUS
 10
89.2765301832
 20
226.2453795619
 11
88.2852520329
 21
226.2453795619
  0
LINE
  5
567
100
AcDbEntity
  8
0
100
AcDbLine
 62
7
  6
CONTINUOUS
 10
56.5592534387
 20
226.2453795619
 11
57.6828505023
 21
226.2453795619
  0
LINE
  5
568
100
AcDbEntity
  8
RUNDUNGEN
100
AcDbLine
 62
7
  6
CONTINUOUS
 10
57.6828505023
 20
226.2453795619
 11
58.6741286526
 21
226.2453795619
  0
LINE
  5
569
100
AcDbEntity
  8
0
100
AcDbLine
 62
7
  6
CONTINUOUS
 10
57.8753211053
 20
227.6453795619
 11
63.0591511219
 21
227.6453795619
  0
LINE
  5
56A
100
AcDbEntity
  8
0
100
AcDbLine
 62
7
  6
CONTINUOUS
 10
83.9002295636
 20
227.6453795619
 11
89.0831196516
 21
227.6453795619
  0
LINE
  5
56B
100
AcDbEntity
  8
RUNDUNGEN
100
AcDbLine
 62
9
  6
CONTINUOUS
 10
62.9415333116
 20
240.4632008902
 11
62.397001439
 21
241.301214652
  0
LINE
  5
56C
100
AcDbEntity
  8
RUNDUNGEN
100
AcDbLine
 62
7
  6
CONTINUOUS
 10
93.1830919258
 20
197.523068608
 11
92.8982624766
 21
197.964360504
  0
LINE
  5
56D
100
AcDbEntity
  8
RUNDUNGEN
100
AcDbLine
 62
9
  6
CONTINUOUS
 10
60.7956036629
 20
243.979695706
 11
61.3359637298
 21
243.1389858731
  0
LINE
  5
56E
100
AcDbEntity
  8
RUNDUNGEN
100
AcDbLine
 62
9
  6
CONTINUOUS
 10
62.2018572501
 20
243.6389096924
 11
63.2628949297
 21
241.8011385226
  0
LINE
  5
56F
100
AcDbEntity
  8
RUNDUNGEN
100
AcDbLine
 62
7
  6
CONTINUOUS
 10
63.8519983728
 20
240.9210312134
 11
63.853766593
 21
240.9179685663
  0
LINE
  5
570
100
AcDbEntity
  8
RUNDUNGEN
100
AcDbLine
 62
7
  6
CONTINUOUS
 10
63.3920703552
 20
241.7176499078
 11
62.1907543832
 21
243.7983902071
  0
LINE
  5
571
100
AcDbEntity
  8
RUNDUNGEN
100
AcDbLine
 62
7
  6
CONTINUOUS
 10
63.0776293691
 20
243.1653121851
 11
63.7456516334
 21
241.9349682274
  0
LINE
  5
572
100
AcDbEntity
  8
RUNDUNGEN
100
AcDbLine
 62
9
  6
CONTINUOUS
 10
63.4443247461
 20
243.3599138428
 11
64.0854467808
 21
242.1153344903
  0
LINE
  5
573
100
AcDbEntity
  8
0
100
AcDbLine
 62
7
  6
CONTINUOUS
 10
70.9796903427
 20
238.6453795619
 11
70.545862589
 21
240.0213054109
  0
LINE
  5
574
100
AcDbEntity
  8
RUNDUNGEN
100
AcDbLine
 62
9
  6
CONTINUOUS
 10
68.4821522954
 20
243.7855006268
 11
68.1352765272
 21
245.1418392734
  0
LINE
  5
575
100
AcDbEntity
  8
0
100
AcDbLine
 62
7
  6
CONTINUOUS
 10
69.6056278427
 20
248.9017407376
 11
69.6973152553
 21
248.5187620599
  0
LINE
  5
576
100
AcDbEntity
  8
0
100
AcDbLine
 62
7
  6
CONTINUOUS
 10
68.5386918406
 20
245.2397752157
 11
68.856003671
 21
243.8762088616
  0
LINE
  5
577
100
AcDbEntity
  8
RUNDUNGEN
100
AcDbLine
 62
7
  6
CONTINUOUS
 10
68.856003671
 20
243.8762088616
 11
68.5386918406
 21
245.2397752157
  0
LINE
  5
578
100
AcDbEntity
  8
0
100
AcDbLine
 62
7
  6
CONTINUOUS
 10
76.8796903427
 20
221.9221346088
 11
76.8796903427
 21
230.5653795619
  0
LINE
  5
579
100
AcDbEntity
  8
0
100
AcDbLine
 62
7
  6
CONTINUOUS
 10
76.9796903427
 20
230.5653795619
 11
76.9796903427
 21
223.0453795619
  0
LINE
  5
57A
100
AcDbEntity
  8
0
100
AcDbLine
 62
7
  6
CONTINUOUS
 10
77.0323153427
 20
248.5187620599
 11
77.0323153427
 21
248.9017407376
  0
LINE
  5
57B
100
AcDbEntity
  8
RUNDUNGEN
100
AcDbLine
 62
7
  6
CONTINUOUS
 10
77.1796903427
 20
213.8453795619
 11
77.1796903427
 21
211.0053773851
  0
LINE
  5
57C
100
AcDbEntity
  8
0
100
AcDbLine
 62
7
  6
CONTINUOUS
 10
77.7658156925
 20
251.2762088616
 11
77.7658156925
 21
247.6762088616
  0
LINE
  5
57D
100
AcDbEntity
  8
0
100
AcDbLine
 62
7
  6
CONTINUOUS
 10
77.9796903427
 20
230.5653795619
 11
77.9796903427
 21
223.0453795619
  0
LINE
  5
57E
100
AcDbEntity
  8
0
100
AcDbLine
 62
7
  6
CONTINUOUS
 10
78.0796903427
 20
221.9221346088
 11
78.0796903427
 21
230.5653795619
  0
LINE
  5
57F
100
AcDbEntity
  8
0
100
AcDbLine
 62
7
  6
CONTINUOUS
 10
78.3159406925
 20
247.6762088616
 11
78.3159406925
 21
249.3613152582
  0
LINE
  5
580
100
AcDbEntity
  8
0
100
AcDbLine
 62
7
  6
CONTINUOUS
 10
78.3159406925
 20
249.8208896715
 11
78.3159406925
 21
251.2762088616
  0
LINE
  5
581
100
AcDbEntity
  8
0
100
AcDbLine
 62
7
  6
CONTINUOUS
 10
78.8796903427
 20
221.9221346088
 11
78.8796903427
 21
230.5653795619
  0
LINE
  5
582
100
AcDbEntity
  8
0
100
AcDbLine
 62
7
  6
CONTINUOUS
 10
78.9796903427
 20
230.5653795619
 11
78.9796903427
 21
223.0453795619
  0
LINE
  5
583
100
AcDbEntity
  8
0
100
AcDbLine
 62
7
  6
CONTINUOUS
 10
79.0796903427
 20
239.4466952944
 11
79.0796903427
 21
239.2829053451
  0
LINE
  5
584
100
AcDbEntity
  8
RUNDUNGEN
100
AcDbLine
 62
7
  6
CONTINUOUS
 10
79.0796903427
 20
239.4466952944
 11
79.0796903427
 21
242.9837001626
  0
LINE
  5
585
100
AcDbEntity
  8
0
100
AcDbLine
 62
7
  6
CONTINUOUS
 10
79.9796903427
 20
230.5653795619
 11
79.9796903427
 21
223.0453795619
  0
LINE
  5
586
100
AcDbEntity
  8
RUNDUNGEN
100
AcDbLine
 62
7
  6
CONTINUOUS
 10
80.0796903427
 20
217.0453795619
 11
80.0796903427
 21
213.8453795619
  0
LINE
  5
587
100
AcDbEntity
  8
0
100
AcDbLine
 62
7
  6
CONTINUOUS
 10
80.0796903427
 20
221.9221346088
 11
80.0796903427
 21
230.5653795619
  0
LINE
  5
588
100
AcDbEntity
  8
0
100
AcDbLine
 62
7
  6
CONTINUOUS
 10
72.7946306642
 20
198.8673795619
 11
72.151016704
 21
196.4653795619
  0
LINE
  5
589
100
AcDbEntity
  8
0
100
AcDbLine
 62
7
  6
CONTINUOUS
 10
73.1448818372
 20
196.4653795619
 11
73.7884957974
 21
198.8673795619
  0
LINE
  5
58A
100
AcDbEntity
  8
0
100
AcDbLine
 62
7
  6
CONTINUOUS
 10
89.41650319
 20
231.2398040469
 11
89.4916970678
 21
231.2985519429
  0
LINE
  5
58B
100
AcDbEntity
  8
0
100
AcDbLine
 62
3
  6
CONTINUOUS
 10
80.0796903427
 20
228.1253795619
 11
79.9796903427
 21
228.1253795619
  0
LINE
  5
58C
100
AcDbEntity
  8
0
100
AcDbLine
 62
3
  6
CONTINUOUS
 10
74.9796903427
 20
228.1253795619
 11
74.8796903427
 21
228.1253795619
  0
LINE
  5
58D
100
AcDbEntity
  8
0
100
AcDbLine
 62
3
  6
CONTINUOUS
 10
70.0796903427
 20
228.1253795619
 11
69.9796903427
 21
228.1253795619
  0
LINE
  5
58E
100
AcDbEntity
  8
RUNDUNGEN
100
AcDbLine
 62
7
  6
CONTINUOUS
 10
60.4591511219
 20
228.2453795619
 11
61.1796903427
 21
228.2453795619
  0
LINE
  5
58F
100
AcDbEntity
  8
RUNDUNGEN
100
AcDbLine
 62
7
  6
CONTINUOUS
 10
85.7796903427
 20
228.2453795619
 11
86.5002295636
 21
228.2453795619
  0
LINE
  5
590
100
AcDbEntity
  8
RUNDUNGEN
100
AcDbLine
 62
7
  6
CONTINUOUS
 10
85.3796903427
 20
230.5653795619
 11
61.5796903427
 21
230.5653795619
  0
LINE
  5
591
100
AcDbEntity
  8
RUNDUNGEN
100
AcDbLine
 62
9
  6
CONTINUOUS
 10
85.7796903427
 20
230.9653795619
 11
61.1796903427
 21
230.9653795619
  0
LINE
  5
592
100
AcDbEntity
  8
RUNDUNGEN
100
AcDbLine
 62
7
  6
CONTINUOUS
 10
53.1471222311
 20
249.5755370045
 11
53.4768768453
 21
249.2336507876
  0
LINE
  5
593
100
AcDbEntity
  8
RUNDUNGEN
100
AcDbLine
 62
7
  6
CONTINUOUS
 10
55.8122584543
 20
246.9152221192
 11
55.4825038402
 21
247.2571083361
  0
LINE
  5
594
100
AcDbEntity
  8
RUNDUNGEN
100
AcDbLine
 62
7
  6
CONTINUOUS
 10
91.7762887597
 20
202.9676905157
 11
92.0611182089
 21
202.5263986197
  0
LINE
  5
595
100
AcDbEntity
  8
RUNDUNGEN
100
AcDbLine
 62
9
  6
CONTINUOUS
 10
91.6491610003
 20
197.3261070574
 11
90.9999430495
 21
198.7626282465
  0
LINE
  5
596
100
AcDbEntity
  8
RUNDUNGEN
100
AcDbLine
 62
9
  6
CONTINUOUS
 10
91.7762887597
 20
197.523068608
 11
91.1471222311
 21
198.9152221192
  0
LINE
  5
597
100
AcDbEntity
  8
AUSFORMSCHRAEGEN
100
AcDbLine
 62
7
  6
CONTINUOUS
 10
91.4768768453
 20
199.2571083361
 11
92.0611182089
 21
197.964360504
  0
LINE
  5
598
100
AcDbEntity
  8
0
100
AcDbLine
 62
9
  6
CONTINUOUS
 10
65.9796903427
 20
255.8167050793
 11
66.2796903427
 21
255.0750852306
  0
LINE
  5
599
100
AcDbEntity
  8
0
100
AcDbLine
 62
7
  6
CONTINUOUS
 10
68.2303153427
 20
250.6634429772
 11
68.3220027553
 21
250.4336557705
  0
LINE
  5
59A
100
AcDbEntity
  8
0
100
AcDbLine
 62
7
  6
CONTINUOUS
 10
68.8721277553
 20
250.4336557705
 11
68.7804403427
 21
250.6634429772
  0
LINE
  5
59B
100
AcDbEntity
  8
0
100
AcDbLine
 62
7
  6
CONTINUOUS
 10
70.2474405176
 20
248.5953577954
 11
70.1557528427
 21
248.9017407376
  0
LINE
  5
59C
100
AcDbEntity
  8
0
100
AcDbLine
 62
7
  6
CONTINUOUS
 10
80.8796903427
 20
221.9221346088
 11
80.8796903427
 21
230.5653795619
  0
LINE
  5
59D
100
AcDbEntity
  8
0
100
AcDbLine
 62
7
  6
CONTINUOUS
 10
80.8831903427
 20
251.2762088616
 11
80.8831903427
 21
249.8208896715
  0
LINE
  5
59E
100
AcDbEntity
  8
0
100
AcDbLine
 62
7
  6
CONTINUOUS
 10
80.8831903427
 20
249.3613152582
 11
80.8831903427
 21
247.6762088616
  0
LINE
  5
59F
100
AcDbEntity
  8
0
100
AcDbLine
 62
7
  6
CONTINUOUS
 10
80.9796903427
 20
230.5653795619
 11
80.9796903427
 21
223.0453795619
  0
LINE
  5
5A0
100
AcDbEntity
  8
0
100
AcDbLine
 62
7
  6
CONTINUOUS
 10
81.4333153427
 20
247.6762088616
 11
81.4333153427
 21
251.2762088616
  0
LINE
  5
5A1
100
AcDbEntity
  8
0
100
AcDbLine
 62
7
  6
CONTINUOUS
 10
82.3796903427
 20
217.0453795619
 11
82.3796903427
 21
223.0453795619
  0
LINE
  5
5A2
100
AcDbEntity
  8
0
100
AcDbLine
 62
7
  6
CONTINUOUS
 10
82.6796903427
 20
250.4762432973
 11
82.6796903427
 21
252.1086058357
  0
LINE
  5
5A3
100
AcDbEntity
  8
0
100
AcDbLine
 62
7
  6
CONTINUOUS
 10
83.4796903427
 20
250.4762088616
 11
83.4796903427
 21
252.1086058357
  0
LINE
  5
5A4
100
AcDbEntity
  8
0
100
AcDbLine
 62
7
  6
CONTINUOUS
 10
74.3848148773
 20
198.8673795619
 11
73.7412009171
 21
196.4653795619
  0
LINE
  5
5A5
100
AcDbEntity
  8
0
100
AcDbLine
 62
7
  6
CONTINUOUS
 10
74.7350660503
 20
196.4653795619
 11
75.0083789619
 21
197.4853972344
  0
LINE
  5
5A6
100
AcDbEntity
  8
0
100
AcDbLine
 62
7
  6
CONTINUOUS
 10
75.1302137272
 20
197.9400907686
 11
75.3786800105
 21
198.8673795619
  0
LINE
  5
5A7
100
AcDbEntity
  8
RUNDUNGEN
100
AcDbLine
 62
7
  6
CONTINUOUS
 10
51.7073793889
 20
248.986510934
 11
52.1486712849
 21
248.690256732
  0
LINE
  5
5A8
100
AcDbEntity
  8
0
100
AcDbLine
 62
7
  6
CONTINUOUS
 10
69.6973152553
 20
248.5187620599
 11
69.8806903427
 21
248.2123790641
  0
LINE
  5
5A9
100
AcDbEntity
  8
AUSFORMSCHRAEGEN
100
AcDbLine
 62
7
  6
CONTINUOUS
 10
93.4825038402
 20
201.2336507876
 11
92.8982624766
 21
202.5263986197
  0
LINE
  5
5AA
100
AcDbEntity
  8
RUNDUNGEN
100
AcDbLine
 62
9
  6
CONTINUOUS
 10
93.1830919258
 20
202.9676905157
 11
93.8122584543
 21
201.5755370045
  0
LINE
  5
5AB
100
AcDbEntity
  8
RUNDUNGEN
100
AcDbLine
 62
9
  6
CONTINUOUS
 10
93.3102196852
 20
203.1646520663
 11
93.959437636
 21
201.7281308772
  0
LINE
  5
5AC
100
AcDbEntity
  8
0
100
AcDbLine
 62
7
  6
CONTINUOUS
 10
74.2816903427
 20
248.4421663243
 11
74.1900026679
 21
248.671953531
  0
LINE
  5
5AD
100
AcDbEntity
  8
0
100
AcDbLine
 62
7
  6
CONTINUOUS
 10
73.6398776679
 20
248.671953531
 11
73.7315653427
 21
248.3655705888
  0
LINE
  5
5AE
100
AcDbEntity
  8
0
100
AcDbLine
 62
7
  6
CONTINUOUS
 10
73.9149401679
 20
250.1272726137
 11
74.0066278427
 21
249.8208896715
  0
LINE
  5
5AF
100
AcDbEntity
  8
0
100
AcDbLine
 62
7
  6
CONTINUOUS
 10
83.9002295636
 20
220.8453795619
 11
83.9002295636
 21
223.6453795619
  0
LINE
  5
5B0
100
AcDbEntity
  8
0
100
AcDbLine
 62
7
  6
CONTINUOUS
 10
83.9002295636
 20
224.8453795619
 11
83.9002295636
 21
227.6453795619
  0
LINE
  5
5B1
100
AcDbEntity
  8
RUNDUNGEN
100
AcDbLine
 62
7
  6
CONTINUOUS
 10
85.3796903427
 20
230.5653795619
 11
85.3796903427
 21
230.0804985998
  0
LINE
  5
5B2
100
AcDbEntity
  8
RUNDUNGEN
100
AcDbLine
 62
7
  6
CONTINUOUS
 10
85.3796903427
 20
228.6102605239
 11
85.3796903427
 21
228.0359187827
  0
LINE
  5
5B3
100
AcDbEntity
  8
RUNDUNGEN
100
AcDbLine
 62
7
  6
CONTINUOUS
 10
85.3796903427
 20
218.4102605239
 11
85.3796903427
 21
217.0453795619
  0
LINE
  5
5B4
100
AcDbEntity
  8
RUNDUNGEN
100
AcDbLine
 62
7
  6
CONTINUOUS
 10
85.3796903427
 20
219.8804985998
 11
85.3796903427
 21
220.454840341
  0
LINE
  5
5B5
100
AcDbEntity
  8
AUSFORMSCHRAEGEN
100
AcDbLine
 62
7
  6
CONTINUOUS
 10
85.3796903427
 20
220.454840341
 11
85.3796903427
 21
220.8453795619
  0
LINE
  5
5B6
100
AcDbEntity
  8
AUSFORMSCHRAEGEN
100
AcDbLine
 62
7
  6
CONTINUOUS
 10
85.3796903427
 20
223.6453795619
 11
85.3796903427
 21
224.8453795619
  0
LINE
  5
5B7
100
AcDbEntity
  8
AUSFORMSCHRAEGEN
100
AcDbLine
 62
7
  6
CONTINUOUS
 10
85.3796903427
 20
227.6453795619
 11
85.3796903427
 21
228.0359187827
  0
LINE
  5
5B8
100
AcDbEntity
  8
0
100
AcDbLine
 62
7
  6
CONTINUOUS
 10
86.5002295636
 20
220.2453795619
 11
86.5002295636
 21
220.8453795619
  0
LINE
  5
5B9
100
AcDbEntity
  8
0
100
AcDbLine
 62
7
  6
CONTINUOUS
 10
86.5002295636
 20
223.6453795619
 11
86.5002295636
 21
224.8453795619
  0
LINE
  5
5BA
100
AcDbEntity
  8
0
100
AcDbLine
 62
7
  6
CONTINUOUS
 10
86.5002295636
 20
227.6453795619
 11
86.5002295636
 21
228.2453795619
  0
LINE
  5
5BB
100
AcDbEntity
  8
RUNDUNGEN
100
AcDbLine
 62
9
  6
CONTINUOUS
 10
52.9999430495
 20
246.7626282465
 11
51.5104178383
 21
247.3720212272
  0
LINE
  5
5BC
100
AcDbEntity
  8
RUNDUNGEN
100
AcDbLine
 62
9
  6
CONTINUOUS
 10
53.1471222311
 20
246.9152221192
 11
51.7073793889
 21
247.5042481897
  0
LINE
  5
5BD
100
AcDbEntity
  8
AUSFORMSCHRAEGEN
100
AcDbLine
 62
7
  6
CONTINUOUS
 10
52.1486712849
 20
247.8005023917
 11
53.4768768453
 21
247.2571083361
  0
LINE
  5
5BE
100
AcDbEntity
  8
RUNDUNGEN
100
AcDbLine
 62
7
  6
CONTINUOUS
 10
57.2520012966
 20
247.5042481897
 11
56.8107094006
 21
247.8005023917
  0
LINE
  5
5BF
100
AcDbEntity
  8
0
100
AcDbLine
 62
7
  6
CONTINUOUS
 10
70.4308153427
 20
248.3655705888
 11
70.2474405176
 21
248.5953577954
  0
LINE
  5
5C0
100
AcDbEntity
  8
0
100
AcDbLine
 62
7
  6
CONTINUOUS
 10
74.5567528427
 20
249.9740811426
 11
74.4650656925
 21
250.2038683493
  0
LINE
  5
5C1
100
AcDbEntity
  8
0
100
AcDbLine
 62
7
  6
CONTINUOUS
 10
76.7572528427
 20
250.4336557705
 11
76.6655656925
 21
250.6634429772
  0
LINE
  5
5C2
100
AcDbEntity
  8
0
100
AcDbLine
 62
7
  6
CONTINUOUS
 10
88.2702295636
 20
227.4721744811
 11
88.2702295636
 21
221.0185846426
  0
LINE
  5
5C3
100
AcDbEntity
  8
0
100
AcDbLine
 62
7
  6
CONTINUOUS
 10
89.1796903427
 20
220.2516344523
 11
89.1796903427
 21
222.2453795619
  0
LINE
  5
5C4
100
AcDbEntity
  8
0
100
AcDbLine
 62
7
  6
CONTINUOUS
 10
89.1796903427
 20
226.2453795619
 11
89.1796903427
 21
230.2119195978
  0
LINE
  5
5C5
100
AcDbEntity
  8
0
100
AcDbLine
 62
3
  6
CONTINUOUS
 10
89.3002295636
 20
226.2453795619
 11
89.3002295636
 21
230.33546355
  0
LINE
  5
5C6
100
AcDbEntity
  8
RUNDUNGEN
100
AcDbLine
 62
9
  6
CONTINUOUS
 10
89.5104178383
 20
199.3720212272
 11
89.5104178383
 21
201.1187378966
  0
LINE
  5
5C7
100
AcDbEntity
  8
RUNDUNGEN
100
AcDbLine
 62
9
  6
CONTINUOUS
 10
89.7073793889
 20
199.5042481897
 11
89.7073793889
 21
200.986510934
  0
LINE
  5
5C8
100
AcDbEntity
  8
0
100
AcDbLine
 62
7
  6
CONTINUOUS
 10
89.8002295636
 20
226.2453795619
 11
89.8002295636
 21
230.33546355
  0
LINE
  5
5C9
100
AcDbEntity
  8
AUSFORMSCHRAEGEN
100
AcDbLine
 62
7
  6
CONTINUOUS
 10
90.1486712849
 20
200.690256732
 11
90.1486712849
 21
199.8005023917
  0
LINE
  5
5CA
100
AcDbEntity
  8
0
100
AcDbLine
 62
7
  6
CONTINUOUS
 10
90.4002295636
 20
226.2453795619
 11
90.4002295636
 21
222.2453795619
  0
LINE
  5
5CB
100
AcDbEntity
  8
0
100
AcDbLine
 62
7
  6
CONTINUOUS
 10
75.9796903427
 20
238.6453795619
 11
70.9796903427
 21
238.6453795619
  0
LINE
  5
5CC
100
AcDbEntity
  8
RUNDUNGEN
100
AcDbLine
 62
7
  6
CONTINUOUS
 10
74.8796903427
 20
239.1070991291
 11
72.0796903427
 21
239.1070991291
  0
LINE
  5
5CD
100
AcDbEntity
  8
0
100
AcDbLine
 62
9
  6
CONTINUOUS
 10
75.2796903427
 20
239.4817057225
 11
71.6796903427
 21
239.4817057225
  0
LINE
  5
5CE
100
AcDbEntity
  8
0
100
AcDbLine
 62
9
  6
CONTINUOUS
 10
75.2796903427
 20
240.6717576811
 11
71.6796903427
 21
240.6717576811
  0
LINE
  5
5CF
100
AcDbEntity
  8
4171
100
AcDbLine
 62
7
  6
CONTINUOUS
 10
76.4796903427
 20
241.2453795619
 11
75.6796903427
 21
241.2453795619
  0
LINE
  5
5D0
100
AcDbEntity
  8
4171
100
AcDbLine
 62
7
  6
CONTINUOUS
 10
71.2796903427
 20
241.2453795619
 11
70.4796903427
 21
241.2453795619
  0
LINE
  5
5D1
100
AcDbEntity
  8
AUSFORMSCHRAEGEN
100
AcDbLine
 62
7
  6
CONTINUOUS
 10
56.8107094006
 20
248.690256732
 11
55.4825038402
 21
249.2336507876
  0
LINE
  5
5D2
100
AcDbEntity
  8
RUNDUNGEN
100
AcDbLine
 62
9
  6
CONTINUOUS
 10
55.8122584543
 20
249.5755370045
 11
57.2520012966
 21
248.986510934
  0
LINE
  5
5D3
100
AcDbEntity
  8
RUNDUNGEN
100
AcDbLine
 62
9
  6
CONTINUOUS
 10
55.959437636
 20
249.7281308772
 11
57.4489628472
 21
249.1187378966
  0
LINE
  5
5D4
100
AcDbEntity
  8
0
100
AcDbLine
 62
7
  6
CONTINUOUS
 10
69.8806903427
 20
248.2123790641
 11
70.2474405176
 21
247.905996095
  0
LINE
  5
5D5
100
AcDbEntity
  8
0
100
AcDbLine
 62
7
  6
CONTINUOUS
 10
68.0469402553
 20
250.8166344483
 11
68.2303153427
 21
250.6634429772
  0
LINE
  5
5D6
100
AcDbEntity
  8
0
100
AcDbLine
 62
7
  6
CONTINUOUS
 10
68.7804403427
 20
250.6634429772
 11
68.5053778427
 21
250.9698259194
  0
LINE
  5
5D7
100
AcDbEntity
  8
0
100
AcDbLine
 62
7
  6
CONTINUOUS
 10
83.9089003704
 20
237.4696443126
 11
83.9587751188
 21
237.4058075458
  0
LINE
  5
5D8
100
AcDbEntity
  8
RUNDUNGEN
100
AcDbLine
 62
3
  6
CONTINUOUS
 10
89.1518370911
 20
230.7664265828
 11
83.9623823163
 21
237.4086257974
  0
LINE
  5
5D9
100
AcDbEntity
  8
RUNDUNGEN
100
AcDbLine
 62
7
  6
CONTINUOUS
 10
89.5458424679
 20
231.0742573204
 11
84.3563876931
 21
237.7164565351
  0
LINE
  5
5DA
100
AcDbEntity
  8
0
100
AcDbLine
 62
7
  6
CONTINUOUS
 10
73.7315653427
 20
248.3655705888
 11
74.0066278427
 21
247.9825918306
  0
LINE
  5
5DB
100
AcDbEntity
  8
0
100
AcDbLine
 62
7
  6
CONTINUOUS
 10
77.0323153427
 20
248.9017407376
 11
76.848939993
 21
249.2081237871
  0
LINE
  5
5DC
100
AcDbEntity
  8
0
100
AcDbLine
 62
7
  6
CONTINUOUS
 10
76.1154406925
 20
250.5868472416
 11
76.2071278427
 21
250.4336557705
  0
LINE
  5
5DD
100
AcDbEntity
  8
0
100
AcDbLine
 62
7
  6
CONTINUOUS
 10
91.9836903427
 20
251.1797551343
 11
91.9836903427
 21
244.7733795619
  0
LINE
  5
5DE
100
AcDbEntity
  8
BEZUGSACHSEN
100
AcDbLine
 62
7
  6
CONTINUOUS
 10
92.4796903427
 20
201.2953795619
 11
92.4796903427
 21
199.1953795619
  0
LINE
  5
5DF
100
AcDbEntity
  8
BEZUGSACHSEN
100
AcDbLine
 62
7
  6
CENTER
 10
92.4796903427
 20
194.9953795619
 11
92.4796903427
 21
194.2453795619
  0
LINE
  5
5E0
100
AcDbEntity
  8
RUNDUNGEN
100
AcDbLine
 62
9
  6
CONTINUOUS
 10
92.4796903427
 20
193.2453795619
 11
92.4796903427
 21
194.1576136597
  0
LINE
  5
5E1
100
AcDbEntity
  8
BEZUGSACHSEN
100
AcDbLine
 62
7
  6
CENTER
 10
92.4796903427
 20
205.4953795619
 11
92.4796903427
 21
206.2453795619
  0
LINE
  5
5E2
100
AcDbEntity
  8
RUNDUNGEN
100
AcDbLine
 62
9
  6
CONTINUOUS
 10
92.4796903427
 20
254.333145464
 11
92.4796903427
 21
255.2453795619
  0
LINE
  5
5E3
100
AcDbEntity
  8
0
100
AcDbLine
 62
7
  6
CONTINUOUS
 10
92.9756903427
 20
244.7733795619
 11
92.9756903427
 21
251.1797551343
  0
LINE
  5
5E4
100
AcDbEntity
  8
0
100
AcDbLine
 62
7
  6
CONTINUOUS
 10
76.3296440127
 20
198.8673795619
 11
75.1302137272
 21
197.9400907686
  0
LINE
  5
5E5
100
AcDbEntity
  8
RUNDUNGEN
100
AcDbLine
 62
7
  6
CONTINUOUS
 10
70.7428822854
 20
243.4844112858
 11
71.6134130777
 21
243.7271303965
  0
LINE
  5
5E6
100
AcDbEntity
  8
RUNDUNGEN
100
AcDbLine
 62
7
  6
CONTINUOUS
 10
65.9931281667
 20
242.9837001626
 11
67.8796903427
 21
242.9837001626
  0
LINE
  5
5E7
100
AcDbEntity
  8
RUNDUNGEN
100
AcDbLine
 62
7
  6
CONTINUOUS
 10
79.0796903427
 20
242.9837001626
 11
80.9662525188
 21
242.9837001626
  0
LINE
  5
5E8
100
AcDbEntity
  8
0
100
AcDbLine
 62
9
  6
CONTINUOUS
 10
75.2796903427
 20
243.8971967551
 11
71.6796903427
 21
243.8971967551
  0
LINE
  5
5E9
100
AcDbEntity
  8
RUNDUNGEN
100
AcDbLine
 62
9
  6
CONTINUOUS
 10
55.3102196852
 20
245.3261070574
 11
53.6491610003
 21
245.3261070574
  0
LINE
  5
5EA
100
AcDbEntity
  8
RUNDUNGEN
100
AcDbLine
 62
9
  6
CONTINUOUS
 10
55.1830919258
 20
245.523068608
 11
53.7762887597
 21
245.523068608
  0
LINE
  5
5EB
100
AcDbEntity
  8
RUNDUNGEN
100
AcDbLine
 62
7
  6
CONTINUOUS
 10
75.3459676078
 20
243.7271303965
 11
76.2164984001
 21
243.4844112858
  0
LINE
  5
5EC
100
AcDbEntity
  8
0
100
AcDbLine
 62
7
  6
CONTINUOUS
 10
70.2474405176
 20
247.905996095
 11
70.6141901679
 21
247.7528046038
  0
LINE
  5
5ED
100
AcDbEntity
  8
0
100
AcDbLine
 62
7
  6
CONTINUOUS
 10
70.7058778427
 20
248.2123790641
 11
70.4308153427
 21
248.3655705888
  0
LINE
  5
5EE
100
AcDbEntity
  8
RUNDUNGEN
100
AcDbLine
 62
9
  6
CONTINUOUS
 10
83.6964857425
 20
241.8011384996
 11
84.5623792464
 21
241.301214652
  0
LINE
  5
5EF
100
AcDbEntity
  8
0
100
AcDbLine
 62
7
  6
CONTINUOUS
 10
68.5053778427
 20
250.9698259194
 11
68.1386279302
 21
251.199613126
  0
LINE
  5
5F0
100
AcDbEntity
  8
0
100
AcDbLine
 62
7
  6
CONTINUOUS
 10
74.5567528427
 20
248.2123790641
 11
74.2816903427
 21
248.4421663243
  0
LINE
  5
5F1
100
AcDbEntity
  8
0
100
AcDbLine
 62
7
  6
CONTINUOUS
 10
74.0066278427
 20
249.8208896715
 11
74.373377493
 21
249.5145067293
  0
LINE
  5
5F2
100
AcDbEntity
  8
0
100
AcDbLine
 62
7
  6
CONTINUOUS
 10
76.6655656925
 20
250.6634429772
 11
76.3905031925
 21
250.9698259194
  0
LINE
  5
5F3
100
AcDbEntity
  8
0
100
AcDbLine
 62
7
  6
CONTINUOUS
 10
76.298814993
 20
249.054932316
 11
76.4821903427
 21
248.8251450021
  0
LINE
  5
5F4
100
AcDbEntity
  8
AUSFORMSCHRAEGEN
100
AcDbLine
 62
7
  6
CONTINUOUS
 10
94.8107094006
 20
199.8005023917
 11
94.8107094006
 21
200.690256732
  0
LINE
  5
5F5
100
AcDbEntity
  8
RUNDUNGEN
100
AcDbLine
 62
9
  6
CONTINUOUS
 10
95.2520012966
 20
200.986510934
 11
95.2520012966
 21
199.5042481897
  0
LINE
  5
5F6
100
AcDbEntity
  8
RUNDUNGEN
100
AcDbLine
 62
9
  6
CONTINUOUS
 10
95.4489628472
 20
201.1187378966
 11
95.4489628472
 21
199.3720212272
  0
LINE
  5
5F7
100
AcDbEntity
  8
RUNDUNGEN
100
AcDbLine
 62
9
  6
CONTINUOUS
 10
90.9999430495
 20
201.7281308772
 11
91.6491610003
 21
203.1646520663
  0
LINE
  5
5F8
100
AcDbEntity
  8
0
100
AcDbLine
 62
7
  6
CONTINUOUS
 10
75.866696777
 20
197.5993916242
 11
77.5068148773
 21
198.8673795619
  0
LINE
  5
5F9
100
AcDbEntity
  8
0
100
AcDbLine
 62
7
  6
CONTINUOUS
 10
74.8318153427
 20
250.7400387127
 11
75.1068778427
 21
250.8166344483
  0
LINE
  5
5FA
100
AcDbEntity
  8
0
100
AcDbLine
 62
7
  6
CONTINUOUS
 10
76.023752493
 20
248.2123790641
 11
75.6570028427
 21
248.1357833285
  0
LINE
  5
5FB
100
AcDbEntity
  8
0
100
AcDbLine
 62
7
  6
CONTINUOUS
 10
71.8061278427
 20
248.2123790641
 11
71.4393776679
 21
248.1357833285
  0
LINE
  5
5FC
100
AcDbEntity
  8
0
100
AcDbLine
 62
7
  6
CONTINUOUS
 10
75.6570028427
 20
247.6762088616
 11
76.1154406925
 21
247.7528046038
  0
LINE
  5
5FD
100
AcDbEntity
  8
0
100
AcDbLine
 62
7
  6
CONTINUOUS
 10
71.4393776679
 20
247.6762088616
 11
71.8978155176
 21
247.7528046038
  0
LINE
  5
5FE
100
AcDbEntity
  8
AUSFORMSCHRAEGEN
100
AcDbLine
 62
7
  6
CONTINUOUS
 10
54.0611182089
 20
245.964360504
 11
54.8982624766
 21
245.964360504
  0
LINE
  5
5FF
100
AcDbEntity
  8
0
100
AcDbLine
 62
7
  6
CONTINUOUS
 10
67.4796903427
 20
246.4762088616
 11
79.4796903427
 21
246.4762088616
  0
LINE
  5
600
100
AcDbEntity
  8
0
100
AcDbLine
 62
7
  6
CONTINUOUS
 10
65.4796903427
 20
247.6762088616
 11
66.0298153427
 21
247.6762088616
  0
LINE
  5
601
100
AcDbEntity
  8
0
100
AcDbLine
 62
7
  6
CONTINUOUS
 10
71.0726280176
 20
247.6762088616
 11
71.4393776679
 21
247.6762088616
  0
LINE
  5
602
100
AcDbEntity
  8
0
100
AcDbLine
 62
7
  6
CONTINUOUS
 10
74.923502493
 20
247.6762088616
 11
75.6570028427
 21
247.6762088616
  0
LINE
  5
603
100
AcDbEntity
  8
0
100
AcDbLine
 62
7
  6
CONTINUOUS
 10
77.7658156925
 20
247.6762088616
 11
78.3159406925
 21
247.6762088616
  0
LINE
  5
604
100
AcDbEntity
  8
0
100
AcDbLine
 62
7
  6
CONTINUOUS
 10
80.8831903427
 20
247.6762088616
 11
81.4333153427
 21
247.6762088616
  0
LINE
  5
605
100
AcDbEntity
  8
0
100
AcDbLine
 62
7
  6
CONTINUOUS
 10
75.6570028427
 20
248.1357833285
 11
74.923502493
 21
248.1357833285
  0
LINE
  5
606
100
AcDbEntity
  8
0
100
AcDbLine
 62
7
  6
CONTINUOUS
 10
71.4393776679
 20
248.1357833285
 11
71.0726280176
 21
248.1357833285
  0
LINE
  5
607
100
AcDbEntity
  8
BEZUGSACHSEN
100
AcDbLine
 62
7
  6
CONTINUOUS
 10
55.5296903427
 20
248.2453795619
 11
53.4296903427
 21
248.2453795619
  0
LINE
  5
608
100
AcDbEntity
  8
BEZUGSACHSEN
100
AcDbLine
 62
7
  6
CENTER
 10
49.2296903427
 20
248.2453795619
 11
48.4796903427
 21
248.2453795619
  0
LINE
  5
609
100
AcDbEntity
  8
RUNDUNGEN
100
AcDbLine
 62
9
  6
CONTINUOUS
 10
47.4796903427
 20
248.2453795619
 11
48.3919244406
 21
248.2453795619
  0
LINE
  5
60A
100
AcDbEntity
  8
BEZUGSACHSEN
100
AcDbLine
 62
7
  6
CENTER
 10
59.7296903427
 20
248.2453795619
 11
60.4796903427
 21
248.2453795619
  0
LINE
  5
60B
100
AcDbEntity
  8
RUNDUNGEN
100
AcDbLine
 62
9
  6
CONTINUOUS
 10
98.5674562449
 20
248.2453795619
 11
99.4796903427
 21
248.2453795619
  0
LINE
  5
60C
100
AcDbEntity
  8
0
100
AcDbLine
 62
7
  6
CONTINUOUS
 10
74.1900026679
 20
248.671953531
 11
73.6398776679
 21
248.671953531
  0
LINE
  5
60D
100
AcDbEntity
  8
0
100
AcDbLine
 62
7
  6
CONTINUOUS
 10
66.0298153427
 20
249.2847195227
 11
67.6801903427
 21
249.2847195227
  0
LINE
  5
60E
100
AcDbEntity
  8
0
100
AcDbLine
 62
7
  6
CONTINUOUS
 10
75.1068778427
 20
249.2847195227
 11
75.6570028427
 21
249.2847195227
  0
LINE
  5
60F
100
AcDbEntity
  8
0
100
AcDbLine
 62
7
  6
CONTINUOUS
 10
78.3159406925
 20
249.3613152582
 11
80.8831903427
 21
249.3613152582
  0
LINE
  5
610
100
AcDbEntity
  8
0
100
AcDbLine
 62
7
  6
CONTINUOUS
 10
70.6141901679
 20
247.7528046038
 11
71.0726280176
 21
247.6762088616
  0
LINE
  5
611
100
AcDbEntity
  8
0
100
AcDbLine
 62
7
  6
CONTINUOUS
 10
74.4650656925
 20
247.7528046038
 11
74.923502493
 21
247.6762088616
  0
LINE
  5
612
100
AcDbEntity
  8
0
100
AcDbLine
 62
7
  6
CONTINUOUS
 10
71.0726280176
 20
248.1357833285
 11
70.7058778427
 21
248.2123790641
  0
LINE
  5
613
100
AcDbEntity
  8
0
100
AcDbLine
 62
7
  6
CONTINUOUS
 10
74.923502493
 20
248.1357833285
 11
74.5567528427
 21
248.2123790641
  0
LINE
  5
614
100
AcDbEntity
  8
0
100
AcDbLine
 62
7
  6
CONTINUOUS
 10
74.7401281925
 20
249.3613152582
 11
75.1068778427
 21
249.2847195227
  0
LINE
  5
615
100
AcDbEntity
  8
0
100
AcDbLine
 62
7
  6
CONTINUOUS
 10
75.6570028427
 20
249.2847195227
 11
76.023752493
 21
249.2081237871
  0
LINE
  5
616
100
AcDbEntity
  8
0
100
AcDbLine
 62
7
  6
CONTINUOUS
 10
67.7718777553
 20
250.8932301838
 11
68.0469402553
 21
250.8166344483
  0
LINE
  5
617
100
AcDbEntity
  8
0
100
AcDbLine
 62
7
  6
CONTINUOUS
 10
74.373377493
 20
249.5145067293
 11
74.7401281925
 21
249.3613152582
  0
LINE
  5
618
100
AcDbEntity
  8
0
100
AcDbLine
 62
7
  6
CONTINUOUS
 10
76.4821903427
 20
249.5145067293
 11
76.1154406925
 21
249.6676982004
  0
LINE
  5
619
100
AcDbEntity
  8
0
100
AcDbLine
 62
7
  6
CONTINUOUS
 10
74.0066278427
 20
247.9825918306
 11
74.4650656925
 21
247.7528046038
  0
LINE
  5
61A
100
AcDbEntity
  8
0
100
AcDbLine
 62
7
  6
CONTINUOUS
 10
74.8318153427
 20
249.8208896715
 11
74.5567528427
 21
249.9740811426
  0
LINE
  5
61B
100
AcDbEntity
  8
0
100
AcDbLine
 62
7
  6
CONTINUOUS
 10
76.023752493
 20
249.2081237871
 11
76.298814993
 21
249.054932316
  0
LINE
  5
61C
100
AcDbEntity
  8
RUNDUNGEN
100
AcDbLine
 62
9
  6
CONTINUOUS
 10
84.7575234517
 20
243.6389097207
 11
85.6234169556
 21
243.1389858731
  0
LINE
  5
61D
100
AcDbEntity
  8
0
100
AcDbLine
 62
7
  6
CONTINUOUS
 10
76.3905031925
 20
250.9698259194
 11
76.023752493
 21
251.199613126
  0
LINE
  5
61E
100
AcDbEntity
  8
0
100
AcDbLine
 62
7
  6
CONTINUOUS
 10
76.848939993
 20
249.2081237871
 11
76.4821903427
 21
249.5145067293
  0
LINE
  5
61F
100
AcDbEntity
  8
0
100
AcDbLine
 62
7
  6
CONTINUOUS
 10
75.9320653427
 20
250.7400387127
 11
76.1154406925
 21
250.5868472416
  0
LINE
  5
620
100
AcDbEntity
  8
RUNDUNGEN
100
AcDbLine
 62
9
  6
CONTINUOUS
 10
98.5674562449
 20
200.2453795619
 11
98.5674562449
 21
248.2453795619
  0
LINE
  5
621
100
AcDbEntity
  8
RUNDUNGEN
100
AcDbLine
 62
9
  6
CONTINUOUS
 10
99.3669689065
 20
200.2453795619
 11
99.3669689065
 21
248.2453795619
  0
LINE
  5
622
100
AcDbEntity
  8
AUSFORMSCHRAEGEN
100
AcDbLine
 62
7
  6
CONTINUOUS
 10
99.4796903427
 20
200.2453795619
 11
99.4796903427
 21
248.2453795619
  0
LINE
  5
623
100
AcDbEntity
  8
RUNDUNGEN
100
AcDbLine
 62
9
  6
CONTINUOUS
 10
91.1471222311
 20
201.5755370045
 11
91.7762887597
 21
202.9676905157
  0
LINE
  5
624
100
AcDbEntity
  8
AUSFORMSCHRAEGEN
100
AcDbLine
 62
7
  6
CONTINUOUS
 10
92.0611182089
 20
202.5263986197
 11
91.4768768453
 21
201.2336507876
  0
LINE
  5
625
100
AcDbEntity
  8
AUSFORMSCHRAEGEN
100
AcDbLine
 62
7
  6
CONTINUOUS
 10
92.8982624766
 20
197.964360504
 11
93.4825038402
 21
199.2571083361
  0
LINE
  5
626
100
AcDbEntity
  8
RUNDUNGEN
100
AcDbLine
 62
7
  6
CONTINUOUS
 10
93.1830919258
 20
202.9676905157
 11
92.8982624766
 21
202.5263986197
  0
LINE
  5
627
100
AcDbEntity
  8
RUNDUNGEN
100
AcDbLine
 62
7
  6
CONTINUOUS
 10
89.7073793889
 20
199.5042481897
 11
90.1486712849
 21
199.8005023917
  0
LINE
  5
628
100
AcDbEntity
  8
RUNDUNGEN
100
AcDbLine
 62
9
  6
CONTINUOUS
 10
89.5104178383
 20
201.1187378966
 11
90.9999430495
 21
201.7281308772
  0
LINE
  5
629
100
AcDbEntity
  8
RUNDUNGEN
100
AcDbLine
 62
9
  6
CONTINUOUS
 10
89.7073793889
 20
200.986510934
 11
91.1471222311
 21
201.5755370045
  0
LINE
  5
62A
100
AcDbEntity
  8
AUSFORMSCHRAEGEN
100
AcDbLine
 62
7
  6
CONTINUOUS
 10
91.4768768453
 20
201.2336507876
 11
90.1486712849
 21
200.690256732
  0
LINE
  5
62B
100
AcDbEntity
  8
0
100
AcDbLine
 62
7
  6
CONTINUOUS
 10
68.0469402553
 20
249.8208896715
 11
67.7718777553
 21
249.744293936
  0
LINE
  5
62C
100
AcDbEntity
  8
0
100
AcDbLine
 62
7
  6
CONTINUOUS
 10
75.1068778427
 20
251.2762088616
 11
74.7401281925
 21
251.199613126
  0
LINE
  5
62D
100
AcDbEntity
  8
0
100
AcDbLine
 62
7
  6
CONTINUOUS
 10
67.6801903427
 20
249.2847195227
 11
68.1386279302
 21
249.3613152582
  0
LINE
  5
62E
100
AcDbEntity
  8
0
100
AcDbLine
 62
7
  6
CONTINUOUS
 10
75.6570028427
 20
249.744293936
 11
75.1068778427
 21
249.744293936
  0
LINE
  5
62F
100
AcDbEntity
  8
0
100
AcDbLine
 62
7
  6
CONTINUOUS
 10
67.7718777553
 20
249.744293936
 11
66.0298153427
 21
249.744293936
  0
LINE
  5
630
100
AcDbEntity
  8
0
100
AcDbLine
 62
7
  6
CONTINUOUS
 10
80.8831903427
 20
249.8208896715
 11
78.3159406925
 21
249.8208896715
  0
LINE
  5
631
100
AcDbEntity
  8
0
100
AcDbLine
 62
7
  6
CONTINUOUS
 10
76.2071278427
 20
250.4336557705
 11
76.7572528427
 21
250.4336557705
  0
LINE
  5
632
100
AcDbEntity
  8
0
100
AcDbLine
 62
9
  6
CONTINUOUS
 10
83.4796903427
 20
250.4762088616
 11
82.6796903427
 21
250.4762088616
  0
LINE
  5
633
100
AcDbEntity
  8
0
100
AcDbLine
 62
9
  6
CONTINUOUS
 10
63.4796903427
 20
250.4762088616
 11
64.2796903427
 21
250.4762088616
  0
LINE
  5
634
100
AcDbEntity
  8
AUSFORMSCHRAEGEN
100
AcDbLine
 62
7
  6
CONTINUOUS
 10
54.8982624766
 20
250.5263986197
 11
54.0611182089
 21
250.5263986197
  0
LINE
  5
635
100
AcDbEntity
  8
0
100
AcDbLine
 62
7
  6
CONTINUOUS
 10
75.1068778427
 20
250.8166344483
 11
75.6570028427
 21
250.8166344483
  0
LINE
  5
636
100
AcDbEntity
  8
0
100
AcDbLine
 62
7
  6
CONTINUOUS
 10
66.0298153427
 20
250.8932301838
 11
67.7718777553
 21
250.8932301838
  0
LINE
  5
637
100
AcDbEntity
  8
RUNDUNGEN
100
AcDbLine
 62
9
  6
CONTINUOUS
 10
53.7762887597
 20
250.9676905157
 11
55.1830919258
 21
250.9676905157
  0
LINE
  5
638
100
AcDbEntity
  8
RUNDUNGEN
100
AcDbLine
 62
9
  6
CONTINUOUS
 10
53.6491610003
 20
251.1646520663
 11
55.3102196852
 21
251.1646520663
  0
LINE
  5
639
100
AcDbEntity
  8
0
100
AcDbLine
 62
7
  6
CONTINUOUS
 10
81.4333153427
 20
251.2762088616
 11
80.8831903427
 21
251.2762088616
  0
LINE
  5
63A
100
AcDbEntity
  8
0
100
AcDbLine
 62
7
  6
CONTINUOUS
 10
78.3159406925
 20
251.2762088616
 11
77.7658156925
 21
251.2762088616
  0
LINE
  5
63B
100
AcDbEntity
  8
0
100
AcDbLine
 62
7
  6
CONTINUOUS
 10
75.5653156925
 20
251.2762088616
 11
75.1068778427
 21
251.2762088616
  0
LINE
  5
63C
100
AcDbEntity
  8
0
100
AcDbLine
 62
7
  6
CONTINUOUS
 10
72.9063778427
 20
251.2762088616
 11
72.3562528427
 21
251.2762088616
  0
LINE
  5
63D
100
AcDbEntity
  8
0
100
AcDbLine
 62
7
  6
CONTINUOUS
 10
70.1557528427
 20
251.2762088616
 11
69.6056278427
 21
251.2762088616
  0
LINE
  5
63E
100
AcDbEntity
  8
0
100
AcDbLine
 62
7
  6
CONTINUOUS
 10
67.6801903427
 20
251.2762088616
 11
65.4796903427
 21
251.2762088616
  0
LINE
  5
63F
100
AcDbEntity
  8
0
100
AcDbLine
 62
9
  6
CONTINUOUS
 10
83.4796903427
 20
252.1086058357
 11
82.6796903427
 21
252.1086058357
  0
LINE
  5
640
100
AcDbEntity
  8
0
100
AcDbLine
 62
9
  6
CONTINUOUS
 10
63.4796903427
 20
252.1086058357
 11
64.2796903427
 21
252.1086058357
  0
LINE
  5
641
100
AcDbEntity
  8
0
100
AcDbLine
 62
7
  6
CONTINUOUS
 10
76.1154406925
 20
249.6676982004
 11
75.6570028427
 21
249.744293936
  0
LINE
  5
642
100
AcDbEntity
  8
0
100
AcDbLine
 62
7
  6
CONTINUOUS
 10
68.1386279302
 20
251.199613126
 11
67.6801903427
 21
251.2762088616
  0
LINE
  5
643
100
AcDbEntity
  8
0
100
AcDbLine
 62
7
  6
CONTINUOUS
 10
76.023752493
 20
251.199613126
 11
75.5653156925
 21
251.2762088616
  0
LINE
  5
644
100
AcDbEntity
  8
0
100
AcDbLine
 62
7
  6
CONTINUOUS
 10
75.1068778427
 20
249.744293936
 11
74.8318153427
 21
249.8208896715
  0
LINE
  5
645
100
AcDbEntity
  8
0
100
AcDbLine
 62
7
  6
CONTINUOUS
 10
75.6570028427
 20
250.8166344483
 11
75.9320653427
 21
250.7400387127
  0
LINE
  5
646
100
AcDbEntity
  8
0
100
AcDbLine
 62
7
  6
CONTINUOUS
 10
72.3081329713
 20
254.5429354807
 11
72.7456870188
 21
254.2903135336
  0
LINE
  5
647
100
AcDbEntity
  8
0
100
AcDbLine
 62
7
  6
CONTINUOUS
 10
74.007013689
 20
253.562086241
 11
74.6384773899
 21
253.1975105033
  0
LINE
  5
648
100
AcDbEntity
  8
0
100
AcDbLine
 62
7
  6
CONTINUOUS
 10
74.6512477142
 20
253.6712627774
 11
74.2153470224
 21
253.9229301592
  0
LINE
  5
649
100
AcDbEntity
  8
0
100
AcDbLine
 62
7
  6
CONTINUOUS
 10
72.9540203521
 20
254.6511574518
 11
72.3209032956
 21
255.0166877549
  0
LINE
  5
64A
100
AcDbEntity
  8
RUNDUNGEN
100
AcDbLine
 62
9
  6
CONTINUOUS
 10
93.8122584543
 20
198.9152221192
 11
93.1830919258
 21
197.523068608
  0
LINE
  5
64B
100
AcDbEntity
  8
RUNDUNGEN
100
AcDbLine
 62
9
  6
CONTINUOUS
 10
93.959437636
 20
198.7626282465
 11
93.3102196852
 21
197.3261070574
  0
LINE
  5
64C
100
AcDbEntity
  8
RUNDUNGEN
100
AcDbLine
 62
7
  6
CONTINUOUS
 10
91.7762887597
 20
197.523068608
 11
92.0611182089
 21
197.964360504
  0
LINE
  5
64D
100
AcDbEntity
  8
RUNDUNGEN
100
AcDbLine
 62
7
  6
CONTINUOUS
 10
91.1471222311
 20
198.9152221192
 11
91.4768768453
 21
199.2571083361
  0
LINE
  5
64E
100
AcDbEntity
  8
RUNDUNGEN
100
AcDbLine
 62
7
  6
CONTINUOUS
 10
93.8122584543
 20
201.5755370045
 11
93.4825038402
 21
201.2336507876
  0
LINE
  5
64F
100
AcDbEntity
  8
RUNDUNGEN
100
AcDbLine
 62
7
  6
CONTINUOUS
 10
95.2520012966
 20
200.986510934
 11
94.8107094006
 21
200.690256732
  0
LINE
  5
650
100
AcDbEntity
  8
AUSFORMSCHRAEGEN
100
AcDbLine
 62
7
  6
CONTINUOUS
 10
93.4825038402
 20
199.2571083361
 11
94.8107094006
 21
199.8005023917
  0
LINE
  5
651
100
AcDbEntity
  8
RUNDUNGEN
100
AcDbLine
 62
9
  6
CONTINUOUS
 10
95.2520012966
 20
199.5042481897
 11
93.8122584543
 21
198.9152221192
  0
LINE
  5
652
100
AcDbEntity
  8
RUNDUNGEN
100
AcDbLine
 62
9
  6
CONTINUOUS
 10
95.4489628472
 20
199.3720212272
 11
93.959437636
 21
198.7626282465
  0
LINE
  5
653
100
AcDbEntity
  8
RUNDUNGEN
100
AcDbLine
 62
9
  6
CONTINUOUS
 10
92.4796903427
 20
254.333145464
 11
82.8032847239
 21
254.333145464
  0
LINE
  5
654
100
AcDbEntity
  8
RUNDUNGEN
100
AcDbLine
 62
9
  6
CONTINUOUS
 10
64.1560959616
 20
254.333145464
 11
54.4796903427
 21
254.333145464
  0
LINE
  5
655
100
AcDbEntity
  8
RUNDUNGEN
100
AcDbLine
 62
9
  6
CONTINUOUS
 10
92.4796903427
 20
255.1326581257
 11
82.0914421707
 21
255.1326581257
  0
LINE
  5
656
100
AcDbEntity
  8
RUNDUNGEN
100
AcDbLine
 62
9
  6
CONTINUOUS
 10
64.8679385148
 20
255.1326581257
 11
54.4796903427
 21
255.1326581257
  0
LINE
  5
657
100
AcDbEntity
  8
AUSFORMSCHRAEGEN
100
AcDbLine
 62
7
  6
CONTINUOUS
 10
92.4796903427
 20
255.2453795619
 11
81.9583292449
 21
255.2453795619
  0
LINE
  5
658
100
AcDbEntity
  8
AUSFORMSCHRAEGEN
100
AcDbLine
 62
7
  6
CONTINUOUS
 10
65.0010514406
 20
255.2453795619
 11
54.4796903427
 21
255.2453795619
  0
LINE
  5
659
100
AcDbEntity
  8
0
100
AcDbLine
 62
7
  6
CONTINUOUS
 10
89.6904465528
 20
249.2830187478
 11
90.732175229
 21
248.6815764161
  0
LINE
  5
65A
100
AcDbEntity
  8
0
100
AcDbLine
 62
7
  6
CONTINUOUS
 10
93.7351417656
 20
246.9478128779
 11
95.2385305447
 21
246.0798309616
  0
LINE
  5
65B
100
AcDbEntity
  8
0
100
AcDbLine
 62
7
  6
CONTINUOUS
 10
95.2689341327
 20
247.2077403759
 11
94.2311417656
 21
247.8069100784
  0
LINE
  5
65C
100
AcDbEntity
  8
0
100
AcDbLine
 62
7
  6
CONTINUOUS
 10
91.228175229
 20
249.5406736167
 11
89.7208501408
 21
250.4109281621
  0
LINE
  5
65D
100
AcDbEntity
  8
0
100
AcDbLine
 62
7
  6
CONTINUOUS
 10
157.2667028698
 20
183.0968472253
 11
162.2667028698
 21
183.0968472253
  0
LINE
  5
65E
100
AcDbEntity
  8
FASEN
100
AcDbLine
 62
7
  6
CONTINUOUS
 10
118.1667028698
 20
248.7453795619
 11
117.7667028698
 21
248.3453795619
  0
LINE
  5
65F
100
AcDbEntity
  8
0
100
AcDbLine
 62
7
  6
CONTINUOUS
 10
157.2667028698
 20
184.7779252894
 11
162.2667028698
 21
184.7779252894
  0
LINE
  5
660
100
AcDbEntity
  8
FASEN
100
AcDbLine
 62
7
  6
CONTINUOUS
 10
117.7667028698
 20
246.1457584605
 11
117.7667028698
 21
248.3450006632
  0
LINE
  5
661
100
AcDbEntity
  8
FASEN
100
AcDbLine
 62
7
  6
CONTINUOUS
 10
118.1667028698
 20
245.7453795619
 11
118.1667028698
 21
248.7453795619
  0
LINE
  5
662
100
AcDbEntity
  8
0
100
AcDbLine
 62
7
  6
CONTINUOUS
 10
118.3667028698
 20
233.2453795619
 11
118.3667028698
 21
233.8453795619
  0
LINE
  5
663
100
AcDbEntity
  8
RUNDUNGEN
100
AcDbLine
 62
7
  6
CONTINUOUS
 10
162.2667028698
 20
193.2453795619
 11
165.4946224672
 21
193.3581009981
  0
LINE
  5
664
100
AcDbEntity
  8
0
100
AcDbLine
 62
7
  6
CONTINUOUS
 10
157.2667028698
 20
193.2453795619
 11
156.7667028698
 21
193.2453795619
  0
LINE
  5
665
100
AcDbEntity
  8
FASEN
100
AcDbLine
 62
7
  6
CONTINUOUS
 10
131.8667028698
 20
195.6453795619
 11
132.2667028698
 21
195.2453795619
  0
LINE
  5
666
100
AcDbEntity
  8
0
100
AcDbLine
 62
7
  6
CONTINUOUS
 10
118.7722632319
 20
228.7253795619
 11
118.7722632319
 21
228.1253795619
  0
LINE
  5
667
100
AcDbEntity
  8
RUNDUNGEN
100
AcDbLine
 62
7
  6
CONTINUOUS
 10
121.0448000332
 20
202.8953795619
 11
121.0448000332
 21
202.8453795619
  0
LINE
  5
668
100
AcDbEntity
  8
FASEN
100
AcDbLine
 62
7
  6
CONTINUOUS
 10
121.3667028698
 20
223.1457584605
 11
121.3667028698
 21
225.3450006632
  0
LINE
  5
669
100
AcDbEntity
  8
FASEN
100
AcDbLine
 62
7
  6
CONTINUOUS
 10
121.7667028698
 20
222.7453795619
 11
121.7667028698
 21
225.7453795619
  0
LINE
  5
66A
100
AcDbEntity
  8
0
100
AcDbLine
 62
7
  6
CONTINUOUS
 10
154.7667028698
 20
195.2325774232
 11
144.7667028698
 21
195.2325774232
  0
LINE
  5
66B
100
AcDbEntity
  8
FASEN
100
AcDbLine
 62
7
  6
CONTINUOUS
 10
152.2463239712
 20
195.2453795619
 11
150.0470817685
 21
195.2453795619
  0
LINE
  5
66C
100
AcDbEntity
  8
FASEN
100
AcDbLine
 62
7
  6
CONTINUOUS
 10
134.4663239712
 20
195.2453795619
 11
132.2670817685
 21
195.2453795619
  0
LINE
  5
66D
100
AcDbEntity
  8
BEZUGSACHSEN
100
AcDbLine
 62
7
  6
CONTINUOUS
 10
154.7667028698
 20
195.2453795619
 11
156.7667028698
 21
195.2453795619
  0
LINE
  5
66E
100
AcDbEntity
  8
FASEN
100
AcDbLine
 62
7
  6
CONTINUOUS
 10
152.6467028698
 20
195.6453795619
 11
149.6467028698
 21
195.6453795619
  0
LINE
  5
66F
100
AcDbEntity
  8
FASEN
100
AcDbLine
 62
7
  6
CONTINUOUS
 10
134.8667028698
 20
195.6453795619
 11
131.8667028698
 21
195.6453795619
  0
LINE
  5
670
100
AcDbEntity
  8
0
100
AcDbLine
 62
7
  6
CONTINUOUS
 10
124.3667028698
 20
200.2453795619
 11
124.3667028698
 21
202.8453795619
  0
LINE
  5
671
100
AcDbEntity
  8
0
100
AcDbLine
 62
7
  6
CONTINUOUS
 10
124.3667028698
 20
203.3953795619
 11
124.3667028698
 21
203.9953795619
  0
LINE
  5
672
100
AcDbEntity
  8
0
100
AcDbLine
 62
7
  6
CONTINUOUS
 10
124.3667028698
 20
204.4953795619
 11
124.3667028698
 21
205.6453795619
  0
LINE
  5
673
100
AcDbEntity
  8
FASEN
100
AcDbLine
 62
7
  6
CONTINUOUS
 10
124.3667028698
 20
221.7457667551
 11
124.3667028698
 21
226.7449923686
  0
LINE
  5
674
100
AcDbEntity
  8
0
100
AcDbLine
 62
7
  6
CONTINUOUS
 10
124.3667028698
 20
240.9837001626
 11
124.3667028698
 21
245.7453795619
  0
LINE
  5
675
100
AcDbEntity
  8
FASEN
100
AcDbLine
 62
7
  6
CONTINUOUS
 10
125.2327282736
 20
221.2453795619
 11
125.2327282736
 21
227.2453795619
  0
LINE
  5
676
100
AcDbEntity
  8
AUSFORMSCHRAEGEN
100
AcDbLine
 62
7
  6
CONTINUOUS
 10
166.2667028698
 20
200.6453795619
 11
170.3016023665
 21
200.7862813571
  0
LINE
  5
677
100
AcDbEntity
  8
0
100
AcDbLine
 62
7
  6
CONTINUOUS
 10
154.7667028698
 20
197.6620199915
 11
156.7667028698
 21
197.6620199915
  0
LINE
  5
678
100
AcDbEntity
  8
0
100
AcDbLine
 62
7
  6
CONTINUOUS
 10
130.8669483284
 20
199.2453795619
 11
135.8664574113
 21
199.2453795619
  0
LINE
  5
679
100
AcDbEntity
  8
0
100
AcDbLine
 62
7
  6
CONTINUOUS
 10
148.6469483284
 20
199.2453795619
 11
153.6464574113
 21
199.2453795619
  0
LINE
  5
67A
100
AcDbEntity
  8
BEZUGSACHSEN
100
AcDbLine
 62
7
  6
CONTINUOUS
 10
154.7667028698
 20
199.2453795619
 11
156.7667028698
 21
199.2453795619
  0
LINE
  5
67B
100
AcDbEntity
  8
0
100
AcDbLine
 62
7
  6
CONTINUOUS
 10
128.7667028698
 20
240.9837001626
 11
128.7667028698
 21
227.2453795619
  0
LINE
  5
67C
100
AcDbEntity
  8
0
100
AcDbLine
 62
7
  6
CONTINUOUS
 10
124.3667028698
 20
205.6453795619
 11
127.6825852319
 21
221.2453795619
  0
LINE
  5
67D
100
AcDbEntity
  8
FASEN
100
AcDbLine
 62
7
  6
CONTINUOUS
 10
121.7667028698
 20
225.7453795619
 11
121.3667028698
 21
225.3453795619
  0
LINE
  5
67E
100
AcDbEntity
  8
0
100
AcDbLine
 62
7
  6
CONTINUOUS
 10
154.7667028698
 20
200.2453795619
 11
153.033605093
 21
200.2453795619
  0
LINE
  5
67F
100
AcDbEntity
  8
0
100
AcDbLine
 62
7
  6
CONTINUOUS
 10
149.2598006466
 20
200.2453795619
 11
124.3667028698
 21
200.2453795619
  0
LINE
  5
680
100
AcDbEntity
  8
RUNDUNGEN
100
AcDbLine
 62
9
  6
CONTINUOUS
 10
162.2667028698
 20
200.2453795619
 11
166.2667028698
 21
200.2453795619
  0
LINE
  5
681
100
AcDbEntity
  8
0
100
AcDbLine
 62
7
  6
CONTINUOUS
 10
154.7667028698
 20
201.8953795619
 11
124.3667028698
 21
201.8953795619
  0
LINE
  5
682
100
AcDbEntity
  8
0
100
AcDbLine
 62
7
  6
CONTINUOUS
 10
154.7667028698
 20
202.2054158595
 11
156.4786866113
 21
202.2054158595
  0
LINE
  5
683
100
AcDbEntity
  8
0
100
AcDbLine
 62
3
  6
CONTINUOUS
 10
133.4667028698
 20
202.8453795619
 11
121.8448000332
 21
202.8453795619
  0
LINE
  5
684
100
AcDbEntity
  8
RUNDUNGEN
100
AcDbLine
 62
3
  6
CONTINUOUS
 10
121.0448000332
 20
202.8453795619
 11
121.8448000332
 21
202.8453795619
  0
LINE
  5
685
100
AcDbEntity
  8
0
100
AcDbLine
 62
7
  6
CONTINUOUS
 10
121.0226759927
 20
202.8953795619
 11
155.1667028698
 21
202.8953795619
  0
LINE
  5
686
100
AcDbEntity
  8
0
100
AcDbLine
 62
7
  6
CONTINUOUS
 10
133.4667028698
 20
203.3453795619
 11
121.8448000332
 21
203.3453795619
  0
LINE
  5
687
100
AcDbEntity
  8
0
100
AcDbLine
 62
3
  6
CONTINUOUS
 10
121.0226759927
 20
203.3953795619
 11
155.1667028698
 21
203.3953795619
  0
LINE
  5
688
100
AcDbEntity
  8
0
100
AcDbLine
 62
7
  6
CONTINUOUS
 10
130.8667028698
 20
200.2453795619
 11
130.8667028698
 21
199.2453795619
  0
LINE
  5
689
100
AcDbEntity
  8
0
100
AcDbLine
 62
7
  6
CONTINUOUS
 10
131.5667028698
 20
204.5030392751
 11
131.5667028698
 21
210.0453795619
  0
LINE
  5
68A
100
AcDbEntity
  8
BEZUGSACHSEN
100
AcDbLine
 62
7
  6
CONTINUOUS
 10
131.8667028698
 20
199.2453795619
 11
131.8667028698
 21
195.6453795619
  0
LINE
  5
68B
100
AcDbEntity
  8
0
100
AcDbLine
 62
7
  6
CONTINUOUS
 10
126.534006198
 20
228.9940258602
 11
128.7667028698
 21
231.0760491895
  0
LINE
  5
68C
100
AcDbEntity
  8
0
100
AcDbLine
 62
3
  6
CONTINUOUS
 10
126.943205214
 20
228.5552136393
 11
128.7667028698
 21
230.2556527129
  0
LINE
  5
68D
100
AcDbEntity
  8
0
100
AcDbLine
 62
3
  6
CONTINUOUS
 10
133.5948001966
 20
203.9953795619
 11
121.0226759927
 21
203.9953795619
  0
LINE
  5
68E
100
AcDbEntity
  8
0
100
AcDbLine
 62
7
  6
CONTINUOUS
 10
154.7667028698
 20
204.3953795619
 11
134.4667028698
 21
204.3953795619
  0
LINE
  5
68F
100
AcDbEntity
  8
0
100
AcDbLine
 62
7
  6
CONTINUOUS
 10
133.9667028698
 20
204.3953795619
 11
133.5948001966
 21
204.3953795619
  0
LINE
  5
690
100
AcDbEntity
  8
0
100
AcDbLine
 62
7
  6
CONTINUOUS
 10
133.5948001966
 20
204.4953795619
 11
121.0226759927
 21
204.4953795619
  0
LINE
  5
691
100
AcDbEntity
  8
0
100
AcDbLine
 62
7
  6
CONTINUOUS
 10
154.7667028698
 20
204.5030392751
 11
134.4667028698
 21
204.5030392751
  0
LINE
  5
692
100
AcDbEntity
  8
0
100
AcDbLine
 62
7
  6
CONTINUOUS
 10
133.9667028698
 20
204.5030392751
 11
133.5948001966
 21
204.5030392751
  0
LINE
  5
693
100
AcDbEntity
  8
0
100
AcDbLine
 62
7
  6
CONTINUOUS
 10
134.5667028698
 20
204.8742670486
 11
134.4667028698
 21
204.8742670486
  0
LINE
  5
694
100
AcDbEntity
  8
0
100
AcDbLine
 62
7
  6
CONTINUOUS
 10
133.9667028698
 20
204.8742670486
 11
131.5667028698
 21
204.8742670486
  0
LINE
  5
695
100
AcDbEntity
  8
0
100
AcDbLine
 62
7
  6
CONTINUOUS
 10
134.5667028698
 20
205.997091971
 11
131.5667028698
 21
205.997091971
  0
LINE
  5
696
100
AcDbEntity
  8
FASEN
100
AcDbLine
 62
7
  6
CONTINUOUS
 10
121.7667028698
 20
222.7453795619
 11
121.3667028698
 21
223.1453795619
  0
LINE
  5
697
100
AcDbEntity
  8
FASEN
100
AcDbLine
 62
7
  6
CONTINUOUS
 10
149.6467028698
 20
195.6453795619
 11
150.0467028698
 21
195.2453795619
  0
LINE
  5
698
100
AcDbEntity
  8
0
100
AcDbLine
 62
7
  6
CONTINUOUS
 10
133.3267028698
 20
214.2664242051
 11
133.3267028698
 21
213.7664242051
  0
LINE
  5
699
100
AcDbEntity
  8
0
100
AcDbLine
 62
7
  6
CONTINUOUS
 10
133.5948001966
 20
204.4953795619
 11
133.5948001966
 21
203.9953795619
  0
LINE
  5
69A
100
AcDbEntity
  8
0
100
AcDbLine
 62
7
  6
CONTINUOUS
 10
133.9667028698
 20
210.9501460754
 11
133.9667028698
 21
210.0453795619
  0
LINE
  5
69B
100
AcDbEntity
  8
0
100
AcDbLine
 62
7
  6
CONTINUOUS
 10
133.9667028698
 20
205.997091971
 11
133.9667028698
 21
203.8453795619
  0
LINE
  5
69C
100
AcDbEntity
  8
0
100
AcDbLine
 62
3
  6
CONTINUOUS
 10
134.4667028698
 20
210.9501460754
 11
134.4667028698
 21
210.0453795619
  0
LINE
  5
69D
100
AcDbEntity
  8
0
100
AcDbLine
 62
3
  6
CONTINUOUS
 10
134.4667028698
 20
205.997091971
 11
134.4667028698
 21
203.8453795619
  0
LINE
  5
69E
100
AcDbEntity
  8
BEZUGSACHSEN
100
AcDbLine
 62
7
  6
CONTINUOUS
 10
134.8667028698
 20
199.2453795619
 11
134.8667028698
 21
195.6453795619
  0
LINE
  5
69F
100
AcDbEntity
  8
0
100
AcDbLine
 62
3
  6
CONTINUOUS
 10
135.2667028698
 20
216.4093515837
 11
135.2667028698
 21
216.2610109528
  0
LINE
  5
6A0
100
AcDbEntity
  8
RUNDUNGEN
100
AcDbLine
 62
3
  6
CONTINUOUS
 10
135.2667028698
 20
216.2610109528
 11
135.2667028698
 21
216.1304096282
  0
LINE
  5
6A1
100
AcDbEntity
  8
RUNDUNGEN
100
AcDbLine
 62
7
  6
CONTINUOUS
 10
135.2667028698
 20
211.0871408052
 11
135.2667028698
 21
211.6117475065
  0
LINE
  5
6A2
100
AcDbEntity
  8
02___PRT_ALL_AXES
100
AcDbLine
 62
7
  6
CONTINUOUS
 10
135.2667028698
 20
212.8380948566
 11
135.2667028698
 21
213.2321002334
  0
LINE
  5
6A3
100
AcDbEntity
  8
0
100
AcDbLine
 62
7
  6
CONTINUOUS
 10
135.2667028698
 20
211.6117475065
 11
135.2667028698
 21
212.8380948566
  0
LINE
  5
6A4
100
AcDbEntity
  8
RUNDUNGEN
100
AcDbLine
 62
7
  6
CONTINUOUS
 10
135.2667028698
 20
214.9590277231
 11
135.2667028698
 21
216.1304096282
  0
LINE
  5
6A5
100
AcDbEntity
  8
FASEN
100
AcDbLine
 62
7
  6
CONTINUOUS
 10
125.2327282736
 20
227.2453795619
 11
124.3667028698
 21
226.7453795619
  0
LINE
  5
6A6
100
AcDbEntity
  8
RUNDUNGEN
100
AcDbLine
 62
7
  6
CONTINUOUS
 10
144.7667028698
 20
210.0453795619
 11
131.5667028698
 21
210.0453795619
  0
LINE
  5
6A7
100
AcDbEntity
  8
0
100
AcDbLine
 62
7
  6
CONTINUOUS
 10
125.3019517412
 20
210.0453795619
 11
131.5667028698
 21
210.0453795619
  0
LINE
  5
6A8
100
AcDbEntity
  8
FASEN
100
AcDbLine
 62
7
  6
CONTINUOUS
 10
125.2327282736
 20
221.2453795619
 11
124.3667028698
 21
221.7453795619
  0
LINE
  5
6A9
100
AcDbEntity
  8
0
100
AcDbLine
 62
7
  6
CONTINUOUS
 10
135.8226759927
 20
203.3953795619
 11
135.8226759927
 21
202.8953795619
  0
LINE
  5
6AA
100
AcDbEntity
  8
0
100
AcDbLine
 62
7
  6
CONTINUOUS
 10
135.8667028698
 20
200.2453795619
 11
135.8667028698
 21
199.2453795619
  0
LINE
  5
6AB
100
AcDbEntity
  8
0
100
AcDbLine
 62
7
  6
CONTINUOUS
 10
136.8667028698
 20
215.8225788906
 11
136.8667028698
 21
215.4285735138
  0
LINE
  5
6AC
100
AcDbEntity
  8
0
100
AcDbLine
 62
7
  6
CONTINUOUS
 10
136.8667028698
 20
210.7793100675
 11
136.8667028698
 21
211.9712830276
  0
LINE
  5
6AD
100
AcDbEntity
  8
0
100
AcDbLine
 62
3
  6
CONTINUOUS
 10
136.8667028698
 20
215.8225788906
 11
136.8667028698
 21
216.4093515837
  0
LINE
  5
6AE
100
AcDbEntity
  8
0
100
AcDbLine
 62
7
  6
CONTINUOUS
 10
136.9667028698
 20
210.0453795619
 11
136.9667028698
 21
243.7833386701
  0
LINE
  5
6AF
100
AcDbEntity
  8
RUNDUNGEN
100
AcDbLine
 62
3
  6
CONTINUOUS
 10
136.8667028698
 20
210.7793100675
 11
135.7667028698
 21
210.7793100675
  0
LINE
  5
6B0
100
AcDbEntity
  8
RUNDUNGEN
100
AcDbLine
 62
7
  6
CONTINUOUS
 10
136.8667028698
 20
211.1733154443
 11
135.7667028698
 21
211.1733154443
  0
LINE
  5
6B1
100
AcDbEntity
  8
0
100
AcDbLine
 62
7
  6
CONTINUOUS
 10
134.0667028698
 20
213.7664242051
 11
133.3267028698
 21
213.7664242051
  0
LINE
  5
6B2
100
AcDbEntity
  8
0
100
AcDbLine
 62
3
  6
CONTINUOUS
 10
133.3267028698
 20
213.7664242051
 11
133.2267028698
 21
213.7664242051
  0
LINE
  5
6B3
100
AcDbEntity
  8
0
100
AcDbLine
 62
7
  6
CONTINUOUS
 10
133.3267028698
 20
214.2664242051
 11
133.2267028698
 21
214.2664242051
  0
LINE
  5
6B4
100
AcDbEntity
  8
0
100
AcDbLine
 62
3
  6
CONTINUOUS
 10
134.0667028698
 20
214.2664242051
 11
133.3267028698
 21
214.2664242051
  0
LINE
  5
6B5
100
AcDbEntity
  8
0
100
AcDbLine
 62
7
  6
CONTINUOUS
 10
126.2988431329
 20
214.7353848195
 11
134.8019381076
 21
214.7353848195
  0
LINE
  5
6B6
100
AcDbEntity
  8
RUNDUNGEN
100
AcDbLine
 62
7
  6
CONTINUOUS
 10
135.7667028698
 20
215.4285735138
 11
136.8667028698
 21
215.4285735138
  0
LINE
  5
6B7
100
AcDbEntity
  8
RUNDUNGEN
100
AcDbLine
 62
3
  6
CONTINUOUS
 10
135.7667028698
 20
215.8225788906
 11
136.8667028698
 21
215.8225788906
  0
LINE
  5
6B8
100
AcDbEntity
  8
0
100
AcDbLine
 62
3
  6
CONTINUOUS
 10
135.2667028698
 20
216.4094034252
 11
136.8667028698
 21
216.4094034252
  0
LINE
  5
6B9
100
AcDbEntity
  8
0
100
AcDbLine
 62
7
  6
CONTINUOUS
 10
144.7667028698
 20
195.2328094641
 11
144.7667028698
 21
200.2453795619
  0
LINE
  5
6BA
100
AcDbEntity
  8
RUNDUNGEN
100
AcDbLine
 62
7
  6
CONTINUOUS
 10
144.7667028698
 20
210.0453795619
 11
144.7667028698
 21
232.9806275412
  0
LINE
  5
6BB
100
AcDbEntity
  8
0
100
AcDbLine
 62
7
  6
CONTINUOUS
 10
144.7667028698
 20
232.9806275433
 11
144.7667028698
 21
253.2450924514
  0
LINE
  5
6BC
100
AcDbEntity
  8
FASEN
100
AcDbLine
 62
7
  6
CONTINUOUS
 10
118.1667028698
 20
245.7453795619
 11
117.7667028698
 21
246.1453795619
  0
LINE
  5
6BD
100
AcDbEntity
  8
0
100
AcDbLine
 62
7
  6
CONTINUOUS
 10
148.6467028698
 20
200.2453795619
 11
148.6467028698
 21
199.2453795619
  0
LINE
  5
6BE
100
AcDbEntity
  8
BEZUGSACHSEN
100
AcDbLine
 62
7
  6
CONTINUOUS
 10
136.9667028698
 20
221.2453795619
 11
125.2327282736
 21
221.2453795619
  0
LINE
  5
6BF
100
AcDbEntity
  8
BEZUGSACHSEN
100
AcDbLine
 62
7
  6
CONTINUOUS
 10
124.3667028698
 20
222.7453795619
 11
121.7667028698
 21
222.7453795619
  0
LINE
  5
6C0
100
AcDbEntity
  8
BEZUGSACHSEN
100
AcDbLine
 62
7
  6
CONTINUOUS
 10
149.6467028698
 20
199.2453795619
 11
149.6467028698
 21
195.6453795619
  0
LINE
  5
6C1
100
AcDbEntity
  8
BEZUGSACHSEN
100
AcDbLine
 62
7
  6
CONTINUOUS
 10
152.6467028698
 20
199.2453795619
 11
152.6467028698
 21
195.6453795619
  0
LINE
  5
6C2
100
AcDbEntity
  8
BEZUGSACHSEN
100
AcDbLine
 62
7
  6
CENTER
 10
114.7667028698
 20
224.2453795619
 11
169.3667028698
 21
224.2453795619
  0
LINE
  5
6C3
100
AcDbEntity
  8
BEZUGSACHSEN
100
AcDbLine
 62
7
  6
CONTINUOUS
 10
124.3667028698
 20
225.7453795619
 11
121.7667028698
 21
225.7453795619
  0
LINE
  5
6C4
100
AcDbEntity
  8
BEZUGSACHSEN
100
AcDbLine
 62
7
  6
CONTINUOUS
 10
136.9667028698
 20
227.2453795619
 11
125.2327282736
 21
227.2453795619
  0
LINE
  5
6C5
100
AcDbEntity
  8
0
100
AcDbLine
 62
7
  6
CONTINUOUS
 10
153.6467028698
 20
200.2453795619
 11
153.6467028698
 21
199.2453795619
  0
LINE
  5
6C6
100
AcDbEntity
  8
BEZUGSACHSEN
100
AcDbLine
 62
7
  6
CONTINUOUS
 10
154.7667028698
 20
200.2453795619
 11
154.7667028698
 21
199.2453795619
  0
LINE
  5
6C7
100
AcDbEntity
  8
0
100
AcDbLine
 62
7
  6
CONTINUOUS
 10
154.7667028698
 20
195.2326575754
 11
154.7667028698
 21
197.6620199915
  0
LINE
  5
6C8
100
AcDbEntity
  8
0
100
AcDbLine
 62
7
  6
CONTINUOUS
 10
154.7667028698
 20
201.8953795619
 11
154.7667028698
 21
202.8953795619
  0
LINE
  5
6C9
100
AcDbEntity
  8
0
100
AcDbLine
 62
7
  6
CONTINUOUS
 10
154.7667028698
 20
203.3953795619
 11
154.7667028698
 21
246.3896109632
  0
LINE
  5
6CA
100
AcDbEntity
  8
0
100
AcDbLine
 62
3
  6
CONTINUOUS
 10
118.7724354586
 20
228.1253795619
 11
125.8520078379
 21
228.1253795619
  0
LINE
  5
6CB
100
AcDbEntity
  8
0
100
AcDbLine
 62
7
  6
CONTINUOUS
 10
118.7724354586
 20
228.7253795619
 11
125.8520078379
 21
228.7253795619
  0
LINE
  5
6CC
100
AcDbEntity
  8
0
100
AcDbLine
 62
7
  6
CONTINUOUS
 10
156.7667028698
 20
255.2453795619
 11
156.7667028698
 21
193.2453795619
  0
LINE
  5
6CD
100
AcDbEntity
  8
0
100
AcDbLine
 62
7
  6
CONTINUOUS
 10
157.2667028698
 20
263.9385452986
 11
157.2667028698
 21
183.1039154091
  0
LINE
  5
6CE
100
AcDbEntity
  8
FASEN
100
AcDbLine
 62
7
  6
CONTINUOUS
 10
134.8667028698
 20
195.6453795619
 11
134.4667028698
 21
195.2453795619
  0
LINE
  5
6CF
100
AcDbEntity
  8
0
100
AcDbLine
 62
3
  6
CONTINUOUS
 10
118.3667028698
 20
233.2453795619
 11
128.7667028698
 21
233.2453795619
  0
LINE
  5
6D0
100
AcDbEntity
  8
0
100
AcDbLine
 62
7
  6
CONTINUOUS
 10
118.3667028698
 20
233.8453795619
 11
128.7667028698
 21
233.8453795619
  0
LINE
  5
6D1
100
AcDbEntity
  8
0
100
AcDbLine
 62
7
  6
CONTINUOUS
 10
162.2667028698
 20
263.9385452986
 11
162.2667028698
 21
183.1039154091
  0
LINE
  5
6D2
100
AcDbEntity
  8
0
100
AcDbLine
 62
7
  6
CONTINUOUS
 10
128.7667028698
 20
234.4453795619
 11
136.9667028698
 21
234.4453795619
  0
LINE
  5
6D3
100
AcDbEntity
  8
0
100
AcDbLine
 62
7
  6
CONTINUOUS
 10
128.7667028698
 20
237.272270042
 11
136.9667028698
 21
237.272270042
  0
LINE
  5
6D4
100
AcDbEntity
  8
RUNDUNGEN
100
AcDbLine
 62
9
  6
CONTINUOUS
 10
165.4946224672
 20
255.1326581257
 11
165.4946224672
 21
193.3581009981
  0
LINE
  5
6D5
100
AcDbEntity
  8
RUNDUNGEN
100
AcDbLine
 62
7
  6
CONTINUOUS
 10
166.2667028698
 20
254.333145464
 11
166.2667028698
 21
194.1576136597
  0
LINE
  5
6D6
100
AcDbEntity
  8
0
100
AcDbLine
 62
7
  6
CONTINUOUS
 10
154.7667028698
 20
240.2623821063
 11
144.7667028698
 21
240.2623821063
  0
LINE
  5
6D7
100
AcDbEntity
  8
0
100
AcDbLine
 62
7
  6
CONTINUOUS
 10
124.3667028698
 20
240.9837001626
 11
136.9667028698
 21
240.9837001626
  0
LINE
  5
6D8
100
AcDbEntity
  8
RUNDUNGEN
100
AcDbLine
 62
7
  6
CONTINUOUS
 10
167.4773361864
 20
244.4755370948
 11
167.4773361864
 21
244.2505258757
  0
LINE
  5
6D9
100
AcDbEntity
  8
RUNDUNGEN
100
AcDbLine
 62
7
  6
CONTINUOUS
 10
136.9667028698
 20
243.7833386701
 11
143.7667028698
 21
243.7833386701
  0
LINE
  5
6DA
100
AcDbEntity
  8
RUNDUNGEN
100
AcDbLine
 62
7
  6
CONTINUOUS
 10
170.9418154953
 20
243.8762088616
 11
177.6773361864
 21
243.8762088616
  0
LINE
  5
6DB
100
AcDbEntity
  8
RUNDUNGEN
100
AcDbLine
 62
9
  6
CONTINUOUS
 10
170.0773361864
 20
245.8070991291
 11
170.0773361864
 21
245.1418392734
  0
LINE
  5
6DC
100
AcDbEntity
  8
RUNDUNGEN
100
AcDbLine
 62
7
  6
CONTINUOUS
 10
170.0773361864
 20
245.1418392734
 11
170.0773361864
 21
244.1472962794
  0
LINE
  5
6DD
100
AcDbEntity
  8
RUNDUNGEN
100
AcDbLine
 62
9
  6
CONTINUOUS
 10
170.3016023665
 20
200.7862813571
 11
170.3016023665
 21
243.9796956363
  0
LINE
  5
6DE
100
AcDbEntity
  8
RUNDUNGEN
100
AcDbLine
 62
7
  6
CONTINUOUS
 10
171.2667028698
 20
201.7856721842
 11
171.2667028698
 21
243.1419009853
  0
LINE
  5
6DF
100
AcDbEntity
  8
FASEN
100
AcDbLine
 62
7
  6
CONTINUOUS
 10
152.6467028698
 20
195.6453795619
 11
152.2467028698
 21
195.2453795619
  0
LINE
  5
6E0
100
AcDbEntity
  8
RUNDUNGEN
100
AcDbLine
 62
7
  6
CONTINUOUS
 10
170.492536258
 20
245.2397752157
 11
177.6773361864
 21
245.2397752157
  0
LINE
  5
6E1
100
AcDbEntity
  8
BEZUGSACHSEN
100
AcDbLine
 62
7
  6
CONTINUOUS
 10
144.7667028698
 20
245.7453795619
 11
118.1667028698
 21
245.7453795619
  0
LINE
  5
6E2
100
AcDbEntity
  8
0
100
AcDbLine
 62
7
  6
CONTINUOUS
 10
166.2667028698
 20
245.8070991291
 11
177.6773361864
 21
245.8070991291
  0
LINE
  5
6E3
100
AcDbEntity
  8
0
100
AcDbLine
 62
7
  6
CONTINUOUS
 10
154.7667028698
 20
246.2803260234
 11
156.7667028698
 21
246.2803260234
  0
LINE
  5
6E4
100
AcDbEntity
  8
0
100
AcDbLine
 62
7
  6
CONTINUOUS
 10
178.6773361864
 20
246.4762088616
 11
180.0773361864
 21
246.4762088616
  0
LINE
  5
6E5
100
AcDbEntity
  8
RUNDUNGEN
100
AcDbLine
 62
7
  6
CONTINUOUS
 10
170.3063903641
 20
244.1381980142
 11
166.2667028698
 21
244.2985605392
  0
LINE
  5
6E6
100
AcDbEntity
  8
RUNDUNGEN
100
AcDbLine
 62
9
  6
CONTINUOUS
 10
162.2667028698
 20
248.2453795619
 11
166.2667028698
 21
248.2453795619
  0
LINE
  5
6E7
100
AcDbEntity
  8
BEZUGSACHSEN
100
AcDbLine
 62
7
  6
CONTINUOUS
 10
144.7667028698
 20
248.7453795619
 11
118.1667028698
 21
248.7453795619
  0
LINE
  5
6E8
100
AcDbEntity
  8
0
100
AcDbLine
 62
9
  6
CONTINUOUS
 10
178.6773361864
 20
250.4762088616
 11
180.0773361864
 21
250.4762088616
  0
LINE
  5
6E9
100
AcDbEntity
  8
0
100
AcDbLine
 62
9
  6
CONTINUOUS
 10
177.6773361864
 20
245.8070991291
 11
177.6773361864
 21
243.8762088616
  0
LINE
  5
6EA
100
AcDbEntity
  8
0
100
AcDbLine
 62
7
  6
CONTINUOUS
 10
178.6773361864
 20
257.2762088616
 11
178.6773361864
 21
246.4762088616
  0
LINE
  5
6EB
100
AcDbEntity
  8
0
100
AcDbLine
 62
7
  6
CONTINUOUS
 10
179.2773361864
 20
257.2762088616
 11
179.2773361864
 21
250.4762088616
  0
LINE
  5
6EC
100
AcDbEntity
  8
0
100
AcDbLine
 62
9
  6
CONTINUOUS
 10
178.6773361864
 20
252.1086058357
 11
180.0773361864
 21
252.1086058357
  0
LINE
  5
6ED
100
AcDbEntity
  8
BEZUGSACHSEN
100
AcDbLine
 62
7
  6
CONTINUOUS
 10
144.7667028698
 20
253.2453795619
 11
156.7667028698
 21
253.2453795619
  0
LINE
  5
6EE
100
AcDbEntity
  8
0
100
AcDbLine
 62
7
  6
CONTINUOUS
 10
180.0773361864
 20
246.4762088616
 11
180.0773361864
 21
256.4572758442
  0
LINE
  5
6EF
100
AcDbEntity
  8
0
100
AcDbLine
 62
7
  6
CONTINUOUS
 10
157.2667028698
 20
255.2453795619
 11
156.7667028698
 21
255.2453795619
  0
LINE
  5
6F0
100
AcDbEntity
  8
0
100
AcDbLine
 62
9
  6
CONTINUOUS
 10
178.6773361864
 20
255.8167050793
 11
179.2773361864
 21
255.8167050793
  0
LINE
  5
6F1
100
AcDbEntity
  8
0
100
AcDbLine
 62
7
  6
CONTINUOUS
 10
178.6773361864
 20
257.2762088616
 11
179.2773361864
 21
257.2762088616
  0
LINE
  5
6F2
100
AcDbEntity
  8
RUNDUNGEN
100
AcDbLine
 62
7
  6
CONTINUOUS
 10
162.2667028698
 20
255.2453795619
 11
165.4946224672
 21
255.1326581257
  0
LINE
  5
6F3
100
AcDbEntity
  8
AUSFORMSCHRAEGEN
100
AcDbLine
 62
7
  6
CONTINUOUS
 10
162.2667028698
 20
255.2453795619
 11
165.4946224672
 21
255.1326581257
  0
LINE
  5
6F4
100
AcDbEntity
  8
0
100
AcDbLine
 62
7
  6
CONTINUOUS
 10
162.2667028698
 20
263.9394490813
 11
157.2667028698
 21
263.9394490813
  0
LINE
  5
6F5
100
AcDbEntity
  8
0
100
AcDbLine
 62
9
  6
CONTINUOUS
 10
179.2773361864
 20
255.8167050793
 11
180.0773361864
 21
255.0750852306
  0
LINE
  5
6F6
100
AcDbEntity
  8
0
100
AcDbLine
 62
7
  6
CONTINUOUS
 10
179.2773361864
 20
257.2762088616
 11
179.9466851614
 21
256.6068598866
  0
LINE
  5
6F7
100
AcDbEntity
  8
RUNDUNGEN
100
AcDbLine
 62
7
  6
CONTINUOUS
 10
55.0756083745
 20
154.3277261076
 11
54.7907789252
 21
153.8864342116
  0
LINE
  5
6F8
100
AcDbEntity
  8
RUNDUNGEN
100
AcDbLine
 62
7
  6
CONTINUOUS
 10
53.0396386798
 20
150.2752577111
 11
53.3693932939
 21
150.617143928
  0
LINE
  5
6F9
100
AcDbEntity
  8
RUNDUNGEN
100
AcDbLine
 62
7
  6
CONTINUOUS
 10
55.704774903
 20
152.9355725964
 11
55.3750202889
 21
152.5936863795
  0
LINE
  5
6FA
100
AcDbEntity
  8
RUNDUNGEN
100
AcDbLine
 62
7
  6
CONTINUOUS
 10
51.5998958376
 20
150.8642837816
 11
52.0411877335
 21
151.1605379836
  0
LINE
  5
6FB
100
AcDbEntity
  8
RUNDUNGEN
100
AcDbLine
 62
7
  6
CONTINUOUS
 10
57.1445177453
 20
152.3465465259
 11
56.7032258493
 21
152.0502923239
  0
LINE
  5
6FC
100
AcDbEntity
  8
RUNDUNGEN
100
AcDbLine
 62
9
  6
CONTINUOUS
 10
51.402934287
 20
152.4787734885
 11
52.8924594982
 21
153.0881664691
  0
LINE
  5
6FD
100
AcDbEntity
  8
RUNDUNGEN
100
AcDbLine
 62
9
  6
CONTINUOUS
 10
51.5998958376
 20
152.3465465259
 11
53.0396386798
 21
152.9355725964
  0
LINE
  5
6FE
100
AcDbEntity
  8
AUSFORMSCHRAEGEN
100
AcDbLine
 62
7
  6
CONTINUOUS
 10
53.3693932939
 20
152.5936863795
 11
52.0411877335
 21
152.0502923239
  0
LINE
  5
6FF
100
AcDbEntity
  8
RUNDUNGEN
100
AcDbLine
 62
9
  6
CONTINUOUS
 10
52.8924594982
 20
153.0881664691
 11
53.5416774489
 21
154.5246876582
  0
LINE
  5
700
100
AcDbEntity
  8
RUNDUNGEN
100
AcDbLine
 62
9
  6
CONTINUOUS
 10
53.0396386798
 20
152.9355725964
 11
53.6688052083
 21
154.3277261076
  0
LINE
  5
701
100
AcDbEntity
  8
AUSFORMSCHRAEGEN
100
AcDbLine
 62
7
  6
CONTINUOUS
 10
53.9536346576
 20
153.8864342116
 11
53.3693932939
 21
152.5936863795
  0
LINE
  5
702
100
AcDbEntity
  8
AUSFORMSCHRAEGEN
100
AcDbLine
 62
7
  6
CONTINUOUS
 10
54.7907789252
 20
149.3243960959
 11
55.3750202889
 21
150.617143928
  0
LINE
  5
703
100
AcDbEntity
  8
RUNDUNGEN
100
AcDbLine
 62
7
  6
CONTINUOUS
 10
53.6688052083
 20
148.8831041999
 11
53.9536346576
 21
149.3243960959
  0
LINE
  5
704
100
AcDbEntity
  8
AUSFORMSCHRAEGEN
100
AcDbLine
 62
7
  6
CONTINUOUS
 10
55.3750202889
 20
150.617143928
 11
56.7032258493
 21
151.1605379836
  0
LINE
  5
705
100
AcDbEntity
  8
RUNDUNGEN
100
AcDbLine
 62
9
  6
CONTINUOUS
 10
57.1445177453
 20
150.8642837816
 11
55.704774903
 21
150.2752577111
  0
LINE
  5
706
100
AcDbEntity
  8
RUNDUNGEN
100
AcDbLine
 62
9
  6
CONTINUOUS
 10
57.3414792959
 20
150.7320568191
 11
55.8519540847
 21
150.1226638384
  0
LINE
  5
707
100
AcDbEntity
  8
RUNDUNGEN
100
AcDbLine
 62
9
  6
CONTINUOUS
 10
93.2027361339
 20
100.6861426493
 11
91.5416774489
 21
100.6861426493
  0
LINE
  5
708
100
AcDbEntity
  8
RUNDUNGEN
100
AcDbLine
 62
9
  6
CONTINUOUS
 10
93.0756083745
 20
100.8831041999
 11
91.6688052083
 21
100.8831041999
  0
LINE
  5
709
100
AcDbEntity
  8
AUSFORMSCHRAEGEN
100
AcDbLine
 62
7
  6
CONTINUOUS
 10
91.9536346576
 20
101.3243960959
 11
92.7907789252
 21
101.3243960959
  0
LINE
  5
70A
100
AcDbEntity
  8
RUNDUNGEN
100
AcDbLine
 62
9
  6
CONTINUOUS
 10
55.704774903
 20
150.2752577111
 11
55.0756083745
 21
148.8831041999
  0
LINE
  5
70B
100
AcDbEntity
  8
RUNDUNGEN
100
AcDbLine
 62
9
  6
CONTINUOUS
 10
55.8519540847
 20
150.1226638384
 11
55.2027361339
 21
148.6861426493
  0
LINE
  5
70C
100
AcDbEntity
  8
0
100
AcDbLine
 62
7
  6
CONTINUOUS
 10
68.1228317914
 20
153.3341167345
 11
67.939456704
 21
153.1809252634
  0
LINE
  5
70D
100
AcDbEntity
  8
0
100
AcDbLine
 62
7
  6
CONTINUOUS
 10
68.0311443788
 20
152.7213508501
 11
68.3978942914
 21
152.9511380568
  0
LINE
  5
70E
100
AcDbEntity
  8
RUNDUNGEN
100
AcDbLine
 62
9
  6
CONTINUOUS
 10
62.0943736824
 20
146.9989453126
 11
61.2284801785
 21
146.499021465
  0
LINE
  5
70F
100
AcDbEntity
  8
0
100
AcDbLine
 62
7
  6
CONTINUOUS
 10
74.4492692914
 20
153.9468828335
 11
74.7243317914
 21
154.1000743046
  0
LINE
  5
710
100
AcDbEntity
  8
0
100
AcDbLine
 62
7
  6
CONTINUOUS
 10
71.9737067914
 20
151.7256061807
 11
71.6986442914
 21
151.572414656
  0
LINE
  5
711
100
AcDbEntity
  8
0
100
AcDbLine
 62
7
  6
CONTINUOUS
 10
74.6326446412
 20
154.5596487179
 11
74.2658939416
 21
154.4064572468
  0
LINE
  5
712
100
AcDbEntity
  8
0
100
AcDbLine
 62
7
  6
CONTINUOUS
 10
71.7903319663
 20
151.1128401957
 11
72.1570816165
 21
151.2660316869
  0
LINE
  5
713
100
AcDbEntity
  8
BOHRUNGEN
100
AcDbLine
 62
7
  6
CONTINUOUS
 10
93.4222067914
 20
103.6054151538
 11
91.3222067914
 21
103.6054151538
  0
LINE
  5
714
100
AcDbEntity
  8
BOHRUNGEN
100
AcDbLine
 62
7
  6
CENTER
 10
87.1222067914
 20
103.6054151538
 11
83.3722067914
 21
103.6054151538
  0
LINE
  5
715
100
AcDbEntity
  8
BOHRUNGEN
100
AcDbLine
 62
7
  6
CENTER
 10
97.6222067914
 20
103.6054151538
 11
101.3722067914
 21
103.6054151538
  0
LINE
  5
716
100
AcDbEntity
  8
RUNDUNGEN
100
AcDbLine
 62
9
  6
CONTINUOUS
 10
51.402934287
 20
150.7320568191
 11
51.402934287
 21
152.4787734885
  0
LINE
  5
717
100
AcDbEntity
  8
RUNDUNGEN
100
AcDbLine
 62
9
  6
CONTINUOUS
 10
51.5998958376
 20
150.8642837816
 11
51.5998958376
 21
152.3465465259
  0
LINE
  5
718
100
AcDbEntity
  8
AUSFORMSCHRAEGEN
100
AcDbLine
 62
7
  6
CONTINUOUS
 10
52.0411877335
 20
152.0502923239
 11
52.0411877335
 21
151.1605379836
  0
LINE
  5
719
100
AcDbEntity
  8
BEZUGSACHSEN
100
AcDbLine
 62
7
  6
CONTINUOUS
 10
54.3722067914
 20
152.6554151538
 11
54.3722067914
 21
150.5554151538
  0
LINE
  5
71A
100
AcDbEntity
  8
BEZUGSACHSEN
100
AcDbLine
 62
7
  6
CENTER
 10
54.3722067914
 20
146.3554151538
 11
54.3722067914
 21
145.1054151538
  0
LINE
  5
71B
100
AcDbEntity
  8
BEZUGSACHSEN
100
AcDbLine
 62
7
  6
CENTER
 10
54.3722067914
 20
156.8554151538
 11
54.3722067914
 21
158.1054151538
  0
LINE
  5
71C
100
AcDbEntity
  8
0
100
AcDbLine
 62
7
  6
CONTINUOUS
 10
68.3978942914
 20
152.9511380568
 11
68.6729567914
 21
153.257520999
  0
LINE
  5
71D
100
AcDbEntity
  8
0
100
AcDbLine
 62
7
  6
CONTINUOUS
 10
74.2658939416
 20
154.4064572468
 11
73.8991442914
 21
154.1000743046
  0
LINE
  5
71E
100
AcDbEntity
  8
0
100
AcDbLine
 62
7
  6
CONTINUOUS
 10
72.1570816165
 20
151.2660316869
 11
72.5238317914
 21
151.572414656
  0
LINE
  5
71F
100
AcDbEntity
  8
RUNDUNGEN
100
AcDbLine
 62
9
  6
CONTINUOUS
 10
63.1554113916
 20
145.1611740915
 11
62.2895178877
 21
144.6612502439
  0
LINE
  5
720
100
AcDbEntity
  8
0
100
AcDbLine
 62
7
  6
CONTINUOUS
 10
76.1913314416
 20
151.7256061807
 11
75.9162689416
 21
151.572414656
  0
LINE
  5
721
100
AcDbEntity
  8
0
100
AcDbLine
 62
7
  6
CONTINUOUS
 10
76.0079571412
 20
151.1128401957
 11
76.3747067914
 21
151.2660316869
  0
LINE
  5
722
100
AcDbEntity
  8
AUSFORMSCHRAEGEN
100
AcDbLine
 62
7
  6
CONTINUOUS
 10
92.7907789252
 20
105.8864342116
 11
91.9536346576
 21
105.8864342116
  0
LINE
  5
723
100
AcDbEntity
  8
RUNDUNGEN
100
AcDbLine
 62
9
  6
CONTINUOUS
 10
91.6688052083
 20
106.3277261076
 11
93.0756083745
 21
106.3277261076
  0
LINE
  5
724
100
AcDbEntity
  8
RUNDUNGEN
100
AcDbLine
 62
9
  6
CONTINUOUS
 10
91.5416774489
 20
106.5246876582
 11
93.2027361339
 21
106.5246876582
  0
LINE
  5
725
100
AcDbEntity
  8
0
100
AcDbLine
 62
7
  6
CONTINUOUS
 10
56.4516675705
 20
125.6054151538
 11
56.4516675705
 21
129.6054151538
  0
LINE
  5
726
100
AcDbEntity
  8
0
100
AcDbLine
 62
7
  6
CONTINUOUS
 10
56.5822067914
 20
125.6054151538
 11
56.5822067914
 21
121.0607479813
  0
LINE
  5
727
100
AcDbEntity
  8
AUSFORMSCHRAEGEN
100
AcDbLine
 62
7
  6
CONTINUOUS
 10
56.7032258493
 20
151.1605379836
 11
56.7032258493
 21
152.0502923239
  0
LINE
  5
728
100
AcDbEntity
  8
0
100
AcDbLine
 62
7
  6
CONTINUOUS
 10
57.0516675705
 20
125.6054151538
 11
57.0516675705
 21
121.5153311656
  0
LINE
  5
729
100
AcDbEntity
  8
RUNDUNGEN
100
AcDbLine
 62
9
  6
CONTINUOUS
 10
57.1445177453
 20
152.3465465259
 11
57.1445177453
 21
150.8642837816
  0
LINE
  5
72A
100
AcDbEntity
  8
RUNDUNGEN
100
AcDbLine
 62
9
  6
CONTINUOUS
 10
57.3414792959
 20
152.4787734885
 11
57.3414792959
 21
150.7320568191
  0
LINE
  5
72B
100
AcDbEntity
  8
0
100
AcDbLine
 62
3
  6
CONTINUOUS
 10
57.5516675705
 20
125.6054151538
 11
57.5516675705
 21
121.5153311656
  0
LINE
  5
72C
100
AcDbEntity
  8
0
100
AcDbLine
 62
9
  6
CONTINUOUS
 10
57.5753669509
 20
129.6054151538
 11
57.5753669509
 21
125.6054151538
  0
LINE
  5
72D
100
AcDbEntity
  8
0
100
AcDbLine
 62
7
  6
CONTINUOUS
 10
57.6722067914
 20
121.6388751179
 11
57.6722067914
 21
125.6054151538
  0
LINE
  5
72E
100
AcDbEntity
  8
0
100
AcDbLine
 62
7
  6
CONTINUOUS
 10
57.6722067914
 20
129.6054151538
 11
57.6722067914
 21
131.5991602633
  0
LINE
  5
72F
100
AcDbEntity
  8
0
100
AcDbLine
 62
7
  6
CONTINUOUS
 10
72.1570816165
 20
151.9553933873
 11
71.9737067914
 21
151.7256061807
  0
LINE
  5
730
100
AcDbEntity
  8
0
100
AcDbLine
 62
7
  6
CONTINUOUS
 10
76.3747067914
 20
151.2660316869
 11
76.7414564416
 21
151.572414656
  0
LINE
  5
731
100
AcDbEntity
  8
0
100
AcDbLine
 62
9
  6
CONTINUOUS
 10
64.8671439227
 20
141.0773969589
 11
63.2306287159
 21
139.8927575148
  0
LINE
  5
732
100
AcDbEntity
  8
RUNDUNGEN
100
AcDbLine
 62
9
  6
CONTINUOUS
 10
90.8924594982
 20
102.1226638384
 11
89.402934287
 21
102.7320568191
  0
LINE
  5
733
100
AcDbEntity
  8
RUNDUNGEN
100
AcDbLine
 62
9
  6
CONTINUOUS
 10
91.0396386798
 20
102.2752577111
 11
89.5998958376
 21
102.8642837816
  0
LINE
  5
734
100
AcDbEntity
  8
AUSFORMSCHRAEGEN
100
AcDbLine
 62
7
  6
CONTINUOUS
 10
90.0411877335
 20
103.1605379836
 11
91.3693932939
 21
102.617143928
  0
LINE
  5
735
100
AcDbEntity
  8
0
100
AcDbLine
 62
7
  6
CONTINUOUS
 10
56.5822067914
 20
121.0607479813
 11
57.1277845289
 21
120.370659854
  0
LINE
  5
736
100
AcDbEntity
  8
FASEN
100
AcDbLine
 62
7
  6
CONTINUOUS
 10
57.1291137584
 20
120.3716983619
 11
62.4168301629
 21
113.6037299966
  0
LINE
  5
737
100
AcDbEntity
  8
FASEN
100
AcDbLine
 62
7
  6
CONTINUOUS
 10
57.3565928688
 20
120.5494245212
 11
62.466583114
 21
114.0089352662
  0
LINE
  5
738
100
AcDbEntity
  8
RUNDUNGEN
100
AcDbLine
 62
7
  6
CONTINUOUS
 10
62.495509441
 20
114.1343381805
 11
57.3060546662
 21
120.7765373952
  0
LINE
  5
739
100
AcDbEntity
  8
RUNDUNGEN
100
AcDbLine
 62
3
  6
CONTINUOUS
 10
57.700060043
 20
121.0843681329
 11
62.8895148178
 21
114.4421689182
  0
LINE
  5
73A
100
AcDbEntity
  8
FASEN
100
AcDbLine
 62
7
  6
CONTINUOUS
 10
63.1170789591
 20
114.1508243161
 11
62.8895251368
 21
114.4421769775
  0
LINE
  5
73B
100
AcDbEntity
  8
0
100
AcDbLine
 62
7
  6
CONTINUOUS
 10
58.5816675705
 20
130.832210073
 11
58.5816675705
 21
124.3786202345
  0
LINE
  5
73C
100
AcDbEntity
  8
0
100
AcDbLine
 62
9
  6
CONTINUOUS
 10
59.7816675705
 20
131.0054151538
 11
59.7816675705
 21
124.2054151538
  0
LINE
  5
73D
100
AcDbEntity
  8
0
100
AcDbLine
 62
7
  6
CONTINUOUS
 10
60.3516675705
 20
131.6054151538
 11
60.3516675705
 21
131.0054151538
  0
LINE
  5
73E
100
AcDbEntity
  8
0
100
AcDbLine
 62
9
  6
CONTINUOUS
 10
60.3516675705
 20
131.0054151538
 11
60.3516675705
 21
128.2054151538
  0
LINE
  5
73F
100
AcDbEntity
  8
0
100
AcDbLine
 62
9
  6
CONTINUOUS
 10
60.3516675705
 20
127.0054151538
 11
60.3516675705
 21
124.2054151538
  0
LINE
  5
740
100
AcDbEntity
  8
0
100
AcDbLine
 62
7
  6
CONTINUOUS
 10
60.3516675705
 20
124.2054151538
 11
60.3516675705
 21
123.6054151538
  0
LINE
  5
741
100
AcDbEntity
  8
0
100
AcDbLine
 62
7
  6
CONTINUOUS
 10
60.3516675705
 20
127.0054151538
 11
60.3516675705
 21
128.2054151538
  0
LINE
  5
742
100
AcDbEntity
  8
0
100
AcDbLine
 62
7
  6
CONTINUOUS
 10
60.931369868
 20
131.5462520772
 11
60.931369868
 21
131.0054151538
  0
LINE
  5
743
100
AcDbEntity
  8
0
100
AcDbLine
 62
7
  6
CONTINUOUS
 10
60.931369868
 20
128.2054151538
 11
60.931369868
 21
127.0054151538
  0
LINE
  5
744
100
AcDbEntity
  8
0
100
AcDbLine
 62
7
  6
CONTINUOUS
 10
60.931369868
 20
124.2054151538
 11
60.931369868
 21
123.6645782304
  0
LINE
  5
745
100
AcDbEntity
  8
0
100
AcDbLine
 62
3
  6
CONTINUOUS
 10
60.9722067914
 20
116.0840766602
 11
60.9722067914
 21
115.9216497357
  0
LINE
  5
746
100
AcDbEntity
  8
RUNDUNGEN
100
AcDbLine
 62
9
  6
CONTINUOUS
 10
61.0722067914
 20
120.0054151538
 11
61.0722067914
 21
121.8508924269
  0
LINE
  5
747
100
AcDbEntity
  8
RUNDUNGEN
100
AcDbLine
 62
9
  6
CONTINUOUS
 10
61.0722067914
 20
123.1599378806
 11
61.0722067914
 21
123.6054151538
  0
LINE
  5
748
100
AcDbEntity
  8
RUNDUNGEN
100
AcDbLine
 62
9
  6
CONTINUOUS
 10
61.0722067914
 20
131.6054151538
 11
61.0722067914
 21
132.0508924269
  0
LINE
  5
749
100
AcDbEntity
  8
RUNDUNGEN
100
AcDbLine
 62
9
  6
CONTINUOUS
 10
61.0722067914
 20
133.3599378806
 11
61.0722067914
 21
134.3254151538
  0
LINE
  5
74A
100
AcDbEntity
  8
AUSFORMSCHRAEGEN
100
AcDbLine
 62
7
  6
CONTINUOUS
 10
61.0816675705
 20
131.3959543746
 11
61.0816675705
 21
131.0054151538
  0
LINE
  5
74B
100
AcDbEntity
  8
AUSFORMSCHRAEGEN
100
AcDbLine
 62
7
  6
CONTINUOUS
 10
61.0816675705
 20
128.2054151538
 11
61.0816675705
 21
127.0054151538
  0
LINE
  5
74C
100
AcDbEntity
  8
AUSFORMSCHRAEGEN
100
AcDbLine
 62
7
  6
CONTINUOUS
 10
61.0816675705
 20
124.2054151538
 11
61.0816675705
 21
123.8148759329
  0
LINE
  5
74D
100
AcDbEntity
  8
RUNDUNGEN
100
AcDbLine
 62
7
  6
CONTINUOUS
 10
61.4722067914
 20
120.4054151538
 11
61.4722067914
 21
121.7702961158
  0
LINE
  5
74E
100
AcDbEntity
  8
RUNDUNGEN
100
AcDbLine
 62
7
  6
CONTINUOUS
 10
61.4722067914
 20
123.2405341917
 11
61.4722067914
 21
123.8148759329
  0
LINE
  5
74F
100
AcDbEntity
  8
AUSFORMSCHRAEGEN
100
AcDbLine
 62
7
  6
CONTINUOUS
 10
61.4722067914
 20
123.8148759329
 11
61.4722067914
 21
124.2054151538
  0
LINE
  5
750
100
AcDbEntity
  8
AUSFORMSCHRAEGEN
100
AcDbLine
 62
7
  6
CONTINUOUS
 10
61.4722067914
 20
127.0054151538
 11
61.4722067914
 21
128.2054151538
  0
LINE
  5
751
100
AcDbEntity
  8
AUSFORMSCHRAEGEN
100
AcDbLine
 62
7
  6
CONTINUOUS
 10
61.4722067914
 20
131.0054151538
 11
61.4722067914
 21
131.3959543746
  0
LINE
  5
752
100
AcDbEntity
  8
RUNDUNGEN
100
AcDbLine
 62
7
  6
CONTINUOUS
 10
61.4722067914
 20
131.3959543746
 11
61.4722067914
 21
131.9702961158
  0
LINE
  5
753
100
AcDbEntity
  8
RUNDUNGEN
100
AcDbLine
 62
7
  6
CONTINUOUS
 10
61.4722067914
 20
133.4405341917
 11
61.4722067914
 21
133.9254151538
  0
LINE
  5
754
100
AcDbEntity
  8
0
100
AcDbLine
 62
9
  6
CONTINUOUS
 10
61.5247265446
 20
131.0054151538
 11
61.5247265446
 21
128.2054151538
  0
LINE
  5
755
100
AcDbEntity
  8
0
100
AcDbLine
 62
9
  6
CONTINUOUS
 10
61.5247265446
 20
127.0054151538
 11
61.5247265446
 21
124.2054151538
  0
LINE
  5
756
100
AcDbEntity
  8
0
100
AcDbLine
 62
7
  6
CONTINUOUS
 10
68.214519204
 20
153.5639039412
 11
68.1228317914
 21
153.3341167345
  0
LINE
  5
757
100
AcDbEntity
  8
0
100
AcDbLine
 62
7
  6
CONTINUOUS
 10
68.6729567914
 20
153.257520999
 11
68.764644204
 21
153.4873082056
  0
LINE
  5
758
100
AcDbEntity
  8
0
100
AcDbLine
 62
7
  6
CONTINUOUS
 10
58.6816675705
 20
131.0054151538
 11
58.1043173014
 21
130.0054151538
  0
LINE
  5
759
100
AcDbEntity
  8
0
100
AcDbLine
 62
7
  6
CONTINUOUS
 10
72.5238317914
 20
151.572414656
 11
72.7072066165
 21
151.8787976518
  0
LINE
  5
75A
100
AcDbEntity
  8
0
100
AcDbLine
 62
7
  6
CONTINUOUS
 10
76.3747067914
 20
151.9553933873
 11
76.1913314416
 21
151.7256061807
  0
LINE
  5
75B
100
AcDbEntity
  8
RUNDUNGEN
100
AcDbLine
 62
7
  6
CONTINUOUS
 10
77.4722067914
 20
114.3091966431
 11
69.2722067914
 21
114.3091966431
  0
LINE
  5
75C
100
AcDbEntity
  8
0
100
AcDbLine
 62
7
  6
CONTINUOUS
 10
69.6722067914
 20
115.4054151538
 11
77.0722067914
 21
115.4054151538
  0
LINE
  5
75D
100
AcDbEntity
  8
AUSFORMSCHRAEGEN
100
AcDbLine
 62
7
  6
CONTINUOUS
 10
94.7032258493
 20
104.0502923239
 11
93.3750202889
 21
104.5936863795
  0
LINE
  5
75E
100
AcDbEntity
  8
RUNDUNGEN
100
AcDbLine
 62
9
  6
CONTINUOUS
 10
93.704774903
 20
104.9355725964
 11
95.1445177453
 21
104.3465465259
  0
LINE
  5
75F
100
AcDbEntity
  8
RUNDUNGEN
100
AcDbLine
 62
9
  6
CONTINUOUS
 10
93.8519540847
 20
105.0881664691
 11
95.3414792959
 21
104.4787734885
  0
LINE
  5
760
100
AcDbEntity
  8
0
100
AcDbLine
 62
7
  6
CONTINUOUS
 10
58.1043173014
 20
125.2054151538
 11
58.6816675705
 21
124.2054151538
  0
LINE
  5
761
100
AcDbEntity
  8
0
100
AcDbLine
 62
9
  6
CONTINUOUS
 10
62.8394132958
 20
131.0054151538
 11
62.8394132958
 21
128.2054151538
  0
LINE
  5
762
100
AcDbEntity
  8
0
100
AcDbLine
 62
9
  6
CONTINUOUS
 10
62.8394132958
 20
127.0054151538
 11
62.8394132958
 21
124.2054151538
  0
LINE
  5
763
100
AcDbEntity
  8
0
100
AcDbLine
 62
7
  6
CONTINUOUS
 10
62.9516675705
 20
131.0054151538
 11
62.9516675705
 21
128.2054151538
  0
LINE
  5
764
100
AcDbEntity
  8
0
100
AcDbLine
 62
7
  6
CONTINUOUS
 10
62.9516675705
 20
127.0054151538
 11
62.9516675705
 21
124.2054151538
  0
LINE
  5
765
100
AcDbEntity
  8
0
100
AcDbLine
 62
7
  6
CONTINUOUS
 10
63.3722067914
 20
155.4686414277
 11
63.3722067914
 21
153.8362444535
  0
LINE
  5
766
100
AcDbEntity
  8
0
100
AcDbLine
 62
7
  6
CONTINUOUS
 10
64.1722067914
 20
153.8362716702
 11
64.1722067914
 21
155.4686414277
  0
LINE
  5
767
100
AcDbEntity
  8
0
100
AcDbLine
 62
7
  6
CONTINUOUS
 10
64.4722067914
 20
126.4054151538
 11
64.4722067914
 21
120.4054151538
  0
LINE
  5
768
100
AcDbEntity
  8
0
100
AcDbLine
 62
7
  6
CONTINUOUS
 10
65.3722067914
 20
154.6362444535
 11
65.3722067914
 21
151.0362444535
  0
LINE
  5
769
100
AcDbEntity
  8
FASEN
100
AcDbLine
 62
7
  6
CONTINUOUS
 10
62.4168763937
 20
113.6037661161
 11
62.466583114
 21
114.0089352662
  0
LINE
  5
76A
100
AcDbEntity
  8
0
100
AcDbLine
 62
7
  6
CONTINUOUS
 10
72.2487692914
 20
152.2617763295
 11
72.1570816165
 21
151.9553933873
  0
LINE
  5
76B
100
AcDbEntity
  8
0
100
AcDbLine
 62
7
  6
CONTINUOUS
 10
74.3575821412
 20
153.7170954123
 11
74.4492692914
 21
153.9468828335
  0
LINE
  5
76C
100
AcDbEntity
  8
0
100
AcDbLine
 62
3
  6
CONTINUOUS
 10
65.9722067914
 20
133.8133941659
 11
65.8722067914
 21
133.6137041635
  0
LINE
  5
76D
100
AcDbEntity
  8
0
100
AcDbLine
 62
7
  6
CONTINUOUS
 10
76.7414564416
 20
151.572414656
 11
76.9248317914
 21
151.8787976518
  0
LINE
  5
76E
100
AcDbEntity
  8
0
100
AcDbLine
 62
9
  6
CONTINUOUS
 10
60.4703220799
 20
116.726459797
 11
60.3434202584
 21
116.726459797
  0
LINE
  5
76F
100
AcDbEntity
  8
RUNDUNGEN
100
AcDbLine
 62
9
  6
CONTINUOUS
 10
80.3722067914
 20
116.8054151538
 11
77.4722067914
 21
116.8054151538
  0
LINE
  5
770
100
AcDbEntity
  8
RUNDUNGEN
100
AcDbLine
 62
9
  6
CONTINUOUS
 10
69.2722067914
 20
116.8054151538
 11
66.3722067914
 21
116.8054151538
  0
LINE
  5
771
100
AcDbEntity
  8
0
100
AcDbLine
 62
3
  6
CONTINUOUS
 10
60.1578078293
 20
117.126459797
 11
60.0309060078
 21
117.126459797
  0
LINE
  5
772
100
AcDbEntity
  8
RUNDUNGEN
100
AcDbLine
 62
7
  6
CONTINUOUS
 10
79.9722067914
 20
117.2054151538
 11
77.0722067914
 21
117.2054151538
  0
LINE
  5
773
100
AcDbEntity
  8
RUNDUNGEN
100
AcDbLine
 62
7
  6
CONTINUOUS
 10
69.6722067914
 20
117.2054151538
 11
66.7722067914
 21
117.2054151538
  0
LINE
  5
774
100
AcDbEntity
  8
RUNDUNGEN
100
AcDbLine
 62
9
  6
CONTINUOUS
 10
85.6722067914
 20
120.0054151538
 11
80.3722067914
 21
120.0054151538
  0
LINE
  5
775
100
AcDbEntity
  8
RUNDUNGEN
100
AcDbLine
 62
9
  6
CONTINUOUS
 10
66.3722067914
 20
120.0054151538
 11
61.0722067914
 21
120.0054151538
  0
LINE
  5
776
100
AcDbEntity
  8
RUNDUNGEN
100
AcDbLine
 62
7
  6
CONTINUOUS
 10
89.5998958376
 20
104.3465465259
 11
90.0411877335
 21
104.0502923239
  0
LINE
  5
777
100
AcDbEntity
  8
RUNDUNGEN
100
AcDbLine
 62
7
  6
CONTINUOUS
 10
95.1445177453
 20
102.8642837816
 11
94.7032258493
 21
103.1605379836
  0
LINE
  5
778
100
AcDbEntity
  8
RUNDUNGEN
100
AcDbLine
 62
9
  6
CONTINUOUS
 10
53.5416774489
 20
148.6861426493
 11
52.8924594982
 21
150.1226638384
  0
LINE
  5
779
100
AcDbEntity
  8
RUNDUNGEN
100
AcDbLine
 62
9
  6
CONTINUOUS
 10
53.6688052083
 20
148.8831041999
 11
53.0396386798
 21
150.2752577111
  0
LINE
  5
77A
100
AcDbEntity
  8
AUSFORMSCHRAEGEN
100
AcDbLine
 62
7
  6
CONTINUOUS
 10
53.3693932939
 20
150.617143928
 11
53.9536346576
 21
149.3243960959
  0
LINE
  5
77B
100
AcDbEntity
  8
0
100
AcDbLine
 62
7
  6
CONTINUOUS
 10
65.8722067914
 20
133.9254151538
 11
65.8722067914
 21
126.4054151538
  0
LINE
  5
77C
100
AcDbEntity
  8
0
100
AcDbLine
 62
7
  6
CONTINUOUS
 10
65.9223317914
 20
151.0362444535
 11
65.9223317914
 21
152.6447551146
  0
LINE
  5
77D
100
AcDbEntity
  8
0
100
AcDbLine
 62
7
  6
CONTINUOUS
 10
65.9223317914
 20
153.1043295279
 11
65.9223317914
 21
154.2532657757
  0
LINE
  5
77E
100
AcDbEntity
  8
0
100
AcDbLine
 62
7
  6
CONTINUOUS
 10
65.9722067914
 20
125.2821702007
 11
65.9722067914
 21
133.9254151538
  0
LINE
  5
77F
100
AcDbEntity
  8
RUNDUNGEN
100
AcDbLine
 62
9
  6
CONTINUOUS
 10
66.3722067914
 20
116.8054151538
 11
66.3722067914
 21
120.0054151538
  0
LINE
  5
780
100
AcDbEntity
  8
RUNDUNGEN
100
AcDbLine
 62
7
  6
CONTINUOUS
 10
66.7722067914
 20
117.2054151538
 11
66.7722067914
 21
120.4054151538
  0
LINE
  5
781
100
AcDbEntity
  8
0
100
AcDbLine
 62
7
  6
CONTINUOUS
 10
66.7722067914
 20
125.2821702007
 11
66.7722067914
 21
133.9254151538
  0
LINE
  5
782
100
AcDbEntity
  8
0
100
AcDbLine
 62
7
  6
CONTINUOUS
 10
66.8722067914
 20
133.9254151538
 11
66.8722067914
 21
126.4054151538
  0
LINE
  5
783
100
AcDbEntity
  8
0
100
AcDbLine
 62
7
  6
CONTINUOUS
 10
67.7722067914
 20
149.2941218925
 11
67.7722067914
 21
148.8859090113
  0
LINE
  5
784
100
AcDbEntity
  8
0
100
AcDbLine
 62
7
  6
CONTINUOUS
 10
67.7722067914
 20
142.642940937
 11
67.7722067914
 21
142.8067308863
  0
LINE
  5
785
100
AcDbEntity
  8
RUNDUNGEN
100
AcDbLine
 62
7
  6
CONTINUOUS
 10
67.7722067914
 20
142.8067308863
 11
67.7722067914
 21
146.3437357545
  0
LINE
  5
786
100
AcDbEntity
  8
0
100
AcDbLine
 62
7
  6
CONTINUOUS
 10
67.8722067914
 20
133.9254151538
 11
67.8722067914
 21
126.4054151538
  0
LINE
  5
787
100
AcDbEntity
  8
0
100
AcDbLine
 62
7
  6
CONTINUOUS
 10
67.9722067914
 20
125.2821702007
 11
67.9722067914
 21
133.9254151538
  0
LINE
  5
788
100
AcDbEntity
  8
0
100
AcDbLine
 62
7
  6
CONTINUOUS
 10
68.214519204
 20
153.7936913624
 11
68.214519204
 21
153.5639039412
  0
LINE
  5
789
100
AcDbEntity
  8
0
100
AcDbLine
 62
7
  6
CONTINUOUS
 10
68.764644204
 20
153.4873082056
 11
68.764644204
 21
153.7936913624
  0
LINE
  5
78A
100
AcDbEntity
  8
0
100
AcDbLine
 62
7
  6
CONTINUOUS
 10
68.7722067914
 20
125.2821702007
 11
68.7722067914
 21
133.9254151538
  0
LINE
  5
78B
100
AcDbEntity
  8
0
100
AcDbLine
 62
7
  6
CONTINUOUS
 10
68.8722067914
 20
133.9254151538
 11
68.8722067914
 21
126.4054151538
  0
LINE
  5
78C
100
AcDbEntity
  8
0
100
AcDbLine
 62
7
  6
CONTINUOUS
 10
72.7072066165
 20
151.8787976518
 11
72.7988942914
 21
152.2617763295
  0
LINE
  5
78D
100
AcDbEntity
  8
0
100
AcDbLine
 62
7
  6
CONTINUOUS
 10
73.8991442914
 20
154.1000743046
 11
73.8074566165
 21
153.7936913624
  0
LINE
  5
78E
100
AcDbEntity
  8
0
100
AcDbLine
 62
9
  6
CONTINUOUS
 10
80.8722067914
 20
159.1767406712
 11
80.5722067914
 21
158.4351208225
  0
LINE
  5
78F
100
AcDbEntity
  8
0
100
AcDbLine
 62
7
  6
CONTINUOUS
 10
60.931369868
 20
123.6645782304
 11
61.0816675705
 21
123.8148759329
  0
LINE
  5
790
100
AcDbEntity
  8
0
100
AcDbLine
 62
9
  6
CONTINUOUS
 10
57.3060546662
 20
120.7765373952
 11
57.700060043
 21
121.0843681329
  0
LINE
  5
791
100
AcDbEntity
  8
0
100
AcDbLine
 62
7
  6
CONTINUOUS
 10
57.4353939442
 20
120.6109906687
 11
57.3565928688
 21
120.5494245212
  0
LINE
  5
792
100
AcDbEntity
  8
FASEN
100
AcDbLine
 62
7
  6
CONTINUOUS
 10
57.1291137584
 20
120.3716983619
 11
57.3565928688
 21
120.5494245212
  0
LINE
  5
793
100
AcDbEntity
  8
FASEN
100
AcDbLine
 62
7
  6
CONTINUOUS
 10
84.5017023816
 20
141.376802949
 11
84.0846794943
 21
141.0509889612
  0
LINE
  5
794
100
AcDbEntity
  8
0
100
AcDbLine
 62
7
  6
CONTINUOUS
 10
82.7732685159
 20
140.0264024133
 11
84.0846794943
 21
141.0509889612
  0
LINE
  5
795
100
AcDbEntity
  8
RUNDUNGEN
100
AcDbLine
 62
7
  6
CONTINUOUS
 10
84.2489041418
 20
141.076492127
 11
83.854898765
 21
140.7686613893
  0
LINE
  5
796
100
AcDbEntity
  8
RUNDUNGEN
100
AcDbLine
 62
9
  6
CONTINUOUS
 10
84.5567348794
 20
140.6824867502
 11
84.1627295026
 21
140.3746560125
  0
LINE
  5
797
100
AcDbEntity
  8
RUNDUNGEN
100
AcDbLine
 62
7
  6
CONTINUOUS
 10
85.2722067914
 20
120.4054151538
 11
79.9722067914
 21
120.4054151538
  0
LINE
  5
798
100
AcDbEntity
  8
RUNDUNGEN
100
AcDbLine
 62
7
  6
CONTINUOUS
 10
66.7722067914
 20
120.4054151538
 11
61.4722067914
 21
120.4054151538
  0
LINE
  5
799
100
AcDbEntity
  8
0
100
AcDbLine
 62
7
  6
CONTINUOUS
 10
66.7722067914
 20
120.4054151538
 11
79.9722067914
 21
120.4054151538
  0
LINE
  5
79A
100
AcDbEntity
  8
0
100
AcDbLine
 62
9
  6
CONTINUOUS
 10
57.0516675705
 20
121.5153311656
 11
57.5516675705
 21
121.5153311656
  0
LINE
  5
79B
100
AcDbEntity
  8
RUNDUNGEN
100
AcDbLine
 62
7
  6
CONTINUOUS
 10
86.3927460123
 20
123.6054151538
 11
85.6722067914
 21
123.6054151538
  0
LINE
  5
79C
100
AcDbEntity
  8
RUNDUNGEN
100
AcDbLine
 62
7
  6
CONTINUOUS
 10
61.0722067914
 20
123.6054151538
 11
60.3516675705
 21
123.6054151538
  0
LINE
  5
79D
100
AcDbEntity
  8
0
100
AcDbLine
 62
7
  6
CONTINUOUS
 10
60.931369868
 20
131.5462520772
 11
61.0816675705
 21
131.3959543746
  0
LINE
  5
79E
100
AcDbEntity
  8
AUSFORMSCHRAEGEN
100
AcDbLine
 62
7
  6
CONTINUOUS
 10
55.3750202889
 20
152.5936863795
 11
54.7907789252
 21
153.8864342116
  0
LINE
  5
79F
100
AcDbEntity
  8
RUNDUNGEN
100
AcDbLine
 62
9
  6
CONTINUOUS
 10
55.0756083745
 20
154.3277261076
 11
55.704774903
 21
152.9355725964
  0
LINE
  5
7A0
100
AcDbEntity
  8
RUNDUNGEN
100
AcDbLine
 62
9
  6
CONTINUOUS
 10
55.2027361339
 20
154.5246876582
 11
55.8519540847
 21
153.0881664691
  0
LINE
  5
7A1
100
AcDbEntity
  8
RUNDUNGEN
100
AcDbLine
 62
9
  6
CONTINUOUS
 10
69.2722067914
 20
114.3091966431
 11
69.2722067914
 21
116.8054151538
  0
LINE
  5
7A2
100
AcDbEntity
  8
0
100
AcDbLine
 62
7
  6
CONTINUOUS
 10
69.4981442914
 20
154.6362444535
 11
69.4981442914
 21
152.2617763295
  0
LINE
  5
7A3
100
AcDbEntity
  8
RUNDUNGEN
100
AcDbLine
 62
7
  6
CONTINUOUS
 10
69.6722067914
 20
114.365412977
 11
69.6722067914
 21
117.2054151538
  0
LINE
  5
7A4
100
AcDbEntity
  8
0
100
AcDbLine
 62
7
  6
CONTINUOUS
 10
69.8722067914
 20
133.9254151538
 11
69.8722067914
 21
126.4054151538
  0
LINE
  5
7A5
100
AcDbEntity
  8
0
100
AcDbLine
 62
7
  6
CONTINUOUS
 10
69.9722067914
 20
125.2821702007
 11
69.9722067914
 21
133.9254151538
  0
LINE
  5
7A6
100
AcDbEntity
  8
0
100
AcDbLine
 62
7
  6
CONTINUOUS
 10
70.0482692914
 20
152.2617763295
 11
70.0482692914
 21
154.6362444535
  0
LINE
  5
7A7
100
AcDbEntity
  8
4171
100
AcDbLine
 62
7
  6
CONTINUOUS
 10
70.3722067914
 20
143.3675622865
 11
70.3722067914
 21
144.6054574973
  0
LINE
  5
7A8
100
AcDbEntity
  8
RUNDUNGEN
100
AcDbLine
 62
7
  6
CONTINUOUS
 10
70.3722067914
 20
144.6054151538
 11
70.3722067914
 21
146.5565083535
  0
LINE
  5
7A9
100
AcDbEntity
  8
0
100
AcDbLine
 62
7
  6
CONTINUOUS
 10
70.7722067914
 20
125.2821702007
 11
70.7722067914
 21
133.9254151538
  0
LINE
  5
7AA
100
AcDbEntity
  8
0
100
AcDbLine
 62
7
  6
CONTINUOUS
 10
70.8722067914
 20
133.9254151538
 11
70.8722067914
 21
126.4054151538
  0
LINE
  5
7AB
100
AcDbEntity
  8
0
100
AcDbLine
 62
7
  6
CONTINUOUS
 10
71.1722067914
 20
142.2956650327
 11
71.1722067914
 21
142.0054151538
  0
LINE
  5
7AC
100
AcDbEntity
  8
4171
100
AcDbLine
 62
7
  6
CONTINUOUS
 10
71.1722067914
 20
142.2956650327
 11
71.1722067914
 21
144.6053938578
  0
LINE
  5
7AD
100
AcDbEntity
  8
RUNDUNGEN
100
AcDbLine
 62
7
  6
CONTINUOUS
 10
71.5722067914
 20
142.8417413144
 11
71.5722067914
 21
142.6169773583
  0
LINE
  5
7AE
100
AcDbEntity
  8
0
100
AcDbLine
 62
7
  6
CONTINUOUS
 10
71.8722067914
 20
133.9254151538
 11
71.8722067914
 21
126.4054151538
  0
LINE
  5
7AF
100
AcDbEntity
  8
0
100
AcDbLine
 62
9
  6
CONTINUOUS
 10
71.9722067914
 20
142.467134721
 11
71.9722067914
 21
142.0054151538
  0
LINE
  5
7B0
100
AcDbEntity
  8
0
100
AcDbLine
 62
7
  6
CONTINUOUS
 10
71.9722067914
 20
125.2821702007
 11
71.9722067914
 21
133.9254151538
  0
LINE
  5
7B1
100
AcDbEntity
  8
0
100
AcDbLine
 62
7
  6
CONTINUOUS
 10
72.2487692914
 20
154.6362444535
 11
72.2487692914
 21
152.2617763295
  0
LINE
  5
7B2
100
AcDbEntity
  8
0
100
AcDbLine
 62
7
  6
CONTINUOUS
 10
72.7722067914
 20
125.2821702007
 11
72.7722067914
 21
133.9254151538
  0
LINE
  5
7B3
100
AcDbEntity
  8
0
100
AcDbLine
 62
7
  6
CONTINUOUS
 10
72.7988942914
 20
152.2617763295
 11
72.7988942914
 21
154.6362444535
  0
LINE
  5
7B4
100
AcDbEntity
  8
0
100
AcDbLine
 62
7
  6
CONTINUOUS
 10
75.8722067914
 20
142.0054151538
 11
76.3060345452
 21
143.3813410028
  0
LINE
  5
7B5
100
AcDbEntity
  8
RUNDUNGEN
100
AcDbLine
 62
9
  6
CONTINUOUS
 10
86.0562934713
 20
147.3397312979
 11
85.5159334043
 21
146.499021465
  0
LINE
  5
7B6
100
AcDbEntity
  8
RUNDUNGEN
100
AcDbLine
 62
9
  6
CONTINUOUS
 10
83.9103638226
 20
143.8232364821
 11
84.4548956951
 21
144.6612502439
  0
LINE
  5
7B7
100
AcDbEntity
  8
0
100
AcDbLine
 62
7
  6
CONTINUOUS
 10
60.931369868
 20
123.6645782304
 11
60.3516675705
 21
123.6176336992
  0
LINE
  5
7B8
100
AcDbEntity
  8
AUSFORMSCHRAEGEN
100
AcDbLine
 62
7
  6
CONTINUOUS
 10
61.0816675705
 20
123.8148759329
 11
61.4722067914
 21
123.8148759329
  0
LINE
  5
7B9
100
AcDbEntity
  8
AUSFORMSCHRAEGEN
100
AcDbLine
 62
7
  6
CONTINUOUS
 10
85.2722067914
 20
123.8148759329
 11
85.6627460123
 21
123.8148759329
  0
LINE
  5
7BA
100
AcDbEntity
  8
0
100
AcDbLine
 62
7
  6
CONTINUOUS
 10
62.9516675705
 20
124.2054151538
 11
57.7687774825
 21
124.2054151538
  0
LINE
  5
7BB
100
AcDbEntity
  8
0
100
AcDbLine
 62
7
  6
CONTINUOUS
 10
83.7927460123
 20
124.2054151538
 11
88.9765760288
 21
124.2054151538
  0
LINE
  5
7BC
100
AcDbEntity
  8
0
100
AcDbLine
 62
7
  6
CONTINUOUS
 10
57.6722067914
 20
125.2054151538
 11
58.5816675705
 21
125.2054151538
  0
LINE
  5
7BD
100
AcDbEntity
  8
0
100
AcDbLine
 62
7
  6
CONTINUOUS
 10
88.1627460123
 20
125.2054151538
 11
89.9897908517
 21
125.2054151538
  0
LINE
  5
7BE
100
AcDbEntity
  8
0
100
AcDbLine
 62
7
  6
CONTINUOUS
 10
90.2926436955
 20
125.6054151538
 11
89.1690466319
 21
125.6054151538
  0
LINE
  5
7BF
100
AcDbEntity
  8
RUNDUNGEN
100
AcDbLine
 62
7
  6
CONTINUOUS
 10
89.1690466319
 20
125.6054151538
 11
88.1777684816
 21
125.6054151538
  0
LINE
  5
7C0
100
AcDbEntity
  8
0
100
AcDbLine
 62
7
  6
CONTINUOUS
 10
56.4517698873
 20
125.6054151538
 11
57.5753669509
 21
125.6054151538
  0
LINE
  5
7C1
100
AcDbEntity
  8
RUNDUNGEN
100
AcDbLine
 62
7
  6
CONTINUOUS
 10
57.5753669509
 20
125.6054151538
 11
58.5666451012
 21
125.6054151538
  0
LINE
  5
7C2
100
AcDbEntity
  8
0
100
AcDbLine
 62
7
  6
CONTINUOUS
 10
82.2722067914
 20
126.4054151538
 11
80.7722067914
 21
126.4054151538
  0
LINE
  5
7C3
100
AcDbEntity
  8
0
100
AcDbLine
 62
7
  6
CONTINUOUS
 10
79.9722067914
 20
126.4054151538
 11
78.7722067914
 21
126.4054151538
  0
LINE
  5
7C4
100
AcDbEntity
  8
0
100
AcDbLine
 62
7
  6
CONTINUOUS
 10
77.9722067914
 20
126.4054151538
 11
76.7722067914
 21
126.4054151538
  0
LINE
  5
7C5
100
AcDbEntity
  8
0
100
AcDbLine
 62
7
  6
CONTINUOUS
 10
75.9722067914
 20
126.4054151538
 11
74.7722067914
 21
126.4054151538
  0
LINE
  5
7C6
100
AcDbEntity
  8
0
100
AcDbLine
 62
7
  6
CONTINUOUS
 10
73.9722067914
 20
126.4054151538
 11
72.7722067914
 21
126.4054151538
  0
LINE
  5
7C7
100
AcDbEntity
  8
0
100
AcDbLine
 62
7
  6
CONTINUOUS
 10
71.9722067914
 20
126.4054151538
 11
70.7722067914
 21
126.4054151538
  0
LINE
  5
7C8
100
AcDbEntity
  8
0
100
AcDbLine
 62
7
  6
CONTINUOUS
 10
69.9722067914
 20
126.4054151538
 11
68.7722067914
 21
126.4054151538
  0
LINE
  5
7C9
100
AcDbEntity
  8
0
100
AcDbLine
 62
7
  6
CONTINUOUS
 10
67.9722067914
 20
126.4054151538
 11
66.7722067914
 21
126.4054151538
  0
LINE
  5
7CA
100
AcDbEntity
  8
0
100
AcDbLine
 62
7
  6
CONTINUOUS
 10
65.9722067914
 20
126.4054151538
 11
64.4722067914
 21
126.4054151538
  0
LINE
  5
7CB
100
AcDbEntity
  8
0
100
AcDbLine
 62
7
  6
CONTINUOUS
 10
60.3516675705
 20
127.0054151538
 11
62.9516675705
 21
127.0054151538
  0
LINE
  5
7CC
100
AcDbEntity
  8
0
100
AcDbLine
 62
7
  6
CONTINUOUS
 10
83.7927460123
 20
127.0054151538
 11
86.3927460123
 21
127.0054151538
  0
LINE
  5
7CD
100
AcDbEntity
  8
0
100
AcDbLine
 62
7
  6
CONTINUOUS
 10
86.3927460123
 20
123.6176336992
 11
85.8130437148
 21
123.6645782304
  0
LINE
  5
7CE
100
AcDbEntity
  8
RUNDUNGEN
100
AcDbLine
 62
7
  6
CONTINUOUS
 10
91.0396386798
 20
104.9355725964
 11
91.3693932939
 21
104.5936863795
  0
LINE
  5
7CF
100
AcDbEntity
  8
RUNDUNGEN
100
AcDbLine
 62
7
  6
CONTINUOUS
 10
93.704774903
 20
102.2752577111
 11
93.3750202889
 21
102.617143928
  0
LINE
  5
7D0
100
AcDbEntity
  8
RUNDUNGEN
100
AcDbLine
 62
7
  6
CONTINUOUS
 10
55.0756083745
 20
148.8831041999
 11
54.7907789252
 21
149.3243960959
  0
LINE
  5
7D1
100
AcDbEntity
  8
RUNDUNGEN
100
AcDbLine
 62
7
  6
CONTINUOUS
 10
53.6688052083
 20
154.3277261076
 11
53.9536346576
 21
153.8864342116
  0
LINE
  5
7D2
100
AcDbEntity
  8
AUSFORMSCHRAEGEN
100
AcDbLine
 62
7
  6
CONTINUOUS
 10
61.6127702896
 20
142.7733566432
 11
61.6206786167
 21
142.759659019
  0
LINE
  5
7D3
100
AcDbEntity
  8
RUNDUNGEN
100
AcDbLine
 62
9
  6
CONTINUOUS
 10
61.2267971377
 20
146.5019365772
 11
62.2877914587
 21
144.6642405067
  0
LINE
  5
7D4
100
AcDbEntity
  8
0
100
AcDbLine
 62
7
  6
CONTINUOUS
 10
72.8722067914
 20
133.9254151538
 11
72.8722067914
 21
126.4054151538
  0
LINE
  5
7D5
100
AcDbEntity
  8
0
100
AcDbLine
 62
7
  6
CONTINUOUS
 10
73.1638734581
 20
158.6996513424
 11
73.1638734581
 21
156.0088013876
  0
LINE
  5
7D6
100
AcDbEntity
  8
0
100
AcDbLine
 62
7
  6
CONTINUOUS
 10
73.3722067914
 20
128.6554151538
 11
73.3722067914
 21
126.5554151538
  0
LINE
  5
7D7
100
AcDbEntity
  8
DEFAULT_1
100
AcDbLine
 62
7
  6
CENTER
 10
73.3722067914
 20
122.3554151538
 11
73.3722067914
 21
84.7502882547
  0
LINE
  5
7D8
100
AcDbEntity
  8
DEFAULT_1
100
AcDbLine
 62
7
  6
CENTER
 10
73.3722067914
 20
132.8554151538
 11
73.3722067914
 21
168.9548190189
  0
LINE
  5
7D9
100
AcDbEntity
  8
0
100
AcDbLine
 62
7
  6
CONTINUOUS
 10
73.5805401247
 20
156.0088013876
 11
73.5805401247
 21
158.6996513424
  0
LINE
  5
7DA
100
AcDbEntity
  8
0
100
AcDbLine
 62
7
  6
CONTINUOUS
 10
73.8074566165
 20
153.7936913624
 11
73.8074566165
 21
153.4873082056
  0
LINE
  5
7DB
100
AcDbEntity
  8
0
100
AcDbLine
 62
7
  6
CONTINUOUS
 10
73.8722067914
 20
133.9254151538
 11
73.8722067914
 21
126.4054151538
  0
LINE
  5
7DC
100
AcDbEntity
  8
0
100
AcDbLine
 62
7
  6
CONTINUOUS
 10
73.9722067914
 20
125.2821702007
 11
73.9722067914
 21
133.9254151538
  0
LINE
  5
7DD
100
AcDbEntity
  8
0
100
AcDbLine
 62
7
  6
CONTINUOUS
 10
74.3575821412
 20
153.5639039412
 11
74.3575821412
 21
153.7170954123
  0
LINE
  5
7DE
100
AcDbEntity
  8
0
100
AcDbLine
 62
7
  6
CONTINUOUS
 10
74.7722067914
 20
125.2821702007
 11
74.7722067914
 21
133.9254151538
  0
LINE
  5
7DF
100
AcDbEntity
  8
0
100
AcDbLine
 62
9
  6
CONTINUOUS
 10
74.7722067914
 20
142.0054151538
 11
74.7722067914
 21
142.467134721
  0
LINE
  5
7E0
100
AcDbEntity
  8
0
100
AcDbLine
 62
7
  6
CONTINUOUS
 10
74.8722067914
 20
133.9254151538
 11
74.8722067914
 21
126.4054151538
  0
LINE
  5
7E1
100
AcDbEntity
  8
RUNDUNGEN
100
AcDbLine
 62
7
  6
CONTINUOUS
 10
75.1722067914
 20
142.8417413144
 11
75.1722067914
 21
142.6169773583
  0
LINE
  5
7E2
100
AcDbEntity
  8
0
100
AcDbLine
 62
7
  6
CONTINUOUS
 10
75.5722067914
 20
142.0054151538
 11
75.5722067914
 21
142.2956650327
  0
LINE
  5
7E3
100
AcDbEntity
  8
4171
100
AcDbLine
 62
7
  6
CONTINUOUS
 10
75.5722067914
 20
142.2956650327
 11
75.5722067914
 21
144.6053938578
  0
LINE
  5
7E4
100
AcDbEntity
  8
0
100
AcDbLine
 62
7
  6
CONTINUOUS
 10
75.8722067914
 20
133.9254151538
 11
75.8722067914
 21
126.4054151538
  0
LINE
  5
7E5
100
AcDbEntity
  8
0
100
AcDbLine
 62
7
  6
CONTINUOUS
 10
75.9722067914
 20
125.2821702007
 11
75.9722067914
 21
133.9254151538
  0
LINE
  5
7E6
100
AcDbEntity
  8
4171
100
AcDbLine
 62
7
  6
CONTINUOUS
 10
76.3722067914
 20
143.3675622865
 11
76.3722067914
 21
144.6054574973
  0
LINE
  5
7E7
100
AcDbEntity
  8
RUNDUNGEN
100
AcDbLine
 62
7
  6
CONTINUOUS
 10
76.3722067914
 20
144.6054151538
 11
76.3722067914
 21
146.5565083535
  0
LINE
  5
7E8
100
AcDbEntity
  8
0
100
AcDbLine
 62
7
  6
CONTINUOUS
 10
76.3747067914
 20
152.185180594
 11
76.3747067914
 21
151.9553933873
  0
LINE
  5
7E9
100
AcDbEntity
  8
RUNDUNGEN
100
AcDbLine
 62
7
  6
CONTINUOUS
 10
77.9958934631
 20
147.2362444535
 11
78.3132052935
 21
148.5998108077
  0
LINE
  5
7EA
100
AcDbEntity
  8
0
100
AcDbLine
 62
7
  6
CONTINUOUS
 10
77.9958934631
 20
147.2362444535
 11
78.3132052935
 21
148.5998108077
  0
LINE
  5
7EB
100
AcDbEntity
  8
RUNDUNGEN
100
AcDbLine
 62
9
  6
CONTINUOUS
 10
78.3697449481
 20
147.1455366465
 11
78.716620607
 21
148.5018748653
  0
LINE
  5
7EC
100
AcDbEntity
  8
RUNDUNGEN
100
AcDbLine
 62
7
  6
CONTINUOUS
 10
81.6688054695
 20
147.9864325276
 11
81.5074880452
 21
147.5901480555
  0
LINE
  5
7ED
100
AcDbEntity
  8
RUNDUNGEN
100
AcDbLine
 62
9
  6
CONTINUOUS
 10
82.2214407587
 20
147.7526352353
 11
82.0609801144
 21
147.3584554869
  0
LINE
  5
7EE
100
AcDbEntity
  8
RUNDUNGEN
100
AcDbLine
 62
9
  6
CONTINUOUS
 10
82.7664503533
 20
145.4753700822
 11
83.407572388
 21
146.7199494347
  0
LINE
  5
7EF
100
AcDbEntity
  8
RUNDUNGEN
100
AcDbLine
 62
7
  6
CONTINUOUS
 10
83.1062455007
 20
145.2950038193
 11
83.7742677651
 21
146.525347777
  0
LINE
  5
7F0
100
AcDbEntity
  8
RUNDUNGEN
100
AcDbLine
 62
7
  6
CONTINUOUS
 10
82.9981305412
 20
144.2780041582
 11
84.6611427509
 21
147.158425799
  0
LINE
  5
7F1
100
AcDbEntity
  8
RUNDUNGEN
100
AcDbLine
 62
9
  6
CONTINUOUS
 10
83.5890022044
 20
145.1611741145
 11
84.6500398841
 21
146.9989452843
  0
LINE
  5
7F2
100
AcDbEntity
  8
RUNDUNGEN
100
AcDbLine
 62
9
  6
CONTINUOUS
 10
84.4568381897
 20
144.6646147433
 11
85.5178114309
 21
146.5022743024
  0
LINE
  5
7F3
100
AcDbEntity
  8
AUSFORMSCHRAEGEN
100
AcDbLine
 62
7
  6
CONTINUOUS
 10
85.1316432932
 20
142.7733566432
 11
85.1237349662
 21
142.759659019
  0
LINE
  5
7F4
100
AcDbEntity
  8
RUNDUNGEN
100
AcDbLine
 62
9
  6
CONTINUOUS
 10
62.1876787034
 20
114.5283435573
 11
62.5816840802
 21
114.836174295
  0
LINE
  5
7F5
100
AcDbEntity
  8
RUNDUNGEN
100
AcDbLine
 62
7
  6
CONTINUOUS
 10
62.495509441
 20
114.1343381805
 11
62.8895148178
 21
114.4421689182
  0
LINE
  5
7F6
100
AcDbEntity
  8
FASEN
100
AcDbLine
 62
7
  6
CONTINUOUS
 10
62.466583114
 20
114.0089352662
 11
62.9393895662
 21
114.3783321514
  0
LINE
  5
7F7
100
AcDbEntity
  8
0
100
AcDbLine
 62
7
  6
CONTINUOUS
 10
86.3927460123
 20
131.5931966083
 11
85.8130437148
 21
131.5462520772
  0
LINE
  5
7F8
100
AcDbEntity
  8
0
100
AcDbLine
 62
7
  6
CONTINUOUS
 10
74.4222067914
 20
127.6054151538
 11
72.3222067914
 21
127.6054151538
  0
LINE
  5
7F9
100
AcDbEntity
  8
DEFAULT_1
100
AcDbLine
 62
7
  6
CENTER
 10
68.1222067914
 20
127.6054151538
 11
30.5170798923
 21
127.6054151538
  0
LINE
  5
7FA
100
AcDbEntity
  8
DEFAULT_1
100
AcDbLine
 62
7
  6
CENTER
 10
78.6222067914
 20
127.6054151538
 11
116.2273336905
 21
127.6054151538
  0
LINE
  5
7FB
100
AcDbEntity
  8
0
100
AcDbLine
 62
7
  6
CONTINUOUS
 10
60.3516675705
 20
128.2054151538
 11
62.9516675705
 21
128.2054151538
  0
LINE
  5
7FC
100
AcDbEntity
  8
0
100
AcDbLine
 62
7
  6
CONTINUOUS
 10
83.7927460123
 20
128.2054151538
 11
86.3927460123
 21
128.2054151538
  0
LINE
  5
7FD
100
AcDbEntity
  8
0
100
AcDbLine
 62
7
  6
CONTINUOUS
 10
90.2926436955
 20
129.6054151538
 11
89.1690466319
 21
129.6054151538
  0
LINE
  5
7FE
100
AcDbEntity
  8
RUNDUNGEN
100
AcDbLine
 62
7
  6
CONTINUOUS
 10
89.1690466319
 20
129.6054151538
 11
88.1777684816
 21
129.6054151538
  0
LINE
  5
7FF
100
AcDbEntity
  8
0
100
AcDbLine
 62
7
  6
CONTINUOUS
 10
56.4517698873
 20
129.6054151538
 11
57.5753669509
 21
129.6054151538
  0
LINE
  5
800
100
AcDbEntity
  8
RUNDUNGEN
100
AcDbLine
 62
7
  6
CONTINUOUS
 10
57.5753669509
 20
129.6054151538
 11
58.5666451012
 21
129.6054151538
  0
LINE
  5
801
100
AcDbEntity
  8
0
100
AcDbLine
 62
7
  6
CONTINUOUS
 10
56.7546227311
 20
130.0054151538
 11
58.5816675705
 21
130.0054151538
  0
LINE
  5
802
100
AcDbEntity
  8
0
100
AcDbLine
 62
7
  6
CONTINUOUS
 10
88.1627460123
 20
130.0054151538
 11
89.0722067914
 21
130.0054151538
  0
LINE
  5
803
100
AcDbEntity
  8
0
100
AcDbLine
 62
7
  6
CONTINUOUS
 10
57.767837554
 20
131.0054151538
 11
62.9516675705
 21
131.0054151538
  0
LINE
  5
804
100
AcDbEntity
  8
0
100
AcDbLine
 62
7
  6
CONTINUOUS
 10
83.7927460123
 20
131.0054151538
 11
88.9756361003
 21
131.0054151538
  0
LINE
  5
805
100
AcDbEntity
  8
0
100
AcDbLine
 62
7
  6
CONTINUOUS
 10
60.931369868
 20
131.5462520772
 11
60.3516675705
 21
131.5931966083
  0
LINE
  5
806
100
AcDbEntity
  8
RUNDUNGEN
100
AcDbLine
 62
9
  6
CONTINUOUS
 10
62.8340497602
 20
143.8232364821
 11
62.2895178877
 21
144.6612502439
  0
LINE
  5
807
100
AcDbEntity
  8
RUNDUNGEN
100
AcDbLine
 62
7
  6
CONTINUOUS
 10
93.0756083745
 20
100.8831041999
 11
92.7907789252
 21
101.3243960959
  0
LINE
  5
808
100
AcDbEntity
  8
RUNDUNGEN
100
AcDbLine
 62
9
  6
CONTINUOUS
 10
60.6881201115
 20
147.3397312979
 11
61.2284801785
 21
146.499021465
  0
LINE
  5
809
100
AcDbEntity
  8
RUNDUNGEN
100
AcDbLine
 62
9
  6
CONTINUOUS
 10
62.0943736987
 20
146.9989452843
 11
63.1554113784
 21
145.1611741145
  0
LINE
  5
80A
100
AcDbEntity
  8
RUNDUNGEN
100
AcDbLine
 62
7
  6
CONTINUOUS
 10
63.7462830416
 20
144.2780041582
 11
62.0832708319
 21
147.158425799
  0
LINE
  5
80B
100
AcDbEntity
  8
RUNDUNGEN
100
AcDbLine
 62
7
  6
CONTINUOUS
 10
62.9701458177
 20
146.525347777
 11
63.6381680821
 21
145.2950038193
  0
LINE
  5
80C
100
AcDbEntity
  8
RUNDUNGEN
100
AcDbLine
 62
9
  6
CONTINUOUS
 10
63.3368411948
 20
146.7199494347
 11
63.9779632295
 21
145.4753700822
  0
LINE
  5
80D
100
AcDbEntity
  8
RUNDUNGEN
100
AcDbLine
 62
9
  6
CONTINUOUS
 10
64.6834334684
 20
147.3584554869
 11
64.5229728241
 21
147.7526352353
  0
LINE
  5
80E
100
AcDbEntity
  8
RUNDUNGEN
100
AcDbLine
 62
7
  6
CONTINUOUS
 10
65.2369255376
 20
147.5901480555
 11
65.0756081133
 21
147.9864325276
  0
LINE
  5
80F
100
AcDbEntity
  8
0
100
AcDbLine
 62
7
  6
CONTINUOUS
 10
70.8722067914
 20
142.0054151538
 11
70.4383790376
 21
143.3813410028
  0
LINE
  5
810
100
AcDbEntity
  8
RUNDUNGEN
100
AcDbLine
 62
9
  6
CONTINUOUS
 10
68.3746687441
 20
147.1455362187
 11
68.0277929758
 21
148.5018748653
  0
LINE
  5
811
100
AcDbEntity
  8
0
100
AcDbLine
 62
7
  6
CONTINUOUS
 10
69.4981442914
 20
152.2617763295
 11
69.589831704
 21
151.8787976518
  0
LINE
  5
812
100
AcDbEntity
  8
0
100
AcDbLine
 62
7
  6
CONTINUOUS
 10
68.4312082893
 20
148.5998108077
 11
68.7485201197
 21
147.2362444535
  0
LINE
  5
813
100
AcDbEntity
  8
RUNDUNGEN
100
AcDbLine
 62
7
  6
CONTINUOUS
 10
68.7485201197
 20
147.2362444535
 11
68.4312082893
 21
148.5998108077
  0
LINE
  5
814
100
AcDbEntity
  8
0
100
AcDbLine
 62
7
  6
CONTINUOUS
 10
76.7722067914
 20
125.2821702007
 11
76.7722067914
 21
133.9254151538
  0
LINE
  5
815
100
AcDbEntity
  8
0
100
AcDbLine
 62
7
  6
CONTINUOUS
 10
76.8722067914
 20
133.9254151538
 11
76.8722067914
 21
126.4054151538
  0
LINE
  5
816
100
AcDbEntity
  8
0
100
AcDbLine
 62
7
  6
CONTINUOUS
 10
76.9248317914
 20
151.8787976518
 11
76.9248317914
 21
152.2617763295
  0
LINE
  5
817
100
AcDbEntity
  8
RUNDUNGEN
100
AcDbLine
 62
7
  6
CONTINUOUS
 10
77.0722067914
 20
117.2054151538
 11
77.0722067914
 21
114.365412977
  0
LINE
  5
818
100
AcDbEntity
  8
RUNDUNGEN
100
AcDbLine
 62
9
  6
CONTINUOUS
 10
77.4722067914
 20
116.8054151538
 11
77.4722067914
 21
114.3091966431
  0
LINE
  5
819
100
AcDbEntity
  8
0
100
AcDbLine
 62
7
  6
CONTINUOUS
 10
77.6583321412
 20
154.6362444535
 11
77.6583321412
 21
151.0362444535
  0
LINE
  5
81A
100
AcDbEntity
  8
0
100
AcDbLine
 62
7
  6
CONTINUOUS
 10
77.8722067914
 20
133.9254151538
 11
77.8722067914
 21
126.4054151538
  0
LINE
  5
81B
100
AcDbEntity
  8
0
100
AcDbLine
 62
7
  6
CONTINUOUS
 10
77.9722067914
 20
125.2821702007
 11
77.9722067914
 21
133.9254151538
  0
LINE
  5
81C
100
AcDbEntity
  8
0
100
AcDbLine
 62
7
  6
CONTINUOUS
 10
78.2084571412
 20
151.0362444535
 11
78.2084571412
 21
152.7213508501
  0
LINE
  5
81D
100
AcDbEntity
  8
0
100
AcDbLine
 62
7
  6
CONTINUOUS
 10
78.2084571412
 20
153.1809252634
 11
78.2084571412
 21
154.6362444535
  0
LINE
  5
81E
100
AcDbEntity
  8
0
100
AcDbLine
 62
7
  6
CONTINUOUS
 10
78.7722067914
 20
125.2821702007
 11
78.7722067914
 21
133.9254151538
  0
LINE
  5
81F
100
AcDbEntity
  8
0
100
AcDbLine
 62
7
  6
CONTINUOUS
 10
78.8722067914
 20
133.9254151538
 11
78.8722067914
 21
126.4054151538
  0
LINE
  5
820
100
AcDbEntity
  8
0
100
AcDbLine
 62
7
  6
CONTINUOUS
 10
78.9722067914
 20
142.8067308863
 11
78.9722067914
 21
142.642940937
  0
LINE
  5
821
100
AcDbEntity
  8
RUNDUNGEN
100
AcDbLine
 62
7
  6
CONTINUOUS
 10
78.9722067914
 20
142.8067308863
 11
78.9722067914
 21
146.3437357545
  0
LINE
  5
822
100
AcDbEntity
  8
0
100
AcDbLine
 62
7
  6
CONTINUOUS
 10
78.9722067914
 20
148.8859090113
 11
78.9722067914
 21
149.2941218925
  0
LINE
  5
823
100
AcDbEntity
  8
0
100
AcDbLine
 62
7
  6
CONTINUOUS
 10
79.8722067914
 20
133.9254151538
 11
79.8722067914
 21
126.4054151538
  0
LINE
  5
824
100
AcDbEntity
  8
RUNDUNGEN
100
AcDbLine
 62
7
  6
CONTINUOUS
 10
79.9722067914
 20
120.4054151538
 11
79.9722067914
 21
117.2054151538
  0
LINE
  5
825
100
AcDbEntity
  8
0
100
AcDbLine
 62
7
  6
CONTINUOUS
 10
79.9722067914
 20
125.2821702007
 11
79.9722067914
 21
133.9254151538
  0
LINE
  5
826
100
AcDbEntity
  8
0
100
AcDbLine
 62
7
  6
CONTINUOUS
 10
85.8130437148
 20
131.5462520772
 11
85.6627460123
 21
131.3959543746
  0
LINE
  5
827
100
AcDbEntity
  8
FASEN
100
AcDbLine
 62
7
  6
CONTINUOUS
 10
62.4168763937
 20
113.6037661161
 11
63.1170789591
 21
114.1508243161
  0
LINE
  5
828
100
AcDbEntity
  8
FASEN
100
AcDbLine
 62
7
  6
CONTINUOUS
 10
89.6206167426
 20
134.8432859774
 11
89.3842135165
 21
134.6585875348
  0
LINE
  5
829
100
AcDbEntity
  8
0
100
AcDbLine
 62
7
  6
CONTINUOUS
 10
89.3090196387
 20
134.5998396388
 11
89.3842135165
 21
134.6585875348
  0
LINE
  5
82A
100
AcDbEntity
  8
0
100
AcDbLine
 62
9
  6
CONTINUOUS
 10
89.4383589166
 20
134.4342929123
 11
89.0443535398
 21
134.1264621747
  0
LINE
  5
82B
100
AcDbEntity
  8
AUSFORMSCHRAEGEN
100
AcDbLine
 62
7
  6
CONTINUOUS
 10
85.6627460123
 20
131.3959543746
 11
85.2722067914
 21
131.3959543746
  0
LINE
  5
82C
100
AcDbEntity
  8
AUSFORMSCHRAEGEN
100
AcDbLine
 62
7
  6
CONTINUOUS
 10
61.4722067914
 20
131.3959543746
 11
61.0816675705
 21
131.3959543746
  0
LINE
  5
82D
100
AcDbEntity
  8
0
100
AcDbLine
 62
3
  6
CONTINUOUS
 10
79.9722067914
 20
131.4854151538
 11
79.8722067914
 21
131.4854151538
  0
LINE
  5
82E
100
AcDbEntity
  8
0
100
AcDbLine
 62
3
  6
CONTINUOUS
 10
74.8722067914
 20
131.4854151538
 11
74.7722067914
 21
131.4854151538
  0
LINE
  5
82F
100
AcDbEntity
  8
0
100
AcDbLine
 62
3
  6
CONTINUOUS
 10
69.9722067914
 20
131.4854151538
 11
69.8722067914
 21
131.4854151538
  0
LINE
  5
830
100
AcDbEntity
  8
RUNDUNGEN
100
AcDbLine
 62
7
  6
CONTINUOUS
 10
60.3516675705
 20
131.6054151538
 11
61.0722067914
 21
131.6054151538
  0
LINE
  5
831
100
AcDbEntity
  8
RUNDUNGEN
100
AcDbLine
 62
7
  6
CONTINUOUS
 10
85.6722067914
 20
131.6054151538
 11
86.3927460123
 21
131.6054151538
  0
LINE
  5
832
100
AcDbEntity
  8
0
100
AcDbLine
 62
9
  6
CONTINUOUS
 10
69.8722067914
 20
131.9152492312
 11
69.9722067914
 21
131.9152492312
  0
LINE
  5
833
100
AcDbEntity
  8
0
100
AcDbLine
 62
9
  6
CONTINUOUS
 10
74.7722067914
 20
131.9152492312
 11
74.8722067914
 21
131.9152492312
  0
LINE
  5
834
100
AcDbEntity
  8
0
100
AcDbLine
 62
9
  6
CONTINUOUS
 10
79.8722067914
 20
131.9152492312
 11
79.9722067914
 21
131.9152492312
  0
LINE
  5
835
100
AcDbEntity
  8
0
100
AcDbLine
 62
9
  6
CONTINUOUS
 10
89.6927460123
 20
133.6954991419
 11
89.1927460123
 21
133.6954991419
  0
LINE
  5
836
100
AcDbEntity
  8
RUNDUNGEN
100
AcDbLine
 62
7
  6
CONTINUOUS
 10
85.2722067914
 20
133.9254151538
 11
61.4722067914
 21
133.9254151538
  0
LINE
  5
837
100
AcDbEntity
  8
RUNDUNGEN
100
AcDbLine
 62
9
  6
CONTINUOUS
 10
85.6722067914
 20
134.3254151538
 11
61.0722067914
 21
134.3254151538
  0
LINE
  5
838
100
AcDbEntity
  8
0
100
AcDbLine
 62
7
  6
CONTINUOUS
 10
85.8130437148
 20
123.6645782304
 11
85.6627460123
 21
123.8148759329
  0
LINE
  5
839
100
AcDbEntity
  8
RUNDUNGEN
100
AcDbLine
 62
7
  6
CONTINUOUS
 10
53.0396386798
 20
152.9355725964
 11
53.3693932939
 21
152.5936863795
  0
LINE
  5
83A
100
AcDbEntity
  8
RUNDUNGEN
100
AcDbLine
 62
7
  6
CONTINUOUS
 10
55.704774903
 20
150.2752577111
 11
55.3750202889
 21
150.617143928
  0
LINE
  5
83B
100
AcDbEntity
  8
RUNDUNGEN
100
AcDbLine
 62
7
  6
CONTINUOUS
 10
91.6688052083
 20
106.3277261076
 11
91.9536346576
 21
105.8864342116
  0
LINE
  5
83C
100
AcDbEntity
  8
RUNDUNGEN
100
AcDbLine
 62
9
  6
CONTINUOUS
 10
91.5416774489
 20
100.6861426493
 11
90.8924594982
 21
102.1226638384
  0
LINE
  5
83D
100
AcDbEntity
  8
RUNDUNGEN
100
AcDbLine
 62
9
  6
CONTINUOUS
 10
91.6688052083
 20
100.8831041999
 11
91.0396386798
 21
102.2752577111
  0
LINE
  5
83E
100
AcDbEntity
  8
AUSFORMSCHRAEGEN
100
AcDbLine
 62
7
  6
CONTINUOUS
 10
91.3693932939
 20
102.617143928
 11
91.9536346576
 21
101.3243960959
  0
LINE
  5
83F
100
AcDbEntity
  8
0
100
AcDbLine
 62
9
  6
CONTINUOUS
 10
65.8722067914
 20
159.1767406712
 11
66.1722067914
 21
158.4351208225
  0
LINE
  5
840
100
AcDbEntity
  8
0
100
AcDbLine
 62
7
  6
CONTINUOUS
 10
68.1228317914
 20
154.0234785691
 11
68.214519204
 21
153.7936913624
  0
LINE
  5
841
100
AcDbEntity
  8
0
100
AcDbLine
 62
7
  6
CONTINUOUS
 10
68.764644204
 20
153.7936913624
 11
68.6729567914
 21
154.0234785691
  0
LINE
  5
842
100
AcDbEntity
  8
0
100
AcDbLine
 62
7
  6
CONTINUOUS
 10
70.1399569663
 20
151.9553933873
 11
70.0482692914
 21
152.2617763295
  0
LINE
  5
843
100
AcDbEntity
  8
RUNDUNGEN
100
AcDbLine
 62
9
  6
CONTINUOUS
 10
80.3722067914
 20
120.0054151538
 11
80.3722067914
 21
116.8054151538
  0
LINE
  5
844
100
AcDbEntity
  8
0
100
AcDbLine
 62
7
  6
CONTINUOUS
 10
80.7722067914
 20
125.2821702007
 11
80.7722067914
 21
133.9254151538
  0
LINE
  5
845
100
AcDbEntity
  8
0
100
AcDbLine
 62
7
  6
CONTINUOUS
 10
80.7757067914
 20
154.6362444535
 11
80.7757067914
 21
153.1809252634
  0
LINE
  5
846
100
AcDbEntity
  8
0
100
AcDbLine
 62
7
  6
CONTINUOUS
 10
80.7757067914
 20
152.7213508501
 11
80.7757067914
 21
151.0362444535
  0
LINE
  5
847
100
AcDbEntity
  8
0
100
AcDbLine
 62
7
  6
CONTINUOUS
 10
80.8722067914
 20
133.9254151538
 11
80.8722067914
 21
126.4054151538
  0
LINE
  5
848
100
AcDbEntity
  8
0
100
AcDbLine
 62
7
  6
CONTINUOUS
 10
81.3258317914
 20
151.0362444535
 11
81.3258317914
 21
154.6362444535
  0
LINE
  5
849
100
AcDbEntity
  8
0
100
AcDbLine
 62
7
  6
CONTINUOUS
 10
82.2722067914
 20
120.4054151538
 11
82.2722067914
 21
126.4054151538
  0
LINE
  5
84A
100
AcDbEntity
  8
0
100
AcDbLine
 62
7
  6
CONTINUOUS
 10
82.5722067914
 20
153.8362788892
 11
82.5722067914
 21
155.4686414277
  0
LINE
  5
84B
100
AcDbEntity
  8
0
100
AcDbLine
 62
7
  6
CONTINUOUS
 10
83.3722067914
 20
153.8362444535
 11
83.3722067914
 21
155.4686414277
  0
LINE
  5
84C
100
AcDbEntity
  8
RUNDUNGEN
100
AcDbLine
 62
7
  6
CONTINUOUS
 10
51.5998958376
 20
152.3465465259
 11
52.0411877335
 21
152.0502923239
  0
LINE
  5
84D
100
AcDbEntity
  8
0
100
AcDbLine
 62
7
  6
CONTINUOUS
 10
69.589831704
 20
151.8787976518
 11
69.7732067914
 21
151.572414656
  0
LINE
  5
84E
100
AcDbEntity
  8
AUSFORMSCHRAEGEN
100
AcDbLine
 62
7
  6
CONTINUOUS
 10
93.3750202889
 20
104.5936863795
 11
92.7907789252
 21
105.8864342116
  0
LINE
  5
84F
100
AcDbEntity
  8
RUNDUNGEN
100
AcDbLine
 62
9
  6
CONTINUOUS
 10
93.0756083745
 20
106.3277261076
 11
93.704774903
 21
104.9355725964
  0
LINE
  5
850
100
AcDbEntity
  8
RUNDUNGEN
100
AcDbLine
 62
9
  6
CONTINUOUS
 10
93.2027361339
 20
106.5246876582
 11
93.8519540847
 21
105.0881664691
  0
LINE
  5
851
100
AcDbEntity
  8
0
100
AcDbLine
 62
7
  6
CONTINUOUS
 10
74.1742067914
 20
151.8022019162
 11
74.0825191165
 21
152.0319891229
  0
LINE
  5
852
100
AcDbEntity
  8
0
100
AcDbLine
 62
3
  6
CONTINUOUS
 10
78.8722067914
 20
132.7039899596
 11
78.7722067914
 21
132.9910785175
  0
LINE
  5
853
100
AcDbEntity
  8
0
100
AcDbLine
 62
3
  6
CONTINUOUS
 10
79.8722067914
 20
132.7838849164
 11
79.9722067914
 21
132.4967963585
  0
LINE
  5
854
100
AcDbEntity
  8
0
100
AcDbLine
 62
7
  6
CONTINUOUS
 10
79.8722067914
 20
133.2226971374
 11
79.9722067914
 21
132.9356085795
  0
LINE
  5
855
100
AcDbEntity
  8
0
100
AcDbLine
 62
7
  6
CONTINUOUS
 10
73.5323941165
 20
152.0319891229
 11
73.6240817914
 21
151.7256061807
  0
LINE
  5
856
100
AcDbEntity
  8
0
100
AcDbLine
 62
7
  6
CONTINUOUS
 10
73.8074566165
 20
153.4873082056
 11
73.8991442914
 21
153.1809252634
  0
LINE
  5
857
100
AcDbEntity
  8
0
100
AcDbLine
 62
7
  6
CONTINUOUS
 10
83.7927460123
 20
124.2054151538
 11
83.7927460123
 21
127.0054151538
  0
LINE
  5
858
100
AcDbEntity
  8
0
100
AcDbLine
 62
7
  6
CONTINUOUS
 10
83.7927460123
 20
128.2054151538
 11
83.7927460123
 21
131.0054151538
  0
LINE
  5
859
100
AcDbEntity
  8
0
100
AcDbLine
 62
9
  6
CONTINUOUS
 10
83.905000287
 20
124.2054151538
 11
83.905000287
 21
127.0054151538
  0
LINE
  5
85A
100
AcDbEntity
  8
0
100
AcDbLine
 62
9
  6
CONTINUOUS
 10
83.905000287
 20
128.2054151538
 11
83.905000287
 21
131.0054151538
  0
LINE
  5
85B
100
AcDbEntity
  8
0
100
AcDbLine
 62
9
  6
CONTINUOUS
 10
85.2196870382
 20
124.2054151538
 11
85.2196870382
 21
127.0054151538
  0
LINE
  5
85C
100
AcDbEntity
  8
0
100
AcDbLine
 62
9
  6
CONTINUOUS
 10
85.2196870382
 20
128.2054151538
 11
85.2196870382
 21
131.0054151538
  0
LINE
  5
85D
100
AcDbEntity
  8
RUNDUNGEN
100
AcDbLine
 62
7
  6
CONTINUOUS
 10
85.2722067914
 20
133.9254151538
 11
85.2722067914
 21
133.4405341917
  0
LINE
  5
85E
100
AcDbEntity
  8
RUNDUNGEN
100
AcDbLine
 62
7
  6
CONTINUOUS
 10
85.2722067914
 20
131.9702961158
 11
85.2722067914
 21
131.3959543746
  0
LINE
  5
85F
100
AcDbEntity
  8
RUNDUNGEN
100
AcDbLine
 62
7
  6
CONTINUOUS
 10
85.2722067914
 20
121.7702961158
 11
85.2722067914
 21
120.4054151538
  0
LINE
  5
860
100
AcDbEntity
  8
RUNDUNGEN
100
AcDbLine
 62
7
  6
CONTINUOUS
 10
85.2722067914
 20
123.2405341917
 11
85.2722067914
 21
123.8148759329
  0
LINE
  5
861
100
AcDbEntity
  8
AUSFORMSCHRAEGEN
100
AcDbLine
 62
7
  6
CONTINUOUS
 10
85.2722067914
 20
123.8148759329
 11
85.2722067914
 21
124.2054151538
  0
LINE
  5
862
100
AcDbEntity
  8
AUSFORMSCHRAEGEN
100
AcDbLine
 62
7
  6
CONTINUOUS
 10
85.2722067914
 20
127.0054151538
 11
85.2722067914
 21
128.2054151538
  0
LINE
  5
863
100
AcDbEntity
  8
AUSFORMSCHRAEGEN
100
AcDbLine
 62
7
  6
CONTINUOUS
 10
85.2722067914
 20
131.0054151538
 11
85.2722067914
 21
131.3959543746
  0
LINE
  5
864
100
AcDbEntity
  8
AUSFORMSCHRAEGEN
100
AcDbLine
 62
7
  6
CONTINUOUS
 10
85.6627460123
 20
123.8148759329
 11
85.6627460123
 21
124.2054151538
  0
LINE
  5
865
100
AcDbEntity
  8
AUSFORMSCHRAEGEN
100
AcDbLine
 62
7
  6
CONTINUOUS
 10
85.6627460123
 20
127.0054151538
 11
85.6627460123
 21
128.2054151538
  0
LINE
  5
866
100
AcDbEntity
  8
AUSFORMSCHRAEGEN
100
AcDbLine
 62
7
  6
CONTINUOUS
 10
85.6627460123
 20
131.0054151538
 11
85.6627460123
 21
131.3959543746
  0
LINE
  5
867
100
AcDbEntity
  8
RUNDUNGEN
100
AcDbLine
 62
9
  6
CONTINUOUS
 10
85.6722067914
 20
134.3254151538
 11
85.6722067914
 21
133.3599378806
  0
LINE
  5
868
100
AcDbEntity
  8
RUNDUNGEN
100
AcDbLine
 62
9
  6
CONTINUOUS
 10
85.6722067914
 20
132.0508924269
 11
85.6722067914
 21
131.6054151538
  0
LINE
  5
869
100
AcDbEntity
  8
RUNDUNGEN
100
AcDbLine
 62
9
  6
CONTINUOUS
 10
85.6722067914
 20
123.6054151538
 11
85.6722067914
 21
123.1599378806
  0
LINE
  5
86A
100
AcDbEntity
  8
RUNDUNGEN
100
AcDbLine
 62
9
  6
CONTINUOUS
 10
85.6722067914
 20
121.8508924269
 11
85.6722067914
 21
120.0054151538
  0
LINE
  5
86B
100
AcDbEntity
  8
0
100
AcDbLine
 62
7
  6
CONTINUOUS
 10
85.8130437148
 20
123.6645782304
 11
85.8130437148
 21
124.2054151538
  0
LINE
  5
86C
100
AcDbEntity
  8
0
100
AcDbLine
 62
7
  6
CONTINUOUS
 10
85.8130437148
 20
127.0054151538
 11
85.8130437148
 21
128.2054151538
  0
LINE
  5
86D
100
AcDbEntity
  8
0
100
AcDbLine
 62
7
  6
CONTINUOUS
 10
85.8130437148
 20
131.0054151538
 11
85.8130437148
 21
131.5462520772
  0
LINE
  5
86E
100
AcDbEntity
  8
0
100
AcDbLine
 62
7
  6
CONTINUOUS
 10
86.3927460123
 20
123.6054151538
 11
86.3927460123
 21
124.2054151538
  0
LINE
  5
86F
100
AcDbEntity
  8
0
100
AcDbLine
 62
9
  6
CONTINUOUS
 10
86.3927460123
 20
124.2054151538
 11
86.3927460123
 21
127.0054151538
  0
LINE
  5
870
100
AcDbEntity
  8
0
100
AcDbLine
 62
7
  6
CONTINUOUS
 10
86.3927460123
 20
127.0054151538
 11
86.3927460123
 21
128.2054151538
  0
LINE
  5
871
100
AcDbEntity
  8
0
100
AcDbLine
 62
9
  6
CONTINUOUS
 10
86.3927460123
 20
128.2054151538
 11
86.3927460123
 21
131.0054151538
  0
LINE
  5
872
100
AcDbEntity
  8
0
100
AcDbLine
 62
7
  6
CONTINUOUS
 10
86.3927460123
 20
131.0054151538
 11
86.3927460123
 21
131.6054151538
  0
LINE
  5
873
100
AcDbEntity
  8
0
100
AcDbLine
 62
9
  6
CONTINUOUS
 10
86.9627460123
 20
124.2054151538
 11
86.9627460123
 21
131.0054151538
  0
LINE
  5
874
100
AcDbEntity
  8
0
100
AcDbLine
 62
7
  6
CONTINUOUS
 10
88.0627460123
 20
124.2054151538
 11
88.6400962815
 21
125.2054151538
  0
LINE
  5
875
100
AcDbEntity
  8
RUNDUNGEN
100
AcDbLine
 62
9
  6
CONTINUOUS
 10
52.8924594982
 20
150.1226638384
 11
51.402934287
 21
150.7320568191
  0
LINE
  5
876
100
AcDbEntity
  8
RUNDUNGEN
100
AcDbLine
 62
9
  6
CONTINUOUS
 10
53.0396386798
 20
150.2752577111
 11
51.5998958376
 21
150.8642837816
  0
LINE
  5
877
100
AcDbEntity
  8
AUSFORMSCHRAEGEN
100
AcDbLine
 62
7
  6
CONTINUOUS
 10
52.0411877335
 20
151.1605379836
 11
53.3693932939
 21
150.617143928
  0
LINE
  5
878
100
AcDbEntity
  8
RUNDUNGEN
100
AcDbLine
 62
7
  6
CONTINUOUS
 10
57.1445177453
 20
150.8642837816
 11
56.7032258493
 21
151.1605379836
  0
LINE
  5
879
100
AcDbEntity
  8
0
100
AcDbLine
 62
7
  6
CONTINUOUS
 10
70.3233317914
 20
151.7256061807
 11
70.1399569663
 21
151.9553933873
  0
LINE
  5
87A
100
AcDbEntity
  8
0
100
AcDbLine
 62
7
  6
CONTINUOUS
 10
74.4492692914
 20
153.3341167345
 11
74.3575821412
 21
153.5639039412
  0
LINE
  5
87B
100
AcDbEntity
  8
0
100
AcDbLine
 62
7
  6
CONTINUOUS
 10
76.6497692914
 20
153.7936913624
 11
76.5580821412
 21
154.0234785691
  0
LINE
  5
87C
100
AcDbEntity
  8
0
100
AcDbLine
 62
7
  6
CONTINUOUS
 10
88.1627460123
 20
130.832210073
 11
88.1627460123
 21
124.3786202345
  0
LINE
  5
87D
100
AcDbEntity
  8
0
100
AcDbLine
 62
7
  6
CONTINUOUS
 10
89.0722067914
 20
123.6116700442
 11
89.0722067914
 21
125.6054151538
  0
LINE
  5
87E
100
AcDbEntity
  8
0
100
AcDbLine
 62
7
  6
CONTINUOUS
 10
89.0722067914
 20
129.6054151538
 11
89.0722067914
 21
133.5719551897
  0
LINE
  5
87F
100
AcDbEntity
  8
0
100
AcDbLine
 62
9
  6
CONTINUOUS
 10
89.1690466319
 20
125.6054151538
 11
89.1690466319
 21
129.6054151538
  0
LINE
  5
880
100
AcDbEntity
  8
0
100
AcDbLine
 62
3
  6
CONTINUOUS
 10
89.1927460123
 20
129.6054151538
 11
89.1927460123
 21
133.6954991419
  0
LINE
  5
881
100
AcDbEntity
  8
RUNDUNGEN
100
AcDbLine
 62
9
  6
CONTINUOUS
 10
89.402934287
 20
102.7320568191
 11
89.402934287
 21
104.4787734885
  0
LINE
  5
882
100
AcDbEntity
  8
RUNDUNGEN
100
AcDbLine
 62
9
  6
CONTINUOUS
 10
89.5998958376
 20
102.8642837816
 11
89.5998958376
 21
104.3465465259
  0
LINE
  5
883
100
AcDbEntity
  8
0
100
AcDbLine
 62
7
  6
CONTINUOUS
 10
89.6927460123
 20
129.6054151538
 11
89.6927460123
 21
133.6954991419
  0
LINE
  5
884
100
AcDbEntity
  8
AUSFORMSCHRAEGEN
100
AcDbLine
 62
7
  6
CONTINUOUS
 10
90.0411877335
 20
104.0502923239
 11
90.0411877335
 21
103.1605379836
  0
LINE
  5
885
100
AcDbEntity
  8
0
100
AcDbLine
 62
7
  6
CONTINUOUS
 10
90.1622067914
 20
129.6054151538
 11
90.1622067914
 21
134.1500823263
  0
LINE
  5
886
100
AcDbEntity
  8
0
100
AcDbLine
 62
7
  6
CONTINUOUS
 10
90.2927460123
 20
129.6054151538
 11
90.2927460123
 21
125.6054151538
  0
LINE
  5
887
100
AcDbEntity
  8
0
100
AcDbLine
 62
7
  6
CONTINUOUS
 10
75.8722067914
 20
142.0054151538
 11
70.8722067914
 21
142.0054151538
  0
LINE
  5
888
100
AcDbEntity
  8
4171
100
AcDbLine
 62
9
  6
CONTINUOUS
 10
70.7806913561
 20
142.2956650327
 11
71.1722067914
 21
142.2956650327
  0
LINE
  5
889
100
AcDbEntity
  8
4171
100
AcDbLine
 62
9
  6
CONTINUOUS
 10
75.5722067914
 20
142.2956650327
 11
75.9637222267
 21
142.2956650327
  0
LINE
  5
88A
100
AcDbEntity
  8
RUNDUNGEN
100
AcDbLine
 62
7
  6
CONTINUOUS
 10
74.7722067914
 20
142.467134721
 11
71.9722067914
 21
142.467134721
  0
LINE
  5
88B
100
AcDbEntity
  8
4171
100
AcDbLine
 62
9
  6
CONTINUOUS
 10
70.6749186304
 20
142.6311332599
 11
71.1722067914
 21
142.6311332599
  0
LINE
  5
88C
100
AcDbEntity
  8
4171
100
AcDbLine
 62
9
  6
CONTINUOUS
 10
75.5722067914
 20
142.6311332599
 11
76.0694949525
 21
142.6311332599
  0
LINE
  5
88D
100
AcDbEntity
  8
0
100
AcDbLine
 62
9
  6
CONTINUOUS
 10
75.1722067914
 20
142.8417413144
 11
71.5722067914
 21
142.8417413144
  0
LINE
  5
88E
100
AcDbEntity
  8
0
100
AcDbLine
 62
9
  6
CONTINUOUS
 10
75.1722067914
 20
144.031793273
 11
71.5722067914
 21
144.031793273
  0
LINE
  5
88F
100
AcDbEntity
  8
4171
100
AcDbLine
 62
9
  6
CONTINUOUS
 10
70.3722067914
 20
144.5086174945
 11
71.1722067914
 21
144.5086174945
  0
LINE
  5
890
100
AcDbEntity
  8
4171
100
AcDbLine
 62
9
  6
CONTINUOUS
 10
75.5722067914
 20
144.5086174945
 11
76.3722067914
 21
144.5086174945
  0
LINE
  5
891
100
AcDbEntity
  8
4171
100
AcDbLine
 62
7
  6
CONTINUOUS
 10
76.3722067914
 20
144.6054151538
 11
75.5722067914
 21
144.6054151538
  0
LINE
  5
892
100
AcDbEntity
  8
4171
100
AcDbLine
 62
7
  6
CONTINUOUS
 10
71.1722067914
 20
144.6054151538
 11
70.3722067914
 21
144.6054151538
  0
LINE
  5
893
100
AcDbEntity
  8
AUSFORMSCHRAEGEN
100
AcDbLine
 62
7
  6
CONTINUOUS
 10
56.7032258493
 20
152.0502923239
 11
55.3750202889
 21
152.5936863795
  0
LINE
  5
894
100
AcDbEntity
  8
RUNDUNGEN
100
AcDbLine
 62
9
  6
CONTINUOUS
 10
55.704774903
 20
152.9355725964
 11
57.1445177453
 21
152.3465465259
  0
LINE
  5
895
100
AcDbEntity
  8
RUNDUNGEN
100
AcDbLine
 62
9
  6
CONTINUOUS
 10
55.8519540847
 20
153.0881664691
 11
57.3414792959
 21
152.4787734885
  0
LINE
  5
896
100
AcDbEntity
  8
0
100
AcDbLine
 62
7
  6
CONTINUOUS
 10
69.7732067914
 20
151.572414656
 11
70.1399569663
 21
151.2660316869
  0
LINE
  5
897
100
AcDbEntity
  8
0
100
AcDbLine
 62
7
  6
CONTINUOUS
 10
67.939456704
 20
154.1766700402
 11
68.1228317914
 21
154.0234785691
  0
LINE
  5
898
100
AcDbEntity
  8
0
100
AcDbLine
 62
7
  6
CONTINUOUS
 10
68.6729567914
 20
154.0234785691
 11
68.3978942914
 21
154.3298615113
  0
LINE
  5
899
100
AcDbEntity
  8
0
100
AcDbLine
 62
7
  6
CONTINUOUS
 10
83.8014168191
 20
140.8296799045
 11
83.8512915674
 21
140.7658431377
  0
LINE
  5
89A
100
AcDbEntity
  8
RUNDUNGEN
100
AcDbLine
 62
3
  6
CONTINUOUS
 10
89.0443535398
 20
134.1264621747
 11
83.854898765
 21
140.7686613893
  0
LINE
  5
89B
100
AcDbEntity
  8
RUNDUNGEN
100
AcDbLine
 62
7
  6
CONTINUOUS
 10
89.4383589166
 20
134.4342929123
 11
84.2489041418
 21
141.076492127
  0
LINE
  5
89C
100
AcDbEntity
  8
FASEN
100
AcDbLine
 62
7
  6
CONTINUOUS
 10
89.3842135165
 20
134.6585875348
 11
84.2742232713
 21
141.1990767897
  0
LINE
  5
89D
100
AcDbEntity
  8
FASEN
100
AcDbLine
 62
7
  6
CONTINUOUS
 10
89.6116926268
 20
134.836313694
 11
84.5017023816
 21
141.376802949
  0
LINE
  5
89E
100
AcDbEntity
  8
0
100
AcDbLine
 62
7
  6
CONTINUOUS
 10
90.1622067914
 20
134.1500823263
 11
89.6206167426
 21
134.8432859774
  0
LINE
  5
89F
100
AcDbEntity
  8
0
100
AcDbLine
 62
7
  6
CONTINUOUS
 10
73.6240817914
 20
151.7256061807
 11
73.8991442914
 21
151.3426274225
  0
LINE
  5
8A0
100
AcDbEntity
  8
0
100
AcDbLine
 62
7
  6
CONTINUOUS
 10
76.9248317914
 20
152.2617763295
 11
76.7414564416
 21
152.568159379
  0
LINE
  5
8A1
100
AcDbEntity
  8
0
100
AcDbLine
 62
7
  6
CONTINUOUS
 10
76.0079571412
 20
153.9468828335
 11
76.0996442914
 21
153.7936913624
  0
LINE
  5
8A2
100
AcDbEntity
  8
0
100
AcDbLine
 62
7
  6
CONTINUOUS
 10
88.6400962815
 20
130.0054151538
 11
88.0627460123
 21
131.0054151538
  0
LINE
  5
8A3
100
AcDbEntity
  8
BOHRUNGEN
100
AcDbLine
 62
7
  6
CONTINUOUS
 10
92.3722067914
 20
104.6554151538
 11
92.3722067914
 21
102.5554151538
  0
LINE
  5
8A4
100
AcDbEntity
  8
BOHRUNGEN
100
AcDbLine
 62
7
  6
CENTER
 10
92.3722067914
 20
98.3554151538
 11
92.3722067914
 21
94.6054151538
  0
LINE
  5
8A5
100
AcDbEntity
  8
BOHRUNGEN
100
AcDbLine
 62
7
  6
CENTER
 10
92.3722067914
 20
108.8554151538
 11
92.3722067914
 21
112.6054151538
  0
LINE
  5
8A6
100
AcDbEntity
  8
RUNDUNGEN
100
AcDbLine
 62
7
  6
CONTINUOUS
 10
70.6353987341
 20
146.8444468777
 11
71.5059295264
 21
147.0871659884
  0
LINE
  5
8A7
100
AcDbEntity
  8
RUNDUNGEN
100
AcDbLine
 62
7
  6
CONTINUOUS
 10
65.8856446154
 20
146.3437357545
 11
67.7722067914
 21
146.3437357545
  0
LINE
  5
8A8
100
AcDbEntity
  8
RUNDUNGEN
100
AcDbLine
 62
7
  6
CONTINUOUS
 10
78.9722067914
 20
146.3437357545
 11
80.8587689674
 21
146.3437357545
  0
LINE
  5
8A9
100
AcDbEntity
  8
0
100
AcDbLine
 62
9
  6
CONTINUOUS
 10
75.1722067914
 20
147.257232347
 11
71.5722067914
 21
147.257232347
  0
LINE
  5
8AA
100
AcDbEntity
  8
RUNDUNGEN
100
AcDbLine
 62
9
  6
CONTINUOUS
 10
55.2027361339
 20
148.6861426493
 11
53.5416774489
 21
148.6861426493
  0
LINE
  5
8AB
100
AcDbEntity
  8
RUNDUNGEN
100
AcDbLine
 62
9
  6
CONTINUOUS
 10
55.0756083745
 20
148.8831041999
 11
53.6688052083
 21
148.8831041999
  0
LINE
  5
8AC
100
AcDbEntity
  8
RUNDUNGEN
100
AcDbLine
 62
7
  6
CONTINUOUS
 10
75.2384840565
 20
147.0871659884
 11
76.1090148487
 21
146.8444468777
  0
LINE
  5
8AD
100
AcDbEntity
  8
0
100
AcDbLine
 62
7
  6
CONTINUOUS
 10
70.1399569663
 20
151.2660316869
 11
70.5067066165
 21
151.1128401957
  0
LINE
  5
8AE
100
AcDbEntity
  8
0
100
AcDbLine
 62
7
  6
CONTINUOUS
 10
70.5983942914
 20
151.572414656
 11
70.3233317914
 21
151.7256061807
  0
LINE
  5
8AF
100
AcDbEntity
  8
RUNDUNGEN
100
AcDbLine
 62
9
  6
CONTINUOUS
 10
83.5890021912
 20
145.1611740915
 11
84.4548956951
 21
144.6612502439
  0
LINE
  5
8B0
100
AcDbEntity
  8
0
100
AcDbLine
 62
7
  6
CONTINUOUS
 10
68.3978942914
 20
154.3298615113
 11
68.0311443788
 21
154.5596487179
  0
LINE
  5
8B1
100
AcDbEntity
  8
0
100
AcDbLine
 62
7
  6
CONTINUOUS
 10
74.4492692914
 20
151.572414656
 11
74.1742067914
 21
151.8022019162
  0
LINE
  5
8B2
100
AcDbEntity
  8
0
100
AcDbLine
 62
7
  6
CONTINUOUS
 10
73.8991442914
 20
153.1809252634
 11
74.2658939416
 21
152.8745423212
  0
LINE
  5
8B3
100
AcDbEntity
  8
0
100
AcDbLine
 62
7
  6
CONTINUOUS
 10
76.5580821412
 20
154.0234785691
 11
76.2830196412
 21
154.3298615113
  0
LINE
  5
8B4
100
AcDbEntity
  8
0
100
AcDbLine
 62
7
  6
CONTINUOUS
 10
76.1913314416
 20
152.4149679079
 11
76.3747067914
 21
152.185180594
  0
LINE
  5
8B5
100
AcDbEntity
  8
AUSFORMSCHRAEGEN
100
AcDbLine
 62
7
  6
CONTINUOUS
 10
94.7032258493
 20
103.1605379836
 11
94.7032258493
 21
104.0502923239
  0
LINE
  5
8B6
100
AcDbEntity
  8
RUNDUNGEN
100
AcDbLine
 62
9
  6
CONTINUOUS
 10
95.1445177453
 20
104.3465465259
 11
95.1445177453
 21
102.8642837816
  0
LINE
  5
8B7
100
AcDbEntity
  8
RUNDUNGEN
100
AcDbLine
 62
9
  6
CONTINUOUS
 10
95.3414792959
 20
104.4787734885
 11
95.3414792959
 21
102.7320568191
  0
LINE
  5
8B8
100
AcDbEntity
  8
RUNDUNGEN
100
AcDbLine
 62
9
  6
CONTINUOUS
 10
90.8924594982
 20
105.0881664691
 11
91.5416774489
 21
106.5246876582
  0
LINE
  5
8B9
100
AcDbEntity
  8
0
100
AcDbLine
 62
7
  6
CONTINUOUS
 10
74.7243317914
 20
154.1000743046
 11
74.9993942914
 21
154.1766700402
  0
LINE
  5
8BA
100
AcDbEntity
  8
0
100
AcDbLine
 62
7
  6
CONTINUOUS
 10
75.9162689416
 20
151.572414656
 11
75.5495192914
 21
151.4958189204
  0
LINE
  5
8BB
100
AcDbEntity
  8
0
100
AcDbLine
 62
7
  6
CONTINUOUS
 10
71.6986442914
 20
151.572414656
 11
71.3318941165
 21
151.4958189204
  0
LINE
  5
8BC
100
AcDbEntity
  8
0
100
AcDbLine
 62
7
  6
CONTINUOUS
 10
75.5495192914
 20
151.0362444535
 11
76.0079571412
 21
151.1128401957
  0
LINE
  5
8BD
100
AcDbEntity
  8
0
100
AcDbLine
 62
7
  6
CONTINUOUS
 10
71.3318941165
 20
151.0362444535
 11
71.7903319663
 21
151.1128401957
  0
LINE
  5
8BE
100
AcDbEntity
  8
AUSFORMSCHRAEGEN
100
AcDbLine
 62
7
  6
CONTINUOUS
 10
53.9536346576
 20
149.3243960959
 11
54.7907789252
 21
149.3243960959
  0
LINE
  5
8BF
100
AcDbEntity
  8
0
100
AcDbLine
 62
7
  6
CONTINUOUS
 10
67.3722067914
 20
149.8362444535
 11
79.3722067914
 21
149.8362444535
  0
LINE
  5
8C0
100
AcDbEntity
  8
0
100
AcDbLine
 62
7
  6
CONTINUOUS
 10
65.3722067914
 20
151.0362444535
 11
65.9223317914
 21
151.0362444535
  0
LINE
  5
8C1
100
AcDbEntity
  8
0
100
AcDbLine
 62
7
  6
CONTINUOUS
 10
70.9651444663
 20
151.0362444535
 11
71.3318941165
 21
151.0362444535
  0
LINE
  5
8C2
100
AcDbEntity
  8
0
100
AcDbLine
 62
7
  6
CONTINUOUS
 10
74.8160189416
 20
151.0362444535
 11
75.5495192914
 21
151.0362444535
  0
LINE
  5
8C3
100
AcDbEntity
  8
0
100
AcDbLine
 62
7
  6
CONTINUOUS
 10
77.6583321412
 20
151.0362444535
 11
78.2084571412
 21
151.0362444535
  0
LINE
  5
8C4
100
AcDbEntity
  8
0
100
AcDbLine
 62
7
  6
CONTINUOUS
 10
80.7757067914
 20
151.0362444535
 11
81.3258317914
 21
151.0362444535
  0
LINE
  5
8C5
100
AcDbEntity
  8
0
100
AcDbLine
 62
7
  6
CONTINUOUS
 10
75.5495192914
 20
151.4958189204
 11
74.8160189416
 21
151.4958189204
  0
LINE
  5
8C6
100
AcDbEntity
  8
0
100
AcDbLine
 62
7
  6
CONTINUOUS
 10
71.3318941165
 20
151.4958189204
 11
70.9651444663
 21
151.4958189204
  0
LINE
  5
8C7
100
AcDbEntity
  8
BEZUGSACHSEN
100
AcDbLine
 62
7
  6
CONTINUOUS
 10
55.4222067914
 20
151.6054151538
 11
53.3222067914
 21
151.6054151538
  0
LINE
  5
8C8
100
AcDbEntity
  8
BEZUGSACHSEN
100
AcDbLine
 62
7
  6
CENTER
 10
49.1222067914
 20
151.6054151538
 11
47.8722067914
 21
151.6054151538
  0
LINE
  5
8C9
100
AcDbEntity
  8
BEZUGSACHSEN
100
AcDbLine
 62
7
  6
CENTER
 10
59.6222067914
 20
151.6054151538
 11
60.8722067914
 21
151.6054151538
  0
LINE
  5
8CA
100
AcDbEntity
  8
0
100
AcDbLine
 62
7
  6
CONTINUOUS
 10
74.0825191165
 20
152.0319891229
 11
73.5323941165
 21
152.0319891229
  0
LINE
  5
8CB
100
AcDbEntity
  8
0
100
AcDbLine
 62
7
  6
CONTINUOUS
 10
65.9223317914
 20
152.6447551146
 11
67.5727067914
 21
152.6447551146
  0
LINE
  5
8CC
100
AcDbEntity
  8
0
100
AcDbLine
 62
7
  6
CONTINUOUS
 10
74.9993942914
 20
152.6447551146
 11
75.5495192914
 21
152.6447551146
  0
LINE
  5
8CD
100
AcDbEntity
  8
0
100
AcDbLine
 62
7
  6
CONTINUOUS
 10
78.2084571412
 20
152.7213508501
 11
80.7757067914
 21
152.7213508501
  0
LINE
  5
8CE
100
AcDbEntity
  8
0
100
AcDbLine
 62
7
  6
CONTINUOUS
 10
70.5067066165
 20
151.1128401957
 11
70.9651444663
 21
151.0362444535
  0
LINE
  5
8CF
100
AcDbEntity
  8
0
100
AcDbLine
 62
7
  6
CONTINUOUS
 10
74.3575821412
 20
151.1128401957
 11
74.8160189416
 21
151.0362444535
  0
LINE
  5
8D0
100
AcDbEntity
  8
0
100
AcDbLine
 62
7
  6
CONTINUOUS
 10
70.9651444663
 20
151.4958189204
 11
70.5983942914
 21
151.572414656
  0
LINE
  5
8D1
100
AcDbEntity
  8
0
100
AcDbLine
 62
7
  6
CONTINUOUS
 10
74.8160189416
 20
151.4958189204
 11
74.4492692914
 21
151.572414656
  0
LINE
  5
8D2
100
AcDbEntity
  8
0
100
AcDbLine
 62
7
  6
CONTINUOUS
 10
74.6326446412
 20
152.7213508501
 11
74.9993942914
 21
152.6447551146
  0
LINE
  5
8D3
100
AcDbEntity
  8
0
100
AcDbLine
 62
7
  6
CONTINUOUS
 10
75.5495192914
 20
152.6447551146
 11
75.9162689416
 21
152.568159379
  0
LINE
  5
8D4
100
AcDbEntity
  8
0
100
AcDbLine
 62
7
  6
CONTINUOUS
 10
67.664394204
 20
154.2532657757
 11
67.939456704
 21
154.1766700402
  0
LINE
  5
8D5
100
AcDbEntity
  8
0
100
AcDbLine
 62
7
  6
CONTINUOUS
 10
74.2658939416
 20
152.8745423212
 11
74.6326446412
 21
152.7213508501
  0
LINE
  5
8D6
100
AcDbEntity
  8
0
100
AcDbLine
 62
7
  6
CONTINUOUS
 10
76.3747067914
 20
152.8745423212
 11
76.0079571412
 21
153.0277337923
  0
LINE
  5
8D7
100
AcDbEntity
  8
0
100
AcDbLine
 62
7
  6
CONTINUOUS
 10
73.8991442914
 20
151.3426274225
 11
74.3575821412
 21
151.1128401957
  0
LINE
  5
8D8
100
AcDbEntity
  8
0
100
AcDbLine
 62
7
  6
CONTINUOUS
 10
74.7243317914
 20
153.1809252634
 11
74.4492692914
 21
153.3341167345
  0
LINE
  5
8D9
100
AcDbEntity
  8
0
100
AcDbLine
 62
7
  6
CONTINUOUS
 10
75.9162689416
 20
152.568159379
 11
76.1913314416
 21
152.4149679079
  0
LINE
  5
8DA
100
AcDbEntity
  8
RUNDUNGEN
100
AcDbLine
 62
9
  6
CONTINUOUS
 10
84.6500399004
 20
146.9989453126
 11
85.5159334043
 21
146.499021465
  0
LINE
  5
8DB
100
AcDbEntity
  8
0
100
AcDbLine
 62
7
  6
CONTINUOUS
 10
76.2830196412
 20
154.3298615113
 11
75.9162689416
 21
154.5596487179
  0
LINE
  5
8DC
100
AcDbEntity
  8
0
100
AcDbLine
 62
7
  6
CONTINUOUS
 10
76.7414564416
 20
152.568159379
 11
76.3747067914
 21
152.8745423212
  0
LINE
  5
8DD
100
AcDbEntity
  8
0
100
AcDbLine
 62
7
  6
CONTINUOUS
 10
75.8245817914
 20
154.1000743046
 11
76.0079571412
 21
153.9468828335
  0
LINE
  5
8DE
100
AcDbEntity
  8
RUNDUNGEN
100
AcDbLine
 62
9
  6
CONTINUOUS
 10
91.0396386798
 20
104.9355725964
 11
91.6688052083
 21
106.3277261076
  0
LINE
  5
8DF
100
AcDbEntity
  8
AUSFORMSCHRAEGEN
100
AcDbLine
 62
7
  6
CONTINUOUS
 10
91.9536346576
 20
105.8864342116
 11
91.3693932939
 21
104.5936863795
  0
LINE
  5
8E0
100
AcDbEntity
  8
AUSFORMSCHRAEGEN
100
AcDbLine
 62
7
  6
CONTINUOUS
 10
92.7907789252
 20
101.3243960959
 11
93.3750202889
 21
102.617143928
  0
LINE
  5
8E1
100
AcDbEntity
  8
RUNDUNGEN
100
AcDbLine
 62
7
  6
CONTINUOUS
 10
93.0756083745
 20
106.3277261076
 11
92.7907789252
 21
105.8864342116
  0
LINE
  5
8E2
100
AcDbEntity
  8
RUNDUNGEN
100
AcDbLine
 62
7
  6
CONTINUOUS
 10
89.5998958376
 20
102.8642837816
 11
90.0411877335
 21
103.1605379836
  0
LINE
  5
8E3
100
AcDbEntity
  8
RUNDUNGEN
100
AcDbLine
 62
9
  6
CONTINUOUS
 10
89.402934287
 20
104.4787734885
 11
90.8924594982
 21
105.0881664691
  0
LINE
  5
8E4
100
AcDbEntity
  8
RUNDUNGEN
100
AcDbLine
 62
9
  6
CONTINUOUS
 10
89.5998958376
 20
104.3465465259
 11
91.0396386798
 21
104.9355725964
  0
LINE
  5
8E5
100
AcDbEntity
  8
AUSFORMSCHRAEGEN
100
AcDbLine
 62
7
  6
CONTINUOUS
 10
91.3693932939
 20
104.5936863795
 11
90.0411877335
 21
104.0502923239
  0
LINE
  5
8E6
100
AcDbEntity
  8
0
100
AcDbLine
 62
7
  6
CONTINUOUS
 10
67.939456704
 20
153.1809252634
 11
67.664394204
 21
153.1043295279
  0
LINE
  5
8E7
100
AcDbEntity
  8
0
100
AcDbLine
 62
7
  6
CONTINUOUS
 10
74.9993942914
 20
154.6362444535
 11
74.6326446412
 21
154.5596487179
  0
LINE
  5
8E8
100
AcDbEntity
  8
0
100
AcDbLine
 62
7
  6
CONTINUOUS
 10
67.5727067914
 20
152.6447551146
 11
68.0311443788
 21
152.7213508501
  0
LINE
  5
8E9
100
AcDbEntity
  8
0
100
AcDbLine
 62
7
  6
CONTINUOUS
 10
75.5495192914
 20
153.1043295279
 11
74.9993942914
 21
153.1043295279
  0
LINE
  5
8EA
100
AcDbEntity
  8
0
100
AcDbLine
 62
7
  6
CONTINUOUS
 10
67.664394204
 20
153.1043295279
 11
65.9223317914
 21
153.1043295279
  0
LINE
  5
8EB
100
AcDbEntity
  8
0
100
AcDbLine
 62
7
  6
CONTINUOUS
 10
80.7757067914
 20
153.1809252634
 11
78.2084571412
 21
153.1809252634
  0
LINE
  5
8EC
100
AcDbEntity
  8
0
100
AcDbLine
 62
7
  6
CONTINUOUS
 10
76.0996442914
 20
153.7936913624
 11
76.6497692914
 21
153.7936913624
  0
LINE
  5
8ED
100
AcDbEntity
  8
0
100
AcDbLine
 62
9
  6
CONTINUOUS
 10
83.3722067914
 20
153.8362444535
 11
82.5722067914
 21
153.8362444535
  0
LINE
  5
8EE
100
AcDbEntity
  8
0
100
AcDbLine
 62
9
  6
CONTINUOUS
 10
63.3722067914
 20
153.8362444535
 11
64.1722067914
 21
153.8362444535
  0
LINE
  5
8EF
100
AcDbEntity
  8
AUSFORMSCHRAEGEN
100
AcDbLine
 62
7
  6
CONTINUOUS
 10
54.7907789252
 20
153.8864342116
 11
53.9536346576
 21
153.8864342116
  0
LINE
  5
8F0
100
AcDbEntity
  8
0
100
AcDbLine
 62
7
  6
CONTINUOUS
 10
74.9993942914
 20
154.1766700402
 11
75.5495192914
 21
154.1766700402
  0
LINE
  5
8F1
100
AcDbEntity
  8
0
100
AcDbLine
 62
7
  6
CONTINUOUS
 10
65.9223317914
 20
154.2532657757
 11
67.664394204
 21
154.2532657757
  0
LINE
  5
8F2
100
AcDbEntity
  8
RUNDUNGEN
100
AcDbLine
 62
9
  6
CONTINUOUS
 10
53.6688052083
 20
154.3277261076
 11
55.0756083745
 21
154.3277261076
  0
LINE
  5
8F3
100
AcDbEntity
  8
RUNDUNGEN
100
AcDbLine
 62
9
  6
CONTINUOUS
 10
53.5416774489
 20
154.5246876582
 11
55.2027361339
 21
154.5246876582
  0
LINE
  5
8F4
100
AcDbEntity
  8
0
100
AcDbLine
 62
7
  6
CONTINUOUS
 10
81.3258317914
 20
154.6362444535
 11
80.7757067914
 21
154.6362444535
  0
LINE
  5
8F5
100
AcDbEntity
  8
0
100
AcDbLine
 62
7
  6
CONTINUOUS
 10
78.2084571412
 20
154.6362444535
 11
77.6583321412
 21
154.6362444535
  0
LINE
  5
8F6
100
AcDbEntity
  8
0
100
AcDbLine
 62
7
  6
CONTINUOUS
 10
75.4578321412
 20
154.6362444535
 11
74.9993942914
 21
154.6362444535
  0
LINE
  5
8F7
100
AcDbEntity
  8
0
100
AcDbLine
 62
7
  6
CONTINUOUS
 10
72.7988942914
 20
154.6362444535
 11
72.2487692914
 21
154.6362444535
  0
LINE
  5
8F8
100
AcDbEntity
  8
0
100
AcDbLine
 62
7
  6
CONTINUOUS
 10
70.0482692914
 20
154.6362444535
 11
69.4981442914
 21
154.6362444535
  0
LINE
  5
8F9
100
AcDbEntity
  8
0
100
AcDbLine
 62
7
  6
CONTINUOUS
 10
67.5727067914
 20
154.6362444535
 11
65.3722067914
 21
154.6362444535
  0
LINE
  5
8FA
100
AcDbEntity
  8
0
100
AcDbLine
 62
9
  6
CONTINUOUS
 10
83.3722067914
 20
155.4686414277
 11
82.5722067914
 21
155.4686414277
  0
LINE
  5
8FB
100
AcDbEntity
  8
0
100
AcDbLine
 62
9
  6
CONTINUOUS
 10
63.3722067914
 20
155.4686414277
 11
64.1722067914
 21
155.4686414277
  0
LINE
  5
8FC
100
AcDbEntity
  8
0
100
AcDbLine
 62
7
  6
CONTINUOUS
 10
76.0079571412
 20
153.0277337923
 11
75.5495192914
 21
153.1043295279
  0
LINE
  5
8FD
100
AcDbEntity
  8
0
100
AcDbLine
 62
7
  6
CONTINUOUS
 10
68.0311443788
 20
154.5596487179
 11
67.5727067914
 21
154.6362444535
  0
LINE
  5
8FE
100
AcDbEntity
  8
0
100
AcDbLine
 62
7
  6
CONTINUOUS
 10
75.9162689416
 20
154.5596487179
 11
75.4578321412
 21
154.6362444535
  0
LINE
  5
8FF
100
AcDbEntity
  8
0
100
AcDbLine
 62
7
  6
CONTINUOUS
 10
74.9993942914
 20
153.1043295279
 11
74.7243317914
 21
153.1809252634
  0
LINE
  5
900
100
AcDbEntity
  8
0
100
AcDbLine
 62
7
  6
CONTINUOUS
 10
75.5495192914
 20
154.1766700402
 11
75.8245817914
 21
154.1000743046
  0
LINE
  5
901
100
AcDbEntity
  8
0
100
AcDbLine
 62
7
  6
CONTINUOUS
 10
72.20064942
 20
157.9029710726
 11
72.6382034674
 21
157.6503491255
  0
LINE
  5
902
100
AcDbEntity
  8
0
100
AcDbLine
 62
7
  6
CONTINUOUS
 10
73.8995301377
 20
156.9221218329
 11
74.5309938386
 21
156.5575460952
  0
LINE
  5
903
100
AcDbEntity
  8
0
100
AcDbLine
 62
7
  6
CONTINUOUS
 10
74.5437641629
 20
157.0312983694
 11
74.107863471
 21
157.2829657511
  0
LINE
  5
904
100
AcDbEntity
  8
0
100
AcDbLine
 62
7
  6
CONTINUOUS
 10
72.8465368008
 20
158.0111930437
 11
72.2134197442
 21
158.3767233468
  0
LINE
  5
905
100
AcDbEntity
  8
RUNDUNGEN
100
AcDbLine
 62
9
  6
CONTINUOUS
 10
93.704774903
 20
102.2752577111
 11
93.0756083745
 21
100.8831041999
  0
LINE
  5
906
100
AcDbEntity
  8
RUNDUNGEN
100
AcDbLine
 62
9
  6
CONTINUOUS
 10
93.8519540847
 20
102.1226638384
 11
93.2027361339
 21
100.6861426493
  0
LINE
  5
907
100
AcDbEntity
  8
RUNDUNGEN
100
AcDbLine
 62
7
  6
CONTINUOUS
 10
91.6688052083
 20
100.8831041999
 11
91.9536346576
 21
101.3243960959
  0
LINE
  5
908
100
AcDbEntity
  8
RUNDUNGEN
100
AcDbLine
 62
7
  6
CONTINUOUS
 10
91.0396386798
 20
102.2752577111
 11
91.3693932939
 21
102.617143928
  0
LINE
  5
909
100
AcDbEntity
  8
RUNDUNGEN
100
AcDbLine
 62
7
  6
CONTINUOUS
 10
93.704774903
 20
104.9355725964
 11
93.3750202889
 21
104.5936863795
  0
LINE
  5
90A
100
AcDbEntity
  8
RUNDUNGEN
100
AcDbLine
 62
7
  6
CONTINUOUS
 10
95.1445177453
 20
104.3465465259
 11
94.7032258493
 21
104.0502923239
  0
LINE
  5
90B
100
AcDbEntity
  8
AUSFORMSCHRAEGEN
100
AcDbLine
 62
7
  6
CONTINUOUS
 10
93.3750202889
 20
102.617143928
 11
94.7032258493
 21
103.1605379836
  0
LINE
  5
90C
100
AcDbEntity
  8
RUNDUNGEN
100
AcDbLine
 62
9
  6
CONTINUOUS
 10
95.1445177453
 20
102.8642837816
 11
93.704774903
 21
102.2752577111
  0
LINE
  5
90D
100
AcDbEntity
  8
RUNDUNGEN
100
AcDbLine
 62
9
  6
CONTINUOUS
 10
95.3414792959
 20
102.7320568191
 11
93.8519540847
 21
102.1226638384
  0
LINE
  5
90E
100
AcDbEntity
  8
0
100
AcDbLine
 62
7
  6
CONTINUOUS
 10
163.0700511624
 20
86.4568828172
 11
168.0700511624
 21
86.4568828172
  0
LINE
  5
90F
100
AcDbEntity
  8
FASEN
100
AcDbLine
 62
7
  6
CONTINUOUS
 10
120.4700511624
 20
152.1054151538
 11
120.0700511624
 21
151.7054151538
  0
LINE
  5
910
100
AcDbEntity
  8
0
100
AcDbLine
 62
7
  6
CONTINUOUS
 10
163.0700511624
 20
88.1379608813
 11
168.0700511624
 21
88.1379608813
  0
LINE
  5
911
100
AcDbEntity
  8
RUNDUNGEN
100
AcDbLine
 62
7
  6
CONTINUOUS
 10
159.569442175
 20
96.6228542722
 11
162.2979707598
 21
96.71813659
  0
LINE
  5
912
100
AcDbEntity
  8
0
100
AcDbLine
 62
7
  6
CONTINUOUS
 10
159.5700511624
 20
96.6054151538
 11
159.0700511624
 21
96.6054151538
  0
LINE
  5
913
100
AcDbEntity
  8
FASEN
100
AcDbLine
 62
7
  6
CONTINUOUS
 10
134.1700511624
 20
99.0054151538
 11
134.5700511624
 21
98.6054151538
  0
LINE
  5
914
100
AcDbEntity
  8
FASEN
100
AcDbLine
 62
7
  6
CONTINUOUS
 10
120.0700511624
 20
149.5057940524
 11
120.0700511624
 21
151.7050362551
  0
LINE
  5
915
100
AcDbEntity
  8
FASEN
100
AcDbLine
 62
7
  6
CONTINUOUS
 10
120.4700511624
 20
149.1054151538
 11
120.4700511624
 21
152.1054151538
  0
LINE
  5
916
100
AcDbEntity
  8
0
100
AcDbLine
 62
7
  6
CONTINUOUS
 10
120.6700511624
 20
136.6054151538
 11
120.6700511624
 21
137.2054151538
  0
LINE
  5
917
100
AcDbEntity
  8
0
100
AcDbLine
 62
7
  6
CONTINUOUS
 10
121.0756115245
 20
132.0854151538
 11
121.0756115245
 21
131.4854151538
  0
LINE
  5
918
100
AcDbEntity
  8
0
100
AcDbLine
 62
9
  6
CONTINUOUS
 10
121.1700511624
 20
137.2054151538
 11
121.1700511624
 21
136.6054151538
  0
LINE
  5
919
100
AcDbEntity
  8
0
100
AcDbLine
 62
9
  6
CONTINUOUS
 10
121.5756115245
 20
132.0854151538
 11
121.5756115245
 21
131.4854151538
  0
LINE
  5
91A
100
AcDbEntity
  8
0
100
AcDbLine
 62
7
  6
CONTINUOUS
 10
157.0700511624
 20
98.5926130151
 11
147.0700511624
 21
98.5926130151
  0
LINE
  5
91B
100
AcDbEntity
  8
FASEN
100
AcDbLine
 62
7
  6
CONTINUOUS
 10
154.5496722638
 20
98.6054151538
 11
152.3504300611
 21
98.6054151538
  0
LINE
  5
91C
100
AcDbEntity
  8
FASEN
100
AcDbLine
 62
7
  6
CONTINUOUS
 10
136.7696722638
 20
98.6054151538
 11
134.5704300611
 21
98.6054151538
  0
LINE
  5
91D
100
AcDbEntity
  8
BEZUGSACHSEN
100
AcDbLine
 62
7
  6
CONTINUOUS
 10
157.0700511624
 20
98.6054151538
 11
159.0700511624
 21
98.6054151538
  0
LINE
  5
91E
100
AcDbEntity
  8
FASEN
100
AcDbLine
 62
7
  6
CONTINUOUS
 10
154.9500511624
 20
99.0054151538
 11
151.9500511624
 21
99.0054151538
  0
LINE
  5
91F
100
AcDbEntity
  8
FASEN
100
AcDbLine
 62
7
  6
CONTINUOUS
 10
137.1700511624
 20
99.0054151538
 11
134.1700511624
 21
99.0054151538
  0
LINE
  5
920
100
AcDbEntity
  8
0
100
AcDbLine
 62
9
  6
CONTINUOUS
 10
157.0700511624
 20
100.827637376
 11
159.0700511624
 21
100.827637376
  0
LINE
  5
921
100
AcDbEntity
  8
0
100
AcDbLine
 62
9
  6
CONTINUOUS
 10
123.3260242853
 20
107.8554151538
 11
123.3260242853
 21
107.3554151538
  0
LINE
  5
922
100
AcDbEntity
  8
0
100
AcDbLine
 62
9
  6
CONTINUOUS
 10
123.3260242853
 20
106.2554151538
 11
123.3260242853
 21
106.7554151538
  0
LINE
  5
923
100
AcDbEntity
  8
RUNDUNGEN
100
AcDbLine
 62
7
  6
CONTINUOUS
 10
123.3481483258
 20
106.2554151538
 11
123.3481483258
 21
106.2054151538
  0
LINE
  5
924
100
AcDbEntity
  8
FASEN
100
AcDbLine
 62
7
  6
CONTINUOUS
 10
123.6700511624
 20
126.5057940524
 11
123.6700511624
 21
128.7050362551
  0
LINE
  5
925
100
AcDbEntity
  8
FASEN
100
AcDbLine
 62
7
  6
CONTINUOUS
 10
124.0700511624
 20
126.1054151538
 11
124.0700511624
 21
129.1054151538
  0
LINE
  5
926
100
AcDbEntity
  8
RUNDUNGEN
100
AcDbLine
 62
9
  6
CONTINUOUS
 10
124.1481483258
 20
106.7054151538
 11
124.1481483258
 21
106.2054151538
  0
LINE
  5
927
100
AcDbEntity
  8
0
100
AcDbLine
 62
7
  6
CONTINUOUS
 10
157.0700511624
 20
101.0220555834
 11
159.0700511624
 21
101.0220555834
  0
LINE
  5
928
100
AcDbEntity
  8
0
100
AcDbLine
 62
7
  6
CONTINUOUS
 10
133.170296621
 20
102.6054151538
 11
138.1698057039
 21
102.6054151538
  0
LINE
  5
929
100
AcDbEntity
  8
0
100
AcDbLine
 62
7
  6
CONTINUOUS
 10
150.950296621
 20
102.6054151538
 11
155.9498057039
 21
102.6054151538
  0
LINE
  5
92A
100
AcDbEntity
  8
BEZUGSACHSEN
100
AcDbLine
 62
7
  6
CONTINUOUS
 10
157.0700511624
 20
102.6054151538
 11
159.0700511624
 21
102.6054151538
  0
LINE
  5
92B
100
AcDbEntity
  8
0
100
AcDbLine
 62
9
  6
CONTINUOUS
 10
157.0700511624
 20
102.8846542642
 11
155.9500511624
 21
102.8846542642
  0
LINE
  5
92C
100
AcDbEntity
  8
0
100
AcDbLine
 62
9
  6
CONTINUOUS
 10
150.9500511624
 20
102.8846542642
 11
147.0700511624
 21
102.8846542642
  0
LINE
  5
92D
100
AcDbEntity
  8
0
100
AcDbLine
 62
9
  6
CONTINUOUS
 10
159.5700511624
 20
103.6054151538
 11
159.0700511624
 21
103.6054151538
  0
LINE
  5
92E
100
AcDbEntity
  8
0
100
AcDbLine
 62
7
  6
CONTINUOUS
 10
157.0700511624
 20
103.6054151538
 11
155.3369533857
 21
103.6054151538
  0
LINE
  5
92F
100
AcDbEntity
  8
0
100
AcDbLine
 62
7
  6
CONTINUOUS
 10
151.5631489392
 20
103.6054151538
 11
126.6700511624
 21
103.6054151538
  0
LINE
  5
930
100
AcDbEntity
  8
RUNDUNGEN
100
AcDbLine
 62
9
  6
CONTINUOUS
 10
159.0700511624
 20
103.6054151538
 11
163.0700511624
 21
103.6054151538
  0
LINE
  5
931
100
AcDbEntity
  8
0
100
AcDbLine
 62
7
  6
CONTINUOUS
 10
126.6700511624
 20
103.6054151538
 11
126.6700511624
 21
106.2054151538
  0
LINE
  5
932
100
AcDbEntity
  8
0
100
AcDbLine
 62
7
  6
CONTINUOUS
 10
126.6700511624
 20
106.7554151538
 11
126.6700511624
 21
107.3554151538
  0
LINE
  5
933
100
AcDbEntity
  8
0
100
AcDbLine
 62
7
  6
CONTINUOUS
 10
126.6700511624
 20
107.8554151538
 11
126.6700511624
 21
109.0054151538
  0
LINE
  5
934
100
AcDbEntity
  8
FASEN
100
AcDbLine
 62
7
  6
CONTINUOUS
 10
126.6700511624
 20
125.105802347
 11
126.6700511624
 21
130.1050279605
  0
LINE
  5
935
100
AcDbEntity
  8
0
100
AcDbLine
 62
7
  6
CONTINUOUS
 10
126.6700511624
 20
144.3437357545
 11
126.6700511624
 21
149.1054151538
  0
LINE
  5
936
100
AcDbEntity
  8
FASEN
100
AcDbLine
 62
7
  6
CONTINUOUS
 10
127.5360765662
 20
124.6054151538
 11
127.5360765662
 21
130.6054151538
  0
LINE
  5
937
100
AcDbEntity
  8
0
100
AcDbLine
 62
9
  6
CONTINUOUS
 10
128.1553561305
 20
132.0854151538
 11
128.1553561305
 21
131.4854151538
  0
LINE
  5
938
100
AcDbEntity
  8
0
100
AcDbLine
 62
7
  6
CONTINUOUS
 10
157.0700511624
 20
105.2554151538
 11
126.6700511624
 21
105.2554151538
  0
LINE
  5
939
100
AcDbEntity
  8
0
100
AcDbLine
 62
7
  6
CONTINUOUS
 10
157.0700511624
 20
105.5654514514
 11
158.7820349039
 21
105.5654514514
  0
LINE
  5
93A
100
AcDbEntity
  8
0
100
AcDbLine
 62
3
  6
CONTINUOUS
 10
135.7700511624
 20
106.2054151538
 11
124.1481483258
 21
106.2054151538
  0
LINE
  5
93B
100
AcDbEntity
  8
RUNDUNGEN
100
AcDbLine
 62
3
  6
CONTINUOUS
 10
123.3481483258
 20
106.2054151538
 11
124.1481483258
 21
106.2054151538
  0
LINE
  5
93C
100
AcDbEntity
  8
0
100
AcDbLine
 62
7
  6
CONTINUOUS
 10
123.3260242853
 20
106.2554151538
 11
157.4700511624
 21
106.2554151538
  0
LINE
  5
93D
100
AcDbEntity
  8
0
100
AcDbLine
 62
7
  6
CONTINUOUS
 10
135.7700511624
 20
106.7054151538
 11
124.1481483258
 21
106.7054151538
  0
LINE
  5
93E
100
AcDbEntity
  8
0
100
AcDbLine
 62
3
  6
CONTINUOUS
 10
123.3260242853
 20
106.7554151538
 11
157.4700511624
 21
106.7554151538
  0
LINE
  5
93F
100
AcDbEntity
  8
0
100
AcDbLine
 62
9
  6
CONTINUOUS
 10
122.5260242853
 20
107.0554151538
 11
123.0260242853
 21
107.0554151538
  0
LINE
  5
940
100
AcDbEntity
  8
0
100
AcDbLine
 62
9
  6
CONTINUOUS
 10
136.2700511624
 20
107.2054151538
 11
136.7700511624
 21
107.2054151538
  0
LINE
  5
941
100
AcDbEntity
  8
0
100
AcDbLine
 62
3
  6
CONTINUOUS
 10
135.8981484892
 20
107.3554151538
 11
123.3260242853
 21
107.3554151538
  0
LINE
  5
942
100
AcDbEntity
  8
0
100
AcDbLine
 62
7
  6
CONTINUOUS
 10
129.8594295203
 20
136.6054151538
 11
129.8594295203
 21
137.2054151538
  0
LINE
  5
943
100
AcDbEntity
  8
0
100
AcDbLine
 62
7
  6
CONTINUOUS
 10
130.8594295203
 20
136.6054151538
 11
130.8594295203
 21
137.2054151538
  0
LINE
  5
944
100
AcDbEntity
  8
0
100
AcDbLine
 62
7
  6
CONTINUOUS
 10
131.0088078781
 20
137.2054151538
 11
131.0088078781
 21
136.6054151538
  0
LINE
  5
945
100
AcDbEntity
  8
0
100
AcDbLine
 62
7
  6
CONTINUOUS
 10
131.0700511624
 20
144.3437357545
 11
131.0700511624
 21
130.6054151538
  0
LINE
  5
946
100
AcDbEntity
  8
0
100
AcDbLine
 62
7
  6
CONTINUOUS
 10
126.6700511624
 20
109.0054151538
 11
129.9859335245
 21
124.6054151538
  0
LINE
  5
947
100
AcDbEntity
  8
FASEN
100
AcDbLine
 62
7
  6
CONTINUOUS
 10
124.0700511624
 20
129.1054151538
 11
123.6700511624
 21
128.7054151538
  0
LINE
  5
948
100
AcDbEntity
  8
0
100
AcDbLine
 62
7
  6
CONTINUOUS
 10
128.8373544906
 20
132.3540614521
 11
131.0700511624
 21
134.4360847814
  0
LINE
  5
949
100
AcDbEntity
  8
0
100
AcDbLine
 62
3
  6
CONTINUOUS
 10
129.2465535066
 20
131.9152492312
 11
131.0700511624
 21
133.6156883048
  0
LINE
  5
94A
100
AcDbEntity
  8
0
100
AcDbLine
 62
7
  6
CONTINUOUS
 10
157.0700511624
 20
107.7554151538
 11
136.7700511624
 21
107.7554151538
  0
LINE
  5
94B
100
AcDbEntity
  8
0
100
AcDbLine
 62
7
  6
CONTINUOUS
 10
136.2700511624
 20
107.7554151538
 11
135.8981484892
 21
107.7554151538
  0
LINE
  5
94C
100
AcDbEntity
  8
0
100
AcDbLine
 62
7
  6
CONTINUOUS
 10
135.8981484892
 20
107.8554151538
 11
123.3260242853
 21
107.8554151538
  0
LINE
  5
94D
100
AcDbEntity
  8
0
100
AcDbLine
 62
7
  6
CONTINUOUS
 10
157.0700511624
 20
107.863074867
 11
136.7700511624
 21
107.863074867
  0
LINE
  5
94E
100
AcDbEntity
  8
0
100
AcDbLine
 62
7
  6
CONTINUOUS
 10
136.2700511624
 20
107.863074867
 11
135.8981484892
 21
107.863074867
  0
LINE
  5
94F
100
AcDbEntity
  8
0
100
AcDbLine
 62
7
  6
CONTINUOUS
 10
136.8700511624
 20
108.2343026405
 11
136.7700511624
 21
108.2343026405
  0
LINE
  5
950
100
AcDbEntity
  8
0
100
AcDbLine
 62
7
  6
CONTINUOUS
 10
136.2700511624
 20
108.2343026405
 11
133.8700511624
 21
108.2343026405
  0
LINE
  5
951
100
AcDbEntity
  8
0
100
AcDbLine
 62
7
  6
CONTINUOUS
 10
136.8700511624
 20
109.3571275629
 11
133.8700511624
 21
109.3571275629
  0
LINE
  5
952
100
AcDbEntity
  8
FASEN
100
AcDbLine
 62
7
  6
CONTINUOUS
 10
124.0700511624
 20
126.1054151538
 11
123.6700511624
 21
126.5054151538
  0
LINE
  5
953
100
AcDbEntity
  8
FASEN
100
AcDbLine
 62
7
  6
CONTINUOUS
 10
151.9500511624
 20
99.0054151538
 11
152.3500511624
 21
98.6054151538
  0
LINE
  5
954
100
AcDbEntity
  8
0
100
AcDbLine
 62
7
  6
CONTINUOUS
 10
133.1700511624
 20
103.6054151538
 11
133.1700511624
 21
102.6054151538
  0
LINE
  5
955
100
AcDbEntity
  8
0
100
AcDbLine
 62
7
  6
CONTINUOUS
 10
133.8700511624
 20
107.863074867
 11
133.8700511624
 21
113.4054151538
  0
LINE
  5
956
100
AcDbEntity
  8
BEZUGSACHSEN
100
AcDbLine
 62
7
  6
CONTINUOUS
 10
134.1700511624
 20
102.6054151538
 11
134.1700511624
 21
99.0054151538
  0
LINE
  5
957
100
AcDbEntity
  8
0
100
AcDbLine
 62
9
  6
CONTINUOUS
 10
135.0981484892
 20
107.3554151538
 11
135.0981484892
 21
107.8554151538
  0
LINE
  5
958
100
AcDbEntity
  8
0
100
AcDbLine
 62
9
  6
CONTINUOUS
 10
135.5300511624
 20
117.126459797
 11
135.5300511624
 21
117.626459797
  0
LINE
  5
959
100
AcDbEntity
  8
0
100
AcDbLine
 62
7
  6
CONTINUOUS
 10
135.6300511624
 20
117.626459797
 11
135.6300511624
 21
117.126459797
  0
LINE
  5
95A
100
AcDbEntity
  8
FASEN
100
AcDbLine
 62
7
  6
CONTINUOUS
 10
127.5360765662
 20
130.6054151538
 11
126.6700511624
 21
130.1054151538
  0
LINE
  5
95B
100
AcDbEntity
  8
RUNDUNGEN
100
AcDbLine
 62
7
  6
CONTINUOUS
 10
147.0700511624
 20
113.4054151538
 11
133.8700511624
 21
113.4054151538
  0
LINE
  5
95C
100
AcDbEntity
  8
0
100
AcDbLine
 62
7
  6
CONTINUOUS
 10
127.6053000338
 20
113.4054151538
 11
133.8700511624
 21
113.4054151538
  0
LINE
  5
95D
100
AcDbEntity
  8
RUNDUNGEN
100
AcDbLine
 62
3
  6
CONTINUOUS
 10
139.1700511624
 20
114.1393456594
 11
138.0700511624
 21
114.1393456594
  0
LINE
  5
95E
100
AcDbEntity
  8
0
100
AcDbLine
 62
9
  6
CONTINUOUS
 10
135.7700511624
 20
106.7054151538
 11
135.7700511624
 21
106.2054151538
  0
LINE
  5
95F
100
AcDbEntity
  8
0
100
AcDbLine
 62
7
  6
CONTINUOUS
 10
135.8981484892
 20
107.8554151538
 11
135.8981484892
 21
107.3554151538
  0
LINE
  5
960
100
AcDbEntity
  8
0
100
AcDbLine
 62
7
  6
CONTINUOUS
 10
136.2700511624
 20
117.626459797
 11
136.2700511624
 21
117.126459797
  0
LINE
  5
961
100
AcDbEntity
  8
0
100
AcDbLine
 62
7
  6
CONTINUOUS
 10
136.2700511624
 20
114.3101816673
 11
136.2700511624
 21
113.4054151538
  0
LINE
  5
962
100
AcDbEntity
  8
0
100
AcDbLine
 62
7
  6
CONTINUOUS
 10
136.2700511624
 20
109.3571275629
 11
136.2700511624
 21
107.2054151538
  0
LINE
  5
963
100
AcDbEntity
  8
02___PRT_ALL_AXES
100
AcDbLine
 62
9
  6
CONTINUOUS
 10
136.3700511624
 20
117.626459797
 11
136.3700511624
 21
117.126459797
  0
LINE
  5
964
100
AcDbEntity
  8
0
100
AcDbLine
 62
3
  6
CONTINUOUS
 10
136.7700511624
 20
114.3101816673
 11
136.7700511624
 21
113.4054151538
  0
LINE
  5
965
100
AcDbEntity
  8
0
100
AcDbLine
 62
3
  6
CONTINUOUS
 10
136.7700511624
 20
109.3571275629
 11
136.7700511624
 21
107.2054151538
  0
LINE
  5
966
100
AcDbEntity
  8
0
100
AcDbLine
 62
7
  6
CONTINUOUS
 10
136.8700511624
 20
108.2343026405
 11
136.8700511624
 21
109.3571275629
  0
LINE
  5
967
100
AcDbEntity
  8
BEZUGSACHSEN
100
AcDbLine
 62
7
  6
CONTINUOUS
 10
137.1700511624
 20
102.6054151538
 11
137.1700511624
 21
99.0054151538
  0
LINE
  5
968
100
AcDbEntity
  8
0
100
AcDbLine
 62
9
  6
CONTINUOUS
 10
137.3260242853
 20
106.7554151538
 11
137.3260242853
 21
106.2554151538
  0
LINE
  5
969
100
AcDbEntity
  8
0
100
AcDbLine
 62
3
  6
CONTINUOUS
 10
137.5700511624
 20
119.7693871756
 11
137.5700511624
 21
119.6210465447
  0
LINE
  5
96A
100
AcDbEntity
  8
RUNDUNGEN
100
AcDbLine
 62
3
  6
CONTINUOUS
 10
137.5700511624
 20
119.6210465447
 11
137.5700511624
 21
119.4904452202
  0
LINE
  5
96B
100
AcDbEntity
  8
RUNDUNGEN
100
AcDbLine
 62
7
  6
CONTINUOUS
 10
137.5700511624
 20
114.4471763971
 11
137.5700511624
 21
114.9717830984
  0
LINE
  5
96C
100
AcDbEntity
  8
0
100
AcDbLine
 62
7
  6
CONTINUOUS
 10
137.5700511624
 20
114.9717830984
 11
137.5700511624
 21
116.1981304485
  0
LINE
  5
96D
100
AcDbEntity
  8
02___PRT_ALL_AXES
100
AcDbLine
 62
7
  6
CONTINUOUS
 10
137.5700511624
 20
116.1981304485
 11
137.5700511624
 21
116.5921358253
  0
LINE
  5
96E
100
AcDbEntity
  8
RUNDUNGEN
100
AcDbLine
 62
9
  6
CONTINUOUS
 10
137.5700511624
 20
116.5921358253
 11
137.5700511624
 21
117.8529530311
  0
LINE
  5
96F
100
AcDbEntity
  8
RUNDUNGEN
100
AcDbLine
 62
7
  6
CONTINUOUS
 10
137.5700511624
 20
118.319063315
 11
137.5700511624
 21
119.4904452202
  0
LINE
  5
970
100
AcDbEntity
  8
RUNDUNGEN
100
AcDbLine
 62
9
  6
CONTINUOUS
 10
138.0700511624
 20
114.5333510362
 11
138.0700511624
 21
114.1393456594
  0
LINE
  5
971
100
AcDbEntity
  8
RUNDUNGEN
100
AcDbLine
 62
9
  6
CONTINUOUS
 10
138.0700511624
 20
118.7886091057
 11
138.0700511624
 21
119.1826144825
  0
LINE
  5
972
100
AcDbEntity
  8
0
100
AcDbLine
 62
7
  6
CONTINUOUS
 10
138.1260242853
 20
106.7554151538
 11
138.1260242853
 21
106.2554151538
  0
LINE
  5
973
100
AcDbEntity
  8
0
100
AcDbLine
 62
7
  6
CONTINUOUS
 10
138.1700511624
 20
103.6054151538
 11
138.1700511624
 21
102.6054151538
  0
LINE
  5
974
100
AcDbEntity
  8
0
100
AcDbLine
 62
9
  6
CONTINUOUS
 10
138.9260242853
 20
106.7554151538
 11
138.9260242853
 21
106.2554151538
  0
LINE
  5
975
100
AcDbEntity
  8
0
100
AcDbLine
 62
9
  6
CONTINUOUS
 10
136.7700511624
 20
114.3101816673
 11
136.2700511624
 21
114.3101816673
  0
LINE
  5
976
100
AcDbEntity
  8
RUNDUNGEN
100
AcDbLine
 62
7
  6
CONTINUOUS
 10
139.1700511624
 20
114.5333510362
 11
138.0700511624
 21
114.5333510362
  0
LINE
  5
977
100
AcDbEntity
  8
0
100
AcDbLine
 62
9
  6
CONTINUOUS
 10
139.1700511624
 20
114.9717830984
 11
137.5700511624
 21
114.9717830984
  0
LINE
  5
978
100
AcDbEntity
  8
0
100
AcDbLine
 62
9
  6
CONTINUOUS
 10
139.1700511624
 20
115.2525175442
 11
137.5700511624
 21
115.2525175442
  0
LINE
  5
979
100
AcDbEntity
  8
0
100
AcDbLine
 62
9
  6
CONTINUOUS
 10
135.1300511624
 20
116.726459797
 11
134.6300511624
 21
116.726459797
  0
LINE
  5
97A
100
AcDbEntity
  8
0
100
AcDbLine
 62
7
  6
CONTINUOUS
 10
136.3700511624
 20
117.126459797
 11
135.6300511624
 21
117.126459797
  0
LINE
  5
97B
100
AcDbEntity
  8
0
100
AcDbLine
 62
3
  6
CONTINUOUS
 10
135.6300511624
 20
117.126459797
 11
135.5300511624
 21
117.126459797
  0
LINE
  5
97C
100
AcDbEntity
  8
FASEN
100
AcDbLine
 62
7
  6
CONTINUOUS
 10
127.5360765662
 20
124.6054151538
 11
126.6700511624
 21
125.1054151538
  0
LINE
  5
97D
100
AcDbEntity
  8
0
100
AcDbLine
 62
9
  6
CONTINUOUS
 10
128.8373544906
 20
132.3540614521
 11
129.2465535066
 21
131.9152492312
  0
LINE
  5
97E
100
AcDbEntity
  8
0
100
AcDbLine
 62
7
  6
CONTINUOUS
 10
128.8743120904
 20
132.3885249715
 11
129.2835111064
 21
131.9497127505
  0
LINE
  5
97F
100
AcDbEntity
  8
0
100
AcDbLine
 62
7
  6
CONTINUOUS
 10
139.1700511624
 20
119.1826144825
 11
139.1700511624
 21
118.7886091057
  0
LINE
  5
980
100
AcDbEntity
  8
0
100
AcDbLine
 62
7
  6
CONTINUOUS
 10
139.1700511624
 20
114.1393456594
 11
139.1700511624
 21
115.3313186195
  0
LINE
  5
981
100
AcDbEntity
  8
0
100
AcDbLine
 62
3
  6
CONTINUOUS
 10
139.1700511624
 20
119.1826144825
 11
139.1700511624
 21
119.7693871756
  0
LINE
  5
982
100
AcDbEntity
  8
0
100
AcDbLine
 62
7
  6
CONTINUOUS
 10
139.2700511624
 20
113.4054151538
 11
139.2700511624
 21
147.143374262
  0
LINE
  5
983
100
AcDbEntity
  8
0
100
AcDbLine
 62
9
  6
CONTINUOUS
 10
135.7608203932
 20
115.7971220548
 11
135.5762050086
 21
115.3324531837
  0
LINE
  5
984
100
AcDbEntity
  8
0
100
AcDbLine
 62
7
  6
CONTINUOUS
 10
135.6300511624
 20
117.626459797
 11
135.5300511624
 21
117.626459797
  0
LINE
  5
985
100
AcDbEntity
  8
0
100
AcDbLine
 62
3
  6
CONTINUOUS
 10
136.3700511624
 20
117.626459797
 11
135.6300511624
 21
117.626459797
  0
LINE
  5
986
100
AcDbEntity
  8
0
100
AcDbLine
 62
7
  6
CONTINUOUS
 10
128.6021914256
 20
118.0954204114
 11
137.1052864002
 21
118.0954204114
  0
LINE
  5
987
100
AcDbEntity
  8
RUNDUNGEN
100
AcDbLine
 62
7
  6
CONTINUOUS
 10
138.0700511624
 20
118.7886091057
 11
139.1700511624
 21
118.7886091057
  0
LINE
  5
988
100
AcDbEntity
  8
RUNDUNGEN
100
AcDbLine
 62
3
  6
CONTINUOUS
 10
138.0700511624
 20
119.1826144825
 11
139.1700511624
 21
119.1826144825
  0
LINE
  5
989
100
AcDbEntity
  8
0
100
AcDbLine
 62
7
  6
CONTINUOUS
 10
157.0700511624
 20
119.3567789028
 11
159.0700511624
 21
119.3567789028
  0
LINE
  5
98A
100
AcDbEntity
  8
0
100
AcDbLine
 62
9
  6
CONTINUOUS
 10
139.1700511624
 20
119.6210465447
 11
137.5700511624
 21
119.6210465447
  0
LINE
  5
98B
100
AcDbEntity
  8
0
100
AcDbLine
 62
3
  6
CONTINUOUS
 10
137.5700511624
 20
119.7694390171
 11
139.1700511624
 21
119.7694390171
  0
LINE
  5
98C
100
AcDbEntity
  8
FASEN
100
AcDbLine
 62
7
  6
CONTINUOUS
 10
120.4700511624
 20
149.1054151538
 11
120.0700511624
 21
149.5054151538
  0
LINE
  5
98D
100
AcDbEntity
  8
RUNDUNGEN
100
AcDbLine
 62
9
  6
CONTINUOUS
 10
146.0700511624
 20
113.4054151538
 11
146.0700511624
 21
147.143374262
  0
LINE
  5
98E
100
AcDbEntity
  8
0
100
AcDbLine
 62
7
  6
CONTINUOUS
 10
147.0700511624
 20
98.592845056
 11
147.0700511624
 21
103.6054151538
  0
LINE
  5
98F
100
AcDbEntity
  8
RUNDUNGEN
100
AcDbLine
 62
7
  6
CONTINUOUS
 10
147.0700511624
 20
113.4054151538
 11
147.0700511624
 21
136.3406631331
  0
LINE
  5
990
100
AcDbEntity
  8
0
100
AcDbLine
 62
7
  6
CONTINUOUS
 10
147.0700511624
 20
136.3406631352
 11
147.0700511624
 21
156.6051280433
  0
LINE
  5
991
100
AcDbEntity
  8
0
100
AcDbLine
 62
7
  6
CONTINUOUS
 10
168.6700511624
 20
124.2054151538
 11
168.0752870837
 21
124.2054151538
  0
LINE
  5
992
100
AcDbEntity
  8
BEZUGSACHSEN
100
AcDbLine
 62
7
  6
CONTINUOUS
 10
139.2700511624
 20
124.6054151538
 11
127.5360765662
 21
124.6054151538
  0
LINE
  5
993
100
AcDbEntity
  8
BEZUGSACHSEN
100
AcDbLine
 62
7
  6
CONTINUOUS
 10
126.6700511624
 20
126.1054151538
 11
124.0700511624
 21
126.1054151538
  0
LINE
  5
994
100
AcDbEntity
  8
0
100
AcDbLine
 62
7
  6
CONTINUOUS
 10
150.9500511624
 20
103.6054151538
 11
150.9500511624
 21
102.6054151538
  0
LINE
  5
995
100
AcDbEntity
  8
0
100
AcDbLine
 62
7
  6
CONTINUOUS
 10
151.5631489392
 20
103.6054151538
 11
151.5631489392
 21
102.6054151538
  0
LINE
  5
996
100
AcDbEntity
  8
BEZUGSACHSEN
100
AcDbLine
 62
7
  6
CONTINUOUS
 10
151.9500511624
 20
102.6054151538
 11
151.9500511624
 21
99.0054151538
  0
LINE
  5
997
100
AcDbEntity
  8
DEFAULT_1
100
AcDbLine
 62
7
  6
CENTER
 10
116.4856514963
 20
127.6054151538
 11
171.6700511624
 21
127.6054151538
  0
LINE
  5
998
100
AcDbEntity
  8
BEZUGSACHSEN
100
AcDbLine
 62
7
  6
CONTINUOUS
 10
126.6700511624
 20
129.1054151538
 11
124.0700511624
 21
129.1054151538
  0
LINE
  5
999
100
AcDbEntity
  8
BEZUGSACHSEN
100
AcDbLine
 62
7
  6
CONTINUOUS
 10
139.2700511624
 20
130.6054151538
 11
127.5360765662
 21
130.6054151538
  0
LINE
  5
99A
100
AcDbEntity
  8
BEZUGSACHSEN
100
AcDbLine
 62
7
  6
CONTINUOUS
 10
154.9500511624
 20
102.6054151538
 11
154.9500511624
 21
99.0054151538
  0
LINE
  5
99B
100
AcDbEntity
  8
0
100
AcDbLine
 62
7
  6
CONTINUOUS
 10
155.3369533857
 20
103.6054151538
 11
155.3369533857
 21
102.6054151538
  0
LINE
  5
99C
100
AcDbEntity
  8
0
100
AcDbLine
 62
7
  6
CONTINUOUS
 10
168.0752870837
 20
131.0054151538
 11
168.6700511624
 21
131.0054151538
  0
LINE
  5
99D
100
AcDbEntity
  8
0
100
AcDbLine
 62
3
  6
CONTINUOUS
 10
121.0757837512
 20
131.4854151538
 11
128.1553561305
 21
131.4854151538
  0
LINE
  5
99E
100
AcDbEntity
  8
0
100
AcDbLine
 62
7
  6
CONTINUOUS
 10
121.0757837512
 20
132.0854151538
 11
128.1553561305
 21
132.0854151538
  0
LINE
  5
99F
100
AcDbEntity
  8
0
100
AcDbLine
 62
7
  6
CONTINUOUS
 10
155.9500511624
 20
103.6054151538
 11
155.9500511624
 21
102.6054151538
  0
LINE
  5
9A0
100
AcDbEntity
  8
BEZUGSACHSEN
100
AcDbLine
 62
7
  6
CONTINUOUS
 10
157.0700511624
 20
103.6054151538
 11
157.0700511624
 21
102.6054151538
  0
LINE
  5
9A1
100
AcDbEntity
  8
0
100
AcDbLine
 62
7
  6
CONTINUOUS
 10
157.0700511624
 20
98.5926931673
 11
157.0700511624
 21
101.0220555834
  0
LINE
  5
9A2
100
AcDbEntity
  8
0
100
AcDbLine
 62
7
  6
CONTINUOUS
 10
157.0700511624
 20
105.2554151538
 11
157.0700511624
 21
106.2554151538
  0
LINE
  5
9A3
100
AcDbEntity
  8
0
100
AcDbLine
 62
7
  6
CONTINUOUS
 10
157.0700511624
 20
106.7554151538
 11
157.0700511624
 21
149.7496465551
  0
LINE
  5
9A4
100
AcDbEntity
  8
0
100
AcDbLine
 62
9
  6
CONTINUOUS
 10
157.4700511624
 20
106.2554151538
 11
157.4700511624
 21
106.7554151538
  0
LINE
  5
9A5
100
AcDbEntity
  8
0
100
AcDbLine
 62
9
  6
CONTINUOUS
 10
157.0700511624
 20
136.3406631331
 11
147.0700511624
 21
136.3406631331
  0
LINE
  5
9A6
100
AcDbEntity
  8
0
100
AcDbLine
 62
3
  6
CONTINUOUS
 10
120.6700511624
 20
136.6054151538
 11
131.0700511624
 21
136.6054151538
  0
LINE
  5
9A7
100
AcDbEntity
  8
0
100
AcDbLine
 62
7
  6
CONTINUOUS
 10
120.6700511624
 20
137.2054151538
 11
131.0700511624
 21
137.2054151538
  0
LINE
  5
9A8
100
AcDbEntity
  8
0
100
AcDbLine
 62
7
  6
CONTINUOUS
 10
159.0700511624
 20
158.6054151538
 11
159.0700511624
 21
96.6054151538
  0
LINE
  5
9A9
100
AcDbEntity
  8
AUSFORMSCHRAEGEN
100
AcDbLine
 62
7
  6
CONTINUOUS
 10
159.0700511624
 20
158.6054151538
 11
159.0700511624
 21
96.6054151538
  0
LINE
  5
9AA
100
AcDbEntity
  8
0
100
AcDbLine
 62
3
  6
CONTINUOUS
 10
159.5700511624
 20
158.6054151538
 11
159.5700511624
 21
96.6054151538
  0
LINE
  5
9AB
100
AcDbEntity
  8
FASEN
100
AcDbLine
 62
7
  6
CONTINUOUS
 10
137.1700511624
 20
99.0054151538
 11
136.7700511624
 21
98.6054151538
  0
LINE
  5
9AC
100
AcDbEntity
  8
0
100
AcDbLine
 62
7
  6
CONTINUOUS
 10
131.0700511624
 20
137.8054151538
 11
139.2700511624
 21
137.8054151538
  0
LINE
  5
9AD
100
AcDbEntity
  8
RUNDUNGEN
100
AcDbLine
 62
9
  6
CONTINUOUS
 10
162.2979707598
 20
158.4926937176
 11
162.2979707598
 21
96.71813659
  0
LINE
  5
9AE
100
AcDbEntity
  8
0
100
AcDbLine
 62
7
  6
CONTINUOUS
 10
163.0700511624
 20
167.2985808905
 11
163.0700511624
 21
86.463951001
  0
LINE
  5
9AF
100
AcDbEntity
  8
0
100
AcDbLine
 62
7
  6
CONTINUOUS
 10
131.0700511624
 20
140.6323056339
 11
139.2700511624
 21
140.6323056339
  0
LINE
  5
9B0
100
AcDbEntity
  8
0
100
AcDbLine
 62
7
  6
CONTINUOUS
 10
157.0700511624
 20
143.6224176982
 11
147.0700511624
 21
143.6224176982
  0
LINE
  5
9B1
100
AcDbEntity
  8
0
100
AcDbLine
 62
7
  6
CONTINUOUS
 10
168.0700511624
 20
167.2985808905
 11
168.0700511624
 21
86.463951001
  0
LINE
  5
9B2
100
AcDbEntity
  8
0
100
AcDbLine
 62
7
  6
CONTINUOUS
 10
168.4700511624
 20
131.0054151538
 11
168.4700511624
 21
127.7969256917
  0
LINE
  5
9B3
100
AcDbEntity
  8
0
100
AcDbLine
 62
7
  6
CONTINUOUS
 10
168.4700511624
 20
127.4139046158
 11
168.4700511624
 21
124.2054151538
  0
LINE
  5
9B4
100
AcDbEntity
  8
0
100
AcDbLine
 62
7
  6
CONTINUOUS
 10
168.6700511624
 20
142.7308340706
 11
168.6700511624
 21
131.0054151538
  0
LINE
  5
9B5
100
AcDbEntity
  8
0
100
AcDbLine
 62
7
  6
CONTINUOUS
 10
168.6700511624
 20
124.2054151538
 11
168.6700511624
 21
112.2360467076
  0
LINE
  5
9B6
100
AcDbEntity
  8
RUNDUNGEN
100
AcDbLine
 62
7
  6
CONTINUOUS
 10
168.6700511624
 20
112.2987244257
 11
168.6700511624
 21
124.2054151538
  0
LINE
  5
9B7
100
AcDbEntity
  8
RUNDUNGEN
100
AcDbLine
 62
7
  6
CONTINUOUS
 10
168.6700511624
 20
131.0054151538
 11
168.6700511624
 21
140.0554213033
  0
LINE
  5
9B8
100
AcDbEntity
  8
RUNDUNGEN
100
AcDbLine
 62
7
  6
CONTINUOUS
 10
168.6700511624
 20
140.4850772369
 11
168.6700511624
 21
142.7308340706
  0
LINE
  5
9B9
100
AcDbEntity
  8
0
100
AcDbLine
 62
9
  6
CONTINUOUS
 10
157.0700511624
 20
143.9611010954
 11
147.0700511624
 21
143.9611010954
  0
LINE
  5
9BA
100
AcDbEntity
  8
0
100
AcDbLine
 62
7
  6
CONTINUOUS
 10
126.6700511624
 20
144.3437357545
 11
139.2700511624
 21
144.3437357545
  0
LINE
  5
9BB
100
AcDbEntity
  8
RUNDUNGEN
100
AcDbLine
 62
7
  6
CONTINUOUS
 10
139.2700511624
 20
147.143374262
 11
146.0700511624
 21
147.143374262
  0
LINE
  5
9BC
100
AcDbEntity
  8
RUNDUNGEN
100
AcDbLine
 62
7
  6
CONTINUOUS
 10
168.0700511624
 20
147.2362444535
 11
174.480684479
 21
147.2362444535
  0
LINE
  5
9BD
100
AcDbEntity
  8
RUNDUNGEN
100
AcDbLine
 62
7
  6
CONTINUOUS
 10
168.0700511624
 20
148.5998108077
 11
174.480684479
 21
148.5998108077
  0
LINE
  5
9BE
100
AcDbEntity
  8
BEZUGSACHSEN
100
AcDbLine
 62
7
  6
CONTINUOUS
 10
147.0700511624
 20
149.1054151538
 11
120.4700511624
 21
149.1054151538
  0
LINE
  5
9BF
100
AcDbEntity
  8
0
100
AcDbLine
 62
7
  6
CONTINUOUS
 10
174.480684479
 20
149.167134721
 11
168.0700511624
 21
149.167134721
  0
LINE
  5
9C0
100
AcDbEntity
  8
0
100
AcDbLine
 62
7
  6
CONTINUOUS
 10
157.0700511624
 20
149.6403616153
 11
159.0700511624
 21
149.6403616153
  0
LINE
  5
9C1
100
AcDbEntity
  8
0
100
AcDbLine
 62
9
  6
CONTINUOUS
 10
157.0700511624
 20
149.7202518111
 11
147.0700511624
 21
149.7202518111
  0
LINE
  5
9C2
100
AcDbEntity
  8
0
100
AcDbLine
 62
9
  6
CONTINUOUS
 10
157.0700511624
 20
149.7496465551
 11
159.0700511624
 21
149.7496465551
  0
LINE
  5
9C3
100
AcDbEntity
  8
0
100
AcDbLine
 62
7
  6
CONTINUOUS
 10
175.480684479
 20
149.8362444535
 11
176.880684479
 21
149.8362444535
  0
LINE
  5
9C4
100
AcDbEntity
  8
0
100
AcDbLine
 62
9
  6
CONTINUOUS
 10
174.480684479
 20
149.167134721
 11
174.480684479
 21
147.2362444535
  0
LINE
  5
9C5
100
AcDbEntity
  8
FASEN
100
AcDbLine
 62
7
  6
CONTINUOUS
 10
154.9500511624
 20
99.0054151538
 11
154.5500511624
 21
98.6054151538
  0
LINE
  5
9C6
100
AcDbEntity
  8
0
100
AcDbLine
 62
9
  6
CONTINUOUS
 10
159.5700511624
 20
151.6054151538
 11
159.0700511624
 21
151.6054151538
  0
LINE
  5
9C7
100
AcDbEntity
  8
RUNDUNGEN
100
AcDbLine
 62
9
  6
CONTINUOUS
 10
159.0700511624
 20
151.6054151538
 11
163.0700511624
 21
151.6054151538
  0
LINE
  5
9C8
100
AcDbEntity
  8
BEZUGSACHSEN
100
AcDbLine
 62
7
  6
CONTINUOUS
 10
147.0700511624
 20
152.1054151538
 11
120.4700511624
 21
152.1054151538
  0
LINE
  5
9C9
100
AcDbEntity
  8
0
100
AcDbLine
 62
7
  6
CONTINUOUS
 10
175.480684479
 20
160.6362444535
 11
175.480684479
 21
149.8362444535
  0
LINE
  5
9CA
100
AcDbEntity
  8
0
100
AcDbLine
 62
7
  6
CONTINUOUS
 10
176.080684479
 20
160.6362444535
 11
176.080684479
 21
153.8362444535
  0
LINE
  5
9CB
100
AcDbEntity
  8
0
100
AcDbLine
 62
7
  6
CONTINUOUS
 10
176.880684479
 20
149.8362444535
 11
176.880684479
 21
159.8173114361
  0
LINE
  5
9CC
100
AcDbEntity
  8
0
100
AcDbLine
 62
9
  6
CONTINUOUS
 10
175.480684479
 20
153.8362444535
 11
176.880684479
 21
153.8362444535
  0
LINE
  5
9CD
100
AcDbEntity
  8
0
100
AcDbLine
 62
9
  6
CONTINUOUS
 10
175.480684479
 20
155.4686414277
 11
176.880684479
 21
155.4686414277
  0
LINE
  5
9CE
100
AcDbEntity
  8
BEZUGSACHSEN
100
AcDbLine
 62
7
  6
CONTINUOUS
 10
147.0700511624
 20
156.6054151538
 11
159.0700511624
 21
156.6054151538
  0
LINE
  5
9CF
100
AcDbEntity
  8
0
100
AcDbLine
 62
7
  6
CONTINUOUS
 10
159.5700511624
 20
158.6054151538
 11
159.0700511624
 21
158.6054151538
  0
LINE
  5
9D0
100
AcDbEntity
  8
0
100
AcDbLine
 62
9
  6
CONTINUOUS
 10
175.480684479
 20
159.1767406712
 11
176.080684479
 21
159.1767406712
  0
LINE
  5
9D1
100
AcDbEntity
  8
RUNDUNGEN
100
AcDbLine
 62
7
  6
CONTINUOUS
 10
159.569442175
 20
158.5879760353
 11
162.2979707598
 21
158.4926937176
  0
LINE
  5
9D2
100
AcDbEntity
  8
AUSFORMSCHRAEGEN
100
AcDbLine
 62
7
  6
CONTINUOUS
 10
159.569442175
 20
158.5879760353
 11
162.2979707598
 21
158.4926937176
  0
LINE
  5
9D3
100
AcDbEntity
  8
0
100
AcDbLine
 62
7
  6
CONTINUOUS
 10
175.480684479
 20
160.6362444535
 11
176.080684479
 21
160.6362444535
  0
LINE
  5
9D4
100
AcDbEntity
  8
0
100
AcDbLine
 62
7
  6
CONTINUOUS
 10
168.0700511624
 20
167.2994846732
 11
163.0700511624
 21
167.2994846732
  0
LINE
  5
9D5
100
AcDbEntity
  8
0
100
AcDbLine
 62
9
  6
CONTINUOUS
 10
176.080684479
 20
159.1767406712
 11
176.880684479
 21
158.4351208225
  0
LINE
  5
9D6
100
AcDbEntity
  8
0
100
AcDbLine
 62
7
  6
CONTINUOUS
 10
176.080684479
 20
160.6362444535
 11
176.750033454
 21
159.9668954785
  0
LINE
  5
9D7
100
AcDbEntity
  8
AUSFORMSCHRAEGEN
100
AcDbLine
 62
7
  6
CONTINUOUS
 10
252.8907191745
 20
96.6054151538
 11
214.8907191745
 21
96.6054151538
  0
LINE
  5
9D8
100
AcDbEntity
  8
0
100
AcDbLine
 62
7
  6
CONTINUOUS
 10
252.8907191745
 20
96.6054151538
 11
214.8907191745
 21
96.6054151538
  0
LINE
  5
9D9
100
AcDbEntity
  8
FASEN
100
AcDbLine
 62
7
  6
CONTINUOUS
 10
222.2307191745
 20
99.0054151538
 11
222.6307191745
 21
98.6054151538
  0
LINE
  5
9DA
100
AcDbEntity
  8
0
100
AcDbLine
 62
7
  6
CONTINUOUS
 10
207.8907191745
 20
103.6054151538
 11
207.8907191745
 21
108.8054151538
  0
LINE
  5
9DB
100
AcDbEntity
  8
AUSFORMSCHRAEGEN
100
AcDbLine
 62
7
  6
CONTINUOUS
 10
207.8907191745
 20
103.6054151538
 11
207.8907191745
 21
151.6054151538
  0
LINE
  5
9DC
100
AcDbEntity
  8
0
100
AcDbLine
 62
7
  6
CONTINUOUS
 10
207.8907191745
 20
112.8054151538
 11
207.8907191745
 21
151.6054151538
  0
LINE
  5
9DD
100
AcDbEntity
  8
0
100
AcDbLine
 62
3
  6
CONTINUOUS
 10
209.4907191745
 20
109.4054151538
 11
209.4907191745
 21
112.2054151538
  0
LINE
  5
9DE
100
AcDbEntity
  8
0
100
AcDbLine
 62
9
  6
CONTINUOUS
 10
210.9817518029
 20
137.8190929423
 11
212.1621271022
 21
140.1357099052
  0
LINE
  5
9DF
100
AcDbEntity
  8
FASEN
100
AcDbLine
 62
7
  6
CONTINUOUS
 10
245.1507191745
 20
98.6054151538
 11
242.9507191745
 21
98.6054151538
  0
LINE
  5
9E0
100
AcDbEntity
  8
FASEN
100
AcDbLine
 62
7
  6
CONTINUOUS
 10
224.8307191745
 20
98.6054151538
 11
222.6307191745
 21
98.6054151538
  0
LINE
  5
9E1
100
AcDbEntity
  8
RUNDUNGEN
100
AcDbLine
 62
7
  6
CONTINUOUS
 10
227.3907191745
 20
98.8054151538
 11
231.5680694436
 21
98.8054151538
  0
LINE
  5
9E2
100
AcDbEntity
  8
RUNDUNGEN
100
AcDbLine
 62
7
  6
CONTINUOUS
 10
236.2133689053
 20
98.8054151538
 11
242.5680694436
 21
98.8054151538
  0
LINE
  5
9E3
100
AcDbEntity
  8
RUNDUNGEN
100
AcDbLine
 62
7
  6
CONTINUOUS
 10
247.2133689053
 20
98.8054151538
 11
252.8907191745
 21
98.8054151538
  0
LINE
  5
9E4
100
AcDbEntity
  8
FASEN
100
AcDbLine
 62
7
  6
CONTINUOUS
 10
245.5507191745
 20
99.0054151538
 11
242.5507191745
 21
99.0054151538
  0
LINE
  5
9E5
100
AcDbEntity
  8
FASEN
100
AcDbLine
 62
7
  6
CONTINUOUS
 10
225.2307191745
 20
99.0054151538
 11
222.2307191745
 21
99.0054151538
  0
LINE
  5
9E6
100
AcDbEntity
  8
RUNDUNGEN
100
AcDbLine
 62
9
  6
CONTINUOUS
 10
227.3907191745
 20
99.4054151538
 11
232.2608897667
 21
99.4054151538
  0
LINE
  5
9E7
100
AcDbEntity
  8
RUNDUNGEN
100
AcDbLine
 62
9
  6
CONTINUOUS
 10
235.5205485822
 20
99.4054151538
 11
242.5507191745
 21
99.4054151538
  0
LINE
  5
9E8
100
AcDbEntity
  8
RUNDUNGEN
100
AcDbLine
 62
9
  6
CONTINUOUS
 10
246.5205485822
 20
99.4054151538
 11
252.8907191745
 21
99.4054151538
  0
LINE
  5
9E9
100
AcDbEntity
  8
RUNDUNGEN
100
AcDbLine
 62
9
  6
CONTINUOUS
 10
226.9907191745
 20
99.8054151538
 11
226.3907191745
 21
99.8054151538
  0
LINE
  5
9EA
100
AcDbEntity
  8
0
100
AcDbLine
 62
9
  6
CONTINUOUS
 10
215.8075690399
 20
101.7195894339
 11
215.9378086108
 21
101.4517057358
  0
LINE
  5
9EB
100
AcDbEntity
  8
BEZUGSACHSEN
100
AcDbLine
 62
9
  6
CONTINUOUS
 10
215.6865035133
 20
101.9686111685
 11
215.8075690399
 21
101.7195894339
  0
LINE
  5
9EC
100
AcDbEntity
  8
0
100
AcDbLine
 62
7
  6
CONTINUOUS
 10
209.9907191745
 20
109.4054151538
 11
209.9907191745
 21
112.2054151538
  0
LINE
  5
9ED
100
AcDbEntity
  8
0
100
AcDbLine
 62
7
  6
CONTINUOUS
 10
210.0907191745
 20
151.6054151538
 11
210.0907191745
 21
115.6054151538
  0
LINE
  5
9EE
100
AcDbEntity
  8
0
100
AcDbLine
 62
7
  6
CONTINUOUS
 10
210.2907191745
 20
135.8540514047
 11
210.2907191745
 21
105.600686076
  0
LINE
  5
9EF
100
AcDbEntity
  8
RUNDUNGEN
100
AcDbLine
 62
9
  6
CONTINUOUS
 10
210.6907191745
 20
137.2975900297
 11
210.6907191745
 21
137.8074047439
  0
LINE
  5
9F0
100
AcDbEntity
  8
RUNDUNGEN
100
AcDbLine
 62
9
  6
CONTINUOUS
 10
248.137129336
 20
102.1054151538
 11
246.5205485822
 21
102.1054151538
  0
LINE
  5
9F1
100
AcDbEntity
  8
RUNDUNGEN
100
AcDbLine
 62
9
  6
CONTINUOUS
 10
237.137129336
 20
102.1054151538
 11
235.5205485822
 21
102.1054151538
  0
LINE
  5
9F2
100
AcDbEntity
  8
RUNDUNGEN
100
AcDbLine
 62
9
  6
CONTINUOUS
 10
230.6443090129
 20
102.1054151538
 11
232.2608897667
 21
102.1054151538
  0
LINE
  5
9F3
100
AcDbEntity
  8
RUNDUNGEN
100
AcDbLine
 62
9
  6
CONTINUOUS
 10
241.6443090129
 20
102.1054151538
 11
242.5507191745
 21
102.1054151538
  0
LINE
  5
9F4
100
AcDbEntity
  8
RUNDUNGEN
100
AcDbLine
 62
9
  6
CONTINUOUS
 10
226.9907191745
 20
102.2971161197
 11
226.3907191745
 21
102.2971161197
  0
LINE
  5
9F5
100
AcDbEntity
  8
0
100
AcDbLine
 62
7
  6
CONTINUOUS
 10
219.8027640929
 20
102.6054151538
 11
245.6907191745
 21
102.6054151538
  0
LINE
  5
9F6
100
AcDbEntity
  8
0
100
AcDbLine
 62
7
  6
CONTINUOUS
 10
243.2807191745
 20
103.6054151538
 11
242.2807191745
 21
103.6054151538
  0
LINE
  5
9F7
100
AcDbEntity
  8
0
100
AcDbLine
 62
7
  6
CONTINUOUS
 10
238.2007191745
 20
103.6054151538
 11
237.2007191745
 21
103.6054151538
  0
LINE
  5
9F8
100
AcDbEntity
  8
0
100
AcDbLine
 62
7
  6
CONTINUOUS
 10
233.0907191745
 20
103.6054151538
 11
232.0907191745
 21
103.6054151538
  0
LINE
  5
9F9
100
AcDbEntity
  8
0
100
AcDbLine
 62
7
  6
CONTINUOUS
 10
228.0407191745
 20
103.6054151538
 11
227.0407191745
 21
103.6054151538
  0
LINE
  5
9FA
100
AcDbEntity
  8
FASEN
100
AcDbLine
 62
7
  6
CONTINUOUS
 10
222.0907191745
 20
103.6054151538
 11
224.5007191745
 21
103.6054151538
  0
LINE
  5
9FB
100
AcDbEntity
  8
0
100
AcDbLine
 62
7
  6
CONTINUOUS
 10
224.5007191745
 20
103.6054151538
 11
225.5007191745
 21
103.6054151538
  0
LINE
  5
9FC
100
AcDbEntity
  8
FASEN
100
AcDbLine
 62
7
  6
CONTINUOUS
 10
225.5007191745
 20
103.6054151538
 11
227.0407191745
 21
103.6054151538
  0
LINE
  5
9FD
100
AcDbEntity
  8
FASEN
100
AcDbLine
 62
7
  6
CONTINUOUS
 10
228.0407191745
 20
103.6054151538
 11
229.5807191745
 21
103.6054151538
  0
LINE
  5
9FE
100
AcDbEntity
  8
0
100
AcDbLine
 62
7
  6
CONTINUOUS
 10
229.5807191745
 20
103.6054151538
 11
230.5807191745
 21
103.6054151538
  0
LINE
  5
9FF
100
AcDbEntity
  8
FASEN
100
AcDbLine
 62
7
  6
CONTINUOUS
 10
230.5807191745
 20
103.6054151538
 11
232.0907191745
 21
103.6054151538
  0
LINE
  5
A00
100
AcDbEntity
  8
0
100
AcDbLine
 62
7
  6
CONTINUOUS
 10
234.6607191745
 20
103.6054151538
 11
235.6607191745
 21
103.6054151538
  0
LINE
  5
A01
100
AcDbEntity
  8
FASEN
100
AcDbLine
 62
7
  6
CONTINUOUS
 10
233.0907191745
 20
103.6054151538
 11
234.6607191745
 21
103.6054151538
  0
LINE
  5
A02
100
AcDbEntity
  8
FASEN
100
AcDbLine
 62
7
  6
CONTINUOUS
 10
235.6607191745
 20
103.6054151538
 11
237.2007191745
 21
103.6054151538
  0
LINE
  5
A03
100
AcDbEntity
  8
0
100
AcDbLine
 62
7
  6
CONTINUOUS
 10
239.7407191745
 20
103.6054151538
 11
240.7407191745
 21
103.6054151538
  0
LINE
  5
A04
100
AcDbEntity
  8
FASEN
100
AcDbLine
 62
7
  6
CONTINUOUS
 10
238.2007191745
 20
103.6054151538
 11
239.7407191745
 21
103.6054151538
  0
LINE
  5
A05
100
AcDbEntity
  8
FASEN
100
AcDbLine
 62
7
  6
CONTINUOUS
 10
240.7407191745
 20
103.6054151538
 11
242.2807191745
 21
103.6054151538
  0
LINE
  5
A06
100
AcDbEntity
  8
FASEN
100
AcDbLine
 62
7
  6
CONTINUOUS
 10
243.2807191745
 20
103.6054151538
 11
245.6907191745
 21
103.6054151538
  0
LINE
  5
A07
100
AcDbEntity
  8
RUNDUNGEN
100
AcDbLine
 62
9
  6
CONTINUOUS
 10
257.0907191745
 20
103.6054151538
 11
257.6907191745
 21
103.6054151538
  0
LINE
  5
A08
100
AcDbEntity
  8
0
100
AcDbLine
 62
7
  6
CONTINUOUS
 10
247.6907191745
 20
104.2554151538
 11
245.6907191745
 21
104.2554151538
  0
LINE
  5
A09
100
AcDbEntity
  8
0
100
AcDbLine
 62
9
  6
CONTINUOUS
 10
250.6907191745
 20
104.6554151538
 11
248.0907191745
 21
104.6554151538
  0
LINE
  5
A0A
100
AcDbEntity
  8
0
100
AcDbLine
 62
7
  6
CONTINUOUS
 10
245.6907191745
 20
105.2554151538
 11
246.2907191745
 21
105.2554151538
  0
LINE
  5
A0B
100
AcDbEntity
  8
FASEN
100
AcDbLine
 62
7
  6
CONTINUOUS
 10
224.0007191745
 20
107.2054151538
 11
224.5007191745
 21
106.7054151538
  0
LINE
  5
A0C
100
AcDbEntity
  8
0
100
AcDbLine
 62
7
  6
CONTINUOUS
 10
213.5907191745
 20
151.9054151538
 11
213.5907191745
 21
145.7054151538
  0
LINE
  5
A0D
100
AcDbEntity
  8
0
100
AcDbLine
 62
7
  6
CONTINUOUS
 10
221.9056782612
 20
149.1610730889
 11
221.6501126495
 21
148.2492411534
  0
LINE
  5
A0E
100
AcDbEntity
  8
RUNDUNGEN
100
AcDbLine
 62
7
  6
CONTINUOUS
 10
218.2201950877
 20
136.4222212018
 11
217.9123643501
 21
136.028215825
  0
LINE
  5
A0F
100
AcDbEntity
  8
RUNDUNGEN
100
AcDbLine
 62
7
  6
CONTINUOUS
 10
221.5447670545
 20
140.6774792713
 11
221.8525977922
 21
141.0714846481
  0
LINE
  5
A10
100
AcDbEntity
  8
RUNDUNGEN
100
AcDbLine
 62
9
  6
CONTINUOUS
 10
218.6142004645
 20
136.1143904642
 11
218.3063697269
 21
135.7203850874
  0
LINE
  5
A11
100
AcDbEntity
  8
RUNDUNGEN
100
AcDbLine
 62
9
  6
CONTINUOUS
 10
221.9387724313
 20
140.3696485337
 11
222.246603169
 21
140.7636539105
  0
LINE
  5
A12
100
AcDbEntity
  8
0
100
AcDbLine
 62
9
  6
CONTINUOUS
 10
218.781362537
 20
135.9837891397
 11
218.4735317993
 21
135.5897837629
  0
LINE
  5
A13
100
AcDbEntity
  8
0
100
AcDbLine
 62
9
  6
CONTINUOUS
 10
222.1059345038
 20
140.2390472091
 11
222.4137652414
 21
140.633052586
  0
LINE
  5
A14
100
AcDbEntity
  8
0
100
AcDbLine
 62
7
  6
CONTINUOUS
 10
217.8787124494
 20
134.6585875348
 11
218.5559400722
 21
135.5253993637
  0
LINE
  5
A15
100
AcDbEntity
  8
0
100
AcDbLine
 62
7
  6
CONTINUOUS
 10
218.8824308299
 20
135.943288477
 11
222.1696827567
 21
140.1507790735
  0
LINE
  5
A16
100
AcDbEntity
  8
0
100
AcDbLine
 62
7
  6
CONTINUOUS
 10
222.4961735143
 20
140.5686681868
 11
222.9887026946
 21
141.1990767897
  0
LINE
  5
A17
100
AcDbEntity
  8
0
100
AcDbLine
 62
7
  6
CONTINUOUS
 10
223.0140218241
 20
141.076492127
 11
222.5526685507
 21
140.4859868652
  0
LINE
  5
A18
100
AcDbEntity
  8
0
100
AcDbLine
 62
7
  6
CONTINUOUS
 10
222.1404043594
 20
139.9583127634
 11
219.0620969828
 21
136.0182589953
  0
LINE
  5
A19
100
AcDbEntity
  8
0
100
AcDbLine
 62
7
  6
CONTINUOUS
 10
218.6498327915
 20
135.4905848935
 11
217.9539063272
 21
134.5998396388
  0
LINE
  5
A1A
100
AcDbEntity
  8
RUNDUNGEN
100
AcDbLine
 62
3
  6
CONTINUOUS
 10
246.2907191745
 20
106.2054151538
 11
247.8907191745
 21
106.2054151538
  0
LINE
  5
A1B
100
AcDbEntity
  8
0
100
AcDbLine
 62
7
  6
CONTINUOUS
 10
245.6907191745
 20
106.2554151538
 11
250.6907191745
 21
106.2554151538
  0
LINE
  5
A1C
100
AcDbEntity
  8
0
100
AcDbLine
 62
7
  6
CONTINUOUS
 10
245.6907191745
 20
106.7554151538
 11
246.2907191745
 21
106.7554151538
  0
LINE
  5
A1D
100
AcDbEntity
  8
0
100
AcDbLine
 62
3
  6
CONTINUOUS
 10
247.8907191745
 20
106.7554151538
 11
250.6907191745
 21
106.7554151538
  0
LINE
  5
A1E
100
AcDbEntity
  8
0
100
AcDbLine
 62
9
  6
CONTINUOUS
 10
247.8907191745
 20
107.0554151538
 11
246.2907191745
 21
107.0554151538
  0
LINE
  5
A1F
100
AcDbEntity
  8
0
100
AcDbLine
 62
7
  6
CONTINUOUS
 10
246.2907191745
 20
107.7554151538
 11
245.6907191745
 21
107.7554151538
  0
LINE
  5
A20
100
AcDbEntity
  8
0
100
AcDbLine
 62
7
  6
CONTINUOUS
 10
247.8907191745
 20
107.8554151538
 11
246.2907191745
 21
107.8554151538
  0
LINE
  5
A21
100
AcDbEntity
  8
0
100
AcDbLine
 62
7
  6
CONTINUOUS
 10
207.8907191745
 20
108.8054151538
 11
210.2907191745
 21
108.8054151538
  0
LINE
  5
A22
100
AcDbEntity
  8
0
100
AcDbLine
 62
7
  6
CONTINUOUS
 10
243.2807191745
 20
109.0054151538
 11
242.2807191745
 21
109.0054151538
  0
LINE
  5
A23
100
AcDbEntity
  8
0
100
AcDbLine
 62
7
  6
CONTINUOUS
 10
238.2007191745
 20
109.0054151538
 11
237.2007191745
 21
109.0054151538
  0
LINE
  5
A24
100
AcDbEntity
  8
0
100
AcDbLine
 62
7
  6
CONTINUOUS
 10
233.0907191745
 20
109.0054151538
 11
232.0907191745
 21
109.0054151538
  0
LINE
  5
A25
100
AcDbEntity
  8
0
100
AcDbLine
 62
7
  6
CONTINUOUS
 10
228.0407191745
 20
109.0054151538
 11
227.0407191745
 21
109.0054151538
  0
LINE
  5
A26
100
AcDbEntity
  8
0
100
AcDbLine
 62
7
  6
CONTINUOUS
 10
222.0907191745
 20
109.0054151538
 11
223.8907191745
 21
109.0054151538
  0
LINE
  5
A27
100
AcDbEntity
  8
FASEN
100
AcDbLine
 62
7
  6
CONTINUOUS
 10
223.8907191745
 20
109.0054151538
 11
224.5007191745
 21
109.0054151538
  0
LINE
  5
A28
100
AcDbEntity
  8
0
100
AcDbLine
 62
7
  6
CONTINUOUS
 10
224.5007191745
 20
109.0054151538
 11
225.5007191745
 21
109.0054151538
  0
LINE
  5
A29
100
AcDbEntity
  8
FASEN
100
AcDbLine
 62
7
  6
CONTINUOUS
 10
225.5007191745
 20
109.0054151538
 11
227.0407191745
 21
109.0054151538
  0
LINE
  5
A2A
100
AcDbEntity
  8
FASEN
100
AcDbLine
 62
7
  6
CONTINUOUS
 10
228.0407191745
 20
109.0054151538
 11
229.5807191745
 21
109.0054151538
  0
LINE
  5
A2B
100
AcDbEntity
  8
0
100
AcDbLine
 62
7
  6
CONTINUOUS
 10
229.5807191745
 20
109.0054151538
 11
230.5807191745
 21
109.0054151538
  0
LINE
  5
A2C
100
AcDbEntity
  8
FASEN
100
AcDbLine
 62
7
  6
CONTINUOUS
 10
230.5807191745
 20
109.0054151538
 11
232.0907191745
 21
109.0054151538
  0
LINE
  5
A2D
100
AcDbEntity
  8
FASEN
100
AcDbLine
 62
7
  6
CONTINUOUS
 10
233.0907191745
 20
109.0054151538
 11
234.6607191745
 21
109.0054151538
  0
LINE
  5
A2E
100
AcDbEntity
  8
0
100
AcDbLine
 62
7
  6
CONTINUOUS
 10
234.6607191745
 20
109.0054151538
 11
235.6607191745
 21
109.0054151538
  0
LINE
  5
A2F
100
AcDbEntity
  8
FASEN
100
AcDbLine
 62
7
  6
CONTINUOUS
 10
235.6607191745
 20
109.0054151538
 11
237.2007191745
 21
109.0054151538
  0
LINE
  5
A30
100
AcDbEntity
  8
FASEN
100
AcDbLine
 62
7
  6
CONTINUOUS
 10
238.2007191745
 20
109.0054151538
 11
239.7407191745
 21
109.0054151538
  0
LINE
  5
A31
100
AcDbEntity
  8
0
100
AcDbLine
 62
7
  6
CONTINUOUS
 10
239.7407191745
 20
109.0054151538
 11
240.7407191745
 21
109.0054151538
  0
LINE
  5
A32
100
AcDbEntity
  8
FASEN
100
AcDbLine
 62
7
  6
CONTINUOUS
 10
240.7407191745
 20
109.0054151538
 11
242.2807191745
 21
109.0054151538
  0
LINE
  5
A33
100
AcDbEntity
  8
FASEN
100
AcDbLine
 62
7
  6
CONTINUOUS
 10
243.2807191745
 20
109.0054151538
 11
243.8907191745
 21
109.0054151538
  0
LINE
  5
A34
100
AcDbEntity
  8
0
100
AcDbLine
 62
7
  6
CONTINUOUS
 10
243.8907191745
 20
109.0054151538
 11
245.6907191745
 21
109.0054151538
  0
LINE
  5
A35
100
AcDbEntity
  8
FASEN
100
AcDbLine
 62
7
  6
CONTINUOUS
 10
226.5407191745
 20
105.4054151538
 11
227.0407191745
 21
104.9054151538
  0
LINE
  5
A36
100
AcDbEntity
  8
FASEN
100
AcDbLine
 62
7
  6
CONTINUOUS
 10
226.0007191745
 20
107.2054151538
 11
225.5007191745
 21
107.7054151538
  0
LINE
  5
A37
100
AcDbEntity
  8
FASEN
100
AcDbLine
 62
7
  6
CONTINUOUS
 10
228.5407191745
 20
105.4054151538
 11
228.0407191745
 21
105.9054151538
  0
LINE
  5
A38
100
AcDbEntity
  8
FASEN
100
AcDbLine
 62
7
  6
CONTINUOUS
 10
229.0807191745
 20
107.2054151538
 11
229.5807191745
 21
106.7054151538
  0
LINE
  5
A39
100
AcDbEntity
  8
0
100
AcDbLine
 62
3
  6
CONTINUOUS
 10
218.6907191745
 20
146.0054151538
 11
218.6907191745
 21
151.6054151538
  0
LINE
  5
A3A
100
AcDbEntity
  8
0
100
AcDbLine
 62
7
  6
CONTINUOUS
 10
219.1907191745
 20
146.0054151538
 11
219.1907191745
 21
151.6054151538
  0
LINE
  5
A3B
100
AcDbEntity
  8
0
100
AcDbLine
 62
9
  6
CONTINUOUS
 10
219.6907191745
 20
148.8054151538
 11
219.6907191745
 21
151.9054151538
  0
LINE
  5
A3C
100
AcDbEntity
  8
0
100
AcDbLine
 62
7
  6
CONTINUOUS
 10
212.5980083934
 20
111.2686596013
 11
210.2478620316
 21
105.495405321
  0
LINE
  5
A3D
100
AcDbEntity
  8
0
100
AcDbLine
 62
3
  6
CONTINUOUS
 10
222.5344097362
 20
139.6504820257
 11
219.4561023596
 21
135.7104282577
  0
LINE
  5
A3E
100
AcDbEntity
  8
0
100
AcDbLine
 62
7
  6
CONTINUOUS
 10
223.4615091468
 20
140.8296799045
 11
222.5380169338
 21
139.6476637741
  0
LINE
  5
A3F
100
AcDbEntity
  8
0
100
AcDbLine
 62
7
  6
CONTINUOUS
 10
219.4597095571
 20
135.7076100061
 11
218.3515189016
 21
134.2891906496
  0
LINE
  5
A40
100
AcDbEntity
  8
RUNDUNGEN
100
AcDbLine
 62
7
  6
CONTINUOUS
 10
223.8480784873
 20
139.5627744666
 11
224.9176096546
 21
140.6323056339
  0
LINE
  5
A41
100
AcDbEntity
  8
0
100
AcDbLine
 62
7
  6
CONTINUOUS
 10
244.0713555514
 20
150.0658301758
 11
243.408174744
 21
149.6376197525
  0
LINE
  5
A42
100
AcDbEntity
  8
0
100
AcDbLine
 62
9
  6
CONTINUOUS
 10
235.6907191745
 20
146.7877607842
 11
235.2907191745
 21
146.5999721591
  0
LINE
  5
A43
100
AcDbEntity
  8
0
100
AcDbLine
 62
9
  6
CONTINUOUS
 10
235.6907191745
 20
143.5623217102
 11
235.2907191745
 21
143.3745330851
  0
LINE
  5
A44
100
AcDbEntity
  8
0
100
AcDbLine
 62
7
  6
CONTINUOUS
 10
209.4907191745
 20
109.4054151538
 11
210.2907191745
 21
109.4054151538
  0
LINE
  5
A45
100
AcDbEntity
  8
0
100
AcDbLine
 62
7
  6
CONTINUOUS
 10
209.4907191745
 20
112.2054151538
 11
210.2907191745
 21
112.2054151538
  0
LINE
  5
A46
100
AcDbEntity
  8
0
100
AcDbLine
 62
7
  6
CONTINUOUS
 10
207.8907191745
 20
112.8054151538
 11
210.2907191745
 21
112.8054151538
  0
LINE
  5
A47
100
AcDbEntity
  8
FASEN
100
AcDbLine
 62
7
  6
CONTINUOUS
 10
231.5907191745
 20
105.4054151538
 11
232.0907191745
 21
104.9054151538
  0
LINE
  5
A48
100
AcDbEntity
  8
FASEN
100
AcDbLine
 62
7
  6
CONTINUOUS
 10
231.0807191745
 20
107.2054151538
 11
230.5807191745
 21
107.7054151538
  0
LINE
  5
A49
100
AcDbEntity
  8
FASEN
100
AcDbLine
 62
7
  6
CONTINUOUS
 10
233.5907191745
 20
105.4054151538
 11
233.0907191745
 21
105.9054151538
  0
LINE
  5
A4A
100
AcDbEntity
  8
FASEN
100
AcDbLine
 62
7
  6
CONTINUOUS
 10
234.1607191745
 20
107.2054151538
 11
234.6607191745
 21
106.7054151538
  0
LINE
  5
A4B
100
AcDbEntity
  8
FASEN
100
AcDbLine
 62
7
  6
CONTINUOUS
 10
242.5507191745
 20
99.0054151538
 11
242.9507191745
 21
98.6054151538
  0
LINE
  5
A4C
100
AcDbEntity
  8
RUNDUNGEN
100
AcDbLine
 62
7
  6
CONTINUOUS
 10
222.0907191745
 20
135.3201337795
 11
222.0907191745
 21
129.7057876355
  0
LINE
  5
A4D
100
AcDbEntity
  8
0
100
AcDbLine
 62
7
  6
CONTINUOUS
 10
222.0907191745
 20
129.7057876355
 11
222.0907191745
 21
102.6054151538
  0
LINE
  5
A4E
100
AcDbEntity
  8
BEZUGSACHSEN
100
AcDbLine
 62
7
  6
CONTINUOUS
 10
222.2307191745
 20
102.6054151538
 11
222.2307191745
 21
99.0054151538
  0
LINE
  5
A4F
100
AcDbEntity
  8
0
100
AcDbLine
 62
7
  6
CONTINUOUS
 10
223.8107191745
 20
136.6054151538
 11
223.8107191745
 21
137.2054151538
  0
LINE
  5
A50
100
AcDbEntity
  8
0
100
AcDbLine
 62
7
  6
CONTINUOUS
 10
223.8907191745
 20
136.6054151538
 11
223.8907191745
 21
109.0054151538
  0
LINE
  5
A51
100
AcDbEntity
  8
FASEN
100
AcDbLine
 62
7
  6
CONTINUOUS
 10
224.2007191745
 20
109.0054151538
 11
224.2007191745
 21
107.4054151538
  0
LINE
  5
A52
100
AcDbEntity
  8
FASEN
100
AcDbLine
 62
7
  6
CONTINUOUS
 10
224.2007191745
 20
103.6054151538
 11
224.2007191745
 21
107.0054151538
  0
LINE
  5
A53
100
AcDbEntity
  8
0
100
AcDbLine
 62
9
  6
CONTINUOUS
 10
235.6907191745
 20
141.9145574598
 11
235.2907191745
 21
141.543683918
  0
LINE
  5
A54
100
AcDbEntity
  8
0
100
AcDbLine
 62
7
  6
CONTINUOUS
 10
235.6566181351
 20
141.6292531485
 11
235.2907191745
 21
141.3189199619
  0
LINE
  5
A55
100
AcDbEntity
  8
0
100
AcDbLine
 62
7
  6
CONTINUOUS
 10
251.9838117791
 20
113.4054151538
 11
247.8907191745
 21
113.4054151538
  0
LINE
  5
A56
100
AcDbEntity
  8
0
100
AcDbLine
 62
7
  6
CONTINUOUS
 10
243.8907191745
 20
113.4054151538
 11
246.2907191745
 21
113.4054151538
  0
LINE
  5
A57
100
AcDbEntity
  8
0
100
AcDbLine
 62
9
  6
CONTINUOUS
 10
246.2907191745
 20
114.3101816673
 11
247.8907191745
 21
114.3101816673
  0
LINE
  5
A58
100
AcDbEntity
  8
0
100
AcDbLine
 62
9
  6
CONTINUOUS
 10
246.2907191745
 20
115.3324531837
 11
247.8907191745
 21
115.3324531837
  0
LINE
  5
A59
100
AcDbEntity
  8
0
100
AcDbLine
 62
7
  6
CONTINUOUS
 10
240.4907191745
 20
115.4054151538
 11
227.2907191745
 21
115.4054151538
  0
LINE
  5
A5A
100
AcDbEntity
  8
FASEN
100
AcDbLine
 62
7
  6
CONTINUOUS
 10
236.7007191745
 20
105.4054151538
 11
237.2007191745
 21
104.9054151538
  0
LINE
  5
A5B
100
AcDbEntity
  8
FASEN
100
AcDbLine
 62
7
  6
CONTINUOUS
 10
236.1607191745
 20
107.2054151538
 11
235.6607191745
 21
107.7054151538
  0
LINE
  5
A5C
100
AcDbEntity
  8
FASEN
100
AcDbLine
 62
7
  6
CONTINUOUS
 10
238.7007191745
 20
105.4054151538
 11
238.2007191745
 21
105.9054151538
  0
LINE
  5
A5D
100
AcDbEntity
  8
FASEN
100
AcDbLine
 62
7
  6
CONTINUOUS
 10
239.2407191745
 20
107.2054151538
 11
239.7407191745
 21
106.7054151538
  0
LINE
  5
A5E
100
AcDbEntity
  8
FASEN
100
AcDbLine
 62
7
  6
CONTINUOUS
 10
224.5007191745
 20
109.0054151538
 11
224.5007191745
 21
107.7054151538
  0
LINE
  5
A5F
100
AcDbEntity
  8
FASEN
100
AcDbLine
 62
7
  6
CONTINUOUS
 10
224.5007191745
 20
103.6054151538
 11
224.5007191745
 21
106.7054151538
  0
LINE
  5
A60
100
AcDbEntity
  8
0
100
AcDbLine
 62
7
  6
CONTINUOUS
 10
224.5107191745
 20
137.2054151538
 11
224.5107191745
 21
136.6054151538
  0
LINE
  5
A61
100
AcDbEntity
  8
0
100
AcDbLine
 62
7
  6
CONTINUOUS
 10
224.9176096546
 20
140.6323056339
 11
224.9176096546
 21
144.3437357545
  0
LINE
  5
A62
100
AcDbEntity
  8
BEZUGSACHSEN
100
AcDbLine
 62
7
  6
CONTINUOUS
 10
225.2307191745
 20
102.6054151538
 11
225.2307191745
 21
99.0054151538
  0
LINE
  5
A63
100
AcDbEntity
  8
FASEN
100
AcDbLine
 62
7
  6
CONTINUOUS
 10
225.5007191745
 20
103.6054151538
 11
225.5007191745
 21
106.7054151538
  0
LINE
  5
A64
100
AcDbEntity
  8
FASEN
100
AcDbLine
 62
7
  6
CONTINUOUS
 10
225.5007191745
 20
107.7054151538
 11
225.5007191745
 21
109.0054151538
  0
LINE
  5
A65
100
AcDbEntity
  8
0
100
AcDbLine
 62
7
  6
CONTINUOUS
 10
225.5107191745
 20
137.2054151538
 11
225.5107191745
 21
136.6054151538
  0
LINE
  5
A66
100
AcDbEntity
  8
FASEN
100
AcDbLine
 62
7
  6
CONTINUOUS
 10
225.8007191745
 20
103.6054151538
 11
225.8007191745
 21
107.0054151538
  0
LINE
  5
A67
100
AcDbEntity
  8
FASEN
100
AcDbLine
 62
7
  6
CONTINUOUS
 10
225.8007191745
 20
107.4054151538
 11
225.8007191745
 21
109.0054151538
  0
LINE
  5
A68
100
AcDbEntity
  8
0
100
AcDbLine
 62
7
  6
CONTINUOUS
 10
226.2107191745
 20
136.6054151538
 11
226.2107191745
 21
137.2054151538
  0
LINE
  5
A69
100
AcDbEntity
  8
0
100
AcDbLine
 62
7
  6
CONTINUOUS
 10
226.2307191745
 20
103.6054151538
 11
226.2307191745
 21
102.6054151538
  0
LINE
  5
A6A
100
AcDbEntity
  8
0
100
AcDbLine
 62
7
  6
CONTINUOUS
 10
226.3907191745
 20
136.6054151538
 11
226.3907191745
 21
134.6054151538
  0
LINE
  5
A6B
100
AcDbEntity
  8
0
100
AcDbLine
 62
7
  6
CONTINUOUS
 10
226.3907191745
 20
99.8054151538
 11
226.3907191745
 21
102.2971161197
  0
LINE
  5
A6C
100
AcDbEntity
  8
RUNDUNGEN
100
AcDbLine
 62
7
  6
CONTINUOUS
 10
226.3907191745
 20
122.6054151538
 11
226.3907191745
 21
134.6054151538
  0
LINE
  5
A6D
100
AcDbEntity
  8
0
100
AcDbLine
 62
3
  6
CONTINUOUS
 10
226.4907191745
 20
126.4054151538
 11
226.4907191745
 21
136.6054151538
  0
LINE
  5
A6E
100
AcDbEntity
  8
0
100
AcDbLine
 62
7
  6
CONTINUOUS
 10
226.7176096546
 20
144.3437357545
 11
226.7176096546
 21
139.3946687271
  0
LINE
  5
A6F
100
AcDbEntity
  8
FASEN
100
AcDbLine
 62
7
  6
CONTINUOUS
 10
226.7407191745
 20
109.0054151538
 11
226.7407191745
 21
105.6054151538
  0
LINE
  5
A70
100
AcDbEntity
  8
FASEN
100
AcDbLine
 62
7
  6
CONTINUOUS
 10
226.7407191745
 20
103.6054151538
 11
226.7407191745
 21
105.2054151538
  0
LINE
  5
A71
100
AcDbEntity
  8
RUNDUNGEN
100
AcDbLine
 62
9
  6
CONTINUOUS
 10
226.9907191745
 20
99.8054151538
 11
226.9907191745
 21
102.2971161197
  0
LINE
  5
A72
100
AcDbEntity
  8
0
100
AcDbLine
 62
7
  6
CONTINUOUS
 10
227.0407191745
 20
132.2583329205
 11
227.0407191745
 21
131.4854151538
  0
LINE
  5
A73
100
AcDbEntity
  8
FASEN
100
AcDbLine
 62
7
  6
CONTINUOUS
 10
227.0407191745
 20
109.0054151538
 11
227.0407191745
 21
105.9054151538
  0
LINE
  5
A74
100
AcDbEntity
  8
FASEN
100
AcDbLine
 62
7
  6
CONTINUOUS
 10
227.0407191745
 20
103.6054151538
 11
227.0407191745
 21
104.9054151538
  0
LINE
  5
A75
100
AcDbEntity
  8
0
100
AcDbLine
 62
7
  6
CONTINUOUS
 10
227.2907191745
 20
115.4054151538
 11
227.2907191745
 21
120.4054151538
  0
LINE
  5
A76
100
AcDbEntity
  8
0
100
AcDbLine
 62
3
  6
CONTINUOUS
 10
227.2907191745
 20
126.4054151538
 11
227.2907191745
 21
131.4854151538
  0
LINE
  5
A77
100
AcDbEntity
  8
0
100
AcDbLine
 62
3
  6
CONTINUOUS
 10
227.2907191745
 20
132.9356085795
 11
227.2907191745
 21
136.6054151538
  0
LINE
  5
A78
100
AcDbEntity
  8
0
100
AcDbLine
 62
7
  6
CONTINUOUS
 10
227.3907191745
 20
137.2054151538
 11
227.3907191745
 21
134.6054151538
  0
LINE
  5
A79
100
AcDbEntity
  8
RUNDUNGEN
100
AcDbLine
 62
9
  6
CONTINUOUS
 10
227.3907191745
 20
99.4054151538
 11
227.3907191745
 21
98.8054151538
  0
LINE
  5
A7A
100
AcDbEntity
  8
RUNDUNGEN
100
AcDbLine
 62
7
  6
CONTINUOUS
 10
227.3907191745
 20
122.6054151538
 11
227.3907191745
 21
131.4854151538
  0
LINE
  5
A7B
100
AcDbEntity
  8
RUNDUNGEN
100
AcDbLine
 62
7
  6
CONTINUOUS
 10
227.3907191745
 20
133.2226971374
 11
227.3907191745
 21
134.6054151538
  0
LINE
  5
A7C
100
AcDbEntity
  8
FASEN
100
AcDbLine
 62
7
  6
CONTINUOUS
 10
227.5907191745
 20
136.6054151538
 11
227.5907191745
 21
137.2054151538
  0
LINE
  5
A7D
100
AcDbEntity
  8
FASEN
100
AcDbLine
 62
7
  6
CONTINUOUS
 10
227.7907191745
 20
136.6054151538
 11
227.7907191745
 21
137.2054151538
  0
LINE
  5
A7E
100
AcDbEntity
  8
FASEN
100
AcDbLine
 62
7
  6
CONTINUOUS
 10
227.9907191745
 20
137.2054151538
 11
227.9907191745
 21
136.6054151538
  0
LINE
  5
A7F
100
AcDbEntity
  8
0
100
AcDbLine
 62
7
  6
CONTINUOUS
 10
228.0407191745
 20
132.2111059422
 11
228.0407191745
 21
131.4854151538
  0
LINE
  5
A80
100
AcDbEntity
  8
FASEN
100
AcDbLine
 62
7
  6
CONTINUOUS
 10
228.0407191745
 20
103.6054151538
 11
228.0407191745
 21
104.9054151538
  0
LINE
  5
A81
100
AcDbEntity
  8
FASEN
100
AcDbLine
 62
7
  6
CONTINUOUS
 10
228.0407191745
 20
105.9054151538
 11
228.0407191745
 21
109.0054151538
  0
LINE
  5
A82
100
AcDbEntity
  8
0
100
AcDbLine
 62
7
  6
CONTINUOUS
 10
228.0907191745
 20
137.2054151538
 11
228.0907191745
 21
136.6054151538
  0
LINE
  5
A83
100
AcDbEntity
  8
0
100
AcDbLine
 62
7
  6
CONTINUOUS
 10
228.1159813952
 20
132.3540614521
 11
228.1159813952
 21
131.9152492312
  0
LINE
  5
A84
100
AcDbEntity
  8
0
100
AcDbLine
 62
7
  6
CONTINUOUS
 10
228.3907191745
 20
136.0935827163
 11
227.0881520183
 21
132.3540614521
  0
LINE
  5
A85
100
AcDbEntity
  8
0
100
AcDbLine
 62
7
  6
CONTINUOUS
 10
228.1159813952
 20
132.3540614521
 11
229.3907191745
 21
136.0136877594
  0
LINE
  5
A86
100
AcDbEntity
  8
0
100
AcDbLine
 62
3
  6
CONTINUOUS
 10
228.1159813952
 20
131.9152492312
 11
229.3907191745
 21
135.5748755385
  0
LINE
  5
A87
100
AcDbEntity
  8
0
100
AcDbLine
 62
9
  6
CONTINUOUS
 10
235.6907191745
 20
141.6897935038
 11
235.2907191745
 21
141.3189199619
  0
LINE
  5
A88
100
AcDbEntity
  8
0
100
AcDbLine
 62
7
  6
CONTINUOUS
 10
239.4907191745
 20
140.2181071741
 11
238.8907191745
 21
139.7054151538
  0
LINE
  5
A89
100
AcDbEntity
  8
0
100
AcDbLine
 62
9
  6
CONTINUOUS
 10
246.2907191745
 20
116.726459797
 11
247.8907191745
 21
116.726459797
  0
LINE
  5
A8A
100
AcDbEntity
  8
0
100
AcDbLine
 62
7
  6
CONTINUOUS
 10
246.1831849894
 20
117.126459797
 11
246.2907191745
 21
117.126459797
  0
LINE
  5
A8B
100
AcDbEntity
  8
0
100
AcDbLine
 62
7
  6
CONTINUOUS
 10
240.4907191745
 20
117.2054151538
 11
237.5907191745
 21
117.2054151538
  0
LINE
  5
A8C
100
AcDbEntity
  8
0
100
AcDbLine
 62
7
  6
CONTINUOUS
 10
230.1907191745
 20
117.2054151538
 11
227.2907191745
 21
117.2054151538
  0
LINE
  5
A8D
100
AcDbEntity
  8
0
100
AcDbLine
 62
7
  6
CONTINUOUS
 10
246.2907191745
 20
117.626459797
 11
247.8907191745
 21
117.626459797
  0
LINE
  5
A8E
100
AcDbEntity
  8
0
100
AcDbLine
 62
3
  6
CONTINUOUS
 10
246.1831849894
 20
117.626459797
 11
246.2907191745
 21
117.626459797
  0
LINE
  5
A8F
100
AcDbEntity
  8
0
100
AcDbLine
 62
7
  6
CONTINUOUS
 10
245.6907191745
 20
118.0954204114
 11
243.8907191745
 21
118.0954204114
  0
LINE
  5
A90
100
AcDbEntity
  8
FASEN
100
AcDbLine
 62
7
  6
CONTINUOUS
 10
241.7807191745
 20
105.4054151538
 11
242.2807191745
 21
104.9054151538
  0
LINE
  5
A91
100
AcDbEntity
  8
FASEN
100
AcDbLine
 62
7
  6
CONTINUOUS
 10
241.2407191745
 20
107.2054151538
 11
240.7407191745
 21
107.7054151538
  0
LINE
  5
A92
100
AcDbEntity
  8
FASEN
100
AcDbLine
 62
7
  6
CONTINUOUS
 10
243.7807191745
 20
105.4054151538
 11
243.2807191745
 21
105.9054151538
  0
LINE
  5
A93
100
AcDbEntity
  8
0
100
AcDbLine
 62
7
  6
CONTINUOUS
 10
228.2907191745
 20
140.2181071741
 11
228.2907191745
 21
146.3437357545
  0
LINE
  5
A94
100
AcDbEntity
  8
0
100
AcDbLine
 62
7
  6
CONTINUOUS
 10
228.2907191745
 20
148.8859090113
 11
228.2907191745
 21
149.2941218925
  0
LINE
  5
A95
100
AcDbEntity
  8
FASEN
100
AcDbLine
 62
7
  6
CONTINUOUS
 10
228.3407191745
 20
103.6054151538
 11
228.3407191745
 21
105.2054151538
  0
LINE
  5
A96
100
AcDbEntity
  8
FASEN
100
AcDbLine
 62
7
  6
CONTINUOUS
 10
228.3407191745
 20
105.6054151538
 11
228.3407191745
 21
109.0054151538
  0
LINE
  5
A97
100
AcDbEntity
  8
0
100
AcDbLine
 62
7
  6
CONTINUOUS
 10
228.3907191745
 20
137.2054151538
 11
228.3907191745
 21
136.0935827163
  0
LINE
  5
A98
100
AcDbEntity
  8
RUNDUNGEN
100
AcDbLine
 62
7
  6
CONTINUOUS
 10
228.3907191745
 20
122.6054151538
 11
228.3907191745
 21
132.7039899596
  0
LINE
  5
A99
100
AcDbEntity
  8
0
100
AcDbLine
 62
3
  6
CONTINUOUS
 10
228.4907191745
 20
126.4054151538
 11
228.4907191745
 21
132.9910785175
  0
LINE
  5
A9A
100
AcDbEntity
  8
0
100
AcDbLine
 62
7
  6
CONTINUOUS
 10
228.8907191745
 20
136.6054151538
 11
228.8907191745
 21
137.2054151538
  0
LINE
  5
A9B
100
AcDbEntity
  8
FASEN
100
AcDbLine
 62
7
  6
CONTINUOUS
 10
228.8907191745
 20
138.0054151538
 11
228.8907191745
 21
139.7054151538
  0
LINE
  5
A9C
100
AcDbEntity
  8
RUNDUNGEN
100
AcDbLine
 62
9
  6
CONTINUOUS
 10
229.1907191745
 20
138.6054151538
 11
229.1907191745
 21
137.8054151538
  0
LINE
  5
A9D
100
AcDbEntity
  8
FASEN
100
AcDbLine
 62
7
  6
CONTINUOUS
 10
229.2807191745
 20
109.0054151538
 11
229.2807191745
 21
107.4054151538
  0
LINE
  5
A9E
100
AcDbEntity
  8
FASEN
100
AcDbLine
 62
7
  6
CONTINUOUS
 10
229.2807191745
 20
103.6054151538
 11
229.2807191745
 21
107.0054151538
  0
LINE
  5
A9F
100
AcDbEntity
  8
0
100
AcDbLine
 62
3
  6
CONTINUOUS
 10
229.2907191745
 20
126.4054151538
 11
229.2907191745
 21
135.2877869806
  0
LINE
  5
AA0
100
AcDbEntity
  8
0
100
AcDbLine
 62
7
  6
CONTINUOUS
 10
229.3907191745
 20
136.6054151538
 11
229.3907191745
 21
134.6054151538
  0
LINE
  5
AA1
100
AcDbEntity
  8
RUNDUNGEN
100
AcDbLine
 62
7
  6
CONTINUOUS
 10
229.3907191745
 20
122.6054151538
 11
229.3907191745
 21
134.6054151538
  0
LINE
  5
AA2
100
AcDbEntity
  8
RUNDUNGEN
100
AcDbLine
 62
9
  6
CONTINUOUS
 10
229.4907191745
 20
138.6054151538
 11
229.4907191745
 21
137.8054151538
  0
LINE
  5
AA3
100
AcDbEntity
  8
FASEN
100
AcDbLine
 62
7
  6
CONTINUOUS
 10
229.5807191745
 20
109.0054151538
 11
229.5807191745
 21
107.7054151538
  0
LINE
  5
AA4
100
AcDbEntity
  8
FASEN
100
AcDbLine
 62
7
  6
CONTINUOUS
 10
229.5807191745
 20
103.6054151538
 11
229.5807191745
 21
106.7054151538
  0
LINE
  5
AA5
100
AcDbEntity
  8
0
100
AcDbLine
 62
7
  6
CONTINUOUS
 10
229.5907191745
 20
137.2054151538
 11
229.5907191745
 21
136.6054151538
  0
LINE
  5
AA6
100
AcDbEntity
  8
RUNDUNGEN
100
AcDbLine
 62
7
  6
CONTINUOUS
 10
229.8907191745
 20
138.6054151538
 11
229.8907191745
 21
138.4054151538
  0
LINE
  5
AA7
100
AcDbEntity
  8
0
100
AcDbLine
 62
7
  6
CONTINUOUS
 10
230.1907191745
 20
115.4054151538
 11
230.1907191745
 21
117.2054151538
  0
LINE
  5
AA8
100
AcDbEntity
  8
RUNDUNGEN
100
AcDbLine
 62
7
  6
CONTINUOUS
 10
230.3907191745
 20
154.6054151538
 11
230.3907191745
 21
152.3513495641
  0
LINE
  5
AA9
100
AcDbEntity
  8
0
100
AcDbLine
 62
7
  6
CONTINUOUS
 10
230.3907191745
 20
136.6054151538
 11
230.3907191745
 21
134.6054151538
  0
LINE
  5
AAA
100
AcDbEntity
  8
RUNDUNGEN
100
AcDbLine
 62
7
  6
CONTINUOUS
 10
230.3907191745
 20
122.6054151538
 11
230.3907191745
 21
134.6054151538
  0
LINE
  5
AAB
100
AcDbEntity
  8
0
100
AcDbLine
 62
3
  6
CONTINUOUS
 10
230.4907191745
 20
126.4054151538
 11
230.4907191745
 21
136.6054151538
  0
LINE
  5
AAC
100
AcDbEntity
  8
FASEN
100
AcDbLine
 62
7
  6
CONTINUOUS
 10
230.5807191745
 20
103.6054151538
 11
230.5807191745
 21
106.7054151538
  0
LINE
  5
AAD
100
AcDbEntity
  8
FASEN
100
AcDbLine
 62
7
  6
CONTINUOUS
 10
230.5807191745
 20
107.7054151538
 11
230.5807191745
 21
109.0054151538
  0
LINE
  5
AAE
100
AcDbEntity
  8
0
100
AcDbLine
 62
7
  6
CONTINUOUS
 10
230.5907191745
 20
137.2054151538
 11
230.5907191745
 21
136.6054151538
  0
LINE
  5
AAF
100
AcDbEntity
  8
RUNDUNGEN
100
AcDbLine
 62
9
  6
CONTINUOUS
 10
230.6443090129
 20
102.1054151538
 11
230.6443090129
 21
98.8054151538
  0
LINE
  5
AB0
100
AcDbEntity
  8
FASEN
100
AcDbLine
 62
7
  6
CONTINUOUS
 10
230.8807191745
 20
103.6054151538
 11
230.8807191745
 21
107.0054151538
  0
LINE
  5
AB1
100
AcDbEntity
  8
FASEN
100
AcDbLine
 62
7
  6
CONTINUOUS
 10
230.8807191745
 20
107.4054151538
 11
230.8807191745
 21
109.0054151538
  0
LINE
  5
AB2
100
AcDbEntity
  8
0
100
AcDbLine
 62
7
  6
CONTINUOUS
 10
230.8907191745
 20
138.4054151538
 11
230.8907191745
 21
140.9198399344
  0
LINE
  5
AB3
100
AcDbEntity
  8
RUNDUNGEN
100
AcDbLine
 62
7
  6
CONTINUOUS
 10
230.8907191745
 20
140.9198399344
 11
230.8907191745
 21
146.5565083535
  0
LINE
  5
AB4
100
AcDbEntity
  8
RUNDUNGEN
100
AcDbLine
 62
9
  6
CONTINUOUS
 10
231.1539111171
 20
146.3302167899
 11
231.1539111171
 21
146.8444468777
  0
LINE
  5
AB5
100
AcDbEntity
  8
RUNDUNGEN
100
AcDbLine
 62
9
  6
CONTINUOUS
 10
231.1639242552
 20
102.1054151538
 11
231.1639242552
 21
99.4054151538
  0
LINE
  5
AB6
100
AcDbEntity
  8
AUSFORMSCHRAEGEN
100
AcDbLine
 62
7
  6
CONTINUOUS
 10
231.1656965015
 20
151.4502102133
 11
231.1656965015
 21
152.4564564082
  0
LINE
  5
AB7
100
AcDbEntity
  8
0
100
AcDbLine
 62
3
  6
CONTINUOUS
 10
231.2907191745
 20
126.4054151538
 11
231.2907191745
 21
136.6054151538
  0
LINE
  5
AB8
100
AcDbEntity
  8
0
100
AcDbLine
 62
7
  6
CONTINUOUS
 10
231.2907191745
 20
136.6054151538
 11
231.2907191745
 21
137.2054151538
  0
LINE
  5
AB9
100
AcDbEntity
  8
0
100
AcDbLine
 62
7
  6
CONTINUOUS
 10
231.3907191745
 20
137.2054151538
 11
231.3907191745
 21
134.6054151538
  0
LINE
  5
ABA
100
AcDbEntity
  8
RUNDUNGEN
100
AcDbLine
 62
7
  6
CONTINUOUS
 10
231.3907191745
 20
122.6054151538
 11
231.3907191745
 21
134.6054151538
  0
LINE
  5
ABB
100
AcDbEntity
  8
RUNDUNGEN
100
AcDbLine
 62
9
  6
CONTINUOUS
 10
231.5907191745
 20
155.2054151538
 11
231.5907191745
 21
151.485518245
  0
LINE
  5
ABC
100
AcDbEntity
  8
FASEN
100
AcDbLine
 62
7
  6
CONTINUOUS
 10
231.5907191745
 20
136.6054151538
 11
231.5907191745
 21
137.2054151538
  0
LINE
  5
ABD
100
AcDbEntity
  8
0
100
AcDbLine
 62
7
  6
CONTINUOUS
 10
227.2907191745
 20
120.4054151538
 11
240.4907191745
 21
120.4054151538
  0
LINE
  5
ABE
100
AcDbEntity
  8
0
100
AcDbLine
 62
7
  6
CONTINUOUS
 10
241.3907191745
 20
122.6054151538
 11
240.3907191745
 21
122.6054151538
  0
LINE
  5
ABF
100
AcDbEntity
  8
0
100
AcDbLine
 62
7
  6
CONTINUOUS
 10
239.3907191745
 20
122.6054151538
 11
238.3907191745
 21
122.6054151538
  0
LINE
  5
AC0
100
AcDbEntity
  8
0
100
AcDbLine
 62
7
  6
CONTINUOUS
 10
237.3907191745
 20
122.6054151538
 11
236.3907191745
 21
122.6054151538
  0
LINE
  5
AC1
100
AcDbEntity
  8
0
100
AcDbLine
 62
7
  6
CONTINUOUS
 10
235.3907191745
 20
122.6054151538
 11
234.3907191745
 21
122.6054151538
  0
LINE
  5
AC2
100
AcDbEntity
  8
0
100
AcDbLine
 62
7
  6
CONTINUOUS
 10
233.3907191745
 20
122.6054151538
 11
232.3907191745
 21
122.6054151538
  0
LINE
  5
AC3
100
AcDbEntity
  8
0
100
AcDbLine
 62
7
  6
CONTINUOUS
 10
231.3907191745
 20
122.6054151538
 11
230.3907191745
 21
122.6054151538
  0
LINE
  5
AC4
100
AcDbEntity
  8
0
100
AcDbLine
 62
7
  6
CONTINUOUS
 10
229.3907191745
 20
122.6054151538
 11
228.3907191745
 21
122.6054151538
  0
LINE
  5
AC5
100
AcDbEntity
  8
0
100
AcDbLine
 62
7
  6
CONTINUOUS
 10
227.3907191745
 20
122.6054151538
 11
226.3907191745
 21
122.6054151538
  0
LINE
  5
AC6
100
AcDbEntity
  8
0
100
AcDbLine
 62
7
  6
CONTINUOUS
 10
218.3515189016
 20
134.2891906496
 11
217.8787124494
 21
134.6585875348
  0
LINE
  5
AC7
100
AcDbEntity
  8
0
100
AcDbLine
 62
7
  6
CONTINUOUS
 10
244.7963428519
 20
114.0089352662
 11
244.3235363997
 21
114.3783321514
  0
LINE
  5
AC8
100
AcDbEntity
  8
0
100
AcDbLine
 62
7
  6
CONTINUOUS
 10
218.5824848949
 20
134.592248894
 11
218.1884795181
 21
134.9000796317
  0
LINE
  5
AC9
100
AcDbEntity
  8
0
100
AcDbLine
 62
7
  6
CONTINUOUS
 10
244.373411148
 20
114.4421689182
 11
244.7674165248
 21
114.1343381805
  0
LINE
  5
ACA
100
AcDbEntity
  8
RUNDUNGEN
100
AcDbLine
 62
3
  6
CONTINUOUS
 10
245.9288405567
 20
114.1393456594
 11
245.3676731075
 21
114.5777777216
  0
LINE
  5
ACB
100
AcDbEntity
  8
RUNDUNGEN
100
AcDbLine
 62
3
  6
CONTINUOUS
 10
218.4735317993
 20
135.5897837629
 11
217.9123643501
 21
136.028215825
  0
LINE
  5
ACC
100
AcDbEntity
  8
0
100
AcDbLine
 62
7
  6
CONTINUOUS
 10
221.6501126495
 20
148.2492411534
 11
222.0315341127
 21
147.3122598954
  0
LINE
  5
ACD
100
AcDbEntity
  8
0
100
AcDbLine
 62
7
  6
CONTINUOUS
 10
232.0866201449
 20
147.6872107409
 11
232.0888962552
 21
147.4890558631
  0
LINE
  5
ACE
100
AcDbEntity
  8
0
100
AcDbLine
 62
7
  6
CONTINUOUS
 10
232.0888962552
 20
147.4890558631
 11
232.0903310094
 21
147.2380928939
  0
LINE
  5
ACF
100
AcDbEntity
  8
FASEN
100
AcDbLine
 62
7
  6
CONTINUOUS
 10
231.7907191745
 20
109.0054151538
 11
231.7907191745
 21
105.6054151538
  0
LINE
  5
AD0
100
AcDbEntity
  8
FASEN
100
AcDbLine
 62
7
  6
CONTINUOUS
 10
231.7907191745
 20
103.6054151538
 11
231.7907191745
 21
105.2054151538
  0
LINE
  5
AD1
100
AcDbEntity
  8
FASEN
100
AcDbLine
 62
7
  6
CONTINUOUS
 10
231.7907191745
 20
136.6054151538
 11
231.7907191745
 21
137.2054151538
  0
LINE
  5
AD2
100
AcDbEntity
  8
FASEN
100
AcDbLine
 62
7
  6
CONTINUOUS
 10
231.9907191745
 20
137.2054151538
 11
231.9907191745
 21
136.6054151538
  0
LINE
  5
AD3
100
AcDbEntity
  8
RUNDUNGEN
100
AcDbLine
 62
9
  6
CONTINUOUS
 10
232.0244419094
 20
147.0871659884
 11
232.0244419094
 21
146.5729359007
  0
LINE
  5
AD4
100
AcDbEntity
  8
0
100
AcDbLine
 62
7
  6
CONTINUOUS
 10
232.0907191745
 20
137.2054151538
 11
232.0907191745
 21
136.6054151538
  0
LINE
  5
AD5
100
AcDbEntity
  8
FASEN
100
AcDbLine
 62
7
  6
CONTINUOUS
 10
232.0907191745
 20
109.0054151538
 11
232.0907191745
 21
105.9054151538
  0
LINE
  5
AD6
100
AcDbEntity
  8
FASEN
100
AcDbLine
 62
7
  6
CONTINUOUS
 10
232.0907191745
 20
103.6054151538
 11
232.0907191745
 21
104.9054151538
  0
LINE
  5
AD7
100
AcDbEntity
  8
0
100
AcDbLine
 62
7
  6
CONTINUOUS
 10
232.0907191745
 20
141.6897935038
 11
232.0907191745
 21
146.7877607842
  0
LINE
  5
AD8
100
AcDbEntity
  8
0
100
AcDbLine
 62
7
  6
CONTINUOUS
 10
232.0903310094
 20
147.2380928939
 11
232.0907191745
 21
146.8925191093
  0
LINE
  5
AD9
100
AcDbEntity
  8
0
100
AcDbLine
 62
7
  6
CONTINUOUS
 10
232.1207191745
 20
131.4854151538
 11
232.1207191745
 21
132.2199672684
  0
LINE
  5
ADA
100
AcDbEntity
  8
RUNDUNGEN
100
AcDbLine
 62
9
  6
CONTINUOUS
 10
232.1612499667
 20
147.1056452415
 11
232.1612499667
 21
146.5914151538
  0
LINE
  5
ADB
100
AcDbEntity
  8
RUNDUNGEN
100
AcDbLine
 62
7
  6
CONTINUOUS
 10
232.1907191745
 20
155.8054151538
 11
232.1907191745
 21
151.538188087
  0
LINE
  5
ADC
100
AcDbEntity
  8
RUNDUNGEN
100
AcDbLine
 62
7
  6
CONTINUOUS
 10
232.2608897667
 20
102.1054151538
 11
232.2608897667
 21
99.4054151538
  0
LINE
  5
ADD
100
AcDbEntity
  8
4171
100
AcDbLine
 62
9
  6
CONTINUOUS
 10
232.2907191745
 20
140.2054151538
 11
232.2907191745
 21
146.5914151538
  0
LINE
  5
ADE
100
AcDbEntity
  8
0
100
AcDbLine
 62
7
  6
CONTINUOUS
 10
232.3907191745
 20
137.2054151538
 11
232.3907191745
 21
136.0935827163
  0
LINE
  5
ADF
100
AcDbEntity
  8
RUNDUNGEN
100
AcDbLine
 62
7
  6
CONTINUOUS
 10
232.3907191745
 20
122.6054151538
 11
232.3907191745
 21
131.4854151538
  0
LINE
  5
AE0
100
AcDbEntity
  8
RUNDUNGEN
100
AcDbLine
 62
7
  6
CONTINUOUS
 10
232.3907191745
 20
149.5352298794
 11
232.3907191745
 21
149.9524440611
  0
LINE
  5
AE1
100
AcDbEntity
  8
RUNDUNGEN
100
AcDbLine
 62
7
  6
CONTINUOUS
 10
232.3907191745
 20
151.555744701
 11
232.3907191745
 21
152.7358870971
  0
LINE
  5
AE2
100
AcDbEntity
  8
0
100
AcDbLine
 62
3
  6
CONTINUOUS
 10
232.4907191745
 20
126.4054151538
 11
232.4907191745
 21
131.4854151538
  0
LINE
  5
AE3
100
AcDbEntity
  8
0
100
AcDbLine
 62
7
  6
CONTINUOUS
 10
232.4907191745
 20
141.3189199619
 11
232.4907191745
 21
146.5999721591
  0
LINE
  5
AE4
100
AcDbEntity
  8
4171
100
AcDbLine
 62
9
  6
CONTINUOUS
 10
232.5844896663
 20
140.0768905636
 11
232.5844896663
 21
146.5088011397
  0
LINE
  5
AE5
100
AcDbEntity
  8
FASEN
100
AcDbLine
 62
7
  6
CONTINUOUS
 10
233.0907191745
 20
103.6054151538
 11
233.0907191745
 21
104.9054151538
  0
LINE
  5
AE6
100
AcDbEntity
  8
FASEN
100
AcDbLine
 62
7
  6
CONTINUOUS
 10
233.0907191745
 20
105.9054151538
 11
233.0907191745
 21
109.0054151538
  0
LINE
  5
AE7
100
AcDbEntity
  8
0
100
AcDbLine
 62
7
  6
CONTINUOUS
 10
233.1207191745
 20
131.4854151538
 11
233.1207191745
 21
132.2111059422
  0
LINE
  5
AE8
100
AcDbEntity
  8
0
100
AcDbLine
 62
9
  6
CONTINUOUS
 10
233.1355272232
 20
132.3540614521
 11
233.1355272232
 21
131.9152492312
  0
LINE
  5
AE9
100
AcDbEntity
  8
0
100
AcDbLine
 62
3
  6
CONTINUOUS
 10
233.2907191745
 20
126.4054151538
 11
233.2907191745
 21
134.1797072395
  0
LINE
  5
AEA
100
AcDbEntity
  8
0
100
AcDbLine
 62
7
  6
CONTINUOUS
 10
233.3907191745
 20
137.2054151538
 11
233.3907191745
 21
134.6054151538
  0
LINE
  5
AEB
100
AcDbEntity
  8
FASEN
100
AcDbLine
 62
7
  6
CONTINUOUS
 10
233.3907191745
 20
103.6054151538
 11
233.3907191745
 21
105.2054151538
  0
LINE
  5
AEC
100
AcDbEntity
  8
FASEN
100
AcDbLine
 62
7
  6
CONTINUOUS
 10
233.3907191745
 20
105.6054151538
 11
233.3907191745
 21
109.0054151538
  0
LINE
  5
AED
100
AcDbEntity
  8
RUNDUNGEN
100
AcDbLine
 62
7
  6
CONTINUOUS
 10
233.3907191745
 20
122.6054151538
 11
233.3907191745
 21
134.6054151538
  0
LINE
  5
AEE
100
AcDbEntity
  8
0
100
AcDbLine
 62
7
  6
CONTINUOUS
 10
233.6907191745
 20
137.2054151538
 11
233.6907191745
 21
136.6054151538
  0
LINE
  5
AEF
100
AcDbEntity
  8
FASEN
100
AcDbLine
 62
7
  6
CONTINUOUS
 10
233.7907191745
 20
136.6054151538
 11
233.7907191745
 21
137.2054151538
  0
LINE
  5
AF0
100
AcDbEntity
  8
0
100
AcDbLine
 62
7
  6
CONTINUOUS
 10
233.8907191745
 20
128.6554151538
 11
233.8907191745
 21
126.5554151538
  0
LINE
  5
AF1
100
AcDbEntity
  8
DEFAULT_1
100
AcDbLine
 62
7
  6
CENTER
 10
233.8907191745
 20
122.3554151538
 11
233.8907191745
 21
84.1494096512
  0
LINE
  5
AF2
100
AcDbEntity
  8
DEFAULT_1
100
AcDbLine
 62
7
  6
CENTER
 10
233.8907191745
 20
132.8554151538
 11
233.8907191745
 21
168.6298169775
  0
LINE
  5
AF3
100
AcDbEntity
  8
0
100
AcDbLine
 62
7
  6
CONTINUOUS
 10
233.9707191745
 20
136.6054151538
 11
233.9707191745
 21
137.2054151538
  0
LINE
  5
AF4
100
AcDbEntity
  8
FASEN
100
AcDbLine
 62
7
  6
CONTINUOUS
 10
234.3607191745
 20
109.0054151538
 11
234.3607191745
 21
107.4054151538
  0
LINE
  5
AF5
100
AcDbEntity
  8
FASEN
100
AcDbLine
 62
7
  6
CONTINUOUS
 10
234.3607191745
 20
103.6054151538
 11
234.3607191745
 21
107.0054151538
  0
LINE
  5
AF6
100
AcDbEntity
  8
0
100
AcDbLine
 62
7
  6
CONTINUOUS
 10
234.3907191745
 20
136.6054151538
 11
234.3907191745
 21
134.6054151538
  0
LINE
  5
AF7
100
AcDbEntity
  8
RUNDUNGEN
100
AcDbLine
 62
7
  6
CONTINUOUS
 10
234.3907191745
 20
122.6054151538
 11
234.3907191745
 21
134.6054151538
  0
LINE
  5
AF8
100
AcDbEntity
  8
0
100
AcDbLine
 62
3
  6
CONTINUOUS
 10
234.4907191745
 20
126.4054151538
 11
234.4907191745
 21
136.6054151538
  0
LINE
  5
AF9
100
AcDbEntity
  8
FASEN
100
AcDbLine
 62
7
  6
CONTINUOUS
 10
234.6607191745
 20
109.0054151538
 11
234.6607191745
 21
107.7054151538
  0
LINE
  5
AFA
100
AcDbEntity
  8
FASEN
100
AcDbLine
 62
7
  6
CONTINUOUS
 10
234.6607191745
 20
103.6054151538
 11
234.6607191745
 21
106.7054151538
  0
LINE
  5
AFB
100
AcDbEntity
  8
0
100
AcDbLine
 62
7
  6
CONTINUOUS
 10
234.6707191745
 20
137.2054151538
 11
234.6707191745
 21
136.6054151538
  0
LINE
  5
AFC
100
AcDbEntity
  8
4171
100
AcDbLine
 62
9
  6
CONTINUOUS
 10
235.1969486827
 20
140.0768905636
 11
235.1969486827
 21
146.5088011397
  0
LINE
  5
AFD
100
AcDbEntity
  8
0
100
AcDbLine
 62
3
  6
CONTINUOUS
 10
235.2907191745
 20
126.4054151538
 11
235.2907191745
 21
136.6054151538
  0
LINE
  5
AFE
100
AcDbEntity
  8
0
100
AcDbLine
 62
7
  6
CONTINUOUS
 10
235.2907191745
 20
141.3189199619
 11
235.2907191745
 21
146.5999721591
  0
LINE
  5
AFF
100
AcDbEntity
  8
0
100
AcDbLine
 62
7
  6
CONTINUOUS
 10
235.3907191745
 20
136.6054151538
 11
235.3907191745
 21
134.6054151538
  0
LINE
  5
B00
100
AcDbEntity
  8
RUNDUNGEN
100
AcDbLine
 62
7
  6
CONTINUOUS
 10
235.3907191745
 20
122.6054151538
 11
235.3907191745
 21
134.6054151538
  0
LINE
  5
B01
100
AcDbEntity
  8
RUNDUNGEN
100
AcDbLine
 62
7
  6
CONTINUOUS
 10
235.3907191745
 20
149.5352298794
 11
235.3907191745
 21
149.9524440611
  0
LINE
  5
B02
100
AcDbEntity
  8
RUNDUNGEN
100
AcDbLine
 62
7
  6
CONTINUOUS
 10
235.3907191745
 20
151.555744701
 11
235.3907191745
 21
152.7358870971
  0
LINE
  5
B03
100
AcDbEntity
  8
0
100
AcDbLine
 62
7
  6
CONTINUOUS
 10
232.3907191745
 20
136.0935827163
 11
232.1344355076
 21
132.3540614521
  0
LINE
  5
B04
100
AcDbEntity
  8
0
100
AcDbLine
 62
7
  6
CONTINUOUS
 10
233.1355272232
 20
132.3540614521
 11
233.3907191745
 21
136.0776531266
  0
LINE
  5
B05
100
AcDbEntity
  8
0
100
AcDbLine
 62
3
  6
CONTINUOUS
 10
233.1355272232
 20
131.9152492312
 11
233.3907191745
 21
135.6388409057
  0
LINE
  5
B06
100
AcDbEntity
  8
RUNDUNGEN
100
AcDbLine
 62
9
  6
CONTINUOUS
 10
240.2867754339
 20
146.7385173336
 11
240.7893612595
 21
148.0468043843
  0
LINE
  5
B07
100
AcDbEntity
  8
RUNDUNGEN
100
AcDbLine
 62
9
  6
CONTINUOUS
 10
241.2723385046
 20
146.3848027185
 11
241.7778185183
 21
147.6903643841
  0
LINE
  5
B08
100
AcDbEntity
  8
RUNDUNGEN
100
AcDbLine
 62
7
  6
CONTINUOUS
 10
241.3772813505
 20
146.3437357545
 11
241.8910650292
 21
147.6460515117
  0
LINE
  5
B09
100
AcDbEntity
  8
RUNDUNGEN
100
AcDbLine
 62
9
  6
CONTINUOUS
 10
240.5448324972
 20
146.65139711
 11
241.0674981826
 21
147.9519311268
  0
LINE
  5
B0A
100
AcDbEntity
  8
0
100
AcDbLine
 62
7
  6
CONTINUOUS
 10
242.1873178526
 20
147.9864325276
 11
241.5186173836
 21
146.3437357545
  0
LINE
  5
B0B
100
AcDbEntity
  8
0
100
AcDbLine
 62
7
  6
CONTINUOUS
 10
241.3907191745
 20
126.4054151538
 11
240.3907191745
 21
126.4054151538
  0
LINE
  5
B0C
100
AcDbEntity
  8
0
100
AcDbLine
 62
7
  6
CONTINUOUS
 10
239.3907191745
 20
126.4054151538
 11
238.3907191745
 21
126.4054151538
  0
LINE
  5
B0D
100
AcDbEntity
  8
0
100
AcDbLine
 62
7
  6
CONTINUOUS
 10
237.3907191745
 20
126.4054151538
 11
236.3907191745
 21
126.4054151538
  0
LINE
  5
B0E
100
AcDbEntity
  8
0
100
AcDbLine
 62
7
  6
CONTINUOUS
 10
235.3907191745
 20
126.4054151538
 11
234.3907191745
 21
126.4054151538
  0
LINE
  5
B0F
100
AcDbEntity
  8
0
100
AcDbLine
 62
7
  6
CONTINUOUS
 10
233.3907191745
 20
126.4054151538
 11
232.3907191745
 21
126.4054151538
  0
LINE
  5
B10
100
AcDbEntity
  8
0
100
AcDbLine
 62
7
  6
CONTINUOUS
 10
231.3907191745
 20
126.4054151538
 11
230.3907191745
 21
126.4054151538
  0
LINE
  5
B11
100
AcDbEntity
  8
0
100
AcDbLine
 62
7
  6
CONTINUOUS
 10
229.3907191745
 20
126.4054151538
 11
228.3907191745
 21
126.4054151538
  0
LINE
  5
B12
100
AcDbEntity
  8
0
100
AcDbLine
 62
7
  6
CONTINUOUS
 10
227.3907191745
 20
126.4054151538
 11
226.3907191745
 21
126.4054151538
  0
LINE
  5
B13
100
AcDbEntity
  8
0
100
AcDbLine
 62
7
  6
CONTINUOUS
 10
210.709357503
 20
137.2844890278
 11
210.8180936586
 21
137.2290851892
  0
LINE
  5
B14
100
AcDbEntity
  8
0
100
AcDbLine
 62
7
  6
CONTINUOUS
 10
255.229452231
 20
114.6014461051
 11
255.3259769831
 21
114.5522642874
  0
LINE
  5
B15
100
AcDbEntity
  8
0
100
AcDbLine
 62
7
  6
CONTINUOUS
 10
255.6193112467
 20
115.0751204023
 11
255.540780752
 21
115.115133688
  0
LINE
  5
B16
100
AcDbEntity
  8
0
100
AcDbLine
 62
7
  6
CONTINUOUS
 10
211.0649738366
 20
137.7766891982
 11
210.9817518029
 21
137.8190929423
  0
LINE
  5
B17
100
AcDbEntity
  8
RUNDUNGEN
100
AcDbLine
 62
7
  6
CONTINUOUS
 10
218.2201950877
 20
136.4222212018
 11
218.781362537
 21
135.9837891397
  0
LINE
  5
B18
100
AcDbEntity
  8
RUNDUNGEN
100
AcDbLine
 62
7
  6
CONTINUOUS
 10
245.6755038451
 20
114.9717830984
 11
246.2366712944
 21
114.5333510362
  0
LINE
  5
B19
100
AcDbEntity
  8
0
100
AcDbLine
 62
9
  6
CONTINUOUS
 10
245.6410339895
 20
115.2525175442
 11
245.2470286127
 21
115.5603482818
  0
LINE
  5
B1A
100
AcDbEntity
  8
0
100
AcDbLine
 62
9
  6
CONTINUOUS
 10
219.0620969828
 20
136.0182589953
 11
219.4561023596
 21
135.7104282577
  0
LINE
  5
B1B
100
AcDbEntity
  8
0
100
AcDbLine
 62
9
  6
CONTINUOUS
 10
220.19489613
 20
136.656041162
 11
219.8008907532
 21
136.9638718997
  0
LINE
  5
B1C
100
AcDbEntity
  8
0
100
AcDbLine
 62
9
  6
CONTINUOUS
 10
245.9858223831
 20
116.5059611862
 11
246.2907191745
 21
116.2677497055
  0
LINE
  5
B1D
100
AcDbEntity
  8
0
100
AcDbLine
 62
7
  6
CONTINUOUS
 10
245.6907191745
 20
112.5054151538
 11
246.2907191745
 21
111.9054151538
  0
LINE
  5
B1E
100
AcDbEntity
  8
0
100
AcDbLine
 62
7
  6
CONTINUOUS
 10
248.4907191745
 20
112.5054151538
 11
247.8907191745
 21
113.1054151538
  0
LINE
  5
B1F
100
AcDbEntity
  8
0
100
AcDbLine
 62
7
  6
CONTINUOUS
 10
224.9176096546
 20
144.3437357545
 11
222.9255568371
 21
149.237314998
  0
LINE
  5
B20
100
AcDbEntity
  8
0
100
AcDbLine
 62
7
  6
CONTINUOUS
 10
226.2628209653
 20
146.3437357545
 11
225.5941204963
 21
147.9864325276
  0
LINE
  5
B21
100
AcDbEntity
  8
RUNDUNGEN
100
AcDbLine
 62
9
  6
CONTINUOUS
 10
226.7139401075
 20
147.9519311063
 11
227.2366058256
 21
146.651397101
  0
LINE
  5
B22
100
AcDbEntity
  8
RUNDUNGEN
100
AcDbLine
 62
7
  6
CONTINUOUS
 10
225.8903733197
 20
147.6460515117
 11
226.4041569984
 21
146.3437357545
  0
LINE
  5
B23
100
AcDbEntity
  8
RUNDUNGEN
100
AcDbLine
 62
9
  6
CONTINUOUS
 10
226.0036198306
 20
147.6903643841
 11
226.5090998443
 21
146.3848027185
  0
LINE
  5
B24
100
AcDbEntity
  8
RUNDUNGEN
100
AcDbLine
 62
9
  6
CONTINUOUS
 10
226.9920771726
 20
148.046804412
 11
227.4946629517
 21
146.7385173457
  0
LINE
  5
B25
100
AcDbEntity
  8
4171
100
AcDbLine
 62
9
  6
CONTINUOUS
 10
235.4907191745
 20
140.2054151538
 11
235.4907191745
 21
146.5914151538
  0
LINE
  5
B26
100
AcDbEntity
  8
RUNDUNGEN
100
AcDbLine
 62
7
  6
CONTINUOUS
 10
235.5205485822
 20
99.4054151538
 11
235.5205485822
 21
102.1054151538
  0
LINE
  5
B27
100
AcDbEntity
  8
RUNDUNGEN
100
AcDbLine
 62
7
  6
CONTINUOUS
 10
235.5907191745
 20
151.538188087
 11
235.5907191745
 21
155.8054151538
  0
LINE
  5
B28
100
AcDbEntity
  8
RUNDUNGEN
100
AcDbLine
 62
9
  6
CONTINUOUS
 10
235.6201883822
 20
146.5914151538
 11
235.6201883822
 21
147.1056452415
  0
LINE
  5
B29
100
AcDbEntity
  8
FASEN
100
AcDbLine
 62
7
  6
CONTINUOUS
 10
235.6607191745
 20
103.6054151538
 11
235.6607191745
 21
106.7054151538
  0
LINE
  5
B2A
100
AcDbEntity
  8
FASEN
100
AcDbLine
 62
7
  6
CONTINUOUS
 10
235.6607191745
 20
107.7054151538
 11
235.6607191745
 21
109.0054151538
  0
LINE
  5
B2B
100
AcDbEntity
  8
0
100
AcDbLine
 62
7
  6
CONTINUOUS
 10
235.6707191745
 20
137.2054151538
 11
235.6707191745
 21
136.6054151538
  0
LINE
  5
B2C
100
AcDbEntity
  8
0
100
AcDbLine
 62
7
  6
CONTINUOUS
 10
235.6907191745
 20
141.6897935038
 11
235.6907191745
 21
146.7877607842
  0
LINE
  5
B2D
100
AcDbEntity
  8
RUNDUNGEN
100
AcDbLine
 62
9
  6
CONTINUOUS
 10
235.7569964395
 20
146.5729359007
 11
235.7569964395
 21
147.0871659884
  0
LINE
  5
B2E
100
AcDbEntity
  8
FASEN
100
AcDbLine
 62
7
  6
CONTINUOUS
 10
235.9607191745
 20
103.6054151538
 11
235.9607191745
 21
107.0054151538
  0
LINE
  5
B2F
100
AcDbEntity
  8
FASEN
100
AcDbLine
 62
7
  6
CONTINUOUS
 10
235.9607191745
 20
107.4054151538
 11
235.9607191745
 21
109.0054151538
  0
LINE
  5
B30
100
AcDbEntity
  8
RUNDUNGEN
100
AcDbLine
 62
9
  6
CONTINUOUS
 10
236.1907191745
 20
151.485518245
 11
236.1907191745
 21
155.2054151538
  0
LINE
  5
B31
100
AcDbEntity
  8
0
100
AcDbLine
 62
7
  6
CONTINUOUS
 10
236.3707191745
 20
136.6054151538
 11
236.3707191745
 21
137.2054151538
  0
LINE
  5
B32
100
AcDbEntity
  8
RUNDUNGEN
100
AcDbLine
 62
7
  6
CONTINUOUS
 10
236.3907191745
 20
122.6054151538
 11
236.3907191745
 21
134.6054151538
  0
LINE
  5
B33
100
AcDbEntity
  8
0
100
AcDbLine
 62
7
  6
CONTINUOUS
 10
236.3907191745
 20
134.6054151538
 11
236.3907191745
 21
137.2054151538
  0
LINE
  5
B34
100
AcDbEntity
  8
0
100
AcDbLine
 62
3
  6
CONTINUOUS
 10
236.4907191745
 20
126.4054151538
 11
236.4907191745
 21
135.1243796056
  0
LINE
  5
B35
100
AcDbEntity
  8
AUSFORMSCHRAEGEN
100
AcDbLine
 62
7
  6
CONTINUOUS
 10
236.6157418474
 20
151.4502102133
 11
236.6157418474
 21
152.4564564082
  0
LINE
  5
B36
100
AcDbEntity
  8
RUNDUNGEN
100
AcDbLine
 62
9
  6
CONTINUOUS
 10
236.6175140937
 20
99.4054151538
 11
236.6175140937
 21
102.1054151538
  0
LINE
  5
B37
100
AcDbEntity
  8
RUNDUNGEN
100
AcDbLine
 62
9
  6
CONTINUOUS
 10
236.6275272318
 20
146.8444468777
 11
236.6275272318
 21
146.3302167899
  0
LINE
  5
B38
100
AcDbEntity
  8
0
100
AcDbLine
 62
7
  6
CONTINUOUS
 10
236.8907191745
 20
138.4054151538
 11
236.8907191745
 21
140.9198399344
  0
LINE
  5
B39
100
AcDbEntity
  8
RUNDUNGEN
100
AcDbLine
 62
7
  6
CONTINUOUS
 10
236.8907191745
 20
140.9198399344
 11
236.8907191745
 21
146.5565083535
  0
LINE
  5
B3A
100
AcDbEntity
  8
FASEN
100
AcDbLine
 62
7
  6
CONTINUOUS
 10
236.9007191745
 20
109.0054151538
 11
236.9007191745
 21
105.6054151538
  0
LINE
  5
B3B
100
AcDbEntity
  8
FASEN
100
AcDbLine
 62
7
  6
CONTINUOUS
 10
236.9007191745
 20
103.6054151538
 11
236.9007191745
 21
105.2054151538
  0
LINE
  5
B3C
100
AcDbEntity
  8
RUNDUNGEN
100
AcDbLine
 62
9
  6
CONTINUOUS
 10
237.137129336
 20
98.8054151538
 11
237.137129336
 21
102.1054151538
  0
LINE
  5
B3D
100
AcDbEntity
  8
0
100
AcDbLine
 62
7
  6
CONTINUOUS
 10
237.1559307921
 20
132.3540614521
 11
237.1559307921
 21
131.9152492312
  0
LINE
  5
B3E
100
AcDbEntity
  8
FASEN
100
AcDbLine
 62
7
  6
CONTINUOUS
 10
237.2007191745
 20
109.0054151538
 11
237.2007191745
 21
105.9054151538
  0
LINE
  5
B3F
100
AcDbEntity
  8
FASEN
100
AcDbLine
 62
7
  6
CONTINUOUS
 10
237.2007191745
 20
103.6054151538
 11
237.2007191745
 21
104.9054151538
  0
LINE
  5
B40
100
AcDbEntity
  8
0
100
AcDbLine
 62
7
  6
CONTINUOUS
 10
237.2007191745
 20
131.4854151538
 11
237.2007191745
 21
132.2111059422
  0
LINE
  5
B41
100
AcDbEntity
  8
0
100
AcDbLine
 62
3
  6
CONTINUOUS
 10
237.2907191745
 20
126.4054151538
 11
237.2907191745
 21
131.4854151538
  0
LINE
  5
B42
100
AcDbEntity
  8
RUNDUNGEN
100
AcDbLine
 62
7
  6
CONTINUOUS
 10
237.3907191745
 20
122.6054151538
 11
237.3907191745
 21
131.4854151538
  0
LINE
  5
B43
100
AcDbEntity
  8
0
100
AcDbLine
 62
7
  6
CONTINUOUS
 10
237.3907191745
 20
136.0935827163
 11
237.3907191745
 21
137.2054151538
  0
LINE
  5
B44
100
AcDbEntity
  8
RUNDUNGEN
100
AcDbLine
 62
7
  6
CONTINUOUS
 10
237.3907191745
 20
152.3542602027
 11
237.3907191745
 21
154.6054151538
  0
LINE
  5
B45
100
AcDbEntity
  8
0
100
AcDbLine
 62
7
  6
CONTINUOUS
 10
237.5907191745
 20
115.4054151538
 11
237.5907191745
 21
117.2054151538
  0
LINE
  5
B46
100
AcDbEntity
  8
0
100
AcDbLine
 62
7
  6
CONTINUOUS
 10
237.6907191745
 20
137.2054151538
 11
237.6907191745
 21
136.6054151538
  0
LINE
  5
B47
100
AcDbEntity
  8
FASEN
100
AcDbLine
 62
7
  6
CONTINUOUS
 10
237.7907191745
 20
136.6054151538
 11
237.7907191745
 21
137.2054151538
  0
LINE
  5
B48
100
AcDbEntity
  8
RUNDUNGEN
100
AcDbLine
 62
7
  6
CONTINUOUS
 10
237.8907191745
 20
138.6054151538
 11
237.8907191745
 21
138.4054151538
  0
LINE
  5
B49
100
AcDbEntity
  8
FASEN
100
AcDbLine
 62
7
  6
CONTINUOUS
 10
237.9907191745
 20
137.2054151538
 11
237.9907191745
 21
136.6054151538
  0
LINE
  5
B4A
100
AcDbEntity
  8
FASEN
100
AcDbLine
 62
7
  6
CONTINUOUS
 10
238.1907191745
 20
137.2054151538
 11
238.1907191745
 21
136.6054151538
  0
LINE
  5
B4B
100
AcDbEntity
  8
FASEN
100
AcDbLine
 62
7
  6
CONTINUOUS
 10
238.2007191745
 20
103.6054151538
 11
238.2007191745
 21
104.9054151538
  0
LINE
  5
B4C
100
AcDbEntity
  8
FASEN
100
AcDbLine
 62
7
  6
CONTINUOUS
 10
238.2007191745
 20
105.9054151538
 11
238.2007191745
 21
109.0054151538
  0
LINE
  5
B4D
100
AcDbEntity
  8
0
100
AcDbLine
 62
7
  6
CONTINUOUS
 10
238.2007191745
 20
131.4854151538
 11
238.2007191745
 21
132.2386328543
  0
LINE
  5
B4E
100
AcDbEntity
  8
RUNDUNGEN
100
AcDbLine
 62
9
  6
CONTINUOUS
 10
238.2907191745
 20
138.6054151538
 11
238.2907191745
 21
137.8054151538
  0
LINE
  5
B4F
100
AcDbEntity
  8
0
100
AcDbLine
 62
7
  6
CONTINUOUS
 10
238.3907191745
 20
137.2054151538
 11
238.3907191745
 21
134.6054151538
  0
LINE
  5
B50
100
AcDbEntity
  8
RUNDUNGEN
100
AcDbLine
 62
7
  6
CONTINUOUS
 10
238.3907191745
 20
122.6054151538
 11
238.3907191745
 21
134.6054151538
  0
LINE
  5
B51
100
AcDbEntity
  8
0
100
AcDbLine
 62
3
  6
CONTINUOUS
 10
238.4907191745
 20
126.4054151538
 11
238.4907191745
 21
136.6054151538
  0
LINE
  5
B52
100
AcDbEntity
  8
FASEN
100
AcDbLine
 62
7
  6
CONTINUOUS
 10
238.5007191745
 20
103.6054151538
 11
238.5007191745
 21
105.2054151538
  0
LINE
  5
B53
100
AcDbEntity
  8
FASEN
100
AcDbLine
 62
7
  6
CONTINUOUS
 10
238.5007191745
 20
105.6054151538
 11
238.5007191745
 21
109.0054151538
  0
LINE
  5
B54
100
AcDbEntity
  8
RUNDUNGEN
100
AcDbLine
 62
9
  6
CONTINUOUS
 10
238.5907191745
 20
138.6054151538
 11
238.5907191745
 21
137.8054151538
  0
LINE
  5
B55
100
AcDbEntity
  8
FASEN
100
AcDbLine
 62
7
  6
CONTINUOUS
 10
238.8907191745
 20
139.7054151538
 11
238.8907191745
 21
138.0054151538
  0
LINE
  5
B56
100
AcDbEntity
  8
0
100
AcDbLine
 62
7
  6
CONTINUOUS
 10
235.6907191745
 20
146.8923737066
 11
235.6912121886
 21
147.2681645785
  0
LWPOLYLINE
  5
B57
100
AcDbEntity
  8
0
100
AcDbPolyline
 62
7
  6
CONTINUOUS
 90
3
 70
0
 10
235.6912121886
 20
147.2681645785
 10
235.6930237819
 20
147.5413673187
 10
235.6946585604
 20
147.6800383067
  0
LINE
  5
B58
100
AcDbEntity
  8
0
100
AcDbLine
 62
7
  6
CONTINUOUS
 10
242.8638286944
 20
144.3437357545
 11
244.8558815118
 21
149.237314998
  0
LINE
  5
B59
100
AcDbEntity
  8
RUNDUNGEN
100
AcDbLine
 62
7
  6
CONTINUOUS
 10
248.1812959212
 20
153.2850974515
 11
248.1663234976
 21
153.2483169301
  0
LINE
  5
B5A
100
AcDbEntity
  8
0
100
AcDbLine
 62
7
  6
CONTINUOUS
 10
234.9407191745
 20
127.6054151538
 11
232.8407191745
 21
127.6054151538
  0
LINE
  5
B5B
100
AcDbEntity
  8
DEFAULT_1
100
AcDbLine
 62
7
  6
CENTER
 10
228.6407191745
 20
127.6054151538
 11
192.8663173507
 21
127.6054151538
  0
LINE
  5
B5C
100
AcDbEntity
  8
DEFAULT_1
100
AcDbLine
 62
7
  6
CENTER
 10
239.1407191745
 20
127.6054151538
 11
274.9151209982
 21
127.6054151538
  0
LINE
  5
B5D
100
AcDbEntity
  8
0
100
AcDbLine
 62
7
  6
CONTINUOUS
 10
222.0907191745
 20
129.7057876355
 11
223.8907191745
 21
129.7057876355
  0
LINE
  5
B5E
100
AcDbEntity
  8
0
100
AcDbLine
 62
7
  6
CONTINUOUS
 10
243.8907191745
 20
129.7057876355
 11
245.6907191745
 21
129.7057876355
  0
LINE
  5
B5F
100
AcDbEntity
  8
0
100
AcDbLine
 62
7
  6
CONTINUOUS
 10
212.1621271022
 20
140.1357099052
 11
212.2405065681
 21
140.0957735726
  0
LINE
  5
B60
100
AcDbEntity
  8
0
100
AcDbLine
 62
7
  6
CONTINUOUS
 10
256.7164810919
 20
117.4341326617
 11
256.799686546
 21
117.3917373652
  0
LINE
  5
B61
100
AcDbEntity
  8
0
100
AcDbLine
 62
7
  6
CONTINUOUS
 10
257.0720808459
 20
117.9263412797
 11
256.9634270422
 21
117.9817031579
  0
LINE
  5
B62
100
AcDbEntity
  8
0
100
AcDbLine
 62
7
  6
CONTINUOUS
 10
212.5525364318
 20
140.6101821586
 11
212.434521402
 21
140.6703138197
  0
LINE
  5
B63
100
AcDbEntity
  8
0
100
AcDbLine
 62
9
  6
CONTINUOUS
 10
221.7956159658
 20
138.7048691214
 11
221.401610589
 21
139.012699859
  0
LINE
  5
B64
100
AcDbEntity
  8
0
100
AcDbLine
 62
9
  6
CONTINUOUS
 10
248.7193413661
 20
119.1925713122
 11
248.3253359893
 21
119.5004020499
  0
LINE
  5
B65
100
AcDbEntity
  8
0
100
AcDbLine
 62
9
  6
CONTINUOUS
 10
222.1404043594
 20
139.9583127634
 11
222.5344097362
 21
139.6504820257
  0
LINE
  5
B66
100
AcDbEntity
  8
RUNDUNGEN
100
AcDbLine
 62
7
  6
CONTINUOUS
 10
221.5447670545
 20
140.6774792713
 11
222.1059345038
 21
140.2390472091
  0
LINE
  5
B67
100
AcDbEntity
  8
RUNDUNGEN
100
AcDbLine
 62
7
  6
CONTINUOUS
 10
249.0000758119
 20
119.2270411679
 11
249.5612432612
 21
118.7886091057
  0
LINE
  5
B68
100
AcDbEntity
  8
RUNDUNGEN
100
AcDbLine
 62
3
  6
CONTINUOUS
 10
221.8525977922
 20
141.0714846481
 11
222.4137652414
 21
140.633052586
  0
LINE
  5
B69
100
AcDbEntity
  8
RUNDUNGEN
100
AcDbLine
 62
3
  6
CONTINUOUS
 10
249.3079065496
 20
119.6210465447
 11
249.8690739988
 21
119.1826144825
  0
LINE
  5
B6A
100
AcDbEntity
  8
0
100
AcDbLine
 62
7
  6
CONTINUOUS
 10
223.4080272009
 20
140.7686613893
 11
223.0140218241
 21
141.076492127
  0
LINE
  5
B6B
100
AcDbEntity
  8
0
100
AcDbLine
 62
7
  6
CONTINUOUS
 10
249.198953454
 20
120.6185814135
 11
249.5929588308
 21
120.3107506758
  0
LINE
  5
B6C
100
AcDbEntity
  8
0
100
AcDbLine
 62
7
  6
CONTINUOUS
 10
222.9887026946
 20
141.1990767897
 11
223.4615091468
 21
140.8296799045
  0
LINE
  5
B6D
100
AcDbEntity
  8
RUNDUNGEN
100
AcDbLine
 62
3
  6
CONTINUOUS
 10
247.518483569
 20
118.0053000271
 11
247.5584384747
 21
117.9623915979
  0
LINE
  5
B6E
100
AcDbEntity
  8
0
100
AcDbLine
 62
3
  6
CONTINUOUS
 10
236.3907191745
 20
135.6068020843
 11
237.1559307921
 21
131.9152492312
  0
LINE
  5
B6F
100
AcDbEntity
  8
0
100
AcDbLine
 62
7
  6
CONTINUOUS
 10
236.3907191745
 20
136.0456143053
 11
237.1559307921
 21
132.3540614521
  0
LINE
  5
B70
100
AcDbEntity
  8
0
100
AcDbLine
 62
7
  6
CONTINUOUS
 10
239.0507191745
 20
136.6054151538
 11
239.0507191745
 21
137.2054151538
  0
LINE
  5
B71
100
AcDbEntity
  8
0
100
AcDbLine
 62
3
  6
CONTINUOUS
 10
239.2907191745
 20
126.4054151538
 11
239.2907191745
 21
136.6054151538
  0
LINE
  5
B72
100
AcDbEntity
  8
0
100
AcDbLine
 62
7
  6
CONTINUOUS
 10
239.3907191745
 20
136.6054151538
 11
239.3907191745
 21
134.6054151538
  0
LINE
  5
B73
100
AcDbEntity
  8
RUNDUNGEN
100
AcDbLine
 62
7
  6
CONTINUOUS
 10
239.3907191745
 20
122.6054151538
 11
239.3907191745
 21
134.6054151538
  0
LINE
  5
B74
100
AcDbEntity
  8
FASEN
100
AcDbLine
 62
7
  6
CONTINUOUS
 10
239.4407191745
 20
109.0054151538
 11
239.4407191745
 21
107.4054151538
  0
LINE
  5
B75
100
AcDbEntity
  8
FASEN
100
AcDbLine
 62
7
  6
CONTINUOUS
 10
239.4407191745
 20
103.6054151538
 11
239.4407191745
 21
107.0054151538
  0
LINE
  5
B76
100
AcDbEntity
  8
0
100
AcDbLine
 62
7
  6
CONTINUOUS
 10
239.4907191745
 20
149.2941218925
 11
239.4907191745
 21
148.8859090113
  0
LINE
  5
B77
100
AcDbEntity
  8
0
100
AcDbLine
 62
7
  6
CONTINUOUS
 10
239.4907191745
 20
140.2181071741
 11
239.4907191745
 21
146.3437357545
  0
LINE
  5
B78
100
AcDbEntity
  8
FASEN
100
AcDbLine
 62
7
  6
CONTINUOUS
 10
239.7407191745
 20
109.0054151538
 11
239.7407191745
 21
107.7054151538
  0
LINE
  5
B79
100
AcDbEntity
  8
FASEN
100
AcDbLine
 62
7
  6
CONTINUOUS
 10
239.7407191745
 20
103.6054151538
 11
239.7407191745
 21
106.7054151538
  0
LINE
  5
B7A
100
AcDbEntity
  8
0
100
AcDbLine
 62
7
  6
CONTINUOUS
 10
239.7507191745
 20
137.2054151538
 11
239.7507191745
 21
136.6054151538
  0
LINE
  5
B7B
100
AcDbEntity
  8
RUNDUNGEN
100
AcDbLine
 62
7
  6
CONTINUOUS
 10
240.3907191745
 20
122.6054151538
 11
240.3907191745
 21
134.6054151538
  0
LINE
  5
B7C
100
AcDbEntity
  8
0
100
AcDbLine
 62
7
  6
CONTINUOUS
 10
240.3907191745
 20
134.6054151538
 11
240.3907191745
 21
136.6054151538
  0
LINE
  5
B7D
100
AcDbEntity
  8
0
100
AcDbLine
 62
7
  6
CONTINUOUS
 10
240.4907191745
 20
120.4054151538
 11
240.4907191745
 21
115.4054151538
  0
LINE
  5
B7E
100
AcDbEntity
  8
0
100
AcDbLine
 62
3
  6
CONTINUOUS
 10
240.4907191745
 20
126.4054151538
 11
240.4907191745
 21
135.4109141847
  0
LINE
  5
B7F
100
AcDbEntity
  8
FASEN
100
AcDbLine
 62
7
  6
CONTINUOUS
 10
240.7407191745
 20
103.6054151538
 11
240.7407191745
 21
106.7054151538
  0
LINE
  5
B80
100
AcDbEntity
  8
FASEN
100
AcDbLine
 62
7
  6
CONTINUOUS
 10
240.7407191745
 20
107.7054151538
 11
240.7407191745
 21
109.0054151538
  0
LINE
  5
B81
100
AcDbEntity
  8
0
100
AcDbLine
 62
7
  6
CONTINUOUS
 10
240.7507191745
 20
137.2054151538
 11
240.7507191745
 21
136.6054151538
  0
LINE
  5
B82
100
AcDbEntity
  8
FASEN
100
AcDbLine
 62
7
  6
CONTINUOUS
 10
241.0407191745
 20
103.6054151538
 11
241.0407191745
 21
107.0054151538
  0
LINE
  5
B83
100
AcDbEntity
  8
FASEN
100
AcDbLine
 62
7
  6
CONTINUOUS
 10
241.0407191745
 20
107.4054151538
 11
241.0407191745
 21
109.0054151538
  0
LINE
  5
B84
100
AcDbEntity
  8
0
100
AcDbLine
 62
7
  6
CONTINUOUS
 10
241.0638286944
 20
139.3946687271
 11
241.0638286944
 21
144.3437357545
  0
LINE
  5
B85
100
AcDbEntity
  8
0
100
AcDbLine
 62
3
  6
CONTINUOUS
 10
241.2907191745
 20
126.4054151538
 11
241.2907191745
 21
133.8133941659
  0
LINE
  5
B86
100
AcDbEntity
  8
0
100
AcDbLine
 62
7
  6
CONTINUOUS
 10
241.3907191745
 20
155.4054151538
 11
241.3907191745
 21
152.9137141879
  0
LINE
  5
B87
100
AcDbEntity
  8
RUNDUNGEN
100
AcDbLine
 62
7
  6
CONTINUOUS
 10
241.3907191745
 20
122.6054151538
 11
241.3907191745
 21
133.6054151538
  0
LINE
  5
B88
100
AcDbEntity
  8
0
100
AcDbLine
 62
7
  6
CONTINUOUS
 10
241.3907191745
 20
136.1626660159
 11
241.3907191745
 21
136.6054151538
  0
LINE
  5
B89
100
AcDbEntity
  8
0
100
AcDbLine
 62
7
  6
CONTINUOUS
 10
241.4507191745
 20
136.6054151538
 11
241.4507191745
 21
137.2054151538
  0
LINE
  5
B8A
100
AcDbEntity
  8
0
100
AcDbLine
 62
7
  6
CONTINUOUS
 10
241.5507191745
 20
103.6054151538
 11
241.5507191745
 21
102.6054151538
  0
LINE
  5
B8B
100
AcDbEntity
  8
RUNDUNGEN
100
AcDbLine
 62
9
  6
CONTINUOUS
 10
241.6443090129
 20
102.1054151538
 11
241.6443090129
 21
98.8054151538
  0
LINE
  5
B8C
100
AcDbEntity
  8
0
100
AcDbLine
 62
7
  6
CONTINUOUS
 10
241.6907191745
 20
137.2054151538
 11
241.6907191745
 21
136.6054151538
  0
LINE
  5
B8D
100
AcDbEntity
  8
FASEN
100
AcDbLine
 62
7
  6
CONTINUOUS
 10
241.7907191745
 20
136.6054151538
 11
241.7907191745
 21
137.2054151538
  0
LINE
  5
B8E
100
AcDbEntity
  8
FASEN
100
AcDbLine
 62
7
  6
CONTINUOUS
 10
241.9807191745
 20
109.0054151538
 11
241.9807191745
 21
105.6054151538
  0
LINE
  5
B8F
100
AcDbEntity
  8
FASEN
100
AcDbLine
 62
7
  6
CONTINUOUS
 10
241.9807191745
 20
103.6054151538
 11
241.9807191745
 21
105.2054151538
  0
LINE
  5
B90
100
AcDbEntity
  8
RUNDUNGEN
100
AcDbLine
 62
9
  6
CONTINUOUS
 10
242.1639242552
 20
102.1054151538
 11
242.1639242552
 21
99.4054151538
  0
LINE
  5
B91
100
AcDbEntity
  8
0
100
AcDbLine
 62
7
  6
CONTINUOUS
 10
242.2412649766
 20
132.3540614521
 11
242.2412649766
 21
131.9152492312
  0
LINE
  5
B92
100
AcDbEntity
  8
FASEN
100
AcDbLine
 62
7
  6
CONTINUOUS
 10
242.2807191745
 20
109.0054151538
 11
242.2807191745
 21
105.9054151538
  0
LINE
  5
B93
100
AcDbEntity
  8
FASEN
100
AcDbLine
 62
7
  6
CONTINUOUS
 10
242.2807191745
 20
103.6054151538
 11
242.2807191745
 21
104.9054151538
  0
LINE
  5
B94
100
AcDbEntity
  8
0
100
AcDbLine
 62
7
  6
CONTINUOUS
 10
242.2807191745
 20
131.4854151538
 11
242.2807191745
 21
132.2964222385
  0
LINE
  5
B95
100
AcDbEntity
  8
BEZUGSACHSEN
100
AcDbLine
 62
7
  6
CONTINUOUS
 10
242.5507191745
 20
102.6054151538
 11
242.5507191745
 21
99.0054151538
  0
LINE
  5
B96
100
AcDbEntity
  8
FASEN
100
AcDbLine
 62
7
  6
CONTINUOUS
 10
224.0007191745
 20
107.2054151538
 11
224.5007191745
 21
107.7054151538
  0
LINE
  5
B97
100
AcDbEntity
  8
FASEN
100
AcDbLine
 62
7
  6
CONTINUOUS
 10
225.5007191745
 20
106.7054151538
 11
226.0007191745
 21
107.2054151538
  0
LINE
  5
B98
100
AcDbEntity
  8
0
100
AcDbLine
 62
3
  6
CONTINUOUS
 10
243.2807191745
 20
131.4854151538
 11
242.2807191745
 21
131.4854151538
  0
LINE
  5
B99
100
AcDbEntity
  8
0
100
AcDbLine
 62
3
  6
CONTINUOUS
 10
238.2007191745
 20
131.4854151538
 11
237.2007191745
 21
131.4854151538
  0
LINE
  5
B9A
100
AcDbEntity
  8
0
100
AcDbLine
 62
3
  6
CONTINUOUS
 10
233.1207191745
 20
131.4854151538
 11
232.1207191745
 21
131.4854151538
  0
LINE
  5
B9B
100
AcDbEntity
  8
0
100
AcDbLine
 62
3
  6
CONTINUOUS
 10
227.0407191745
 20
131.4854151538
 11
228.0407191745
 21
131.4854151538
  0
LINE
  5
B9C
100
AcDbEntity
  8
0
100
AcDbLine
 62
7
  6
CONTINUOUS
 10
243.2807191745
 20
132.0854151538
 11
242.2807191745
 21
132.0854151538
  0
LINE
  5
B9D
100
AcDbEntity
  8
0
100
AcDbLine
 62
7
  6
CONTINUOUS
 10
238.2007191745
 20
132.0854151538
 11
237.2007191745
 21
132.0854151538
  0
LINE
  5
B9E
100
AcDbEntity
  8
0
100
AcDbLine
 62
7
  6
CONTINUOUS
 10
233.1207191745
 20
132.0854151538
 11
232.1207191745
 21
132.0854151538
  0
LINE
  5
B9F
100
AcDbEntity
  8
0
100
AcDbLine
 62
7
  6
CONTINUOUS
 10
227.0407191745
 20
132.0854151538
 11
228.0407191745
 21
132.0854151538
  0
LINE
  5
BA0
100
AcDbEntity
  8
0
100
AcDbLine
 62
9
  6
CONTINUOUS
 10
243.2807191745
 20
132.3540614521
 11
242.2412649766
 21
132.3540614521
  0
LINE
  5
BA1
100
AcDbEntity
  8
0
100
AcDbLine
 62
9
  6
CONTINUOUS
 10
238.1658740292
 20
132.3540614521
 11
237.1559307921
 21
132.3540614521
  0
LINE
  5
BA2
100
AcDbEntity
  8
0
100
AcDbLine
 62
9
  6
CONTINUOUS
 10
233.1355272232
 20
132.3540614521
 11
232.1344355076
 21
132.3540614521
  0
LINE
  5
BA3
100
AcDbEntity
  8
0
100
AcDbLine
 62
9
  6
CONTINUOUS
 10
228.1159813952
 20
132.3540614521
 11
227.0881520183
 21
132.3540614521
  0
LINE
  5
BA4
100
AcDbEntity
  8
RUNDUNGEN
100
AcDbLine
 62
9
  6
CONTINUOUS
 10
223.8907191745
 20
133.6054151538
 11
226.3907191745
 21
133.6054151538
  0
LINE
  5
BA5
100
AcDbEntity
  8
RUNDUNGEN
100
AcDbLine
 62
9
  6
CONTINUOUS
 10
227.3907191745
 20
133.6054151538
 11
227.524029265
 21
133.6054151538
  0
LINE
  5
BA6
100
AcDbEntity
  8
RUNDUNGEN
100
AcDbLine
 62
9
  6
CONTINUOUS
 10
229.3907191745
 20
133.6054151538
 11
230.3907191745
 21
133.6054151538
  0
LINE
  5
BA7
100
AcDbEntity
  8
RUNDUNGEN
100
AcDbLine
 62
9
  6
CONTINUOUS
 10
231.3907191745
 20
133.6054151538
 11
232.2201955535
 21
133.6054151538
  0
LINE
  5
BA8
100
AcDbEntity
  8
RUNDUNGEN
100
AcDbLine
 62
9
  6
CONTINUOUS
 10
233.3907191745
 20
133.6054151538
 11
234.3907191745
 21
133.6054151538
  0
LINE
  5
BA9
100
AcDbEntity
  8
RUNDUNGEN
100
AcDbLine
 62
9
  6
CONTINUOUS
 10
235.3907191745
 20
133.6054151538
 11
236.3907191745
 21
133.6054151538
  0
LINE
  5
BAA
100
AcDbEntity
  8
RUNDUNGEN
100
AcDbLine
 62
9
  6
CONTINUOUS
 10
237.9064844367
 20
133.6054151538
 11
238.3907191745
 21
133.6054151538
  0
LINE
  5
BAB
100
AcDbEntity
  8
RUNDUNGEN
100
AcDbLine
 62
9
  6
CONTINUOUS
 10
239.3907191745
 20
133.6054151538
 11
240.3907191745
 21
133.6054151538
  0
LINE
  5
BAC
100
AcDbEntity
  8
RUNDUNGEN
100
AcDbLine
 62
9
  6
CONTINUOUS
 10
242.6713295366
 20
133.6054151538
 11
243.8907191745
 21
133.6054151538
  0
LINE
  5
BAD
100
AcDbEntity
  8
0
100
AcDbLine
 62
7
  6
CONTINUOUS
 10
240.4907191745
 20
133.9254151538
 11
240.3907191745
 21
133.9254151538
  0
LINE
  5
BAE
100
AcDbEntity
  8
0
100
AcDbLine
 62
7
  6
CONTINUOUS
 10
239.3907191745
 20
133.9254151538
 11
239.2907191745
 21
133.9254151538
  0
LINE
  5
BAF
100
AcDbEntity
  8
0
100
AcDbLine
 62
7
  6
CONTINUOUS
 10
238.4907191745
 20
133.9254151538
 11
238.3907191745
 21
133.9254151538
  0
LINE
  5
BB0
100
AcDbEntity
  8
0
100
AcDbLine
 62
7
  6
CONTINUOUS
 10
236.4907191745
 20
133.9254151538
 11
236.3907191745
 21
133.9254151538
  0
LINE
  5
BB1
100
AcDbEntity
  8
0
100
AcDbLine
 62
7
  6
CONTINUOUS
 10
235.3907191745
 20
133.9254151538
 11
235.2907191745
 21
133.9254151538
  0
LINE
  5
BB2
100
AcDbEntity
  8
0
100
AcDbLine
 62
7
  6
CONTINUOUS
 10
234.4907191745
 20
133.9254151538
 11
234.3907191745
 21
133.9254151538
  0
LINE
  5
BB3
100
AcDbEntity
  8
0
100
AcDbLine
 62
7
  6
CONTINUOUS
 10
233.3907191745
 20
133.9254151538
 11
233.2907191745
 21
133.9254151538
  0
LINE
  5
BB4
100
AcDbEntity
  8
0
100
AcDbLine
 62
7
  6
CONTINUOUS
 10
231.3907191745
 20
133.9254151538
 11
231.2907191745
 21
133.9254151538
  0
LINE
  5
BB5
100
AcDbEntity
  8
0
100
AcDbLine
 62
7
  6
CONTINUOUS
 10
230.4907191745
 20
133.9254151538
 11
230.3907191745
 21
133.9254151538
  0
LINE
  5
BB6
100
AcDbEntity
  8
0
100
AcDbLine
 62
7
  6
CONTINUOUS
 10
229.3907191745
 20
133.9254151538
 11
229.2907191745
 21
133.9254151538
  0
LINE
  5
BB7
100
AcDbEntity
  8
0
100
AcDbLine
 62
7
  6
CONTINUOUS
 10
227.3907191745
 20
133.9254151538
 11
227.2907191745
 21
133.9254151538
  0
LINE
  5
BB8
100
AcDbEntity
  8
0
100
AcDbLine
 62
7
  6
CONTINUOUS
 10
226.4907191745
 20
133.9254151538
 11
226.3907191745
 21
133.9254151538
  0
LINE
  5
BB9
100
AcDbEntity
  8
0
100
AcDbLine
 62
7
  6
CONTINUOUS
 10
223.8907191745
 20
134.6054151538
 11
226.3907191745
 21
134.6054151538
  0
LINE
  5
BBA
100
AcDbEntity
  8
0
100
AcDbLine
 62
7
  6
CONTINUOUS
 10
227.3907191745
 20
134.6054151538
 11
227.8723538403
 21
134.6054151538
  0
LINE
  5
BBB
100
AcDbEntity
  8
0
100
AcDbLine
 62
7
  6
CONTINUOUS
 10
229.3907191745
 20
134.6054151538
 11
230.3907191745
 21
134.6054151538
  0
LINE
  5
BBC
100
AcDbEntity
  8
0
100
AcDbLine
 62
7
  6
CONTINUOUS
 10
231.3907191745
 20
134.6054151538
 11
232.2887293707
 21
134.6054151538
  0
LINE
  5
BBD
100
AcDbEntity
  8
0
100
AcDbLine
 62
7
  6
CONTINUOUS
 10
233.3907191745
 20
134.6054151538
 11
234.3907191745
 21
134.6054151538
  0
LINE
  5
BBE
100
AcDbEntity
  8
0
100
AcDbLine
 62
7
  6
CONTINUOUS
 10
235.3907191745
 20
134.6054151538
 11
236.3907191745
 21
134.6054151538
  0
LINE
  5
BBF
100
AcDbEntity
  8
0
100
AcDbLine
 62
7
  6
CONTINUOUS
 10
237.6991972467
 20
134.6054151538
 11
238.3907191745
 21
134.6054151538
  0
LINE
  5
BC0
100
AcDbEntity
  8
0
100
AcDbLine
 62
7
  6
CONTINUOUS
 10
239.3907191745
 20
134.6054151538
 11
240.3907191745
 21
134.6054151538
  0
LINE
  5
BC1
100
AcDbEntity
  8
0
100
AcDbLine
 62
7
  6
CONTINUOUS
 10
242.1705533393
 20
134.6054151538
 11
243.8907191745
 21
134.6054151538
  0
LINE
  5
BC2
100
AcDbEntity
  8
0
100
AcDbLine
 62
7
  6
CONTINUOUS
 10
249.4335266449
 20
120.9188214064
 11
249.9063330971
 21
120.5494245212
  0
LINE
  5
BC3
100
AcDbEntity
  8
0
100
AcDbLine
 62
7
  6
CONTINUOUS
 10
228.8907191745
 20
139.7054151538
 11
228.2907191745
 21
140.2181071741
  0
LINE
  5
BC4
100
AcDbEntity
  8
0
100
AcDbLine
 62
7
  6
CONTINUOUS
 10
238.1658740292
 20
132.3540614521
 11
237.3907191745
 21
136.0935827163
  0
LINE
  5
BC5
100
AcDbEntity
  8
0
100
AcDbLine
 62
7
  6
CONTINUOUS
 10
242.8638286944
 20
144.3437357545
 11
242.8638286944
 21
140.6323056339
  0
LINE
  5
BC6
100
AcDbEntity
  8
FASEN
100
AcDbLine
 62
7
  6
CONTINUOUS
 10
243.2807191745
 20
103.6054151538
 11
243.2807191745
 21
104.9054151538
  0
LINE
  5
BC7
100
AcDbEntity
  8
FASEN
100
AcDbLine
 62
7
  6
CONTINUOUS
 10
243.2807191745
 20
105.9054151538
 11
243.2807191745
 21
109.0054151538
  0
LINE
  5
BC8
100
AcDbEntity
  8
0
100
AcDbLine
 62
7
  6
CONTINUOUS
 10
243.2807191745
 20
131.4854151538
 11
243.2807191745
 21
132.3885249715
  0
LINE
  5
BC9
100
AcDbEntity
  8
FASEN
100
AcDbLine
 62
7
  6
CONTINUOUS
 10
243.5807191745
 20
103.6054151538
 11
243.5807191745
 21
105.2054151538
  0
LINE
  5
BCA
100
AcDbEntity
  8
FASEN
100
AcDbLine
 62
7
  6
CONTINUOUS
 10
243.5807191745
 20
105.6054151538
 11
243.5807191745
 21
109.0054151538
  0
LINE
  5
BCB
100
AcDbEntity
  8
0
100
AcDbLine
 62
7
  6
CONTINUOUS
 10
243.8907191745
 20
137.1154098961
 11
243.8907191745
 21
118.0954204114
  0
LINE
  5
BCC
100
AcDbEntity
  8
0
100
AcDbLine
 62
7
  6
CONTINUOUS
 10
243.8907191745
 20
113.4054151538
 11
243.8907191745
 21
109.0054151538
  0
LINE
  5
BCD
100
AcDbEntity
  8
BEZUGSACHSEN
100
AcDbLine
 62
7
  6
CONTINUOUS
 10
245.5507191745
 20
102.6054151538
 11
245.5507191745
 21
99.0054151538
  0
LINE
  5
BCE
100
AcDbEntity
  8
0
100
AcDbLine
 62
7
  6
CONTINUOUS
 10
245.6907191745
 20
155.2054151538
 11
245.6907191745
 21
152.0881184788
  0
LINE
  5
BCF
100
AcDbEntity
  8
0
100
AcDbLine
 62
7
  6
CONTINUOUS
 10
245.6907191745
 20
102.6054151538
 11
245.6907191745
 21
105.2554151538
  0
LINE
  5
BD0
100
AcDbEntity
  8
0
100
AcDbLine
 62
7
  6
CONTINUOUS
 10
245.6907191745
 20
106.2554151538
 11
245.6907191745
 21
106.7554151538
  0
LINE
  5
BD1
100
AcDbEntity
  8
0
100
AcDbLine
 62
7
  6
CONTINUOUS
 10
245.6907191745
 20
107.7554151538
 11
245.6907191745
 21
113.4054151538
  0
LINE
  5
BD2
100
AcDbEntity
  8
0
100
AcDbLine
 62
7
  6
CONTINUOUS
 10
245.6907191745
 20
118.0954204114
 11
245.6907191745
 21
137.8054151538
  0
LINE
  5
BD3
100
AcDbEntity
  8
0
100
AcDbLine
 62
7
  6
CONTINUOUS
 10
246.1831849894
 20
117.626459797
 11
246.1831849894
 21
117.126459797
  0
LINE
  5
BD4
100
AcDbEntity
  8
0
100
AcDbLine
 62
9
  6
CONTINUOUS
 10
246.2710452009
 20
117.626459797
 11
246.2710452009
 21
117.126459797
  0
LINE
  5
BD5
100
AcDbEntity
  8
0
100
AcDbLine
 62
7
  6
CONTINUOUS
 10
246.2907191745
 20
117.626459797
 11
246.2907191745
 21
113.1054151538
  0
LINE
  5
BD6
100
AcDbEntity
  8
RUNDUNGEN
100
AcDbLine
 62
7
  6
CONTINUOUS
 10
246.2907191745
 20
106.2554151538
 11
246.2907191745
 21
106.2054151538
  0
LINE
  5
BD7
100
AcDbEntity
  8
0
100
AcDbLine
 62
7
  6
CONTINUOUS
 10
246.2907191745
 20
105.2554151538
 11
246.2907191745
 21
106.2054151538
  0
LINE
  5
BD8
100
AcDbEntity
  8
0
100
AcDbLine
 62
7
  6
CONTINUOUS
 10
246.2907191745
 20
106.2554151538
 11
246.2907191745
 21
111.9054151538
  0
LINE
  5
BD9
100
AcDbEntity
  8
FASEN
100
AcDbLine
 62
7
  6
CONTINUOUS
 10
226.5407191745
 20
105.4054151538
 11
227.0407191745
 21
105.9054151538
  0
LINE
  5
BDA
100
AcDbEntity
  8
FASEN
100
AcDbLine
 62
7
  6
CONTINUOUS
 10
229.0807191745
 20
107.2054151538
 11
229.5807191745
 21
107.7054151538
  0
LINE
  5
BDB
100
AcDbEntity
  8
FASEN
100
AcDbLine
 62
7
  6
CONTINUOUS
 10
228.0407191745
 20
104.9054151538
 11
228.5407191745
 21
105.4054151538
  0
LINE
  5
BDC
100
AcDbEntity
  8
FASEN
100
AcDbLine
 62
7
  6
CONTINUOUS
 10
230.5807191745
 20
106.7054151538
 11
231.0807191745
 21
107.2054151538
  0
LINE
  5
BDD
100
AcDbEntity
  8
0
100
AcDbLine
 62
9
  6
CONTINUOUS
 10
240.5466642955
 20
135.2991973711
 11
240.4907191745
 21
135.2991973711
  0
LINE
  5
BDE
100
AcDbEntity
  8
0
100
AcDbLine
 62
9
  6
CONTINUOUS
 10
239.2907191745
 20
135.2991973711
 11
238.4907191745
 21
135.2991973711
  0
LINE
  5
BDF
100
AcDbEntity
  8
0
100
AcDbLine
 62
9
  6
CONTINUOUS
 10
235.2907191745
 20
135.2991973711
 11
234.4907191745
 21
135.2991973711
  0
LINE
  5
BE0
100
AcDbEntity
  8
0
100
AcDbLine
 62
9
  6
CONTINUOUS
 10
231.2907191745
 20
135.2991973711
 11
230.4907191745
 21
135.2991973711
  0
LINE
  5
BE1
100
AcDbEntity
  8
0
100
AcDbLine
 62
9
  6
CONTINUOUS
 10
227.2907191745
 20
135.2991973711
 11
226.4907191745
 21
135.2991973711
  0
LINE
  5
BE2
100
AcDbEntity
  8
0
100
AcDbLine
 62
3
  6
CONTINUOUS
 10
223.8107191745
 20
136.6054151538
 11
227.3907191745
 21
136.6054151538
  0
LINE
  5
BE3
100
AcDbEntity
  8
FASEN
100
AcDbLine
 62
7
  6
CONTINUOUS
 10
227.3907191745
 20
136.6054151538
 11
227.7907191745
 21
136.6054151538
  0
LINE
  5
BE4
100
AcDbEntity
  8
FASEN
100
AcDbLine
 62
7
  6
CONTINUOUS
 10
227.9907191745
 20
136.6054151538
 11
228.3907191745
 21
136.6054151538
  0
LINE
  5
BE5
100
AcDbEntity
  8
0
100
AcDbLine
 62
3
  6
CONTINUOUS
 10
228.0907191745
 20
136.6054151538
 11
228.3907191745
 21
136.6054151538
  0
LINE
  5
BE6
100
AcDbEntity
  8
FASEN
100
AcDbLine
 62
7
  6
CONTINUOUS
 10
231.3907191745
 20
136.6054151538
 11
231.7907191745
 21
136.6054151538
  0
LINE
  5
BE7
100
AcDbEntity
  8
0
100
AcDbLine
 62
3
  6
CONTINUOUS
 10
228.8907191745
 20
136.6054151538
 11
231.3907191745
 21
136.6054151538
  0
LINE
  5
BE8
100
AcDbEntity
  8
FASEN
100
AcDbLine
 62
7
  6
CONTINUOUS
 10
231.9907191745
 20
136.6054151538
 11
232.3907191745
 21
136.6054151538
  0
LINE
  5
BE9
100
AcDbEntity
  8
0
100
AcDbLine
 62
3
  6
CONTINUOUS
 10
232.0907191745
 20
136.6054151538
 11
232.3907191745
 21
136.6054151538
  0
LINE
  5
BEA
100
AcDbEntity
  8
0
100
AcDbLine
 62
3
  6
CONTINUOUS
 10
233.3907191745
 20
136.6054151538
 11
233.6907191745
 21
136.6054151538
  0
LINE
  5
BEB
100
AcDbEntity
  8
FASEN
100
AcDbLine
 62
7
  6
CONTINUOUS
 10
233.3907191745
 20
136.6054151538
 11
233.7907191745
 21
136.6054151538
  0
LINE
  5
BEC
100
AcDbEntity
  8
FASEN
100
AcDbLine
 62
7
  6
CONTINUOUS
 10
236.3707191745
 20
136.6054151538
 11
236.3907191745
 21
136.6054151538
  0
LINE
  5
BED
100
AcDbEntity
  8
0
100
AcDbLine
 62
3
  6
CONTINUOUS
 10
233.9707191745
 20
136.6054151538
 11
236.3907191745
 21
136.6054151538
  0
LINE
  5
BEE
100
AcDbEntity
  8
FASEN
100
AcDbLine
 62
7
  6
CONTINUOUS
 10
237.3907191745
 20
136.6054151538
 11
237.7907191745
 21
136.6054151538
  0
LINE
  5
BEF
100
AcDbEntity
  8
0
100
AcDbLine
 62
3
  6
CONTINUOUS
 10
237.3907191745
 20
136.6054151538
 11
237.6907191745
 21
136.6054151538
  0
LINE
  5
BF0
100
AcDbEntity
  8
FASEN
100
AcDbLine
 62
7
  6
CONTINUOUS
 10
237.9907191745
 20
136.6054151538
 11
238.3907191745
 21
136.6054151538
  0
LINE
  5
BF1
100
AcDbEntity
  8
0
100
AcDbLine
 62
3
  6
CONTINUOUS
 10
238.3907191745
 20
136.6054151538
 11
241.6907191745
 21
136.6054151538
  0
LINE
  5
BF2
100
AcDbEntity
  8
FASEN
100
AcDbLine
 62
7
  6
CONTINUOUS
 10
241.4507191745
 20
136.6054151538
 11
241.7907191745
 21
136.6054151538
  0
LINE
  5
BF3
100
AcDbEntity
  8
0
100
AcDbLine
 62
9
  6
CONTINUOUS
 10
237.3907191745
 20
136.7755810764
 11
236.3907191745
 21
136.7755810764
  0
LINE
  5
BF4
100
AcDbEntity
  8
0
100
AcDbLine
 62
9
  6
CONTINUOUS
 10
233.3907191745
 20
136.7755810764
 11
232.3907191745
 21
136.7755810764
  0
LINE
  5
BF5
100
AcDbEntity
  8
0
100
AcDbLine
 62
9
  6
CONTINUOUS
 10
228.8907191745
 20
136.7755810764
 11
228.3907191745
 21
136.7755810764
  0
LINE
  5
BF6
100
AcDbEntity
  8
0
100
AcDbLine
 62
7
  6
CONTINUOUS
 10
223.8107191745
 20
137.2054151538
 11
226.7779119511
 21
137.2054151538
  0
LINE
  5
BF7
100
AcDbEntity
  8
FASEN
100
AcDbLine
 62
7
  6
CONTINUOUS
 10
226.7779119511
 20
137.2054151538
 11
227.7907191745
 21
137.2054151538
  0
LINE
  5
BF8
100
AcDbEntity
  8
FASEN
100
AcDbLine
 62
7
  6
CONTINUOUS
 10
227.9907191745
 20
137.2054151538
 11
228.8907191745
 21
137.2054151538
  0
LINE
  5
BF9
100
AcDbEntity
  8
0
100
AcDbLine
 62
7
  6
CONTINUOUS
 10
228.0907191745
 20
137.2054151538
 11
231.2907191745
 21
137.2054151538
  0
LINE
  5
BFA
100
AcDbEntity
  8
FASEN
100
AcDbLine
 62
7
  6
CONTINUOUS
 10
231.2907191745
 20
137.2054151538
 11
231.7907191745
 21
137.2054151538
  0
LINE
  5
BFB
100
AcDbEntity
  8
0
100
AcDbLine
 62
7
  6
CONTINUOUS
 10
232.0907191745
 20
137.2054151538
 11
233.6907191745
 21
137.2054151538
  0
LINE
  5
BFC
100
AcDbEntity
  8
FASEN
100
AcDbLine
 62
7
  6
CONTINUOUS
 10
231.9907191745
 20
137.2054151538
 11
233.7907191745
 21
137.2054151538
  0
LINE
  5
BFD
100
AcDbEntity
  8
0
100
AcDbLine
 62
7
  6
CONTINUOUS
 10
233.9707191745
 20
137.2054151538
 11
237.6907191745
 21
137.2054151538
  0
LINE
  5
BFE
100
AcDbEntity
  8
FASEN
100
AcDbLine
 62
7
  6
CONTINUOUS
 10
236.3707191745
 20
137.2054151538
 11
237.7907191745
 21
137.2054151538
  0
LINE
  5
BFF
100
AcDbEntity
  8
FASEN
100
AcDbLine
 62
7
  6
CONTINUOUS
 10
237.9907191745
 20
137.2054151538
 11
238.5862873602
 21
137.2054151538
  0
LINE
  5
C00
100
AcDbEntity
  8
0
100
AcDbLine
 62
7
  6
CONTINUOUS
 10
238.5862873602
 20
137.2054151538
 11
241.6907191745
 21
137.2054151538
  0
LINE
  5
C01
100
AcDbEntity
  8
FASEN
100
AcDbLine
 62
7
  6
CONTINUOUS
 10
241.4507191745
 20
137.2054151538
 11
241.7907191745
 21
137.2054151538
  0
LINE
  5
C02
100
AcDbEntity
  8
0
100
AcDbLine
 62
7
  6
CONTINUOUS
 10
243.1858792054
 20
137.8054151538
 11
224.5955591436
 21
137.8054151538
  0
LINE
  5
C03
100
AcDbEntity
  8
FASEN
100
AcDbLine
 62
7
  6
CONTINUOUS
 10
238.8907191745
 20
138.0054151538
 11
228.8907191745
 21
138.0054151538
  0
LINE
  5
C04
100
AcDbEntity
  8
0
100
AcDbLine
 62
7
  6
CONTINUOUS
 10
232.1248202138
 20
141.6292531485
 11
232.4907191745
 21
141.3189199619
  0
LINE
  5
C05
100
AcDbEntity
  8
0
100
AcDbLine
 62
9
  6
CONTINUOUS
 10
232.1392401938
 20
141.644805598
 11
232.4907191745
 21
141.3189199619
  0
LINE
  5
C06
100
AcDbEntity
  8
0
100
AcDbLine
 62
9
  6
CONTINUOUS
 10
232.0907191745
 20
141.9145574598
 11
232.4907191745
 21
141.543683918
  0
LINE
  5
C07
100
AcDbEntity
  8
0
100
AcDbLine
 62
3
  6
CONTINUOUS
 10
240.3907191745
 20
135.6106041871
 11
242.2412649766
 21
131.9152492312
  0
LINE
  5
C08
100
AcDbEntity
  8
0
100
AcDbLine
 62
7
  6
CONTINUOUS
 10
240.3907191745
 20
136.049416408
 11
242.2412649766
 21
132.3540614521
  0
LINE
  5
C09
100
AcDbEntity
  8
0
100
AcDbLine
 62
7
  6
CONTINUOUS
 10
243.2807191745
 20
132.3885249715
 11
241.3907191745
 21
136.1626660159
  0
LINE
  5
C0A
100
AcDbEntity
  8
RUNDUNGEN
100
AcDbLine
 62
7
  6
CONTINUOUS
 10
246.5205485822
 20
99.4054151538
 11
246.5205485822
 21
102.1054151538
  0
LINE
  5
C0B
100
AcDbEntity
  8
RUNDUNGEN
100
AcDbLine
 62
9
  6
CONTINUOUS
 10
247.6175140937
 20
99.4054151538
 11
247.6175140937
 21
102.1054151538
  0
LINE
  5
C0C
100
AcDbEntity
  8
0
100
AcDbLine
 62
7
  6
CONTINUOUS
 10
247.8907191745
 20
117.626459797
 11
247.8907191745
 21
113.1054151538
  0
LINE
  5
C0D
100
AcDbEntity
  8
0
100
AcDbLine
 62
7
  6
CONTINUOUS
 10
247.8907191745
 20
111.9054151538
 11
247.8907191745
 21
106.2554151538
  0
LINE
  5
C0E
100
AcDbEntity
  8
RUNDUNGEN
100
AcDbLine
 62
7
  6
CONTINUOUS
 10
247.8907191745
 20
106.2554151538
 11
247.8907191745
 21
106.2054151538
  0
LINE
  5
C0F
100
AcDbEntity
  8
0
100
AcDbLine
 62
7
  6
CONTINUOUS
 10
248.0907191745
 20
106.2554151538
 11
248.0907191745
 21
104.6554151538
  0
LINE
  5
C10
100
AcDbEntity
  8
RUNDUNGEN
100
AcDbLine
 62
9
  6
CONTINUOUS
 10
248.137129336
 20
98.8054151538
 11
248.137129336
 21
102.1054151538
  0
LINE
  5
C11
100
AcDbEntity
  8
0
100
AcDbLine
 62
7
  6
CONTINUOUS
 10
248.4907191745
 20
153.965374999
 11
248.4907191745
 21
155.2054151538
  0
LINE
  5
C12
100
AcDbEntity
  8
0
100
AcDbLine
 62
9
  6
CONTINUOUS
 10
248.6907191745
 20
106.7554151538
 11
248.6907191745
 21
106.2554151538
  0
LINE
  5
C13
100
AcDbEntity
  8
0
100
AcDbLine
 62
9
  6
CONTINUOUS
 10
249.8907191745
 20
106.7554151538
 11
249.8907191745
 21
106.2554151538
  0
LINE
  5
C14
100
AcDbEntity
  8
0
100
AcDbLine
 62
7
  6
CONTINUOUS
 10
255.1773138211
 20
143.9611010954
 11
257.521718977
 21
149.7202518111
  0
LINE
  5
C15
100
AcDbEntity
  8
FASEN
100
AcDbLine
 62
7
  6
CONTINUOUS
 10
231.5907191745
 20
105.4054151538
 11
232.0907191745
 21
105.9054151538
  0
LINE
  5
C16
100
AcDbEntity
  8
FASEN
100
AcDbLine
 62
7
  6
CONTINUOUS
 10
225.2307191745
 20
99.0054151538
 11
224.8307191745
 21
98.6054151538
  0
LINE
  5
C17
100
AcDbEntity
  8
FASEN
100
AcDbLine
 62
7
  6
CONTINUOUS
 10
234.1607191745
 20
107.2054151538
 11
234.6607191745
 21
107.7054151538
  0
LINE
  5
C18
100
AcDbEntity
  8
FASEN
100
AcDbLine
 62
7
  6
CONTINUOUS
 10
233.0907191745
 20
104.9054151538
 11
233.5907191745
 21
105.4054151538
  0
LINE
  5
C19
100
AcDbEntity
  8
FASEN
100
AcDbLine
 62
7
  6
CONTINUOUS
 10
235.6607191745
 20
106.7054151538
 11
236.1607191745
 21
107.2054151538
  0
LINE
  5
C1A
100
AcDbEntity
  8
FASEN
100
AcDbLine
 62
7
  6
CONTINUOUS
 10
237.8907191745
 20
138.4054151538
 11
236.8907191745
 21
138.4054151538
  0
LINE
  5
C1B
100
AcDbEntity
  8
FASEN
100
AcDbLine
 62
7
  6
CONTINUOUS
 10
230.8907191745
 20
138.4054151538
 11
229.8907191745
 21
138.4054151538
  0
LINE
  5
C1C
100
AcDbEntity
  8
RUNDUNGEN
100
AcDbLine
 62
7
  6
CONTINUOUS
 10
228.8907191745
 20
138.6054151538
 11
229.8907191745
 21
138.6054151538
  0
LINE
  5
C1D
100
AcDbEntity
  8
0
100
AcDbLine
 62
7
  6
CONTINUOUS
 10
229.8907191745
 20
138.6054151538
 11
230.8907191745
 21
138.6054151538
  0
LINE
  5
C1E
100
AcDbEntity
  8
0
100
AcDbLine
 62
7
  6
CONTINUOUS
 10
236.8907191745
 20
138.6054151538
 11
237.8907191745
 21
138.6054151538
  0
LINE
  5
C1F
100
AcDbEntity
  8
RUNDUNGEN
100
AcDbLine
 62
7
  6
CONTINUOUS
 10
237.8907191745
 20
138.6054151538
 11
238.8907191745
 21
138.6054151538
  0
LINE
  5
C20
100
AcDbEntity
  8
0
100
AcDbLine
 62
7
  6
CONTINUOUS
 10
228.8907191745
 20
139.1054151538
 11
230.3907191745
 21
139.1054151538
  0
LINE
  5
C21
100
AcDbEntity
  8
0
100
AcDbLine
 62
7
  6
CONTINUOUS
 10
237.3907191745
 20
139.1054151538
 11
238.8907191745
 21
139.1054151538
  0
LINE
  5
C22
100
AcDbEntity
  8
0
100
AcDbLine
 62
9
  6
CONTINUOUS
 10
230.8907191745
 20
139.4054151538
 11
236.8907191745
 21
139.4054151538
  0
LINE
  5
C23
100
AcDbEntity
  8
0
100
AcDbLine
 62
7
  6
CONTINUOUS
 10
236.8907191745
 20
140.2054151538
 11
235.4907191745
 21
140.2054151538
  0
LINE
  5
C24
100
AcDbEntity
  8
0
100
AcDbLine
 62
7
  6
CONTINUOUS
 10
232.2907191745
 20
140.2054151538
 11
230.8907191745
 21
140.2054151538
  0
LINE
  5
C25
100
AcDbEntity
  8
4171
100
AcDbLine
 62
7
  6
CONTINUOUS
 10
230.8907191745
 20
140.2054151538
 11
232.2907191745
 21
140.2054151538
  0
LINE
  5
C26
100
AcDbEntity
  8
4171
100
AcDbLine
 62
7
  6
CONTINUOUS
 10
235.4907191745
 20
140.2054151538
 11
236.8907191745
 21
140.2054151538
  0
LINE
  5
C27
100
AcDbEntity
  8
4171
100
AcDbLine
 62
9
  6
CONTINUOUS
 10
230.8907191745
 20
140.9198399344
 11
232.2907191745
 21
140.9198399344
  0
LINE
  5
C28
100
AcDbEntity
  8
4171
100
AcDbLine
 62
9
  6
CONTINUOUS
 10
235.4907191745
 20
140.9198399344
 11
236.8907191745
 21
140.9198399344
  0
LINE
  5
C29
100
AcDbEntity
  8
0
100
AcDbLine
 62
9
  6
CONTINUOUS
 10
235.2907191745
 20
141.543683918
 11
232.4907191745
 21
141.543683918
  0
LINE
  5
C2A
100
AcDbEntity
  8
0
100
AcDbLine
 62
9
  6
CONTINUOUS
 10
232.0907191745
 20
143.5623217102
 11
232.4907191745
 21
143.3745330851
  0
LINE
  5
C2B
100
AcDbEntity
  8
0
100
AcDbLine
 62
7
  6
CONTINUOUS
 10
224.3732636049
 20
149.6376197525
 11
223.7100827975
 21
150.0658301758
  0
LINE
  5
C2C
100
AcDbEntity
  8
0
100
AcDbLine
 62
7
  6
CONTINUOUS
 10
250.6907191745
 20
104.6554151538
 11
250.6907191745
 21
106.7554151538
  0
LINE
  5
C2D
100
AcDbEntity
  8
0
100
AcDbLine
 62
7
  6
CONTINUOUS
 10
251.4907191745
 20
109.8655419219
 11
251.4907191745
 21
104.6554151538
  0
LINE
  5
C2E
100
AcDbEntity
  8
RUNDUNGEN
100
AcDbLine
 62
9
  6
CONTINUOUS
 10
252.8907191745
 20
99.4054151538
 11
252.8907191745
 21
98.8054151538
  0
LINE
  5
C2F
100
AcDbEntity
  8
0
100
AcDbLine
 62
7
  6
CONTINUOUS
 10
244.3235363997
 20
114.3783321514
 11
245.2470286127
 21
115.5603482818
  0
LINE
  5
C30
100
AcDbEntity
  8
0
100
AcDbLine
 62
3
  6
CONTINUOUS
 10
245.2470286127
 20
115.5603482818
 11
245.9858223831
 21
116.5059611862
  0
LINE
  5
C31
100
AcDbEntity
  8
02___PRT_ALL_AXES
100
AcDbLine
 62
3
  6
CONTINUOUS
 10
245.9858223831
 20
116.5059611862
 11
246.2936531207
 21
116.899966563
  0
LINE
  5
C32
100
AcDbEntity
  8
0
100
AcDbLine
 62
7
  6
CONTINUOUS
 10
246.8612518423
 20
117.626459797
 11
247.6823507535
 21
118.6774184777
  0
LINE
  5
C33
100
AcDbEntity
  8
RUNDUNGEN
100
AcDbLine
 62
3
  6
CONTINUOUS
 10
246.8612518423
 20
117.626459797
 11
248.3253359893
 21
119.5004020499
  0
LINE
  5
C34
100
AcDbEntity
  8
0
100
AcDbLine
 62
7
  6
CONTINUOUS
 10
248.3253359893
 20
119.5004020499
 11
249.4335266449
 21
120.9188214064
  0
LINE
  5
C35
100
AcDbEntity
  8
0
100
AcDbLine
 62
7
  6
CONTINUOUS
 10
244.7674165248
 20
114.1343381805
 11
245.2287697982
 21
114.7248434423
  0
LINE
  5
C36
100
AcDbEntity
  8
0
100
AcDbLine
 62
7
  6
CONTINUOUS
 10
245.6410339895
 20
115.2525175442
 11
246.2907191745
 21
116.0840766602
  0
LINE
  5
C37
100
AcDbEntity
  8
RUNDUNGEN
100
AcDbLine
 62
7
  6
CONTINUOUS
 10
248.0166080179
 20
118.2931136435
 11
248.7193413661
 21
119.1925713122
  0
LINE
  5
C38
100
AcDbEntity
  8
0
100
AcDbLine
 62
7
  6
CONTINUOUS
 10
249.1316055574
 20
119.7202454141
 11
249.8275320217
 21
120.6109906687
  0
LINE
  5
C39
100
AcDbEntity
  8
0
100
AcDbLine
 62
7
  6
CONTINUOUS
 10
249.9063330971
 20
120.5494245212
 11
249.2291054742
 21
119.6826126922
  0
LINE
  5
C3A
100
AcDbEntity
  8
0
100
AcDbLine
 62
7
  6
CONTINUOUS
 10
248.9041321288
 20
119.2666657781
 11
247.8256352748
 21
117.8862527545
  0
LINE
  5
C3B
100
AcDbEntity
  8
0
100
AcDbLine
 62
7
  6
CONTINUOUS
 10
246.2907191745
 20
115.9216497357
 11
245.6138453775
 21
115.0552907832
  0
LINE
  5
C3C
100
AcDbEntity
  8
0
100
AcDbLine
 62
7
  6
CONTINUOUS
 10
245.2888720321
 20
114.6393438691
 11
244.7963428519
 21
114.0089352662
  0
LINE
  5
C3D
100
AcDbEntity
  8
0
100
AcDbLine
 62
9
  6
CONTINUOUS
 10
245.6755038451
 20
114.9717830984
 11
245.3676731075
 21
114.5777777216
  0
LINE
  5
C3E
100
AcDbEntity
  8
0
100
AcDbLine
 62
9
  6
CONTINUOUS
 10
249.0000758119
 20
119.2270411679
 11
249.3079065496
 21
119.6210465447
  0
LINE
  5
C3F
100
AcDbEntity
  8
RUNDUNGEN
100
AcDbLine
 62
9
  6
CONTINUOUS
 10
245.8426659176
 20
114.8411817739
 11
245.5348351799
 21
114.4471763971
  0
LINE
  5
C40
100
AcDbEntity
  8
RUNDUNGEN
100
AcDbLine
 62
9
  6
CONTINUOUS
 10
249.1672378844
 20
119.0964398433
 11
249.475068622
 21
119.4904452202
  0
LINE
  5
C41
100
AcDbEntity
  8
RUNDUNGEN
100
AcDbLine
 62
7
  6
CONTINUOUS
 10
246.2366712944
 20
114.5333510362
 11
245.9288405567
 21
114.1393456594
  0
LINE
  5
C42
100
AcDbEntity
  8
RUNDUNGEN
100
AcDbLine
 62
7
  6
CONTINUOUS
 10
249.5612432612
 20
118.7886091057
 11
249.8690739988
 21
119.1826144825
  0
LINE
  5
C43
100
AcDbEntity
  8
FASEN
100
AcDbLine
 62
7
  6
CONTINUOUS
 10
236.7007191745
 20
105.4054151538
 11
237.2007191745
 21
105.9054151538
  0
LINE
  5
C44
100
AcDbEntity
  8
FASEN
100
AcDbLine
 62
7
  6
CONTINUOUS
 10
239.2407191745
 20
107.2054151538
 11
239.7407191745
 21
107.7054151538
  0
LINE
  5
C45
100
AcDbEntity
  8
0
100
AcDbLine
 62
7
  6
CONTINUOUS
 10
246.2907191745
 20
113.1054151538
 11
245.6907191745
 21
112.5054151538
  0
LINE
  5
C46
100
AcDbEntity
  8
FASEN
100
AcDbLine
 62
7
  6
CONTINUOUS
 10
238.2007191745
 20
104.9054151538
 11
238.7007191745
 21
105.4054151538
  0
LINE
  5
C47
100
AcDbEntity
  8
FASEN
100
AcDbLine
 62
7
  6
CONTINUOUS
 10
240.7407191745
 20
106.7054151538
 11
241.2407191745
 21
107.2054151538
  0
LINE
  5
C48
100
AcDbEntity
  8
0
100
AcDbLine
 62
9
  6
CONTINUOUS
 10
235.2907191745
 20
143.3745330851
 11
232.4907191745
 21
143.3745330851
  0
LINE
  5
C49
100
AcDbEntity
  8
0
100
AcDbLine
 62
7
  6
CONTINUOUS
 10
224.9176096546
 20
144.3437357545
 11
228.2907191745
 21
144.3437357545
  0
LINE
  5
C4A
100
AcDbEntity
  8
0
100
AcDbLine
 62
7
  6
CONTINUOUS
 10
239.4907191745
 20
144.3437357545
 11
242.8638286944
 21
144.3437357545
  0
LINE
  5
C4B
100
AcDbEntity
  8
0
100
AcDbLine
 62
7
  6
CONTINUOUS
 10
213.8907191745
 20
145.4054151538
 11
216.3509135312
 21
145.4054151538
  0
LINE
  5
C4C
100
AcDbEntity
  8
0
100
AcDbLine
 62
9
  6
CONTINUOUS
 10
232.0907191745
 20
146.7877607842
 11
232.4907191745
 21
146.5999721591
  0
LINE
  5
C4D
100
AcDbEntity
  8
0
100
AcDbLine
 62
7
  6
CONTINUOUS
 10
242.8638286944
 20
140.6323056339
 11
245.6907191745
 21
137.8054151538
  0
LINE
  5
C4E
100
AcDbEntity
  8
RUNDUNGEN
100
AcDbLine
 62
9
  6
CONTINUOUS
 10
257.0907191745
 20
117.9132402778
 11
257.0907191745
 21
117.4034255637
  0
LINE
  5
C4F
100
AcDbEntity
  8
0
100
AcDbLine
 62
7
  6
CONTINUOUS
 10
247.8907191745
 20
111.9054151538
 11
248.4907191745
 21
112.5054151538
  0
LINE
  5
C50
100
AcDbEntity
  8
FASEN
100
AcDbLine
 62
7
  6
CONTINUOUS
 10
241.7807191745
 20
105.4054151538
 11
242.2807191745
 21
105.9054151538
  0
LINE
  5
C51
100
AcDbEntity
  8
FASEN
100
AcDbLine
 62
7
  6
CONTINUOUS
 10
243.2807191745
 20
104.9054151538
 11
243.7807191745
 21
105.4054151538
  0
LINE
  5
C52
100
AcDbEntity
  8
RUNDUNGEN
100
AcDbLine
 62
7
  6
CONTINUOUS
 10
232.0244419094
 20
146.5729359007
 11
231.1539111171
 21
146.3302167899
  0
LINE
  5
C53
100
AcDbEntity
  8
RUNDUNGEN
100
AcDbLine
 62
7
  6
CONTINUOUS
 10
232.0244419094
 20
147.0871659884
 11
231.1539111171
 21
146.8444468777
  0
LINE
  5
C54
100
AcDbEntity
  8
0
100
AcDbLine
 62
7
  6
CONTINUOUS
 10
218.6907191745
 20
146.0054151538
 11
219.1907191745
 21
146.0054151538
  0
LINE
  5
C55
100
AcDbEntity
  8
0
100
AcDbLine
 62
9
  6
CONTINUOUS
 10
218.6907191745
 20
146.3054151538
 11
219.1907191745
 21
146.3054151538
  0
LINE
  5
C56
100
AcDbEntity
  8
0
100
AcDbLine
 62
7
  6
CONTINUOUS
 10
241.5186173836
 20
146.3437357545
 11
239.4907191745
 21
146.3437357545
  0
LINE
  5
C57
100
AcDbEntity
  8
0
100
AcDbLine
 62
7
  6
CONTINUOUS
 10
228.2907191745
 20
146.3437357545
 11
226.2628209653
 21
146.3437357545
  0
LINE
  5
C58
100
AcDbEntity
  8
RUNDUNGEN
100
AcDbLine
 62
7
  6
CONTINUOUS
 10
232.1612499667
 20
146.5914151538
 11
232.2907191745
 21
146.5914151538
  0
LINE
  5
C59
100
AcDbEntity
  8
RUNDUNGEN
100
AcDbLine
 62
7
  6
CONTINUOUS
 10
235.4907191745
 20
146.5914151538
 11
235.6201883822
 21
146.5914151538
  0
LINE
  5
C5A
100
AcDbEntity
  8
0
100
AcDbLine
 62
9
  6
CONTINUOUS
 10
235.2907191745
 20
146.5999721591
 11
232.4907191745
 21
146.5999721591
  0
LINE
  5
C5B
100
AcDbEntity
  8
RUNDUNGEN
100
AcDbLine
 62
7
  6
CONTINUOUS
 10
235.6201883822
 20
147.1056452415
 11
235.4907191745
 21
147.1056452415
  0
LINE
  5
C5C
100
AcDbEntity
  8
RUNDUNGEN
100
AcDbLine
 62
7
  6
CONTINUOUS
 10
232.2907191745
 20
147.1056452415
 11
232.1612499667
 21
147.1056452415
  0
LINE
  5
C5D
100
AcDbEntity
  8
0
100
AcDbLine
 62
7
  6
CONTINUOUS
 10
220.6595300248
 20
148.8054151538
 11
219.1907191745
 21
148.8054151538
  0
LINE
  5
C5E
100
AcDbEntity
  8
RUNDUNGEN
100
AcDbLine
 62
7
  6
CONTINUOUS
 10
236.6275272318
 20
146.3302167899
 11
235.7569964395
 21
146.5729359007
  0
LINE
  5
C5F
100
AcDbEntity
  8
RUNDUNGEN
100
AcDbLine
 62
7
  6
CONTINUOUS
 10
236.6275272318
 20
146.8444468777
 11
235.7569964395
 21
147.0871659884
  0
LINE
  5
C60
100
AcDbEntity
  8
0
100
AcDbLine
 62
7
  6
CONTINUOUS
 10
257.4907191745
 20
119.3567789028
 11
257.4907191745
 21
149.6440992166
  0
LINE
  5
C61
100
AcDbEntity
  8
0
100
AcDbLine
 62
7
  6
CONTINUOUS
 10
257.6907191745
 20
103.6054151538
 11
257.6907191745
 21
139.6054151538
  0
LINE
  5
C62
100
AcDbEntity
  8
AUSFORMSCHRAEGEN
100
AcDbLine
 62
7
  6
CONTINUOUS
 10
259.8907191745
 20
151.6054151538
 11
259.8907191745
 21
103.6054151538
  0
LINE
  5
C63
100
AcDbEntity
  8
0
100
AcDbLine
 62
7
  6
CONTINUOUS
 10
259.8907191745
 20
151.6054151538
 11
259.8907191745
 21
103.6054151538
  0
LINE
  5
C64
100
AcDbEntity
  8
0
100
AcDbLine
 62
9
  6
CONTINUOUS
 10
256.799686546
 20
117.3917373652
 11
255.6193112467
 21
115.0751204023
  0
LINE
  5
C65
100
AcDbEntity
  8
0
100
AcDbLine
 62
9
  6
CONTINUOUS
 10
232.3907191745
 20
149.5352298794
 11
235.3907191745
 21
149.5352298794
  0
LINE
  5
C66
100
AcDbEntity
  8
0
100
AcDbLine
 62
9
  6
CONTINUOUS
 10
218.6907191745
 20
151.3054151538
 11
219.1907191745
 21
151.3054151538
  0
LINE
  5
C67
100
AcDbEntity
  8
0
100
AcDbLine
 62
7
  6
CONTINUOUS
 10
218.6907191745
 20
151.6054151538
 11
219.4960099905
 21
151.6054151538
  0
LINE
  5
C68
100
AcDbEntity
  8
0
100
AcDbLine
 62
7
  6
CONTINUOUS
 10
219.3907191745
 20
152.2054151538
 11
213.8907191745
 21
152.2054151538
  0
LINE
  5
C69
100
AcDbEntity
  8
FASEN
100
AcDbLine
 62
7
  6
CONTINUOUS
 10
245.5507191745
 20
99.0054151538
 11
245.1507191745
 21
98.6054151538
  0
LINE
  5
C6A
100
AcDbEntity
  8
RUNDUNGEN
100
AcDbLine
 62
7
  6
CONTINUOUS
 10
232.7907191745
 20
152.967134721
 11
234.9907191745
 21
152.967134721
  0
LINE
  5
C6B
100
AcDbEntity
  8
0
100
AcDbLine
 62
7
  6
CONTINUOUS
 10
236.7907191745
 20
155.2054151538
 11
230.9907191745
 21
155.2054151538
  0
LINE
  5
C6C
100
AcDbEntity
  8
RUNDUNGEN
100
AcDbLine
 62
7
  6
CONTINUOUS
 10
240.3907191745
 20
156.4054151538
 11
236.1907191745
 21
156.4054151538
  0
LINE
  5
C6D
100
AcDbEntity
  8
RUNDUNGEN
100
AcDbLine
 62
7
  6
CONTINUOUS
 10
231.5907191745
 20
156.4054151538
 11
214.8907191745
 21
156.4054151538
  0
LINE
  5
C6E
100
AcDbEntity
  8
BEZUGSACHSEN
100
AcDbLine
 62
9
  6
CONTINUOUS
 10
253.6865035133
 20
149.9686111685
 11
253.8075690399
 21
149.7195894339
  0
LINE
  5
C6F
100
AcDbEntity
  8
0
100
AcDbLine
 62
9
  6
CONTINUOUS
 10
253.8075690399
 20
149.7195894339
 11
253.9378086108
 21
149.4517057358
  0
LINE
  5
C70
100
AcDbEntity
  8
AUSFORMSCHRAEGEN
100
AcDbLine
 62
7
  6
CONTINUOUS
 10
214.8907191745
 20
158.6054151538
 11
252.8907191745
 21
158.6054151538
  0
LINE
  5
C71
100
AcDbEntity
  8
0
100
AcDbLine
 62
7
  6
CONTINUOUS
 10
214.8907191745
 20
158.6054151538
 11
252.8907191745
 21
158.6054151538
  0
LINE
  5
C72
100
AcDbEntity
  8
0
100
AcDbLine
 62
7
  6
CONTINUOUS
 10
249.838591002
 20
193.2453795619
 11
211.838591002
 21
193.2453795619
  0
LINE
  5
C73
100
AcDbEntity
  8
FASEN
100
AcDbLine
 62
7
  6
CONTINUOUS
 10
219.178591002
 20
195.6453795619
 11
219.578591002
 21
195.2453795619
  0
LINE
  5
C74
100
AcDbEntity
  8
0
100
AcDbLine
 62
7
  6
CONTINUOUS
 10
204.838591002
 20
200.2453795619
 11
204.838591002
 21
205.4453795619
  0
LINE
  5
C75
100
AcDbEntity
  8
0
100
AcDbLine
 62
7
  6
CONTINUOUS
 10
204.838591002
 20
209.4453795619
 11
204.838591002
 21
248.2453795619
  0
LINE
  5
C76
100
AcDbEntity
  8
0
100
AcDbLine
 62
3
  6
CONTINUOUS
 10
206.438591002
 20
206.0453795619
 11
206.438591002
 21
208.8453795619
  0
LINE
  5
C77
100
AcDbEntity
  8
0
100
AcDbLine
 62
9
  6
CONTINUOUS
 10
207.9296236304
 20
234.4590573504
 11
209.1099989297
 21
236.7756743133
  0
LINE
  5
C78
100
AcDbEntity
  8
FASEN
100
AcDbLine
 62
7
  6
CONTINUOUS
 10
242.098591002
 20
195.2453795619
 11
239.898591002
 21
195.2453795619
  0
LINE
  5
C79
100
AcDbEntity
  8
FASEN
100
AcDbLine
 62
7
  6
CONTINUOUS
 10
221.778591002
 20
195.2453795619
 11
219.578591002
 21
195.2453795619
  0
LINE
  5
C7A
100
AcDbEntity
  8
FASEN
100
AcDbLine
 62
7
  6
CONTINUOUS
 10
242.498591002
 20
195.6453795619
 11
239.498591002
 21
195.6453795619
  0
LINE
  5
C7B
100
AcDbEntity
  8
FASEN
100
AcDbLine
 62
7
  6
CONTINUOUS
 10
222.178591002
 20
195.6453795619
 11
219.178591002
 21
195.6453795619
  0
LINE
  5
C7C
100
AcDbEntity
  8
0
100
AcDbLine
 62
9
  6
CONTINUOUS
 10
212.7554408674
 20
198.3595538419
 11
212.8856804383
 21
198.0916701439
  0
LINE
  5
C7D
100
AcDbEntity
  8
BEZUGSACHSEN
100
AcDbLine
 62
9
  6
CONTINUOUS
 10
212.6343753408
 20
198.6085755766
 11
212.7554408674
 21
198.3595538419
  0
LINE
  5
C7E
100
AcDbEntity
  8
0
100
AcDbLine
 62
7
  6
CONTINUOUS
 10
206.938591002
 20
206.0453795619
 11
206.938591002
 21
208.8453795619
  0
LINE
  5
C7F
100
AcDbEntity
  8
0
100
AcDbLine
 62
7
  6
CONTINUOUS
 10
207.238591002
 20
232.4940158128
 11
207.238591002
 21
202.2406504841
  0
LINE
  5
C80
100
AcDbEntity
  8
0
100
AcDbLine
 62
7
  6
CONTINUOUS
 10
216.7506359204
 20
199.2453795619
 11
242.638591002
 21
199.2453795619
  0
LINE
  5
C81
100
AcDbEntity
  8
0
100
AcDbLine
 62
7
  6
CONTINUOUS
 10
240.228591002
 20
200.2453795619
 11
239.228591002
 21
200.2453795619
  0
LINE
  5
C82
100
AcDbEntity
  8
0
100
AcDbLine
 62
7
  6
CONTINUOUS
 10
235.148591002
 20
200.2453795619
 11
234.148591002
 21
200.2453795619
  0
LINE
  5
C83
100
AcDbEntity
  8
0
100
AcDbLine
 62
7
  6
CONTINUOUS
 10
230.038591002
 20
200.2453795619
 11
229.038591002
 21
200.2453795619
  0
LINE
  5
C84
100
AcDbEntity
  8
0
100
AcDbLine
 62
7
  6
CONTINUOUS
 10
224.988591002
 20
200.2453795619
 11
223.988591002
 21
200.2453795619
  0
LINE
  5
C85
100
AcDbEntity
  8
FASEN
100
AcDbLine
 62
7
  6
CONTINUOUS
 10
219.038591002
 20
200.2453795619
 11
221.448591002
 21
200.2453795619
  0
LINE
  5
C86
100
AcDbEntity
  8
0
100
AcDbLine
 62
7
  6
CONTINUOUS
 10
221.448591002
 20
200.2453795619
 11
222.448591002
 21
200.2453795619
  0
LINE
  5
C87
100
AcDbEntity
  8
FASEN
100
AcDbLine
 62
7
  6
CONTINUOUS
 10
222.448591002
 20
200.2453795619
 11
223.988591002
 21
200.2453795619
  0
LINE
  5
C88
100
AcDbEntity
  8
FASEN
100
AcDbLine
 62
7
  6
CONTINUOUS
 10
224.988591002
 20
200.2453795619
 11
226.528591002
 21
200.2453795619
  0
LINE
  5
C89
100
AcDbEntity
  8
0
100
AcDbLine
 62
7
  6
CONTINUOUS
 10
226.528591002
 20
200.2453795619
 11
227.528591002
 21
200.2453795619
  0
LINE
  5
C8A
100
AcDbEntity
  8
FASEN
100
AcDbLine
 62
7
  6
CONTINUOUS
 10
227.528591002
 20
200.2453795619
 11
229.038591002
 21
200.2453795619
  0
LINE
  5
C8B
100
AcDbEntity
  8
FASEN
100
AcDbLine
 62
7
  6
CONTINUOUS
 10
230.038591002
 20
200.2453795619
 11
231.608591002
 21
200.2453795619
  0
LINE
  5
C8C
100
AcDbEntity
  8
0
100
AcDbLine
 62
7
  6
CONTINUOUS
 10
231.608591002
 20
200.2453795619
 11
232.608591002
 21
200.2453795619
  0
LINE
  5
C8D
100
AcDbEntity
  8
FASEN
100
AcDbLine
 62
7
  6
CONTINUOUS
 10
232.608591002
 20
200.2453795619
 11
234.148591002
 21
200.2453795619
  0
LINE
  5
C8E
100
AcDbEntity
  8
FASEN
100
AcDbLine
 62
7
  6
CONTINUOUS
 10
235.148591002
 20
200.2453795619
 11
236.688591002
 21
200.2453795619
  0
LINE
  5
C8F
100
AcDbEntity
  8
0
100
AcDbLine
 62
7
  6
CONTINUOUS
 10
236.688591002
 20
200.2453795619
 11
237.688591002
 21
200.2453795619
  0
LINE
  5
C90
100
AcDbEntity
  8
FASEN
100
AcDbLine
 62
7
  6
CONTINUOUS
 10
237.688591002
 20
200.2453795619
 11
239.228591002
 21
200.2453795619
  0
LINE
  5
C91
100
AcDbEntity
  8
FASEN
100
AcDbLine
 62
7
  6
CONTINUOUS
 10
240.228591002
 20
200.2453795619
 11
242.638591002
 21
200.2453795619
  0
LINE
  5
C92
100
AcDbEntity
  8
0
100
AcDbLine
 62
7
  6
CONTINUOUS
 10
244.638591002
 20
200.8953795619
 11
242.638591002
 21
200.8953795619
  0
LINE
  5
C93
100
AcDbEntity
  8
0
100
AcDbLine
 62
9
  6
CONTINUOUS
 10
247.638591002
 20
201.2953795619
 11
245.038591002
 21
201.2953795619
  0
LINE
  5
C94
100
AcDbEntity
  8
0
100
AcDbLine
 62
7
  6
CONTINUOUS
 10
242.638591002
 20
201.8953795619
 11
243.238591002
 21
201.8953795619
  0
LINE
  5
C95
100
AcDbEntity
  8
FASEN
100
AcDbLine
 62
7
  6
CONTINUOUS
 10
220.948591002
 20
203.8453795619
 11
221.448591002
 21
203.3453795619
  0
LINE
  5
C96
100
AcDbEntity
  8
0
100
AcDbLine
 62
7
  6
CONTINUOUS
 10
210.538591002
 20
248.5453795619
 11
210.538591002
 21
242.3453795619
  0
LINE
  5
C97
100
AcDbEntity
  8
0
100
AcDbLine
 62
7
  6
CONTINUOUS
 10
218.8535500887
 20
245.8010374969
 11
218.5979844771
 21
244.8892055615
  0
LINE
  5
C98
100
AcDbEntity
  8
RUNDUNGEN
100
AcDbLine
 62
7
  6
CONTINUOUS
 10
215.1680669153
 20
233.0621856099
 11
214.8602361776
 21
232.6681802331
  0
LINE
  5
C99
100
AcDbEntity
  8
RUNDUNGEN
100
AcDbLine
 62
7
  6
CONTINUOUS
 10
218.492638882
 20
237.3174436794
 11
218.8004696197
 21
237.7114490562
  0
LINE
  5
C9A
100
AcDbEntity
  8
RUNDUNGEN
100
AcDbLine
 62
9
  6
CONTINUOUS
 10
215.5620722921
 20
232.7543548723
 11
215.2542415544
 21
232.3603494955
  0
LINE
  5
C9B
100
AcDbEntity
  8
RUNDUNGEN
100
AcDbLine
 62
9
  6
CONTINUOUS
 10
218.8866442588
 20
237.0096129418
 11
219.1944749965
 21
237.4036183186
  0
LINE
  5
C9C
100
AcDbEntity
  8
0
100
AcDbLine
 62
9
  6
CONTINUOUS
 10
215.7292343645
 20
232.6237535478
 11
215.4214036269
 21
232.229748171
  0
LINE
  5
C9D
100
AcDbEntity
  8
0
100
AcDbLine
 62
9
  6
CONTINUOUS
 10
219.0538063313
 20
236.8790116172
 11
219.3616370689
 21
237.273016994
  0
LINE
  5
C9E
100
AcDbEntity
  8
0
100
AcDbLine
 62
7
  6
CONTINUOUS
 10
214.8265842769
 20
231.2985519429
 11
215.5038118998
 21
232.1653637718
  0
LINE
  5
C9F
100
AcDbEntity
  8
0
100
AcDbLine
 62
7
  6
CONTINUOUS
 10
215.8303026574
 20
232.5832528851
 11
219.1175545842
 21
236.7907434816
  0
LINE
  5
CA0
100
AcDbEntity
  8
0
100
AcDbLine
 62
7
  6
CONTINUOUS
 10
219.4440453418
 20
237.2086325949
 11
219.9365745221
 21
237.8390411978
  0
LINE
  5
CA1
100
AcDbEntity
  8
0
100
AcDbLine
 62
7
  6
CONTINUOUS
 10
219.9618936516
 20
237.7164565351
 11
219.5005403782
 21
237.1259512733
  0
LINE
  5
CA2
100
AcDbEntity
  8
0
100
AcDbLine
 62
7
  6
CONTINUOUS
 10
219.0882761869
 20
236.5982771715
 11
216.0099688103
 21
232.6582234034
  0
LINE
  5
CA3
100
AcDbEntity
  8
0
100
AcDbLine
 62
7
  6
CONTINUOUS
 10
215.597704619
 20
232.1305493016
 11
214.9017781547
 21
231.2398040469
  0
LINE
  5
CA4
100
AcDbEntity
  8
RUNDUNGEN
100
AcDbLine
 62
3
  6
CONTINUOUS
 10
243.238591002
 20
202.8453795619
 11
244.838591002
 21
202.8453795619
  0
LINE
  5
CA5
100
AcDbEntity
  8
0
100
AcDbLine
 62
7
  6
CONTINUOUS
 10
242.638591002
 20
202.8953795619
 11
247.638591002
 21
202.8953795619
  0
LINE
  5
CA6
100
AcDbEntity
  8
0
100
AcDbLine
 62
7
  6
CONTINUOUS
 10
242.638591002
 20
203.3953795619
 11
243.238591002
 21
203.3953795619
  0
LINE
  5
CA7
100
AcDbEntity
  8
0
100
AcDbLine
 62
3
  6
CONTINUOUS
 10
244.838591002
 20
203.3953795619
 11
247.638591002
 21
203.3953795619
  0
LINE
  5
CA8
100
AcDbEntity
  8
0
100
AcDbLine
 62
9
  6
CONTINUOUS
 10
244.838591002
 20
203.6953795619
 11
243.238591002
 21
203.6953795619
  0
LINE
  5
CA9
100
AcDbEntity
  8
0
100
AcDbLine
 62
7
  6
CONTINUOUS
 10
243.238591002
 20
204.3953795619
 11
242.638591002
 21
204.3953795619
  0
LINE
  5
CAA
100
AcDbEntity
  8
0
100
AcDbLine
 62
7
  6
CONTINUOUS
 10
244.838591002
 20
204.4953795619
 11
243.238591002
 21
204.4953795619
  0
LINE
  5
CAB
100
AcDbEntity
  8
0
100
AcDbLine
 62
7
  6
CONTINUOUS
 10
204.838591002
 20
205.4453795619
 11
207.238591002
 21
205.4453795619
  0
LINE
  5
CAC
100
AcDbEntity
  8
0
100
AcDbLine
 62
7
  6
CONTINUOUS
 10
240.228591002
 20
205.6453795619
 11
239.228591002
 21
205.6453795619
  0
LINE
  5
CAD
100
AcDbEntity
  8
0
100
AcDbLine
 62
7
  6
CONTINUOUS
 10
235.148591002
 20
205.6453795619
 11
234.148591002
 21
205.6453795619
  0
LINE
  5
CAE
100
AcDbEntity
  8
0
100
AcDbLine
 62
7
  6
CONTINUOUS
 10
230.038591002
 20
205.6453795619
 11
229.038591002
 21
205.6453795619
  0
LINE
  5
CAF
100
AcDbEntity
  8
0
100
AcDbLine
 62
7
  6
CONTINUOUS
 10
224.988591002
 20
205.6453795619
 11
223.988591002
 21
205.6453795619
  0
LINE
  5
CB0
100
AcDbEntity
  8
0
100
AcDbLine
 62
7
  6
CONTINUOUS
 10
219.038591002
 20
205.6453795619
 11
220.838591002
 21
205.6453795619
  0
LINE
  5
CB1
100
AcDbEntity
  8
FASEN
100
AcDbLine
 62
7
  6
CONTINUOUS
 10
220.838591002
 20
205.6453795619
 11
221.448591002
 21
205.6453795619
  0
LINE
  5
CB2
100
AcDbEntity
  8
0
100
AcDbLine
 62
7
  6
CONTINUOUS
 10
221.448591002
 20
205.6453795619
 11
222.448591002
 21
205.6453795619
  0
LINE
  5
CB3
100
AcDbEntity
  8
FASEN
100
AcDbLine
 62
7
  6
CONTINUOUS
 10
222.448591002
 20
205.6453795619
 11
223.988591002
 21
205.6453795619
  0
LINE
  5
CB4
100
AcDbEntity
  8
FASEN
100
AcDbLine
 62
7
  6
CONTINUOUS
 10
224.988591002
 20
205.6453795619
 11
226.528591002
 21
205.6453795619
  0
LINE
  5
CB5
100
AcDbEntity
  8
0
100
AcDbLine
 62
7
  6
CONTINUOUS
 10
226.528591002
 20
205.6453795619
 11
227.528591002
 21
205.6453795619
  0
LINE
  5
CB6
100
AcDbEntity
  8
FASEN
100
AcDbLine
 62
7
  6
CONTINUOUS
 10
227.528591002
 20
205.6453795619
 11
229.038591002
 21
205.6453795619
  0
LINE
  5
CB7
100
AcDbEntity
  8
FASEN
100
AcDbLine
 62
7
  6
CONTINUOUS
 10
230.038591002
 20
205.6453795619
 11
231.608591002
 21
205.6453795619
  0
LINE
  5
CB8
100
AcDbEntity
  8
0
100
AcDbLine
 62
7
  6
CONTINUOUS
 10
231.608591002
 20
205.6453795619
 11
232.608591002
 21
205.6453795619
  0
LINE
  5
CB9
100
AcDbEntity
  8
FASEN
100
AcDbLine
 62
7
  6
CONTINUOUS
 10
232.608591002
 20
205.6453795619
 11
234.148591002
 21
205.6453795619
  0
LINE
  5
CBA
100
AcDbEntity
  8
FASEN
100
AcDbLine
 62
7
  6
CONTINUOUS
 10
235.148591002
 20
205.6453795619
 11
236.688591002
 21
205.6453795619
  0
LINE
  5
CBB
100
AcDbEntity
  8
0
100
AcDbLine
 62
7
  6
CONTINUOUS
 10
236.688591002
 20
205.6453795619
 11
237.688591002
 21
205.6453795619
  0
LINE
  5
CBC
100
AcDbEntity
  8
FASEN
100
AcDbLine
 62
7
  6
CONTINUOUS
 10
237.688591002
 20
205.6453795619
 11
239.228591002
 21
205.6453795619
  0
LINE
  5
CBD
100
AcDbEntity
  8
FASEN
100
AcDbLine
 62
7
  6
CONTINUOUS
 10
240.228591002
 20
205.6453795619
 11
240.838591002
 21
205.6453795619
  0
LINE
  5
CBE
100
AcDbEntity
  8
0
100
AcDbLine
 62
7
  6
CONTINUOUS
 10
240.838591002
 20
205.6453795619
 11
242.638591002
 21
205.6453795619
  0
LINE
  5
CBF
100
AcDbEntity
  8
FASEN
100
AcDbLine
 62
7
  6
CONTINUOUS
 10
223.488591002
 20
202.0453795619
 11
223.988591002
 21
201.5453795619
  0
LINE
  5
CC0
100
AcDbEntity
  8
FASEN
100
AcDbLine
 62
7
  6
CONTINUOUS
 10
222.948591002
 20
203.8453795619
 11
222.448591002
 21
204.3453795619
  0
LINE
  5
CC1
100
AcDbEntity
  8
FASEN
100
AcDbLine
 62
7
  6
CONTINUOUS
 10
225.488591002
 20
202.0453795619
 11
224.988591002
 21
202.5453795619
  0
LINE
  5
CC2
100
AcDbEntity
  8
FASEN
100
AcDbLine
 62
7
  6
CONTINUOUS
 10
226.028591002
 20
203.8453795619
 11
226.528591002
 21
203.3453795619
  0
LINE
  5
CC3
100
AcDbEntity
  8
0
100
AcDbLine
 62
3
  6
CONTINUOUS
 10
215.638591002
 20
242.6453795619
 11
215.638591002
 21
248.2453795619
  0
LINE
  5
CC4
100
AcDbEntity
  8
0
100
AcDbLine
 62
7
  6
CONTINUOUS
 10
216.138591002
 20
242.6453795619
 11
216.138591002
 21
248.2453795619
  0
LINE
  5
CC5
100
AcDbEntity
  8
0
100
AcDbLine
 62
9
  6
CONTINUOUS
 10
216.638591002
 20
245.4453795619
 11
216.638591002
 21
248.5453795619
  0
LINE
  5
CC6
100
AcDbEntity
  8
0
100
AcDbLine
 62
7
  6
CONTINUOUS
 10
209.5458802209
 20
207.9086240094
 11
207.1957338591
 21
202.1353697291
  0
LINE
  5
CC7
100
AcDbEntity
  8
0
100
AcDbLine
 62
3
  6
CONTINUOUS
 10
219.4822815637
 20
236.2904464338
 11
216.4039741871
 21
232.3503926658
  0
LINE
  5
CC8
100
AcDbEntity
  8
0
100
AcDbLine
 62
7
  6
CONTINUOUS
 10
220.4093809743
 20
237.4696443126
 11
219.4858887613
 21
236.2876281822
  0
LINE
  5
CC9
100
AcDbEntity
  8
0
100
AcDbLine
 62
7
  6
CONTINUOUS
 10
216.4075813846
 20
232.3475744142
 11
215.2993907291
 21
230.9291550577
  0
LINE
  5
CCA
100
AcDbEntity
  8
RUNDUNGEN
100
AcDbLine
 62
7
  6
CONTINUOUS
 10
220.7959503148
 20
236.2027388747
 11
221.8654814821
 21
237.272270042
  0
LINE
  5
CCB
100
AcDbEntity
  8
0
100
AcDbLine
 62
7
  6
CONTINUOUS
 10
241.0192273789
 20
246.7057945839
 11
240.3560465715
 21
246.2775841606
  0
LINE
  5
CCC
100
AcDbEntity
  8
0
100
AcDbLine
 62
7
  6
CONTINUOUS
 10
206.438591002
 20
206.0453795619
 11
207.238591002
 21
206.0453795619
  0
LINE
  5
CCD
100
AcDbEntity
  8
0
100
AcDbLine
 62
7
  6
CONTINUOUS
 10
206.438591002
 20
208.8453795619
 11
207.238591002
 21
208.8453795619
  0
LINE
  5
CCE
100
AcDbEntity
  8
0
100
AcDbLine
 62
7
  6
CONTINUOUS
 10
204.838591002
 20
209.4453795619
 11
207.238591002
 21
209.4453795619
  0
LINE
  5
CCF
100
AcDbEntity
  8
FASEN
100
AcDbLine
 62
7
  6
CONTINUOUS
 10
228.538591002
 20
202.0453795619
 11
229.038591002
 21
201.5453795619
  0
LINE
  5
CD0
100
AcDbEntity
  8
FASEN
100
AcDbLine
 62
7
  6
CONTINUOUS
 10
228.028591002
 20
203.8453795619
 11
227.528591002
 21
204.3453795619
  0
LINE
  5
CD1
100
AcDbEntity
  8
FASEN
100
AcDbLine
 62
7
  6
CONTINUOUS
 10
230.538591002
 20
202.0453795619
 11
230.038591002
 21
202.5453795619
  0
LINE
  5
CD2
100
AcDbEntity
  8
FASEN
100
AcDbLine
 62
7
  6
CONTINUOUS
 10
231.108591002
 20
203.8453795619
 11
231.608591002
 21
203.3453795619
  0
LINE
  5
CD3
100
AcDbEntity
  8
FASEN
100
AcDbLine
 62
7
  6
CONTINUOUS
 10
239.498591002
 20
195.6453795619
 11
239.898591002
 21
195.2453795619
  0
LINE
  5
CD4
100
AcDbEntity
  8
RUNDUNGEN
100
AcDbLine
 62
7
  6
CONTINUOUS
 10
219.038591002
 20
231.9600981876
 11
219.038591002
 21
226.3457520436
  0
LINE
  5
CD5
100
AcDbEntity
  8
0
100
AcDbLine
 62
7
  6
CONTINUOUS
 10
219.038591002
 20
226.3457520436
 11
219.038591002
 21
199.2453795619
  0
LINE
  5
CD6
100
AcDbEntity
  8
BEZUGSACHSEN
100
AcDbLine
 62
7
  6
CONTINUOUS
 10
219.178591002
 20
199.2453795619
 11
219.178591002
 21
195.6453795619
  0
LINE
  5
CD7
100
AcDbEntity
  8
0
100
AcDbLine
 62
7
  6
CONTINUOUS
 10
220.758591002
 20
233.2453795619
 11
220.758591002
 21
233.8453795619
  0
LINE
  5
CD8
100
AcDbEntity
  8
0
100
AcDbLine
 62
7
  6
CONTINUOUS
 10
220.838591002
 20
233.2453795619
 11
220.838591002
 21
205.6453795619
  0
LINE
  5
CD9
100
AcDbEntity
  8
FASEN
100
AcDbLine
 62
7
  6
CONTINUOUS
 10
221.148591002
 20
205.6453795619
 11
221.148591002
 21
204.0453795619
  0
LINE
  5
CDA
100
AcDbEntity
  8
FASEN
100
AcDbLine
 62
7
  6
CONTINUOUS
 10
221.148591002
 20
200.2453795619
 11
221.148591002
 21
203.6453795619
  0
LINE
  5
CDB
100
AcDbEntity
  8
0
100
AcDbLine
 62
7
  6
CONTINUOUS
 10
248.9316836066
 20
210.0453795619
 11
244.838591002
 21
210.0453795619
  0
LINE
  5
CDC
100
AcDbEntity
  8
0
100
AcDbLine
 62
7
  6
CONTINUOUS
 10
240.838591002
 20
210.0453795619
 11
243.238591002
 21
210.0453795619
  0
LINE
  5
CDD
100
AcDbEntity
  8
0
100
AcDbLine
 62
9
  6
CONTINUOUS
 10
243.238591002
 20
210.9501460754
 11
244.838591002
 21
210.9501460754
  0
LINE
  5
CDE
100
AcDbEntity
  8
0
100
AcDbLine
 62
9
  6
CONTINUOUS
 10
243.238591002
 20
211.9724175918
 11
244.838591002
 21
211.9724175918
  0
LINE
  5
CDF
100
AcDbEntity
  8
0
100
AcDbLine
 62
7
  6
CONTINUOUS
 10
237.438591002
 20
212.0453795619
 11
224.238591002
 21
212.0453795619
  0
LINE
  5
CE0
100
AcDbEntity
  8
FASEN
100
AcDbLine
 62
7
  6
CONTINUOUS
 10
233.648591002
 20
202.0453795619
 11
234.148591002
 21
201.5453795619
  0
LINE
  5
CE1
100
AcDbEntity
  8
FASEN
100
AcDbLine
 62
7
  6
CONTINUOUS
 10
233.108591002
 20
203.8453795619
 11
232.608591002
 21
204.3453795619
  0
LINE
  5
CE2
100
AcDbEntity
  8
FASEN
100
AcDbLine
 62
7
  6
CONTINUOUS
 10
235.648591002
 20
202.0453795619
 11
235.148591002
 21
202.5453795619
  0
LINE
  5
CE3
100
AcDbEntity
  8
FASEN
100
AcDbLine
 62
7
  6
CONTINUOUS
 10
236.188591002
 20
203.8453795619
 11
236.688591002
 21
203.3453795619
  0
LINE
  5
CE4
100
AcDbEntity
  8
FASEN
100
AcDbLine
 62
7
  6
CONTINUOUS
 10
221.448591002
 20
205.6453795619
 11
221.448591002
 21
204.3453795619
  0
LINE
  5
CE5
100
AcDbEntity
  8
FASEN
100
AcDbLine
 62
7
  6
CONTINUOUS
 10
221.448591002
 20
200.2453795619
 11
221.448591002
 21
203.3453795619
  0
LINE
  5
CE6
100
AcDbEntity
  8
0
100
AcDbLine
 62
7
  6
CONTINUOUS
 10
221.458591002
 20
233.8453795619
 11
221.458591002
 21
233.2453795619
  0
LINE
  5
CE7
100
AcDbEntity
  8
0
100
AcDbLine
 62
7
  6
CONTINUOUS
 10
221.8654814821
 20
237.272270042
 11
221.8654814821
 21
240.9837001626
  0
LINE
  5
CE8
100
AcDbEntity
  8
BEZUGSACHSEN
100
AcDbLine
 62
7
  6
CONTINUOUS
 10
222.178591002
 20
199.2453795619
 11
222.178591002
 21
195.6453795619
  0
LINE
  5
CE9
100
AcDbEntity
  8
FASEN
100
AcDbLine
 62
7
  6
CONTINUOUS
 10
222.448591002
 20
200.2453795619
 11
222.448591002
 21
203.3453795619
  0
LINE
  5
CEA
100
AcDbEntity
  8
FASEN
100
AcDbLine
 62
7
  6
CONTINUOUS
 10
222.448591002
 20
204.3453795619
 11
222.448591002
 21
205.6453795619
  0
LINE
  5
CEB
100
AcDbEntity
  8
0
100
AcDbLine
 62
7
  6
CONTINUOUS
 10
222.458591002
 20
233.8453795619
 11
222.458591002
 21
233.2453795619
  0
LINE
  5
CEC
100
AcDbEntity
  8
FASEN
100
AcDbLine
 62
7
  6
CONTINUOUS
 10
222.748591002
 20
200.2453795619
 11
222.748591002
 21
203.6453795619
  0
LINE
  5
CED
100
AcDbEntity
  8
FASEN
100
AcDbLine
 62
7
  6
CONTINUOUS
 10
222.748591002
 20
204.0453795619
 11
222.748591002
 21
205.6453795619
  0
LINE
  5
CEE
100
AcDbEntity
  8
0
100
AcDbLine
 62
7
  6
CONTINUOUS
 10
223.158591002
 20
233.2453795619
 11
223.158591002
 21
233.8453795619
  0
LINE
  5
CEF
100
AcDbEntity
  8
0
100
AcDbLine
 62
7
  6
CONTINUOUS
 10
223.178591002
 20
200.2453795619
 11
223.178591002
 21
199.2453795619
  0
LINE
  5
CF0
100
AcDbEntity
  8
0
100
AcDbLine
 62
7
  6
CONTINUOUS
 10
223.338591002
 20
233.2453795619
 11
223.338591002
 21
231.2453795619
  0
LINE
  5
CF1
100
AcDbEntity
  8
RUNDUNGEN
100
AcDbLine
 62
7
  6
CONTINUOUS
 10
223.338591002
 20
219.2453795619
 11
223.338591002
 21
231.2453795619
  0
LINE
  5
CF2
100
AcDbEntity
  8
0
100
AcDbLine
 62
3
  6
CONTINUOUS
 10
223.438591002
 20
223.0453795619
 11
223.438591002
 21
233.2453795619
  0
LINE
  5
CF3
100
AcDbEntity
  8
0
100
AcDbLine
 62
7
  6
CONTINUOUS
 10
223.6654814821
 20
240.9837001626
 11
223.6654814821
 21
236.0346331352
  0
LINE
  5
CF4
100
AcDbEntity
  8
FASEN
100
AcDbLine
 62
7
  6
CONTINUOUS
 10
223.688591002
 20
205.6453795619
 11
223.688591002
 21
202.2453795619
  0
LINE
  5
CF5
100
AcDbEntity
  8
FASEN
100
AcDbLine
 62
7
  6
CONTINUOUS
 10
223.688591002
 20
200.2453795619
 11
223.688591002
 21
201.8453795619
  0
LINE
  5
CF6
100
AcDbEntity
  8
0
100
AcDbLine
 62
7
  6
CONTINUOUS
 10
223.988591002
 20
228.8982973286
 11
223.988591002
 21
228.1253795619
  0
LINE
  5
CF7
100
AcDbEntity
  8
FASEN
100
AcDbLine
 62
7
  6
CONTINUOUS
 10
223.988591002
 20
205.6453795619
 11
223.988591002
 21
202.5453795619
  0
LINE
  5
CF8
100
AcDbEntity
  8
FASEN
100
AcDbLine
 62
7
  6
CONTINUOUS
 10
223.988591002
 20
200.2453795619
 11
223.988591002
 21
201.5453795619
  0
LINE
  5
CF9
100
AcDbEntity
  8
0
100
AcDbLine
 62
7
  6
CONTINUOUS
 10
224.238591002
 20
212.0453795619
 11
224.238591002
 21
217.0453795619
  0
LINE
  5
CFA
100
AcDbEntity
  8
0
100
AcDbLine
 62
3
  6
CONTINUOUS
 10
224.238591002
 20
223.0453795619
 11
224.238591002
 21
228.1253795619
  0
LINE
  5
CFB
100
AcDbEntity
  8
0
100
AcDbLine
 62
3
  6
CONTINUOUS
 10
224.238591002
 20
229.5755729876
 11
224.238591002
 21
233.2453795619
  0
LINE
  5
CFC
100
AcDbEntity
  8
0
100
AcDbLine
 62
7
  6
CONTINUOUS
 10
224.338591002
 20
233.8453795619
 11
224.338591002
 21
231.2453795619
  0
LINE
  5
CFD
100
AcDbEntity
  8
RUNDUNGEN
100
AcDbLine
 62
7
  6
CONTINUOUS
 10
224.338591002
 20
219.2453795619
 11
224.338591002
 21
228.1253795619
  0
LINE
  5
CFE
100
AcDbEntity
  8
RUNDUNGEN
100
AcDbLine
 62
7
  6
CONTINUOUS
 10
224.338591002
 20
229.8626615455
 11
224.338591002
 21
231.2453795619
  0
LINE
  5
CFF
100
AcDbEntity
  8
FASEN
100
AcDbLine
 62
7
  6
CONTINUOUS
 10
224.538591002
 20
233.2453795619
 11
224.538591002
 21
233.8453795619
  0
LINE
  5
D00
100
AcDbEntity
  8
FASEN
100
AcDbLine
 62
7
  6
CONTINUOUS
 10
224.738591002
 20
233.2453795619
 11
224.738591002
 21
233.8453795619
  0
LINE
  5
D01
100
AcDbEntity
  8
FASEN
100
AcDbLine
 62
7
  6
CONTINUOUS
 10
224.938591002
 20
233.8453795619
 11
224.938591002
 21
233.2453795619
  0
LINE
  5
D02
100
AcDbEntity
  8
0
100
AcDbLine
 62
7
  6
CONTINUOUS
 10
224.988591002
 20
228.8510703503
 11
224.988591002
 21
228.1253795619
  0
LINE
  5
D03
100
AcDbEntity
  8
FASEN
100
AcDbLine
 62
7
  6
CONTINUOUS
 10
224.988591002
 20
200.2453795619
 11
224.988591002
 21
201.5453795619
  0
LINE
  5
D04
100
AcDbEntity
  8
FASEN
100
AcDbLine
 62
7
  6
CONTINUOUS
 10
224.988591002
 20
202.5453795619
 11
224.988591002
 21
205.6453795619
  0
LINE
  5
D05
100
AcDbEntity
  8
0
100
AcDbLine
 62
7
  6
CONTINUOUS
 10
225.038591002
 20
233.8453795619
 11
225.038591002
 21
233.2453795619
  0
LINE
  5
D06
100
AcDbEntity
  8
0
100
AcDbLine
 62
7
  6
CONTINUOUS
 10
225.0638532227
 20
228.9940258602
 11
225.0638532227
 21
228.5552136393
  0
LINE
  5
D07
100
AcDbEntity
  8
0
100
AcDbLine
 62
7
  6
CONTINUOUS
 10
225.338591002
 20
232.7335471244
 11
224.0360238458
 21
228.9940258602
  0
LINE
  5
D08
100
AcDbEntity
  8
0
100
AcDbLine
 62
7
  6
CONTINUOUS
 10
225.0638532227
 20
228.9940258602
 11
226.338591002
 21
232.6536521675
  0
LINE
  5
D09
100
AcDbEntity
  8
0
100
AcDbLine
 62
3
  6
CONTINUOUS
 10
225.0638532227
 20
228.5552136393
 11
226.338591002
 21
232.2148399465
  0
LINE
  5
D0A
100
AcDbEntity
  8
0
100
AcDbLine
 62
7
  6
CONTINUOUS
 10
236.438591002
 20
236.8580715822
 11
235.838591002
 21
236.3453795619
  0
LINE
  5
D0B
100
AcDbEntity
  8
0
100
AcDbLine
 62
9
  6
CONTINUOUS
 10
243.238591002
 20
213.3664242051
 11
244.838591002
 21
213.3664242051
  0
LINE
  5
D0C
100
AcDbEntity
  8
0
100
AcDbLine
 62
7
  6
CONTINUOUS
 10
243.1310568169
 20
213.7664242051
 11
243.238591002
 21
213.7664242051
  0
LINE
  5
D0D
100
AcDbEntity
  8
0
100
AcDbLine
 62
7
  6
CONTINUOUS
 10
237.438591002
 20
213.8453795619
 11
234.538591002
 21
213.8453795619
  0
LINE
  5
D0E
100
AcDbEntity
  8
0
100
AcDbLine
 62
7
  6
CONTINUOUS
 10
227.138591002
 20
213.8453795619
 11
224.238591002
 21
213.8453795619
  0
LINE
  5
D0F
100
AcDbEntity
  8
0
100
AcDbLine
 62
7
  6
CONTINUOUS
 10
243.238591002
 20
214.2664242051
 11
244.838591002
 21
214.2664242051
  0
LINE
  5
D10
100
AcDbEntity
  8
0
100
AcDbLine
 62
3
  6
CONTINUOUS
 10
243.1310568169
 20
214.2664242051
 11
243.238591002
 21
214.2664242051
  0
LINE
  5
D11
100
AcDbEntity
  8
0
100
AcDbLine
 62
7
  6
CONTINUOUS
 10
242.638591002
 20
214.7353848195
 11
240.838591002
 21
214.7353848195
  0
LINE
  5
D12
100
AcDbEntity
  8
FASEN
100
AcDbLine
 62
7
  6
CONTINUOUS
 10
238.728591002
 20
202.0453795619
 11
239.228591002
 21
201.5453795619
  0
LINE
  5
D13
100
AcDbEntity
  8
FASEN
100
AcDbLine
 62
7
  6
CONTINUOUS
 10
238.188591002
 20
203.8453795619
 11
237.688591002
 21
204.3453795619
  0
LINE
  5
D14
100
AcDbEntity
  8
FASEN
100
AcDbLine
 62
7
  6
CONTINUOUS
 10
240.728591002
 20
202.0453795619
 11
240.228591002
 21
202.5453795619
  0
LINE
  5
D15
100
AcDbEntity
  8
0
100
AcDbLine
 62
7
  6
CONTINUOUS
 10
225.238591002
 20
236.8580715822
 11
225.238591002
 21
242.9837001626
  0
LINE
  5
D16
100
AcDbEntity
  8
0
100
AcDbLine
 62
7
  6
CONTINUOUS
 10
225.238591002
 20
245.5258734194
 11
225.238591002
 21
245.9340863006
  0
LINE
  5
D17
100
AcDbEntity
  8
FASEN
100
AcDbLine
 62
7
  6
CONTINUOUS
 10
225.288591002
 20
200.2453795619
 11
225.288591002
 21
201.8453795619
  0
LINE
  5
D18
100
AcDbEntity
  8
FASEN
100
AcDbLine
 62
7
  6
CONTINUOUS
 10
225.288591002
 20
202.2453795619
 11
225.288591002
 21
205.6453795619
  0
LINE
  5
D19
100
AcDbEntity
  8
0
100
AcDbLine
 62
7
  6
CONTINUOUS
 10
225.338591002
 20
233.8453795619
 11
225.338591002
 21
232.7335471244
  0
LINE
  5
D1A
100
AcDbEntity
  8
RUNDUNGEN
100
AcDbLine
 62
7
  6
CONTINUOUS
 10
225.338591002
 20
219.2453795619
 11
225.338591002
 21
229.3439543677
  0
LINE
  5
D1B
100
AcDbEntity
  8
0
100
AcDbLine
 62
3
  6
CONTINUOUS
 10
225.438591002
 20
223.0453795619
 11
225.438591002
 21
229.6310429256
  0
LINE
  5
D1C
100
AcDbEntity
  8
0
100
AcDbLine
 62
7
  6
CONTINUOUS
 10
225.838591002
 20
233.2453795619
 11
225.838591002
 21
233.8453795619
  0
LINE
  5
D1D
100
AcDbEntity
  8
FASEN
100
AcDbLine
 62
7
  6
CONTINUOUS
 10
225.838591002
 20
234.6453795619
 11
225.838591002
 21
236.3453795619
  0
LINE
  5
D1E
100
AcDbEntity
  8
RUNDUNGEN
100
AcDbLine
 62
9
  6
CONTINUOUS
 10
226.138591002
 20
235.2453795619
 11
226.138591002
 21
234.4453795619
  0
LINE
  5
D1F
100
AcDbEntity
  8
FASEN
100
AcDbLine
 62
7
  6
CONTINUOUS
 10
226.228591002
 20
205.6453795619
 11
226.228591002
 21
204.0453795619
  0
LINE
  5
D20
100
AcDbEntity
  8
FASEN
100
AcDbLine
 62
7
  6
CONTINUOUS
 10
226.228591002
 20
200.2453795619
 11
226.228591002
 21
203.6453795619
  0
LINE
  5
D21
100
AcDbEntity
  8
0
100
AcDbLine
 62
3
  6
CONTINUOUS
 10
226.238591002
 20
223.0453795619
 11
226.238591002
 21
231.9277513887
  0
LINE
  5
D22
100
AcDbEntity
  8
0
100
AcDbLine
 62
7
  6
CONTINUOUS
 10
226.338591002
 20
233.2453795619
 11
226.338591002
 21
231.2453795619
  0
LINE
  5
D23
100
AcDbEntity
  8
RUNDUNGEN
100
AcDbLine
 62
7
  6
CONTINUOUS
 10
226.338591002
 20
219.2453795619
 11
226.338591002
 21
231.2453795619
  0
LINE
  5
D24
100
AcDbEntity
  8
RUNDUNGEN
100
AcDbLine
 62
9
  6
CONTINUOUS
 10
226.438591002
 20
235.2453795619
 11
226.438591002
 21
234.4453795619
  0
LINE
  5
D25
100
AcDbEntity
  8
FASEN
100
AcDbLine
 62
7
  6
CONTINUOUS
 10
226.528591002
 20
205.6453795619
 11
226.528591002
 21
204.3453795619
  0
LINE
  5
D26
100
AcDbEntity
  8
FASEN
100
AcDbLine
 62
7
  6
CONTINUOUS
 10
226.528591002
 20
200.2453795619
 11
226.528591002
 21
203.3453795619
  0
LINE
  5
D27
100
AcDbEntity
  8
0
100
AcDbLine
 62
7
  6
CONTINUOUS
 10
226.538591002
 20
233.8453795619
 11
226.538591002
 21
233.2453795619
  0
LINE
  5
D28
100
AcDbEntity
  8
RUNDUNGEN
100
AcDbLine
 62
7
  6
CONTINUOUS
 10
226.838591002
 20
235.2453795619
 11
226.838591002
 21
235.0453795619
  0
LINE
  5
D29
100
AcDbEntity
  8
0
100
AcDbLine
 62
7
  6
CONTINUOUS
 10
227.138591002
 20
212.0453795619
 11
227.138591002
 21
213.8453795619
  0
LINE
  5
D2A
100
AcDbEntity
  8
RUNDUNGEN
100
AcDbLine
 62
7
  6
CONTINUOUS
 10
227.338591002
 20
251.2453795619
 11
227.338591002
 21
248.9913139722
  0
LINE
  5
D2B
100
AcDbEntity
  8
0
100
AcDbLine
 62
7
  6
CONTINUOUS
 10
227.338591002
 20
233.2453795619
 11
227.338591002
 21
231.2453795619
  0
LINE
  5
D2C
100
AcDbEntity
  8
RUNDUNGEN
100
AcDbLine
 62
7
  6
CONTINUOUS
 10
227.338591002
 20
219.2453795619
 11
227.338591002
 21
231.2453795619
  0
LINE
  5
D2D
100
AcDbEntity
  8
0
100
AcDbLine
 62
3
  6
CONTINUOUS
 10
227.438591002
 20
223.0453795619
 11
227.438591002
 21
233.2453795619
  0
LINE
  5
D2E
100
AcDbEntity
  8
FASEN
100
AcDbLine
 62
7
  6
CONTINUOUS
 10
227.528591002
 20
200.2453795619
 11
227.528591002
 21
203.3453795619
  0
LINE
  5
D2F
100
AcDbEntity
  8
FASEN
100
AcDbLine
 62
7
  6
CONTINUOUS
 10
227.528591002
 20
204.3453795619
 11
227.528591002
 21
205.6453795619
  0
LINE
  5
D30
100
AcDbEntity
  8
0
100
AcDbLine
 62
7
  6
CONTINUOUS
 10
227.538591002
 20
233.8453795619
 11
227.538591002
 21
233.2453795619
  0
LINE
  5
D31
100
AcDbEntity
  8
FASEN
100
AcDbLine
 62
7
  6
CONTINUOUS
 10
227.828591002
 20
200.2453795619
 11
227.828591002
 21
203.6453795619
  0
LINE
  5
D32
100
AcDbEntity
  8
FASEN
100
AcDbLine
 62
7
  6
CONTINUOUS
 10
227.828591002
 20
204.0453795619
 11
227.828591002
 21
205.6453795619
  0
LINE
  5
D33
100
AcDbEntity
  8
0
100
AcDbLine
 62
7
  6
CONTINUOUS
 10
227.838591002
 20
235.0453795619
 11
227.838591002
 21
237.5598043425
  0
LINE
  5
D34
100
AcDbEntity
  8
RUNDUNGEN
100
AcDbLine
 62
7
  6
CONTINUOUS
 10
227.838591002
 20
237.5598043425
 11
227.838591002
 21
243.1964727616
  0
LINE
  5
D35
100
AcDbEntity
  8
RUNDUNGEN
100
AcDbLine
 62
9
  6
CONTINUOUS
 10
228.1017829446
 20
242.970181198
 11
228.1017829446
 21
243.4844112858
  0
LINE
  5
D36
100
AcDbEntity
  8
AUSFORMSCHRAEGEN
100
AcDbLine
 62
7
  6
CONTINUOUS
 10
228.113568329
 20
248.0901746214
 11
228.113568329
 21
249.0964208163
  0
LINE
  5
D37
100
AcDbEntity
  8
0
100
AcDbLine
 62
3
  6
CONTINUOUS
 10
228.238591002
 20
223.0453795619
 11
228.238591002
 21
233.2453795619
  0
LINE
  5
D38
100
AcDbEntity
  8
0
100
AcDbLine
 62
7
  6
CONTINUOUS
 10
228.238591002
 20
233.2453795619
 11
228.238591002
 21
233.8453795619
  0
LINE
  5
D39
100
AcDbEntity
  8
0
100
AcDbLine
 62
7
  6
CONTINUOUS
 10
228.338591002
 20
233.8453795619
 11
228.338591002
 21
231.2453795619
  0
LINE
  5
D3A
100
AcDbEntity
  8
RUNDUNGEN
100
AcDbLine
 62
7
  6
CONTINUOUS
 10
228.338591002
 20
219.2453795619
 11
228.338591002
 21
231.2453795619
  0
LINE
  5
D3B
100
AcDbEntity
  8
FASEN
100
AcDbLine
 62
7
  6
CONTINUOUS
 10
228.538591002
 20
233.2453795619
 11
228.538591002
 21
233.8453795619
  0
LINE
  5
D3C
100
AcDbEntity
  8
0
100
AcDbLine
 62
7
  6
CONTINUOUS
 10
224.238591002
 20
217.0453795619
 11
237.438591002
 21
217.0453795619
  0
LINE
  5
D3D
100
AcDbEntity
  8
0
100
AcDbLine
 62
7
  6
CONTINUOUS
 10
238.338591002
 20
219.2453795619
 11
237.338591002
 21
219.2453795619
  0
LINE
  5
D3E
100
AcDbEntity
  8
0
100
AcDbLine
 62
7
  6
CONTINUOUS
 10
236.338591002
 20
219.2453795619
 11
235.338591002
 21
219.2453795619
  0
LINE
  5
D3F
100
AcDbEntity
  8
0
100
AcDbLine
 62
7
  6
CONTINUOUS
 10
234.338591002
 20
219.2453795619
 11
233.338591002
 21
219.2453795619
  0
LINE
  5
D40
100
AcDbEntity
  8
0
100
AcDbLine
 62
7
  6
CONTINUOUS
 10
232.338591002
 20
219.2453795619
 11
231.338591002
 21
219.2453795619
  0
LINE
  5
D41
100
AcDbEntity
  8
0
100
AcDbLine
 62
7
  6
CONTINUOUS
 10
230.338591002
 20
219.2453795619
 11
229.338591002
 21
219.2453795619
  0
LINE
  5
D42
100
AcDbEntity
  8
0
100
AcDbLine
 62
7
  6
CONTINUOUS
 10
228.338591002
 20
219.2453795619
 11
227.338591002
 21
219.2453795619
  0
LINE
  5
D43
100
AcDbEntity
  8
0
100
AcDbLine
 62
7
  6
CONTINUOUS
 10
226.338591002
 20
219.2453795619
 11
225.338591002
 21
219.2453795619
  0
LINE
  5
D44
100
AcDbEntity
  8
0
100
AcDbLine
 62
7
  6
CONTINUOUS
 10
224.338591002
 20
219.2453795619
 11
223.338591002
 21
219.2453795619
  0
LINE
  5
D45
100
AcDbEntity
  8
0
100
AcDbLine
 62
7
  6
CONTINUOUS
 10
215.2993907291
 20
230.9291550577
 11
214.8265842769
 21
231.2985519429
  0
LINE
  5
D46
100
AcDbEntity
  8
0
100
AcDbLine
 62
7
  6
CONTINUOUS
 10
241.7442146794
 20
210.6488996743
 11
241.2714082272
 21
211.0182965595
  0
LINE
  5
D47
100
AcDbEntity
  8
0
100
AcDbLine
 62
7
  6
CONTINUOUS
 10
215.5303567224
 20
231.2322133021
 11
215.1363513456
 21
231.5400440398
  0
LINE
  5
D48
100
AcDbEntity
  8
0
100
AcDbLine
 62
7
  6
CONTINUOUS
 10
241.3212829755
 20
211.0821333263
 11
241.7152883523
 21
210.7743025886
  0
LINE
  5
D49
100
AcDbEntity
  8
RUNDUNGEN
100
AcDbLine
 62
3
  6
CONTINUOUS
 10
242.8767123843
 20
210.7793100675
 11
242.315544935
 21
211.2177421297
  0
LINE
  5
D4A
100
AcDbEntity
  8
RUNDUNGEN
100
AcDbLine
 62
3
  6
CONTINUOUS
 10
215.4214036269
 20
232.229748171
 11
214.8602361776
 21
232.6681802331
  0
LINE
  5
D4B
100
AcDbEntity
  8
0
100
AcDbLine
 62
7
  6
CONTINUOUS
 10
218.5979844771
 20
244.8892055615
 11
218.9794059402
 21
243.9522243035
  0
LINE
  5
D4C
100
AcDbEntity
  8
0
100
AcDbLine
 62
7
  6
CONTINUOUS
 10
229.0344919724
 20
244.327175149
 11
229.0367680827
 21
244.1290202712
  0
LINE
  5
D4D
100
AcDbEntity
  8
0
100
AcDbLine
 62
7
  6
CONTINUOUS
 10
229.0367680827
 20
244.1290202712
 11
229.0382028369
 21
243.8780573019
  0
LINE
  5
D4E
100
AcDbEntity
  8
0
100
AcDbLine
 62
7
  6
CONTINUOUS
 10
229.0382028369
 20
243.8780573019
 11
229.0384931353
 21
243.7407682334
  0
LINE
  5
D4F
100
AcDbEntity
  8
FASEN
100
AcDbLine
 62
7
  6
CONTINUOUS
 10
228.738591002
 20
205.6453795619
 11
228.738591002
 21
202.2453795619
  0
LINE
  5
D50
100
AcDbEntity
  8
FASEN
100
AcDbLine
 62
7
  6
CONTINUOUS
 10
228.738591002
 20
200.2453795619
 11
228.738591002
 21
201.8453795619
  0
LINE
  5
D51
100
AcDbEntity
  8
FASEN
100
AcDbLine
 62
7
  6
CONTINUOUS
 10
228.738591002
 20
233.2453795619
 11
228.738591002
 21
233.8453795619
  0
LINE
  5
D52
100
AcDbEntity
  8
FASEN
100
AcDbLine
 62
7
  6
CONTINUOUS
 10
228.938591002
 20
233.8453795619
 11
228.938591002
 21
233.2453795619
  0
LINE
  5
D53
100
AcDbEntity
  8
RUNDUNGEN
100
AcDbLine
 62
9
  6
CONTINUOUS
 10
228.9723137369
 20
243.7271303965
 11
228.9723137369
 21
243.2129003088
  0
LINE
  5
D54
100
AcDbEntity
  8
0
100
AcDbLine
 62
7
  6
CONTINUOUS
 10
229.038591002
 20
233.8453795619
 11
229.038591002
 21
233.2453795619
  0
LINE
  5
D55
100
AcDbEntity
  8
FASEN
100
AcDbLine
 62
7
  6
CONTINUOUS
 10
229.038591002
 20
205.6453795619
 11
229.038591002
 21
202.5453795619
  0
LINE
  5
D56
100
AcDbEntity
  8
FASEN
100
AcDbLine
 62
7
  6
CONTINUOUS
 10
229.038591002
 20
200.2453795619
 11
229.038591002
 21
201.5453795619
  0
LINE
  5
D57
100
AcDbEntity
  8
0
100
AcDbLine
 62
7
  6
CONTINUOUS
 10
229.068591002
 20
228.1253795619
 11
229.068591002
 21
228.8599316765
  0
LINE
  5
D58
100
AcDbEntity
  8
RUNDUNGEN
100
AcDbLine
 62
9
  6
CONTINUOUS
 10
229.1091217942
 20
243.7456096496
 11
229.1091217942
 21
243.2313795619
  0
LINE
  5
D59
100
AcDbEntity
  8
4171
100
AcDbLine
 62
9
  6
CONTINUOUS
 10
229.238591002
 20
236.8453795619
 11
229.238591002
 21
243.2313795619
  0
LINE
  5
D5A
100
AcDbEntity
  8
0
100
AcDbLine
 62
7
  6
CONTINUOUS
 10
229.338591002
 20
233.8453795619
 11
229.338591002
 21
232.7335471244
  0
LINE
  5
D5B
100
AcDbEntity
  8
RUNDUNGEN
100
AcDbLine
 62
7
  6
CONTINUOUS
 10
229.338591002
 20
219.2453795619
 11
229.338591002
 21
228.1253795619
  0
LINE
  5
D5C
100
AcDbEntity
  8
RUNDUNGEN
100
AcDbLine
 62
7
  6
CONTINUOUS
 10
229.338591002
 20
246.1751942875
 11
229.338591002
 21
246.5924084692
  0
LINE
  5
D5D
100
AcDbEntity
  8
0
100
AcDbLine
 62
3
  6
CONTINUOUS
 10
229.438591002
 20
223.0453795619
 11
229.438591002
 21
228.1253795619
  0
LINE
  5
D5E
100
AcDbEntity
  8
4171
100
AcDbLine
 62
9
  6
CONTINUOUS
 10
229.5323614938
 20
236.7168549717
 11
229.5323614938
 21
243.1487655478
  0
LINE
  5
D5F
100
AcDbEntity
  8
FASEN
100
AcDbLine
 62
7
  6
CONTINUOUS
 10
230.038591002
 20
200.2453795619
 11
230.038591002
 21
201.5453795619
  0
LINE
  5
D60
100
AcDbEntity
  8
FASEN
100
AcDbLine
 62
7
  6
CONTINUOUS
 10
230.038591002
 20
202.5453795619
 11
230.038591002
 21
205.6453795619
  0
LINE
  5
D61
100
AcDbEntity
  8
0
100
AcDbLine
 62
7
  6
CONTINUOUS
 10
230.068591002
 20
228.1253795619
 11
230.068591002
 21
228.8510703503
  0
LINE
  5
D62
100
AcDbEntity
  8
0
100
AcDbLine
 62
9
  6
CONTINUOUS
 10
230.0833990507
 20
228.9940258602
 11
230.0833990507
 21
228.5552136393
  0
LINE
  5
D63
100
AcDbEntity
  8
0
100
AcDbLine
 62
3
  6
CONTINUOUS
 10
230.238591002
 20
223.0453795619
 11
230.238591002
 21
230.8196716476
  0
LINE
  5
D64
100
AcDbEntity
  8
0
100
AcDbLine
 62
7
  6
CONTINUOUS
 10
230.338591002
 20
233.8453795619
 11
230.338591002
 21
231.2453795619
  0
LINE
  5
D65
100
AcDbEntity
  8
FASEN
100
AcDbLine
 62
7
  6
CONTINUOUS
 10
230.338591002
 20
200.2453795619
 11
230.338591002
 21
201.8453795619
  0
LINE
  5
D66
100
AcDbEntity
  8
FASEN
100
AcDbLine
 62
7
  6
CONTINUOUS
 10
230.338591002
 20
202.2453795619
 11
230.338591002
 21
205.6453795619
  0
LINE
  5
D67
100
AcDbEntity
  8
RUNDUNGEN
100
AcDbLine
 62
7
  6
CONTINUOUS
 10
230.338591002
 20
219.2453795619
 11
230.338591002
 21
231.2453795619
  0
LINE
  5
D68
100
AcDbEntity
  8
0
100
AcDbLine
 62
7
  6
CONTINUOUS
 10
230.638591002
 20
233.8453795619
 11
230.638591002
 21
233.2453795619
  0
LINE
  5
D69
100
AcDbEntity
  8
FASEN
100
AcDbLine
 62
7
  6
CONTINUOUS
 10
230.738591002
 20
233.2453795619
 11
230.738591002
 21
233.8453795619
  0
LINE
  5
D6A
100
AcDbEntity
  8
0
100
AcDbLine
 62
7
  6
CONTINUOUS
 10
230.918591002
 20
233.2453795619
 11
230.918591002
 21
233.8453795619
  0
LINE
  5
D6B
100
AcDbEntity
  8
FASEN
100
AcDbLine
 62
7
  6
CONTINUOUS
 10
231.308591002
 20
205.6453795619
 11
231.308591002
 21
204.0453795619
  0
LINE
  5
D6C
100
AcDbEntity
  8
FASEN
100
AcDbLine
 62
7
  6
CONTINUOUS
 10
231.308591002
 20
200.2453795619
 11
231.308591002
 21
203.6453795619
  0
LINE
  5
D6D
100
AcDbEntity
  8
0
100
AcDbLine
 62
7
  6
CONTINUOUS
 10
231.338591002
 20
233.2453795619
 11
231.338591002
 21
231.2453795619
  0
LINE
  5
D6E
100
AcDbEntity
  8
RUNDUNGEN
100
AcDbLine
 62
7
  6
CONTINUOUS
 10
231.338591002
 20
219.2453795619
 11
231.338591002
 21
231.2453795619
  0
LINE
  5
D6F
100
AcDbEntity
  8
0
100
AcDbLine
 62
3
  6
CONTINUOUS
 10
231.438591002
 20
223.0453795619
 11
231.438591002
 21
233.2453795619
  0
LINE
  5
D70
100
AcDbEntity
  8
FASEN
100
AcDbLine
 62
7
  6
CONTINUOUS
 10
231.608591002
 20
205.6453795619
 11
231.608591002
 21
204.3453795619
  0
LINE
  5
D71
100
AcDbEntity
  8
FASEN
100
AcDbLine
 62
7
  6
CONTINUOUS
 10
231.608591002
 20
200.2453795619
 11
231.608591002
 21
203.3453795619
  0
LINE
  5
D72
100
AcDbEntity
  8
0
100
AcDbLine
 62
7
  6
CONTINUOUS
 10
231.618591002
 20
233.8453795619
 11
231.618591002
 21
233.2453795619
  0
LINE
  5
D73
100
AcDbEntity
  8
4171
100
AcDbLine
 62
9
  6
CONTINUOUS
 10
232.1448205102
 20
236.7168549717
 11
232.1448205102
 21
243.1487655478
  0
LINE
  5
D74
100
AcDbEntity
  8
0
100
AcDbLine
 62
3
  6
CONTINUOUS
 10
232.238591002
 20
223.0453795619
 11
232.238591002
 21
233.2453795619
  0
LINE
  5
D75
100
AcDbEntity
  8
0
100
AcDbLine
 62
7
  6
CONTINUOUS
 10
232.338591002
 20
233.2453795619
 11
232.338591002
 21
231.2453795619
  0
LINE
  5
D76
100
AcDbEntity
  8
RUNDUNGEN
100
AcDbLine
 62
7
  6
CONTINUOUS
 10
232.338591002
 20
219.2453795619
 11
232.338591002
 21
231.2453795619
  0
LINE
  5
D77
100
AcDbEntity
  8
RUNDUNGEN
100
AcDbLine
 62
7
  6
CONTINUOUS
 10
232.338591002
 20
246.1751942875
 11
232.338591002
 21
246.5924084692
  0
LINE
  5
D78
100
AcDbEntity
  8
0
100
AcDbLine
 62
7
  6
CONTINUOUS
 10
229.338591002
 20
232.7335471244
 11
229.0823073351
 21
228.9940258602
  0
LINE
  5
D79
100
AcDbEntity
  8
0
100
AcDbLine
 62
7
  6
CONTINUOUS
 10
230.0833990507
 20
228.9940258602
 11
230.338591002
 21
232.7176175347
  0
LINE
  5
D7A
100
AcDbEntity
  8
0
100
AcDbLine
 62
3
  6
CONTINUOUS
 10
230.0833990507
 20
228.5552136393
 11
230.338591002
 21
232.2788053138
  0
LINE
  5
D7B
100
AcDbEntity
  8
RUNDUNGEN
100
AcDbLine
 62
9
  6
CONTINUOUS
 10
237.2346472614
 20
243.3784817417
 11
237.737233087
 21
244.6867687924
  0
LINE
  5
D7C
100
AcDbEntity
  8
RUNDUNGEN
100
AcDbLine
 62
9
  6
CONTINUOUS
 10
238.2202103321
 20
243.0247671266
 11
238.7256903459
 21
244.3303287922
  0
LINE
  5
D7D
100
AcDbEntity
  8
RUNDUNGEN
100
AcDbLine
 62
7
  6
CONTINUOUS
 10
238.325153178
 20
242.9837001626
 11
238.8389368567
 21
244.2860159198
  0
LINE
  5
D7E
100
AcDbEntity
  8
RUNDUNGEN
100
AcDbLine
 62
9
  6
CONTINUOUS
 10
237.4927043247
 20
243.2913615181
 11
238.0153700101
 21
244.5918955349
  0
LINE
  5
D7F
100
AcDbEntity
  8
0
100
AcDbLine
 62
7
  6
CONTINUOUS
 10
239.1351896801
 20
244.6263969357
 11
238.4664892111
 21
242.9837001626
  0
LINE
  5
D80
100
AcDbEntity
  8
0
100
AcDbLine
 62
7
  6
CONTINUOUS
 10
238.338591002
 20
223.0453795619
 11
237.338591002
 21
223.0453795619
  0
LINE
  5
D81
100
AcDbEntity
  8
0
100
AcDbLine
 62
7
  6
CONTINUOUS
 10
236.338591002
 20
223.0453795619
 11
235.338591002
 21
223.0453795619
  0
LINE
  5
D82
100
AcDbEntity
  8
0
100
AcDbLine
 62
7
  6
CONTINUOUS
 10
234.338591002
 20
223.0453795619
 11
233.338591002
 21
223.0453795619
  0
LINE
  5
D83
100
AcDbEntity
  8
0
100
AcDbLine
 62
7
  6
CONTINUOUS
 10
232.338591002
 20
223.0453795619
 11
231.338591002
 21
223.0453795619
  0
LINE
  5
D84
100
AcDbEntity
  8
0
100
AcDbLine
 62
7
  6
CONTINUOUS
 10
230.338591002
 20
223.0453795619
 11
229.338591002
 21
223.0453795619
  0
LINE
  5
D85
100
AcDbEntity
  8
0
100
AcDbLine
 62
7
  6
CONTINUOUS
 10
228.338591002
 20
223.0453795619
 11
227.338591002
 21
223.0453795619
  0
LINE
  5
D86
100
AcDbEntity
  8
0
100
AcDbLine
 62
7
  6
CONTINUOUS
 10
226.338591002
 20
223.0453795619
 11
225.338591002
 21
223.0453795619
  0
LINE
  5
D87
100
AcDbEntity
  8
0
100
AcDbLine
 62
7
  6
CONTINUOUS
 10
224.338591002
 20
223.0453795619
 11
223.338591002
 21
223.0453795619
  0
LINE
  5
D88
100
AcDbEntity
  8
0
100
AcDbLine
 62
7
  6
CONTINUOUS
 10
207.6572293305
 20
233.9244534359
 11
207.7659654861
 21
233.8690495973
  0
LINE
  5
D89
100
AcDbEntity
  8
0
100
AcDbLine
 62
7
  6
CONTINUOUS
 10
252.1773240585
 20
211.2414105132
 11
252.2738488106
 21
211.1922286955
  0
LINE
  5
D8A
100
AcDbEntity
  8
0
100
AcDbLine
 62
7
  6
CONTINUOUS
 10
252.5671830742
 20
211.7150848104
 11
252.4886525795
 21
211.7550980961
  0
LINE
  5
D8B
100
AcDbEntity
  8
0
100
AcDbLine
 62
7
  6
CONTINUOUS
 10
208.0128456641
 20
234.4166536063
 11
207.9296236304
 21
234.4590573504
  0
LINE
  5
D8C
100
AcDbEntity
  8
RUNDUNGEN
100
AcDbLine
 62
7
  6
CONTINUOUS
 10
215.1680669153
 20
233.0621856099
 11
215.7292343645
 21
232.6237535478
  0
LINE
  5
D8D
100
AcDbEntity
  8
RUNDUNGEN
100
AcDbLine
 62
7
  6
CONTINUOUS
 10
242.6233756727
 20
211.6117475065
 11
243.1845431219
 21
211.1733154443
  0
LINE
  5
D8E
100
AcDbEntity
  8
0
100
AcDbLine
 62
9
  6
CONTINUOUS
 10
242.588905817
 20
211.8924819523
 11
242.1949004402
 21
212.2003126899
  0
LINE
  5
D8F
100
AcDbEntity
  8
0
100
AcDbLine
 62
9
  6
CONTINUOUS
 10
216.0099688103
 20
232.6582234034
 11
216.4039741871
 21
232.3503926658
  0
LINE
  5
D90
100
AcDbEntity
  8
0
100
AcDbLine
 62
9
  6
CONTINUOUS
 10
217.1427679575
 20
233.2960055701
 11
216.7487625807
 21
233.6038363078
  0
LINE
  5
D91
100
AcDbEntity
  8
0
100
AcDbLine
 62
9
  6
CONTINUOUS
 10
242.9336942106
 20
213.1459255943
 11
243.238591002
 21
212.9077141136
  0
LINE
  5
D92
100
AcDbEntity
  8
0
100
AcDbLine
 62
7
  6
CONTINUOUS
 10
242.638591002
 20
209.1453795619
 11
243.238591002
 21
208.5453795619
  0
LINE
  5
D93
100
AcDbEntity
  8
0
100
AcDbLine
 62
7
  6
CONTINUOUS
 10
245.438591002
 20
209.1453795619
 11
244.838591002
 21
209.7453795619
  0
LINE
  5
D94
100
AcDbEntity
  8
0
100
AcDbLine
 62
7
  6
CONTINUOUS
 10
221.8654814821
 20
240.9837001626
 11
219.8734286646
 21
245.877279406
  0
LINE
  5
D95
100
AcDbEntity
  8
0
100
AcDbLine
 62
7
  6
CONTINUOUS
 10
223.2106927928
 20
242.9837001626
 11
222.5419923238
 21
244.6263969357
  0
LINE
  5
D96
100
AcDbEntity
  8
RUNDUNGEN
100
AcDbLine
 62
9
  6
CONTINUOUS
 10
223.661811935
 20
244.5918955144
 11
224.1844776531
 21
243.2913615091
  0
LINE
  5
D97
100
AcDbEntity
  8
RUNDUNGEN
100
AcDbLine
 62
7
  6
CONTINUOUS
 10
222.8382451472
 20
244.2860159198
 11
223.3520288259
 21
242.9837001626
  0
LINE
  5
D98
100
AcDbEntity
  8
RUNDUNGEN
100
AcDbLine
 62
9
  6
CONTINUOUS
 10
222.9514916581
 20
244.3303287922
 11
223.4569716719
 21
243.0247671266
  0
LINE
  5
D99
100
AcDbEntity
  8
RUNDUNGEN
100
AcDbLine
 62
9
  6
CONTINUOUS
 10
223.9399490001
 20
244.6867688201
 11
224.4425347792
 21
243.3784817538
  0
LINE
  5
D9A
100
AcDbEntity
  8
4171
100
AcDbLine
 62
9
  6
CONTINUOUS
 10
232.438591002
 20
236.8453795619
 11
232.438591002
 21
243.2313795619
  0
LINE
  5
D9B
100
AcDbEntity
  8
RUNDUNGEN
100
AcDbLine
 62
9
  6
CONTINUOUS
 10
232.5680602097
 20
243.2313795619
 11
232.5680602097
 21
243.7456096496
  0
LINE
  5
D9C
100
AcDbEntity
  8
FASEN
100
AcDbLine
 62
7
  6
CONTINUOUS
 10
232.608591002
 20
200.2453795619
 11
232.608591002
 21
203.3453795619
  0
LINE
  5
D9D
100
AcDbEntity
  8
FASEN
100
AcDbLine
 62
7
  6
CONTINUOUS
 10
232.608591002
 20
204.3453795619
 11
232.608591002
 21
205.6453795619
  0
LINE
  5
D9E
100
AcDbEntity
  8
0
100
AcDbLine
 62
7
  6
CONTINUOUS
 10
232.618591002
 20
233.8453795619
 11
232.618591002
 21
233.2453795619
  0
LINE
  5
D9F
100
AcDbEntity
  8
RUNDUNGEN
100
AcDbLine
 62
9
  6
CONTINUOUS
 10
232.704868267
 20
243.2129003088
 11
232.704868267
 21
243.7271303965
  0
LINE
  5
DA0
100
AcDbEntity
  8
FASEN
100
AcDbLine
 62
7
  6
CONTINUOUS
 10
232.908591002
 20
200.2453795619
 11
232.908591002
 21
203.6453795619
  0
LINE
  5
DA1
100
AcDbEntity
  8
FASEN
100
AcDbLine
 62
7
  6
CONTINUOUS
 10
232.908591002
 20
204.0453795619
 11
232.908591002
 21
205.6453795619
  0
LINE
  5
DA2
100
AcDbEntity
  8
0
100
AcDbLine
 62
7
  6
CONTINUOUS
 10
233.318591002
 20
233.2453795619
 11
233.318591002
 21
233.8453795619
  0
LINE
  5
DA3
100
AcDbEntity
  8
RUNDUNGEN
100
AcDbLine
 62
7
  6
CONTINUOUS
 10
233.338591002
 20
219.2453795619
 11
233.338591002
 21
231.2453795619
  0
LINE
  5
DA4
100
AcDbEntity
  8
0
100
AcDbLine
 62
7
  6
CONTINUOUS
 10
233.338591002
 20
231.2453795619
 11
233.338591002
 21
233.8453795619
  0
LINE
  5
DA5
100
AcDbEntity
  8
0
100
AcDbLine
 62
3
  6
CONTINUOUS
 10
233.438591002
 20
223.0453795619
 11
233.438591002
 21
231.7643440137
  0
LINE
  5
DA6
100
AcDbEntity
  8
AUSFORMSCHRAEGEN
100
AcDbLine
 62
7
  6
CONTINUOUS
 10
233.5636136749
 20
248.0901746214
 11
233.5636136749
 21
249.0964208163
  0
LINE
  5
DA7
100
AcDbEntity
  8
RUNDUNGEN
100
AcDbLine
 62
9
  6
CONTINUOUS
 10
233.5753990593
 20
243.4844112858
 11
233.5753990593
 21
242.970181198
  0
LINE
  5
DA8
100
AcDbEntity
  8
0
100
AcDbLine
 62
7
  6
CONTINUOUS
 10
233.838591002
 20
235.0453795619
 11
233.838591002
 21
237.5598043425
  0
LINE
  5
DA9
100
AcDbEntity
  8
RUNDUNGEN
100
AcDbLine
 62
7
  6
CONTINUOUS
 10
233.838591002
 20
237.5598043425
 11
233.838591002
 21
243.1964727616
  0
LINE
  5
DAA
100
AcDbEntity
  8
FASEN
100
AcDbLine
 62
7
  6
CONTINUOUS
 10
233.848591002
 20
205.6453795619
 11
233.848591002
 21
202.2453795619
  0
LINE
  5
DAB
100
AcDbEntity
  8
FASEN
100
AcDbLine
 62
7
  6
CONTINUOUS
 10
233.848591002
 20
200.2453795619
 11
233.848591002
 21
201.8453795619
  0
LINE
  5
DAC
100
AcDbEntity
  8
0
100
AcDbLine
 62
7
  6
CONTINUOUS
 10
234.1038026196
 20
228.9940258602
 11
234.1038026196
 21
228.5552136393
  0
LINE
  5
DAD
100
AcDbEntity
  8
FASEN
100
AcDbLine
 62
7
  6
CONTINUOUS
 10
234.148591002
 20
205.6453795619
 11
234.148591002
 21
202.5453795619
  0
LINE
  5
DAE
100
AcDbEntity
  8
FASEN
100
AcDbLine
 62
7
  6
CONTINUOUS
 10
234.148591002
 20
200.2453795619
 11
234.148591002
 21
201.5453795619
  0
LINE
  5
DAF
100
AcDbEntity
  8
0
100
AcDbLine
 62
7
  6
CONTINUOUS
 10
234.148591002
 20
228.1253795619
 11
234.148591002
 21
228.8510703503
  0
LINE
  5
DB0
100
AcDbEntity
  8
0
100
AcDbLine
 62
3
  6
CONTINUOUS
 10
234.238591002
 20
223.0453795619
 11
234.238591002
 21
228.1253795619
  0
LINE
  5
DB1
100
AcDbEntity
  8
RUNDUNGEN
100
AcDbLine
 62
7
  6
CONTINUOUS
 10
234.338591002
 20
219.2453795619
 11
234.338591002
 21
228.1253795619
  0
LINE
  5
DB2
100
AcDbEntity
  8
0
100
AcDbLine
 62
7
  6
CONTINUOUS
 10
234.338591002
 20
232.7335471244
 11
234.338591002
 21
233.8453795619
  0
LINE
  5
DB3
100
AcDbEntity
  8
RUNDUNGEN
100
AcDbLine
 62
7
  6
CONTINUOUS
 10
234.338591002
 20
248.9942246108
 11
234.338591002
 21
251.2453795619
  0
LINE
  5
DB4
100
AcDbEntity
  8
0
100
AcDbLine
 62
7
  6
CONTINUOUS
 10
234.538591002
 20
212.0453795619
 11
234.538591002
 21
213.8453795619
  0
LINE
  5
DB5
100
AcDbEntity
  8
0
100
AcDbLine
 62
7
  6
CONTINUOUS
 10
234.638591002
 20
233.8453795619
 11
234.638591002
 21
233.2453795619
  0
LINE
  5
DB6
100
AcDbEntity
  8
FASEN
100
AcDbLine
 62
7
  6
CONTINUOUS
 10
234.738591002
 20
233.2453795619
 11
234.738591002
 21
233.8453795619
  0
LINE
  5
DB7
100
AcDbEntity
  8
RUNDUNGEN
100
AcDbLine
 62
7
  6
CONTINUOUS
 10
234.838591002
 20
235.2453795619
 11
234.838591002
 21
235.0453795619
  0
LINE
  5
DB8
100
AcDbEntity
  8
FASEN
100
AcDbLine
 62
7
  6
CONTINUOUS
 10
234.938591002
 20
233.8453795619
 11
234.938591002
 21
233.2453795619
  0
LINE
  5
DB9
100
AcDbEntity
  8
FASEN
100
AcDbLine
 62
7
  6
CONTINUOUS
 10
235.138591002
 20
233.8453795619
 11
235.138591002
 21
233.2453795619
  0
LINE
  5
DBA
100
AcDbEntity
  8
FASEN
100
AcDbLine
 62
7
  6
CONTINUOUS
 10
235.148591002
 20
200.2453795619
 11
235.148591002
 21
201.5453795619
  0
LINE
  5
DBB
100
AcDbEntity
  8
FASEN
100
AcDbLine
 62
7
  6
CONTINUOUS
 10
235.148591002
 20
202.5453795619
 11
235.148591002
 21
205.6453795619
  0
LINE
  5
DBC
100
AcDbEntity
  8
0
100
AcDbLine
 62
7
  6
CONTINUOUS
 10
235.148591002
 20
228.1253795619
 11
235.148591002
 21
228.8785972624
  0
LINE
  5
DBD
100
AcDbEntity
  8
RUNDUNGEN
100
AcDbLine
 62
9
  6
CONTINUOUS
 10
235.238591002
 20
235.2453795619
 11
235.238591002
 21
234.4453795619
  0
LINE
  5
DBE
100
AcDbEntity
  8
0
100
AcDbLine
 62
7
  6
CONTINUOUS
 10
235.338591002
 20
233.8453795619
 11
235.338591002
 21
231.2453795619
  0
LINE
  5
DBF
100
AcDbEntity
  8
RUNDUNGEN
100
AcDbLine
 62
7
  6
CONTINUOUS
 10
235.338591002
 20
219.2453795619
 11
235.338591002
 21
231.2453795619
  0
LINE
  5
DC0
100
AcDbEntity
  8
0
100
AcDbLine
 62
3
  6
CONTINUOUS
 10
235.438591002
 20
223.0453795619
 11
235.438591002
 21
233.2453795619
  0
LINE
  5
DC1
100
AcDbEntity
  8
FASEN
100
AcDbLine
 62
7
  6
CONTINUOUS
 10
235.448591002
 20
200.2453795619
 11
235.448591002
 21
201.8453795619
  0
LINE
  5
DC2
100
AcDbEntity
  8
FASEN
100
AcDbLine
 62
7
  6
CONTINUOUS
 10
235.448591002
 20
202.2453795619
 11
235.448591002
 21
205.6453795619
  0
LINE
  5
DC3
100
AcDbEntity
  8
RUNDUNGEN
100
AcDbLine
 62
9
  6
CONTINUOUS
 10
235.538591002
 20
235.2453795619
 11
235.538591002
 21
234.4453795619
  0
LINE
  5
DC4
100
AcDbEntity
  8
FASEN
100
AcDbLine
 62
7
  6
CONTINUOUS
 10
235.838591002
 20
236.3453795619
 11
235.838591002
 21
234.6453795619
  0
LINE
  5
DC5
100
AcDbEntity
  8
0
100
AcDbLine
 62
7
  6
CONTINUOUS
 10
232.638697511
 20
243.7407668669
 11
232.6397717858
 21
244.0434743187
  0
LINE
  5
DC6
100
AcDbEntity
  8
0
100
AcDbLine
 62
7
  6
CONTINUOUS
 10
232.6397717858
 20
244.0434743187
 11
232.6425303879
 21
244.3200027148
  0
LINE
  5
DC7
100
AcDbEntity
  8
0
100
AcDbLine
 62
7
  6
CONTINUOUS
 10
239.8117005219
 20
240.9837001626
 11
241.8037533394
 21
245.877279406
  0
LINE
  5
DC8
100
AcDbEntity
  8
RUNDUNGEN
100
AcDbLine
 62
7
  6
CONTINUOUS
 10
245.1291677487
 20
249.9250618596
 11
245.1141953251
 21
249.8882813382
  0
LINE
  5
DC9
100
AcDbEntity
  8
0
100
AcDbLine
 62
7
  6
CONTINUOUS
 10
219.038591002
 20
226.3457520436
 11
220.838591002
 21
226.3457520436
  0
LINE
  5
DCA
100
AcDbEntity
  8
0
100
AcDbLine
 62
7
  6
CONTINUOUS
 10
240.838591002
 20
226.3457520436
 11
242.638591002
 21
226.3457520436
  0
LINE
  5
DCB
100
AcDbEntity
  8
0
100
AcDbLine
 62
7
  6
CONTINUOUS
 10
209.1099989297
 20
236.7756743133
 11
209.1883783956
 21
236.7357379807
  0
LINE
  5
DCC
100
AcDbEntity
  8
0
100
AcDbLine
 62
7
  6
CONTINUOUS
 10
253.6643529194
 20
214.0740970698
 11
253.7475583735
 21
214.0317017733
  0
LINE
  5
DCD
100
AcDbEntity
  8
0
100
AcDbLine
 62
7
  6
CONTINUOUS
 10
254.0199526734
 20
214.5663056878
 11
253.9112988697
 21
214.621667566
  0
LINE
  5
DCE
100
AcDbEntity
  8
0
100
AcDbLine
 62
7
  6
CONTINUOUS
 10
209.5004082593
 20
237.2501465667
 11
209.3823932296
 21
237.3102782278
  0
LINE
  5
DCF
100
AcDbEntity
  8
0
100
AcDbLine
 62
9
  6
CONTINUOUS
 10
218.7434877933
 20
235.3448335295
 11
218.3494824165
 21
235.6526642671
  0
LINE
  5
DD0
100
AcDbEntity
  8
0
100
AcDbLine
 62
9
  6
CONTINUOUS
 10
245.6672131936
 20
215.8325357203
 11
245.2732078168
 21
216.140366458
  0
LINE
  5
DD1
100
AcDbEntity
  8
0
100
AcDbLine
 62
9
  6
CONTINUOUS
 10
219.0882761869
 20
236.5982771715
 11
219.4822815637
 21
236.2904464338
  0
LINE
  5
DD2
100
AcDbEntity
  8
RUNDUNGEN
100
AcDbLine
 62
7
  6
CONTINUOUS
 10
218.492638882
 20
237.3174436794
 11
219.0538063313
 21
236.8790116172
  0
LINE
  5
DD3
100
AcDbEntity
  8
RUNDUNGEN
100
AcDbLine
 62
7
  6
CONTINUOUS
 10
245.9479476394
 20
215.867005576
 11
246.5091150887
 21
215.4285735138
  0
LINE
  5
DD4
100
AcDbEntity
  8
RUNDUNGEN
100
AcDbLine
 62
3
  6
CONTINUOUS
 10
218.8004696197
 20
237.7114490562
 11
219.3616370689
 21
237.273016994
  0
LINE
  5
DD5
100
AcDbEntity
  8
RUNDUNGEN
100
AcDbLine
 62
3
  6
CONTINUOUS
 10
246.2557783771
 20
216.2610109528
 11
246.8169458263
 21
215.8225788906
  0
LINE
  5
DD6
100
AcDbEntity
  8
0
100
AcDbLine
 62
7
  6
CONTINUOUS
 10
220.3558990284
 20
237.4086257974
 11
219.9618936516
 21
237.7164565351
  0
LINE
  5
DD7
100
AcDbEntity
  8
0
100
AcDbLine
 62
7
  6
CONTINUOUS
 10
246.1468252815
 20
217.2585458216
 11
246.5408306583
 21
216.9507150839
  0
LINE
  5
DD8
100
AcDbEntity
  8
0
100
AcDbLine
 62
7
  6
CONTINUOUS
 10
219.9365745221
 20
237.8390411978
 11
220.4093809743
 21
237.4696443126
  0
LINE
  5
DD9
100
AcDbEntity
  8
RUNDUNGEN
100
AcDbLine
 62
3
  6
CONTINUOUS
 10
244.4663553965
 20
214.6452644352
 11
244.5063103022
 21
214.602356006
  0
LINE
  5
DDA
100
AcDbEntity
  8
0
100
AcDbLine
 62
3
  6
CONTINUOUS
 10
233.338591002
 20
232.2467664924
 11
234.1038026196
 21
228.5552136393
  0
LINE
  5
DDB
100
AcDbEntity
  8
0
100
AcDbLine
 62
7
  6
CONTINUOUS
 10
233.338591002
 20
232.6855787134
 11
234.1038026196
 21
228.9940258602
  0
LINE
  5
DDC
100
AcDbEntity
  8
0
100
AcDbLine
 62
7
  6
CONTINUOUS
 10
235.998591002
 20
233.2453795619
 11
235.998591002
 21
233.8453795619
  0
LINE
  5
DDD
100
AcDbEntity
  8
0
100
AcDbLine
 62
3
  6
CONTINUOUS
 10
236.238591002
 20
223.0453795619
 11
236.238591002
 21
233.2453795619
  0
LINE
  5
DDE
100
AcDbEntity
  8
0
100
AcDbLine
 62
7
  6
CONTINUOUS
 10
236.338591002
 20
233.2453795619
 11
236.338591002
 21
231.2453795619
  0
LINE
  5
DDF
100
AcDbEntity
  8
RUNDUNGEN
100
AcDbLine
 62
7
  6
CONTINUOUS
 10
236.338591002
 20
219.2453795619
 11
236.338591002
 21
231.2453795619
  0
LINE
  5
DE0
100
AcDbEntity
  8
FASEN
100
AcDbLine
 62
7
  6
CONTINUOUS
 10
236.388591002
 20
205.6453795619
 11
236.388591002
 21
204.0453795619
  0
LINE
  5
DE1
100
AcDbEntity
  8
FASEN
100
AcDbLine
 62
7
  6
CONTINUOUS
 10
236.388591002
 20
200.2453795619
 11
236.388591002
 21
203.6453795619
  0
LINE
  5
DE2
100
AcDbEntity
  8
0
100
AcDbLine
 62
7
  6
CONTINUOUS
 10
236.438591002
 20
245.9340863006
 11
236.438591002
 21
245.5258734194
  0
LINE
  5
DE3
100
AcDbEntity
  8
0
100
AcDbLine
 62
7
  6
CONTINUOUS
 10
236.438591002
 20
236.8580715822
 11
236.438591002
 21
242.9837001626
  0
LINE
  5
DE4
100
AcDbEntity
  8
FASEN
100
AcDbLine
 62
7
  6
CONTINUOUS
 10
236.688591002
 20
205.6453795619
 11
236.688591002
 21
204.3453795619
  0
LINE
  5
DE5
100
AcDbEntity
  8
FASEN
100
AcDbLine
 62
7
  6
CONTINUOUS
 10
236.688591002
 20
200.2453795619
 11
236.688591002
 21
203.3453795619
  0
LINE
  5
DE6
100
AcDbEntity
  8
0
100
AcDbLine
 62
7
  6
CONTINUOUS
 10
236.698591002
 20
233.8453795619
 11
236.698591002
 21
233.2453795619
  0
LINE
  5
DE7
100
AcDbEntity
  8
RUNDUNGEN
100
AcDbLine
 62
7
  6
CONTINUOUS
 10
237.338591002
 20
219.2453795619
 11
237.338591002
 21
231.2453795619
  0
LINE
  5
DE8
100
AcDbEntity
  8
0
100
AcDbLine
 62
7
  6
CONTINUOUS
 10
237.338591002
 20
231.2453795619
 11
237.338591002
 21
233.2453795619
  0
LINE
  5
DE9
100
AcDbEntity
  8
0
100
AcDbLine
 62
7
  6
CONTINUOUS
 10
237.438591002
 20
217.0453795619
 11
237.438591002
 21
212.0453795619
  0
LINE
  5
DEA
100
AcDbEntity
  8
0
100
AcDbLine
 62
3
  6
CONTINUOUS
 10
237.438591002
 20
223.0453795619
 11
237.438591002
 21
232.0508785928
  0
LINE
  5
DEB
100
AcDbEntity
  8
FASEN
100
AcDbLine
 62
7
  6
CONTINUOUS
 10
237.688591002
 20
200.2453795619
 11
237.688591002
 21
203.3453795619
  0
LINE
  5
DEC
100
AcDbEntity
  8
FASEN
100
AcDbLine
 62
7
  6
CONTINUOUS
 10
237.688591002
 20
204.3453795619
 11
237.688591002
 21
205.6453795619
  0
LINE
  5
DED
100
AcDbEntity
  8
0
100
AcDbLine
 62
7
  6
CONTINUOUS
 10
237.698591002
 20
233.8453795619
 11
237.698591002
 21
233.2453795619
  0
LINE
  5
DEE
100
AcDbEntity
  8
FASEN
100
AcDbLine
 62
7
  6
CONTINUOUS
 10
237.988591002
 20
200.2453795619
 11
237.988591002
 21
203.6453795619
  0
LINE
  5
DEF
100
AcDbEntity
  8
FASEN
100
AcDbLine
 62
7
  6
CONTINUOUS
 10
237.988591002
 20
204.0453795619
 11
237.988591002
 21
205.6453795619
  0
LINE
  5
DF0
100
AcDbEntity
  8
0
100
AcDbLine
 62
7
  6
CONTINUOUS
 10
238.0117005219
 20
236.0346331352
 11
238.0117005219
 21
240.9837001626
  0
LINE
  5
DF1
100
AcDbEntity
  8
0
100
AcDbLine
 62
3
  6
CONTINUOUS
 10
238.238591002
 20
223.0453795619
 11
238.238591002
 21
230.453358574
  0
LINE
  5
DF2
100
AcDbEntity
  8
RUNDUNGEN
100
AcDbLine
 62
7
  6
CONTINUOUS
 10
238.338591002
 20
219.2453795619
 11
238.338591002
 21
230.2453795619
  0
LINE
  5
DF3
100
AcDbEntity
  8
0
100
AcDbLine
 62
7
  6
CONTINUOUS
 10
238.338591002
 20
232.802630424
 11
238.338591002
 21
233.2453795619
  0
LINE
  5
DF4
100
AcDbEntity
  8
0
100
AcDbLine
 62
7
  6
CONTINUOUS
 10
238.398591002
 20
233.2453795619
 11
238.398591002
 21
233.8453795619
  0
LINE
  5
DF5
100
AcDbEntity
  8
0
100
AcDbLine
 62
7
  6
CONTINUOUS
 10
238.498591002
 20
200.2453795619
 11
238.498591002
 21
199.2453795619
  0
LINE
  5
DF6
100
AcDbEntity
  8
0
100
AcDbLine
 62
7
  6
CONTINUOUS
 10
238.638591002
 20
233.8453795619
 11
238.638591002
 21
233.2453795619
  0
LINE
  5
DF7
100
AcDbEntity
  8
FASEN
100
AcDbLine
 62
7
  6
CONTINUOUS
 10
238.738591002
 20
233.2453795619
 11
238.738591002
 21
233.8453795619
  0
LINE
  5
DF8
100
AcDbEntity
  8
FASEN
100
AcDbLine
 62
7
  6
CONTINUOUS
 10
238.928591002
 20
205.6453795619
 11
238.928591002
 21
202.2453795619
  0
LINE
  5
DF9
100
AcDbEntity
  8
FASEN
100
AcDbLine
 62
7
  6
CONTINUOUS
 10
238.928591002
 20
200.2453795619
 11
238.928591002
 21
201.8453795619
  0
LINE
  5
DFA
100
AcDbEntity
  8
0
100
AcDbLine
 62
7
  6
CONTINUOUS
 10
239.1891368041
 20
228.9940258602
 11
239.1891368041
 21
228.5552136393
  0
LINE
  5
DFB
100
AcDbEntity
  8
FASEN
100
AcDbLine
 62
7
  6
CONTINUOUS
 10
239.228591002
 20
205.6453795619
 11
239.228591002
 21
202.5453795619
  0
LINE
  5
DFC
100
AcDbEntity
  8
FASEN
100
AcDbLine
 62
7
  6
CONTINUOUS
 10
239.228591002
 20
200.2453795619
 11
239.228591002
 21
201.5453795619
  0
LINE
  5
DFD
100
AcDbEntity
  8
0
100
AcDbLine
 62
7
  6
CONTINUOUS
 10
239.228591002
 20
228.1253795619
 11
239.228591002
 21
228.9363866466
  0
LINE
  5
DFE
100
AcDbEntity
  8
BEZUGSACHSEN
100
AcDbLine
 62
7
  6
CONTINUOUS
 10
239.498591002
 20
199.2453795619
 11
239.498591002
 21
195.6453795619
  0
LINE
  5
DFF
100
AcDbEntity
  8
FASEN
100
AcDbLine
 62
7
  6
CONTINUOUS
 10
220.948591002
 20
203.8453795619
 11
221.448591002
 21
204.3453795619
  0
LINE
  5
E00
100
AcDbEntity
  8
FASEN
100
AcDbLine
 62
7
  6
CONTINUOUS
 10
222.448591002
 20
203.3453795619
 11
222.948591002
 21
203.8453795619
  0
LINE
  5
E01
100
AcDbEntity
  8
0
100
AcDbLine
 62
3
  6
CONTINUOUS
 10
240.228591002
 20
228.1253795619
 11
239.228591002
 21
228.1253795619
  0
LINE
  5
E02
100
AcDbEntity
  8
0
100
AcDbLine
 62
3
  6
CONTINUOUS
 10
235.148591002
 20
228.1253795619
 11
234.148591002
 21
228.1253795619
  0
LINE
  5
E03
100
AcDbEntity
  8
0
100
AcDbLine
 62
3
  6
CONTINUOUS
 10
230.068591002
 20
228.1253795619
 11
229.068591002
 21
228.1253795619
  0
LINE
  5
E04
100
AcDbEntity
  8
0
100
AcDbLine
 62
3
  6
CONTINUOUS
 10
223.988591002
 20
228.1253795619
 11
224.988591002
 21
228.1253795619
  0
LINE
  5
E05
100
AcDbEntity
  8
0
100
AcDbLine
 62
7
  6
CONTINUOUS
 10
240.228591002
 20
228.7253795619
 11
239.228591002
 21
228.7253795619
  0
LINE
  5
E06
100
AcDbEntity
  8
0
100
AcDbLine
 62
7
  6
CONTINUOUS
 10
235.148591002
 20
228.7253795619
 11
234.148591002
 21
228.7253795619
  0
LINE
  5
E07
100
AcDbEntity
  8
0
100
AcDbLine
 62
7
  6
CONTINUOUS
 10
230.068591002
 20
228.7253795619
 11
229.068591002
 21
228.7253795619
  0
LINE
  5
E08
100
AcDbEntity
  8
0
100
AcDbLine
 62
7
  6
CONTINUOUS
 10
223.988591002
 20
228.7253795619
 11
224.988591002
 21
228.7253795619
  0
LINE
  5
E09
100
AcDbEntity
  8
0
100
AcDbLine
 62
9
  6
CONTINUOUS
 10
240.228591002
 20
228.9940258602
 11
239.1891368041
 21
228.9940258602
  0
LINE
  5
E0A
100
AcDbEntity
  8
0
100
AcDbLine
 62
9
  6
CONTINUOUS
 10
235.1137458568
 20
228.9940258602
 11
234.1038026196
 21
228.9940258602
  0
LINE
  5
E0B
100
AcDbEntity
  8
0
100
AcDbLine
 62
9
  6
CONTINUOUS
 10
230.0833990507
 20
228.9940258602
 11
229.0823073351
 21
228.9940258602
  0
LINE
  5
E0C
100
AcDbEntity
  8
0
100
AcDbLine
 62
9
  6
CONTINUOUS
 10
225.0638532227
 20
228.9940258602
 11
224.0360238458
 21
228.9940258602
  0
LINE
  5
E0D
100
AcDbEntity
  8
RUNDUNGEN
100
AcDbLine
 62
9
  6
CONTINUOUS
 10
220.838591002
 20
230.2453795619
 11
223.338591002
 21
230.2453795619
  0
LINE
  5
E0E
100
AcDbEntity
  8
RUNDUNGEN
100
AcDbLine
 62
9
  6
CONTINUOUS
 10
224.338591002
 20
230.2453795619
 11
224.4719010925
 21
230.2453795619
  0
LINE
  5
E0F
100
AcDbEntity
  8
RUNDUNGEN
100
AcDbLine
 62
9
  6
CONTINUOUS
 10
226.338591002
 20
230.2453795619
 11
227.338591002
 21
230.2453795619
  0
LINE
  5
E10
100
AcDbEntity
  8
RUNDUNGEN
100
AcDbLine
 62
9
  6
CONTINUOUS
 10
228.338591002
 20
230.2453795619
 11
229.168067381
 21
230.2453795619
  0
LINE
  5
E11
100
AcDbEntity
  8
RUNDUNGEN
100
AcDbLine
 62
9
  6
CONTINUOUS
 10
230.338591002
 20
230.2453795619
 11
231.338591002
 21
230.2453795619
  0
LINE
  5
E12
100
AcDbEntity
  8
RUNDUNGEN
100
AcDbLine
 62
9
  6
CONTINUOUS
 10
232.338591002
 20
230.2453795619
 11
233.338591002
 21
230.2453795619
  0
LINE
  5
E13
100
AcDbEntity
  8
RUNDUNGEN
100
AcDbLine
 62
9
  6
CONTINUOUS
 10
234.8543562643
 20
230.2453795619
 11
235.338591002
 21
230.2453795619
  0
LINE
  5
E14
100
AcDbEntity
  8
RUNDUNGEN
100
AcDbLine
 62
9
  6
CONTINUOUS
 10
236.338591002
 20
230.2453795619
 11
237.338591002
 21
230.2453795619
  0
LINE
  5
E15
100
AcDbEntity
  8
RUNDUNGEN
100
AcDbLine
 62
9
  6
CONTINUOUS
 10
239.6192013641
 20
230.2453795619
 11
240.838591002
 21
230.2453795619
  0
LINE
  5
E16
100
AcDbEntity
  8
0
100
AcDbLine
 62
7
  6
CONTINUOUS
 10
237.438591002
 20
230.5653795619
 11
237.338591002
 21
230.5653795619
  0
LINE
  5
E17
100
AcDbEntity
  8
0
100
AcDbLine
 62
7
  6
CONTINUOUS
 10
236.338591002
 20
230.5653795619
 11
236.238591002
 21
230.5653795619
  0
LINE
  5
E18
100
AcDbEntity
  8
0
100
AcDbLine
 62
7
  6
CONTINUOUS
 10
235.438591002
 20
230.5653795619
 11
235.338591002
 21
230.5653795619
  0
LINE
  5
E19
100
AcDbEntity
  8
0
100
AcDbLine
 62
7
  6
CONTINUOUS
 10
233.438591002
 20
230.5653795619
 11
233.338591002
 21
230.5653795619
  0
LINE
  5
E1A
100
AcDbEntity
  8
0
100
AcDbLine
 62
7
  6
CONTINUOUS
 10
232.338591002
 20
230.5653795619
 11
232.238591002
 21
230.5653795619
  0
LINE
  5
E1B
100
AcDbEntity
  8
0
100
AcDbLine
 62
7
  6
CONTINUOUS
 10
231.438591002
 20
230.5653795619
 11
231.338591002
 21
230.5653795619
  0
LINE
  5
E1C
100
AcDbEntity
  8
0
100
AcDbLine
 62
7
  6
CONTINUOUS
 10
230.338591002
 20
230.5653795619
 11
230.238591002
 21
230.5653795619
  0
LINE
  5
E1D
100
AcDbEntity
  8
0
100
AcDbLine
 62
7
  6
CONTINUOUS
 10
228.338591002
 20
230.5653795619
 11
228.238591002
 21
230.5653795619
  0
LINE
  5
E1E
100
AcDbEntity
  8
0
100
AcDbLine
 62
7
  6
CONTINUOUS
 10
227.438591002
 20
230.5653795619
 11
227.338591002
 21
230.5653795619
  0
LINE
  5
E1F
100
AcDbEntity
  8
0
100
AcDbLine
 62
7
  6
CONTINUOUS
 10
226.338591002
 20
230.5653795619
 11
226.238591002
 21
230.5653795619
  0
LINE
  5
E20
100
AcDbEntity
  8
0
100
AcDbLine
 62
7
  6
CONTINUOUS
 10
224.338591002
 20
230.5653795619
 11
224.238591002
 21
230.5653795619
  0
LINE
  5
E21
100
AcDbEntity
  8
0
100
AcDbLine
 62
7
  6
CONTINUOUS
 10
223.438591002
 20
230.5653795619
 11
223.338591002
 21
230.5653795619
  0
LINE
  5
E22
100
AcDbEntity
  8
0
100
AcDbLine
 62
7
  6
CONTINUOUS
 10
220.838591002
 20
231.2453795619
 11
223.338591002
 21
231.2453795619
  0
LINE
  5
E23
100
AcDbEntity
  8
0
100
AcDbLine
 62
7
  6
CONTINUOUS
 10
224.338591002
 20
231.2453795619
 11
224.8202256678
 21
231.2453795619
  0
LINE
  5
E24
100
AcDbEntity
  8
0
100
AcDbLine
 62
7
  6
CONTINUOUS
 10
226.338591002
 20
231.2453795619
 11
227.338591002
 21
231.2453795619
  0
LINE
  5
E25
100
AcDbEntity
  8
0
100
AcDbLine
 62
7
  6
CONTINUOUS
 10
228.338591002
 20
231.2453795619
 11
229.2366011982
 21
231.2453795619
  0
LINE
  5
E26
100
AcDbEntity
  8
0
100
AcDbLine
 62
7
  6
CONTINUOUS
 10
230.338591002
 20
231.2453795619
 11
231.338591002
 21
231.2453795619
  0
LINE
  5
E27
100
AcDbEntity
  8
0
100
AcDbLine
 62
7
  6
CONTINUOUS
 10
232.338591002
 20
231.2453795619
 11
233.338591002
 21
231.2453795619
  0
LINE
  5
E28
100
AcDbEntity
  8
0
100
AcDbLine
 62
7
  6
CONTINUOUS
 10
234.6470690743
 20
231.2453795619
 11
235.338591002
 21
231.2453795619
  0
LINE
  5
E29
100
AcDbEntity
  8
0
100
AcDbLine
 62
7
  6
CONTINUOUS
 10
236.338591002
 20
231.2453795619
 11
237.338591002
 21
231.2453795619
  0
LINE
  5
E2A
100
AcDbEntity
  8
0
100
AcDbLine
 62
7
  6
CONTINUOUS
 10
239.1184251668
 20
231.2453795619
 11
240.838591002
 21
231.2453795619
  0
LINE
  5
E2B
100
AcDbEntity
  8
0
100
AcDbLine
 62
7
  6
CONTINUOUS
 10
246.3813984724
 20
217.5587858144
 11
246.8542049246
 21
217.1893889293
  0
LINE
  5
E2C
100
AcDbEntity
  8
0
100
AcDbLine
 62
7
  6
CONTINUOUS
 10
225.838591002
 20
236.3453795619
 11
225.238591002
 21
236.8580715822
  0
LINE
  5
E2D
100
AcDbEntity
  8
0
100
AcDbLine
 62
7
  6
CONTINUOUS
 10
235.1137458568
 20
228.9940258602
 11
234.338591002
 21
232.7335471244
  0
LINE
  5
E2E
100
AcDbEntity
  8
0
100
AcDbLine
 62
7
  6
CONTINUOUS
 10
239.8117005219
 20
240.9837001626
 11
239.8117005219
 21
237.272270042
  0
LINE
  5
E2F
100
AcDbEntity
  8
FASEN
100
AcDbLine
 62
7
  6
CONTINUOUS
 10
240.228591002
 20
200.2453795619
 11
240.228591002
 21
201.5453795619
  0
LINE
  5
E30
100
AcDbEntity
  8
FASEN
100
AcDbLine
 62
7
  6
CONTINUOUS
 10
240.228591002
 20
202.5453795619
 11
240.228591002
 21
205.6453795619
  0
LINE
  5
E31
100
AcDbEntity
  8
0
100
AcDbLine
 62
7
  6
CONTINUOUS
 10
240.228591002
 20
228.1253795619
 11
240.228591002
 21
229.0284893796
  0
LINE
  5
E32
100
AcDbEntity
  8
FASEN
100
AcDbLine
 62
7
  6
CONTINUOUS
 10
240.528591002
 20
200.2453795619
 11
240.528591002
 21
201.8453795619
  0
LINE
  5
E33
100
AcDbEntity
  8
FASEN
100
AcDbLine
 62
7
  6
CONTINUOUS
 10
240.528591002
 20
202.2453795619
 11
240.528591002
 21
205.6453795619
  0
LINE
  5
E34
100
AcDbEntity
  8
0
100
AcDbLine
 62
7
  6
CONTINUOUS
 10
240.838591002
 20
233.7553743042
 11
240.838591002
 21
214.7353848195
  0
LINE
  5
E35
100
AcDbEntity
  8
0
100
AcDbLine
 62
7
  6
CONTINUOUS
 10
240.838591002
 20
210.0453795619
 11
240.838591002
 21
205.6453795619
  0
LINE
  5
E36
100
AcDbEntity
  8
BEZUGSACHSEN
100
AcDbLine
 62
7
  6
CONTINUOUS
 10
242.498591002
 20
199.2453795619
 11
242.498591002
 21
195.6453795619
  0
LINE
  5
E37
100
AcDbEntity
  8
0
100
AcDbLine
 62
7
  6
CONTINUOUS
 10
242.638591002
 20
251.8453795619
 11
242.638591002
 21
248.7280828869
  0
LINE
  5
E38
100
AcDbEntity
  8
0
100
AcDbLine
 62
7
  6
CONTINUOUS
 10
242.638591002
 20
199.2453795619
 11
242.638591002
 21
201.8953795619
  0
LINE
  5
E39
100
AcDbEntity
  8
0
100
AcDbLine
 62
7
  6
CONTINUOUS
 10
242.638591002
 20
202.8953795619
 11
242.638591002
 21
203.3953795619
  0
LINE
  5
E3A
100
AcDbEntity
  8
0
100
AcDbLine
 62
7
  6
CONTINUOUS
 10
242.638591002
 20
204.3953795619
 11
242.638591002
 21
210.0453795619
  0
LINE
  5
E3B
100
AcDbEntity
  8
0
100
AcDbLine
 62
7
  6
CONTINUOUS
 10
242.638591002
 20
214.7353848195
 11
242.638591002
 21
234.4453795619
  0
LINE
  5
E3C
100
AcDbEntity
  8
0
100
AcDbLine
 62
7
  6
CONTINUOUS
 10
243.1310568169
 20
214.2664242051
 11
243.1310568169
 21
213.7664242051
  0
LINE
  5
E3D
100
AcDbEntity
  8
0
100
AcDbLine
 62
9
  6
CONTINUOUS
 10
243.2189170284
 20
214.2664242051
 11
243.2189170284
 21
213.7664242051
  0
LINE
  5
E3E
100
AcDbEntity
  8
0
100
AcDbLine
 62
7
  6
CONTINUOUS
 10
243.238591002
 20
214.2664242051
 11
243.238591002
 21
209.7453795619
  0
LINE
  5
E3F
100
AcDbEntity
  8
RUNDUNGEN
100
AcDbLine
 62
7
  6
CONTINUOUS
 10
243.238591002
 20
202.8953795619
 11
243.238591002
 21
202.8453795619
  0
LINE
  5
E40
100
AcDbEntity
  8
0
100
AcDbLine
 62
7
  6
CONTINUOUS
 10
243.238591002
 20
201.8953795619
 11
243.238591002
 21
202.8453795619
  0
LINE
  5
E41
100
AcDbEntity
  8
0
100
AcDbLine
 62
7
  6
CONTINUOUS
 10
243.238591002
 20
202.8953795619
 11
243.238591002
 21
208.5453795619
  0
LINE
  5
E42
100
AcDbEntity
  8
FASEN
100
AcDbLine
 62
7
  6
CONTINUOUS
 10
223.488591002
 20
202.0453795619
 11
223.988591002
 21
202.5453795619
  0
LINE
  5
E43
100
AcDbEntity
  8
FASEN
100
AcDbLine
 62
7
  6
CONTINUOUS
 10
226.028591002
 20
203.8453795619
 11
226.528591002
 21
204.3453795619
  0
LINE
  5
E44
100
AcDbEntity
  8
FASEN
100
AcDbLine
 62
7
  6
CONTINUOUS
 10
224.988591002
 20
201.5453795619
 11
225.488591002
 21
202.0453795619
  0
LINE
  5
E45
100
AcDbEntity
  8
FASEN
100
AcDbLine
 62
7
  6
CONTINUOUS
 10
227.528591002
 20
203.3453795619
 11
228.028591002
 21
203.8453795619
  0
LINE
  5
E46
100
AcDbEntity
  8
0
100
AcDbLine
 62
9
  6
CONTINUOUS
 10
237.494536123
 20
231.9391617792
 11
237.438591002
 21
231.9391617792
  0
LINE
  5
E47
100
AcDbEntity
  8
0
100
AcDbLine
 62
9
  6
CONTINUOUS
 10
236.238591002
 20
231.9391617792
 11
235.438591002
 21
231.9391617792
  0
LINE
  5
E48
100
AcDbEntity
  8
0
100
AcDbLine
 62
9
  6
CONTINUOUS
 10
232.238591002
 20
231.9391617792
 11
231.438591002
 21
231.9391617792
  0
LINE
  5
E49
100
AcDbEntity
  8
0
100
AcDbLine
 62
9
  6
CONTINUOUS
 10
228.238591002
 20
231.9391617792
 11
227.438591002
 21
231.9391617792
  0
LINE
  5
E4A
100
AcDbEntity
  8
0
100
AcDbLine
 62
9
  6
CONTINUOUS
 10
224.238591002
 20
231.9391617792
 11
223.438591002
 21
231.9391617792
  0
LINE
  5
E4B
100
AcDbEntity
  8
0
100
AcDbLine
 62
3
  6
CONTINUOUS
 10
220.758591002
 20
233.2453795619
 11
224.338591002
 21
233.2453795619
  0
LINE
  5
E4C
100
AcDbEntity
  8
FASEN
100
AcDbLine
 62
7
  6
CONTINUOUS
 10
224.338591002
 20
233.2453795619
 11
224.738591002
 21
233.2453795619
  0
LINE
  5
E4D
100
AcDbEntity
  8
FASEN
100
AcDbLine
 62
7
  6
CONTINUOUS
 10
224.938591002
 20
233.2453795619
 11
225.338591002
 21
233.2453795619
  0
LINE
  5
E4E
100
AcDbEntity
  8
0
100
AcDbLine
 62
3
  6
CONTINUOUS
 10
225.038591002
 20
233.2453795619
 11
225.338591002
 21
233.2453795619
  0
LINE
  5
E4F
100
AcDbEntity
  8
FASEN
100
AcDbLine
 62
7
  6
CONTINUOUS
 10
228.338591002
 20
233.2453795619
 11
228.738591002
 21
233.2453795619
  0
LINE
  5
E50
100
AcDbEntity
  8
0
100
AcDbLine
 62
3
  6
CONTINUOUS
 10
225.838591002
 20
233.2453795619
 11
228.338591002
 21
233.2453795619
  0
LINE
  5
E51
100
AcDbEntity
  8
FASEN
100
AcDbLine
 62
7
  6
CONTINUOUS
 10
228.938591002
 20
233.2453795619
 11
229.338591002
 21
233.2453795619
  0
LINE
  5
E52
100
AcDbEntity
  8
0
100
AcDbLine
 62
3
  6
CONTINUOUS
 10
229.038591002
 20
233.2453795619
 11
229.338591002
 21
233.2453795619
  0
LINE
  5
E53
100
AcDbEntity
  8
0
100
AcDbLine
 62
3
  6
CONTINUOUS
 10
230.338591002
 20
233.2453795619
 11
230.638591002
 21
233.2453795619
  0
LINE
  5
E54
100
AcDbEntity
  8
FASEN
100
AcDbLine
 62
7
  6
CONTINUOUS
 10
230.338591002
 20
233.2453795619
 11
230.738591002
 21
233.2453795619
  0
LINE
  5
E55
100
AcDbEntity
  8
FASEN
100
AcDbLine
 62
7
  6
CONTINUOUS
 10
233.318591002
 20
233.2453795619
 11
233.338591002
 21
233.2453795619
  0
LINE
  5
E56
100
AcDbEntity
  8
0
100
AcDbLine
 62
3
  6
CONTINUOUS
 10
230.918591002
 20
233.2453795619
 11
233.338591002
 21
233.2453795619
  0
LINE
  5
E57
100
AcDbEntity
  8
0
100
AcDbLine
 62
3
  6
CONTINUOUS
 10
234.338591002
 20
233.2453795619
 11
234.638591002
 21
233.2453795619
  0
LINE
  5
E58
100
AcDbEntity
  8
FASEN
100
AcDbLine
 62
7
  6
CONTINUOUS
 10
234.338591002
 20
233.2453795619
 11
234.738591002
 21
233.2453795619
  0
LINE
  5
E59
100
AcDbEntity
  8
FASEN
100
AcDbLine
 62
7
  6
CONTINUOUS
 10
234.938591002
 20
233.2453795619
 11
235.338591002
 21
233.2453795619
  0
LINE
  5
E5A
100
AcDbEntity
  8
0
100
AcDbLine
 62
3
  6
CONTINUOUS
 10
235.338591002
 20
233.2453795619
 11
238.638591002
 21
233.2453795619
  0
LINE
  5
E5B
100
AcDbEntity
  8
FASEN
100
AcDbLine
 62
7
  6
CONTINUOUS
 10
238.398591002
 20
233.2453795619
 11
238.738591002
 21
233.2453795619
  0
LINE
  5
E5C
100
AcDbEntity
  8
0
100
AcDbLine
 62
9
  6
CONTINUOUS
 10
234.338591002
 20
233.4155454845
 11
233.338591002
 21
233.4155454845
  0
LINE
  5
E5D
100
AcDbEntity
  8
0
100
AcDbLine
 62
9
  6
CONTINUOUS
 10
230.338591002
 20
233.4155454845
 11
229.338591002
 21
233.4155454845
  0
LINE
  5
E5E
100
AcDbEntity
  8
0
100
AcDbLine
 62
9
  6
CONTINUOUS
 10
225.838591002
 20
233.4155454845
 11
225.338591002
 21
233.4155454845
  0
LINE
  5
E5F
100
AcDbEntity
  8
0
100
AcDbLine
 62
7
  6
CONTINUOUS
 10
220.758591002
 20
233.8453795619
 11
223.7257837786
 21
233.8453795619
  0
LINE
  5
E60
100
AcDbEntity
  8
FASEN
100
AcDbLine
 62
7
  6
CONTINUOUS
 10
223.7257837786
 20
233.8453795619
 11
224.738591002
 21
233.8453795619
  0
LINE
  5
E61
100
AcDbEntity
  8
FASEN
100
AcDbLine
 62
7
  6
CONTINUOUS
 10
224.938591002
 20
233.8453795619
 11
225.838591002
 21
233.8453795619
  0
LINE
  5
E62
100
AcDbEntity
  8
0
100
AcDbLine
 62
7
  6
CONTINUOUS
 10
225.038591002
 20
233.8453795619
 11
228.238591002
 21
233.8453795619
  0
LINE
  5
E63
100
AcDbEntity
  8
FASEN
100
AcDbLine
 62
7
  6
CONTINUOUS
 10
228.238591002
 20
233.8453795619
 11
228.738591002
 21
233.8453795619
  0
LINE
  5
E64
100
AcDbEntity
  8
0
100
AcDbLine
 62
7
  6
CONTINUOUS
 10
229.038591002
 20
233.8453795619
 11
230.638591002
 21
233.8453795619
  0
LINE
  5
E65
100
AcDbEntity
  8
FASEN
100
AcDbLine
 62
7
  6
CONTINUOUS
 10
228.938591002
 20
233.8453795619
 11
230.738591002
 21
233.8453795619
  0
LINE
  5
E66
100
AcDbEntity
  8
0
100
AcDbLine
 62
7
  6
CONTINUOUS
 10
230.918591002
 20
233.8453795619
 11
234.638591002
 21
233.8453795619
  0
LINE
  5
E67
100
AcDbEntity
  8
FASEN
100
AcDbLine
 62
7
  6
CONTINUOUS
 10
233.318591002
 20
233.8453795619
 11
234.738591002
 21
233.8453795619
  0
LINE
  5
E68
100
AcDbEntity
  8
FASEN
100
AcDbLine
 62
7
  6
CONTINUOUS
 10
234.938591002
 20
233.8453795619
 11
235.5341591877
 21
233.8453795619
  0
LINE
  5
E69
100
AcDbEntity
  8
0
100
AcDbLine
 62
7
  6
CONTINUOUS
 10
235.5341591877
 20
233.8453795619
 11
238.638591002
 21
233.8453795619
  0
LINE
  5
E6A
100
AcDbEntity
  8
FASEN
100
AcDbLine
 62
7
  6
CONTINUOUS
 10
238.398591002
 20
233.8453795619
 11
238.738591002
 21
233.8453795619
  0
LINE
  5
E6B
100
AcDbEntity
  8
0
100
AcDbLine
 62
7
  6
CONTINUOUS
 10
240.1337510329
 20
234.4453795619
 11
221.5434309711
 21
234.4453795619
  0
LINE
  5
E6C
100
AcDbEntity
  8
FASEN
100
AcDbLine
 62
7
  6
CONTINUOUS
 10
235.838591002
 20
234.6453795619
 11
225.838591002
 21
234.6453795619
  0
LINE
  5
E6D
100
AcDbEntity
  8
0
100
AcDbLine
 62
3
  6
CONTINUOUS
 10
237.338591002
 20
232.2505685951
 11
239.1891368041
 21
228.5552136393
  0
LINE
  5
E6E
100
AcDbEntity
  8
0
100
AcDbLine
 62
7
  6
CONTINUOUS
 10
237.338591002
 20
232.6893808161
 11
239.1891368041
 21
228.9940258602
  0
LINE
  5
E6F
100
AcDbEntity
  8
0
100
AcDbLine
 62
7
  6
CONTINUOUS
 10
240.228591002
 20
229.0284893796
 11
238.338591002
 21
232.802630424
  0
LINE
  5
E70
100
AcDbEntity
  8
0
100
AcDbLine
 62
7
  6
CONTINUOUS
 10
244.838591002
 20
214.2664242051
 11
244.838591002
 21
209.7453795619
  0
LINE
  5
E71
100
AcDbEntity
  8
0
100
AcDbLine
 62
7
  6
CONTINUOUS
 10
244.838591002
 20
208.5453795619
 11
244.838591002
 21
202.8953795619
  0
LINE
  5
E72
100
AcDbEntity
  8
RUNDUNGEN
100
AcDbLine
 62
7
  6
CONTINUOUS
 10
244.838591002
 20
202.8953795619
 11
244.838591002
 21
202.8453795619
  0
LINE
  5
E73
100
AcDbEntity
  8
0
100
AcDbLine
 62
7
  6
CONTINUOUS
 10
245.038591002
 20
202.8953795619
 11
245.038591002
 21
201.2953795619
  0
LINE
  5
E74
100
AcDbEntity
  8
0
100
AcDbLine
 62
7
  6
CONTINUOUS
 10
245.438591002
 20
250.6053394071
 11
245.438591002
 21
251.8453795619
  0
LINE
  5
E75
100
AcDbEntity
  8
0
100
AcDbLine
 62
9
  6
CONTINUOUS
 10
245.638591002
 20
203.3953795619
 11
245.638591002
 21
202.8953795619
  0
LINE
  5
E76
100
AcDbEntity
  8
0
100
AcDbLine
 62
9
  6
CONTINUOUS
 10
246.838591002
 20
203.3953795619
 11
246.838591002
 21
202.8953795619
  0
LINE
  5
E77
100
AcDbEntity
  8
0
100
AcDbLine
 62
7
  6
CONTINUOUS
 10
252.1251856486
 20
240.6010655034
 11
254.4695908045
 21
246.3602162191
  0
LINE
  5
E78
100
AcDbEntity
  8
FASEN
100
AcDbLine
 62
7
  6
CONTINUOUS
 10
228.538591002
 20
202.0453795619
 11
229.038591002
 21
202.5453795619
  0
LINE
  5
E79
100
AcDbEntity
  8
FASEN
100
AcDbLine
 62
7
  6
CONTINUOUS
 10
222.178591002
 20
195.6453795619
 11
221.778591002
 21
195.2453795619
  0
LINE
  5
E7A
100
AcDbEntity
  8
FASEN
100
AcDbLine
 62
7
  6
CONTINUOUS
 10
231.108591002
 20
203.8453795619
 11
231.608591002
 21
204.3453795619
  0
LINE
  5
E7B
100
AcDbEntity
  8
FASEN
100
AcDbLine
 62
7
  6
CONTINUOUS
 10
230.038591002
 20
201.5453795619
 11
230.538591002
 21
202.0453795619
  0
LINE
  5
E7C
100
AcDbEntity
  8
FASEN
100
AcDbLine
 62
7
  6
CONTINUOUS
 10
232.608591002
 20
203.3453795619
 11
233.108591002
 21
203.8453795619
  0
LINE
  5
E7D
100
AcDbEntity
  8
FASEN
100
AcDbLine
 62
7
  6
CONTINUOUS
 10
234.838591002
 20
235.0453795619
 11
233.838591002
 21
235.0453795619
  0
LINE
  5
E7E
100
AcDbEntity
  8
FASEN
100
AcDbLine
 62
7
  6
CONTINUOUS
 10
227.838591002
 20
235.0453795619
 11
226.838591002
 21
235.0453795619
  0
LINE
  5
E7F
100
AcDbEntity
  8
RUNDUNGEN
100
AcDbLine
 62
7
  6
CONTINUOUS
 10
225.838591002
 20
235.2453795619
 11
226.838591002
 21
235.2453795619
  0
LINE
  5
E80
100
AcDbEntity
  8
0
100
AcDbLine
 62
7
  6
CONTINUOUS
 10
226.838591002
 20
235.2453795619
 11
227.838591002
 21
235.2453795619
  0
LINE
  5
E81
100
AcDbEntity
  8
0
100
AcDbLine
 62
7
  6
CONTINUOUS
 10
233.838591002
 20
235.2453795619
 11
234.838591002
 21
235.2453795619
  0
LINE
  5
E82
100
AcDbEntity
  8
RUNDUNGEN
100
AcDbLine
 62
7
  6
CONTINUOUS
 10
234.838591002
 20
235.2453795619
 11
235.838591002
 21
235.2453795619
  0
LINE
  5
E83
100
AcDbEntity
  8
0
100
AcDbLine
 62
7
  6
CONTINUOUS
 10
225.838591002
 20
235.7453795619
 11
227.338591002
 21
235.7453795619
  0
LINE
  5
E84
100
AcDbEntity
  8
0
100
AcDbLine
 62
7
  6
CONTINUOUS
 10
234.338591002
 20
235.7453795619
 11
235.838591002
 21
235.7453795619
  0
LINE
  5
E85
100
AcDbEntity
  8
0
100
AcDbLine
 62
9
  6
CONTINUOUS
 10
227.838591002
 20
236.0453795619
 11
233.838591002
 21
236.0453795619
  0
LINE
  5
E86
100
AcDbEntity
  8
0
100
AcDbLine
 62
7
  6
CONTINUOUS
 10
233.838591002
 20
236.8453795619
 11
232.438591002
 21
236.8453795619
  0
LINE
  5
E87
100
AcDbEntity
  8
0
100
AcDbLine
 62
7
  6
CONTINUOUS
 10
229.238591002
 20
236.8453795619
 11
227.838591002
 21
236.8453795619
  0
LINE
  5
E88
100
AcDbEntity
  8
4171
100
AcDbLine
 62
7
  6
CONTINUOUS
 10
227.838591002
 20
236.8453795619
 11
229.238591002
 21
236.8453795619
  0
LINE
  5
E89
100
AcDbEntity
  8
4171
100
AcDbLine
 62
7
  6
CONTINUOUS
 10
232.438591002
 20
236.8453795619
 11
233.838591002
 21
236.8453795619
  0
LINE
  5
E8A
100
AcDbEntity
  8
4171
100
AcDbLine
 62
9
  6
CONTINUOUS
 10
227.838591002
 20
237.5598043425
 11
229.238591002
 21
237.5598043425
  0
LINE
  5
E8B
100
AcDbEntity
  8
4171
100
AcDbLine
 62
9
  6
CONTINUOUS
 10
232.438591002
 20
237.5598043425
 11
233.838591002
 21
237.5598043425
  0
LINE
  5
E8C
100
AcDbEntity
  8
0
100
AcDbLine
 62
7
  6
CONTINUOUS
 10
221.3211354325
 20
246.2775841606
 11
220.657954625
 21
246.7057945839
  0
LINE
  5
E8D
100
AcDbEntity
  8
0
100
AcDbLine
 62
7
  6
CONTINUOUS
 10
247.638591002
 20
201.2953795619
 11
247.638591002
 21
203.3953795619
  0
LINE
  5
E8E
100
AcDbEntity
  8
0
100
AcDbLine
 62
7
  6
CONTINUOUS
 10
248.438591002
 20
206.50550633
 11
248.438591002
 21
201.2953795619
  0
LINE
  5
E8F
100
AcDbEntity
  8
0
100
AcDbLine
 62
7
  6
CONTINUOUS
 10
241.2714082272
 20
211.0182965595
 11
242.1949004402
 21
212.2003126899
  0
LINE
  5
E90
100
AcDbEntity
  8
0
100
AcDbLine
 62
3
  6
CONTINUOUS
 10
242.1949004402
 20
212.2003126899
 11
242.9336942106
 21
213.1459255943
  0
LINE
  5
E91
100
AcDbEntity
  8
02___PRT_ALL_AXES
100
AcDbLine
 62
3
  6
CONTINUOUS
 10
242.9336942106
 20
213.1459255943
 11
243.2415249483
 21
213.5399309711
  0
LINE
  5
E92
100
AcDbEntity
  8
0
100
AcDbLine
 62
7
  6
CONTINUOUS
 10
243.8091236698
 20
214.2664242051
 11
244.630222581
 21
215.3173828858
  0
LINE
  5
E93
100
AcDbEntity
  8
RUNDUNGEN
100
AcDbLine
 62
3
  6
CONTINUOUS
 10
243.8091236698
 20
214.2664242051
 11
245.2732078168
 21
216.140366458
  0
LINE
  5
E94
100
AcDbEntity
  8
0
100
AcDbLine
 62
7
  6
CONTINUOUS
 10
245.2732078168
 20
216.140366458
 11
246.3813984724
 21
217.5587858144
  0
LINE
  5
E95
100
AcDbEntity
  8
0
100
AcDbLine
 62
7
  6
CONTINUOUS
 10
241.7152883523
 20
210.7743025886
 11
242.1766416257
 21
211.3648078504
  0
LINE
  5
E96
100
AcDbEntity
  8
0
100
AcDbLine
 62
7
  6
CONTINUOUS
 10
242.588905817
 20
211.8924819523
 11
243.238591002
 21
212.7240410683
  0
LINE
  5
E97
100
AcDbEntity
  8
RUNDUNGEN
100
AcDbLine
 62
7
  6
CONTINUOUS
 10
244.9644798454
 20
214.9330780516
 11
245.6672131936
 21
215.8325357203
  0
LINE
  5
E98
100
AcDbEntity
  8
0
100
AcDbLine
 62
7
  6
CONTINUOUS
 10
246.0794773849
 20
216.3602098222
 11
246.7754038492
 21
217.2509550768
  0
LINE
  5
E99
100
AcDbEntity
  8
0
100
AcDbLine
 62
7
  6
CONTINUOUS
 10
246.8542049246
 20
217.1893889293
 11
246.1769773017
 21
216.3225771003
  0
LINE
  5
E9A
100
AcDbEntity
  8
0
100
AcDbLine
 62
7
  6
CONTINUOUS
 10
245.8520039563
 20
215.9066301862
 11
244.7735071023
 21
214.5262171626
  0
LINE
  5
E9B
100
AcDbEntity
  8
0
100
AcDbLine
 62
7
  6
CONTINUOUS
 10
243.238591002
 20
212.5616141438
 11
242.561717205
 21
211.6952551913
  0
LINE
  5
E9C
100
AcDbEntity
  8
0
100
AcDbLine
 62
7
  6
CONTINUOUS
 10
242.2367438596
 20
211.2793082772
 11
241.7442146794
 21
210.6488996743
  0
LINE
  5
E9D
100
AcDbEntity
  8
0
100
AcDbLine
 62
9
  6
CONTINUOUS
 10
242.6233756727
 20
211.6117475065
 11
242.315544935
 21
211.2177421297
  0
LINE
  5
E9E
100
AcDbEntity
  8
0
100
AcDbLine
 62
9
  6
CONTINUOUS
 10
245.9479476394
 20
215.867005576
 11
246.2557783771
 21
216.2610109528
  0
LINE
  5
E9F
100
AcDbEntity
  8
RUNDUNGEN
100
AcDbLine
 62
9
  6
CONTINUOUS
 10
242.7905377451
 20
211.481146182
 11
242.4827070075
 21
211.0871408052
  0
LINE
  5
EA0
100
AcDbEntity
  8
RUNDUNGEN
100
AcDbLine
 62
9
  6
CONTINUOUS
 10
246.1151097119
 20
215.7364042514
 11
246.4229404495
 21
216.1304096282
  0
LINE
  5
EA1
100
AcDbEntity
  8
RUNDUNGEN
100
AcDbLine
 62
7
  6
CONTINUOUS
 10
243.1845431219
 20
211.1733154443
 11
242.8767123843
 21
210.7793100675
  0
LINE
  5
EA2
100
AcDbEntity
  8
RUNDUNGEN
100
AcDbLine
 62
7
  6
CONTINUOUS
 10
246.5091150887
 20
215.4285735138
 11
246.8169458263
 21
215.8225788906
  0
LINE
  5
EA3
100
AcDbEntity
  8
FASEN
100
AcDbLine
 62
7
  6
CONTINUOUS
 10
233.648591002
 20
202.0453795619
 11
234.148591002
 21
202.5453795619
  0
LINE
  5
EA4
100
AcDbEntity
  8
FASEN
100
AcDbLine
 62
7
  6
CONTINUOUS
 10
236.188591002
 20
203.8453795619
 11
236.688591002
 21
204.3453795619
  0
LINE
  5
EA5
100
AcDbEntity
  8
0
100
AcDbLine
 62
7
  6
CONTINUOUS
 10
243.238591002
 20
209.7453795619
 11
242.638591002
 21
209.1453795619
  0
LINE
  5
EA6
100
AcDbEntity
  8
FASEN
100
AcDbLine
 62
7
  6
CONTINUOUS
 10
235.148591002
 20
201.5453795619
 11
235.648591002
 21
202.0453795619
  0
LINE
  5
EA7
100
AcDbEntity
  8
FASEN
100
AcDbLine
 62
7
  6
CONTINUOUS
 10
237.688591002
 20
203.3453795619
 11
238.188591002
 21
203.8453795619
  0
LINE
  5
EA8
100
AcDbEntity
  8
0
100
AcDbLine
 62
7
  6
CONTINUOUS
 10
221.8654814821
 20
240.9837001626
 11
225.238591002
 21
240.9837001626
  0
LINE
  5
EA9
100
AcDbEntity
  8
0
100
AcDbLine
 62
7
  6
CONTINUOUS
 10
236.438591002
 20
240.9837001626
 11
239.8117005219
 21
240.9837001626
  0
LINE
  5
EAA
100
AcDbEntity
  8
0
100
AcDbLine
 62
7
  6
CONTINUOUS
 10
210.838591002
 20
242.0453795619
 11
213.2987853587
 21
242.0453795619
  0
LINE
  5
EAB
100
AcDbEntity
  8
0
100
AcDbLine
 62
7
  6
CONTINUOUS
 10
239.8117005219
 20
237.272270042
 11
242.638591002
 21
234.4453795619
  0
LINE
  5
EAC
100
AcDbEntity
  8
0
100
AcDbLine
 62
7
  6
CONTINUOUS
 10
244.838591002
 20
208.5453795619
 11
245.438591002
 21
209.1453795619
  0
LINE
  5
EAD
100
AcDbEntity
  8
FASEN
100
AcDbLine
 62
7
  6
CONTINUOUS
 10
238.728591002
 20
202.0453795619
 11
239.228591002
 21
202.5453795619
  0
LINE
  5
EAE
100
AcDbEntity
  8
FASEN
100
AcDbLine
 62
7
  6
CONTINUOUS
 10
240.228591002
 20
201.5453795619
 11
240.728591002
 21
202.0453795619
  0
LINE
  5
EAF
100
AcDbEntity
  8
RUNDUNGEN
100
AcDbLine
 62
7
  6
CONTINUOUS
 10
228.9723137369
 20
243.2129003088
 11
228.1017829446
 21
242.970181198
  0
LINE
  5
EB0
100
AcDbEntity
  8
RUNDUNGEN
100
AcDbLine
 62
7
  6
CONTINUOUS
 10
228.9723137369
 20
243.7271303965
 11
228.1017829446
 21
243.4844112858
  0
LINE
  5
EB1
100
AcDbEntity
  8
0
100
AcDbLine
 62
7
  6
CONTINUOUS
 10
215.638591002
 20
242.6453795619
 11
216.138591002
 21
242.6453795619
  0
LINE
  5
EB2
100
AcDbEntity
  8
0
100
AcDbLine
 62
9
  6
CONTINUOUS
 10
215.638591002
 20
242.9453795619
 11
216.138591002
 21
242.9453795619
  0
LINE
  5
EB3
100
AcDbEntity
  8
0
100
AcDbLine
 62
7
  6
CONTINUOUS
 10
238.4664892111
 20
242.9837001626
 11
236.438591002
 21
242.9837001626
  0
LINE
  5
EB4
100
AcDbEntity
  8
0
100
AcDbLine
 62
7
  6
CONTINUOUS
 10
225.238591002
 20
242.9837001626
 11
223.2106927928
 21
242.9837001626
  0
LINE
  5
EB5
100
AcDbEntity
  8
RUNDUNGEN
100
AcDbLine
 62
7
  6
CONTINUOUS
 10
229.1091217942
 20
243.2313795619
 11
229.238591002
 21
243.2313795619
  0
LINE
  5
EB6
100
AcDbEntity
  8
RUNDUNGEN
100
AcDbLine
 62
7
  6
CONTINUOUS
 10
232.438591002
 20
243.2313795619
 11
232.5680602097
 21
243.2313795619
  0
LINE
  5
EB7
100
AcDbEntity
  8
RUNDUNGEN
100
AcDbLine
 62
7
  6
CONTINUOUS
 10
232.5680602097
 20
243.7456096496
 11
232.438591002
 21
243.7456096496
  0
LINE
  5
EB8
100
AcDbEntity
  8
RUNDUNGEN
100
AcDbLine
 62
7
  6
CONTINUOUS
 10
229.238591002
 20
243.7456096496
 11
229.1091217942
 21
243.7456096496
  0
LINE
  5
EB9
100
AcDbEntity
  8
0
100
AcDbLine
 62
7
  6
CONTINUOUS
 10
217.6074018523
 20
245.4453795619
 11
216.138591002
 21
245.4453795619
  0
LINE
  5
EBA
100
AcDbEntity
  8
RUNDUNGEN
100
AcDbLine
 62
7
  6
CONTINUOUS
 10
233.5753990593
 20
242.970181198
 11
232.704868267
 21
243.2129003088
  0
LINE
  5
EBB
100
AcDbEntity
  8
RUNDUNGEN
100
AcDbLine
 62
7
  6
CONTINUOUS
 10
233.5753990593
 20
243.4844112858
 11
232.704868267
 21
243.7271303965
  0
LINE
  5
EBC
100
AcDbEntity
  8
0
100
AcDbLine
 62
7
  6
CONTINUOUS
 10
254.438591002
 20
215.9967433109
 11
254.438591002
 21
246.2840636247
  0
LINE
  5
EBD
100
AcDbEntity
  8
0
100
AcDbLine
 62
7
  6
CONTINUOUS
 10
256.838591002
 20
248.2453795619
 11
256.838591002
 21
200.2453795619
  0
LINE
  5
EBE
100
AcDbEntity
  8
0
100
AcDbLine
 62
9
  6
CONTINUOUS
 10
253.7475583735
 20
214.0317017733
 11
252.5671830742
 21
211.7150848104
  0
LINE
  5
EBF
100
AcDbEntity
  8
0
100
AcDbLine
 62
9
  6
CONTINUOUS
 10
229.338591002
 20
246.1751942875
 11
232.338591002
 21
246.1751942875
  0
LINE
  5
EC0
100
AcDbEntity
  8
0
100
AcDbLine
 62
9
  6
CONTINUOUS
 10
215.638591002
 20
247.9453795619
 11
216.138591002
 21
247.9453795619
  0
LINE
  5
EC1
100
AcDbEntity
  8
0
100
AcDbLine
 62
7
  6
CONTINUOUS
 10
215.638591002
 20
248.2453795619
 11
216.443881818
 21
248.2453795619
  0
LINE
  5
EC2
100
AcDbEntity
  8
0
100
AcDbLine
 62
7
  6
CONTINUOUS
 10
216.338591002
 20
248.8453795619
 11
210.838591002
 21
248.8453795619
  0
LINE
  5
EC3
100
AcDbEntity
  8
FASEN
100
AcDbLine
 62
7
  6
CONTINUOUS
 10
242.498591002
 20
195.6453795619
 11
242.098591002
 21
195.2453795619
  0
LINE
  5
EC4
100
AcDbEntity
  8
0
100
AcDbLine
 62
7
  6
CONTINUOUS
 10
233.738591002
 20
251.8453795619
 11
227.938591002
 21
251.8453795619
  0
LINE
  5
EC5
100
AcDbEntity
  8
BEZUGSACHSEN
100
AcDbLine
 62
9
  6
CONTINUOUS
 10
250.6343753408
 20
246.6085755766
 11
250.7554408674
 21
246.3595538419
  0
LINE
  5
EC6
100
AcDbEntity
  8
0
100
AcDbLine
 62
9
  6
CONTINUOUS
 10
250.7554408674
 20
246.3595538419
 11
250.8856804383
 21
246.0916701439
  0
LINE
  5
EC7
100
AcDbEntity
  8
0
100
AcDbLine
 62
7
  6
CONTINUOUS
 10
211.838591002
 20
255.2453795619
 11
249.838591002
 21
255.2453795619
  0
CIRCLE
  5
EC8
100
AcDbEntity
  8
0
100
AcDbCircle
 62
7
  6
CONTINUOUS
 10
68.6585059377
 20
48.1633750171
 40
24.0
  0
CIRCLE
  5
EC9
100
AcDbEntity
  8
0
100
AcDbCircle
 62
7
  6
CONTINUOUS
 10
87.6585059377
 20
72.1633750171
 40
3.2
  0
CIRCLE
  5
ECA
100
AcDbEntity
  8
0
100
AcDbCircle
 62
7
  6
CONTINUOUS
 10
49.6585059377
 20
24.1633750171
 40
3.2
  0
ARC
  5
ECB
100
AcDbEntity
  8
0
100
AcDbCircle
 62
2
  6
CONTINUOUS
 10
325.9666003415
 20
2.4878224663
 40
13.3596552228
100
AcDbArc
 50
81.6598952952
 51
99.8027899403
  0
ARC
  5
ECC
100
AcDbEntity
  8
0
100
AcDbCircle
 62
2
  6
CONTINUOUS
 10
325.4339210076
 20
26.8579008203
 40
13.3596552228
100
AcDbArc
 50
261.4614732962
 51
273.8118151288
  0
ARC
  5
ECD
100
AcDbEntity
  8
0
100
AcDbCircle
 62
2
  6
CONTINUOUS
 10
304.4798218308
 20
3.6659309279
 40
12.1826566721
100
AcDbArc
 50
88.0677143922
 51
90.773417505
  0
ARC
  5
ECE
100
AcDbEntity
  8
0
100
AcDbCircle
 62
2
  6
CONTINUOUS
 10
293.2558715977
 20
21.8835565319
 40
8.3834428373
100
AcDbArc
 50
256.2209107837
 51
284.4612688094
  0
ARC
  5
ECF
100
AcDbEntity
  8
0
100
AcDbCircle
 62
2
  6
CONTINUOUS
 10
325.7614567911
 20
12.0266581658
 40
3.4740342285
100
AcDbArc
 50
80.2083390923
 51
99.7818251845
  0
ARC
  5
ED0
100
AcDbEntity
  8
0
100
AcDbCircle
 62
2
  6
CONTINUOUS
 10
325.5337914445
 20
17.403664657
 40
3.4740342285
100
AcDbArc
 50
261.5304677658
 51
281.1930684333
  0
ARC
  5
ED1
100
AcDbEntity
  8
0
100
AcDbCircle
 62
2
  6
CONTINUOUS
 10
293.2593602095
 20
16.6858219728
 40
2.6827017079
100
AcDbArc
 50
257.3877507321
 51
286.2626488961
  0
ARC
  5
ED2
100
AcDbEntity
  8
0
100
AcDbCircle
 62
2
  6
CONTINUOUS
 10
304.8507059545
 20
15.6592307284
 40
1.3167050304
100
AcDbArc
 50
270.8139811934
 51
287.3320315922
  0
ARC
  5
ED3
100
AcDbEntity
  8
0
100
AcDbCircle
 62
2
  6
CONTINUOUS
 10
304.8507059545
 20
14.5255597326
 40
1.3167050304
100
AcDbArc
 50
72.6679684078
 51
88.263722737
  0
ARC
  5
ED4
100
AcDbEntity
  8
0
100
AcDbCircle
 62
2
  6
CONTINUOUS
 10
304.9375329382
 20
15.3810093063
 40
1.0252499142
100
AcDbArc
 50
287.3320315922
 51
306.9952713768
  0
ARC
  5
ED5
100
AcDbEntity
  8
0
100
AcDbCircle
 62
2
  6
CONTINUOUS
 10
304.9375329382
 20
14.8037811547
 40
1.0252499141
100
AcDbArc
 50
53.0047286232
 51
72.6679684078
  0
ARC
  5
ED6
100
AcDbEntity
  8
0
100
AcDbCircle
 62
2
  6
CONTINUOUS
 10
305.0705119945
 20
15.2045098331
 40
0.8042623727
100
AcDbArc
 50
306.9952713769
 51
331.1991329025
  0
ARC
  5
ED7
100
AcDbEntity
  8
0
100
AcDbCircle
 62
2
  6
CONTINUOUS
 10
305.0705119945
 20
14.980280628
 40
0.8042623727
100
AcDbArc
 50
28.8008670976
 51
53.0047286232
  0
ARC
  5
ED8
100
AcDbEntity
  8
0
100
AcDbCircle
 62
2
  6
CONTINUOUS
 10
303.7712673307
 20
15.6195062147
 40
0.7780463459
100
AcDbArc
 50
270.1987233532
 51
285.1919235257
  0
ARC
  5
ED9
100
AcDbEntity
  8
0
100
AcDbCircle
 62
2
  6
CONTINUOUS
 10
303.7739658832
 20
15.6195047211
 40
0.7773421014
100
AcDbArc
 50
285.0000000001
 51
298.8638533056
  0
ARC
  5
EDA
100
AcDbEntity
  8
0
100
AcDbCircle
 62
2
  6
CONTINUOUS
 10
305.274440389
 20
15.0923952305
 40
0.5715469366
100
AcDbArc
 50
331.1991329025
 51
28.8008670975
  0
ARC
  5
EDB
100
AcDbEntity
  8
0
100
AcDbCircle
 62
2
  6
CONTINUOUS
 10
304.0279645828
 20
14.9071588755
 40
0.5228710454
100
AcDbArc
 50
74.2117656955
 51
85.3454740534
  0
ARC
  5
EDC
100
AcDbEntity
  8
0
100
AcDbCircle
 62
2
  6
CONTINUOUS
 10
303.8968066897
 20
15.3966467964
 40
0.5228710454
100
AcDbArc
 50
298.8638533057
 51
315.7882343043
  0
ARC
  5
EDD
100
AcDbEntity
  8
0
100
AcDbCircle
 62
2
  6
CONTINUOUS
 10
295.2238174206
 20
14.252798706
 40
0.5030065702
100
AcDbArc
 50
284.4612688095
 51
350.0
  0
ARC
  5
EDE
100
AcDbEntity
  8
0
100
AcDbCircle
 62
2
  6
CONTINUOUS
 10
291.3789170532
 20
14.2299092055
 40
0.5030065702
100
AcDbArc
 50
170.0
 51
256.2209107839
  0
ARC
  5
EDF
100
AcDbEntity
  8
0
100
AcDbCircle
 62
2
  6
CONTINUOUS
 10
304.0773112935
 20
15.0816832382
 40
0.3415044249
100
AcDbArc
 50
49.8060318618
 51
74.2117656959
  0
ARC
  5
EE0
100
AcDbEntity
  8
0
100
AcDbCircle
 62
2
  6
CONTINUOUS
 10
304.026804376
 20
15.2701776201
 40
0.3415044249
100
AcDbArc
 50
315.7882343042
 51
340.1939681383
  0
ARC
  5
EE1
100
AcDbEntity
  8
0
100
AcDbCircle
 62
2
  6
CONTINUOUS
 10
292.7468088736
 20
14.3950996303
 40
0.3353377135
100
AcDbArc
 50
170.0
 51
257.3877507323
  0
ARC
  5
EE2
100
AcDbEntity
  8
0
100
AcDbCircle
 62
2
  6
CONTINUOUS
 10
293.9167182584
 20
14.4323805784
 40
0.3353377135
100
AcDbArc
 50
286.262648896
 51
350.0
  0
ARC
  5
EE3
100
AcDbEntity
  8
0
100
AcDbCircle
 62
2
  6
CONTINUOUS
 10
323.7435990506
 20
15.3538920027
 40
0.3029527273
100
AcDbArc
 50
99.8027899404
 51
170.0
  0
ARC
  5
EE4
100
AcDbEntity
  8
0
100
AcDbCircle
 62
2
  6
CONTINUOUS
 10
323.4953348137
 20
13.9459155498
 40
0.3029527273
100
AcDbArc
 50
170.0
 51
261.4614732962
  0
ARC
  5
EE5
100
AcDbEntity
  8
0
100
AcDbCircle
 62
2
  6
CONTINUOUS
 10
327.8604592818
 20
15.4064438467
 40
0.3029527273
100
AcDbArc
 50
350.0
 51
81.6598952953
  0
ARC
  5
EE6
100
AcDbEntity
  8
0
100
AcDbCircle
 62
2
  6
CONTINUOUS
 10
325.2226998458
 20
15.1516379804
 40
0.3029527273
100
AcDbArc
 50
99.7818251844
 51
170.0
  0
ARC
  5
EE7
100
AcDbEntity
  8
0
100
AcDbCircle
 62
2
  6
CONTINUOUS
 10
326.3007501804
 20
15.1515454482
 40
0.3029527273
100
AcDbArc
 50
11.4934249692
 51
80.2083390924
  0
ARC
  5
EE8
100
AcDbEntity
  8
0
100
AcDbCircle
 62
2
  6
CONTINUOUS
 10
325.0667435625
 20
14.2671659462
 40
0.3029527273
100
AcDbArc
 50
170.0
 51
261.5304677658
  0
ARC
  5
EE9
100
AcDbEntity
  8
0
100
AcDbCircle
 62
2
  6
CONTINUOUS
 10
326.1493480711
 20
14.2929014184
 40
0.3029527273
100
AcDbArc
 50
281.1930684334
 51
350.0
  0
ARC
  5
EEA
100
AcDbEntity
  8
0
100
AcDbCircle
 62
2
  6
CONTINUOUS
 10
304.1876313136
 20
15.2122572333
 40
0.17056562
100
AcDbArc
 50
340.1939681384
 51
49.8060318615
  0
ARC
  5
EEB
100
AcDbEntity
  8
0
100
AcDbCircle
 62
2
  6
CONTINUOUS
 10
303.1496938845
 20
132.1949558658
 40
117.8648438076
100
AcDbArc
 50
270.6818442175
 51
270.8360087942
  0
ARC
  5
EEC
100
AcDbEntity
  8
0
100
AcDbCircle
 62
7
  6
CONTINUOUS
 10
331.0987116405
 20
215.8239892102
 40
3.0
100
AcDbArc
 50
90.0
 51
270.0
  0
ARC
  5
EED
100
AcDbEntity
  8
0
100
AcDbCircle
 62
7
  6
CONTINUOUS
 10
350.8987116405
 20
215.8330715399
 40
3.0
100
AcDbArc
 50
270.0
 51
90.0
  0
CIRCLE
  5
EEE
100
AcDbEntity
  8
0
100
AcDbCircle
 62
7
  6
CONTINUOUS
 10
323.5987116405
 20
220.1739892102
 40
2.55
  0
CIRCLE
  5
EEF
100
AcDbEntity
  8
0
100
AcDbCircle
 62
7
  6
CONTINUOUS
 10
358.3987116405
 20
220.1739892102
 40
2.55
  0
CIRCLE
  5
EF0
100
AcDbEntity
  8
0
100
AcDbCircle
 62
7
  6
CONTINUOUS
 10
315.7237116405
 20
185.6739892102
 40
2.55
  0
CIRCLE
  5
EF1
100
AcDbEntity
  8
0
100
AcDbCircle
 62
7
  6
CONTINUOUS
 10
366.2737116405
 20
185.6739892102
 40
2.55
  0
CIRCLE
  5
EF2
100
AcDbEntity
  8
0
100
AcDbCircle
 62
7
  6
CONTINUOUS
 10
360.7987116405
 20
154.0239892102
 40
1.8
  0
CIRCLE
  5
EF3
100
AcDbEntity
  8
0
100
AcDbCircle
 62
7
  6
CONTINUOUS
 10
354.3187116405
 20
192.0039892102
 40
1.2
  0
CIRCLE
  5
EF4
100
AcDbEntity
  8
0
100
AcDbCircle
 62
7
  6
CONTINUOUS
 10
346.6987116405
 20
192.0039892102
 40
1.2
  0
CIRCLE
  5
EF5
100
AcDbEntity
  8
0
100
AcDbCircle
 62
7
  6
CONTINUOUS
 10
339.0787116405
 20
192.0039892102
 40
1.2
  0
CIRCLE
  5
EF6
100
AcDbEntity
  8
0
100
AcDbCircle
 62
7
  6
CONTINUOUS
 10
331.4587116405
 20
192.0039892102
 40
1.2
  0
CIRCLE
  5
EF7
100
AcDbEntity
  8
0
100
AcDbCircle
 62
7
  6
CONTINUOUS
 10
350.5087116405
 20
199.6239892102
 40
1.2
  0
CIRCLE
  5
EF8
100
AcDbEntity
  8
0
100
AcDbCircle
 62
7
  6
CONTINUOUS
 10
342.8887116405
 20
199.6239892102
 40
1.2
  0
CIRCLE
  5
EF9
100
AcDbEntity
  8
0
100
AcDbCircle
 62
7
  6
CONTINUOUS
 10
335.2687116405
 20
199.6239892102
 40
1.2
  0
CIRCLE
  5
EFA
100
AcDbEntity
  8
0
100
AcDbCircle
 62
7
  6
CONTINUOUS
 10
327.6487116405
 20
199.6239892102
 40
1.2
  0
ARC
  5
EFB
100
AcDbEntity
  8
AUSFORMSCHRAEGEN
100
AcDbCircle
 62
7
  6
CONTINUOUS
 10
54.4796903427
 20
200.2453795619
 40
7.0
100
AcDbArc
 50
180.0
 51
270.0
  0
ARC
  5
EFC
100
AcDbEntity
  8
RUNDUNGEN
100
AcDbCircle
 62
9
  6
CONTINUOUS
 10
54.4796903427
 20
200.2453795619
 40
6.8872785631
100
AcDbArc
 50
180.0
 51
270.0
  0
ARC
  5
EFD
100
AcDbEntity
  8
RUNDUNGEN
100
AcDbCircle
 62
9
  6
CONTINUOUS
 10
54.4796903427
 20
200.2453795619
 40
6.087765483
100
AcDbArc
 50
180.0
 51
270.0
  0
ARC
  5
EFE
100
AcDbEntity
  8
BEZUGSACHSEN
100
AcDbCircle
 62
7
  6
CONTINUOUS
 10
53.4796903427
 20
197.6453795619
 40
2.0
100
AcDbArc
 50
90.0
 51
270.0
  0
ARC
  5
EFF
100
AcDbEntity
  8
0
100
AcDbCircle
 62
7
  6
CONTINUOUS
 10
63.2753710344
 20
197.6653795619
 40
1.2
100
AcDbArc
 50
270.0
 51
345.0
  0
ARC
  5
F00
100
AcDbEntity
  8
0
100
AcDbCircle
 62
7
  6
CONTINUOUS
 10
62.1812597779
 20
197.4253795619
 40
0.96
100
AcDbArc
 50
165.0
 51
270.0
  0
ARC
  5
F01
100
AcDbEntity
  8
0
100
AcDbCircle
 62
7
  6
CONTINUOUS
 10
62.9883200674
 20
197.5213795619
 40
0.48
100
AcDbArc
 50
270.0
 51
345.0
  0
ARC
  5
F02
100
AcDbEntity
  8
0
100
AcDbCircle
 62
7
  6
CONTINUOUS
 10
62.5788058312
 20
197.4253795619
 40
0.384
100
AcDbArc
 50
165.0
 51
270.0
  0
ARC
  5
F03
100
AcDbEntity
  8
RUNDUNGEN
100
AcDbCircle
 62
7
  6
CONTINUOUS
 10
59.7196903427
 20
219.1453795619
 40
2.0
100
AcDbArc
 50
338.4348149848
 51
21.5651850152
  0
ARC
  5
F04
100
AcDbEntity
  8
0
100
AcDbCircle
 62
7
  6
CONTINUOUS
 10
58.3591511219
 20
218.1552955737
 40
1.2
100
AcDbArc
 50
180.0
 51
218.0
  0
ARC
  5
F05
100
AcDbEntity
  8
0
100
AcDbCircle
 62
3
  6
CONTINUOUS
 10
58.3591511219
 20
218.1552955737
 40
0.7
100
AcDbArc
 50
180.0
 51
218.0
  0
ARC
  5
F06
100
AcDbEntity
  8
RUNDUNGEN
100
AcDbCircle
 62
7
  6
CONTINUOUS
 10
73.4796903427
 20
224.2453795619
 40
23.6
100
AcDbArc
 50
122.5348130711
 51
57.4651882225
  0
ARC
  5
F07
100
AcDbEntity
  8
RUNDUNGEN
100
AcDbCircle
 62
9
  6
CONTINUOUS
 10
73.4796903427
 20
224.2453795619
 40
23.4590982048
100
AcDbArc
 50
122.7305846946
 51
57.2694153054
  0
ARC
  5
F08
100
AcDbEntity
  8
RUNDUNGEN
100
AcDbCircle
 62
9
  6
CONTINUOUS
 10
73.4796903427
 20
224.2453795619
 40
22.4597073777
100
AcDbArc
 50
122.7301753578
 51
57.2698720208
  0
ARC
  5
F09
100
AcDbEntity
  8
AUSFORMSCHRAEGEN
100
AcDbCircle
 62
7
  6
CONTINUOUS
 10
73.4796903427
 20
224.2453795619
 40
22.4
100
AcDbArc
 50
102.5178737479
 51
120.0
  0
ARC
  5
F0A
100
AcDbEntity
  8
AUSFORMSCHRAEGEN
100
AcDbCircle
 62
7
  6
CONTINUOUS
 10
73.4796903427
 20
224.2453795619
 40
22.4
100
AcDbArc
 50
60.0
 51
77.4822299069
  0
ARC
  5
F0B
100
AcDbEntity
  8
RUNDUNGEN
100
AcDbCircle
 62
7
  6
CONTINUOUS
 10
73.4746044279
 20
223.9863683522
 40
21.8213441471
100
AcDbArc
 50
75.8093096773
 51
76.8993307121
  0
ARC
  5
F0C
100
AcDbEntity
  8
RUNDUNGEN
100
AcDbCircle
 62
7
  6
CONTINUOUS
 10
73.4796903427
 20
224.0070991291
 40
21.8
100
AcDbArc
 50
61.5
 51
75.8089116873
  0
ARC
  5
F0D
100
AcDbEntity
  8
RUNDUNGEN
100
AcDbCircle
 62
7
  6
CONTINUOUS
 10
73.4796903427
 20
224.0070991291
 40
21.8
100
AcDbArc
 50
104.1910883127
 51
118.5
  0
ARC
  5
F0E
100
AcDbEntity
  8
RUNDUNGEN
100
AcDbCircle
 62
7
  6
CONTINUOUS
 10
73.4739510927
 20
223.9524605138
 40
20.4549312852
100
AcDbArc
 50
83.1813145007
 51
84.7656715644
  0
ARC
  5
F0F
100
AcDbEntity
  8
RUNDUNGEN
100
AcDbCircle
 62
7
  6
CONTINUOUS
 10
73.4781349947
 20
224.0009078857
 40
20.4063825341
100
AcDbArc
 50
75.8195388094
 51
76.8996866052
  0
ARC
  5
F10
100
AcDbEntity
  8
0
100
AcDbCircle
 62
7
  6
CONTINUOUS
 10
73.4798069135
 20
224.0036755456
 40
20.4034241584
100
AcDbArc
 50
92.5223093483
 51
92.654094017
  0
ARC
  5
F11
100
AcDbEntity
  8
0
100
AcDbCircle
 62
7
  6
CONTINUOUS
 10
73.4795738083
 20
224.0036763464
 40
20.4034233567
100
AcDbArc
 50
87.3457658464
 51
87.4773513508
  0
ARC
  5
F12
100
AcDbEntity
  8
0
100
AcDbCircle
 62
7
  6
CONTINUOUS
 10
73.4797536655
 20
224.0055008658
 40
20.4015982633
100
AcDbArc
 50
87.4772751825
 51
92.5223855484
  0
ARC
  5
F13
100
AcDbEntity
  8
RUNDUNGEN
100
AcDbCircle
 62
7
  6
CONTINUOUS
 10
73.4796903427
 20
224.0070991291
 40
20.4
100
AcDbArc
 50
96.82085
 51
97.8616766531
  0
ARC
  5
F14
100
AcDbEntity
  8
RUNDUNGEN
100
AcDbCircle
 62
7
  6
CONTINUOUS
 10
73.4796903427
 20
224.0070991291
 40
20.4
100
AcDbArc
 50
82.1388115582
 51
83.1791
  0
ARC
  5
F15
100
AcDbEntity
  8
RUNDUNGEN
100
AcDbCircle
 62
7
  6
CONTINUOUS
 10
73.4796903427
 20
224.0070991291
 40
20.4
100
AcDbArc
 50
61.5
 51
75.8195141045
  0
ARC
  5
F16
100
AcDbEntity
  8
RUNDUNGEN
100
AcDbCircle
 62
7
  6
CONTINUOUS
 10
73.4796903427
 20
224.0070991291
 40
20.4
100
AcDbArc
 50
104.1804858919
 51
118.5
  0
ARC
  5
F17
100
AcDbEntity
  8
RUNDUNGEN
100
AcDbCircle
 62
7
  6
CONTINUOUS
 10
73.4796903427
 20
224.0070991291
 40
20.4
100
AcDbArc
 50
103.0143239285
 51
103.1000910297
  0
ARC
  5
F18
100
AcDbEntity
  8
0
100
AcDbCircle
 62
7
  6
CONTINUOUS
 10
73.4796903427
 20
224.0070991291
 40
20.4
100
AcDbArc
 50
76.8923696034
 51
103.1
  0
ARC
  5
F19
100
AcDbEntity
  8
0
100
AcDbCircle
 62
7
  6
CONTINUOUS
 10
73.4795618926
 20
224.008499464
 40
20.3985940687
100
AcDbArc
 50
92.6540339614
 51
94.0924208334
  0
ARC
  5
F1A
100
AcDbEntity
  8
0
100
AcDbCircle
 62
7
  6
CONTINUOUS
 10
73.479818826
 20
224.0084999892
 40
20.3985935424
100
AcDbArc
 50
85.9075791539
 51
87.3458258955
  0
ARC
  5
F1B
100
AcDbEntity
  8
RUNDUNGEN
100
AcDbCircle
 62
7
  6
CONTINUOUS
 10
73.4804639832
 20
224.0179302173
 40
20.3891413084
100
AcDbArc
 50
84.7671130951
 51
85.9074963097
  0
ARC
  5
F1C
100
AcDbEntity
  8
RUNDUNGEN
100
AcDbCircle
 62
7
  6
CONTINUOUS
 10
73.4788998579
 20
224.018154979
 40
20.3889159197
100
AcDbArc
 50
94.0925015519
 51
95.247176562
  0
ARC
  5
F1D
100
AcDbEntity
  8
RUNDUNGEN
100
AcDbCircle
 62
9
  6
CONTINUOUS
 10
73.4796903427
 20
224.2453795619
 40
20.3402926223
100
AcDbArc
 50
123.0148443805
 51
56.9852196284
  0
ARC
  5
F1E
100
AcDbEntity
  8
RUNDUNGEN
100
AcDbCircle
 62
9
  6
CONTINUOUS
 10
73.4796903427
 20
224.2453795619
 40
19.3409017952
100
AcDbArc
 50
123.0153562671
 51
56.9846437329
  0
ARC
  5
F1F
100
AcDbEntity
  8
RUNDUNGEN
100
AcDbCircle
 62
7
  6
CONTINUOUS
 10
73.4796903427
 20
224.2453795619
 40
19.2
100
AcDbArc
 50
122.8363726953
 51
57.1636273043
  0
ARC
  5
F20
100
AcDbEntity
  8
AUSFORMSCHRAEGEN
100
AcDbCircle
 62
7
  6
CONTINUOUS
 10
73.4796903427
 20
224.2453795619
 40
19.1767964366
100
AcDbArc
 50
127.7921897783
 51
52.2078102217
  0
ARC
  5
F21
100
AcDbEntity
  8
0
100
AcDbCircle
 62
7
  6
CONTINUOUS
 10
73.4796903427
 20
224.2453795619
 40
16.795523213
100
AcDbArc
 50
20.8085131303
 51
24.9235613722
  0
ARC
  5
F22
100
AcDbEntity
  8
0
100
AcDbCircle
 62
7
  6
CONTINUOUS
 10
73.4796903427
 20
224.2453795619
 40
16.795523213
100
AcDbArc
 50
200.8085131303
 51
204.9540541802
  0
ARC
  5
F23
100
AcDbEntity
  8
0
100
AcDbCircle
 62
7
  6
CONTINUOUS
 10
73.4796903427
 20
224.2453795619
 40
16.2
100
AcDbArc
 50
59.3478203553
 51
69.7767492921
  0
ARC
  5
F24
100
AcDbEntity
  8
BEZUGSACHSEN
100
AcDbCircle
 62
7
  6
CONTINUOUS
 10
73.4796903427
 20
224.2453795619
 40
16.2
100
AcDbArc
 50
110.2232507079
 51
120.6513779522
  0
ARC
  5
F25
100
AcDbEntity
  8
0
100
AcDbCircle
 62
7
  6
CONTINUOUS
 10
73.4796903427
 20
224.2453795619
 40
16.2
100
AcDbArc
 50
14.2721207873
 51
52.2949486214
  0
ARC
  5
F26
100
AcDbEntity
  8
0
100
AcDbCircle
 62
7
  6
CONTINUOUS
 10
73.4796903427
 20
224.2453795619
 40
16.2
100
AcDbArc
 50
194.2721207873
 51
345.7278792127
  0
ARC
  5
F27
100
AcDbEntity
  8
0
100
AcDbCircle
 62
7
  6
CONTINUOUS
 10
73.4796903427
 20
224.2453795619
 40
16.2
100
AcDbArc
 50
131.1486220478
 51
165.7278792127
  0
ARC
  5
F28
100
AcDbEntity
  8
0
100
AcDbCircle
 62
7
  6
CONTINUOUS
 10
73.4796903427
 20
224.2453795619
 40
16.0464071269
100
AcDbArc
 50
100.5348721997
 51
110.425415716
  0
ARC
  5
F29
100
AcDbEntity
  8
0
100
AcDbCircle
 62
7
  6
CONTINUOUS
 10
73.4796903427
 20
224.2453795619
 40
16.0464071269
100
AcDbArc
 50
69.574584284
 51
79.4651278003
  0
ARC
  5
F2A
100
AcDbEntity
  8
0
100
AcDbCircle
 62
7
  6
CONTINUOUS
 10
73.4796903427
 20
224.2453795619
 40
15.9695649971
100
AcDbArc
 50
58.3943216896
 51
79.4988097905
  0
ARC
  5
F2B
100
AcDbEntity
  8
0
100
AcDbCircle
 62
7
  6
CONTINUOUS
 10
73.4796903427
 20
224.2453795619
 40
15.9695649971
100
AcDbArc
 50
100.5011902095
 51
121.6056783104
  0
ARC
  5
F2C
100
AcDbEntity
  8
0
100
AcDbCircle
 62
7
  6
CONTINUOUS
 10
73.4796903427
 20
224.2453795619
 40
15.9695649971
100
AcDbArc
 50
10.5599959754
 51
52.5057080153
  0
ARC
  5
F2D
100
AcDbEntity
  8
0
100
AcDbCircle
 62
7
  6
CONTINUOUS
 10
73.4796903427
 20
224.2453795619
 40
15.9695649971
100
AcDbArc
 50
130.1943216896
 51
169.4400040246
  0
ARC
  5
F2E
100
AcDbEntity
  8
0
100
AcDbCircle
 62
7
  6
CONTINUOUS
 10
73.4796903427
 20
224.2453795619
 40
15.9695649971
100
AcDbArc
 50
190.5599959754
 51
349.4400040246
  0
ARC
  5
F2F
100
AcDbEntity
  8
RUNDUNGEN
100
AcDbCircle
 62
7
  6
CONTINUOUS
 10
42.1414362073
 20
243.8982145078
 40
29.538254153
100
AcDbArc
 50
359.9980258504
 51
0.8297357973
  0
ARC
  5
F30
100
AcDbEntity
  8
AUSFORMSCHRAEGEN
100
AcDbCircle
 62
7
  6
CONTINUOUS
 10
54.4796903427
 20
248.2453795619
 40
7.0
100
AcDbArc
 50
90.0
 51
180.0
  0
ARC
  5
F31
100
AcDbEntity
  8
RUNDUNGEN
100
AcDbCircle
 62
9
  6
CONTINUOUS
 10
54.4796903427
 20
248.2453795619
 40
6.8872785631
100
AcDbArc
 50
90.0
 51
180.0
  0
ARC
  5
F32
100
AcDbEntity
  8
RUNDUNGEN
100
AcDbCircle
 62
9
  6
CONTINUOUS
 10
54.4796903427
 20
248.2453795619
 40
6.087765483
100
AcDbArc
 50
90.0
 51
180.0
  0
CIRCLE
  5
F33
100
AcDbEntity
  8
0
100
AcDbCircle
 62
7
  6
CONTINUOUS
 10
54.4796903427
 20
248.2453795619
 40
6.0
  0
CIRCLE
  5
F34
100
AcDbEntity
  8
RUNDUNGEN
100
AcDbCircle
 62
7
  6
CONTINUOUS
 10
54.4796903427
 20
248.2453795619
 40
5.5
  0
CIRCLE
  5
F35
100
AcDbEntity
  8
RUNDUNGEN
100
AcDbCircle
 62
9
  6
CONTINUOUS
 10
54.4796903427
 20
248.2453795619
 40
5.299999754
  0
ARC
  5
F36
100
AcDbEntity
  8
0
100
AcDbCircle
 62
7
  6
CONTINUOUS
 10
73.4796903427
 20
237.2762088616
 40
20.0
100
AcDbArc
 50
67.975687163
 51
112.024312837
  0
ARC
  5
F37
100
AcDbEntity
  8
0
100
AcDbCircle
 62
7
  6
CONTINUOUS
 10
73.4796903427
 20
237.2762088616
 40
19.2
100
AcDbArc
 50
67.975687163
 51
87.45532322
  0
ARC
  5
F38
100
AcDbEntity
  8
0
100
AcDbCircle
 62
7
  6
CONTINUOUS
 10
73.4796903427
 20
237.2762088616
 40
19.2
100
AcDbArc
 50
92.54467678
 51
112.024312837
  0
ARC
  5
F39
100
AcDbEntity
  8
RUNDUNGEN
100
AcDbCircle
 62
7
  6
CONTINUOUS
 10
59.7196903427
 20
229.3453795619
 40
2.0
100
AcDbArc
 50
338.4348149848
 51
21.5651850152
  0
ARC
  5
F3A
100
AcDbEntity
  8
BEZUGSACHSEN
100
AcDbCircle
 62
7
  6
CONTINUOUS
 10
64.1563698706
 20
237.1250416449
 40
1.5
100
AcDbArc
 50
36.1635179301
 51
215.6364820699
  0
ARC
  5
F3B
100
AcDbEntity
  8
RUNDUNGEN
100
AcDbCircle
 62
9
  6
CONTINUOUS
 10
62.3960817994
 20
241.3018037231
 40
1.0003793566
100
AcDbArc
 50
303.0411392174
 51
29.9444442331
  0
ARC
  5
F3C
100
AcDbEntity
  8
RUNDUNGEN
100
AcDbCircle
 62
7
  6
CONTINUOUS
 10
62.5264070602
 20
241.2175466964
 40
0.9997256088
100
AcDbArc
 50
302.8466063314
 51
30.0154995146
  0
ARC
  5
F3D
100
AcDbEntity
  8
0
100
AcDbCircle
 62
7
  6
CONTINUOUS
 10
67.4796903427
 20
250.4762088616
 40
4.0
100
AcDbArc
 50
180.0
 51
270.0
  0
ARC
  5
F3E
100
AcDbEntity
  8
0
100
AcDbCircle
 62
7
  6
CONTINUOUS
 10
67.4796903427
 20
252.1086058357
 40
4.0
100
AcDbArc
 50
112.024312837
 51
180.0
  0
ARC
  5
F3F
100
AcDbEntity
  8
0
100
AcDbCircle
 62
7
  6
CONTINUOUS
 10
67.4796903427
 20
252.1086058357
 40
3.2
100
AcDbArc
 50
112.024312837
 51
180.0
  0
CIRCLE
  5
F40
100
AcDbEntity
  8
0
100
AcDbCircle
 62
7
  6
CONTINUOUS
 10
73.4796903427
 20
254.1070991291
 40
2.5
  0
CIRCLE
  5
F41
100
AcDbEntity
  8
0
100
AcDbCircle
 62
7
  6
CONTINUOUS
 10
73.4796903427
 20
254.1070991291
 40
2.0833333333
  0
ARC
  5
F42
100
AcDbEntity
  8
0
100
AcDbCircle
 62
7
  6
CONTINUOUS
 10
73.4796903427
 20
254.1070991291
 40
1.6666666667
100
AcDbArc
 50
150.0
 51
215.0
  0
ARC
  5
F43
100
AcDbEntity
  8
0
100
AcDbCircle
 62
7
  6
CONTINUOUS
 10
73.4796903427
 20
254.1070991291
 40
1.6666666667
100
AcDbArc
 50
60.0
 51
125.0
  0
ARC
  5
F44
100
AcDbEntity
  8
0
100
AcDbCircle
 62
7
  6
CONTINUOUS
 10
73.4796903427
 20
254.1070991291
 40
1.6666666667
100
AcDbArc
 50
330.0
 51
35.0
  0
ARC
  5
F45
100
AcDbEntity
  8
0
100
AcDbCircle
 62
7
  6
CONTINUOUS
 10
73.4796903427
 20
254.1070991291
 40
1.25
100
AcDbArc
 50
159.5940682269
 51
215.0
  0
ARC
  5
F46
100
AcDbEntity
  8
0
100
AcDbCircle
 62
7
  6
CONTINUOUS
 10
73.4796903427
 20
254.1070991291
 40
1.25
100
AcDbArc
 50
99.5940682269
 51
125.0
  0
ARC
  5
F47
100
AcDbEntity
  8
0
100
AcDbCircle
 62
7
  6
CONTINUOUS
 10
73.4796903427
 20
254.1070991291
 40
1.25
100
AcDbArc
 50
60.0
 51
80.4059317731
  0
ARC
  5
F48
100
AcDbEntity
  8
0
100
AcDbCircle
 62
7
  6
CONTINUOUS
 10
73.4796903427
 20
254.1070991291
 40
1.25
100
AcDbArc
 50
339.5940682269
 51
35.0
  0
ARC
  5
F49
100
AcDbEntity
  8
RUNDUNGEN
100
AcDbCircle
 62
9
  6
CONTINUOUS
 10
61.3360496408
 20
243.1378546035
 40
1.0003679069
100
AcDbArc
 50
30.0585744431
 51
122.6996913234
  0
ARC
  5
F4A
100
AcDbEntity
  8
RUNDUNGEN
100
AcDbCircle
 62
7
  6
CONTINUOUS
 10
61.3248201366
 20
243.2989089903
 40
0.9996280525
100
AcDbArc
 50
29.976861818
 51
122.5274994201
  0
ARC
  5
F4B
100
AcDbEntity
  8
RUNDUNGEN
100
AcDbCircle
 62
7
  6
CONTINUOUS
 10
71.7477299428
 20
243.2437224697
 40
0.5017212812
100
AcDbArc
 50
97.8067328977
 51
105.5281695852
  0
ARC
  5
F4C
100
AcDbEntity
  8
RUNDUNGEN
100
AcDbCircle
 62
7
  6
CONTINUOUS
 10
68.2965212643
 20
246.0767201162
 40
0.3994884389
100
AcDbArc
 50
2.3998979189
 51
90.0208399901
  0
ARC
  5
F4D
100
AcDbEntity
  8
0
100
AcDbCircle
 62
7
  6
CONTINUOUS
 10
72.8498536854
 20
254.4707354927
 40
0.2083333333
100
AcDbArc
 50
240.0
 51
60.0
  0
ARC
  5
F4E
100
AcDbEntity
  8
0
100
AcDbCircle
 62
7
  6
CONTINUOUS
 10
72.2850936115
 20
253.2706334927
 40
0.2083333333
100
AcDbArc
 50
215.0
 51
35.0
  0
ARC
  5
F4F
100
AcDbEntity
  8
0
100
AcDbCircle
 62
7
  6
CONTINUOUS
 10
72.2167366289
 20
254.8362657957
 40
0.2083333333
100
AcDbArc
 50
60.0
 51
150.0
  0
ARC
  5
F50
100
AcDbEntity
  8
0
100
AcDbCircle
 62
7
  6
CONTINUOUS
 10
72.6432247064
 20
255.3016958603
 40
0.2083333333
100
AcDbArc
 50
125.0
 51
305.0
  0
ARC
  5
F51
100
AcDbEntity
  8
0
100
AcDbCircle
 62
7
  6
CONTINUOUS
 10
73.4796903427
 20
252.6487657957
 40
0.2083333333
100
AcDbArc
 50
180.0
 51
360.0
  0
ARC
  5
F52
100
AcDbEntity
  8
RUNDUNGEN
100
AcDbCircle
 62
7
  6
CONTINUOUS
 10
73.4813549587
 20
224.000478062
 40
21.8068259278
100
AcDbArc
 50
103.1003169264
 51
104.191063666
  0
ARC
  5
F53
100
AcDbEntity
  8
RUNDUNGEN
100
AcDbCircle
 62
7
  6
CONTINUOUS
 10
73.4922950747
 20
223.8875292924
 40
20.5202205752
100
AcDbArc
 50
95.251066132
 51
96.8161445716
  0
ARC
  5
F54
100
AcDbEntity
  8
RUNDUNGEN
100
AcDbCircle
 62
7
  6
CONTINUOUS
 10
73.4844404142
 20
223.9877272756
 40
20.4199444572
100
AcDbArc
 50
103.1006616238
 51
104.1800920316
  0
ARC
  5
F55
100
AcDbEntity
  8
AUSFORMSCHRAEGEN
100
AcDbCircle
 62
7
  6
CONTINUOUS
 10
92.4796903427
 20
200.2453795619
 40
7.0
100
AcDbArc
 50
270.0
 51
360.0
  0
ARC
  5
F56
100
AcDbEntity
  8
RUNDUNGEN
100
AcDbCircle
 62
9
  6
CONTINUOUS
 10
92.4796903427
 20
200.2453795619
 40
6.8872785631
100
AcDbArc
 50
270.0
 51
360.0
  0
ARC
  5
F57
100
AcDbEntity
  8
RUNDUNGEN
100
AcDbCircle
 62
9
  6
CONTINUOUS
 10
92.4796903427
 20
200.2453795619
 40
6.087765483
100
AcDbArc
 50
270.0
 51
360.0
  0
CIRCLE
  5
F58
100
AcDbEntity
  8
0
100
AcDbCircle
 62
7
  6
CONTINUOUS
 10
92.4796903427
 20
200.2453795619
 40
6.0
  0
CIRCLE
  5
F59
100
AcDbEntity
  8
RUNDUNGEN
100
AcDbCircle
 62
7
  6
CONTINUOUS
 10
92.4796903427
 20
200.2453795619
 40
5.5
  0
CIRCLE
  5
F5A
100
AcDbEntity
  8
RUNDUNGEN
100
AcDbCircle
 62
9
  6
CONTINUOUS
 10
92.4796903427
 20
200.2453795619
 40
5.299999754
  0
ARC
  5
F5B
100
AcDbEntity
  8
RUNDUNGEN
100
AcDbCircle
 62
7
  6
CONTINUOUS
 10
87.2396903427
 20
219.1453795619
 40
2.0
100
AcDbArc
 50
158.4348149848
 51
201.5651850152
  0
ARC
  5
F5C
100
AcDbEntity
  8
BEZUGSACHSEN
100
AcDbCircle
 62
7
  6
CONTINUOUS
 10
77.4796903427
 20
197.6453795619
 40
2.0
100
AcDbArc
 50
270.0
 51
90.0
  0
ARC
  5
F5D
100
AcDbEntity
  8
RUNDUNGEN
100
AcDbCircle
 62
7
  6
CONTINUOUS
 10
87.2396903427
 20
229.3453795619
 40
2.0
100
AcDbArc
 50
158.4348149848
 51
201.5651850152
  0
ARC
  5
F5E
100
AcDbEntity
  8
0
100
AcDbCircle
 62
7
  6
CONTINUOUS
 10
82.8030108148
 20
237.1250416449
 40
1.5
100
AcDbArc
 50
22.1649597038
 51
143.8364820699
  0
ARC
  5
F5F
100
AcDbEntity
  8
0
100
AcDbCircle
 62
7
  6
CONTINUOUS
 10
88.6002295636
 20
230.33546355
 40
1.2
100
AcDbArc
 50
0.0
 51
38.0
  0
ARC
  5
F60
100
AcDbEntity
  8
RUNDUNGEN
100
AcDbCircle
 62
9
  6
CONTINUOUS
 10
84.5632404021
 20
241.3017897519
 40
1.0003264149
100
AcDbArc
 50
150.0531902336
 51
236.961232488
  0
ARC
  5
F61
100
AcDbEntity
  8
RUNDUNGEN
100
AcDbCircle
 62
7
  6
CONTINUOUS
 10
84.4329728817
 20
241.2175465073
 40
0.9997255353
100
AcDbArc
 50
149.9932146242
 51
237.1688006538
  0
ARC
  5
F62
100
AcDbEntity
  8
0
100
AcDbCircle
 62
3
  6
CONTINUOUS
 10
88.6002295636
 20
230.33546355
 40
0.7
100
AcDbArc
 50
0.0
 51
38.0
  0
ARC
  5
F63
100
AcDbEntity
  8
0
100
AcDbCircle
 62
7
  6
CONTINUOUS
 10
79.4796903427
 20
252.1086058357
 40
4.0
100
AcDbArc
 50
0.0
 51
67.975687163
  0
ARC
  5
F64
100
AcDbEntity
  8
0
100
AcDbCircle
 62
7
  6
CONTINUOUS
 10
79.4796903427
 20
250.4762088616
 40
4.0
100
AcDbArc
 50
270.0
 51
360.0
  0
ARC
  5
F65
100
AcDbEntity
  8
0
100
AcDbCircle
 62
7
  6
CONTINUOUS
 10
79.4796903427
 20
252.1086058357
 40
3.2
100
AcDbArc
 50
0.0
 51
67.975687163
  0
ARC
  5
F66
100
AcDbEntity
  8
RUNDUNGEN
100
AcDbCircle
 62
9
  6
CONTINUOUS
 10
85.6233328212
 20
243.1378480346
 40
1.0003740172
100
AcDbArc
 50
57.3005975487
 51
149.9411508856
  0
ARC
  5
F67
100
AcDbEntity
  8
RUNDUNGEN
100
AcDbCircle
 62
7
  6
CONTINUOUS
 10
85.6345605078
 20
243.298909079
 40
0.9996279631
100
AcDbArc
 50
57.4725264021
 51
150.0231414121
  0
ARC
  5
F68
100
AcDbEntity
  8
RUNDUNGEN
100
AcDbCircle
 62
7
  6
CONTINUOUS
 10
75.2116479675
 20
243.2437103691
 40
0.5017336831
100
AcDbArc
 50
74.4718950081
 51
82.2054528724
  0
ARC
  5
F69
100
AcDbEntity
  8
RUNDUNGEN
100
AcDbCircle
 62
7
  6
CONTINUOUS
 10
78.6628751673
 20
246.0766940864
 40
0.3995092894
100
AcDbArc
 50
89.9814956525
 51
177.5964954009
  0
ARC
  5
F6A
100
AcDbEntity
  8
0
100
AcDbCircle
 62
7
  6
CONTINUOUS
 10
74.2088570094
 20
255.3700528429
 40
0.2083333333
100
AcDbArc
 50
240.0
 51
60.0
  0
ARC
  5
F6B
100
AcDbEntity
  8
0
100
AcDbCircle
 62
7
  6
CONTINUOUS
 10
74.674287074
 20
254.9435647654
 40
0.2083333333
100
AcDbArc
 50
35.0
 51
215.0
  0
ARC
  5
F6C
100
AcDbEntity
  8
0
100
AcDbCircle
 62
7
  6
CONTINUOUS
 10
74.7426440566
 20
253.3779324624
 40
0.2083333333
100
AcDbArc
 50
240.0
 51
330.0
  0
ARC
  5
F6D
100
AcDbEntity
  8
0
100
AcDbCircle
 62
7
  6
CONTINUOUS
 10
74.1111803557
 20
253.7425082001
 40
0.2083333333
100
AcDbArc
 50
60.0
 51
240.0
  0
ARC
  5
F6E
100
AcDbEntity
  8
RUNDUNGEN
100
AcDbCircle
 62
7
  6
CONTINUOUS
 10
104.8196215395
 20
243.8982089765
 40
29.5399312141
100
AcDbArc
 50
179.1703029949
 51
180.001963309
  0
ARC
  5
F6F
100
AcDbEntity
  8
AUSFORMSCHRAEGEN
100
AcDbCircle
 62
7
  6
CONTINUOUS
 10
92.4796903427
 20
248.2453795619
 40
7.0
100
AcDbArc
 50
0.0
 51
90.0
  0
ARC
  5
F70
100
AcDbEntity
  8
RUNDUNGEN
100
AcDbCircle
 62
9
  6
CONTINUOUS
 10
92.4796903427
 20
248.2453795619
 40
6.8872785631
100
AcDbArc
 50
0.0
 51
90.0
  0
ARC
  5
F71
100
AcDbEntity
  8
RUNDUNGEN
100
AcDbCircle
 62
9
  6
CONTINUOUS
 10
92.4796903427
 20
248.2453795619
 40
6.087765483
100
AcDbArc
 50
0.0
 51
90.0
  0
CIRCLE
  5
F72
100
AcDbEntity
  8
BEZUGSACHSEN
100
AcDbCircle
 62
7
  6
CONTINUOUS
 10
92.4796903427
 20
248.2453795619
 40
5.0
  0
ARC
  5
F73
100
AcDbEntity
  8
0
100
AcDbCircle
 62
7
  6
CONTINUOUS
 10
92.4796903427
 20
248.2453795619
 40
3.968
100
AcDbArc
 50
150.0
 51
210.0
  0
ARC
  5
F74
100
AcDbEntity
  8
0
100
AcDbCircle
 62
7
  6
CONTINUOUS
 10
92.4796903427
 20
248.2453795619
 40
3.968
100
AcDbArc
 50
330.0
 51
30.0
  0
ARC
  5
F75
100
AcDbEntity
  8
0
100
AcDbCircle
 62
7
  6
CONTINUOUS
 10
92.4796903427
 20
248.2453795619
 40
3.968
100
AcDbArc
 50
60.0
 51
125.0
  0
ARC
  5
F76
100
AcDbEntity
  8
0
100
AcDbCircle
 62
7
  6
CONTINUOUS
 10
92.4796903427
 20
248.2453795619
 40
2.976
100
AcDbArc
 50
159.5940682269
 51
210.0
  0
ARC
  5
F77
100
AcDbEntity
  8
0
100
AcDbCircle
 62
7
  6
CONTINUOUS
 10
92.4796903427
 20
248.2453795619
 40
2.976
100
AcDbArc
 50
339.5940682269
 51
30.0
  0
ARC
  5
F78
100
AcDbEntity
  8
0
100
AcDbCircle
 62
7
  6
CONTINUOUS
 10
92.4796903427
 20
248.2453795619
 40
2.976
100
AcDbArc
 50
60.0
 51
80.4059317731
  0
ARC
  5
F79
100
AcDbEntity
  8
0
100
AcDbCircle
 62
7
  6
CONTINUOUS
 10
92.4796903427
 20
248.2453795619
 40
2.976
100
AcDbArc
 50
99.5940682269
 51
125.0
  0
ARC
  5
F7A
100
AcDbEntity
  8
0
100
AcDbCircle
 62
7
  6
CONTINUOUS
 10
89.4728501408
 20
246.5093795619
 40
0.496
100
AcDbArc
 50
210.0
 51
30.0
  0
ARC
  5
F7B
100
AcDbEntity
  8
0
100
AcDbCircle
 62
7
  6
CONTINUOUS
 10
90.980175229
 20
249.1111250164
 40
0.496
100
AcDbArc
 50
240.0
 51
60.0
  0
ARC
  5
F7C
100
AcDbEntity
  8
0
100
AcDbCircle
 62
7
  6
CONTINUOUS
 10
89.4728501408
 20
249.9813795619
 40
0.496
100
AcDbArc
 50
60.0
 51
150.0
  0
ARC
  5
F7D
100
AcDbEntity
  8
0
100
AcDbCircle
 62
7
  6
CONTINUOUS
 10
93.9831417656
 20
247.3773614781
 40
0.496
100
AcDbArc
 50
60.0
 51
240.0
  0
ARC
  5
F7E
100
AcDbEntity
  8
0
100
AcDbCircle
 62
7
  6
CONTINUOUS
 10
95.4865305447
 20
246.5093795619
 40
0.496
100
AcDbArc
 50
240.0
 51
330.0
  0
ARC
  5
F7F
100
AcDbEntity
  8
0
100
AcDbCircle
 62
7
  6
CONTINUOUS
 10
95.4865305447
 20
249.9813795619
 40
0.496
100
AcDbArc
 50
30.0
 51
210.0
  0
ARC
  5
F80
100
AcDbEntity
  8
0
100
AcDbCircle
 62
7
  6
CONTINUOUS
 10
94.2156903427
 20
251.2522197638
 40
0.496
100
AcDbArc
 50
240.0
 51
60.0
  0
ARC
  5
F81
100
AcDbEntity
  8
0
100
AcDbCircle
 62
7
  6
CONTINUOUS
 10
90.4882329557
 20
251.0894754596
 40
0.496
100
AcDbArc
 50
125.0
 51
305.0
  0
ARC
  5
F82
100
AcDbEntity
  8
0
100
AcDbCircle
 62
7
  6
CONTINUOUS
 10
92.4796903427
 20
244.7733795619
 40
0.496
100
AcDbArc
 50
180.0
 51
360.0
  0
ARC
  5
F83
100
AcDbEntity
  8
0
100
AcDbCircle
 62
3
  6
CONTINUOUS
 10
155.1667028698
 20
201.2953795619
 40
2.1
100
AcDbArc
 50
40.2435658439
 51
90.0
  0
ARC
  5
F84
100
AcDbEntity
  8
0
100
AcDbCircle
 62
7
  6
CONTINUOUS
 10
155.1667028698
 20
201.2953795619
 40
1.6
100
AcDbArc
 50
0.0
 51
90.0
  0
ARC
  5
F85
100
AcDbEntity
  8
0
100
AcDbCircle
 62
3
  6
CONTINUOUS
 10
125.8520078379
 20
229.7253795619
 40
1.6
100
AcDbArc
 50
270.0
 51
313.0
  0
ARC
  5
F86
100
AcDbEntity
  8
0
100
AcDbCircle
 62
3
  6
CONTINUOUS
 10
132.8667028698
 20
210.9501460754
 40
1.6
100
AcDbArc
 50
0.0
 51
68.3318153442
  0
ARC
  5
F87
100
AcDbEntity
  8
0
100
AcDbCircle
 62
7
  6
CONTINUOUS
 10
133.8267028698
 20
213.3664242051
 40
1.5
100
AcDbArc
 50
180.0
 51
248.3318153442
  0
ARC
  5
F88
100
AcDbEntity
  8
0
100
AcDbCircle
 62
7
  6
CONTINUOUS
 10
132.8667028698
 20
210.9501460754
 40
1.1
100
AcDbArc
 50
0.0
 51
68.3318153442
  0
ARC
  5
F89
100
AcDbEntity
  8
0
100
AcDbCircle
 62
7
  6
CONTINUOUS
 10
125.8520078379
 20
229.7253795619
 40
1.0
100
AcDbArc
 50
270.0
 51
313.0
  0
ARC
  5
F8A
100
AcDbEntity
  8
0
100
AcDbCircle
 62
7
  6
CONTINUOUS
 10
177.6773361864
 20
246.8070991291
 40
1.0
100
AcDbArc
 50
270.0
 51
348.0989901704
  0
ARC
  5
F8B
100
AcDbEntity
  8
RUNDUNGEN
100
AcDbCircle
 62
7
  6
CONTINUOUS
 10
170.2667028698
 20
201.7856721841
 40
1.0
100
AcDbArc
 50
272.0
 51
360.0
  0
ARC
  5
F8C
100
AcDbEntity
  8
0
100
AcDbCircle
 62
3
  6
CONTINUOUS
 10
133.4667028698
 20
203.8453795619
 40
1.0
100
AcDbArc
 50
270.0
 51
360.0
  0
ARC
  5
F8D
100
AcDbEntity
  8
0
100
AcDbCircle
 62
3
  6
CONTINUOUS
 10
133.8267028698
 20
213.3664242051
 40
1.0
100
AcDbArc
 50
180.0
 51
248.3318153442
  0
ARC
  5
F8E
100
AcDbEntity
  8
RUNDUNGEN
100
AcDbCircle
 62
7
  6
CONTINUOUS
 10
170.2667083364
 20
243.1389882623
 40
0.9999945334
100
AcDbArc
 50
359.9998631108
 51
87.7137011708
  0
ARC
  5
F8F
100
AcDbEntity
  8
0
100
AcDbCircle
 62
7
  6
CONTINUOUS
 10
133.2267028698
 20
213.3664242051
 40
0.9
100
AcDbArc
 50
90.0
 51
180.0
  0
ARC
  5
F90
100
AcDbEntity
  8
RUNDUNGEN
100
AcDbCircle
 62
7
  6
CONTINUOUS
 10
165.4667028698
 20
254.333145464
 40
0.8
100
AcDbArc
 50
0.0
 51
87.9999999998
  0
ARC
  5
F91
100
AcDbEntity
  8
RUNDUNGEN
100
AcDbCircle
 62
7
  6
CONTINUOUS
 10
165.4667028698
 20
194.1576136597
 40
0.8
100
AcDbArc
 50
272.0
 51
360.0
  0
ARC
  5
F92
100
AcDbEntity
  8
0
100
AcDbCircle
 62
7
  6
CONTINUOUS
 10
121.0226759927
 20
203.6953795619
 40
0.8
100
AcDbArc
 50
90.0
 51
270.0
  0
ARC
  5
F93
100
AcDbEntity
  8
0
100
AcDbCircle
 62
7
  6
CONTINUOUS
 10
133.4667028698
 20
203.8453795619
 40
0.5
100
AcDbArc
 50
270.0
 51
360.0
  0
ARC
  5
F94
100
AcDbEntity
  8
0
100
AcDbCircle
 62
7
  6
CONTINUOUS
 10
137.3269224799
 20
215.7961171999
 40
0.471192254
100
AcDbArc
 50
216.2822857143
 51
219.8511755782
  0
ARC
  5
F95
100
AcDbEntity
  8
0
100
AcDbCircle
 62
3
  6
CONTINUOUS
 10
137.3155722738
 20
216.0951217406
 40
0.4568230523
100
AcDbArc
 50
211.3456685117
 51
219.9135342906
  0
ARC
  5
F96
100
AcDbEntity
  8
0
100
AcDbCircle
 62
3
  6
CONTINUOUS
 10
137.2816877999
 20
216.0741525433
 40
0.4169761235
100
AcDbArc
 50
204.7084547069
 51
211.3069300257
  0
ARC
  5
F97
100
AcDbEntity
  8
0
100
AcDbCircle
 62
3
  6
CONTINUOUS
 10
137.2684246739
 20
216.0678212958
 40
0.4022808681
100
AcDbArc
 50
192.863734337
 51
204.6788870871
  0
ARC
  5
F98
100
AcDbEntity
  8
0
100
AcDbCircle
 62
3
  6
CONTINUOUS
 10
133.2267028698
 20
213.3664242051
 40
0.4
100
AcDbArc
 50
90.0
 51
180.0
  0
ARC
  5
F99
100
AcDbEntity
  8
0
100
AcDbCircle
 62
3
  6
CONTINUOUS
 10
121.0226759927
 20
203.6953795619
 40
0.3
100
AcDbArc
 50
90.0
 51
270.0
  0
ARC
  5
F9A
100
AcDbEntity
  8
RUNDUNGEN
100
AcDbCircle
 62
7
  6
CONTINUOUS
 10
64.9433200092
 20
115.1767949275
 40
18.590664144
100
AcDbArc
 50
100.7610032358
 51
102.0185907703
  0
ARC
  5
F9B
100
AcDbEntity
  8
RUNDUNGEN
100
AcDbCircle
 62
7
  6
CONTINUOUS
 10
64.9433200092
 20
104.9767949275
 40
18.590664144
100
AcDbArc
 50
100.7610032358
 51
102.0185907703
  0
ARC
  5
F9C
100
AcDbEntity
  8
0
100
AcDbCircle
 62
3
  6
CONTINUOUS
 10
61.4642898256
 20
115.1293852491
 40
0.7
100
AcDbArc
 50
316.2360685062
 51
324.6327687759
  0
ARC
  5
F9D
100
AcDbEntity
  8
0
100
AcDbCircle
 62
7
  6
CONTINUOUS
 10
61.4642898256
 20
115.1293852491
 40
0.2
100
AcDbArc
 50
338.1063854635
 51
38.0
  0
ARC
  5
F9E
100
AcDbEntity
  8
RUNDUNGEN
100
AcDbCircle
 62
7
  6
CONTINUOUS
 10
59.6122067914
 20
122.5054151538
 40
2.0
100
AcDbArc
 50
338.4348149848
 51
21.5651850152
  0
ARC
  5
F9F
100
AcDbEntity
  8
RUNDUNGEN
100
AcDbCircle
 62
9
  6
CONTINUOUS
 10
59.6122067914
 20
122.5054151538
 40
1.6
100
AcDbArc
 50
335.8531520035
 51
24.1468479965
  0
ARC
  5
FA0
100
AcDbEntity
  8
0
100
AcDbCircle
 62
7
  6
CONTINUOUS
 10
58.2516675705
 20
121.5153311656
 40
1.2
100
AcDbArc
 50
180.0
 51
218.0
  0
ARC
  5
FA1
100
AcDbEntity
  8
0
100
AcDbCircle
 62
3
  6
CONTINUOUS
 10
58.385982449
 20
119.0694390171
 40
0.7
100
AcDbArc
 50
111.3672312241
 51
119.7639314938
  0
ARC
  5
FA2
100
AcDbEntity
  8
0
100
AcDbCircle
 62
3
  6
CONTINUOUS
 10
58.2516675705
 20
121.5153311656
 40
0.7
100
AcDbArc
 50
180.0
 51
218.0
  0
ARC
  5
FA3
100
AcDbEntity
  8
0
100
AcDbCircle
 62
7
  6
CONTINUOUS
 10
58.385982449
 20
119.0694390171
 40
0.2
100
AcDbArc
 50
38.0
 51
97.8936145365
  0
ARC
  5
FA4
100
AcDbEntity
  8
BEZUGSACHSEN
100
AcDbCircle
 62
7
  6
CONTINUOUS
 10
73.3722067914
 20
127.6054151538
 40
23.6
100
AcDbArc
 50
107.9507648783
 51
72.0492063738
  0
ARC
  5
FA5
100
AcDbEntity
  8
RUNDUNGEN
100
AcDbCircle
 62
9
  6
CONTINUOUS
 10
73.3722067914
 20
127.6054151538
 40
23.4590982048
100
AcDbArc
 50
122.7305846946
 51
57.2694153054
  0
ARC
  5
FA6
100
AcDbEntity
  8
RUNDUNGEN
100
AcDbCircle
 62
9
  6
CONTINUOUS
 10
73.3722067914
 20
127.6054151538
 40
22.4597073777
100
AcDbArc
 50
122.7301753578
 51
57.2698720208
  0
ARC
  5
FA7
100
AcDbEntity
  8
AUSFORMSCHRAEGEN
100
AcDbCircle
 62
7
  6
CONTINUOUS
 10
73.3722067914
 20
127.6054151538
 40
22.4
100
AcDbArc
 50
102.5178737479
 51
120.0
  0
ARC
  5
FA8
100
AcDbEntity
  8
AUSFORMSCHRAEGEN
100
AcDbCircle
 62
7
  6
CONTINUOUS
 10
73.3722067914
 20
127.6054151538
 40
22.4
100
AcDbArc
 50
60.0
 51
77.4822299069
  0
ARC
  5
FA9
100
AcDbEntity
  8
0
100
AcDbCircle
 62
7
  6
CONTINUOUS
 10
73.3722067914
 20
127.6054151538
 40
22.0049862263
100
AcDbArc
 50
67.85
 51
75.2567644135
  0
ARC
  5
FAA
100
AcDbEntity
  8
0
100
AcDbCircle
 62
7
  6
CONTINUOUS
 10
73.3722067914
 20
127.6054151538
 40
22.0049862263
100
AcDbArc
 50
104.7432355865
 51
112.15
  0
ARC
  5
FAB
100
AcDbEntity
  8
RUNDUNGEN
100
AcDbCircle
 62
7
  6
CONTINUOUS
 10
73.3722067914
 20
127.6054151538
 40
22.0049862263
100
AcDbArc
 50
112.15
 51
120.0
  0
ARC
  5
FAC
100
AcDbEntity
  8
RUNDUNGEN
100
AcDbCircle
 62
7
  6
CONTINUOUS
 10
73.3722067914
 20
127.6054151538
 40
22.0049862263
100
AcDbArc
 50
60.0
 51
67.85
  0
ARC
  5
FAD
100
AcDbEntity
  8
RUNDUNGEN
100
AcDbCircle
 62
7
  6
CONTINUOUS
 10
73.3671208786
 20
127.3464039439
 40
21.8213441468
100
AcDbArc
 50
75.8093096826
 51
76.8993307175
  0
ARC
  5
FAE
100
AcDbEntity
  8
RUNDUNGEN
100
AcDbCircle
 62
7
  6
CONTINUOUS
 10
73.3722067914
 20
127.367134721
 40
21.8
100
AcDbArc
 50
61.5
 51
75.8089116873
  0
ARC
  5
FAF
100
AcDbEntity
  8
RUNDUNGEN
100
AcDbCircle
 62
7
  6
CONTINUOUS
 10
73.3722067914
 20
127.367134721
 40
21.8
100
AcDbArc
 50
104.1910883127
 51
118.5
  0
ARC
  5
FB0
100
AcDbEntity
  8
RUNDUNGEN
100
AcDbCircle
 62
7
  6
CONTINUOUS
 10
73.3664675419
 20
127.3124961057
 40
20.4549312851
100
AcDbArc
 50
83.1813145021
 51
84.7656715658
  0
ARC
  5
FB1
100
AcDbEntity
  8
RUNDUNGEN
100
AcDbCircle
 62
7
  6
CONTINUOUS
 10
73.370651442
 20
127.3609434778
 40
20.4063825342
100
AcDbArc
 50
75.8195388058
 51
76.8996866015
  0
ARC
  5
FB2
100
AcDbEntity
  8
0
100
AcDbCircle
 62
7
  6
CONTINUOUS
 10
73.3723233646
 20
127.3637110837
 40
20.4034242122
100
AcDbArc
 50
92.5223093484
 51
92.6540940168
  0
ARC
  5
FB3
100
AcDbEntity
  8
0
100
AcDbCircle
 62
7
  6
CONTINUOUS
 10
73.3720902553
 20
127.3637119002
 40
20.4034233949
100
AcDbArc
 50
87.3457658465
 51
87.4773513508
  0
ARC
  5
FB4
100
AcDbEntity
  8
0
100
AcDbCircle
 62
7
  6
CONTINUOUS
 10
73.3722701141
 20
127.3655364578
 40
20.4015982631
100
AcDbArc
 50
87.4772751825
 51
92.5223855484
  0
ARC
  5
FB5
100
AcDbEntity
  8
RUNDUNGEN
100
AcDbCircle
 62
7
  6
CONTINUOUS
 10
73.3722067914
 20
127.367134721
 40
20.4
100
AcDbArc
 50
96.82085
 51
97.8616766531
  0
ARC
  5
FB6
100
AcDbEntity
  8
RUNDUNGEN
100
AcDbCircle
 62
7
  6
CONTINUOUS
 10
73.3722067914
 20
127.367134721
 40
20.4
100
AcDbArc
 50
82.1388115582
 51
83.1791
  0
ARC
  5
FB7
100
AcDbEntity
  8
RUNDUNGEN
100
AcDbCircle
 62
7
  6
CONTINUOUS
 10
73.3722067914
 20
127.367134721
 40
20.4
100
AcDbArc
 50
61.5
 51
75.8195141045
  0
ARC
  5
FB8
100
AcDbEntity
  8
RUNDUNGEN
100
AcDbCircle
 62
7
  6
CONTINUOUS
 10
73.3722067914
 20
127.367134721
 40
20.4
100
AcDbArc
 50
104.1804858919
 51
118.5
  0
ARC
  5
FB9
100
AcDbEntity
  8
RUNDUNGEN
100
AcDbCircle
 62
7
  6
CONTINUOUS
 10
73.3722067914
 20
127.367134721
 40
20.4
100
AcDbArc
 50
103.0143239288
 51
103.1000910297
  0
ARC
  5
FBA
100
AcDbEntity
  8
0
100
AcDbCircle
 62
7
  6
CONTINUOUS
 10
73.3722067914
 20
127.367134721
 40
20.4
100
AcDbArc
 50
76.8923696035
 51
103.1
  0
ARC
  5
FBB
100
AcDbEntity
  8
0
100
AcDbCircle
 62
7
  6
CONTINUOUS
 10
73.3720783413
 20
127.3685350555
 40
20.3985940691
100
AcDbArc
 50
92.6540339614
 51
94.0924208334
  0
ARC
  5
FBC
100
AcDbEntity
  8
0
100
AcDbCircle
 62
7
  6
CONTINUOUS
 10
73.3723352746
 20
127.3685355809
 40
20.3985935427
100
AcDbArc
 50
85.9075791539
 51
87.3458258955
  0
ARC
  5
FBD
100
AcDbEntity
  8
RUNDUNGEN
100
AcDbCircle
 62
7
  6
CONTINUOUS
 10
73.3729804318
 20
127.3779658093
 40
20.3891413083
100
AcDbArc
 50
84.7671130951
 51
85.9074963097
  0
ARC
  5
FBE
100
AcDbEntity
  8
RUNDUNGEN
100
AcDbCircle
 62
7
  6
CONTINUOUS
 10
73.3714163065
 20
127.3781905705
 40
20.38891592
100
AcDbArc
 50
94.0925015518
 51
95.2471765619
  0
ARC
  5
FBF
100
AcDbEntity
  8
RUNDUNGEN
100
AcDbCircle
 62
9
  6
CONTINUOUS
 10
73.3722067914
 20
127.6054151538
 40
20.3402926223
100
AcDbArc
 50
123.0148443805
 51
56.9852196284
  0
ARC
  5
FC0
100
AcDbEntity
  8
RUNDUNGEN
100
AcDbCircle
 62
9
  6
CONTINUOUS
 10
73.3722067914
 20
127.6054151538
 40
19.8553610937
100
AcDbArc
 50
60.0
 51
70.6889131549
  0
ARC
  5
FC1
100
AcDbEntity
  8
RUNDUNGEN
100
AcDbCircle
 62
9
  6
CONTINUOUS
 10
73.3722067914
 20
127.6054151538
 40
19.8553610937
100
AcDbArc
 50
109.3106664421
 51
120.0
  0
ARC
  5
FC2
100
AcDbEntity
  8
RUNDUNGEN
100
AcDbCircle
 62
9
  6
CONTINUOUS
 10
73.3722067914
 20
127.6054151538
 40
19.3409017952
100
AcDbArc
 50
123.0153562671
 51
56.9846437329
  0
ARC
  5
FC3
100
AcDbEntity
  8
RUNDUNGEN
100
AcDbCircle
 62
7
  6
CONTINUOUS
 10
73.3722067914
 20
127.6054151538
 40
19.2553839399
100
AcDbArc
 50
60.0
 51
73.0924812573
  0
ARC
  5
FC4
100
AcDbEntity
  8
RUNDUNGEN
100
AcDbCircle
 62
7
  6
CONTINUOUS
 10
73.3722067914
 20
127.6054151538
 40
19.2553839399
100
AcDbArc
 50
106.9075187427
 51
120.0
  0
ARC
  5
FC5
100
AcDbEntity
  8
AUSFORMSCHRAEGEN
100
AcDbCircle
 62
7
  6
CONTINUOUS
 10
73.3722067914
 20
127.6054151538
 40
19.2518474996
100
AcDbArc
 50
58.0710603115
 51
60.0
  0
ARC
  5
FC6
100
AcDbEntity
  8
AUSFORMSCHRAEGEN
100
AcDbCircle
 62
7
  6
CONTINUOUS
 10
73.3722067914
 20
127.6054151538
 40
19.2518474996
100
AcDbArc
 50
120.0
 51
121.9289038205
  0
ARC
  5
FC7
100
AcDbEntity
  8
RUNDUNGEN
100
AcDbCircle
 62
7
  6
CONTINUOUS
 10
73.3722067914
 20
127.6054151538
 40
19.2
100
AcDbArc
 50
122.8363726953
 51
57.1636273043
  0
ARC
  5
FC8
100
AcDbEntity
  8
AUSFORMSCHRAEGEN
100
AcDbCircle
 62
7
  6
CONTINUOUS
 10
73.3722067914
 20
127.6054151538
 40
19.1767964366
100
AcDbArc
 50
127.7921897783
 51
52.2078102217
  0
ARC
  5
FC9
100
AcDbEntity
  8
RUNDUNGEN
100
AcDbCircle
 62
7
  6
CONTINUOUS
 10
73.3722067914
 20
127.6054151538
 40
19.1051904275
100
AcDbArc
 50
107.0444827624
 51
72.9555172376
  0
ARC
  5
FCA
100
AcDbEntity
  8
RUNDUNGEN
100
AcDbCircle
 62
9
  6
CONTINUOUS
 10
73.3722067914
 20
127.6054151538
 40
18.5052132736
100
AcDbArc
 50
107.6144191955
 51
72.3855850755
  0
ARC
  5
FCB
100
AcDbEntity
  8
0
100
AcDbCircle
 62
7
  6
CONTINUOUS
 10
73.3722067914
 20
127.6054151538
 40
16.795523213
100
AcDbArc
 50
20.8085131303
 51
24.9235613722
  0
ARC
  5
FCC
100
AcDbEntity
  8
0
100
AcDbCircle
 62
7
  6
CONTINUOUS
 10
73.3722067914
 20
127.6054151538
 40
16.795523213
100
AcDbArc
 50
200.8085131303
 51
204.9540541802
  0
ARC
  5
FCD
100
AcDbEntity
  8
0
100
AcDbCircle
 62
7
  6
CONTINUOUS
 10
73.3722067914
 20
127.6054151538
 40
16.79
100
AcDbArc
 50
171.7818637564
 51
173.1581593784
  0
ARC
  5
FCE
100
AcDbEntity
  8
0
100
AcDbCircle
 62
7
  6
CONTINUOUS
 10
73.3722067914
 20
127.6054151538
 40
16.79
100
AcDbArc
 50
351.7818637564
 51
353.1581593784
  0
ARC
  5
FCF
100
AcDbEntity
  8
0
100
AcDbCircle
 62
7
  6
CONTINUOUS
 10
73.3722067914
 20
127.6054151538
 40
16.2
100
AcDbArc
 50
59.3478203553
 51
69.7767492921
  0
ARC
  5
FD0
100
AcDbEntity
  8
BEZUGSACHSEN
100
AcDbCircle
 62
7
  6
CONTINUOUS
 10
73.3722067914
 20
127.6054151538
 40
16.2
100
AcDbArc
 50
110.2232507079
 51
120.6513779522
  0
ARC
  5
FD1
100
AcDbEntity
  8
0
100
AcDbCircle
 62
7
  6
CONTINUOUS
 10
73.3722067914
 20
127.6054151538
 40
16.2
100
AcDbArc
 50
14.2721207873
 51
52.2949486214
  0
ARC
  5
FD2
100
AcDbEntity
  8
0
100
AcDbCircle
 62
7
  6
CONTINUOUS
 10
73.3722067914
 20
127.6054151538
 40
16.2
100
AcDbArc
 50
194.2721207873
 51
345.7278792127
  0
ARC
  5
FD3
100
AcDbEntity
  8
0
100
AcDbCircle
 62
7
  6
CONTINUOUS
 10
73.3722067914
 20
127.6054151538
 40
16.2
100
AcDbArc
 50
131.1486220478
 51
165.7278792127
  0
ARC
  5
FD4
100
AcDbEntity
  8
0
100
AcDbCircle
 62
7
  6
CONTINUOUS
 10
73.3722067914
 20
127.6054151538
 40
16.0464071269
100
AcDbArc
 50
100.5348721997
 51
110.425415716
  0
ARC
  5
FD5
100
AcDbEntity
  8
0
100
AcDbCircle
 62
7
  6
CONTINUOUS
 10
73.3722067914
 20
127.6054151538
 40
16.0464071269
100
AcDbArc
 50
69.574584284
 51
79.4651278003
  0
ARC
  5
FD6
100
AcDbEntity
  8
0
100
AcDbCircle
 62
7
  6
CONTINUOUS
 10
73.3722067914
 20
127.6054151538
 40
15.9695649971
100
AcDbArc
 50
58.3943216896
 51
79.4988097905
  0
ARC
  5
FD7
100
AcDbEntity
  8
0
100
AcDbCircle
 62
7
  6
CONTINUOUS
 10
73.3722067914
 20
127.6054151538
 40
15.9695649971
100
AcDbArc
 50
100.5011902095
 51
121.6056783104
  0
ARC
  5
FD8
100
AcDbEntity
  8
0
100
AcDbCircle
 62
7
  6
CONTINUOUS
 10
73.3722067914
 20
127.6054151538
 40
15.9695649971
100
AcDbArc
 50
10.5599959754
 51
52.5057080153
  0
ARC
  5
FD9
100
AcDbEntity
  8
0
100
AcDbCircle
 62
7
  6
CONTINUOUS
 10
73.3722067914
 20
127.6054151538
 40
15.9695649971
100
AcDbArc
 50
130.1943216896
 51
169.4400040246
  0
ARC
  5
FDA
100
AcDbEntity
  8
0
100
AcDbCircle
 62
7
  6
CONTINUOUS
 10
73.3722067914
 20
127.6054151538
 40
15.9695649971
100
AcDbArc
 50
190.5599959754
 51
349.4400040246
  0
ARC
  5
FDB
100
AcDbEntity
  8
0
100
AcDbCircle
 62
9
  6
CONTINUOUS
 10
73.3722067914
 20
127.6054151538
 40
15.3695878433
100
AcDbArc
 50
100.2265312514
 51
167.2195306413
  0
ARC
  5
FDC
100
AcDbEntity
  8
0
100
AcDbCircle
 62
9
  6
CONTINUOUS
 10
73.3722067914
 20
127.6054151538
 40
15.3695878433
100
AcDbArc
 50
12.7804693587
 51
79.7734687486
  0
ARC
  5
FDD
100
AcDbEntity
  8
0
100
AcDbCircle
 62
9
  6
CONTINUOUS
 10
73.3722067914
 20
127.6054151538
 40
15.3695878433
100
AcDbArc
 50
192.7804693587
 51
347.2195306413
  0
ARC
  5
FDE
100
AcDbEntity
  8
RUNDUNGEN
100
AcDbCircle
 62
7
  6
CONTINUOUS
 10
42.0339526562
 20
147.2582500997
 40
29.5382541528
100
AcDbArc
 50
359.9980258504
 51
0.8297357973
  0
CIRCLE
  5
FDF
100
AcDbEntity
  8
BOHRUNGEN
100
AcDbCircle
 62
7
  6
CONTINUOUS
 10
54.3722067914
 20
151.6054151538
 40
6.0
  0
CIRCLE
  5
FE0
100
AcDbEntity
  8
RUNDUNGEN
100
AcDbCircle
 62
7
  6
CONTINUOUS
 10
54.3722067914
 20
151.6054151538
 40
5.5
  0
CIRCLE
  5
FE1
100
AcDbEntity
  8
RUNDUNGEN
100
AcDbCircle
 62
9
  6
CONTINUOUS
 10
54.3722067914
 20
151.6054151538
 40
5.299999754
  0
ARC
  5
FE2
100
AcDbEntity
  8
0
100
AcDbCircle
 62
7
  6
CONTINUOUS
 10
73.3722067914
 20
140.6362444535
 40
20.0
100
AcDbArc
 50
67.975687163
 51
112.024312837
  0
ARC
  5
FE3
100
AcDbEntity
  8
0
100
AcDbCircle
 62
7
  6
CONTINUOUS
 10
73.3722067914
 20
140.6362444535
 40
19.2
100
AcDbArc
 50
67.975687163
 51
87.45532322
  0
ARC
  5
FE4
100
AcDbEntity
  8
0
100
AcDbCircle
 62
7
  6
CONTINUOUS
 10
73.3722067914
 20
140.6362444535
 40
19.2
100
AcDbArc
 50
92.54467678
 51
112.024312837
  0
ARC
  5
FE5
100
AcDbEntity
  8
RUNDUNGEN
100
AcDbCircle
 62
7
  6
CONTINUOUS
 10
64.9433200092
 20
140.03403538
 40
18.590664144
100
AcDbArc
 50
257.9814092297
 51
259.2389967642
  0
ARC
  5
FE6
100
AcDbEntity
  8
RUNDUNGEN
100
AcDbCircle
 62
7
  6
CONTINUOUS
 10
59.6122067914
 20
132.7054151538
 40
2.0
100
AcDbArc
 50
338.4348149848
 51
21.5651850152
  0
ARC
  5
FE7
100
AcDbEntity
  8
RUNDUNGEN
100
AcDbCircle
 62
9
  6
CONTINUOUS
 10
59.6122067914
 20
132.7054151538
 40
1.6
100
AcDbArc
 50
335.8531520035
 51
24.1468479965
  0
ARC
  5
FE8
100
AcDbEntity
  8
BEZUGSACHSEN
100
AcDbCircle
 62
7
  6
CONTINUOUS
 10
64.0488863193
 20
140.4850772369
 40
1.5
100
AcDbArc
 50
36.1635179301
 51
215.6364820699
  0
ARC
  5
FE9
100
AcDbEntity
  8
RUNDUNGEN
100
AcDbCircle
 62
9
  6
CONTINUOUS
 10
62.288598248
 20
144.661839315
 40
1.0003793566
100
AcDbArc
 50
303.0411392174
 51
29.9444442331
  0
ARC
  5
FEA
100
AcDbEntity
  8
RUNDUNGEN
100
AcDbCircle
 62
7
  6
CONTINUOUS
 10
62.4189235089
 20
144.5775822883
 40
0.9997256088
100
AcDbArc
 50
302.8466063314
 51
30.0154995146
  0
ARC
  5
FEB
100
AcDbEntity
  8
RUNDUNGEN
100
AcDbCircle
 62
7
  6
CONTINUOUS
 10
64.9433200092
 20
150.23403538
 40
18.590664144
100
AcDbArc
 50
257.9814092296
 51
259.2389967642
  0
ARC
  5
FEC
100
AcDbEntity
  8
0
100
AcDbCircle
 62
7
  6
CONTINUOUS
 10
67.3722067914
 20
153.8362444535
 40
4.0
100
AcDbArc
 50
180.0
 51
270.0
  0
ARC
  5
FED
100
AcDbEntity
  8
0
100
AcDbCircle
 62
7
  6
CONTINUOUS
 10
67.3722067914
 20
155.4686414277
 40
4.0
100
AcDbArc
 50
112.024312837
 51
180.0
  0
ARC
  5
FEE
100
AcDbEntity
  8
0
100
AcDbCircle
 62
7
  6
CONTINUOUS
 10
67.3722067914
 20
155.4686414277
 40
3.2
100
AcDbArc
 50
112.024312837
 51
180.0
  0
CIRCLE
  5
FEF
100
AcDbEntity
  8
0
100
AcDbCircle
 62
7
  6
CONTINUOUS
 10
73.3722067914
 20
157.467134721
 40
2.5
  0
CIRCLE
  5
FF0
100
AcDbEntity
  8
0
100
AcDbCircle
 62
7
  6
CONTINUOUS
 10
73.3722067914
 20
157.467134721
 40
2.0833333333
  0
ARC
  5
FF1
100
AcDbEntity
  8
0
100
AcDbCircle
 62
7
  6
CONTINUOUS
 10
73.3722067914
 20
157.467134721
 40
1.6666666667
100
AcDbArc
 50
150.0
 51
215.0
  0
ARC
  5
FF2
100
AcDbEntity
  8
0
100
AcDbCircle
 62
7
  6
CONTINUOUS
 10
73.3722067914
 20
157.467134721
 40
1.6666666667
100
AcDbArc
 50
60.0
 51
125.0
  0
ARC
  5
FF3
100
AcDbEntity
  8
0
100
AcDbCircle
 62
7
  6
CONTINUOUS
 10
73.3722067914
 20
157.467134721
 40
1.6666666667
100
AcDbArc
 50
330.0
 51
35.0
  0
ARC
  5
FF4
100
AcDbEntity
  8
0
100
AcDbCircle
 62
7
  6
CONTINUOUS
 10
73.3722067914
 20
157.467134721
 40
1.25
100
AcDbArc
 50
159.5940682269
 51
215.0
  0
ARC
  5
FF5
100
AcDbEntity
  8
0
100
AcDbCircle
 62
7
  6
CONTINUOUS
 10
73.3722067914
 20
157.467134721
 40
1.25
100
AcDbArc
 50
99.5940682269
 51
125.0
  0
ARC
  5
FF6
100
AcDbEntity
  8
0
100
AcDbCircle
 62
7
  6
CONTINUOUS
 10
73.3722067914
 20
157.467134721
 40
1.25
100
AcDbArc
 50
60.0
 51
80.4059317731
  0
ARC
  5
FF7
100
AcDbEntity
  8
0
100
AcDbCircle
 62
7
  6
CONTINUOUS
 10
73.3722067914
 20
157.467134721
 40
1.25
100
AcDbArc
 50
339.5940682269
 51
35.0
  0
ARC
  5
FF8
100
AcDbEntity
  8
RUNDUNGEN
100
AcDbCircle
 62
9
  6
CONTINUOUS
 10
61.2285660895
 20
146.4978901954
 40
1.0003679069
100
AcDbArc
 50
30.0585744431
 51
122.6996913234
  0
ARC
  5
FF9
100
AcDbEntity
  8
RUNDUNGEN
100
AcDbCircle
 62
7
  6
CONTINUOUS
 10
61.2173111401
 20
146.6588889239
 40
0.9996836073
100
AcDbArc
 50
29.9788963501
 51
112.0900724538
  0
ARC
  5
FFA
100
AcDbEntity
  8
RUNDUNGEN
100
AcDbCircle
 62
7
  6
CONTINUOUS
 10
71.6402491666
 20
146.603745961
 40
0.5017336831
100
AcDbArc
 50
97.7945471276
 51
105.5281049919
  0
ARC
  5
FFB
100
AcDbEntity
  8
RUNDUNGEN
100
AcDbCircle
 62
7
  6
CONTINUOUS
 10
68.1890377129
 20
149.4367557081
 40
0.399488439
100
AcDbArc
 50
2.3998979254
 51
90.0208399836
  0
ARC
  5
FFC
100
AcDbEntity
  8
0
100
AcDbCircle
 62
7
  6
CONTINUOUS
 10
72.7423701341
 20
157.8307710846
 40
0.2083333333
100
AcDbArc
 50
240.0
 51
60.0
  0
ARC
  5
FFD
100
AcDbEntity
  8
0
100
AcDbCircle
 62
7
  6
CONTINUOUS
 10
72.1776100602
 20
156.6306690846
 40
0.2083333333
100
AcDbArc
 50
215.0
 51
35.0
  0
ARC
  5
FFE
100
AcDbEntity
  8
0
100
AcDbCircle
 62
7
  6
CONTINUOUS
 10
72.1092530776
 20
158.1963013876
 40
0.2083333333
100
AcDbArc
 50
60.0
 51
150.0
  0
ARC
  5
FFF
100
AcDbEntity
  8
0
100
AcDbCircle
 62
7
  6
CONTINUOUS
 10
72.5357411551
 20
158.6617314522
 40
0.2083333333
100
AcDbArc
 50
125.0
 51
305.0
  0
ARC
  5
1000
100
AcDbEntity
  8
0
100
AcDbCircle
 62
7
  6
CONTINUOUS
 10
73.3722067914
 20
156.0088013876
 40
0.2083333333
100
AcDbArc
 50
180.0
 51
360.0
  0
ARC
  5
1001
100
AcDbEntity
  8
RUNDUNGEN
100
AcDbCircle
 62
7
  6
CONTINUOUS
 10
73.3738714064
 20
127.3605136543
 40
21.8068259271
100
AcDbArc
 50
103.100316924
 51
104.1910636636
  0
ARC
  5
1002
100
AcDbEntity
  8
RUNDUNGEN
100
AcDbCircle
 62
7
  6
CONTINUOUS
 10
73.384811524
 20
127.2475648838
 40
20.5202205758
100
AcDbArc
 50
95.2510661337
 51
96.8161445733
  0
ARC
  5
1003
100
AcDbEntity
  8
RUNDUNGEN
100
AcDbCircle
 62
7
  6
CONTINUOUS
 10
73.3769568624
 20
127.3477628677
 40
20.4199444569
100
AcDbArc
 50
103.1006616225
 51
104.1800920303
  0
ARC
  5
1004
100
AcDbEntity
  8
RUNDUNGEN
100
AcDbCircle
 62
7
  6
CONTINUOUS
 10
81.8010935759
 20
104.976794927
 40
18.590664144
100
AcDbArc
 50
77.981409237
 51
79.2389967716
  0
ARC
  5
1005
100
AcDbEntity
  8
RUNDUNGEN
100
AcDbCircle
 62
7
  6
CONTINUOUS
 10
81.8010935759
 20
115.176794927
 40
18.590664144
100
AcDbArc
 50
77.981409237
 51
79.2389967716
  0
CIRCLE
  5
1006
100
AcDbEntity
  8
BOHRUNGEN
100
AcDbCircle
 62
7
  6
CONTINUOUS
 10
92.3722067914
 20
103.6054151538
 40
6.0
  0
CIRCLE
  5
1007
100
AcDbEntity
  8
RUNDUNGEN
100
AcDbCircle
 62
7
  6
CONTINUOUS
 10
92.3722067914
 20
103.6054151538
 40
5.5
  0
CIRCLE
  5
1008
100
AcDbEntity
  8
RUNDUNGEN
100
AcDbCircle
 62
9
  6
CONTINUOUS
 10
92.3722067914
 20
103.6054151538
 40
5.299999754
  0
ARC
  5
1009
100
AcDbEntity
  8
RUNDUNGEN
100
AcDbCircle
 62
7
  6
CONTINUOUS
 10
87.1322067914
 20
122.5054151538
 40
2.0
100
AcDbArc
 50
158.4348149848
 51
201.5651850152
  0
ARC
  5
100A
100
AcDbEntity
  8
RUNDUNGEN
100
AcDbCircle
 62
9
  6
CONTINUOUS
 10
87.1322067914
 20
122.5054151538
 40
1.6
100
AcDbArc
 50
155.8531520035
 51
204.1468479965
  0
ARC
  5
100B
100
AcDbEntity
  8
RUNDUNGEN
100
AcDbCircle
 62
7
  6
CONTINUOUS
 10
81.8010935759
 20
140.0340353805
 40
18.590664144
100
AcDbArc
 50
280.7610032285
 51
282.018590763
  0
ARC
  5
100C
100
AcDbEntity
  8
RUNDUNGEN
100
AcDbCircle
 62
7
  6
CONTINUOUS
 10
87.1322067914
 20
132.7054151538
 40
2.0
100
AcDbArc
 50
158.4348149848
 51
201.5651850152
  0
ARC
  5
100D
100
AcDbEntity
  8
RUNDUNGEN
100
AcDbCircle
 62
9
  6
CONTINUOUS
 10
87.1322067914
 20
132.7054151538
 40
1.6
100
AcDbArc
 50
155.8531520035
 51
204.1468479965
  0
ARC
  5
100E
100
AcDbEntity
  8
0
100
AcDbCircle
 62
7
  6
CONTINUOUS
 10
82.6955272635
 20
140.4850772369
 40
1.5
100
AcDbArc
 50
22.1649597038
 51
143.8364820699
  0
ARC
  5
100F
100
AcDbEntity
  8
0
100
AcDbCircle
 62
7
  6
CONTINUOUS
 10
88.4927460123
 20
133.6954991419
 40
1.2
100
AcDbArc
 50
0.0
 51
38.0
  0
ARC
  5
1010
100
AcDbEntity
  8
RUNDUNGEN
100
AcDbCircle
 62
9
  6
CONTINUOUS
 10
84.4557568508
 20
144.6618253438
 40
1.0003264149
100
AcDbArc
 50
150.0531902336
 51
236.961232488
  0
ARC
  5
1011
100
AcDbEntity
  8
RUNDUNGEN
100
AcDbCircle
 62
7
  6
CONTINUOUS
 10
84.3254893303
 20
144.5775820992
 40
0.9997255353
100
AcDbArc
 50
149.9932146242
 51
237.1688006538
  0
ARC
  5
1012
100
AcDbEntity
  8
0
100
AcDbCircle
 62
3
  6
CONTINUOUS
 10
85.2801237572
 20
140.0814450584
 40
0.7
100
AcDbArc
 50
136.6069777704
 51
144.6327687759
  0
ARC
  5
1013
100
AcDbEntity
  8
0
100
AcDbCircle
 62
3
  6
CONTINUOUS
 10
88.3584311338
 20
136.1413912904
 40
0.7
100
AcDbArc
 50
291.3672312241
 51
299.3930222296
  0
ARC
  5
1014
100
AcDbEntity
  8
0
100
AcDbCircle
 62
3
  6
CONTINUOUS
 10
88.4927460123
 20
133.6954991419
 40
0.7
100
AcDbArc
 50
0.0
 51
38.0
  0
ARC
  5
1015
100
AcDbEntity
  8
0
100
AcDbCircle
 62
7
  6
CONTINUOUS
 10
85.2801237572
 20
140.0814450584
 40
0.2
100
AcDbArc
 50
159.6133173375
 51
218.0
  0
ARC
  5
1016
100
AcDbEntity
  8
0
100
AcDbCircle
 62
7
  6
CONTINUOUS
 10
88.3584311338
 20
136.1413912904
 40
0.2
100
AcDbArc
 50
218.0
 51
276.3866826625
  0
ARC
  5
1017
100
AcDbEntity
  8
RUNDUNGEN
100
AcDbCircle
 62
7
  6
CONTINUOUS
 10
81.8010935759
 20
150.2340353805
 40
18.590664144
100
AcDbArc
 50
280.7610032285
 51
282.018590763
  0
ARC
  5
1018
100
AcDbEntity
  8
0
100
AcDbCircle
 62
7
  6
CONTINUOUS
 10
79.3722067914
 20
155.4686414277
 40
4.0
100
AcDbArc
 50
0.0
 51
67.975687163
  0
ARC
  5
1019
100
AcDbEntity
  8
0
100
AcDbCircle
 62
7
  6
CONTINUOUS
 10
79.3722067914
 20
153.8362444535
 40
4.0
100
AcDbArc
 50
270.0
 51
360.0
  0
ARC
  5
101A
100
AcDbEntity
  8
0
100
AcDbCircle
 62
7
  6
CONTINUOUS
 10
79.3722067914
 20
155.4686414277
 40
3.2
100
AcDbArc
 50
0.0
 51
67.975687163
  0
ARC
  5
101B
100
AcDbEntity
  8
RUNDUNGEN
100
AcDbCircle
 62
9
  6
CONTINUOUS
 10
85.5158492699
 20
146.4978836265
 40
1.0003740172
100
AcDbArc
 50
57.3005975487
 51
149.9411508856
  0
ARC
  5
101C
100
AcDbEntity
  8
RUNDUNGEN
100
AcDbCircle
 62
7
  6
CONTINUOUS
 10
85.5271023915
 20
146.6588889038
 40
0.9996836119
100
AcDbArc
 50
67.9099378904
 51
150.021101187
  0
ARC
  5
101D
100
AcDbEntity
  8
RUNDUNGEN
100
AcDbCircle
 62
7
  6
CONTINUOUS
 10
75.1041644162
 20
146.603745961
 40
0.5017336831
100
AcDbArc
 50
74.4718950081
 51
82.2054528724
  0
ARC
  5
101E
100
AcDbEntity
  8
RUNDUNGEN
100
AcDbCircle
 62
7
  6
CONTINUOUS
 10
78.555391616
 20
149.4367296783
 40
0.3995092894
100
AcDbArc
 50
89.9814956525
 51
177.5964954009
  0
ARC
  5
101F
100
AcDbEntity
  8
0
100
AcDbCircle
 62
7
  6
CONTINUOUS
 10
74.1013734581
 20
158.7300884348
 40
0.2083333333
100
AcDbArc
 50
240.0
 51
60.0
  0
ARC
  5
1020
100
AcDbEntity
  8
0
100
AcDbCircle
 62
7
  6
CONTINUOUS
 10
74.5668035227
 20
158.3036003573
 40
0.2083333333
100
AcDbArc
 50
35.0
 51
215.0
  0
ARC
  5
1021
100
AcDbEntity
  8
0
100
AcDbCircle
 62
7
  6
CONTINUOUS
 10
74.6351605053
 20
156.7379680543
 40
0.2083333333
100
AcDbArc
 50
240.0
 51
330.0
  0
ARC
  5
1022
100
AcDbEntity
  8
0
100
AcDbCircle
 62
7
  6
CONTINUOUS
 10
74.0036968044
 20
157.102543792
 40
0.2083333333
100
AcDbArc
 50
60.0
 51
240.0
  0
ARC
  5
1023
100
AcDbEntity
  8
RUNDUNGEN
100
AcDbCircle
 62
7
  6
CONTINUOUS
 10
104.7121379882
 20
147.2582445684
 40
29.5399312141
100
AcDbArc
 50
179.1703029949
 51
180.001963309
  0
ARC
  5
1024
100
AcDbEntity
  8
0
100
AcDbCircle
 62
3
  6
CONTINUOUS
 10
157.4700511624
 20
104.6554151538
 40
2.1
100
AcDbArc
 50
40.2435658439
 51
90.0
  0
ARC
  5
1025
100
AcDbEntity
  8
0
100
AcDbCircle
 62
7
  6
CONTINUOUS
 10
157.4700511624
 20
104.6554151538
 40
1.6
100
AcDbArc
 50
0.0
 51
90.0
  0
ARC
  5
1026
100
AcDbEntity
  8
0
100
AcDbCircle
 62
3
  6
CONTINUOUS
 10
128.1553561305
 20
133.0854151538
 40
1.6
100
AcDbArc
 50
270.0
 51
313.0
  0
ARC
  5
1027
100
AcDbEntity
  8
0
100
AcDbCircle
 62
3
  6
CONTINUOUS
 10
135.1700511624
 20
114.3101816673
 40
1.6
100
AcDbArc
 50
0.0
 51
68.3318153442
  0
ARC
  5
1028
100
AcDbEntity
  8
0
100
AcDbCircle
 62
7
  6
CONTINUOUS
 10
136.1300511624
 20
116.726459797
 40
1.5
100
AcDbArc
 50
180.0
 51
248.3318153442
  0
ARC
  5
1029
100
AcDbEntity
  8
BEZUGSACHSEN
100
AcDbCircle
 62
7
  6
CONTINUOUS
 10
167.1700511624
 20
140.4850772369
 40
1.5
100
AcDbArc
 50
0.0
 51
53.1041729882
  0
ARC
  5
102A
100
AcDbEntity
  8
0
100
AcDbCircle
 62
7
  6
CONTINUOUS
 10
135.1700511624
 20
114.3101816673
 40
1.1
100
AcDbArc
 50
0.0
 51
68.3318153442
  0
ARC
  5
102B
100
AcDbEntity
  8
0
100
AcDbCircle
 62
7
  6
CONTINUOUS
 10
128.1553561305
 20
133.0854151538
 40
1.0
100
AcDbArc
 50
270.0
 51
313.0
  0
ARC
  5
102C
100
AcDbEntity
  8
0
100
AcDbCircle
 62
7
  6
CONTINUOUS
 10
174.480684479
 20
150.167134721
 40
1.0
100
AcDbArc
 50
270.0
 51
348.0989901704
  0
ARC
  5
102D
100
AcDbEntity
  8
0
100
AcDbCircle
 62
3
  6
CONTINUOUS
 10
135.7700511624
 20
107.2054151538
 40
1.0
100
AcDbArc
 50
270.0
 51
360.0
  0
ARC
  5
102E
100
AcDbEntity
  8
0
100
AcDbCircle
 62
3
  6
CONTINUOUS
 10
136.1300511624
 20
116.726459797
 40
1.0
100
AcDbArc
 50
180.0
 51
248.3318153442
  0
ARC
  5
102F
100
AcDbEntity
  8
0
100
AcDbCircle
 62
7
  6
CONTINUOUS
 10
135.5300511624
 20
116.726459797
 40
0.9
100
AcDbArc
 50
90.0
 51
180.0
  0
ARC
  5
1030
100
AcDbEntity
  8
RUNDUNGEN
100
AcDbCircle
 62
7
  6
CONTINUOUS
 10
162.2700511624
 20
157.693181056
 40
0.8
100
AcDbArc
 50
0.0
 51
87.9999999998
  0
ARC
  5
1031
100
AcDbEntity
  8
RUNDUNGEN
100
AcDbCircle
 62
7
  6
CONTINUOUS
 10
162.2700511624
 20
97.5176492516
 40
0.8
100
AcDbArc
 50
272.0
 51
360.0
  0
ARC
  5
1032
100
AcDbEntity
  8
0
100
AcDbCircle
 62
7
  6
CONTINUOUS
 10
123.3260242853
 20
107.0554151538
 40
0.8
100
AcDbArc
 50
90.0
 51
270.0
  0
ARC
  5
1033
100
AcDbEntity
  8
RUNDUNGEN
100
AcDbCircle
 62
7
  6
CONTINUOUS
 10
168.0700511624
 20
112.2358273105
 40
0.6
100
AcDbArc
 50
270.5
 51
360.0
  0
ARC
  5
1034
100
AcDbEntity
  8
0
100
AcDbCircle
 62
7
  6
CONTINUOUS
 10
135.7700511624
 20
107.2054151538
 40
0.5
100
AcDbArc
 50
270.0
 51
360.0
  0
ARC
  5
1035
100
AcDbEntity
  8
0
100
AcDbCircle
 62
7
  6
CONTINUOUS
 10
139.6302707725
 20
119.1561527918
 40
0.471192254
100
AcDbArc
 50
216.2822857143
 51
219.851175578
  0
ARC
  5
1036
100
AcDbEntity
  8
0
100
AcDbCircle
 62
3
  6
CONTINUOUS
 10
139.6189205664
 20
119.4551573325
 40
0.4568230523
100
AcDbArc
 50
211.3456685117
 51
219.9135342905
  0
ARC
  5
1037
100
AcDbEntity
  8
0
100
AcDbCircle
 62
3
  6
CONTINUOUS
 10
139.5850360925
 20
119.4341881352
 40
0.4169761235
100
AcDbArc
 50
204.7084547068
 51
211.3069300257
  0
ARC
  5
1038
100
AcDbEntity
  8
0
100
AcDbCircle
 62
3
  6
CONTINUOUS
 10
139.5717729666
 20
119.4278568877
 40
0.4022808681
100
AcDbArc
 50
192.863734337
 51
204.6788870871
  0
ARC
  5
1039
100
AcDbEntity
  8
0
100
AcDbCircle
 62
3
  6
CONTINUOUS
 10
135.5300511624
 20
116.726459797
 40
0.4
100
AcDbArc
 50
90.0
 51
180.0
  0
ARC
  5
103A
100
AcDbEntity
  8
0
100
AcDbCircle
 62
3
  6
CONTINUOUS
 10
123.3260242853
 20
107.0554151538
 40
0.3
100
AcDbArc
 50
90.0
 51
270.0
  0
ARC
  5
103B
100
AcDbEntity
  8
0
100
AcDbCircle
 62
7
  6
CONTINUOUS
 10
199.6312089462
 20
116.5471169609
 40
14.0
100
AcDbArc
 50
337.85
 51
339.2812308432
  0
ARC
  5
103C
100
AcDbEntity
  8
0
100
AcDbCircle
 62
7
  6
CONTINUOUS
 10
203.3564272086
 20
115.0891451765
 40
10.0
100
AcDbArc
 50
339.5434727844
 51
22.2942196381
  0
ARC
  5
103D
100
AcDbEntity
  8
AUSFORMSCHRAEGEN
100
AcDbCircle
 62
7
  6
CONTINUOUS
 10
214.8907191745
 20
103.6054151538
 40
7.0
100
AcDbArc
 50
180.0
 51
270.0
  0
ARC
  5
103E
100
AcDbEntity
  8
0
100
AcDbCircle
 62
7
  6
CONTINUOUS
 10
214.8907191745
 20
103.6054151538
 40
7.0
100
AcDbArc
 50
180.0
 51
270.0
  0
ARC
  5
103F
100
AcDbEntity
  8
0
100
AcDbCircle
 62
7
  6
CONTINUOUS
 10
224.8121483097
 20
102.1638933747
 40
5.0128021386
100
AcDbArc
 50
122.8809856747
 51
171.7331286398
  0
ARC
  5
1040
100
AcDbEntity
  8
0
100
AcDbCircle
 62
7
  6
CONTINUOUS
 10
214.8907191745
 20
103.6054151538
 40
5.0128021386
100
AcDbArc
 50
157.85
 51
351.7331286398
  0
ARC
  5
1041
100
AcDbEntity
  8
RUNDUNGEN
100
AcDbCircle
 62
9
  6
CONTINUOUS
 10
223.3907191745
 20
102.2971161197
 40
3.5999998248
100
AcDbArc
 50
0.0
 51
4.9204901116
  0
ARC
  5
1042
100
AcDbEntity
  8
0
100
AcDbCircle
 62
7
  6
CONTINUOUS
 10
223.3907191745
 20
102.2971161197
 40
3.0
100
AcDbArc
 50
0.0
 51
5.9039921463
  0
CIRCLE
  5
1043
100
AcDbEntity
  8
FASEN
100
AcDbCircle
 62
7
  6
CONTINUOUS
 10
217.0407191745
 20
127.6054151538
 40
3.0
  0
CIRCLE
  5
1044
100
AcDbEntity
  8
BEZUGSACHSEN
100
AcDbCircle
 62
7
  6
CONTINUOUS
 10
214.8907191745
 20
103.6054151538
 40
3.0
  0
CIRCLE
  5
1045
100
AcDbEntity
  8
FASEN
100
AcDbCircle
 62
7
  6
CONTINUOUS
 10
217.0407191745
 20
127.6054151538
 40
2.5
  0
CIRCLE
  5
1046
100
AcDbEntity
  8
BEZUGSACHSEN
100
AcDbCircle
 62
7
  6
CONTINUOUS
 10
214.8907191745
 20
103.6054151538
 40
2.4
  0
ARC
  5
1047
100
AcDbEntity
  8
0
100
AcDbCircle
 62
7
  6
CONTINUOUS
 10
214.8895513413
 20
103.6085052391
 40
2.1001808051
100
AcDbArc
 50
285.4863391871
 51
295.9198651979
  0
ARC
  5
1048
100
AcDbEntity
  8
0
100
AcDbCircle
 62
7
  6
CONTINUOUS
 10
214.8907191628
 20
103.6054151002
 40
2.0968910595
100
AcDbArc
 50
149.89225971
 51
285.4781329502
  0
ARC
  5
1049
100
AcDbEntity
  8
0
100
AcDbCircle
 62
7
  6
CONTINUOUS
 10
214.8907191745
 20
103.6054151538
 40
1.82
100
AcDbArc
 50
210.2268120932
 51
188.0325009173
  0
ARC
  5
104A
100
AcDbEntity
  8
BEZUGSACHSEN
100
AcDbCircle
 62
7
  6
CONTINUOUS
 10
215.08378324
 20
103.7121882902
 40
1.7397307025
100
AcDbArc
 50
96.2955272457
 51
96.4492018949
  0
ARC
  5
104B
100
AcDbEntity
  8
BEZUGSACHSEN
100
AcDbCircle
 62
7
  6
CONTINUOUS
 10
215.0821229227
 20
103.7252889072
 40
1.726526507
100
AcDbArc
 50
96.4432842611
 51
100.9774329155
  0
CIRCLE
  5
104C
100
AcDbEntity
  8
FASEN
100
AcDbCircle
 62
7
  6
CONTINUOUS
 10
217.0407191745
 20
127.6054151538
 40
1.5
  0
CIRCLE
  5
104D
100
AcDbEntity
  8
0
100
AcDbCircle
 62
7
  6
CONTINUOUS
 10
214.8907191745
 20
103.6054151538
 40
1.2
  0
CIRCLE
  5
104E
100
AcDbEntity
  8
FASEN
100
AcDbCircle
 62
7
  6
CONTINUOUS
 10
217.0407191745
 20
127.6054151538
 40
1.1
  0
ARC
  5
104F
100
AcDbEntity
  8
0
100
AcDbCircle
 62
7
  6
CONTINUOUS
 10
211.0907191745
 20
115.6054151538
 40
1.0
100
AcDbArc
 50
180.0
 51
216.7700646433
  0
ARC
  5
1050
100
AcDbEntity
  8
0
100
AcDbCircle
 62
7
  6
CONTINUOUS
 10
227.3907191745
 20
99.8054151538
 40
1.0
100
AcDbArc
 50
180.0
 51
270.0
  0
ARC
  5
1051
100
AcDbEntity
  8
RUNDUNGEN
100
AcDbCircle
 62
9
  6
CONTINUOUS
 10
227.3907191745
 20
99.8054151538
 40
0.3999927693
100
AcDbArc
 50
180.0
 51
270.0
  0
ARC
  5
1052
100
AcDbEntity
  8
0
100
AcDbCircle
 62
7
  6
CONTINUOUS
 10
205.5121961571
 20
146.7495745338
 40
30.1785471768
100
AcDbArc
 50
0.0724989031
 51
0.4082747075
  0
ARC
  5
1053
100
AcDbEntity
  8
AUSFORMSCHRAEGEN
100
AcDbCircle
 62
7
  6
CONTINUOUS
 10
214.8907191745
 20
151.6054151538
 40
7.0
100
AcDbArc
 50
90.0
 51
180.0
  0
ARC
  5
1054
100
AcDbEntity
  8
0
100
AcDbCircle
 62
7
  6
CONTINUOUS
 10
214.8907191745
 20
151.6054151538
 40
7.0
100
AcDbArc
 50
90.0
 51
180.0
  0
ARC
  5
1055
100
AcDbEntity
  8
RUNDUNGEN
100
AcDbCircle
 62
7
  6
CONTINUOUS
 10
228.0907191745
 20
135.3201337795
 40
6.0
100
AcDbArc
 50
135.0
 51
180.0
  0
ARC
  5
1056
100
AcDbEntity
  8
0
100
AcDbCircle
 62
7
  6
CONTINUOUS
 10
214.8907191745
 20
151.6054151538
 40
4.8
100
AcDbArc
 50
90.0
 51
180.0
  0
CIRCLE
  5
1057
100
AcDbEntity
  8
FASEN
100
AcDbCircle
 62
7
  6
CONTINUOUS
 10
222.3104942682
 20
150.6054151538
 40
1.5
  0
CIRCLE
  5
1058
100
AcDbEntity
  8
FASEN
100
AcDbCircle
 62
7
  6
CONTINUOUS
 10
222.3104942682
 20
150.6054151538
 40
1.1
  0
ARC
  5
1059
100
AcDbEntity
  8
0
100
AcDbCircle
 62
3
  6
CONTINUOUS
 10
221.9828022087
 20
140.0814450584
 40
0.7
100
AcDbArc
 50
322.0
 51
52.0
  0
ARC
  5
105A
100
AcDbEntity
  8
0
100
AcDbCircle
 62
3
  6
CONTINUOUS
 10
218.9044948321
 20
136.1413912904
 40
0.7
100
AcDbArc
 50
232.0
 51
322.0
  0
ARC
  5
105B
100
AcDbEntity
  8
RUNDUNGEN
100
AcDbCircle
 62
7
  6
CONTINUOUS
 10
231.5907191745
 20
155.8054151538
 40
0.6
100
AcDbArc
 50
0.0
 51
90.0
  0
ARC
  5
105C
100
AcDbEntity
  8
0
100
AcDbCircle
 62
7
  6
CONTINUOUS
 10
230.9907191745
 20
154.6054151538
 40
0.6
100
AcDbArc
 50
90.0
 51
180.0
  0
ARC
  5
105D
100
AcDbEntity
  8
RUNDUNGEN
100
AcDbCircle
 62
7
  6
CONTINUOUS
 10
232.1611295176
 20
146.5869113457
 40
0.5187339098
100
AcDbArc
 50
89.986696015
 51
97.8015009866
  0
ARC
  5
105E
100
AcDbEntity
  8
RUNDUNGEN
100
AcDbCircle
 62
7
  6
CONTINUOUS
 10
232.1587615497
 20
146.603745961
 40
0.5017336831
100
AcDbArc
 50
97.7945471276
 51
105.5281049919
  0
ARC
  5
105F
100
AcDbEntity
  8
4171
100
AcDbCircle
 62
7
  6
CONTINUOUS
 10
232.2907191745
 20
139.8054151538
 40
0.4
100
AcDbArc
 50
42.7412445387
 51
90.0
  0
ARC
  5
1060
100
AcDbEntity
  8
RUNDUNGEN
100
AcDbCircle
 62
7
  6
CONTINUOUS
 10
228.6608764309
 20
149.4506134072
 40
0.3772407528
100
AcDbArc
 50
354.1068014285
 51
1.6983089439
  0
ARC
  5
1061
100
AcDbEntity
  8
0
100
AcDbCircle
 62
7
  6
CONTINUOUS
 10
210.845554653
 20
137.551790985
 40
0.3
100
AcDbArc
 50
63.0
 51
243.0
  0
ARC
  5
1062
100
AcDbEntity
  8
0
100
AcDbCircle
 62
7
  6
CONTINUOUS
 10
212.2983242521
 20
140.4030118624
 40
0.3
100
AcDbArc
 50
63.0
 51
243.0
  0
ARC
  5
1063
100
AcDbEntity
  8
0
100
AcDbCircle
 62
7
  6
CONTINUOUS
 10
213.8907191745
 20
145.7054151538
 40
0.3
100
AcDbArc
 50
180.0
 51
270.0
  0
ARC
  5
1064
100
AcDbEntity
  8
0
100
AcDbCircle
 62
7
  6
CONTINUOUS
 10
213.8907191745
 20
151.9054151538
 40
0.3
100
AcDbArc
 50
90.0
 51
180.0
  0
ARC
  5
1065
100
AcDbEntity
  8
0
100
AcDbCircle
 62
7
  6
CONTINUOUS
 10
219.3907191745
 20
151.9054151538
 40
0.3
100
AcDbArc
 50
0.0
 51
90.0
  0
ARC
  5
1066
100
AcDbEntity
  8
0
100
AcDbCircle
 62
7
  6
CONTINUOUS
 10
221.9828022087
 20
140.0814450584
 40
0.2
100
AcDbArc
 50
322.0
 51
52.0
  0
ARC
  5
1067
100
AcDbEntity
  8
0
100
AcDbCircle
 62
7
  6
CONTINUOUS
 10
218.9044948321
 20
136.1413912904
 40
0.2
100
AcDbArc
 50
232.0
 51
322.0
  0
ARC
  5
1068
100
AcDbEntity
  8
RUNDUNGEN
100
AcDbCircle
 62
9
  6
CONTINUOUS
 10
244.8907191745
 20
102.1054151538
 40
3.246404075
100
AcDbArc
 50
41.5443042041
 51
75.7603197138
  0
ARC
  5
1069
100
AcDbEntity
  8
RUNDUNGEN
100
AcDbCircle
 62
9
  6
CONTINUOUS
 10
244.8907191745
 20
102.1054151538
 40
3.246404075
100
AcDbArc
 50
171.120488511
 51
180.0
  0
ARC
  5
106A
100
AcDbEntity
  8
RUNDUNGEN
100
AcDbCircle
 62
9
  6
CONTINUOUS
 10
244.8907191745
 20
102.1054151538
 40
2.7267935907
100
AcDbArc
 50
52.0793934578
 51
72.9149646185
  0
ARC
  5
106B
100
AcDbEntity
  8
RUNDUNGEN
100
AcDbCircle
 62
9
  6
CONTINUOUS
 10
244.8907191745
 20
102.1054151538
 40
2.7267935907
100
AcDbArc
 50
169.417081766
 51
180.0
  0
ARC
  5
106C
100
AcDbEntity
  8
AUSFORMSCHRAEGEN
100
AcDbCircle
 62
7
  6
CONTINUOUS
 10
244.8907191745
 20
102.1054151538
 40
1.6298294078
100
AcDbArc
 50
0.0
 51
60.539122315
  0
ARC
  5
106D
100
AcDbEntity
  8
AUSFORMSCHRAEGEN
100
AcDbCircle
 62
7
  6
CONTINUOUS
 10
233.8907191745
 20
102.1054151538
 40
1.6298294078
100
AcDbArc
 50
0.0
 51
17.8835631972
  0
ARC
  5
106E
100
AcDbEntity
  8
AUSFORMSCHRAEGEN
100
AcDbCircle
 62
7
  6
CONTINUOUS
 10
233.8907191745
 20
102.1054151538
 40
1.6298294078
100
AcDbArc
 50
162.1164368028
 51
180.0
  0
ARC
  5
106F
100
AcDbEntity
  8
AUSFORMSCHRAEGEN
100
AcDbCircle
 62
7
  6
CONTINUOUS
 10
233.8907191745
 20
127.6054151538
 40
25.0
100
AcDbArc
 50
68.7238492614
 51
83.7422745541
  0
ARC
  5
1070
100
AcDbEntity
  8
AUSFORMSCHRAEGEN
100
AcDbCircle
 62
7
  6
CONTINUOUS
 10
233.8907191745
 20
127.6054151538
 40
25.0
100
AcDbArc
 50
96.2577254459
 51
113.7919230576
  0
ARC
  5
1071
100
AcDbEntity
  8
BEZUGSACHSEN
100
AcDbCircle
 62
7
  6
CONTINUOUS
 10
233.8907191745
 20
127.6054151538
 40
25.0
100
AcDbArc
 50
119.6574928562
 51
126.0242720683
  0
ARC
  5
1072
100
AcDbEntity
  8
BEZUGSACHSEN
100
AcDbCircle
 62
7
  6
CONTINUOUS
 10
233.8907191745
 20
127.6054151538
 40
25.0
100
AcDbArc
 50
127.4596285147
 51
160.7345354346
  0
ARC
  5
1073
100
AcDbEntity
  8
0
100
AcDbCircle
 62
7
  6
CONTINUOUS
 10
233.8907191745
 20
127.6054151538
 40
25.0
100
AcDbArc
 50
299.7357131076
 51
301.0912160855
  0
ARC
  5
1074
100
AcDbEntity
  8
0
100
AcDbCircle
 62
7
  6
CONTINUOUS
 10
233.8907191745
 20
127.6054151538
 40
25.0
100
AcDbArc
 50
304.0700076133
 51
340.7345354346
  0
ARC
  5
1075
100
AcDbEntity
  8
0
100
AcDbCircle
 62
7
  6
CONTINUOUS
 10
233.8907191745
 20
127.6054151538
 40
24.0
100
AcDbArc
 50
66.6366566695
 51
113.3633433305
  0
ARC
  5
1076
100
AcDbEntity
  8
0
100
AcDbCircle
 62
7
  6
CONTINUOUS
 10
233.8907191745
 20
127.6054151538
 40
23.8
100
AcDbArc
 50
352.9089183677
 51
7.0910816323
  0
ARC
  5
1077
100
AcDbEntity
  8
0
100
AcDbCircle
 62
7
  6
CONTINUOUS
 10
233.8907191745
 20
127.6054151538
 40
23.8
100
AcDbArc
 50
172.9089183677
 51
187.0910816323
  0
ARC
  5
1078
100
AcDbEntity
  8
RUNDUNGEN
100
AcDbCircle
 62
7
  6
CONTINUOUS
 10
233.8907191745
 20
127.6054151538
 40
23.0
100
AcDbArc
 50
121.0386877815
 51
202.2891475847
  0
ARC
  5
1079
100
AcDbEntity
  8
RUNDUNGEN
100
AcDbCircle
 62
7
  6
CONTINUOUS
 10
233.8907191745
 20
127.6054151538
 40
23.0
100
AcDbArc
 50
321.8741170479
 51
22.3208853738
  0
ARC
  5
107A
100
AcDbEntity
  8
0
100
AcDbCircle
 62
7
  6
CONTINUOUS
 10
233.8907191745
 20
127.6054151538
 40
23.0
100
AcDbArc
 50
307.4952497646
 51
321.8741170479
  0
ARC
  5
107B
100
AcDbEntity
  8
0
100
AcDbCircle
 62
7
  6
CONTINUOUS
 10
233.8907191745
 20
127.6054151538
 40
23.0
100
AcDbArc
 50
300.8667677936
 51
302.6244633747
  0
ARC
  5
107C
100
AcDbEntity
  8
RUNDUNGEN
100
AcDbCircle
 62
9
  6
CONTINUOUS
 10
233.8907191745
 20
127.6054151538
 40
23.0
100
AcDbArc
 50
117.1385960479
 51
121.0386877815
  0
ARC
  5
107D
100
AcDbEntity
  8
RUNDUNGEN
100
AcDbCircle
 62
9
  6
CONTINUOUS
 10
233.8907191745
 20
127.6054151538
 40
23.0
100
AcDbArc
 50
202.2891475847
 51
239.1305328744
  0
ARC
  5
107E
100
AcDbEntity
  8
RUNDUNGEN
100
AcDbCircle
 62
9
  6
CONTINUOUS
 10
233.8907191745
 20
127.6054151538
 40
23.0
100
AcDbArc
 50
22.3208853738
 51
62.8614168222
  0
ARC
  5
107F
100
AcDbEntity
  8
0
100
AcDbCircle
 62
7
  6
CONTINUOUS
 10
233.8907191745
 20
127.6054151538
 40
22.4
100
AcDbArc
 50
75.5224878141
 51
104.4775121859
  0
ARC
  5
1080
100
AcDbEntity
  8
0
100
AcDbCircle
 62
7
  6
CONTINUOUS
 10
233.8907191745
 20
127.6054151538
 40
22.0049862263
100
AcDbArc
 50
67.85
 51
75.2567644135
  0
ARC
  5
1081
100
AcDbEntity
  8
0
100
AcDbCircle
 62
7
  6
CONTINUOUS
 10
233.8907191745
 20
127.6054151538
 40
22.0049862263
100
AcDbArc
 50
104.7432355865
 51
112.15
  0
ARC
  5
1082
100
AcDbEntity
  8
0
100
AcDbCircle
 62
7
  6
CONTINUOUS
 10
233.8907191745
 20
127.6054151538
 40
22.0
100
AcDbArc
 50
319.8002357154
 51
62.6340914295
  0
ARC
  5
1083
100
AcDbEntity
  8
0
100
AcDbCircle
 62
7
  6
CONTINUOUS
 10
233.8907191745
 20
127.6054151538
 40
22.0
100
AcDbArc
 50
117.3659085705
 51
237.5635627878
  0
ARC
  5
1084
100
AcDbEntity
  8
RUNDUNGEN
100
AcDbCircle
 62
7
  6
CONTINUOUS
 10
233.8907191745
 20
127.367134721
 40
21.8
100
AcDbArc
 50
68.0860918103
 51
111.9139081897
  0
ARC
  5
1085
100
AcDbEntity
  8
RUNDUNGEN
100
AcDbCircle
 62
7
  6
CONTINUOUS
 10
233.8907191745
 20
127.367134721
 40
20.4
100
AcDbArc
 50
68.47
 51
111.53
  0
ARC
  5
1086
100
AcDbEntity
  8
0
100
AcDbCircle
 62
7
  6
CONTINUOUS
 10
233.8907191745
 20
127.6054151538
 40
16.0464071269
100
AcDbArc
 50
69.574584284
 51
79.2236617396
  0
ARC
  5
1087
100
AcDbEntity
  8
0
100
AcDbCircle
 62
7
  6
CONTINUOUS
 10
233.8907191745
 20
127.6054151538
 40
16.0464071269
100
AcDbArc
 50
100.7763382604
 51
110.425415716
  0
ARC
  5
1088
100
AcDbEntity
  8
0
100
AcDbCircle
 62
7
  6
CONTINUOUS
 10
233.8907191745
 20
127.6054151538
 40
13.8
100
AcDbArc
 50
43.5612844811
 51
66.0589127337
  0
ARC
  5
1089
100
AcDbEntity
  8
0
100
AcDbCircle
 62
7
  6
CONTINUOUS
 10
233.8907191745
 20
127.6054151538
 40
13.8
100
AcDbArc
 50
113.9410872663
 51
135.9108099397
  0
ARC
  5
108A
100
AcDbEntity
  8
AUSFORMSCHRAEGEN
100
AcDbCircle
 62
7
  6
CONTINUOUS
 10
252.8907191745
 20
103.6054151538
 40
7.0
100
AcDbArc
 50
270.0
 51
360.0
  0
ARC
  5
108B
100
AcDbEntity
  8
0
100
AcDbCircle
 62
7
  6
CONTINUOUS
 10
252.8907191745
 20
103.6054151538
 40
7.0
100
AcDbArc
 50
270.0
 51
360.0
  0
ARC
  5
108C
100
AcDbEntity
  8
0
100
AcDbCircle
 62
7
  6
CONTINUOUS
 10
252.8907191745
 20
103.6054151538
 40
4.8
100
AcDbArc
 50
270.0
 51
360.0
  0
ARC
  5
108D
100
AcDbEntity
  8
RUNDUNGEN
100
AcDbCircle
 62
9
  6
CONTINUOUS
 10
252.8907191745
 20
103.6054151538
 40
4.1999980554
100
AcDbArc
 50
270.0
 51
360.0
  0
ARC
  5
108E
100
AcDbEntity
  8
0
100
AcDbCircle
 62
7
  6
CONTINUOUS
 10
251.0907191745
 20
104.6554151538
 40
0.4
100
AcDbArc
 50
180.0
 51
360.0
  0
ARC
  5
108F
100
AcDbEntity
  8
0
100
AcDbCircle
 62
7
  6
CONTINUOUS
 10
247.6907191745
 20
104.6554151538
 40
0.4
100
AcDbArc
 50
270.0
 51
360.0
  0
ARC
  5
1090
100
AcDbEntity
  8
0
100
AcDbCircle
 62
7
  6
CONTINUOUS
 10
255.4831140968
 20
114.8078184451
 40
0.3
100
AcDbArc
 50
238.4131521951
 51
63.0
  0
ARC
  5
1091
100
AcDbEntity
  8
02___PRT_ALL_AXES
100
AcDbCircle
 62
7
  6
CONTINUOUS
 10
250.0097548037
 20
118.9889025642
 40
4.2525661872
100
AcDbArc
 50
206.7851868363
 51
206.946093392
  0
CIRCLE
  5
1092
100
AcDbEntity
  8
FASEN
100
AcDbCircle
 62
7
  6
CONTINUOUS
 10
250.7407191745
 20
127.6054151538
 40
3.0
  0
CIRCLE
  5
1093
100
AcDbEntity
  8
FASEN
100
AcDbCircle
 62
7
  6
CONTINUOUS
 10
250.7407191745
 20
127.6054151538
 40
2.5
  0
ARC
  5
1094
100
AcDbEntity
  8
02___PRT_ALL_AXES
100
AcDbCircle
 62
7
  6
CONTINUOUS
 10
248.2298715905
 20
118.0845604543
 40
2.2561146833
100
AcDbArc
 50
206.9561753335
 51
207.2783665841
  0
CIRCLE
  5
1095
100
AcDbEntity
  8
FASEN
100
AcDbCircle
 62
7
  6
CONTINUOUS
 10
250.7407191745
 20
127.6054151538
 40
1.5
  0
ARC
  5
1096
100
AcDbEntity
  8
RUNDUNGEN
100
AcDbCircle
 62
7
  6
CONTINUOUS
 10
249.2538484934
 20
117.5841454106
 40
1.461158718
100
AcDbArc
 50
173.5032231798
 51
178.3402881398
  0
ARC
  5
1097
100
AcDbEntity
  8
RUNDUNGEN
100
AcDbCircle
 62
7
  6
CONTINUOUS
 10
249.0636506387
 20
117.6057903719
 40
1.2697332024
100
AcDbArc
 50
168.8279108927
 51
173.5025726937
  0
ARC
  5
1098
100
AcDbEntity
  8
02___PRT_ALL_AXES
100
AcDbCircle
 62
7
  6
CONTINUOUS
 10
247.2241732897
 20
117.538486441
 40
1.1114481035
100
AcDbArc
 50
210.9500170241
 51
212.8737813121
  0
CIRCLE
  5
1099
100
AcDbEntity
  8
FASEN
100
AcDbCircle
 62
7
  6
CONTINUOUS
 10
250.7407191745
 20
127.6054151538
 40
1.1
  0
ARC
  5
109A
100
AcDbEntity
  8
02___PRT_ALL_AXES
100
AcDbCircle
 62
3
  6
CONTINUOUS
 10
247.2291461477
 20
117.4080230764
 40
1.0689863514
100
AcDbArc
 50
180.1078261537
 51
186.6165704718
  0
ARC
  5
109B
100
AcDbEntity
  8
RUNDUNGEN
100
AcDbCircle
 62
3
  6
CONTINUOUS
 10
246.8803032755
 20
117.2776095674
 40
0.9636535866
100
AcDbArc
 50
43.5574314466
 51
45.2438605702
  0
ARC
  5
109C
100
AcDbEntity
  8
0
100
AcDbCircle
 62
3
  6
CONTINUOUS
 10
245.7986361402
 20
115.1293852491
 40
0.7
100
AcDbArc
 50
142.0
 51
232.0
  0
ARC
  5
109D
100
AcDbEntity
  8
0
100
AcDbCircle
 62
3
  6
CONTINUOUS
 10
248.8769435168
 20
119.0694390171
 40
0.7
100
AcDbArc
 50
52.0
 51
142.0
  0
ARC
  5
109E
100
AcDbEntity
  8
0
100
AcDbCircle
 62
7
  6
CONTINUOUS
 10
256.935883696
 20
117.6590393225
 40
0.3
100
AcDbArc
 50
243.0
 51
63.0
  0
ARC
  5
109F
100
AcDbEntity
  8
0
100
AcDbCircle
 62
7
  6
CONTINUOUS
 10
245.7986361402
 20
115.1293852491
 40
0.2
100
AcDbArc
 50
142.0
 51
232.0
  0
ARC
  5
10A0
100
AcDbEntity
  8
0
100
AcDbCircle
 62
7
  6
CONTINUOUS
 10
248.8769435168
 20
119.0694390171
 40
0.2
100
AcDbArc
 50
52.0
 51
142.0
  0
ARC
  5
10A1
100
AcDbEntity
  8
0
100
AcDbCircle
 62
7
  6
CONTINUOUS
 10
233.8907191745
 20
137.1689234807
 40
4.0
100
AcDbArc
 50
138.6052478542
 51
151.0449756281
  0
ARC
  5
10A2
100
AcDbEntity
  8
0
100
AcDbCircle
 62
7
  6
CONTINUOUS
 10
233.8907191745
 20
137.1689234807
 40
4.0
100
AcDbArc
 50
28.9550243719
 51
41.3947521458
  0
ARC
  5
10A3
100
AcDbEntity
  8
4171
100
AcDbCircle
 62
7
  6
CONTINUOUS
 10
233.8907191745
 20
141.2839865823
 40
1.7785714286
100
AcDbArc
 50
222.7412445387
 51
317.2587554613
  0
ARC
  5
10A4
100
AcDbEntity
  8
4171
100
AcDbCircle
 62
7
  6
CONTINUOUS
 10
235.4907191745
 20
139.8054151538
 40
0.4
100
AcDbArc
 50
90.0
 51
137.2587554613
  0
ARC
  5
10A5
100
AcDbEntity
  8
BEZUGSACHSEN
100
AcDbCircle
 62
7
  6
CONTINUOUS
 10
244.4137573185
 20
154.6288432897
 40
4.0
100
AcDbArc
 50
248.7238492614
 51
263.6551789042
  0
ARC
  5
10A6
100
AcDbEntity
  8
0
100
AcDbCircle
 62
7
  6
CONTINUOUS
 10
244.3907191745
 20
152.9137141879
 40
3.0
100
AcDbArc
 50
180.0
 51
212.6096632458
  0
ARC
  5
10A7
100
AcDbEntity
  8
RUNDUNGEN
100
AcDbCircle
 62
7
  6
CONTINUOUS
 10
246.3139235766
 20
154.0023822672
 40
2.0
100
AcDbArc
 50
256.0632107017
 51
337.85
  0
CIRCLE
  5
10A8
100
AcDbEntity
  8
FASEN
100
AcDbCircle
 62
7
  6
CONTINUOUS
 10
245.4709440808
 20
150.6054151538
 40
1.5
  0
ARC
  5
10A9
100
AcDbEntity
  8
0
100
AcDbCircle
 62
7
  6
CONTINUOUS
 10
247.0907191745
 20
155.2054151538
 40
1.4
100
AcDbArc
 50
0.0
 51
180.0
  0
CIRCLE
  5
10AA
100
AcDbEntity
  8
FASEN
100
AcDbCircle
 62
7
  6
CONTINUOUS
 10
245.4709440808
 20
150.6054151538
 40
1.1
  0
ARC
  5
10AB
100
AcDbEntity
  8
0
100
AcDbCircle
 62
7
  6
CONTINUOUS
 10
240.3907191745
 20
155.4054151538
 40
1.0
100
AcDbArc
 50
0.0
 51
90.0
  0
ARC
  5
10AC
100
AcDbEntity
  8
RUNDUNGEN
100
AcDbCircle
 62
7
  6
CONTINUOUS
 10
236.1907191745
 20
155.8054151538
 40
0.6
100
AcDbArc
 50
90.0
 51
180.0
  0
ARC
  5
10AD
100
AcDbEntity
  8
0
100
AcDbCircle
 62
7
  6
CONTINUOUS
 10
236.7907191745
 20
154.6054151538
 40
0.6
100
AcDbArc
 50
0.0
 51
90.0
  0
ARC
  5
10AE
100
AcDbEntity
  8
RUNDUNGEN
100
AcDbCircle
 62
7
  6
CONTINUOUS
 10
235.6203091616
 20
146.586918747
 40
0.5187265086
100
AcDbArc
 50
82.186515464
 51
90.0133406497
  0
ARC
  5
10AF
100
AcDbEntity
  8
RUNDUNGEN
100
AcDbCircle
 62
7
  6
CONTINUOUS
 10
235.6226795744
 20
146.6037580616
 40
0.5017212812
100
AcDbArc
 50
74.4718304147
 51
82.1932671024
  0
ARC
  5
10B0
100
AcDbEntity
  8
RUNDUNGEN
100
AcDbCircle
 62
7
  6
CONTINUOUS
 10
239.1204142253
 20
149.4506361969
 40
0.3770531523
100
AcDbArc
 50
178.3056725269
 51
185.894950224
  0
ARC
  5
10B1
100
AcDbEntity
  8
0
100
AcDbCircle
 62
7
  6
CONTINUOUS
 10
268.1441132682
 20
138.6826437358
 40
14.0
100
AcDbArc
 50
157.85
 51
159.3388180164
  0
ARC
  5
10B2
100
AcDbEntity
  8
0
100
AcDbCircle
 62
7
  6
CONTINUOUS
 10
264.4180733323
 20
140.1385970371
 40
10.0
100
AcDbArc
 50
159.6116130595
 51
202.3208853611
  0
ARC
  5
10B3
100
AcDbEntity
  8
0
100
AcDbCircle
 62
7
  6
CONTINUOUS
 10
256.6907191745
 20
139.6054151538
 40
1.0
100
AcDbArc
 50
0.0
 51
36.7700646433
  0
ARC
  5
10B4
100
AcDbEntity
  8
0
100
AcDbCircle
 62
7
  6
CONTINUOUS
 10
262.2598063906
 20
146.7495246798
 40
30.1691114463
100
AcDbArc
 50
179.5913723194
 51
179.9273837415
  0
ARC
  5
10B5
100
AcDbEntity
  8
AUSFORMSCHRAEGEN
100
AcDbCircle
 62
7
  6
CONTINUOUS
 10
252.8907191745
 20
151.6054151538
 40
7.0
100
AcDbArc
 50
0.0
 51
90.0
  0
ARC
  5
10B6
100
AcDbEntity
  8
0
100
AcDbCircle
 62
7
  6
CONTINUOUS
 10
252.8907191745
 20
151.6054151538
 40
7.0
100
AcDbArc
 50
0.0
 51
90.0
  0
ARC
  5
10B7
100
AcDbEntity
  8
0
100
AcDbCircle
 62
7
  6
CONTINUOUS
 10
252.8907191745
 20
151.6054151538
 40
5.0
100
AcDbArc
 50
337.85
 51
160.3705063777
  0
CIRCLE
  5
10B8
100
AcDbEntity
  8
BEZUGSACHSEN
100
AcDbCircle
 62
7
  6
CONTINUOUS
 10
252.8907191745
 20
151.6054151538
 40
3.0
  0
CIRCLE
  5
10B9
100
AcDbEntity
  8
BEZUGSACHSEN
100
AcDbCircle
 62
7
  6
CONTINUOUS
 10
252.8907191745
 20
151.6054151538
 40
2.4
  0
ARC
  5
10BA
100
AcDbEntity
  8
0
100
AcDbCircle
 62
7
  6
CONTINUOUS
 10
252.8895513413
 20
151.6085052391
 40
2.1001808051
100
AcDbArc
 50
285.4863391871
 51
295.9198651979
  0
ARC
  5
10BB
100
AcDbEntity
  8
0
100
AcDbCircle
 62
7
  6
CONTINUOUS
 10
252.8907191628
 20
151.6054151002
 40
2.0968910595
100
AcDbArc
 50
149.89225971
 51
285.4781329502
  0
ARC
  5
10BC
100
AcDbEntity
  8
0
100
AcDbCircle
 62
7
  6
CONTINUOUS
 10
252.8907191745
 20
151.6054151538
 40
1.82
100
AcDbArc
 50
210.2268120932
 51
188.0325009173
  0
ARC
  5
10BD
100
AcDbEntity
  8
BEZUGSACHSEN
100
AcDbCircle
 62
7
  6
CONTINUOUS
 10
253.0837832415
 20
151.712188277
 40
1.7397307158
100
AcDbArc
 50
96.2955272465
 51
96.4492018945
  0
ARC
  5
10BE
100
AcDbEntity
  8
BEZUGSACHSEN
100
AcDbCircle
 62
7
  6
CONTINUOUS
 10
253.0821229227
 20
151.7252889072
 40
1.726526507
100
AcDbArc
 50
96.4432842611
 51
100.9774329155
  0
CIRCLE
  5
10BF
100
AcDbEntity
  8
0
100
AcDbCircle
 62
7
  6
CONTINUOUS
 10
252.8907191745
 20
151.6054151538
 40
1.2
  0
ARC
  5
10C0
100
AcDbEntity
  8
0
100
AcDbCircle
 62
7
  6
CONTINUOUS
 10
196.5790807737
 20
213.187081369
 40
14.0
100
AcDbArc
 50
337.85
 51
339.2812308432
  0
ARC
  5
10C1
100
AcDbEntity
  8
0
100
AcDbCircle
 62
7
  6
CONTINUOUS
 10
200.3042990361
 20
211.7291095846
 40
10.0
100
AcDbArc
 50
339.5434727844
 51
22.2942196381
  0
ARC
  5
10C2
100
AcDbEntity
  8
0
100
AcDbCircle
 62
7
  6
CONTINUOUS
 10
211.838591002
 20
200.2453795619
 40
7.0
100
AcDbArc
 50
180.0
 51
270.0
  0
ARC
  5
10C3
100
AcDbEntity
  8
0
100
AcDbCircle
 62
7
  6
CONTINUOUS
 10
221.7600201372
 20
198.8038577828
 40
5.0128021386
100
AcDbArc
 50
122.8809856747
 51
171.7331286398
  0
ARC
  5
10C4
100
AcDbEntity
  8
0
100
AcDbCircle
 62
7
  6
CONTINUOUS
 10
211.838591002
 20
200.2453795619
 40
5.0128021386
100
AcDbArc
 50
157.85
 51
351.7331286398
  0
CIRCLE
  5
10C5
100
AcDbEntity
  8
FASEN
100
AcDbCircle
 62
7
  6
CONTINUOUS
 10
213.988591002
 20
224.2453795619
 40
3.0
  0
CIRCLE
  5
10C6
100
AcDbEntity
  8
BEZUGSACHSEN
100
AcDbCircle
 62
7
  6
CONTINUOUS
 10
211.838591002
 20
200.2453795619
 40
3.0
  0
CIRCLE
  5
10C7
100
AcDbEntity
  8
FASEN
100
AcDbCircle
 62
7
  6
CONTINUOUS
 10
213.988591002
 20
224.2453795619
 40
2.5
  0
CIRCLE
  5
10C8
100
AcDbEntity
  8
BEZUGSACHSEN
100
AcDbCircle
 62
7
  6
CONTINUOUS
 10
211.838591002
 20
200.2453795619
 40
2.4
  0
ARC
  5
10C9
100
AcDbEntity
  8
0
100
AcDbCircle
 62
7
  6
CONTINUOUS
 10
211.8374231688
 20
200.2484696472
 40
2.1001808051
100
AcDbArc
 50
285.4863391871
 51
295.9198651979
  0
ARC
  5
10CA
100
AcDbEntity
  8
0
100
AcDbCircle
 62
7
  6
CONTINUOUS
 10
211.8385909903
 20
200.2453795083
 40
2.0968910595
100
AcDbArc
 50
149.89225971
 51
285.4781329502
  0
ARC
  5
10CB
100
AcDbEntity
  8
0
100
AcDbCircle
 62
7
  6
CONTINUOUS
 10
211.838591002
 20
200.2453795619
 40
1.82
100
AcDbArc
 50
210.2268120932
 51
188.0325009173
  0
ARC
  5
10CC
100
AcDbEntity
  8
BEZUGSACHSEN
100
AcDbCircle
 62
7
  6
CONTINUOUS
 10
212.0316550688
 20
200.3521526866
 40
1.7397307142
100
AcDbArc
 50
96.295527246
 51
96.4492018942
  0
ARC
  5
10CD
100
AcDbEntity
  8
BEZUGSACHSEN
100
AcDbCircle
 62
7
  6
CONTINUOUS
 10
212.0299947502
 20
200.3652533153
 40
1.726526507
100
AcDbArc
 50
96.4432842611
 51
100.9774329155
  0
CIRCLE
  5
10CE
100
AcDbEntity
  8
FASEN
100
AcDbCircle
 62
7
  6
CONTINUOUS
 10
213.988591002
 20
224.2453795619
 40
1.5
  0
CIRCLE
  5
10CF
100
AcDbEntity
  8
0
100
AcDbCircle
 62
7
  6
CONTINUOUS
 10
211.838591002
 20
200.2453795619
 40
1.2
  0
CIRCLE
  5
10D0
100
AcDbEntity
  8
FASEN
100
AcDbCircle
 62
7
  6
CONTINUOUS
 10
213.988591002
 20
224.2453795619
 40
1.1
  0
ARC
  5
10D1
100
AcDbEntity
  8
0
100
AcDbCircle
 62
7
  6
CONTINUOUS
 10
217.2899735913
 20
243.7418892849
 40
11.7498642368
100
AcDbArc
 50
0.0199871934
 51
0.1434336422
  0
ARC
  5
10D2
100
AcDbEntity
  8
0
100
AcDbCircle
 62
7
  6
CONTINUOUS
 10
211.838591002
 20
248.2453795619
 40
7.0
100
AcDbArc
 50
90.0
 51
180.0
  0
ARC
  5
10D3
100
AcDbEntity
  8
RUNDUNGEN
100
AcDbCircle
 62
7
  6
CONTINUOUS
 10
225.038591002
 20
231.9600981876
 40
6.0
100
AcDbArc
 50
135.0
 51
180.0
  0
CIRCLE
  5
10D4
100
AcDbEntity
  8
FASEN
100
AcDbCircle
 62
7
  6
CONTINUOUS
 10
219.2583660957
 20
247.2453795619
 40
1.5
  0
CIRCLE
  5
10D5
100
AcDbEntity
  8
FASEN
100
AcDbCircle
 62
7
  6
CONTINUOUS
 10
219.2583660957
 20
247.2453795619
 40
1.1
  0
ARC
  5
10D6
100
AcDbEntity
  8
0
100
AcDbCircle
 62
3
  6
CONTINUOUS
 10
218.9306740362
 20
236.7214094665
 40
0.7
100
AcDbArc
 50
322.0
 51
52.0
  0
ARC
  5
10D7
100
AcDbEntity
  8
0
100
AcDbCircle
 62
3
  6
CONTINUOUS
 10
215.8523666596
 20
232.7813556985
 40
0.7
100
AcDbArc
 50
232.0
 51
322.0
  0
ARC
  5
10D8
100
AcDbEntity
  8
0
100
AcDbCircle
 62
7
  6
CONTINUOUS
 10
227.938591002
 20
251.2453795619
 40
0.6
100
AcDbArc
 50
90.0
 51
180.0
  0
ARC
  5
10D9
100
AcDbEntity
  8
4171
100
AcDbCircle
 62
7
  6
CONTINUOUS
 10
229.238591002
 20
236.4453795619
 40
0.4
100
AcDbArc
 50
42.7412445387
 51
90.0
  0
ARC
  5
10DA
100
AcDbEntity
  8
RUNDUNGEN
100
AcDbCircle
 62
7
  6
CONTINUOUS
 10
225.6087482584
 20
246.0905778153
 40
0.3772407528
100
AcDbArc
 50
354.1068014285
 51
1.6983089439
  0
ARC
  5
10DB
100
AcDbEntity
  8
0
100
AcDbCircle
 62
7
  6
CONTINUOUS
 10
207.7934264805
 20
234.1917553931
 40
0.3
100
AcDbArc
 50
63.0
 51
243.0
  0
ARC
  5
10DC
100
AcDbEntity
  8
0
100
AcDbCircle
 62
7
  6
CONTINUOUS
 10
209.2461960796
 20
237.0429762705
 40
0.3
100
AcDbArc
 50
63.0
 51
243.0
  0
ARC
  5
10DD
100
AcDbEntity
  8
0
100
AcDbCircle
 62
7
  6
CONTINUOUS
 10
210.838591002
 20
242.3453795619
 40
0.3
100
AcDbArc
 50
180.0
 51
270.0
  0
ARC
  5
10DE
100
AcDbEntity
  8
0
100
AcDbCircle
 62
7
  6
CONTINUOUS
 10
210.838591002
 20
248.5453795619
 40
0.3
100
AcDbArc
 50
90.0
 51
180.0
  0
ARC
  5
10DF
100
AcDbEntity
  8
0
100
AcDbCircle
 62
7
  6
CONTINUOUS
 10
216.338591002
 20
248.5453795619
 40
0.3
100
AcDbArc
 50
0.0
 51
90.0
  0
ARC
  5
10E0
100
AcDbEntity
  8
0
100
AcDbCircle
 62
7
  6
CONTINUOUS
 10
218.9306740362
 20
236.7214094665
 40
0.2
100
AcDbArc
 50
322.0
 51
52.0
  0
ARC
  5
10E1
100
AcDbEntity
  8
0
100
AcDbCircle
 62
7
  6
CONTINUOUS
 10
215.8523666596
 20
232.7813556985
 40
0.2
100
AcDbArc
 50
232.0
 51
322.0
  0
ARC
  5
10E2
100
AcDbEntity
  8
AUSFORMSCHRAEGEN
100
AcDbCircle
 62
7
  6
CONTINUOUS
 10
230.838591002
 20
224.2453795619
 40
25.0
100
AcDbArc
 50
68.7238492614
 51
83.7422745541
  0
ARC
  5
10E3
100
AcDbEntity
  8
AUSFORMSCHRAEGEN
100
AcDbCircle
 62
7
  6
CONTINUOUS
 10
230.838591002
 20
224.2453795619
 40
25.0
100
AcDbArc
 50
96.2577254459
 51
113.7919230576
  0
ARC
  5
10E4
100
AcDbEntity
  8
BEZUGSACHSEN
100
AcDbCircle
 62
7
  6
CONTINUOUS
 10
230.838591002
 20
224.2453795619
 40
25.0
100
AcDbArc
 50
119.6574928562
 51
126.0242720683
  0
ARC
  5
10E5
100
AcDbEntity
  8
BEZUGSACHSEN
100
AcDbCircle
 62
7
  6
CONTINUOUS
 10
230.838591002
 20
224.2453795619
 40
25.0
100
AcDbArc
 50
127.4596285147
 51
160.7345354346
  0
ARC
  5
10E6
100
AcDbEntity
  8
0
100
AcDbCircle
 62
7
  6
CONTINUOUS
 10
230.838591002
 20
224.2453795619
 40
25.0
100
AcDbArc
 50
299.7357131076
 51
301.0912160855
  0
ARC
  5
10E7
100
AcDbEntity
  8
0
100
AcDbCircle
 62
7
  6
CONTINUOUS
 10
230.838591002
 20
224.2453795619
 40
25.0
100
AcDbArc
 50
304.0700076133
 51
340.7345354346
  0
ARC
  5
10E8
100
AcDbEntity
  8
0
100
AcDbCircle
 62
7
  6
CONTINUOUS
 10
230.838591002
 20
224.2453795619
 40
24.0
100
AcDbArc
 50
66.6366566695
 51
113.3633433305
  0
ARC
  5
10E9
100
AcDbEntity
  8
0
100
AcDbCircle
 62
7
  6
CONTINUOUS
 10
230.838591002
 20
224.2453795619
 40
23.8
100
AcDbArc
 50
352.9089183677
 51
7.0910816323
  0
ARC
  5
10EA
100
AcDbEntity
  8
0
100
AcDbCircle
 62
7
  6
CONTINUOUS
 10
230.838591002
 20
224.2453795619
 40
23.8
100
AcDbArc
 50
172.9089183677
 51
187.0910816323
  0
ARC
  5
10EB
100
AcDbEntity
  8
RUNDUNGEN
100
AcDbCircle
 62
7
  6
CONTINUOUS
 10
230.838591002
 20
224.2453795619
 40
23.0
100
AcDbArc
 50
121.0386877815
 51
202.2891475847
  0
ARC
  5
10EC
100
AcDbEntity
  8
RUNDUNGEN
100
AcDbCircle
 62
7
  6
CONTINUOUS
 10
230.838591002
 20
224.2453795619
 40
23.0
100
AcDbArc
 50
321.8741170479
 51
22.3208853738
  0
ARC
  5
10ED
100
AcDbEntity
  8
0
100
AcDbCircle
 62
7
  6
CONTINUOUS
 10
230.838591002
 20
224.2453795619
 40
23.0
100
AcDbArc
 50
307.4952497646
 51
321.8741170479
  0
ARC
  5
10EE
100
AcDbEntity
  8
0
100
AcDbCircle
 62
7
  6
CONTINUOUS
 10
230.838591002
 20
224.2453795619
 40
23.0
100
AcDbArc
 50
300.8667677936
 51
302.6244633747
  0
ARC
  5
10EF
100
AcDbEntity
  8
RUNDUNGEN
100
AcDbCircle
 62
9
  6
CONTINUOUS
 10
230.838591002
 20
224.2453795619
 40
23.0
100
AcDbArc
 50
117.1385960479
 51
121.0386877815
  0
ARC
  5
10F0
100
AcDbEntity
  8
RUNDUNGEN
100
AcDbCircle
 62
9
  6
CONTINUOUS
 10
230.838591002
 20
224.2453795619
 40
23.0
100
AcDbArc
 50
202.2891475847
 51
239.1305328744
  0
ARC
  5
10F1
100
AcDbEntity
  8
RUNDUNGEN
100
AcDbCircle
 62
9
  6
CONTINUOUS
 10
230.838591002
 20
224.2453795619
 40
23.0
100
AcDbArc
 50
22.3208853738
 51
62.8614168222
  0
ARC
  5
10F2
100
AcDbEntity
  8
0
100
AcDbCircle
 62
7
  6
CONTINUOUS
 10
230.838591002
 20
224.2453795619
 40
22.4
100
AcDbArc
 50
75.5224878141
 51
104.4775121859
  0
ARC
  5
10F3
100
AcDbEntity
  8
0
100
AcDbCircle
 62
7
  6
CONTINUOUS
 10
230.838591002
 20
224.2453795619
 40
22.0049862263
100
AcDbArc
 50
67.85
 51
75.2567644135
  0
ARC
  5
10F4
100
AcDbEntity
  8
0
100
AcDbCircle
 62
7
  6
CONTINUOUS
 10
230.838591002
 20
224.2453795619
 40
22.0049862263
100
AcDbArc
 50
104.7432355865
 51
112.15
  0
ARC
  5
10F5
100
AcDbEntity
  8
0
100
AcDbCircle
 62
7
  6
CONTINUOUS
 10
230.838591002
 20
224.2453795619
 40
22.0
100
AcDbArc
 50
319.8002357154
 51
62.6340914295
  0
ARC
  5
10F6
100
AcDbEntity
  8
0
100
AcDbCircle
 62
7
  6
CONTINUOUS
 10
230.838591002
 20
224.2453795619
 40
22.0
100
AcDbArc
 50
117.3659085705
 51
237.5635627878
  0
ARC
  5
10F7
100
AcDbEntity
  8
RUNDUNGEN
100
AcDbCircle
 62
7
  6
CONTINUOUS
 10
230.838591002
 20
224.0070991291
 40
21.8
100
AcDbArc
 50
68.0860918103
 51
111.9139081897
  0
ARC
  5
10F8
100
AcDbEntity
  8
RUNDUNGEN
100
AcDbCircle
 62
7
  6
CONTINUOUS
 10
230.838591002
 20
224.0070991291
 40
20.4
100
AcDbArc
 50
68.47
 51
111.53
  0
ARC
  5
10F9
100
AcDbEntity
  8
0
100
AcDbCircle
 62
7
  6
CONTINUOUS
 10
230.838591002
 20
224.2453795619
 40
16.0464071269
100
AcDbArc
 50
69.574584284
 51
79.2236617396
  0
ARC
  5
10FA
100
AcDbEntity
  8
0
100
AcDbCircle
 62
7
  6
CONTINUOUS
 10
230.838591002
 20
224.2453795619
 40
16.0464071269
100
AcDbArc
 50
100.7763382604
 51
110.425415716
  0
ARC
  5
10FB
100
AcDbEntity
  8
0
100
AcDbCircle
 62
7
  6
CONTINUOUS
 10
230.838591002
 20
224.2453795619
 40
13.8
100
AcDbArc
 50
43.5612844811
 51
66.0589127337
  0
ARC
  5
10FC
100
AcDbEntity
  8
0
100
AcDbCircle
 62
7
  6
CONTINUOUS
 10
230.838591002
 20
224.2453795619
 40
13.8
100
AcDbArc
 50
113.9410872663
 51
135.9108099397
  0
ARC
  5
10FD
100
AcDbEntity
  8
0
100
AcDbCircle
 62
7
  6
CONTINUOUS
 10
249.838591002
 20
200.2453795619
 40
7.0
100
AcDbArc
 50
270.0
 51
360.0
  0
ARC
  5
10FE
100
AcDbEntity
  8
0
100
AcDbCircle
 62
3
  6
CONTINUOUS
 10
242.7465079677
 20
211.7693496572
 40
0.7
100
AcDbArc
 50
142.0
 51
232.0
  0
ARC
  5
10FF
100
AcDbEntity
  8
0
100
AcDbCircle
 62
7
  6
CONTINUOUS
 10
248.038591002
 20
201.2953795619
 40
0.4
100
AcDbArc
 50
180.0
 51
360.0
  0
ARC
  5
1100
100
AcDbEntity
  8
0
100
AcDbCircle
 62
7
  6
CONTINUOUS
 10
244.638591002
 20
201.2953795619
 40
0.4
100
AcDbArc
 50
270.0
 51
360.0
  0
ARC
  5
1101
100
AcDbEntity
  8
0
100
AcDbCircle
 62
7
  6
CONTINUOUS
 10
252.4309859243
 20
211.4477828532
 40
0.3
100
AcDbArc
 50
238.4131521951
 51
63.0
  0
ARC
  5
1102
100
AcDbEntity
  8
0
100
AcDbCircle
 62
7
  6
CONTINUOUS
 10
242.7465079677
 20
211.7693496572
 40
0.2
100
AcDbArc
 50
142.0
 51
232.0
  0
ARC
  5
1103
100
AcDbEntity
  8
02___PRT_ALL_AXES
100
AcDbCircle
 62
7
  6
CONTINUOUS
 10
246.9576266602
 20
215.6288669869
 40
4.2525662196
100
AcDbArc
 50
206.785186837
 51
206.9460933915
  0
CIRCLE
  5
1104
100
AcDbEntity
  8
FASEN
100
AcDbCircle
 62
7
  6
CONTINUOUS
 10
247.688591002
 20
224.2453795619
 40
3.0
  0
CIRCLE
  5
1105
100
AcDbEntity
  8
FASEN
100
AcDbCircle
 62
7
  6
CONTINUOUS
 10
247.688591002
 20
224.2453795619
 40
2.5
  0
ARC
  5
1106
100
AcDbEntity
  8
02___PRT_ALL_AXES
100
AcDbCircle
 62
7
  6
CONTINUOUS
 10
245.1777434195
 20
214.7245248631
 40
2.2561146849
100
AcDbArc
 50
206.9561753335
 51
207.2783665839
  0
CIRCLE
  5
1107
100
AcDbEntity
  8
FASEN
100
AcDbCircle
 62
7
  6
CONTINUOUS
 10
247.688591002
 20
224.2453795619
 40
1.5
  0
ARC
  5
1108
100
AcDbEntity
  8
RUNDUNGEN
100
AcDbCircle
 62
7
  6
CONTINUOUS
 10
246.2017203209
 20
214.2241098187
 40
1.461158718
100
AcDbArc
 50
173.5032231798
 51
178.3402881398
  0
ARC
  5
1109
100
AcDbEntity
  8
RUNDUNGEN
100
AcDbCircle
 62
7
  6
CONTINUOUS
 10
246.0115224663
 20
214.24575478
 40
1.2697332025
100
AcDbArc
 50
168.8279108928
 51
173.5025726936
  0
ARC
  5
110A
100
AcDbEntity
  8
02___PRT_ALL_AXES
100
AcDbCircle
 62
7
  6
CONTINUOUS
 10
244.1720451173
 20
214.1784508492
 40
1.1114481036
100
AcDbArc
 50
210.950017024
 51
212.8737813119
  0
CIRCLE
  5
110B
100
AcDbEntity
  8
FASEN
100
AcDbCircle
 62
7
  6
CONTINUOUS
 10
247.688591002
 20
224.2453795619
 40
1.1
  0
ARC
  5
110C
100
AcDbEntity
  8
02___PRT_ALL_AXES
100
AcDbCircle
 62
3
  6
CONTINUOUS
 10
244.1770179752
 20
214.0479874845
 40
1.0689863515
100
AcDbArc
 50
180.1078261539
 51
186.6165704717
  0
ARC
  5
110D
100
AcDbEntity
  8
RUNDUNGEN
100
AcDbCircle
 62
3
  6
CONTINUOUS
 10
243.8281751031
 20
213.9175739756
 40
0.9636535864
100
AcDbArc
 50
43.5574314465
 51
45.2438605704
  0
ARC
  5
110E
100
AcDbEntity
  8
0
100
AcDbCircle
 62
3
  6
CONTINUOUS
 10
245.8248153444
 20
215.7094034252
 40
0.7
100
AcDbArc
 50
52.0
 51
142.0
  0
ARC
  5
110F
100
AcDbEntity
  8
0
100
AcDbCircle
 62
7
  6
CONTINUOUS
 10
253.8837555235
 20
214.2990037306
 40
0.3
100
AcDbArc
 50
243.0
 51
63.0
  0
ARC
  5
1110
100
AcDbEntity
  8
0
100
AcDbCircle
 62
7
  6
CONTINUOUS
 10
245.8248153444
 20
215.7094034252
 40
0.2
100
AcDbArc
 50
52.0
 51
142.0
  0
ARC
  5
1111
100
AcDbEntity
  8
0
100
AcDbCircle
 62
7
  6
CONTINUOUS
 10
265.0919850957
 20
235.3226081439
 40
14.0
100
AcDbArc
 50
157.85
 51
159.3388180164
  0
ARC
  5
1112
100
AcDbEntity
  8
0
100
AcDbCircle
 62
7
  6
CONTINUOUS
 10
244.3998345092
 20
243.7418893418
 40
11.7624893305
100
AcDbArc
 50
179.8571308769
 51
179.9800353281
  0
ARC
  5
1113
100
AcDbEntity
  8
0
100
AcDbCircle
 62
7
  6
CONTINUOUS
 10
261.3659451598
 20
236.7785614452
 40
10.0
100
AcDbArc
 50
159.6116130595
 51
202.3208853611
  0
ARC
  5
1114
100
AcDbEntity
  8
0
100
AcDbCircle
 62
7
  6
CONTINUOUS
 10
249.838591002
 20
248.2453795619
 40
7.0
100
AcDbArc
 50
0.0
 51
90.0
  0
ARC
  5
1115
100
AcDbEntity
  8
0
100
AcDbCircle
 62
7
  6
CONTINUOUS
 10
249.838591002
 20
248.2453795619
 40
5.0
100
AcDbArc
 50
337.85
 51
160.3705063777
  0
ARC
  5
1116
100
AcDbEntity
  8
BEZUGSACHSEN
100
AcDbCircle
 62
7
  6
CONTINUOUS
 10
241.361629146
 20
251.2688076978
 40
4.0
100
AcDbArc
 50
248.7238492614
 51
263.6551789042
  0
ARC
  5
1117
100
AcDbEntity
  8
0
100
AcDbCircle
 62
7
  6
CONTINUOUS
 10
230.838591002
 20
233.8088878888
 40
4.0
100
AcDbArc
 50
138.6052478542
 51
151.0449756281
  0
ARC
  5
1118
100
AcDbEntity
  8
0
100
AcDbCircle
 62
7
  6
CONTINUOUS
 10
230.838591002
 20
233.8088878888
 40
4.0
100
AcDbArc
 50
28.9550243719
 51
41.3947521458
  0
CIRCLE
  5
1119
100
AcDbEntity
  8
BEZUGSACHSEN
100
AcDbCircle
 62
7
  6
CONTINUOUS
 10
249.838591002
 20
248.2453795619
 40
3.0
  0
CIRCLE
  5
111A
100
AcDbEntity
  8
BEZUGSACHSEN
100
AcDbCircle
 62
7
  6
CONTINUOUS
 10
249.838591002
 20
248.2453795619
 40
2.4
  0
ARC
  5
111B
100
AcDbEntity
  8
0
100
AcDbCircle
 62
7
  6
CONTINUOUS
 10
249.8374231688
 20
248.2484696472
 40
2.1001808051
100
AcDbArc
 50
285.4863391871
 51
295.9198651979
  0
ARC
  5
111C
100
AcDbEntity
  8
0
100
AcDbCircle
 62
7
  6
CONTINUOUS
 10
249.8385909903
 20
248.2453795083
 40
2.0968910595
100
AcDbArc
 50
149.89225971
 51
285.4781329502
  0
ARC
  5
111D
100
AcDbEntity
  8
RUNDUNGEN
100
AcDbCircle
 62
7
  6
CONTINUOUS
 10
243.2617954041
 20
250.6423466753
 40
2.0
100
AcDbArc
 50
256.0632107017
 51
337.85
  0
ARC
  5
111E
100
AcDbEntity
  8
0
100
AcDbCircle
 62
7
  6
CONTINUOUS
 10
249.838591002
 20
248.2453795619
 40
1.82
100
AcDbArc
 50
210.2268120932
 51
188.0325009173
  0
ARC
  5
111F
100
AcDbEntity
  8
4171
100
AcDbCircle
 62
7
  6
CONTINUOUS
 10
230.838591002
 20
237.9239509904
 40
1.7785714286
100
AcDbArc
 50
222.7412445387
 51
317.2587554613
  0
ARC
  5
1120
100
AcDbEntity
  8
BEZUGSACHSEN
100
AcDbCircle
 62
7
  6
CONTINUOUS
 10
250.0316550686
 20
248.3521526881
 40
1.7397307127
100
AcDbArc
 50
96.295527246
 51
96.4492018943
  0
ARC
  5
1121
100
AcDbEntity
  8
BEZUGSACHSEN
100
AcDbCircle
 62
7
  6
CONTINUOUS
 10
250.0299947502
 20
248.3652533153
 40
1.726526507
100
AcDbArc
 50
96.4432842612
 51
100.9774329154
  0
CIRCLE
  5
1122
100
AcDbEntity
  8
FASEN
100
AcDbCircle
 62
7
  6
CONTINUOUS
 10
242.4188159083
 20
247.2453795619
 40
1.5
  0
ARC
  5
1123
100
AcDbEntity
  8
0
100
AcDbCircle
 62
7
  6
CONTINUOUS
 10
244.038591002
 20
251.8453795619
 40
1.4
100
AcDbArc
 50
0.0
 51
180.0
  0
CIRCLE
  5
1124
100
AcDbEntity
  8
0
100
AcDbCircle
 62
7
  6
CONTINUOUS
 10
249.838591002
 20
248.2453795619
 40
1.2
  0
CIRCLE
  5
1125
100
AcDbEntity
  8
FASEN
100
AcDbCircle
 62
7
  6
CONTINUOUS
 10
242.4188159083
 20
247.2453795619
 40
1.1
  0
ARC
  5
1126
100
AcDbEntity
  8
0
100
AcDbCircle
 62
7
  6
CONTINUOUS
 10
233.738591002
 20
251.2453795619
 40
0.6
100
AcDbArc
 50
0.0
 51
90.0
  0
ARC
  5
1127
100
AcDbEntity
  8
4171
100
AcDbCircle
 62
7
  6
CONTINUOUS
 10
232.438591002
 20
236.4453795619
 40
0.4
100
AcDbArc
 50
90.0
 51
137.2587554613
  0
ARC
  5
1128
100
AcDbEntity
  8
RUNDUNGEN
100
AcDbCircle
 62
7
  6
CONTINUOUS
 10
236.0682860528
 20
246.090600605
 40
0.3770531523
100
AcDbArc
 50
178.3056725268
 51
185.8949502241
  0
SPLINE
  5
1129
100
AcDbEntity
  8
RUNDUNGEN
100
AcDbSpline
 62
7
  6
CONTINUOUS
 70
0
 71
3
 72
11
 73
7
 74
5
 42
0.0000001
 43
0.0000001
 44
0.0000000001
 12
0.0
 22
0.4169431601
 32
0.0
 13
-0.4016243431
 23
0.1119798452
 33
0.0
 40
0.0
 40
0.0
 40
0.0
 40
0.0
 40
0.2254097489
 40
0.4639069601
 40
0.7224174273
 40
1.0
 40
1.0
 40
1.0
 40
1.0
 10
76.4796903427
 20
243.1964727616
 30
0.0
 10
76.4796903427
 20
243.227800446
 30
0.0
 10
76.4662098295
 20
243.2928871581
 30
0.0
 10
76.4095137017
 20
243.3781716018
 30
0.0
 10
76.3234561929
 20
243.4453706617
 30
0.0
 10
76.2536597062
 20
243.4740500679
 30
0.0
 10
76.2164984001
 20
243.4844112858
 30
0.0
 11
76.4796903427
 21
243.1964727616
 31
0.0
 11
76.461177123
 21
243.2886143643
 31
0.0
 11
76.4073511605
 21
243.3722267783
 31
0.0
 11
76.3231949143
 21
243.4395703287
 31
0.0
 11
76.2164984001
 21
243.4844112858
 31
0.0
  0
SPLINE
  5
112A
100
AcDbEntity
  8
RUNDUNGEN
100
AcDbSpline
 62
7
  6
CONTINUOUS
 70
0
 71
3
 72
11
 73
7
 74
5
 42
0.0000001
 43
0.0000001
 44
0.0000000001
 12
-0.4016243431
 22
-0.1119798452
 32
0.0
 13
-0.0
 23
-0.4169431601
 33
0.0
 40
0.0
 40
0.0
 40
0.0
 40
0.0
 40
0.2775825727
 40
0.5360930399
 40
0.7745902511
 40
1.0
 40
1.0
 40
1.0
 40
1.0
 10
70.7428822854
 20
243.4844112858
 30
0.0
 10
70.7057209793
 20
243.4740500679
 30
0.0
 10
70.6359244926
 20
243.4453706617
 30
0.0
 10
70.5498669838
 20
243.3781716018
 30
0.0
 10
70.4931708559
 20
243.2928871581
 30
0.0
 10
70.4796903427
 20
243.227800446
 30
0.0
 10
70.4796903427
 20
243.1964727616
 30
0.0
 11
70.7428822854
 21
243.4844112858
 31
0.0
 11
70.6361857711
 21
243.4395703287
 31
0.0
 11
70.552029525
 21
243.3722267783
 31
0.0
 11
70.4982035624
 21
243.2886143643
 31
0.0
 11
70.4796903427
 21
243.1964727616
 31
0.0
  0
SPLINE
  5
112B
100
AcDbEntity
  8
0
100
AcDbSpline
 62
7
  6
CONTINUOUS
 70
0
 71
3
 72
11
 73
7
 74
5
 42
0.0000001
 43
0.0000001
 44
0.0000000001
 12
0.7737717189
 22
-0.0056914525
 32
0.0
 13
0.2513663305
 23
-0.7277550555
 33
0.0
 40
0.0
 40
0.0
 40
0.0
 40
0.0
 40
0.25
 40
0.5
 40
0.75
 40
1.0
 40
1.0
 40
1.0
 40
1.0
 10
86.5002295636
 20
224.8453795619
 30
0.0
 10
86.5647105402
 20
224.8449052742
 30
0.0
 10
86.6868912603
 20
224.8259304064
 30
0.0
 10
86.8572388554
 20
224.7405888005
 30
0.0
 10
86.9924023229
 20
224.6067691725
 30
0.0
 10
87.0492823694
 20
224.4975363544
 30
0.0
 10
87.0702295636
 20
224.4368900998
 30
0.0
 11
86.5002295636
 21
224.8453795619
 31
0.0
 11
86.6847373461
 21
224.8164505224
 31
0.0
 11
86.8513748341
 21
224.7325091302
 31
0.0
 11
86.9840950899
 21
224.6017642393
 31
0.0
 11
87.0702295636
 21
224.4368900998
 31
0.0
  0
SPLINE
  5
112C
100
AcDbEntity
  8
0
100
AcDbSpline
 62
7
  6
CONTINUOUS
 70
0
 71
3
 72
11
 73
7
 74
5
 42
0.0000001
 43
0.0000001
 44
0.0000000001
 12
-0.2513665859
 22
-0.7277547294
 32
0.0
 13
-0.7737765581
 23
-0.0056925891
 33
0.0
 40
0.0
 40
0.0
 40
0.0
 40
0.0
 40
0.25
 40
0.5
 40
0.75
 40
1.0
 40
1.0
 40
1.0
 40
1.0
 10
87.0702295636
 20
224.0538690239
 30
0.0
 10
87.0492823481
 20
223.9932227965
 30
0.0
 10
86.9924023455
 20
223.8839900312
 30
0.0
 10
86.8572394111
 20
223.7501708169
 30
0.0
 10
86.6868921926
 20
223.664828942
 30
0.0
 10
86.5647109434
 20
223.6458539443
 30
0.0
 10
86.5002295636
 20
223.6453795619
 30
0.0
 11
87.0702295636
 21
224.0538690239
 31
0.0
 11
86.9840951904
 21
223.8889950201
 31
0.0
 11
86.8513753637
 21
223.7582503735
 31
0.0
 11
86.6847380834
 21
223.6743088384
 31
0.0
 11
86.5002295636
 21
223.6453795619
 31
0.0
  0
SPLINE
  5
112D
100
AcDbEntity
  8
0
100
AcDbSpline
 62
7
  6
CONTINUOUS
 70
0
 71
3
 72
11
 73
7
 74
5
 42
0.0000001
 43
0.0000001
 44
0.0000000001
 12
0.1549652778
 22
-0.3628496347
 32
0.0
 13
-0.1549652778
 23
-0.3628496346
 33
0.0
 40
0.0
 40
0.0
 40
0.0
 40
0.0
 40
0.2521978619
 40
0.5
 40
0.7478021381
 40
1.0
 40
1.0
 40
1.0
 40
1.0
 10
87.0717778333
 20
224.4375513325
 30
0.0
 10
87.0848051372
 20
224.4070480318
 30
0.0
 10
87.1048205157
 20
224.343872979
 30
0.0
 10
87.1151018295
 20
224.2453795619
 30
0.0
 10
87.1048205157
 20
224.1468861448
 30
0.0
 10
87.0848051372
 20
224.0837110919
 30
0.0
 10
87.0717778333
 20
224.0532077912
 30
0.0
 11
87.0717778333
 21
224.4375513325
 31
0.0
 11
87.1016532056
 21
224.3426356923
 31
0.0
 11
87.1116948701
 21
224.2453795619
 31
0.0
 11
87.1016532056
 21
224.1481234314
 31
0.0
 11
87.0717778333
 21
224.0532077912
 31
0.0
  0
LINE
  5
112E
100
AcDbEntity
  8
RUNDUNGEN
100
AcDbLine
 62
7
  6
CONTINUOUS
 10
53.6491610003
 20
251.1646520663
 11
53.7762887597
 21
250.9676905157
  0
LINE
  5
112F
100
AcDbEntity
  8
RUNDUNGEN
100
AcDbLine
 62
7
  6
CONTINUOUS
 10
55.3102196852
 20
251.1646520663
 11
55.1830919258
 21
250.9676905157
  0
LINE
  5
1130
100
AcDbEntity
  8
RUNDUNGEN
100
AcDbLine
 62
7
  6
CONTINUOUS
 10
55.959437636
 20
249.7281308772
 11
55.8122584543
 21
249.5755370045
  0
LINE
  5
1131
100
AcDbEntity
  8
RUNDUNGEN
100
AcDbLine
 62
7
  6
CONTINUOUS
 10
57.4489628472
 20
249.1187378966
 11
57.2520012966
 21
248.986510934
  0
LINE
  5
1132
100
AcDbEntity
  8
RUNDUNGEN
100
AcDbLine
 62
7
  6
CONTINUOUS
 10
57.4489628472
 20
247.3720212272
 11
57.2520012966
 21
247.5042481897
  0
LINE
  5
1133
100
AcDbEntity
  8
RUNDUNGEN
100
AcDbLine
 62
7
  6
CONTINUOUS
 10
55.959437636
 20
246.7626282465
 11
55.8122584543
 21
246.9152221192
  0
LINE
  5
1134
100
AcDbEntity
  8
RUNDUNGEN
100
AcDbLine
 62
7
  6
CONTINUOUS
 10
55.3102196852
 20
245.3261070574
 11
55.1830919258
 21
245.523068608
  0
LINE
  5
1135
100
AcDbEntity
  8
RUNDUNGEN
100
AcDbLine
 62
7
  6
CONTINUOUS
 10
53.6491610003
 20
245.3261070574
 11
53.7762887597
 21
245.523068608
  0
LINE
  5
1136
100
AcDbEntity
  8
RUNDUNGEN
100
AcDbLine
 62
7
  6
CONTINUOUS
 10
52.9999430495
 20
246.7626282465
 11
53.1471222311
 21
246.9152221192
  0
LINE
  5
1137
100
AcDbEntity
  8
RUNDUNGEN
100
AcDbLine
 62
7
  6
CONTINUOUS
 10
51.7073793889
 20
247.5042481897
 11
51.5104178383
 21
247.3720212272
  0
LINE
  5
1138
100
AcDbEntity
  8
RUNDUNGEN
100
AcDbLine
 62
7
  6
CONTINUOUS
 10
51.5104178383
 20
249.1187378966
 11
51.7073793889
 21
248.986510934
  0
LINE
  5
1139
100
AcDbEntity
  8
RUNDUNGEN
100
AcDbLine
 62
7
  6
CONTINUOUS
 10
52.9999430495
 20
249.7281308772
 11
53.1471222311
 21
249.5755370045
  0
LINE
  5
113A
100
AcDbEntity
  8
RUNDUNGEN
100
AcDbLine
 62
7
  6
CONTINUOUS
 10
91.6491610003
 20
203.1646520663
 11
91.7762887597
 21
202.9676905157
  0
LINE
  5
113B
100
AcDbEntity
  8
RUNDUNGEN
100
AcDbLine
 62
7
  6
CONTINUOUS
 10
93.3102196852
 20
203.1646520663
 11
93.1830919258
 21
202.9676905157
  0
LINE
  5
113C
100
AcDbEntity
  8
RUNDUNGEN
100
AcDbLine
 62
7
  6
CONTINUOUS
 10
93.959437636
 20
201.7281308772
 11
93.8122584543
 21
201.5755370045
  0
LINE
  5
113D
100
AcDbEntity
  8
RUNDUNGEN
100
AcDbLine
 62
7
  6
CONTINUOUS
 10
95.4489628472
 20
201.1187378966
 11
95.2520012966
 21
200.986510934
  0
LINE
  5
113E
100
AcDbEntity
  8
RUNDUNGEN
100
AcDbLine
 62
7
  6
CONTINUOUS
 10
95.4489628472
 20
199.3720212272
 11
95.2520012966
 21
199.5042481897
  0
LINE
  5
113F
100
AcDbEntity
  8
RUNDUNGEN
100
AcDbLine
 62
7
  6
CONTINUOUS
 10
93.959437636
 20
198.7626282465
 11
93.8122584543
 21
198.9152221192
  0
LINE
  5
1140
100
AcDbEntity
  8
RUNDUNGEN
100
AcDbLine
 62
7
  6
CONTINUOUS
 10
93.3102196852
 20
197.3261070574
 11
93.1830919258
 21
197.523068608
  0
LINE
  5
1141
100
AcDbEntity
  8
RUNDUNGEN
100
AcDbLine
 62
7
  6
CONTINUOUS
 10
91.6491610003
 20
197.3261070574
 11
91.7762887597
 21
197.523068608
  0
LINE
  5
1142
100
AcDbEntity
  8
RUNDUNGEN
100
AcDbLine
 62
7
  6
CONTINUOUS
 10
90.9999430495
 20
198.7626282465
 11
91.1471222311
 21
198.9152221192
  0
LINE
  5
1143
100
AcDbEntity
  8
RUNDUNGEN
100
AcDbLine
 62
7
  6
CONTINUOUS
 10
89.7073793889
 20
199.5042481897
 11
89.5104178383
 21
199.3720212272
  0
LINE
  5
1144
100
AcDbEntity
  8
RUNDUNGEN
100
AcDbLine
 62
7
  6
CONTINUOUS
 10
89.5104178383
 20
201.1187378966
 11
89.7073793889
 21
200.986510934
  0
LINE
  5
1145
100
AcDbEntity
  8
RUNDUNGEN
100
AcDbLine
 62
7
  6
CONTINUOUS
 10
90.9999430495
 20
201.7281308772
 11
91.1471222311
 21
201.5755370045
  0
SPLINE
  5
1146
100
AcDbEntity
  8
0
100
AcDbSpline
 62
7
  6
CONTINUOUS
 70
0
 71
3
 72
11
 73
7
 74
5
 42
0.0000001
 43
0.0000001
 44
0.0000000001
 12
0.2513665859
 22
0.7277547294
 32
0.0
 13
0.7737765581
 23
0.0056925891
 33
0.0
 40
0.0
 40
0.0
 40
0.0
 40
0.0
 40
0.25
 40
0.5
 40
0.75
 40
1.0
 40
1.0
 40
1.0
 40
1.0
 10
59.8891511219
 20
224.4368900998
 30
0.0
 10
59.9100983374
 20
224.4975363272
 30
0.0
 10
59.96697834
 20
224.6067690925
 30
0.0
 10
60.1021412744
 20
224.7405883068
 30
0.0
 10
60.2724884929
 20
224.8259301817
 30
0.0
 10
60.394669742
 20
224.8449051794
 30
0.0
 10
60.4591511219
 20
224.8453795619
 30
0.0
 11
59.8891511219
 21
224.4368900998
 31
0.0
 11
59.9752854951
 21
224.6017641036
 31
0.0
 11
60.1080053217
 21
224.7325087502
 31
0.0
 11
60.2746426021
 21
224.8164502853
 31
0.0
 11
60.4591511219
 21
224.8453795619
 31
0.0
  0
SPLINE
  5
1147
100
AcDbEntity
  8
0
100
AcDbSpline
 62
7
  6
CONTINUOUS
 70
0
 71
3
 72
11
 73
7
 74
5
 42
0.0000001
 43
0.0000001
 44
0.0000000001
 12
-0.7737717189
 22
0.0056914525
 32
0.0
 13
-0.2513663305
 23
0.7277550555
 33
0.0
 40
0.0
 40
0.0
 40
0.0
 40
0.0
 40
0.25
 40
0.5
 40
0.75
 40
1.0
 40
1.0
 40
1.0
 40
1.0
 10
60.4591511219
 20
223.6453795619
 30
0.0
 10
60.3946701453
 20
223.6458538496
 30
0.0
 10
60.2724894252
 20
223.6648287173
 30
0.0
 10
60.1021418301
 20
223.7501703232
 30
0.0
 10
59.9669783626
 20
223.8839899512
 30
0.0
 10
59.9100983161
 20
223.9932227693
 30
0.0
 10
59.8891511219
 20
224.0538690239
 30
0.0
 11
60.4591511219
 21
223.6453795619
 31
0.0
 11
60.2746433394
 21
223.6743086013
 31
0.0
 11
60.1080058513
 21
223.7582499936
 31
0.0
 11
59.9752855955
 21
223.8889948844
 31
0.0
 11
59.8891511219
 21
224.0538690239
 31
0.0
  0
SPLINE
  5
1148
100
AcDbEntity
  8
0
100
AcDbSpline
 62
7
  6
CONTINUOUS
 70
0
 71
3
 72
11
 73
7
 74
5
 42
0.0000001
 43
0.0000001
 44
0.0000000001
 12
-0.1549652778
 22
0.3628496347
 32
0.0
 13
0.1549652778
 23
0.3628496346
 33
0.0
 40
0.0
 40
0.0
 40
0.0
 40
0.0
 40
0.2521978619
 40
0.5
 40
0.7478021381
 40
1.0
 40
1.0
 40
1.0
 40
1.0
 10
59.8876028522
 20
224.0532077912
 30
0.0
 10
59.8745755483
 20
224.0837110919
 30
0.0
 10
59.8545601698
 20
224.1468861448
 30
0.0
 10
59.844278856
 20
224.2453795619
 30
0.0
 10
59.8545601698
 20
224.343872979
 30
0.0
 10
59.8745755483
 20
224.4070480318
 30
0.0
 10
59.8876028522
 20
224.4375513325
 30
0.0
 11
59.8876028522
 21
224.0532077912
 31
0.0
 11
59.8577274799
 21
224.1481234314
 31
0.0
 11
59.8476858154
 21
224.2453795619
 31
0.0
 11
59.8577274799
 21
224.3426356923
 31
0.0
 11
59.8876028522
 21
224.4375513325
 31
0.0
  0
SPLINE
  5
1149
100
AcDbEntity
  8
RUNDUNGEN
100
AcDbSpline
 62
7
  6
CONTINUOUS
 70
0
 71
3
 72
12
 73
8
 74
6
 42
0.0000001
 43
0.0000001
 44
0.0000000001
 12
0.0601955508
 22
0.5814610596
 32
0.0
 13
-0.5798979755
 23
0.0948274119
 33
0.0
 40
0.0
 40
0.0
 40
0.0
 40
0.0
 40
0.2161589959
 40
0.4400675589
 40
0.6602734332
 40
0.8872379539
 40
1.0
 40
1.0
 40
1.0
 40
1.0
 10
68.6250545392
 20
246.0518754107
 30
0.0
 10
68.6293918092
 20
246.0937714236
 30
0.0
 10
68.6238087212
 20
246.1812731373
 30
0.0
 10
68.5714155236
 20
246.3015835284
 30
0.0
 10
68.4805146282
 20
246.3989467437
 30
0.0
 10
68.3824958295
 20
246.4511301855
 30
0.0
 10
68.3176030354
 20
246.4671774193
 30
0.0
 10
68.295806208
 20
246.4707417303
 30
0.0
 11
68.6250545392
 21
246.0518754107
 31
0.0
 11
68.6168289211
 21
246.177967161
 31
0.0
 11
68.5647882529
 21
246.2980668686
 31
0.0
 11
68.4771359595
 21
246.3923394269
 31
0.0
 11
68.3600841155
 21
246.4548044248
 31
0.0
 11
68.295806208
 21
246.4707417303
 31
0.0
  0
SPLINE
  5
114A
100
AcDbEntity
  8
RUNDUNGEN
100
AcDbSpline
 62
7
  6
CONTINUOUS
 70
0
 71
3
 72
12
 73
8
 74
6
 42
0.0000001
 43
0.0000001
 44
0.0000000001
 12
-0.6505901744
 22
0.0
 32
0.0
 13
0.0669740698
 23
-0.647133718
 33
0.0
 40
0.0
 40
0.0
 40
0.0
 40
0.0
 40
0.2026160575
 40
0.4065720506
 40
0.6044725734
 40
0.8057168049
 40
1.0
 40
1.0
 40
1.0
 40
1.0
 10
78.7293710351
 20
246.4762088616
 30
0.0
 10
78.6854310297
 20
246.4762088616
 30
0.0
 10
78.5966024041
 20
246.4617291121
 30
0.0
 10
78.4788437578
 20
246.3990170198
 30
0.0
 10
78.3879346708
 20
246.3016254611
 30
0.0
 10
78.3355332021
 20
246.1812810884
 30
0.0
 10
78.3299487341
 20
246.0937538944
 30
0.0
 10
78.3342860462
 20
246.0518448256
 30
0.0
 11
78.7293710351
 21
246.4762088616
 31
0.0
 11
78.599285179
 21
246.4548972048
 31
0.0
 11
78.4822265983
 21
246.392412061
 31
0.0
 11
78.394564713
 21
246.2981119745
 31
0.0
 11
78.3425144401
 21
246.1779754501
 31
0.0
 11
78.3342860462
 21
246.0518448256
 31
0.0
  0
SPLINE
  5
114B
100
AcDbEntity
  8
RUNDUNGEN
100
AcDbSpline
 62
7
  6
CONTINUOUS
 70
0
 71
3
 72
14
 73
10
 74
8
 42
0.0000001
 43
0.0000001
 44
0.0000000001
 12
0.0902928679
 22
0.8116778863
 32
0.0
 13
0.0840974806
 23
0.8123427278
 33
0.0
 40
0.0
 40
0.0
 40
0.0
 40
0.0
 40
0.0207063576
 40
0.0810674893
 40
0.1793104444
 40
0.3158174086
 40
0.4991239165
 40
0.7306584625
 40
1.0
 40
1.0
 40
1.0
 40
1.0
 10
68.5386918406
 20
245.2397752157
 30
0.0
 10
68.5393150528
 20
245.2453775133
 30
0.0
 10
68.5417405004
 20
245.2673126718
 30
0.0
 10
68.547005837
 20
245.3158412397
 30
0.0
 10
68.5555960307
 20
245.3957181649
 30
0.0
 10
68.5676839049
 20
245.5088810972
 30
0.0
 10
68.5835880294
 20
245.6581285122
 30
0.0
 10
68.6032915759
 20
245.8433370362
 30
0.0
 10
68.6175993543
 20
245.9789369901
 30
0.0
 10
68.6251496692
 20
246.0518695365
 30
0.0
 11
68.5386918406
 21
245.2397752157
 31
0.0
 11
68.5405511417
 21
245.2565832459
 31
0.0
 11
68.5458875802
 21
245.3055895349
 31
0.0
 11
68.5544742572
 21
245.3853622035
 31
0.0
 11
68.5663267265
 21
245.4962134394
 31
0.0
 11
68.5821930237
 21
245.6450738019
 31
0.0
 11
68.6021778299
 21
245.8331053556
 31
0.0
 11
68.6251496692
 21
246.0518695365
 31
0.0
  0
SPLINE
  5
114C
100
AcDbEntity
  8
RUNDUNGEN
100
AcDbSpline
 62
7
  6
CONTINUOUS
 70
0
 71
3
 72
14
 73
10
 74
8
 42
0.0000001
 43
0.0000001
 44
0.0000000001
 12
-0.0902883751
 22
0.8116373336
 32
0.0
 13
-0.0840950746
 23
0.812301958
 33
0.0
 40
0.0
 40
0.0
 40
0.0
 40
0.0
 40
0.0207065178
 40
0.0810681486
 40
0.1793119099
 40
0.3158197986
 40
0.499126702
 40
0.7306626119
 40
1.0
 40
1.0
 40
1.0
 40
1.0
 10
78.4206888449
 20
245.2397752157
 30
0.0
 10
78.4200656589
 20
245.2453772767
 30
0.0
 10
78.417640312
 20
245.2673115177
 30
0.0
 10
78.4123751925
 20
245.3158380574
 30
0.0
 10
78.4037853592
 20
245.3957115952
 30
0.0
 10
78.3916980216
 20
245.5088694489
 30
0.0
 10
78.3757946216
 20
245.6581101348
 30
0.0
 10
78.356092072
 20
245.8433087532
 30
0.0
 10
78.3417852003
 20
245.97890119
 30
0.0
 10
78.3342352178
 20
246.0518289526
 30
0.0
 11
78.4206888449
 21
245.2397752157
 31
0.0
 11
78.4188296218
 21
245.2565825362
 31
0.0
 11
78.4134934032
 21
245.3055867817
 31
0.0
 11
78.4049070806
 21
245.3853561192
 31
0.0
 11
78.3930551192
 21
245.4962025673
 31
0.0
 11
78.3771895772
 21
245.6450558137
 31
0.0
 11
78.3572056399
 21
245.8330790798
 31
0.0
 11
78.3342352178
 21
246.0518289526
 31
0.0
  0
SPLINE
  5
114D
100
AcDbEntity
  8
RUNDUNGEN
100
AcDbSpline
 62
9
  6
CONTINUOUS
 70
0
 71
3
 72
10
 73
6
 74
4
 42
0.0000001
 43
0.0000001
 44
0.0000000001
 12
0.057754384
 22
-0.0589805068
 32
0.0
 13
0.0791842406
 23
-0.0233264891
 33
0.0
 40
0.0
 40
0.0
 40
0.0
 40
0.0
 40
0.1201065177
 40
0.3972039714
 40
1.0
 40
1.0
 40
1.0
 40
1.0
 10
78.2637305441
 20
246.0934476601
 30
0.0
 10
78.2660427701
 20
246.0910863456
 30
0.0
 10
78.2741260243
 20
246.0837119507
 30
0.0
 10
78.295916997
 20
246.0668343109
 30
0.0
 10
78.3183753976
 20
246.0565318639
 30
0.0
 10
78.3342860462
 20
246.0518448256
 30
0.0
 11
78.2637305441
 21
246.0934476601
 31
0.0
 11
78.270983517
 21
246.0866879162
 31
0.0
 11
78.289145467
 21
246.0727823926
 31
0.0
 11
78.3342860462
 21
246.0518448256
 31
0.0
  0
SPLINE
  5
114E
100
AcDbEntity
  8
0
100
AcDbSpline
 62
7
  6
CONTINUOUS
 70
0
 71
3
 72
16
 73
12
 74
10
 42
0.0000001
 43
0.0000001
 44
0.0000000001
 12
0.0
 22
-5.5126364618
 32
0.0
 13
5.3408315471
 23
-1.36553255
 33
0.0
 40
0.0
 40
0.0
 40
0.0
 40
0.0
 40
0.1476296316
 40
0.2775757897
 40
0.3932466266
 40
0.5002197184
 40
0.6016236137
 40
0.7009975215
 40
0.8005664819
 40
0.900037726
 40
1.0
 40
1.0
 40
1.0
 40
1.0
 10
64.2796903427
 20
250.4762360783
 30
0.0
 10
64.2796903427
 20
250.2049599151
 30
0.0
 10
64.3319156506
 20
249.6932995262
 30
0.0
 10
64.54147189
 20
248.9980158423
 30
0.0
 10
64.830392981
 20
248.415077866
 30
0.0
 10
65.1729605238
 20
247.9255464527
 30
0.0
 10
65.5594156186
 20
247.5103637619
 30
0.0
 10
65.9865216339
 20
247.1584040992
 30
0.0
 10
66.4521950342
 20
246.8660186378
 30
0.0
 10
66.9517924788
 20
246.6341280763
 30
0.0
 10
67.3017297873
 20
246.5217094412
 30
0.0
 10
67.4796903427
 20
246.4762088616
 30
0.0
 11
64.2796903427
 21
250.4762360783
 31
0.0
 11
64.362310794
 21
249.6666122942
 31
0.0
 11
64.5687782798
 21
248.9806657452
 31
0.0
 11
64.8518062448
 21
248.4092689328
 31
0.0
 11
65.1897537182
 21
247.9260070609
 31
0.0
 11
65.5704818952
 21
247.516702532
 31
0.0
 11
65.9931167188
 21
247.1681655286
 31
0.0
 11
66.4578457634
 21
246.8760963883
 31
0.0
 11
66.9551284111
 21
246.6450198153
 31
0.0
 11
67.4796903427
 21
246.4762088616
 31
0.0
  0
SPLINE
  5
114F
100
AcDbEntity
  8
0
100
AcDbSpline
 62
7
  6
CONTINUOUS
 70
0
 71
3
 72
16
 73
12
 74
10
 42
0.0000001
 43
0.0000001
 44
0.0000000001
 12
5.3408624814
 22
1.3655404585
 32
0.0
 13
0.0
 23
5.512668391
 33
0.0
 40
0.0
 40
0.0
 40
0.0
 40
0.0
 40
0.1003123923
 40
0.2000940386
 40
0.2999832646
 40
0.3997046593
 40
0.5014485424
 40
0.6086135594
 40
0.724157449
 40
0.8535295068
 40
1.0
 40
1.0
 40
1.0
 40
1.0
 10
79.4796903427
 20
246.4762088616
 30
0.0
 10
79.6582752402
 20
246.5218690716
 30
0.0
 10
80.0093570491
 20
246.6347376863
 30
0.0
 10
80.5104565599
 20
246.8677115646
 30
0.0
 10
80.9773589375
 20
247.1615538315
 30
0.0
 10
81.4053761939
 20
247.5153498223
 30
0.0
 10
81.7921169929
 20
247.9325008627
 30
0.0
 10
82.133953404
 20
248.4234681331
 30
0.0
 10
82.4210296909
 20
249.0062678247
 30
0.0
 10
82.6282068165
 20
249.6986540816
 30
0.0
 10
82.6796903427
 20
250.2070955446
 30
0.0
 10
82.6796903427
 20
250.4762432973
 30
0.0
 11
79.4796903427
 21
246.4762088616
 31
0.0
 11
80.0060559875
 21
246.6457257972
 31
0.0
 11
80.5047457268
 21
246.8778421223
 31
0.0
 11
80.9706630849
 21
247.171343813
 31
0.0
 11
81.3942494359
 21
247.5217418074
 31
0.0
 11
81.7754377851
 21
247.9331809161
 31
0.0
 11
82.1128420197
 21
248.4181158663
 31
0.0
 11
82.3941631775
 21
248.9895791341
 31
0.0
 11
82.5983620683
 21
249.6729063028
 31
0.0
 11
82.6796903427
 21
250.4762432973
 31
0.0
  0
SPLINE
  5
1150
100
AcDbEntity
  8
RUNDUNGEN
100
AcDbSpline
 62
7
  6
CONTINUOUS
 70
0
 71
3
 72
12
 73
8
 74
6
 42
0.0000001
 43
0.0000001
 44
0.0000000001
 12
0.4526360313
 22
0.0
 32
0.0
 13
0.0
 23
0.4526360313
 33
0.0
 40
0.0
 40
0.0
 40
0.0
 40
0.0
 40
0.2726988912
 40
0.5258397322
 40
0.7319705844
 40
0.8893385756
 40
1.0
 40
1.0
 40
1.0
 40
1.0
 10
74.8796903427
 20
239.1070991291
 30
0.0
 10
74.9208347907
 20
239.1070991291
 30
0.0
 10
75.0002272534
 20
239.1116496657
 30
0.0
 10
75.1093353029
 20
239.1312693598
 30
0.0
 10
75.1973177432
 20
239.1626643824
 30
0.0
 10
75.2590897662
 20
239.2009081975
 30
0.0
 10
75.2796903427
 20
239.2402453171
 30
0.0
 10
75.2796903427
 20
239.2569417664
 30
0.0
 11
74.8796903427
 21
239.1070991291
 31
0.0
 11
75.0029084258
 21
239.1143857188
 31
0.0
 11
75.1154524374
 21
239.1358932611
 31
0.0
 11
75.2028253528
 21
239.1686237313
 31
0.0
 11
75.2602390308
 21
239.2107834601
 31
0.0
 11
75.2796903427
 21
239.2569417664
 31
0.0
  0
SPLINE
  5
1151
100
AcDbEntity
  8
RUNDUNGEN
100
AcDbSpline
 62
9
  6
CONTINUOUS
 70
0
 71
3
 72
10
 73
6
 74
4
 42
0.0000001
 43
0.0000001
 44
0.0000000001
 12
-0.0577786222
 22
-0.0589923842
 32
0.0
 13
-0.0792245959
 23
-0.0232794756
 33
0.0
 40
0.0
 40
0.0
 40
0.0
 40
0.0
 40
0.120072108
 40
0.3969701648
 40
1.0
 40
1.0
 40
1.0
 40
1.0
 10
68.6956509384
 20
246.0934478936
 30
0.0
 10
68.6933384048
 20
246.0910867803
 30
0.0
 10
68.6852588761
 20
246.0837132642
 30
0.0
 10
68.6634685494
 20
246.0668178633
 30
0.0
 10
68.6409794709
 20
246.0565548168
 30
0.0
 10
68.6250545392
 20
246.0518754107
 30
0.0
 11
68.6956509384
 21
246.0934478936
 31
0.0
 11
68.6883985508
 21
246.0866872069
 31
0.0
 11
68.6702467828
 21
246.0727838715
 31
0.0
 11
68.6250545392
 21
246.0518754107
 31
0.0
  0
SPLINE
  5
1152
100
AcDbEntity
  8
RUNDUNGEN
100
AcDbSpline
 62
7
  6
CONTINUOUS
 70
0
 71
3
 72
12
 73
8
 74
6
 42
0.0000001
 43
0.0000001
 44
0.0000000001
 12
0.0
 22
-0.4526360313
 32
0.0
 13
0.4526360313
 23
0.0
 33
0.0
 40
0.0
 40
0.0
 40
0.0
 40
0.0
 40
0.1106614244
 40
0.2680294156
 40
0.4741602678
 40
0.7273011088
 40
1.0
 40
1.0
 40
1.0
 40
1.0
 10
71.6796903427
 20
239.2569417664
 30
0.0
 10
71.6796903427
 20
239.2402453171
 30
0.0
 10
71.7002909192
 20
239.2009081975
 30
0.0
 10
71.7620629422
 20
239.1626643824
 30
0.0
 10
71.8500453826
 20
239.1312693598
 30
0.0
 10
71.959153432
 20
239.1116496657
 30
0.0
 10
72.0385458948
 20
239.1070991291
 30
0.0
 10
72.0796903427
 20
239.1070991291
 30
0.0
 11
71.6796903427
 21
239.2569417664
 31
0.0
 11
71.6991416546
 21
239.2107834601
 31
0.0
 11
71.7565553327
 21
239.1686237313
 31
0.0
 11
71.8439282481
 21
239.1358932611
 31
0.0
 11
71.9564722597
 21
239.1143857188
 31
0.0
 11
72.0796903427
 21
239.1070991291
 31
0.0
  0
SPLINE
  5
1153
100
AcDbEntity
  8
RUNDUNGEN
100
AcDbSpline
 62
7
  6
CONTINUOUS
 70
0
 71
3
 72
16
 73
12
 74
10
 42
0.0000001
 43
0.0000001
 44
0.0000000001
 12
0.2125076966
 22
2.2130521584
 32
0.0
 13
0.0927031675
 23
2.2212958806
 33
0.0
 40
0.0
 40
0.0
 40
0.0
 40
0.0
 40
0.0126727562
 40
0.0496157383
 40
0.1096205114
 40
0.1921657326
 40
0.3024426575
 40
0.439985922
 40
0.6009137239
 40
0.7869576873
 40
1.0
 40
1.0
 40
1.0
 40
1.0
 10
78.1033770145
 20
243.8762088616
 30
0.0
 10
78.1042747005
 20
243.8855573517
 30
0.0
 10
78.1077535426
 20
243.9221614699
 30
0.0
 10
78.1151841957
 20
244.0030582835
 30
0.0
 10
78.1270340381
 20
244.1355475327
 30
0.0
 10
78.1432095255
 20
244.3222123587
 30
0.0
 10
78.1636113605
 20
244.5661873135
 30
0.0
 10
78.1876871895
 20
244.8681434728
 30
0.0
 10
78.2142981705
 20
245.2262215843
 30
0.0
 10
78.2416569635
 20
245.6403372169
 30
0.0
 10
78.2571657191
 20
245.9357035288
 30
0.0
 10
78.2637489515
 20
246.093446866
 30
0.0
 11
78.1033770145
 21
243.8762088616
 31
0.0
 11
78.1060442755
 21
243.9042567683
 31
0.0
 11
78.113596074
 21
243.9860415779
 31
0.0
 11
78.1254944285
 21
244.1189142903
 31
0.0
 11
78.141356734
 21
244.3017444435
 31
0.0
 11
78.1617874687
 21
244.5460625961
 31
0.0
 11
78.1860576375
 21
244.8508881676
 31
0.0
 11
78.212465719
 21
245.2076916635
 31
0.0
 11
78.239471301
 21
245.6204275322
 31
0.0
 11
78.2637489515
 21
246.093446866
 31
0.0
  0
SPLINE
  5
1154
100
AcDbEntity
  8
RUNDUNGEN
100
AcDbSpline
 62
7
  6
CONTINUOUS
 70
0
 71
3
 72
16
 73
12
 74
10
 42
0.0000001
 43
0.0000001
 44
0.0000000001
 12
-0.2125077155
 22
2.2130523565
 32
0.0
 13
-0.0927031556
 23
2.2212960803
 33
0.0
 40
0.0
 40
0.0
 40
0.0
 40
0.0
 40
0.0126727562
 40
0.0496157381
 40
0.109620511
 40
0.1921657322
 40
0.3024426581
 40
0.4399859223
 40
0.6009137231
 40
0.7869576877
 40
1.0
 40
1.0
 40
1.0
 40
1.0
 10
68.856003671
 20
243.8762088616
 30
0.0
 10
68.8551059849
 20
243.8855573525
 30
0.0
 10
68.8516271425
 20
243.9221614739
 30
0.0
 10
68.8441964888
 20
244.0030582945
 30
0.0
 10
68.8323466454
 20
244.1355475552
 30
0.0
 10
68.8161711566
 20
244.3222123985
 30
0.0
 10
68.7957693198
 20
244.5661873756
 30
0.0
 10
68.7716934891
 20
244.8681435617
 30
0.0
 10
68.7450825063
 20
245.2262217052
 30
0.0
 10
68.7177237123
 20
245.6403373747
 30
0.0
 10
68.7022149572
 20
245.9357037137
 30
0.0
 10
68.6956317257
 20
246.0934470648
 30
0.0
 11
68.856003671
 21
243.8762088616
 31
0.0
 11
68.8533364098
 21
243.9042567707
 31
0.0
 11
68.8457846106
 21
243.9860415874
 31
0.0
 11
68.8338862551
 21
244.1189143112
 31
0.0
 11
68.8180239483
 21
244.3017444805
 31
0.0
 11
68.7975932117
 21
244.5460626573
 31
0.0
 11
68.7733230412
 21
244.8508882556
 31
0.0
 11
68.7469149582
 21
245.207691781
 31
0.0
 11
68.7199093751
 21
245.6204276894
 31
0.0
 11
68.6956317257
 21
246.0934470648
 31
0.0
  0
LINE
  5
1155
100
AcDbEntity
  8
RUNDUNGEN
100
AcDbLine
 62
7
  6
CONTINUOUS
 10
85.7796903427
 20
216.6453795619
 11
85.3796903427
 21
217.0453795619
  0
SPLINE
  5
1156
100
AcDbEntity
  8
BEZUGSACHSEN
100
AcDbSpline
 62
7
  6
CONTINUOUS
 70
0
 71
3
 72
10
 73
6
 74
4
 42
0.0000001
 43
0.0000001
 44
0.0000000001
 12
0.1775593107
 22
-0.2476788829
 32
0.0
 13
0.2350302259
 23
0.1939920894
 33
0.0
 40
0.0
 40
0.0
 40
0.0
 40
0.0
 40
0.1140423707
 40
0.4523101868
 40
1.0
 40
1.0
 40
1.0
 40
1.0
 10
62.937274961
 20
236.2510807756
 30
0.0
 10
62.9440247225
 20
236.2416654799
 30
0.0
 10
62.9874015473
 20
236.3082128129
 30
0.0
 10
63.058178226
 20
236.3363959501
 30
0.0
 10
63.1303128444
 20
236.4084755401
 30
0.0
 10
63.1732207312
 20
236.4438913705
 30
0.0
 11
62.937274961
 21
236.2510807756
 31
0.0
 11
62.9651757793
 21
236.2718029376
 31
0.0
 11
63.0447306543
 21
236.3373615141
 31
0.0
 11
63.1732207312
 21
236.4438913705
 31
0.0
  0
SPLINE
  5
1157
100
AcDbEntity
  8
BEZUGSACHSEN
100
AcDbSpline
 62
7
  6
CONTINUOUS
 70
0
 71
3
 72
10
 73
6
 74
4
 42
0.0000001
 43
0.0000001
 44
0.0000000001
 12
0.2576952096
 22
0.1626816424
 32
0.0
 13
-0.1798300437
 23
0.2460351463
 33
0.0
 40
0.0
 40
0.0
 40
0.0
 40
0.0
 40
0.5476898132
 40
0.8859576293
 40
1.0
 40
1.0
 40
1.0
 40
1.0
 10
65.1105154006
 20
237.8462588344
 30
0.0
 10
65.157561081
 20
237.8759585272
 30
0.0
 10
65.2485648371
 20
237.9219714257
 30
0.0
 10
65.297444058
 20
237.9804047145
 30
0.0
 10
65.3742102614
 20
238.0008264299
 30
0.0
 10
65.3673741799
 20
238.0101792404
 30
0.0
 11
65.1105154006
 21
237.8462588344
 31
0.0
 11
65.2518477245
 21
237.9350478224
 31
0.0
 11
65.3389743054
 21
237.9901464975
 31
0.0
 11
65.3673741799
 21
238.0101792404
 31
0.0
  0
SPLINE
  5
1158
100
AcDbEntity
  8
0
100
AcDbSpline
 62
7
  6
CONTINUOUS
 70
0
 71
3
 72
11
 73
7
 74
5
 42
0.0000001
 43
0.0000001
 44
0.0000000001
 12
0.6874438907
 22
-0.9058827276
 32
0.0
 13
0.4221009296
 23
-1.0559514308
 33
0.0
 40
0.0
 40
0.0
 40
0.0
 40
0.0
 40
0.2036358214
 40
0.4317823022
 40
0.6988762041
 40
1.0
 40
1.0
 40
1.0
 40
1.0
 10
81.9906142573
 20
237.7131186773
 30
0.0
 10
82.0372769911
 20
237.6516286196
 30
0.0
 10
82.1245788306
 20
237.5125328362
 30
0.0
 10
82.2456480468
 20
237.2768025938
 30
0.0
 10
82.3683987153
 20
237.0008715565
 30
0.0
 10
82.4496237267
 20
236.8013763042
 30
0.0
 10
82.491991938
 20
236.6953856031
 30
0.0
 11
81.9906142573
 21
237.7131186773
 31
0.0
 11
82.1168422172
 21
237.5189732589
 31
0.0
 11
82.23689407
 21
237.2889736826
 31
0.0
 11
82.3617482584
 21
237.0120848774
 31
0.0
 11
82.491991938
 21
236.6953856031
 31
0.0
  0
SPLINE
  5
1159
100
AcDbEntity
  8
0
100
AcDbSpline
 62
7
  6
CONTINUOUS
 70
0
 71
3
 72
9
 73
5
 74
3
 42
0.0000001
 43
0.0000001
 44
0.0000000001
 12
0.1753015004
 22
-0.1106669233
 32
0.0
 13
0.1250047243
 23
-0.1653832001
 33
0.0
 40
0.0
 40
0.0
 40
0.0
 40
0.0
 40
0.4530728098
 40
1.0
 40
1.0
 40
1.0
 40
1.0
 10
81.8488652848
 20
237.8462588344
 30
0.0
 10
81.8753400659
 20
237.8295454431
 30
0.0
 10
81.9287011611
 20
237.7847172293
 30
0.0
 10
81.9738471563
 20
237.7321211724
 30
0.0
 10
81.9966366505
 20
237.7019703161
 30
0.0
 11
81.8488652848
 21
237.8462588344
 31
0.0
 11
81.9220066342
 21
237.7873300098
 31
0.0
 11
81.9966366505
 21
237.7019703161
 31
0.0
  0
SPLINE
  5
115A
100
AcDbEntity
  8
BEZUGSACHSEN
100
AcDbSpline
 62
7
  6
CONTINUOUS
 70
0
 71
3
 72
10
 73
6
 74
4
 42
0.0000001
 43
0.0000001
 44
0.0000000001
 12
-0.1798298479
 22
-0.2460348785
 32
0.0
 13
0.257694929
 23
-0.1626814653
 33
0.0
 40
0.0
 40
0.0
 40
0.0
 40
0.0
 40
0.1137859514
 40
0.4617727251
 40
1.0
 40
1.0
 40
1.0
 40
1.0
 10
81.5920068076
 20
238.0101790278
 30
0.0
 10
81.5851861041
 20
238.0008472569
 30
0.0
 10
81.6634045369
 20
237.9799748553
 30
0.0
 10
81.7117821722
 20
237.9215046601
 30
0.0
 10
81.8026324717
 20
237.8754453683
 30
0.0
 10
81.8488652848
 20
237.8462588344
 30
0.0
 11
81.5920068076
 21
238.0101790278
 31
0.0
 11
81.6203410088
 21
237.9901888169
 31
0.0
 11
81.7099762795
 21
237.9335158408
 31
0.0
 11
81.8488652848
 21
237.8462588344
 31
0.0
  0
SPLINE
  5
115B
100
AcDbEntity
  8
0
100
AcDbSpline
 62
7
  6
CONTINUOUS
 70
0
 71
3
 72
9
 73
5
 74
3
 42
0.0000001
 43
0.0000001
 44
0.0000000001
 12
0.1174949823
 22
0.1466576853
 32
0.0
 13
0.1589038055
 23
0.100315144
 33
0.0
 40
0.0
 40
0.0
 40
0.0
 40
0.0
 40
0.5243358861
 40
1.0
 40
1.0
 40
1.0
 40
1.0
 10
64.974627474
 20
237.717361367
 30
0.0
 10
64.9951630859
 20
237.7429939961
 30
0.0
 10
65.0366596599
 20
237.790090438
 30
0.0
 10
65.0853204547
 20
237.8303533964
 30
0.0
 10
65.1105154006
 20
237.8462588344
 30
0.0
 11
64.974627474
 21
237.717361367
 31
0.0
 11
65.0406490175
 21
237.7905039885
 31
0.0
 11
65.1105154006
 21
237.8462588344
 31
0.0
  0
SPLINE
  5
115C
100
AcDbEntity
  8
0
100
AcDbSpline
 62
7
  6
CONTINUOUS
 70
0
 71
3
 72
11
 73
7
 74
5
 42
0.0000001
 43
0.0000001
 44
0.0000000001
 12
0.4246253078
 22
1.0622590821
 32
0.0
 13
0.7152681135
 23
0.8928003894
 33
0.0
 40
0.0
 40
0.0
 40
0.0
 40
0.0
 40
0.3072310361
 40
0.5817178782
 40
0.8136141525
 40
1.0
 40
1.0
 40
1.0
 40
1.0
 10
64.467388897
 20
236.6953857114
 30
0.0
 10
64.5108749214
 20
236.8041720309
 30
0.0
 10
64.594597761
 20
237.0096004387
 30
0.0
 10
64.7213056983
 20
237.2929568504
 30
0.0
 10
64.8430241407
 20
237.5275336998
 30
0.0
 10
64.9301888562
 20
237.6618929146
 30
0.0
 10
64.974627474
 20
237.717361367
 30
0.0
 11
64.467388897
 21
236.6953857114
 31
0.0
 11
64.6012269368
 21
237.0203731846
 31
0.0
 11
64.7309088707
 21
237.3063523637
 31
0.0
 11
64.8552228596
 21
237.5407080404
 31
0.0
 11
64.974627474
 21
237.717361367
 31
0.0
  0
SPLINE
  5
115D
100
AcDbEntity
  8
0
100
AcDbSpline
 62
7
  6
CONTINUOUS
 70
0
 71
3
 72
9
 73
5
 74
3
 42
0.0000001
 43
0.0000001
 44
0.0000000001
 12
0.3890881205
 22
-0.0243997792
 32
0.0
 13
0.3882236854
 23
-0.0355989445
 33
0.0
 40
0.0
 40
0.0
 40
0.0
 40
0.0
 40
0.5153983511
 40
1.0
 40
1.0
 40
1.0
 40
1.0
 10
82.491991938
 20
236.6953856031
 30
0.0
 10
82.5588370633
 20
236.6911937345
 30
0.0
 10
82.6885111902
 20
236.6826782949
 30
0.0
 10
82.8180407878
 20
236.6721172571
 30
0.0
 10
82.8807520672
 20
236.6663668214
 30
0.0
 11
82.491991938
 21
236.6953856031
 31
0.0
 11
82.6924663336
 21
236.681872664
 31
0.0
 11
82.8807520672
 21
236.6663668214
 31
0.0
  0
SPLINE
  5
115E
100
AcDbEntity
  8
0
100
AcDbSpline
 62
7
  6
CONTINUOUS
 70
0
 71
3
 72
11
 73
7
 74
5
 42
0.0000001
 43
0.0000001
 44
0.0000000001
 12
1.0715382603
 22
0.4006318438
 32
0.0
 13
1.1417413612
 23
0.0716015465
 33
0.0
 40
0.0
 40
0.0
 40
0.0
 40
0.0
 40
0.1865015046
 40
0.4187917972
 40
0.6935865092
 40
1.0
 40
1.0
 40
1.0
 40
1.0
 10
63.3381122673
 20
236.5327219229
 30
0.0
 10
63.4047267665
 20
236.5576280701
 30
0.0
 10
63.5597802325
 20
236.5985082938
 30
0.0
 10
63.8209516767
 20
236.6408896004
 30
0.0
 10
64.1296670434
 20
236.6727174332
 30
0.0
 10
64.3507739117
 20
236.6880724848
 30
0.0
 10
64.467388897
 20
236.6953857114
 30
0.0
 11
63.3381122673
 21
236.5327219229
 31
0.0
 11
63.5433516452
 21
236.5910062849
 31
0.0
 11
63.8052592797
 21
236.635953507
 31
0.0
 11
64.1177895123
 21
236.6698296346
 31
0.0
 11
64.467388897
 21
236.6953857114
 31
0.0
  0
SPLINE
  5
115F
100
AcDbEntity
  8
0
100
AcDbSpline
 62
7
  6
CONTINUOUS
 70
0
 71
3
 72
9
 73
5
 74
3
 42
0.0000001
 43
0.0000001
 44
0.0000000001
 12
0.1449283314
 22
0.1196226984
 32
0.0
 13
0.1760191451
 23
0.0658108789
 33
0.0
 40
0.0
 40
0.0
 40
0.0
 40
0.0
 40
0.4735224922
 40
1.0
 40
1.0
 40
1.0
 40
1.0
 10
63.1732207312
 20
236.4438913705
 30
0.0
 10
63.1960963394
 20
236.4627727165
 30
0.0
 10
63.2495218389
 20
236.4964506382
 30
0.0
 10
63.307222227
 20
236.5211726071
 30
0.0
 10
63.3381122673
 20
236.5327219229
 30
0.0
 11
63.1732207312
 21
236.4438913705
 31
0.0
 11
63.2476512215
 21
236.4926590878
 31
0.0
 11
63.3381122673
 21
236.5327219229
 31
0.0
  0
LINE
  5
1160
100
AcDbEntity
  8
RUNDUNGEN
100
AcDbLine
 62
7
  6
CONTINUOUS
 10
66.4796903427
 20
216.6453795619
 11
66.8796903427
 21
217.0453795619
  0
SPLINE
  5
1161
100
AcDbEntity
  8
0
100
AcDbSpline
 62
7
  6
CONTINUOUS
 70
0
 71
3
 72
13
 73
9
 74
7
 42
0.0000001
 43
0.0000001
 44
0.0000000001
 12
0.7890367473
 22
-0.3326659932
 32
0.0
 13
-0.8288988209
 23
-0.1094756692
 33
0.0
 40
0.0
 40
0.0
 40
0.0
 40
0.0
 40
0.0068353686
 40
0.1626218775
 40
0.4226026764
 40
0.5933649796
 40
0.8674693739
 40
1.0
 40
1.0
 40
1.0
 40
1.0
 10
70.7653881834
 20
198.4833795619
 30
0.0
 10
70.767185969
 20
198.482621597
 30
0.0
 10
70.8092573447
 20
198.4631786389
 30
0.0
 10
70.8753735565
 20
198.3293135073
 30
0.0
 10
70.8198366954
 20
198.1581596542
 30
0.0
 10
70.7076526696
 20
197.9736651424
 30
0.0
 10
70.5300332639
 20
197.9260646211
 30
0.0
 10
70.4076676084
 20
197.9122158549
 30
0.0
 10
70.3710494485
 20
197.9073795619
 30
0.0
 11
70.7653881834
 21
198.4833795619
 31
0.0
 11
70.7706933019
 21
198.4809304752
 31
0.0
 11
70.8444128075
 21
198.3637752027
 31
0.0
 11
70.8012719929
 21
198.1368413598
 31
0.0
 11
70.7143695296
 21
198.0124683781
 31
0.0
 11
70.4877198463
 21
197.9233329119
 31
0.0
 11
70.3710494485
 21
197.9073795619
 31
0.0
  0
SPLINE
  5
1162
100
AcDbEntity
  8
0
100
AcDbSpline
 62
7
  6
CONTINUOUS
 70
0
 71
3
 72
13
 73
9
 74
7
 42
0.0000001
 43
0.0000001
 44
0.0000000001
 12
1.6741385122
 22
1.049753481
 32
0.0
 13
-2.1986800158
 23
-0.2906072739
 33
0.0
 40
0.0
 40
0.0
 40
0.0
 40
0.0
 40
0.2390703831
 40
0.5035740919
 40
0.6186256789
 40
0.7672689984
 40
0.9127990237
 40
1.0
 40
1.0
 40
1.0
 40
1.0
 10
70.8150276345
 20
197.4853972344
 30
0.0
 10
70.9484399464
 20
197.5690522234
 30
0.0
 10
71.2999936592
 20
197.7217589869
 30
0.0
 10
71.6874248031
 20
197.9828496466
 30
0.0
 10
71.8280223808
 20
198.348704484
 30
0.0
 10
71.7951994893
 20
198.6686351613
 30
0.0
 10
71.5558569223
 20
198.8549142691
 30
0.0
 10
71.3803245547
 20
198.8758266412
 30
0.0
 10
71.3164155401
 20
198.8673795619
 30
0.0
 11
70.8150276345
 21
197.4853972344
 31
0.0
 11
71.2740845249
 21
197.7275304096
 31
0.0
 11
71.7146482796
 21
198.0958040885
 31
0.0
 11
71.8016928281
 21
198.3299124302
 31
0.0
 11
71.7538376672
 21
198.6490357539
 31
0.0
 11
71.5077254766
 21
198.8471325487
 31
0.0
 11
71.3164155401
 21
198.8673795619
 31
0.0
  0
LINE
  5
1163
100
AcDbEntity
  8
RUNDUNGEN
100
AcDbLine
 62
9
  6
CONTINUOUS
 10
83.5673103303
 20
241.7176499077
 11
83.6964857558
 21
241.8011385226
  0
LINE
  5
1164
100
AcDbEntity
  8
RUNDUNGEN
100
AcDbLine
 62
9
  6
CONTINUOUS
 10
63.2628949297
 20
241.8011385226
 11
63.3920703552
 21
241.7176499078
  0
LINE
  5
1165
100
AcDbEntity
  8
RUNDUNGEN
100
AcDbLine
 62
9
  6
CONTINUOUS
 10
62.9415332156
 20
240.4632008279
 11
63.0686494656
 21
240.3776524288
  0
LINE
  5
1166
100
AcDbEntity
  8
RUNDUNGEN
100
AcDbLine
 62
9
  6
CONTINUOUS
 10
60.7873286534
 20
244.1417097448
 11
60.7956035545
 21
243.9796956363
  0
LINE
  5
1167
100
AcDbEntity
  8
RUNDUNGEN
100
AcDbLine
 62
9
  6
CONTINUOUS
 10
62.1907543791
 20
243.7983902143
 11
62.2018572501
 21
243.6389096924
  0
LINE
  5
1168
100
AcDbEntity
  8
RUNDUNGEN
100
AcDbLine
 62
9
  6
CONTINUOUS
 10
83.89073122
 20
240.3776524288
 11
84.0178474699
 21
240.4632008279
  0
LINE
  5
1169
100
AcDbEntity
  8
RUNDUNGEN
100
AcDbLine
 62
9
  6
CONTINUOUS
 10
84.7575234354
 20
243.6389096924
 11
84.7667871666
 21
243.7718588351
  0
LINE
  5
116A
100
AcDbEntity
  8
RUNDUNGEN
100
AcDbLine
 62
9
  6
CONTINUOUS
 10
84.7667871666
 20
243.7718588351
 11
84.7686263064
 21
243.7983902143
  0
LINE
  5
116B
100
AcDbEntity
  8
RUNDUNGEN
100
AcDbLine
 62
9
  6
CONTINUOUS
 10
86.163777131
 20
243.9796956363
 11
86.1720520321
 21
244.1417097448
  0
SPLINE
  5
116C
100
AcDbEntity
  8
0
100
AcDbSpline
 62
7
  6
CONTINUOUS
 70
0
 71
3
 72
16
 73
12
 74
10
 42
0.0000001
 43
0.0000001
 44
0.0000000001
 12
-105.4099655676
 22
16.4722777224
 32
0.0
 13
110.9147766314
 23
-12.8956940769
 33
0.0
 40
0.0
 40
0.0
 40
0.0
 40
0.0
 40
0.0941270453
 40
0.2230962277
 40
0.3040761536
 40
0.4420744828
 40
0.5737968417
 40
0.7210985218
 40
0.83887147
 40
0.9466790919
 40
1.0
 40
1.0
 40
1.0
 40
1.0
 10
63.2851370864
 20
263.7866271994
 30
0.0
 10
59.9778275528
 20
264.303456143
 30
0.0
 10
52.4551526709
 20
262.1067116771
 30
0.0
 10
36.6501357941
 20
263.1148174359
 30
0.0
 10
40.1242457878
 20
247.7481499077
 30
0.0
 10
40.2678353049
 20
235.6636985066
 30
0.0
 10
34.5190763192
 20
220.3755231436
 30
0.0
 10
38.501679653
 20
206.4537946029
 30
0.0
 10
33.2598474207
 20
190.383541991
 30
0.0
 10
45.2260761706
 20
186.4453462006
 30
0.0
 10
51.3399627723
 20
185.4309593128
 30
0.0
 10
53.311321642
 20
185.20175594
 30
0.0
 11
63.2851370864
 21
263.7866271994
 31
0.0
 11
52.9049327054
 21
262.9724935224
 31
0.0
 11
39.0646601973
 21
259.5124253954
 31
0.0
 11
39.2681936166
 21
250.556954949
 31
0.0
 11
39.2681936166
 21
235.2919485063
 31
0.0
 11
36.215192328
 21
221.0446091598
 31
0.0
 11
36.8257925857
 21
204.7619356209
 31
0.0
 11
36.6222591665
 21
191.7357967898
 31
0.0
 11
47.2059969668
 21
186.2403944704
 31
0.0
 11
53.311321642
 21
185.20175594
 31
0.0
  0
SPLINE
  5
116D
100
AcDbEntity
  8
0
100
AcDbSpline
 62
7
  6
CONTINUOUS
 70
0
 71
3
 72
15
 73
11
 74
9
 42
0.0000001
 43
0.0000001
 44
0.0000000001
 12
108.2402699432
 22
-13.7502620151
 32
0.0
 13
-105.7218002328
 23
18.8594112626
 33
0.0
 40
0.0
 40
0.0
 40
0.0
 40
0.0
 40
0.187839851
 40
0.2873003689
 40
0.425003065
 40
0.5608417748
 40
0.6823300724
 40
0.8421189908
 40
0.9436550291
 40
1.0
 40
1.0
 40
1.0
 40
1.0
 10
82.9068205892
 20
184.830936359
 30
0.0
 10
89.6840993139
 20
183.9699873031
 30
0.0
 10
100.630136388
 20
180.230794159
 30
0.0
 10
111.16864016
 20
193.8420688061
 30
0.0
 10
106.5811657817
 20
207.0054593416
 30
0.0
 10
110.294881137
 20
220.5448274584
 30
0.0
 10
105.1815375218
 20
234.8873214759
 30
0.0
 10
109.1719879948
 20
247.2462864468
 30
0.0
 10
107.5634605818
 20
260.1662775378
 30
0.0
 10
102.618606376
 20
262.039064049
 30
0.0
 10
100.6329757916
 20
262.3932750416
 30
0.0
 11
82.9068205892
 21
184.830936359
 31
0.0
 11
102.3635535797
 21
184.6121271166
 31
0.0
 11
108.6730895761
 21
192.753463886
 31
0.0
 11
108.0624893183
 21
207.0008032325
 31
0.0
 11
108.8766229953
 21
221.0446091598
 31
0.0
 11
106.8412888029
 21
233.4601477332
 31
0.0
 11
108.2660227376
 21
249.9463546913
 31
0.0
 11
105.6200882875
 21
260.1230256531
 31
0.0
 11
100.6329757916
 21
262.3932750416
 31
0.0
  0
SPLINE
  5
116E
100
AcDbEntity
  8
0
100
AcDbSpline
 62
7
  6
CONTINUOUS
 70
0
 71
3
 72
9
 73
5
 74
3
 42
0.0000001
 43
0.0000001
 44
0.0000000001
 12
29.949582965
 22
-3.4821389122
 32
0.0
 13
31.2193315428
 23
-3.9659360502
 33
0.0
 40
0.0
 40
0.0
 40
0.0
 40
0.0
 40
0.3565350095
 40
1.0
 40
1.0
 40
1.0
 40
1.0
 10
53.311321642
 20
185.20175594
 30
0.0
 10
56.8706799241
 20
184.78792113
 30
0.0
 10
66.379712048
 20
184.6007943083
 30
0.0
 10
76.2106382974
 20
185.6815833599
 30
0.0
 10
82.9068205892
 20
184.830936359
 30
0.0
 11
53.311321642
 21
185.20175594
 31
0.0
 11
63.6922039249
 21
184.8156605358
 31
0.0
 11
82.9068205892
 21
184.830936359
 31
0.0
  0
SPLINE
  5
116F
100
AcDbEntity
  8
0
100
AcDbSpline
 62
7
  6
CONTINUOUS
 70
0
 71
3
 72
11
 73
7
 74
5
 42
0.0000001
 43
0.0000001
 44
0.0000000001
 12
-37.6981702121
 22
6.7248693676
 32
0.0
 13
-35.1887654177
 23
5.4989024382
 33
0.0
 40
0.0
 40
0.0
 40
0.0
 40
0.0
 40
0.1911448339
 40
0.4171941523
 40
0.8636466171
 40
1.0
 40
1.0
 40
1.0
 40
1.0
 10
100.6329757916
 20
262.3932750416
 30
0.0
 10
98.2310389633
 20
262.8217497211
 30
0.0
 10
92.2830570607
 20
262.7536109375
 30
0.0
 10
82.1426930857
 20
262.707703225
 30
0.0
 10
71.8539196136
 20
261.0254150321
 30
0.0
 10
64.8845061546
 20
263.5366958828
 30
0.0
 10
63.2851370864
 20
263.7866271994
 30
0.0
 11
100.6329757916
 21
262.3932750416
 31
0.0
 11
93.0010162949
 21
262.7689601032
 31
0.0
 11
84.6561461062
 21
262.565426684
 31
0.0
 11
68.1699391481
 21
262.565426684
 31
0.0
 11
63.2851370864
 21
263.7866271994
 31
0.0
  0
SPLINE
  5
1170
100
AcDbEntity
  8
0
100
AcDbSpline
 62
3
  6
CONTINUOUS
 70
0
 71
3
 72
10
 73
6
 74
4
 42
0.0000001
 43
0.0000001
 44
0.0000000001
 12
0.093347443
 22
-0.3751851656
 32
0.0
 13
-0.0933474431
 23
-0.3751851656
 33
0.0
 40
0.0
 40
0.0
 40
0.0
 40
0.0
 40
0.3291302369
 40
0.6708697391
 40
1.0
 40
1.0
 40
1.0
 40
1.0
 10
87.0702295636
 20
224.4368900998
 30
0.0
 10
87.0804707189
 20
224.3957285056
 30
0.0
 10
87.0954509632
 20
224.3101562627
 30
0.0
 10
87.0954509638
 20
224.1806028673
 30
0.0
 10
87.0804707197
 20
224.0950306211
 30
0.0
 10
87.0702295636
 20
224.0538690239
 30
0.0
 11
87.0702295636
 21
224.4368900998
 31
0.0
 11
87.0915637994
 21
224.3114418107
 31
0.0
 11
87.0915638001
 21
224.1793173223
 31
0.0
 11
87.0702295636
 21
224.0538690239
 31
0.0
  0
SPLINE
  5
1171
100
AcDbEntity
  8
0
100
AcDbSpline
 62
3
  6
CONTINUOUS
 70
0
 71
3
 72
10
 73
6
 74
4
 42
0.0000001
 43
0.0000001
 44
0.0000000001
 12
-0.093347443
 22
0.3751851656
 32
0.0
 13
0.0933474431
 23
0.3751851656
 33
0.0
 40
0.0
 40
0.0
 40
0.0
 40
0.0
 40
0.3291302369
 40
0.6708697391
 40
1.0
 40
1.0
 40
1.0
 40
1.0
 10
59.8891511219
 20
224.0538690239
 30
0.0
 10
59.8789099665
 20
224.0950306181
 30
0.0
 10
59.8639297223
 20
224.180602861
 30
0.0
 10
59.8639297216
 20
224.3101562564
 30
0.0
 10
59.8789099658
 20
224.3957285026
 30
0.0
 10
59.8891511219
 20
224.4368900998
 30
0.0
 11
59.8891511219
 21
224.0538690239
 31
0.0
 11
59.8678168861
 21
224.179317313
 31
0.0
 11
59.8678168853
 21
224.3114418014
 31
0.0
 11
59.8891511219
 21
224.4368900998
 31
0.0
  0
LINE
  5
1172
100
AcDbEntity
  8
0
100
AcDbLine
 62
7
  6
CONTINUOUS
 10
180.0773361864
 20
256.4572758442
 11
179.9464472701
 21
256.6070975774
  0
SPLINE
  5
1173
100
AcDbEntity
  8
RUNDUNGEN
100
AcDbSpline
 62
7
  6
CONTINUOUS
 70
0
 71
3
 72
9
 73
5
 74
3
 42
0.0000001
 43
0.0000001
 44
0.0000000001
 12
-0.0383274942
 22
0.0000000001
 32
0.0
 13
-0.0025921443
 23
-0.0390240633
 33
0.0
 40
0.0
 40
0.0
 40
0.0
 40
0.0
 40
0.4853220801
 40
1.0
 40
1.0
 40
1.0
 40
1.0
 10
180.0672014828
 20
246.4762182172
 30
0.0
 10
180.0610010897
 20
246.4762182172
 30
0.0
 10
180.0668057733
 20
246.4557375746
 30
0.0
 10
180.0674521574
 20
246.4410466835
 30
0.0
 10
180.0670074509
 20
246.4343517423
 30
0.0
 11
180.0672014828
 21
246.4762182172
 31
0.0
 11
180.0654203989
 21
246.4577025048
 31
0.0
 11
180.0670074509
 21
246.4343517423
 31
0.0
  0
SPLINE
  5
1174
100
AcDbEntity
  8
RUNDUNGEN
100
AcDbSpline
 62
7
  6
CONTINUOUS
 70
0
 71
3
 72
11
 73
7
 74
5
 42
0.0000001
 43
0.0000001
 44
0.0000000001
 12
-0.0235080417
 22
-0.3539075036
 32
0.0
 13
-0.0593836588
 23
-0.3424801186
 33
0.0
 40
0.0
 40
0.0
 40
0.0
 40
0.0
 40
0.1012647733
 40
0.3428451829
 40
0.6551688249
 40
1.0
 40
1.0
 40
1.0
 40
1.0
 10
180.0670074509
 20
246.4343517423
 30
0.0
 10
180.0662139387
 20
246.4224056212
 30
0.0
 10
180.0551475406
 20
246.3912970017
 30
0.0
 10
180.0530827441
 20
246.3091849121
 30
0.0
 10
180.0371409919
 20
246.2087624368
 30
0.0
 10
180.0258293993
 20
246.1328138342
 30
0.0
 10
180.0190036203
 20
246.0934478936
 30
0.0
 11
180.0670074509
 21
246.4343517423
 31
0.0
 11
180.060547846
 21
246.402994088
 31
0.0
 11
180.0517688215
 21
246.3194832459
 31
0.0
 11
180.0377955403
 21
246.2118255967
 31
0.0
 11
180.0190036203
 21
246.0934478936
 31
0.0
  0
SPLINE
  5
1175
100
AcDbEntity
  8
RUNDUNGEN
100
AcDbSpline
 62
7
  6
CONTINUOUS
 70
0
 71
3
 72
16
 73
12
 74
10
 42
0.0000001
 43
0.0000001
 44
0.0000000001
 12
3.5069976578
 22
0.0
 32
0.0
 13
0.5991488339
 23
3.4554382134
 33
0.0
 40
0.0
 40
0.0
 40
0.0
 40
0.0
 40
0.0976998803
 40
0.1949409115
 40
0.2927674589
 40
0.392462297
 40
0.4999860514
 40
0.6143325744
 40
0.7335970771
 40
0.8610352797
 40
1.0
 40
1.0
 40
1.0
 40
1.0
 10
177.6773361864
 20
243.8762088616
 30
0.0
 10
177.7915472702
 20
243.8762088616
 30
0.0
 10
178.0198521104
 20
243.8951381613
 30
0.0
 10
178.353339287
 20
243.9778216036
 30
0.0
 10
178.6721892621
 20
244.1120577619
 30
0.0
 10
178.9771372455
 20
244.2995023754
 30
0.0
 10
179.2644043575
 20
244.5443823721
 30
0.0
 10
179.5241971517
 20
244.849179615
 30
0.0
 10
179.7446640222
 20
245.2111377282
 30
0.0
 10
179.9171616577
 20
245.6295378215
 30
0.0
 10
179.9912502593
 20
245.9333857299
 30
0.0
 10
180.019003776
 20
246.0934470648
 30
0.0
 11
177.6773361864
 21
243.8762088616
 31
0.0
 11
178.0188195091
 21
243.9042567707
 31
0.0
 11
178.349891494
 21
243.9860415874
 31
0.0
 11
178.6661935513
 21
244.1189143112
 31
0.0
 11
178.9642102642
 21
244.3017444805
 31
0.0
 11
179.2514421287
 21
244.5460626573
 31
0.0
 11
179.5120045426
 21
244.8508882556
 31
0.0
 11
179.7302542831
 21
245.207691781
 31
0.0
 11
179.9016936396
 21
245.6204276894
 31
0.0
 11
180.019003776
 21
246.0934470648
 31
0.0
  0
LINE
  5
1176
100
AcDbEntity
  8
RUNDUNGEN
100
AcDbLine
 62
9
  6
CONTINUOUS
 10
170.4674558937
 20
244.1162987017
 11
170.492536258
 21
245.2397752157
  0
SPLINE
  5
1177
100
AcDbEntity
  8
RUNDUNGEN
100
AcDbSpline
 62
7
  6
CONTINUOUS
 70
0
 71
3
 72
12
 73
8
 74
6
 42
0.0000001
 43
0.0000001
 44
0.0000000001
 12
0.0
 22
0.4413967195
 32
0.0
 13
0.4413967195
 23
0.0
 33
0.0
 40
0.0
 40
0.0
 40
0.0
 40
0.0
 40
0.0835864108
 40
0.2321319646
 40
0.442895669
 40
0.7095057397
 40
1.0
 40
1.0
 40
1.0
 40
1.0
 10
170.0773361864
 20
245.1418392734
 30
0.0
 10
170.0773361864
 20
245.1541375292
 30
0.0
 10
170.1044429252
 20
245.1832771159
 30
0.0
 10
170.1648896568
 20
245.204234284
 30
0.0
 10
170.2554403541
 20
245.225014553
 30
0.0
 10
170.3677678167
 20
245.2368300728
 30
0.0
 10
170.4497951869
 20
245.2397752157
 30
0.0
 10
170.492536258
 20
245.2397752157
 30
0.0
 11
170.0773361864
 21
245.1418392734
 31
0.0
 11
170.0974506162
 21
245.1727687672
 31
0.0
 11
170.1569008896
 21
245.2004231463
 31
0.0
 11
170.2475115784
 21
245.2215029908
 31
0.0
 11
170.364395635
 21
245.2351737808
 31
0.0
 11
170.492536258
 21
245.2397752157
 31
0.0
  0
SPLINE
  5
1178
100
AcDbEntity
  8
RUNDUNGEN
100
AcDbSpline
 62
7
  6
CONTINUOUS
 70
0
 71
3
 72
14
 73
10
 74
8
 42
0.0000001
 43
0.0000001
 44
0.0000000001
 12
1.3498376725
 22
0.0
 32
0.0
 13
0.3375436918
 23
1.3069529441
 33
0.0
 40
0.0
 40
0.0
 40
0.0
 40
0.0
 40
0.1267935438
 40
0.2538974434
 40
0.3832384764
 40
0.5178131947
 40
0.66568348
 40
0.8277911743
 40
1.0
 40
1.0
 40
1.0
 40
1.0
 10
177.6773361864
 20
245.2397752157
 30
0.0
 10
177.7343864204
 20
245.2397752157
 30
0.0
 10
177.8489206927
 20
245.2512304436
 30
0.0
 10
178.015015695
 20
245.3010036836
 30
0.0
 10
178.1722878543
 20
245.3820548471
 30
0.0
 10
178.3197068866
 20
245.4959434486
 30
0.0
 10
178.4535060642
 20
245.6462607381
 30
0.0
 10
178.5647272952
 20
245.8340977035
 30
0.0
 10
178.615398652
 20
245.9768465925
 30
0.0
 10
178.6347746529
 20
246.0518695365
 30
0.0
 11
177.6773361864
 21
245.2397752157
 31
0.0
 11
177.8476595639
 21
245.2565832459
 31
0.0
 11
178.0120813455
 21
245.3055895349
 31
0.0
 11
178.1673803461
 21
245.3853622035
 31
0.0
 11
178.3112906935
 21
245.4962134394
 31
0.0
 11
178.4442610078
 21
245.6450738019
 31
0.0
 11
178.5561802707
 21
245.8331053556
 31
0.0
 11
178.6347746529
 21
246.0518695365
 31
0.0
  0
SPLINE
  5
1179
100
AcDbEntity
  8
RUNDUNGEN
100
AcDbSpline
 62
7
  6
CONTINUOUS
 70
0
 71
3
 72
12
 73
8
 74
6
 42
0.0000001
 43
0.0000001
 44
0.0000000001
 12
0.1070298744
 22
0.4144145297
 32
0.0
 13
0.3762531666
 23
0.0581845097
 33
0.0
 40
0.0
 40
0.0
 40
0.0
 40
0.0
 40
0.3015903957
 40
0.5850323475
 40
0.8060068156
 40
0.9521182028
 40
1.0
 40
1.0
 40
1.0
 40
1.0
 10
178.6347900403
 20
246.0518754107
 30
0.0
 10
178.6455497677
 20
246.093536558
 30
0.0
 10
178.6629043778
 20
246.1759268863
 30
0.0
 10
178.6815365398
 20
246.2867642647
 30
0.0
 10
178.6826265054
 20
246.3872997178
 30
0.0
 10
178.69714692
 20
246.4310598421
 30
0.0
 10
178.6856200804
 20
246.4751139305
 30
0.0
 10
178.6916253063
 20
246.4760425901
 30
0.0
 11
178.6347900403
 21
246.0518754107
 31
0.0
 11
178.6624247443
 21
246.177967161
 31
0.0
 11
178.6795656104
 21
246.2980668686
 31
0.0
 11
178.6871836519
 21
246.3923394269
 31
0.0
 11
178.6901944673
 21
246.4548044248
 31
0.0
 11
178.6916253063
 21
246.4760425901
 31
0.0
  0
SPLINE
  5
117A
100
AcDbEntity
  8
RUNDUNGEN
100
AcDbSpline
 62
9
  6
CONTINUOUS
 70
0
 71
3
 72
10
 73
6
 74
4
 42
0.0000001
 43
0.0000001
 44
0.0000000001
 12
-1.38494406
 22
-0.0110695807
 32
0.0
 13
-1.3833713791
 23
-0.0669045027
 33
0.0
 40
0.0
 40
0.0
 40
0.0
 40
0.0
 40
0.3648552597
 40
0.6952800441
 40
1.0
 40
1.0
 40
1.0
 40
1.0
 10
180.0190036203
 20
246.0934478936
 30
0.0
 10
179.8505689121
 20
246.0921016287
 30
0.0
 10
179.5296049074
 20
246.0882814115
 30
0.0
 10
179.0680657441
 20
246.0754484828
 30
0.0
 10
178.7753036622
 20
246.0586711231
 30
0.0
 10
178.6347900403
 20
246.0518754107
 30
0.0
 11
180.0190036203
 21
246.0934478936
 31
0.0
 11
179.513728583
 21
246.0866872069
 31
0.0
 11
179.0563053698
 21
246.0727838715
 31
0.0
 11
178.6347900403
 21
246.0518754107
 31
0.0
  0
SPLINE
  5
117B
100
AcDbEntity
  8
RUNDUNGEN
100
AcDbSpline
 62
7
  6
CONTINUOUS
 70
0
 71
3
 72
14
 73
10
 74
8
 42
0.0000001
 43
0.0000001
 44
0.0000000001
 12
1.3162041934
 22
0.0856543889
 32
0.0
 13
0.0
 23
-1.3186754106
 33
0.0
 40
0.0
 40
0.0
 40
0.0
 40
0.0
 40
0.0522659524
 40
0.2674012642
 40
0.4763894805
 40
0.6607604755
 40
0.8114935835
 40
0.9214380347
 40
1.0
 40
1.0
 40
1.0
 40
1.0
 10
166.2666518725
 20
244.791362715
 30
0.0
 10
166.289582761
 20
244.7928549844
 30
0.0
 10
166.4069874452
 20
244.7991799003
 30
0.0
 10
166.61666425
 20
244.7991799003
 30
0.0
 10
166.8834437753
 20
244.7763514263
 30
0.0
 10
167.1192836781
 20
244.7325055358
 30
0.0
 10
167.3047687611
 20
244.6685094159
 30
0.0
 10
167.4349556649
 20
244.5908708389
 30
0.0
 10
167.4773361864
 20
244.5100696721
 30
0.0
 10
167.4773361864
 20
244.4755370948
 30
0.0
 11
166.2666518725
 21
244.791362715
 31
0.0
 11
166.3354893636
 21
244.7950858682
 31
0.0
 11
166.6191830093
 21
244.7950858682
 31
0.0
 11
166.8936847739
 21
244.7706457665
 31
0.0
 11
167.1321721319
 21
244.7233828037
 31
0.0
 11
167.318890981
 21
244.6552299878
 31
0.0
 11
167.4368072817
 21
244.570878051
 31
0.0
 11
167.4773361864
 21
244.4755370948
 31
0.0
  0
SPLINE
  5
117C
100
AcDbEntity
  8
0
100
AcDbSpline
 62
7
  6
CONTINUOUS
 70
0
 71
3
 72
15
 73
11
 74
9
 42
0.0000001
 43
0.0000001
 44
0.0000000001
 12
-4.2258058712
 22
-0.0
 32
0.0
 13
0.0
 23
4.2258058712
 33
0.0
 40
0.0
 40
0.0
 40
0.0
 40
0.0
 40
0.0486777731
 40
0.1157768657
 40
0.2090490353
 40
0.3303909523
 40
0.4756664348
 40
0.638453993
 40
0.8161222603
 40
1.0
 40
1.0
 40
1.0
 40
1.0
 10
180.0773361864
 20
246.4762088616
 30
0.0
 10
180.0087685799
 20
246.4762088616
 30
0.0
 10
179.8479449069
 20
246.5561633802
 30
0.0
 10
179.6975673337
 20
246.8166007745
 30
0.0
 10
179.5672930956
 20
247.1914322996
 30
0.0
 10
179.4625736339
 20
247.6888416916
 30
0.0
 10
179.3798612247
 20
248.2880943347
 30
0.0
 10
179.3207683579
 20
248.9700425172
 30
0.0
 10
179.2851886664
 20
249.7078778347
 30
0.0
 10
179.2773361864
 20
250.2171983175
 30
0.0
 10
179.2773361864
 20
250.4762088616
 30
0.0
 11
180.0773361864
 21
246.4762088616
 31
0.0
 11
179.8872407941
 21
246.5548052469
 31
0.0
 11
179.7236071085
 21
246.7863723808
 31
0.0
 11
179.5872238953
 21
247.1561749038
 31
0.0
 11
179.4749694025
 21
247.6565041159
 31
0.0
 11
179.3880960258
 21
248.2642323257
 31
0.0
 11
179.3267663381
 21
248.9494016022
 31
0.0
 11
179.2896382417
 21
249.6992746193
 31
0.0
 11
179.2773361864
 21
250.4762088616
 31
0.0
  0
SPLINE
  5
117D
100
AcDbEntity
  8
02___PRT_ALL_AXES
100
AcDbSpline
 62
7
  6
CONTINUOUS
 70
0
 71
3
 72
29
 73
25
 74
23
 42
0.0000001
 43
0.0000001
 44
0.0000000001
 12
-1.3409216645
 22
0.0
 32
0.0
 13
-1.3409216645
 23
0.0
 33
0.0
 40
0.0
 40
0.0
 40
0.0
 40
0.0
 40
0.048459843
 40
0.0953404017
 40
0.1392449821
 40
0.1823278783
 40
0.22300868
 40
0.261082209
 40
0.3363001449
 40
0.4089486545
 40
0.4781413015
 40
0.5470014715
 40
0.6166834683
 40
0.6857515961
 40
0.7516959784
 40
0.8133519615
 40
0.8697322661
 40
0.9174598039
 40
0.9373881883
 40
0.9553520555
 40
0.9707158984
 40
0.9828082232
 40
0.9925319132
 40
1.0
 40
1.0
 40
1.0
 40
1.0
 10
135.2667028698
 20
213.2321002334
 30
0.0
 10
135.2450425854
 20
213.2321002334
 30
0.0
 10
135.2024214857
 20
213.2332305148
 30
0.0
 10
135.1403329484
 20
213.237882445
 30
0.0
 10
135.0809359293
 20
213.2453021047
 30
0.0
 10
135.0246773843
 20
213.2549665146
 30
0.0
 10
134.9714427286
 20
213.266540131
 30
0.0
 10
134.9049371523
 20
213.2843197697
 30
0.0
 10
134.826182879
 20
213.3112803869
 30
0.0
 10
134.7375310429
 20
213.3509834107
 30
0.0
 10
134.6547325432
 20
213.3960086314
 30
0.0
 10
134.5759137541
 20
213.4451706748
 30
0.0
 10
134.4995737683
 20
213.4979803576
 30
0.0
 10
134.4263286735
 20
213.5528250198
 30
0.0
 10
134.3565466469
 20
213.6062787999
 30
0.0
 10
134.2905653876
 20
213.6553801632
 30
0.0
 10
134.2294821389
 20
213.6973450053
 30
0.0
 10
134.1819861612
 20
213.7260789212
 30
0.0
 10
134.1477702258
 20
213.7432656446
 30
0.0
 10
134.1258814508
 20
213.7526589253
 30
0.0
 10
134.1067308248
 20
213.7594503488
 30
0.0
 10
134.0906517831
 20
213.7637340894
 30
0.0
 10
134.0777266548
 20
213.7659177811
 30
0.0
 10
134.0700409096
 20
213.7664242051
 30
0.0
 10
134.0667028698
 20
213.7664242051
 30
0.0
 11
135.2667028698
 21
213.2321002334
 31
0.0
 11
135.2017437343
 21
213.2337801162
 31
0.0
 11
135.139059138
 21
213.2385148678
 31
0.0
 11
135.0806386351
 21
213.245796916
 31
0.0
 11
135.023701511
 21
213.2555758704
 31
0.0
 11
134.9704086039
 21
213.2672181763
 31
0.0
 11
134.9210883105
 21
213.2804083528
 31
0.0
 11
134.8256732952
 21
213.3131037463
 31
0.0
 11
134.7366947114
 21
213.3527607882
 31
0.0
 11
134.6550716607
 21
213.396876116
 31
0.0
 11
134.5766264292
 21
213.4455823772
 31
0.0
 11
134.4996938557
 21
213.4986112136
 31
0.0
 11
134.4253171195
 21
213.5537984394
 31
0.0
 11
134.3548951577
 21
213.6072769317
 31
0.0
 11
134.2883556791
 21
213.6563461977
 31
0.0
 11
134.225853205
 21
213.69887899
 31
0.0
 11
134.1707788174
 21
213.7314776045
 31
0.0
 11
134.146865847
 21
213.7434047431
 31
0.0
 11
134.1247099458
 21
213.7528574924
 31
0.0
 11
134.1052583115
 21
213.7596445662
 31
0.0
 11
134.0895677501
 21
213.7637345511
 31
0.0
 11
134.0766998096
 21
213.7658378766
 31
0.0
 11
134.0667028698
 21
213.7664242051
 31
0.0
  0
SPLINE
  5
117E
100
AcDbEntity
  8
0
100
AcDbSpline
 62
7
  6
CONTINUOUS
 70
0
 71
3
 72
9
 73
5
 74
3
 42
0.0000001
 43
0.0000001
 44
0.0000000001
 12
0.0
 22
0.2813139183
 32
0.0
 13
0.1813442656
 23
0.2173645952
 33
0.0
 40
0.0
 40
0.0
 40
0.0
 40
0.0
 40
0.5890509781
 40
1.0
 40
1.0
 40
1.0
 40
1.0
 10
136.8667028698
 20
211.9712830276
 30
0.0
 10
136.8667028698
 20
212.0265191072
 30
0.0
 10
136.888665844
 20
212.1213466012
 30
0.0
 10
136.9403416932
 20
212.2010631687
 30
0.0
 10
136.965182776
 20
212.2308384246
 30
0.0
 11
136.8667028698
 21
211.9712830276
 31
0.0
 11
136.9028872974
 21
212.1329923582
 31
0.0
 11
136.965182776
 21
212.2308384246
 31
0.0
  0
SPLINE
  5
117F
100
AcDbEntity
  8
RUNDUNGEN
100
AcDbSpline
 62
7
  6
CONTINUOUS
 70
0
 71
3
 72
10
 73
6
 74
4
 42
0.0000001
 43
0.0000001
 44
0.0000000001
 12
0.0
 22
0.4402085458
 32
0.0
 13
0.0521829027
 23
0.4371046882
 33
0.0
 40
0.0
 40
0.0
 40
0.0
 40
0.0
 40
0.36772415
 40
0.6992297958
 40
1.0
 40
1.0
 40
1.0
 40
1.0
 10
135.2667028698
 20
214.4929174392
 30
0.0
 10
135.2667028698
 20
214.5468758769
 30
0.0
 10
135.2642185738
 20
214.6495368503
 30
0.0
 10
135.2741774074
 20
214.7960378695
 30
0.0
 10
135.2613812541
 20
214.8892553628
 30
0.0
 10
135.2666129416
 20
214.9330780516
 30
0.0
 11
135.2667028698
 21
214.4929174392
 31
0.0
 11
135.2667028698
 21
214.6547927525
 31
0.0
 11
135.2692349363
 21
214.8007024021
 31
0.0
 11
135.2666129416
 21
214.9330780516
 31
0.0
  0
SPLINE
  5
1180
100
AcDbEntity
  8
RUNDUNGEN
100
AcDbSpline
 62
7
  6
CONTINUOUS
 70
0
 71
3
 72
15
 73
11
 74
9
 42
0.0000001
 43
0.0000001
 44
0.0000000001
 12
-0.6424436984
 22
0.0
 32
0.0
 13
0.0
 23
0.6424436984
 33
0.0
 40
0.0
 40
0.0
 40
0.0
 40
0.0
 40
0.1521134507
 40
0.3006374298
 40
0.4422898245
 40
0.5744266921
 40
0.6954235944
 40
0.8051277475
 40
0.9053326865
 40
1.0
 40
1.0
 40
1.0
 40
1.0
 10
135.7667028698
 20
215.4285735138
 30
0.0
 10
135.7341280939
 20
215.4285735138
 30
0.0
 10
135.6696769753
 20
215.4324332356
 30
0.0
 10
135.5762962961
 20
215.4496570141
 30
0.0
 10
135.4899978697
 20
215.4776640232
 30
0.0
 10
135.4139806087
 20
215.5154662752
 30
0.0
 10
135.3510266756
 20
215.5617930823
 30
0.0
 10
135.3035242585
 20
215.6152419924
 30
0.0
 10
135.2736266486
 20
215.6741393368
 30
0.0
 10
135.2667028698
 20
215.7161314451
 30
0.0
 10
135.2667028698
 20
215.7364042514
 30
0.0
 11
135.7667028698
 21
215.4285735138
 31
0.0
 11
135.6691577088
 21
215.4344883951
 31
0.0
 11
135.5753611536
 21
215.4520057334
 31
0.0
 11
135.4889177533
 21
215.4804523473
 31
0.0
 11
135.4131494792
 21
215.5187350494
 31
0.0
 11
135.3509680637
 21
215.5653826568
 31
0.0
 11
135.3047631036
 21
215.6186025282
 31
0.0
 11
135.2763102296
 21
215.6763494537
 31
0.0
 11
135.2667028698
 21
215.7364042514
 31
0.0
  0
SPLINE
  5
1181
100
AcDbEntity
  8
0
100
AcDbSpline
 62
7
  6
CONTINUOUS
 70
0
 71
3
 72
9
 73
5
 74
3
 42
0.0000001
 43
0.0000001
 44
0.0000000001
 12
-0.1003073569
 22
0.1367090774
 32
0.0
 13
-0.0377870377
 23
0.1659207991
 33
0.0
 40
0.0
 40
0.0
 40
0.0
 40
0.0
 40
0.5127810717
 40
1.0
 40
1.0
 40
1.0
 40
1.0
 10
136.9470890898
 20
215.5172825966
 30
0.0
 10
136.9299438518
 20
215.5406498723
 30
0.0
 10
136.9008266041
 20
215.5893538163
 30
0.0
 10
136.8823769813
 20
215.6434829404
 30
0.0
 10
136.8762401279
 20
215.670429525
 30
0.0
 11
136.9470890898
 21
215.5172825966
 31
0.0
 11
136.9028872974
 21
215.5920253144
 31
0.0
 11
136.8762401279
 21
215.670429525
 31
0.0
  0
SPLINE
  5
1182
100
AcDbEntity
  8
RUNDUNGEN
100
AcDbSpline
 62
7
  6
CONTINUOUS
 70
0
 71
3
 72
17
 73
13
 74
11
 42
0.0000001
 43
0.0000001
 44
0.0000000001
 12
-0.572147067
 22
-0.5120618009
 32
0.0
 13
-0.7678278155
 23
-0.0
 33
0.0
 40
0.0
 40
0.0
 40
0.0
 40
0.0
 40
0.0962463552
 40
0.2350484799
 40
0.3800619918
 40
0.5267422815
 40
0.5992284705
 40
0.6751834066
 40
0.7538904136
 40
0.8325530147
 40
0.9152688464
 40
1.0
 40
1.0
 40
1.0
 40
1.0
 10
134.7337112568
 20
214.1095502971
 30
0.0
 10
134.7153555669
 20
214.0931222698
 30
0.0
 10
134.6703362391
 20
214.0532162625
 30
0.0
 10
134.5960671108
 20
213.9903646588
 30
0.0
 10
134.5083285221
 20
213.9235778069
 30
0.0
 10
134.4293785027
 20
213.8737103738
 30
0.0
 10
134.3624634934
 20
213.8385951503
 30
0.0
 10
134.3093379302
 20
213.8148610422
 30
0.0
 10
134.2530329323
 20
213.794762497
 30
0.0
 10
134.1935404883
 20
213.7790638232
 30
0.0
 10
134.1312827043
 20
213.7688310516
 30
0.0
 10
134.088389182
 20
213.7664242051
 30
0.0
 10
134.0667028698
 20
213.7664242051
 30
0.0
 11
134.7337112568
 21
214.1095502971
 31
0.0
 11
134.678334079
 21
214.0606149204
 31
0.0
 11
134.5967110282
 21
213.9920864626
 31
0.0
 11
134.5077324445
 21
213.9251490923
 31
0.0
 11
134.4123174292
 21
213.8653125485
 31
0.0
 11
134.3629971358
 21
213.8395210668
 31
0.0
 11
134.3097042287
 21
213.8158329913
 31
0.0
 11
134.2527671045
 21
213.7955755664
 31
0.0
 11
134.1943466016
 21
213.7802418032
 31
0.0
 11
134.1316620054
 21
213.7700264178
 31
0.0
 11
134.0667028698
 21
213.7664242051
 31
0.0
  0
SPLINE
  5
1183
100
AcDbEntity
  8
RUNDUNGEN
100
AcDbSpline
 62
7
  6
CONTINUOUS
 70
0
 71
3
 72
10
 73
6
 74
4
 42
0.0000001
 43
0.0000001
 44
0.0000000001
 12
-0.0000073966
 22
-0.0259984991
 32
0.0
 13
-0.0016652445
 23
-0.0259451146
 33
0.0
 40
0.0
 40
0.0
 40
0.0
 40
0.0
 40
0.3454102559
 40
0.6783951952
 40
1.0
 40
1.0
 40
1.0
 40
1.0
 10
135.2667028698
 20
214.9590277231
 30
0.0
 10
135.2667020182
 20
214.9560343403
 30
0.0
 10
135.2662201842
 20
214.9501773624
 30
0.0
 10
135.2654316306
 20
214.9414966664
 30
0.0
 10
135.2667914584
 20
214.9358594094
 30
0.0
 10
135.2666129416
 20
214.9330780516
 30
0.0
 11
135.2667028698
 21
214.9590277231
 31
0.0
 11
135.2661975889
 21
214.9500618009
 31
0.0
 11
135.2659081075
 21
214.9414095332
 31
0.0
 11
135.2666129416
 21
214.9330780516
 31
0.0
  0
SPLINE
  5
1184
100
AcDbEntity
  8
RUNDUNGEN
100
AcDbSpline
 62
7
  6
CONTINUOUS
 70
0
 71
3
 72
15
 73
11
 74
9
 42
0.0000001
 43
0.0000001
 44
0.0000000001
 12
0.0
 22
-0.6424436984
 32
0.0
 13
0.6424436984
 23
-0.0
 33
0.0
 40
0.0
 40
0.0
 40
0.0
 40
0.0
 40
0.0946673135
 40
0.1948722525
 40
0.3045764056
 40
0.4255733079
 40
0.5577101755
 40
0.6993625702
 40
0.8478865493
 40
1.0
 40
1.0
 40
1.0
 40
1.0
 10
135.2667028698
 20
211.481146182
 30
0.0
 10
135.2667028698
 20
211.4608733756
 30
0.0
 10
135.2736266486
 20
211.4188812673
 30
0.0
 10
135.3035242585
 20
211.3599839229
 30
0.0
 10
135.3510266756
 20
211.3065350129
 30
0.0
 10
135.4139806087
 20
211.2602082057
 30
0.0
 10
135.4899978697
 20
211.2224059537
 30
0.0
 10
135.5762962961
 20
211.1943989446
 30
0.0
 10
135.6696769753
 20
211.1771751662
 30
0.0
 10
135.7341280939
 20
211.1733154443
 30
0.0
 10
135.7667028698
 20
211.1733154443
 30
0.0
 11
135.2667028698
 21
211.481146182
 31
0.0
 11
135.2763102296
 21
211.4210913842
 31
0.0
 11
135.3047631036
 21
211.3633444587
 31
0.0
 11
135.3509680637
 21
211.3101245873
 31
0.0
 11
135.4131494792
 21
211.2634769799
 31
0.0
 11
135.4889177533
 21
211.2251942779
 31
0.0
 11
135.5753611536
 21
211.196747664
 31
0.0
 11
135.6691577088
 21
211.1792303256
 31
0.0
 11
135.7667028698
 21
211.1733154443
 31
0.0
  0
SPLINE
  5
1185
100
AcDbEntity
  8
RUNDUNGEN
100
AcDbSpline
 62
7
  6
CONTINUOUS
 70
0
 71
3
 72
15
 73
11
 74
9
 42
0.0000001
 43
0.0000001
 44
0.0000000001
 12
-0.0639257172
 22
-0.9960074228
 32
0.0
 13
-0.7436872748
 23
-0.6656173983
 33
0.0
 40
0.0
 40
0.0
 40
0.0
 40
0.0
 40
0.1173160273
 40
0.2364502577
 40
0.3595204319
 40
0.485919137
 40
0.6139336575
 40
0.74247185
 40
0.8713132041
 40
1.0
 40
1.0
 40
1.0
 40
1.0
 10
135.2654726361
 20
214.9319291973
 30
0.0
 10
135.262972799
 20
214.892979986
 30
0.0
 10
135.2477827194
 20
214.8149461311
 30
0.0
 10
135.2024495753
 20
214.7038644367
 30
0.0
 10
135.1441243588
 20
214.5958136093
 30
0.0
 10
135.0754480188
 20
214.4905328183
 30
0.0
 10
134.9989706454
 20
214.3885465343
 30
0.0
 10
134.9163243481
 20
214.2904348847
 30
0.0
 10
134.828099588
 20
214.1969958605
 30
0.0
 10
134.765717128
 20
214.1381939649
 30
0.0
 10
134.7338162172
 20
214.1096419082
 30
0.0
 11
135.2654726361
 21
214.9319291973
 31
0.0
 11
135.2442993548
 21
214.8167714603
 31
0.0
 11
135.2010625115
 21
214.7060085018
 31
0.0
 11
135.143212182
 21
214.5976535366
 31
0.0
 11
135.0746258743
 21
214.4917738014
 31
0.0
 11
134.9981336169
 21
214.3894360119
 31
0.0
 11
134.9154857694
 21
214.2913174625
 31
0.0
 11
134.8271803228
 21
214.1978413203
 31
0.0
 11
134.7338162172
 21
214.1096419082
 31
0.0
  0
SPLINE
  5
1186
100
AcDbEntity
  8
RUNDUNGEN
100
AcDbSpline
 62
9
  6
CONTINUOUS
 70
0
 71
3
 72
12
 73
8
 74
6
 42
0.0000001
 43
0.0000001
 44
0.0000000001
 12
1.4076855266
 22
-0.0413523522
 32
0.0
 13
0.0
 23
-1.4082927817
 33
0.0
 40
0.0
 40
0.0
 40
0.0
 40
0.0
 40
0.216791105
 40
0.427341366
 40
0.6278145467
 40
0.8181928503
 40
1.0
 40
1.0
 40
1.0
 40
1.0
 10
170.3016023665
 20
243.979695706
 30
0.0
 10
170.4033269335
 20
243.976707432
 30
0.0
 10
170.6041162425
 20
243.9449134161
 30
0.0
 10
170.8761700616
 20
243.8225850971
 30
0.0
 10
171.0935546212
 20
243.6355599145
 30
0.0
 10
171.2340741567
 20
243.4005318561
 30
0.0
 10
171.2667028698
 20
243.224331772
 30
0.0
 10
171.2667028698
 20
243.1389858731
 30
0.0
 11
170.3016023665
 21
243.979695706
 31
0.0
 11
170.6030318812
 21
243.9312023727
 31
0.0
 11
170.87278502
 21
243.8080958046
 31
0.0
 11
171.0852673422
 21
243.6221962868
 31
0.0
 11
171.2208190513
 21
243.3908786623
 31
0.0
 11
171.2667028698
 21
243.1389858731
 31
0.0
  0
LINE
  5
1187
100
AcDbEntity
  8
RUNDUNGEN
100
AcDbLine
 62
9
  6
CONTINUOUS
 10
166.2667028698
 20
244.1417097448
 11
170.3016023665
 21
243.9796956363
  0
SPLINE
  5
1188
100
AcDbEntity
  8
RUNDUNGEN
100
AcDbSpline
 62
9
  6
CONTINUOUS
 70
0
 71
3
 72
9
 73
5
 74
3
 42
0.0000001
 43
0.0000001
 44
0.0000000001
 12
0.0040692243
 22
-0.0013130024
 32
0.0
 13
-0.0001166268
 23
-0.155649477
 33
0.0
 40
0.0
 40
0.0
 40
0.0
 40
0.0
 40
0.268898039
 40
1.0
 40
1.0
 40
1.0
 40
1.0
 10
170.3065381777
 20
244.1379946584
 30
0.0
 10
170.3069029131
 20
244.1378769705
 30
0.0
 10
170.3041884211
 20
244.0469372051
 30
0.0
 10
170.3016307886
 20
244.0176275853
 30
0.0
 10
170.3016023665
 20
243.979695706
 30
0.0
 11
170.3065381777
 21
244.1379946584
 31
0.0
 11
170.3054544119
 21
244.0934261602
 31
0.0
 11
170.3016023665
 21
243.979695706
 31
0.0
  0
SPLINE
  5
1189
100
AcDbEntity
  8
RUNDUNGEN
100
AcDbSpline
 62
7
  6
CONTINUOUS
 70
0
 71
3
 72
15
 73
11
 74
9
 42
0.0000001
 43
0.0000001
 44
0.0000000001
 12
1.5137721688
 22
0.0
 32
0.0
 13
0.0
 23
1.5137721688
 33
0.0
 40
0.0
 40
0.0
 40
0.0
 40
0.0
 40
0.1296750054
 40
0.258663473
 40
0.3863486479
 40
0.512316319
 40
0.636392198
 40
0.7587230932
 40
0.879714515
 40
1.0
 40
1.0
 40
1.0
 40
1.0
 10
143.7667028698
 20
243.7833386701
 30
0.0
 10
143.8321356746
 20
243.7833386701
 30
0.0
 10
143.9629718466
 20
243.7953037077
 30
0.0
 10
144.1516211185
 20
243.8485081071
 30
0.0
 10
144.3255753633
 20
243.9349167268
 30
0.0
 10
144.4780693842
 20
244.0512202659
 30
0.0
 10
144.6032801167
 20
244.1929706055
 30
0.0
 10
144.6963827118
 20
244.3547897764
 30
0.0
 10
144.7537644129
 20
244.5303958354
 30
0.0
 10
144.7667028698
 20
244.6525264235
 30
0.0
 10
144.7667028698
 20
244.7132213633
 30
0.0
 11
143.7667028698
 21
243.7833386701
 31
0.0
 11
143.9621795852
 21
243.8012808319
 31
0.0
 11
144.1500747417
 21
243.8543990653
 31
0.0
 11
144.3230844895
 21
243.9405803108
 31
0.0
 11
144.4745518652
 21
244.0564203728
 31
0.0
 11
144.5986913156
 21
244.1973697628
 31
0.0
 11
144.6908426331
 21
244.3579940953
 31
0.0
 11
144.7475545017
 21
244.5321461815
 31
0.0
 11
144.7667028698
 21
244.7132213633
 31
0.0
  0
SPLINE
  5
118A
100
AcDbEntity
  8
RUNDUNGEN
100
AcDbSpline
 62
3
  6
CONTINUOUS
 70
0
 71
3
 72
10
 73
6
 74
4
 42
0.0000001
 43
0.0000001
 44
0.0000000001
 12
-0.0000606098
 22
-0.2309308888
 32
0.0
 13
-0.1208397576
 23
-0.197135017
 33
0.0
 40
0.0
 40
0.0
 40
0.0
 40
0.0
 40
0.4050186832
 40
0.7957154219
 40
1.0
 40
1.0
 40
1.0
 40
1.0
 10
135.2667639048
 20
215.3223670336
 30
0.0
 10
135.2667557221
 20
215.2911899254
 30
0.0
 10
135.2589120102
 20
215.2296719195
 30
0.0
 10
135.2313866678
 20
215.1571993838
 30
0.0
 10
135.2090932443
 20
215.1170894936
 30
0.0
 10
135.200864678
 20
215.1036656124
 30
0.0
 11
135.2667639048
 21
215.3223670336
 31
0.0
 11
135.2551285177
 21
215.2295622544
 31
0.0
 11
135.2237045095
 21
215.1449874795
 31
0.0
 11
135.200864678
 21
215.1036656124
 31
0.0
  0
SPLINE
  5
118B
100
AcDbEntity
  8
RUNDUNGEN
100
AcDbSpline
 62
3
  6
CONTINUOUS
 70
0
 71
3
 72
9
 73
5
 74
3
 42
0.0000001
 43
0.0000001
 44
0.0000000001
 12
-0.0785325004
 22
-0.1281159951
 32
0.0
 13
-0.1031461769
 23
-0.109130064
 33
0.0
 40
0.0
 40
0.0
 40
0.0
 40
0.0
 40
0.3241366604
 40
1.0
 40
1.0
 40
1.0
 40
1.0
 10
135.200864678
 20
215.1036656124
 30
0.0
 10
135.1923795905
 20
215.0898232488
 30
0.0
 10
135.1643184314
 20
215.0482585281
 30
0.0
 10
135.131732275
 20
215.0101383045
 30
0.0
 10
135.1084947018
 20
214.9855526347
 30
0.0
 11
135.200864678
 21
215.1036656124
 31
0.0
 11
135.1737128728
 21
215.0632398439
 31
0.0
 11
135.1084947018
 21
214.9855526347
 31
0.0
  0
SPLINE
  5
118C
100
AcDbEntity
  8
RUNDUNGEN
100
AcDbSpline
 62
3
  6
CONTINUOUS
 70
0
 71
3
 72
12
 73
8
 74
6
 42
0.0000001
 43
0.0000001
 44
0.0000000001
 12
-0.4387577176
 22
-0.4642116579
 32
0.0
 13
-0.5380669645
 23
-0.3435683461
 33
0.0
 40
0.0
 40
0.0
 40
0.0
 40
0.0
 40
0.1704772933
 40
0.3543469177
 40
0.5511731556
 40
0.7653022611
 40
1.0
 40
1.0
 40
1.0
 40
1.0
 10
135.1084947018
 20
214.9855526347
 30
0.0
 10
135.0835619591
 20
214.9591734523
 30
0.0
 10
135.0288333712
 20
214.9071625443
 30
0.0
 10
134.9378867542
 20
214.8329828775
 30
0.0
 10
134.8359432781
 20
214.7578881288
 30
0.0
 10
134.7221458802
 20
214.6808522018
 30
0.0
 10
134.6417819488
 20
214.629234244
 30
0.0
 10
134.5996875821
 20
214.602356006
 30
0.0
 11
135.1084947018
 21
214.9855526347
 31
0.0
 11
135.0300360039
 21
214.9101284294
 31
0.0
 11
134.9394582219
 21
214.8354671298
 31
0.0
 11
134.8384498439
 21
214.7607260429
 31
0.0
 11
134.7254849194
 21
214.6837464744
 31
0.0
 11
134.5996875821
 21
214.602356006
 31
0.0
  0
SPLINE
  5
118D
100
AcDbEntity
  8
RUNDUNGEN
100
AcDbSpline
 62
3
  6
CONTINUOUS
 70
0
 71
3
 72
15
 73
11
 74
9
 42
0.0000001
 43
0.0000001
 44
0.0000000001
 12
-0.534311137
 22
-0.3413513025
 32
0.0
 13
-0.6340418778
 23
0.0
 33
0.0
 40
0.0
 40
0.0
 40
0.0
 40
0.0
 40
0.1914306098
 40
0.4756896093
 40
0.6064264169
 40
0.72423217
 40
0.8254058071
 40
0.906209321
 40
0.9638261856
 40
1.0
 40
1.0
 40
1.0
 40
1.0
 10
134.5990093853
 20
214.6018739603
 30
0.0
 10
134.5649148831
 20
214.5800922643
 30
0.0
 10
134.4820328128
 20
214.5230738617
 30
0.0
 10
134.3803146382
 20
214.4450719736
 30
0.0
 10
134.2901338612
 20
214.3776407704
 30
0.0
 10
134.2294898832
 20
214.3353183214
 30
0.0
 10
134.1750055943
 20
214.3028673965
 30
0.0
 10
134.1293227326
 20
214.280770379
 30
0.0
 10
134.0941401999
 20
214.2692343756
 30
0.0
 10
134.0743481076
 20
214.2664242051
 30
0.0
 10
134.0667028698
 20
214.2664242051
 30
0.0
 11
134.5990093853
 21
214.6018739603
 31
0.0
 11
134.4987077081
 21
214.5335258088
 31
0.0
 11
134.3542670554
 21
214.4257273336
 31
0.0
 11
134.2876596912
 21
214.3763852217
 31
0.0
 11
134.22607737
 21
214.3341149175
 31
0.0
 11
134.170801554
 21
214.3015635507
 31
0.0
 11
134.1243903494
 21
214.2798655995
 31
0.0
 11
134.0894824662
 21
214.2690957088
 31
0.0
 11
134.0667028698
 21
214.2664242051
 31
0.0
  0
SPLINE
  5
118E
100
AcDbEntity
  8
RUNDUNGEN
100
AcDbSpline
 62
3
  6
CONTINUOUS
 70
0
 71
3
 72
15
 73
11
 74
9
 42
0.0000001
 43
0.0000001
 44
0.0000000001
 12
-0.6424436984
 22
0.0
 32
0.0
 13
-0.0
 23
0.6424436984
 33
0.0
 40
0.0
 40
0.0
 40
0.0
 40
0.0
 40
0.1521134507
 40
0.3006374298
 40
0.4422898245
 40
0.5744266921
 40
0.6954235944
 40
0.8051277475
 40
0.9053326865
 40
1.0
 40
1.0
 40
1.0
 40
1.0
 10
135.7667028698
 20
210.7793100675
 30
0.0
 10
135.7341280939
 20
210.7793100675
 30
0.0
 10
135.6696769753
 20
210.7831697894
 30
0.0
 10
135.5762962961
 20
210.8003935678
 30
0.0
 10
135.4899978697
 20
210.8284005769
 30
0.0
 10
135.4139806087
 20
210.8662028289
 30
0.0
 10
135.3510266756
 20
210.9125296361
 30
0.0
 10
135.3035242585
 20
210.9659785461
 30
0.0
 10
135.2736266486
 20
211.0248758905
 30
0.0
 10
135.2667028698
 20
211.0668679988
 30
0.0
 10
135.2667028698
 20
211.0871408052
 30
0.0
 11
135.7667028698
 21
210.7793100675
 31
0.0
 11
135.6691577088
 21
210.7852249488
 31
0.0
 11
135.5753611536
 21
210.8027422872
 31
0.0
 11
135.4889177533
 21
210.8311889011
 31
0.0
 11
135.4131494792
 21
210.8694716031
 31
0.0
 11
135.3509680637
 21
210.9161192105
 31
0.0
 11
135.3047631036
 21
210.9693390819
 31
0.0
 11
135.2763102296
 21
211.0270860074
 31
0.0
 11
135.2667028698
 21
211.0871408052
 31
0.0
  0
SPLINE
  5
118F
100
AcDbEntity
  8
RUNDUNGEN
100
AcDbSpline
 62
3
  6
CONTINUOUS
 70
0
 71
3
 72
15
 73
11
 74
9
 42
0.0000001
 43
0.0000001
 44
0.0000000001
 12
0.0
 22
-0.6424436984
 32
0.0
 13
0.6424436984
 23
0.0
 33
0.0
 40
0.0
 40
0.0
 40
0.0
 40
0.0
 40
0.0946673135
 40
0.1948722525
 40
0.3045764056
 40
0.4255733079
 40
0.5577101755
 40
0.6993625702
 40
0.8478865493
 40
1.0
 40
1.0
 40
1.0
 40
1.0
 10
135.2667028698
 20
216.1304096282
 30
0.0
 10
135.2667028698
 20
216.1101368219
 30
0.0
 10
135.2736266486
 20
216.0681447136
 30
0.0
 10
135.3035242585
 20
216.0092473692
 30
0.0
 10
135.3510266756
 20
215.9557984591
 30
0.0
 10
135.4139806087
 20
215.909471652
 30
0.0
 10
135.4899978697
 20
215.8716694
 30
0.0
 10
135.5762962961
 20
215.8436623909
 30
0.0
 10
135.6696769753
 20
215.8264386124
 30
0.0
 10
135.7341280939
 20
215.8225788906
 30
0.0
 10
135.7667028698
 20
215.8225788906
 30
0.0
 11
135.2667028698
 21
216.1304096282
 31
0.0
 11
135.2763102296
 21
216.0703548305
 31
0.0
 11
135.3047631036
 21
216.012607905
 31
0.0
 11
135.3509680637
 21
215.9593880336
 31
0.0
 11
135.4131494792
 21
215.9127404262
 31
0.0
 11
135.4889177533
 21
215.8744577241
 31
0.0
 11
135.5753611536
 21
215.8460111102
 31
0.0
 11
135.6691577088
 21
215.8284937719
 31
0.0
 11
135.7667028698
 21
215.8225788906
 31
0.0
  0
SPLINE
  5
1190
100
AcDbEntity
  8
RUNDUNGEN
100
AcDbSpline
 62
7
  6
CONTINUOUS
 70
0
 71
3
 72
11
 73
7
 74
5
 42
0.0000001
 43
0.0000001
 44
0.0000000001
 12
0.0
 22
0.4169431601
 32
0.0
 13
-0.4016243431
 23
0.1119798452
 33
0.0
 40
0.0
 40
0.0
 40
0.0
 40
0.0
 40
0.2254097489
 40
0.4639069601
 40
0.7224174273
 40
1.0
 40
1.0
 40
1.0
 40
1.0
 10
76.3722067914
 20
146.5565083535
 30
0.0
 10
76.3722067914
 20
146.5878360379
 30
0.0
 10
76.3587262782
 20
146.65292275
 30
0.0
 10
76.3020301504
 20
146.7382071937
 30
0.0
 10
76.2159726415
 20
146.8054062536
 30
0.0
 10
76.1461761549
 20
146.8340856598
 30
0.0
 10
76.1090148487
 20
146.8444468777
 30
0.0
 11
76.3722067914
 21
146.5565083535
 31
0.0
 11
76.3536935717
 21
146.6486499562
 31
0.0
 11
76.2998676091
 21
146.7322623702
 31
0.0
 11
76.215711363
 21
146.7996059206
 31
0.0
 11
76.1090148487
 21
146.8444468777
 31
0.0
  0
SPLINE
  5
1191
100
AcDbEntity
  8
RUNDUNGEN
100
AcDbSpline
 62
7
  6
CONTINUOUS
 70
0
 71
3
 72
11
 73
7
 74
5
 42
0.0000001
 43
0.0000001
 44
0.0000000001
 12
-0.4016243431
 22
-0.1119798452
 32
0.0
 13
-0.0
 23
-0.4169431601
 33
0.0
 40
0.0
 40
0.0
 40
0.0
 40
0.0
 40
0.2775825727
 40
0.5360930399
 40
0.7745902511
 40
1.0
 40
1.0
 40
1.0
 40
1.0
 10
70.6353987341
 20
146.8444468777
 30
0.0
 10
70.5982374279
 20
146.8340856598
 30
0.0
 10
70.5284409413
 20
146.8054062536
 30
0.0
 10
70.4423834325
 20
146.7382071937
 30
0.0
 10
70.3856873046
 20
146.65292275
 30
0.0
 10
70.3722067914
 20
146.5878360379
 30
0.0
 10
70.3722067914
 20
146.5565083535
 30
0.0
 11
70.6353987341
 21
146.8444468777
 31
0.0
 11
70.5287022198
 21
146.7996059206
 31
0.0
 11
70.4445459737
 21
146.7322623702
 31
0.0
 11
70.3907200111
 21
146.6486499562
 31
0.0
 11
70.3722067914
 21
146.5565083535
 31
0.0
  0
SPLINE
  5
1192
100
AcDbEntity
  8
0
100
AcDbSpline
 62
7
  6
CONTINUOUS
 70
0
 71
3
 72
11
 73
7
 74
5
 42
0.0000001
 43
0.0000001
 44
0.0000000001
 12
0.7737717189
 22
-0.0056914525
 32
0.0
 13
0.2513663305
 23
-0.7277550555
 33
0.0
 40
0.0
 40
0.0
 40
0.0
 40
0.0
 40
0.25
 40
0.5
 40
0.75
 40
1.0
 40
1.0
 40
1.0
 40
1.0
 10
86.3927460123
 20
128.2054151538
 30
0.0
 10
86.4572269888
 20
128.2049408661
 30
0.0
 10
86.5794077089
 20
128.1859659983
 30
0.0
 10
86.7497553041
 20
128.1006243924
 30
0.0
 10
86.8849187715
 20
127.9668047644
 30
0.0
 10
86.9417988181
 20
127.8575719463
 30
0.0
 10
86.9627460123
 20
127.7969256917
 30
0.0
 11
86.3927460123
 21
128.2054151538
 31
0.0
 11
86.5772537948
 21
128.1764861143
 31
0.0
 11
86.7438912828
 21
128.0925447221
 31
0.0
 11
86.8766115386
 21
127.9617998312
 31
0.0
 11
86.9627460123
 21
127.7969256917
 31
0.0
  0
SPLINE
  5
1193
100
AcDbEntity
  8
0
100
AcDbSpline
 62
7
  6
CONTINUOUS
 70
0
 71
3
 72
11
 73
7
 74
5
 42
0.0000001
 43
0.0000001
 44
0.0000000001
 12
-0.2513665859
 22
-0.7277547294
 32
0.0
 13
-0.7737765581
 23
-0.0056925891
 33
0.0
 40
0.0
 40
0.0
 40
0.0
 40
0.0
 40
0.25
 40
0.5
 40
0.75
 40
1.0
 40
1.0
 40
1.0
 40
1.0
 10
86.9627460123
 20
127.4139046158
 30
0.0
 10
86.9417987968
 20
127.3532583884
 30
0.0
 10
86.8849187941
 20
127.2440256231
 30
0.0
 10
86.7497558598
 20
127.1102064088
 30
0.0
 10
86.5794086413
 20
127.0248645339
 30
0.0
 10
86.4572273921
 20
127.0058895362
 30
0.0
 10
86.3927460123
 20
127.0054151538
 30
0.0
 11
86.9627460123
 21
127.4139046158
 31
0.0
 11
86.8766116391
 21
127.2490306121
 31
0.0
 11
86.7438918124
 21
127.1182859654
 31
0.0
 11
86.5772545321
 21
127.0343444303
 31
0.0
 11
86.3927460123
 21
127.0054151538
 31
0.0
  0
SPLINE
  5
1194
100
AcDbEntity
  8
0
100
AcDbSpline
 62
7
  6
CONTINUOUS
 70
0
 71
3
 72
11
 73
7
 74
5
 42
0.0000001
 43
0.0000001
 44
0.0000000001
 12
0.1549652778
 22
-0.3628496347
 32
0.0
 13
-0.1549652778
 23
-0.3628496346
 33
0.0
 40
0.0
 40
0.0
 40
0.0
 40
0.0
 40
0.2521978619
 40
0.5
 40
0.7478021381
 40
1.0
 40
1.0
 40
1.0
 40
1.0
 10
86.964294282
 20
127.7975869244
 30
0.0
 10
86.9773215859
 20
127.7670836237
 30
0.0
 10
86.9973369644
 20
127.7039085709
 30
0.0
 10
87.0076182781
 20
127.6054151538
 30
0.0
 10
86.9973369644
 20
127.5069217367
 30
0.0
 10
86.9773215859
 20
127.4437466838
 30
0.0
 10
86.9642942819
 20
127.4132433832
 30
0.0
 11
86.964294282
 21
127.7975869244
 31
0.0
 11
86.9941696543
 21
127.7026712842
 31
0.0
 11
87.0042113187
 21
127.6054151538
 31
0.0
 11
86.9941696543
 21
127.5081590233
 31
0.0
 11
86.9642942819
 21
127.4132433832
 31
0.0
  0
LINE
  5
1195
100
AcDbEntity
  8
RUNDUNGEN
100
AcDbLine
 62
7
  6
CONTINUOUS
 10
91.5416774489
 20
106.5246876582
 11
91.6688052083
 21
106.3277261076
  0
LINE
  5
1196
100
AcDbEntity
  8
RUNDUNGEN
100
AcDbLine
 62
7
  6
CONTINUOUS
 10
93.2027361339
 20
106.5246876582
 11
93.0756083745
 21
106.3277261076
  0
LINE
  5
1197
100
AcDbEntity
  8
RUNDUNGEN
100
AcDbLine
 62
7
  6
CONTINUOUS
 10
93.8519540847
 20
105.0881664691
 11
93.704774903
 21
104.9355725964
  0
LINE
  5
1198
100
AcDbEntity
  8
RUNDUNGEN
100
AcDbLine
 62
7
  6
CONTINUOUS
 10
95.3414792959
 20
104.4787734885
 11
95.1445177453
 21
104.3465465259
  0
LINE
  5
1199
100
AcDbEntity
  8
RUNDUNGEN
100
AcDbLine
 62
7
  6
CONTINUOUS
 10
95.3414792959
 20
102.7320568191
 11
95.1445177453
 21
102.8642837816
  0
LINE
  5
119A
100
AcDbEntity
  8
RUNDUNGEN
100
AcDbLine
 62
7
  6
CONTINUOUS
 10
93.8519540847
 20
102.1226638384
 11
93.704774903
 21
102.2752577111
  0
LINE
  5
119B
100
AcDbEntity
  8
RUNDUNGEN
100
AcDbLine
 62
7
  6
CONTINUOUS
 10
93.2027361339
 20
100.6861426493
 11
93.0756083745
 21
100.8831041999
  0
LINE
  5
119C
100
AcDbEntity
  8
RUNDUNGEN
100
AcDbLine
 62
7
  6
CONTINUOUS
 10
91.5416774489
 20
100.6861426493
 11
91.6688052083
 21
100.8831041999
  0
LINE
  5
119D
100
AcDbEntity
  8
RUNDUNGEN
100
AcDbLine
 62
7
  6
CONTINUOUS
 10
90.8924594982
 20
102.1226638384
 11
91.0396386798
 21
102.2752577111
  0
LINE
  5
119E
100
AcDbEntity
  8
RUNDUNGEN
100
AcDbLine
 62
7
  6
CONTINUOUS
 10
89.5998958376
 20
102.8642837816
 11
89.402934287
 21
102.7320568191
  0
LINE
  5
119F
100
AcDbEntity
  8
RUNDUNGEN
100
AcDbLine
 62
7
  6
CONTINUOUS
 10
89.402934287
 20
104.4787734885
 11
89.5998958376
 21
104.3465465259
  0
LINE
  5
11A0
100
AcDbEntity
  8
RUNDUNGEN
100
AcDbLine
 62
7
  6
CONTINUOUS
 10
90.8924594982
 20
105.0881664691
 11
91.0396386798
 21
104.9355725964
  0
LINE
  5
11A1
100
AcDbEntity
  8
RUNDUNGEN
100
AcDbLine
 62
7
  6
CONTINUOUS
 10
53.5416774489
 20
154.5246876582
 11
53.6688052083
 21
154.3277261076
  0
LINE
  5
11A2
100
AcDbEntity
  8
RUNDUNGEN
100
AcDbLine
 62
7
  6
CONTINUOUS
 10
55.2027361339
 20
154.5246876582
 11
55.0756083745
 21
154.3277261076
  0
LINE
  5
11A3
100
AcDbEntity
  8
RUNDUNGEN
100
AcDbLine
 62
7
  6
CONTINUOUS
 10
55.8519540847
 20
153.0881664691
 11
55.704774903
 21
152.9355725964
  0
LINE
  5
11A4
100
AcDbEntity
  8
RUNDUNGEN
100
AcDbLine
 62
7
  6
CONTINUOUS
 10
57.3414792959
 20
152.4787734885
 11
57.1445177453
 21
152.3465465259
  0
LINE
  5
11A5
100
AcDbEntity
  8
RUNDUNGEN
100
AcDbLine
 62
7
  6
CONTINUOUS
 10
57.3414792959
 20
150.7320568191
 11
57.1445177453
 21
150.8642837816
  0
LINE
  5
11A6
100
AcDbEntity
  8
RUNDUNGEN
100
AcDbLine
 62
7
  6
CONTINUOUS
 10
55.8519540847
 20
150.1226638384
 11
55.704774903
 21
150.2752577111
  0
LINE
  5
11A7
100
AcDbEntity
  8
RUNDUNGEN
100
AcDbLine
 62
7
  6
CONTINUOUS
 10
55.2027361339
 20
148.6861426493
 11
55.0756083745
 21
148.8831041999
  0
LINE
  5
11A8
100
AcDbEntity
  8
RUNDUNGEN
100
AcDbLine
 62
7
  6
CONTINUOUS
 10
53.5416774489
 20
148.6861426493
 11
53.6688052083
 21
148.8831041999
  0
LINE
  5
11A9
100
AcDbEntity
  8
RUNDUNGEN
100
AcDbLine
 62
7
  6
CONTINUOUS
 10
52.8924594982
 20
150.1226638384
 11
53.0396386798
 21
150.2752577111
  0
LINE
  5
11AA
100
AcDbEntity
  8
RUNDUNGEN
100
AcDbLine
 62
7
  6
CONTINUOUS
 10
51.5998958376
 20
150.8642837816
 11
51.402934287
 21
150.7320568191
  0
LINE
  5
11AB
100
AcDbEntity
  8
RUNDUNGEN
100
AcDbLine
 62
7
  6
CONTINUOUS
 10
51.402934287
 20
152.4787734885
 11
51.5998958376
 21
152.3465465259
  0
LINE
  5
11AC
100
AcDbEntity
  8
RUNDUNGEN
100
AcDbLine
 62
7
  6
CONTINUOUS
 10
52.8924594982
 20
153.0881664691
 11
53.0396386798
 21
152.9355725964
  0
SPLINE
  5
11AD
100
AcDbEntity
  8
RUNDUNGEN
100
AcDbSpline
 62
7
  6
CONTINUOUS
 70
0
 71
3
 72
11
 73
7
 74
5
 42
0.0000001
 43
0.0000001
 44
0.0000000001
 12
0.278436146
 22
-0.3563983886
 32
0.0
 13
0.1015415349
 23
-0.440807247
 33
0.0
 40
0.0
 40
0.0
 40
0.0
 40
0.0
 40
0.3048357606
 40
0.5814989093
 40
0.8367835104
 40
1.0
 40
1.0
 40
1.0
 40
1.0
 10
59.2447537099
 20
118.2919647892
 30
0.0
 10
59.2730461414
 20
118.2557504646
 30
0.0
 10
59.3194281367
 20
118.1810389161
 30
0.0
 10
59.3803169773
 20
118.0703223474
 30
0.0
 10
59.4158833916
 20
117.9713403669
 30
0.0
 10
59.4320259314
 20
117.9102949048
 30
0.0
 10
59.437550349
 20
117.8863125676
 30
0.0
 11
59.2447537099
 21
118.2919647892
 31
0.0
 11
59.3205570507
 21
118.1768070522
 31
0.0
 11
59.3787641549
 21
118.0660440938
 31
0.0
 11
59.4186332328
 21
117.9576891285
 31
0.0
 11
59.437550349
 21
117.8863125676
 31
0.0
  0
SPLINE
  5
11AE
100
AcDbEntity
  8
0
100
AcDbSpline
 62
7
  6
CONTINUOUS
 70
0
 71
3
 72
11
 73
7
 74
5
 42
0.0000001
 43
0.0000001
 44
0.0000000001
 12
0.2513665859
 22
0.7277547294
 32
0.0
 13
0.7737765581
 23
0.0056925891
 33
0.0
 40
0.0
 40
0.0
 40
0.0
 40
0.0
 40
0.25
 40
0.5
 40
0.75
 40
1.0
 40
1.0
 40
1.0
 40
1.0
 10
59.7816675705
 20
127.7969256917
 30
0.0
 10
59.802614786
 20
127.8575719191
 30
0.0
 10
59.8594947887
 20
127.9668046844
 30
0.0
 10
59.9946577231
 20
128.1006238987
 30
0.0
 10
60.1650049415
 20
128.1859657736
 30
0.0
 10
60.2871861907
 20
128.2049407713
 30
0.0
 10
60.3516675705
 20
128.2054151538
 30
0.0
 11
59.7816675705
 21
127.7969256917
 31
0.0
 11
59.8678019437
 21
127.9617996955
 31
0.0
 11
60.0005217704
 21
128.0925443422
 31
0.0
 11
60.1671590508
 21
128.1764858772
 31
0.0
 11
60.3516675705
 21
128.2054151538
 31
0.0
  0
SPLINE
  5
11AF
100
AcDbEntity
  8
0
100
AcDbSpline
 62
7
  6
CONTINUOUS
 70
0
 71
3
 72
11
 73
7
 74
5
 42
0.0000001
 43
0.0000001
 44
0.0000000001
 12
-0.7737717189
 22
0.0056914525
 32
0.0
 13
-0.2513663305
 23
0.7277550555
 33
0.0
 40
0.0
 40
0.0
 40
0.0
 40
0.0
 40
0.25
 40
0.5
 40
0.75
 40
1.0
 40
1.0
 40
1.0
 40
1.0
 10
60.3516675705
 20
127.0054151538
 30
0.0
 10
60.287186594
 20
127.0058894415
 30
0.0
 10
60.1650058739
 20
127.0248643092
 30
0.0
 10
59.9946582787
 20
127.1102059151
 30
0.0
 10
59.8594948113
 20
127.2440255431
 30
0.0
 10
59.8026147647
 20
127.3532583612
 30
0.0
 10
59.7816675705
 20
127.4139046158
 30
0.0
 11
60.3516675705
 21
127.0054151538
 31
0.0
 11
60.167159788
 21
127.0343441932
 31
0.0
 11
60.0005223
 21
127.1182855855
 31
0.0
 11
59.8678020442
 21
127.2490304763
 31
0.0
 11
59.7816675705
 21
127.4139046158
 31
0.0
  0
SPLINE
  5
11B0
100
AcDbEntity
  8
0
100
AcDbSpline
 62
7
  6
CONTINUOUS
 70
0
 71
3
 72
11
 73
7
 74
5
 42
0.0000001
 43
0.0000001
 44
0.0000000001
 12
-0.1549652778
 22
0.3628496347
 32
0.0
 13
0.1549652778
 23
0.3628496346
 33
0.0
 40
0.0
 40
0.0
 40
0.0
 40
0.0
 40
0.2521978619
 40
0.5
 40
0.7478021381
 40
1.0
 40
1.0
 40
1.0
 40
1.0
 10
59.7801193008
 20
127.4132433831
 30
0.0
 10
59.7670919969
 20
127.4437466838
 30
0.0
 10
59.7470766184
 20
127.5069217367
 30
0.0
 10
59.7367953047
 20
127.6054151538
 30
0.0
 10
59.7470766184
 20
127.7039085709
 30
0.0
 10
59.767091997
 20
127.7670836237
 30
0.0
 10
59.7801193009
 20
127.7975869244
 30
0.0
 11
59.7801193008
 21
127.4132433831
 31
0.0
 11
59.7502439286
 21
127.5081590233
 31
0.0
 11
59.7402022641
 21
127.6054151538
 31
0.0
 11
59.7502439286
 21
127.7026712842
 31
0.0
 11
59.7801193009
 21
127.7975869244
 31
0.0
  0
SPLINE
  5
11B1
100
AcDbEntity
  8
RUNDUNGEN
100
AcDbSpline
 62
7
  6
CONTINUOUS
 70
0
 71
3
 72
12
 73
8
 74
6
 42
0.0000001
 43
0.0000001
 44
0.0000000001
 12
0.0601955508
 22
0.5814610596
 32
0.0
 13
-0.5798979755
 23
0.0948274119
 33
0.0
 40
0.0
 40
0.0
 40
0.0
 40
0.0
 40
0.2161589959
 40
0.4400675589
 40
0.6602734332
 40
0.8872379539
 40
1.0
 40
1.0
 40
1.0
 40
1.0
 10
68.5175709879
 20
149.4119110026
 30
0.0
 10
68.5219082578
 20
149.4538070155
 30
0.0
 10
68.5163251699
 20
149.5413087292
 30
0.0
 10
68.4639319723
 20
149.6616191203
 30
0.0
 10
68.3730310768
 20
149.7589823356
 30
0.0
 10
68.2750122782
 20
149.8111657774
 30
0.0
 10
68.2101194841
 20
149.8272130112
 30
0.0
 10
68.1883226566
 20
149.8307773222
 30
0.0
 11
68.5175709879
 21
149.4119110026
 31
0.0
 11
68.5093453698
 21
149.5380027529
 31
0.0
 11
68.4573047016
 21
149.6581024605
 31
0.0
 11
68.3696524081
 21
149.7523750188
 31
0.0
 11
68.2526005642
 21
149.8148400167
 31
0.0
 11
68.1883226566
 21
149.8307773222
 31
0.0
  0
SPLINE
  5
11B2
100
AcDbEntity
  8
RUNDUNGEN
100
AcDbSpline
 62
7
  6
CONTINUOUS
 70
0
 71
3
 72
12
 73
8
 74
6
 42
0.0000001
 43
0.0000001
 44
0.0000000001
 12
-0.6505901744
 22
0.0
 32
0.0
 13
0.0669740698
 23
-0.647133718
 33
0.0
 40
0.0
 40
0.0
 40
0.0
 40
0.0
 40
0.2026160575
 40
0.4065720506
 40
0.6044725734
 40
0.8057168049
 40
1.0
 40
1.0
 40
1.0
 40
1.0
 10
78.6218874838
 20
149.8362444535
 30
0.0
 10
78.5779474784
 20
149.8362444535
 30
0.0
 10
78.4891188528
 20
149.821764704
 30
0.0
 10
78.3713602065
 20
149.7590526117
 30
0.0
 10
78.2804511195
 20
149.661661053
 30
0.0
 10
78.2280496508
 20
149.5413166803
 30
0.0
 10
78.2224651828
 20
149.4537894863
 30
0.0
 10
78.2268024949
 20
149.4118804175
 30
0.0
 11
78.6218874838
 21
149.8362444535
 31
0.0
 11
78.4918016277
 21
149.8149327967
 31
0.0
 11
78.374743047
 21
149.7524476529
 31
0.0
 11
78.2870811617
 21
149.6581475664
 31
0.0
 11
78.2350308887
 21
149.538011042
 31
0.0
 11
78.2268024949
 21
149.4118804175
 31
0.0
  0
SPLINE
  5
11B3
100
AcDbEntity
  8
RUNDUNGEN
100
AcDbSpline
 62
7
  6
CONTINUOUS
 70
0
 71
3
 72
14
 73
10
 74
8
 42
0.0000001
 43
0.0000001
 44
0.0000000001
 12
0.0902928679
 22
0.8116778863
 32
0.0
 13
0.0840974806
 23
0.8123427278
 33
0.0
 40
0.0
 40
0.0
 40
0.0
 40
0.0
 40
0.0207063576
 40
0.0810674893
 40
0.1793104444
 40
0.3158174086
 40
0.4991239165
 40
0.7306584625
 40
1.0
 40
1.0
 40
1.0
 40
1.0
 10
68.4312082893
 20
148.5998108077
 30
0.0
 10
68.4318315014
 20
148.6054131052
 30
0.0
 10
68.434256949
 20
148.6273482637
 30
0.0
 10
68.4395222857
 20
148.6758768316
 30
0.0
 10
68.4481124794
 20
148.7557537568
 30
0.0
 10
68.4602003536
 20
148.8689166891
 30
0.0
 10
68.4761044781
 20
149.0181641042
 30
0.0
 10
68.4958080246
 20
149.2033726281
 30
0.0
 10
68.5101158029
 20
149.338972582
 30
0.0
 10
68.5176661178
 20
149.4119051284
 30
0.0
 11
68.4312082893
 21
148.5998108077
 31
0.0
 11
68.4330675903
 21
148.6166188378
 31
0.0
 11
68.4384040289
 21
148.6656251268
 31
0.0
 11
68.4469907059
 21
148.7453977954
 31
0.0
 11
68.4588431752
 21
148.8562490313
 31
0.0
 11
68.4747094724
 21
149.0051093938
 31
0.0
 11
68.4946942786
 21
149.1931409475
 31
0.0
 11
68.5176661178
 21
149.4119051284
 31
0.0
  0
SPLINE
  5
11B4
100
AcDbEntity
  8
RUNDUNGEN
100
AcDbSpline
 62
7
  6
CONTINUOUS
 70
0
 71
3
 72
14
 73
10
 74
8
 42
0.0000001
 43
0.0000001
 44
0.0000000001
 12
-0.0902883751
 22
0.8116373336
 32
0.0
 13
-0.0840950746
 23
0.812301958
 33
0.0
 40
0.0
 40
0.0
 40
0.0
 40
0.0
 40
0.0207065178
 40
0.0810681486
 40
0.1793119099
 40
0.3158197986
 40
0.499126702
 40
0.7306626119
 40
1.0
 40
1.0
 40
1.0
 40
1.0
 10
78.3132052935
 20
148.5998108077
 30
0.0
 10
78.3125821076
 20
148.6054128686
 30
0.0
 10
78.3101567607
 20
148.6273471096
 30
0.0
 10
78.3048916412
 20
148.6758736493
 30
0.0
 10
78.2963018078
 20
148.7557471871
 30
0.0
 10
78.2842144703
 20
148.8689050408
 30
0.0
 10
78.2683110703
 20
149.0181457267
 30
0.0
 10
78.2486085206
 20
149.2033443451
 30
0.0
 10
78.234301649
 20
149.3389367819
 30
0.0
 10
78.2267516664
 20
149.4118645445
 30
0.0
 11
78.3132052935
 21
148.5998108077
 31
0.0
 11
78.3113460705
 21
148.6166181281
 31
0.0
 11
78.3060098519
 21
148.6656223736
 31
0.0
 11
78.2974235293
 21
148.7453917111
 31
0.0
 11
78.2855715678
 21
148.8562381592
 31
0.0
 11
78.2697060259
 21
149.0050914056
 31
0.0
 11
78.2497220886
 21
149.1931146717
 31
0.0
 11
78.2267516664
 21
149.4118645445
 31
0.0
  0
SPLINE
  5
11B5
100
AcDbEntity
  8
RUNDUNGEN
100
AcDbSpline
 62
9
  6
CONTINUOUS
 70
0
 71
3
 72
10
 73
6
 74
4
 42
0.0000001
 43
0.0000001
 44
0.0000000001
 12
0.057754384
 22
-0.0589805068
 32
0.0
 13
0.0791842406
 23
-0.0233264891
 33
0.0
 40
0.0
 40
0.0
 40
0.0
 40
0.0
 40
0.1201065177
 40
0.3972039714
 40
1.0
 40
1.0
 40
1.0
 40
1.0
 10
78.1562469928
 20
149.453483252
 30
0.0
 10
78.1585592188
 20
149.4511219376
 30
0.0
 10
78.1666424729
 20
149.4437475426
 30
0.0
 10
78.1884334457
 20
149.4268699028
 30
0.0
 10
78.2108918463
 20
149.4165674558
 30
0.0
 10
78.2268024949
 20
149.4118804175
 30
0.0
 11
78.1562469928
 21
149.453483252
 31
0.0
 11
78.1634999657
 21
149.4467235081
 31
0.0
 11
78.1816619156
 21
149.4328179845
 31
0.0
 11
78.2268024949
 21
149.4118804175
 31
0.0
  0
SPLINE
  5
11B6
100
AcDbEntity
  8
0
100
AcDbSpline
 62
7
  6
CONTINUOUS
 70
0
 71
3
 72
16
 73
12
 74
10
 42
0.0000001
 43
0.0000001
 44
0.0000000001
 12
0.0
 22
-5.5126364618
 32
0.0
 13
5.3408315471
 23
-1.36553255
 33
0.0
 40
0.0
 40
0.0
 40
0.0
 40
0.0
 40
0.1476296316
 40
0.2775757897
 40
0.3932466266
 40
0.5002197184
 40
0.6016236137
 40
0.7009975215
 40
0.8005664819
 40
0.900037726
 40
1.0
 40
1.0
 40
1.0
 40
1.0
 10
64.1722067914
 20
153.8362716702
 30
0.0
 10
64.1722067914
 20
153.564995507
 30
0.0
 10
64.2244320993
 20
153.0533351181
 30
0.0
 10
64.4339883387
 20
152.3580514342
 30
0.0
 10
64.7229094297
 20
151.7751134579
 30
0.0
 10
65.0654769724
 20
151.2855820446
 30
0.0
 10
65.4519320672
 20
150.8703993538
 30
0.0
 10
65.8790380825
 20
150.5184396911
 30
0.0
 10
66.3447114829
 20
150.2260542297
 30
0.0
 10
66.8443089275
 20
149.9941636682
 30
0.0
 10
67.194246236
 20
149.8817450331
 30
0.0
 10
67.3722067914
 20
149.8362444535
 30
0.0
 11
64.1722067914
 21
153.8362716702
 31
0.0
 11
64.2548272426
 21
153.0266478861
 31
0.0
 11
64.4612947285
 21
152.3407013371
 31
0.0
 11
64.7443226935
 21
151.7693045248
 31
0.0
 11
65.0822701669
 21
151.2860426528
 31
0.0
 11
65.4629983439
 21
150.8767381239
 31
0.0
 11
65.8856331674
 21
150.5282011205
 31
0.0
 11
66.350362212
 21
150.2361319802
 31
0.0
 11
66.8476448597
 21
150.0050554072
 31
0.0
 11
67.3722067914
 21
149.8362444535
 31
0.0
  0
SPLINE
  5
11B7
100
AcDbEntity
  8
0
100
AcDbSpline
 62
7
  6
CONTINUOUS
 70
0
 71
3
 72
16
 73
12
 74
10
 42
0.0000001
 43
0.0000001
 44
0.0000000001
 12
5.3408624814
 22
1.3655404585
 32
0.0
 13
0.0
 23
5.512668391
 33
0.0
 40
0.0
 40
0.0
 40
0.0
 40
0.0
 40
0.1003123923
 40
0.2000940386
 40
0.2999832646
 40
0.3997046593
 40
0.5014485424
 40
0.6086135594
 40
0.724157449
 40
0.8535295068
 40
1.0
 40
1.0
 40
1.0
 40
1.0
 10
79.3722067914
 20
149.8362444535
 30
0.0
 10
79.5507916889
 20
149.8819046635
 30
0.0
 10
79.9018734977
 20
149.9947732782
 30
0.0
 10
80.4029730086
 20
150.2277471565
 30
0.0
 10
80.8698753862
 20
150.5215894234
 30
0.0
 10
81.2978926426
 20
150.8753854142
 30
0.0
 10
81.6846334416
 20
151.2925364546
 30
0.0
 10
82.0264698527
 20
151.783503725
 30
0.0
 10
82.3135461395
 20
152.3663034166
 30
0.0
 10
82.5207232652
 20
153.0586896735
 30
0.0
 10
82.5722067914
 20
153.5671311365
 30
0.0
 10
82.5722067914
 20
153.8362788892
 30
0.0
 11
79.3722067914
 21
149.8362444535
 31
0.0
 11
79.8985724362
 21
150.0057613891
 31
0.0
 11
80.3972621755
 21
150.2378777142
 31
0.0
 11
80.8631795336
 21
150.5313794049
 31
0.0
 11
81.2867658846
 21
150.8817773993
 31
0.0
 11
81.6679542338
 21
151.293216508
 31
0.0
 11
82.0053584684
 21
151.7781514582
 31
0.0
 11
82.2866796262
 21
152.349614726
 31
0.0
 11
82.4908785169
 21
153.0329418947
 31
0.0
 11
82.5722067914
 21
153.8362788892
 31
0.0
  0
SPLINE
  5
11B8
100
AcDbEntity
  8
RUNDUNGEN
100
AcDbSpline
 62
7
  6
CONTINUOUS
 70
0
 71
3
 72
12
 73
8
 74
6
 42
0.0000001
 43
0.0000001
 44
0.0000000001
 12
0.4526360313
 22
0.0
 32
0.0
 13
0.0
 23
0.4526360313
 33
0.0
 40
0.0
 40
0.0
 40
0.0
 40
0.0
 40
0.2726988912
 40
0.5258397322
 40
0.7319705844
 40
0.8893385756
 40
1.0
 40
1.0
 40
1.0
 40
1.0
 10
74.7722067914
 20
142.467134721
 30
0.0
 10
74.8133512394
 20
142.467134721
 30
0.0
 10
74.8927437021
 20
142.4716852576
 30
0.0
 10
75.0018517516
 20
142.4913049517
 30
0.0
 10
75.0898341919
 20
142.5226999743
 30
0.0
 10
75.1516062149
 20
142.5609437894
 30
0.0
 10
75.1722067914
 20
142.600280909
 30
0.0
 10
75.1722067914
 20
142.6169773583
 30
0.0
 11
74.7722067914
 21
142.467134721
 31
0.0
 11
74.8954248744
 21
142.4744213107
 31
0.0
 11
75.0079688861
 21
142.495928853
 31
0.0
 11
75.0953418014
 21
142.5286593232
 31
0.0
 11
75.1527554795
 21
142.570819052
 31
0.0
 11
75.1722067914
 21
142.6169773583
 31
0.0
  0
SPLINE
  5
11B9
100
AcDbEntity
  8
RUNDUNGEN
100
AcDbSpline
 62
9
  6
CONTINUOUS
 70
0
 71
3
 72
10
 73
6
 74
4
 42
0.0000001
 43
0.0000001
 44
0.0000000001
 12
-0.0577786222
 22
-0.0589923842
 32
0.0
 13
-0.0792245959
 23
-0.0232794756
 33
0.0
 40
0.0
 40
0.0
 40
0.0
 40
0.0
 40
0.120072108
 40
0.3969701648
 40
1.0
 40
1.0
 40
1.0
 40
1.0
 10
68.5881673871
 20
149.4534834855
 30
0.0
 10
68.5858548535
 20
149.4511223722
 30
0.0
 10
68.5777753248
 20
149.4437488561
 30
0.0
 10
68.555984998
 20
149.4268534552
 30
0.0
 10
68.5334959196
 20
149.4165904087
 30
0.0
 10
68.5175709879
 20
149.4119110026
 30
0.0
 11
68.5881673871
 21
149.4534834855
 31
0.0
 11
68.5809149995
 21
149.4467227988
 31
0.0
 11
68.5627632315
 21
149.4328194634
 31
0.0
 11
68.5175709879
 21
149.4119110026
 31
0.0
  0
SPLINE
  5
11BA
100
AcDbEntity
  8
RUNDUNGEN
100
AcDbSpline
 62
7
  6
CONTINUOUS
 70
0
 71
3
 72
12
 73
8
 74
6
 42
0.0000001
 43
0.0000001
 44
0.0000000001
 12
0.0
 22
-0.4526360313
 32
0.0
 13
0.4526360313
 23
0.0
 33
0.0
 40
0.0
 40
0.0
 40
0.0
 40
0.0
 40
0.1106614244
 40
0.2680294156
 40
0.4741602678
 40
0.7273011088
 40
1.0
 40
1.0
 40
1.0
 40
1.0
 10
71.5722067914
 20
142.6169773583
 30
0.0
 10
71.5722067914
 20
142.600280909
 30
0.0
 10
71.5928073679
 20
142.5609437894
 30
0.0
 10
71.6545793909
 20
142.5226999743
 30
0.0
 10
71.7425618312
 20
142.4913049517
 30
0.0
 10
71.8516698807
 20
142.4716852576
 30
0.0
 10
71.9310623435
 20
142.467134721
 30
0.0
 10
71.9722067914
 20
142.467134721
 30
0.0
 11
71.5722067914
 21
142.6169773583
 31
0.0
 11
71.5916581033
 21
142.570819052
 31
0.0
 11
71.6490717814
 21
142.5286593232
 31
0.0
 11
71.7364446967
 21
142.495928853
 31
0.0
 11
71.8489887084
 21
142.4744213107
 31
0.0
 11
71.9722067914
 21
142.467134721
 31
0.0
  0
SPLINE
  5
11BB
100
AcDbEntity
  8
RUNDUNGEN
100
AcDbSpline
 62
7
  6
CONTINUOUS
 70
0
 71
3
 72
16
 73
12
 74
10
 42
0.0000001
 43
0.0000001
 44
0.0000000001
 12
0.2125076966
 22
2.2130521584
 32
0.0
 13
0.0927031675
 23
2.2212958806
 33
0.0
 40
0.0
 40
0.0
 40
0.0
 40
0.0
 40
0.0126727562
 40
0.0496157383
 40
0.1096205114
 40
0.1921657326
 40
0.3024426575
 40
0.439985922
 40
0.6009137239
 40
0.7869576873
 40
1.0
 40
1.0
 40
1.0
 40
1.0
 10
77.9958934631
 20
147.2362444535
 30
0.0
 10
77.9967911492
 20
147.2455929436
 30
0.0
 10
78.0002699912
 20
147.2821970618
 30
0.0
 10
78.0077006444
 20
147.3630938754
 30
0.0
 10
78.0195504868
 20
147.4955831246
 30
0.0
 10
78.0357259742
 20
147.6822479506
 30
0.0
 10
78.0561278092
 20
147.9262229054
 30
0.0
 10
78.0802036382
 20
148.2281790647
 30
0.0
 10
78.1068146192
 20
148.5862571762
 30
0.0
 10
78.1341734122
 20
149.0003728088
 30
0.0
 10
78.1496821678
 20
149.2957391207
 30
0.0
 10
78.1562654002
 20
149.4534824579
 30
0.0
 11
77.9958934631
 21
147.2362444535
 31
0.0
 11
77.9985607241
 21
147.2642923602
 31
0.0
 11
78.0061125227
 21
147.3460771698
 31
0.0
 11
78.0180108772
 21
147.4789498822
 31
0.0
 11
78.0338731827
 21
147.6617800354
 31
0.0
 11
78.0543039174
 21
147.906098188
 31
0.0
 11
78.0785740862
 21
148.2109237595
 31
0.0
 11
78.1049821677
 21
148.5677272554
 31
0.0
 11
78.1319877496
 21
148.9804631241
 31
0.0
 11
78.1562654002
 21
149.4534824579
 31
0.0
  0
SPLINE
  5
11BC
100
AcDbEntity
  8
RUNDUNGEN
100
AcDbSpline
 62
7
  6
CONTINUOUS
 70
0
 71
3
 72
16
 73
12
 74
10
 42
0.0000001
 43
0.0000001
 44
0.0000000001
 12
-0.2125077155
 22
2.2130523565
 32
0.0
 13
-0.0927031556
 23
2.2212960803
 33
0.0
 40
0.0
 40
0.0
 40
0.0
 40
0.0
 40
0.0126727562
 40
0.0496157381
 40
0.109620511
 40
0.1921657322
 40
0.3024426581
 40
0.4399859223
 40
0.6009137231
 40
0.7869576877
 40
1.0
 40
1.0
 40
1.0
 40
1.0
 10
68.7485201197
 20
147.2362444535
 30
0.0
 10
68.7476224335
 20
147.2455929444
 30
0.0
 10
68.7441435912
 20
147.2821970658
 30
0.0
 10
68.7367129375
 20
147.3630938864
 30
0.0
 10
68.724863094
 20
147.4955831471
 30
0.0
 10
68.7086876052
 20
147.6822479904
 30
0.0
 10
68.6882857685
 20
147.9262229675
 30
0.0
 10
68.6642099377
 20
148.2281791536
 30
0.0
 10
68.637598955
 20
148.5862572971
 30
0.0
 10
68.610240161
 20
149.0003729666
 30
0.0
 10
68.5947314059
 20
149.2957393057
 30
0.0
 10
68.5881481743
 20
149.4534826567
 30
0.0
 11
68.7485201197
 21
147.2362444535
 31
0.0
 11
68.7458528585
 21
147.2642923627
 31
0.0
 11
68.7383010592
 21
147.3460771793
 31
0.0
 11
68.7264027038
 21
147.4789499031
 31
0.0
 11
68.7105403969
 21
147.6617800724
 31
0.0
 11
68.6901096604
 21
147.9060982492
 31
0.0
 11
68.6658394898
 21
148.2109238475
 31
0.0
 11
68.6394314068
 21
148.5677273729
 31
0.0
 11
68.6124258238
 21
148.9804632814
 31
0.0
 11
68.5881481743
 21
149.4534826567
 31
0.0
  0
LINE
  5
11BD
100
AcDbEntity
  8
RUNDUNGEN
100
AcDbLine
 62
7
  6
CONTINUOUS
 10
69.2722067914
 20
116.8054151538
 11
69.6722067914
 21
117.2054151538
  0
LINE
  5
11BE
100
AcDbEntity
  8
RUNDUNGEN
100
AcDbLine
 62
7
  6
CONTINUOUS
 10
77.4722067914
 20
116.8054151538
 11
77.0722067914
 21
117.2054151538
  0
LINE
  5
11BF
100
AcDbEntity
  8
RUNDUNGEN
100
AcDbLine
 62
7
  6
CONTINUOUS
 10
80.3722067914
 20
116.8054151538
 11
79.9722067914
 21
117.2054151538
  0
LINE
  5
11C0
100
AcDbEntity
  8
RUNDUNGEN
100
AcDbLine
 62
7
  6
CONTINUOUS
 10
80.3722067914
 20
120.0054151538
 11
79.9722067914
 21
120.4054151538
  0
LINE
  5
11C1
100
AcDbEntity
  8
RUNDUNGEN
100
AcDbLine
 62
7
  6
CONTINUOUS
 10
85.6722067914
 20
120.0054151538
 11
85.2722067914
 21
120.4054151538
  0
SPLINE
  5
11C2
100
AcDbEntity
  8
BEZUGSACHSEN
100
AcDbSpline
 62
7
  6
CONTINUOUS
 70
0
 71
3
 72
10
 73
6
 74
4
 42
0.0000001
 43
0.0000001
 44
0.0000000001
 12
0.1775593107
 22
-0.2476788829
 32
0.0
 13
0.2350302259
 23
0.1939920894
 33
0.0
 40
0.0
 40
0.0
 40
0.0
 40
0.0
 40
0.1140423707
 40
0.4523101868
 40
1.0
 40
1.0
 40
1.0
 40
1.0
 10
62.8297914096
 20
139.6111163675
 30
0.0
 10
62.8365411712
 20
139.6017010718
 30
0.0
 10
62.879917996
 20
139.6682484048
 30
0.0
 10
62.9506946747
 20
139.696431542
 30
0.0
 10
63.022829293
 20
139.768511132
 30
0.0
 10
63.0657371799
 20
139.8039269624
 30
0.0
 11
62.8297914096
 21
139.6111163675
 31
0.0
 11
62.857692228
 21
139.6318385295
 31
0.0
 11
62.937247103
 21
139.697397106
 31
0.0
 11
63.0657371799
 21
139.8039269624
 31
0.0
  0
SPLINE
  5
11C3
100
AcDbEntity
  8
BEZUGSACHSEN
100
AcDbSpline
 62
7
  6
CONTINUOUS
 70
0
 71
3
 72
10
 73
6
 74
4
 42
0.0000001
 43
0.0000001
 44
0.0000000001
 12
0.2576952096
 22
0.1626816424
 32
0.0
 13
-0.1798300437
 23
0.2460351463
 33
0.0
 40
0.0
 40
0.0
 40
0.0
 40
0.0
 40
0.5476898132
 40
0.8859576293
 40
1.0
 40
1.0
 40
1.0
 40
1.0
 10
65.0030318493
 20
141.2062944263
 30
0.0
 10
65.0500775297
 20
141.2359941191
 30
0.0
 10
65.1410812858
 20
141.2820070176
 30
0.0
 10
65.1899605067
 20
141.3404403064
 30
0.0
 10
65.2667267101
 20
141.3608620218
 30
0.0
 10
65.2598906286
 20
141.3702148323
 30
0.0
 11
65.0030318493
 21
141.2062944263
 31
0.0
 11
65.1443641732
 21
141.2950834143
 31
0.0
 11
65.231490754
 21
141.3501820894
 31
0.0
 11
65.2598906286
 21
141.3702148323
 31
0.0
  0
SPLINE
  5
11C4
100
AcDbEntity
  8
0
100
AcDbSpline
 62
7
  6
CONTINUOUS
 70
0
 71
3
 72
11
 73
7
 74
5
 42
0.0000001
 43
0.0000001
 44
0.0000000001
 12
0.6874438907
 22
-0.9058827276
 32
0.0
 13
0.4221009296
 23
-1.0559514308
 33
0.0
 40
0.0
 40
0.0
 40
0.0
 40
0.0
 40
0.2036358214
 40
0.4317823022
 40
0.6988762041
 40
1.0
 40
1.0
 40
1.0
 40
1.0
 10
81.883130706
 20
141.0731542692
 30
0.0
 10
81.9297934398
 20
141.0116642115
 30
0.0
 10
82.0170952793
 20
140.8725684281
 30
0.0
 10
82.1381644955
 20
140.6368381857
 30
0.0
 10
82.260915164
 20
140.3609071484
 30
0.0
 10
82.3421401753
 20
140.1614118961
 30
0.0
 10
82.3845083867
 20
140.055421195
 30
0.0
 11
81.883130706
 21
141.0731542692
 31
0.0
 11
82.0093586658
 21
140.8790088508
 31
0.0
 11
82.1294105186
 21
140.6490092745
 31
0.0
 11
82.2542647071
 21
140.3721204693
 31
0.0
 11
82.3845083867
 21
140.055421195
 31
0.0
  0
LINE
  5
11C5
100
AcDbEntity
  8
RUNDUNGEN
100
AcDbLine
 62
7
  6
CONTINUOUS
 10
85.6722067914
 20
134.3254151538
 11
85.2722067914
 21
133.9254151538
  0
SPLINE
  5
11C6
100
AcDbEntity
  8
0
100
AcDbSpline
 62
7
  6
CONTINUOUS
 70
0
 71
3
 72
9
 73
5
 74
3
 42
0.0000001
 43
0.0000001
 44
0.0000000001
 12
0.1753015004
 22
-0.1106669233
 32
0.0
 13
0.1250047243
 23
-0.1653832001
 33
0.0
 40
0.0
 40
0.0
 40
0.0
 40
0.0
 40
0.4530728098
 40
1.0
 40
1.0
 40
1.0
 40
1.0
 10
81.7413817335
 20
141.2062944263
 30
0.0
 10
81.7678565146
 20
141.189581035
 30
0.0
 10
81.8212176098
 20
141.1447528212
 30
0.0
 10
81.866363605
 20
141.0921567643
 30
0.0
 10
81.8891530992
 20
141.062005908
 30
0.0
 11
81.7413817335
 21
141.2062944263
 31
0.0
 11
81.8145230828
 21
141.1473656017
 31
0.0
 11
81.8891530992
 21
141.062005908
 31
0.0
  0
LINE
  5
11C7
100
AcDbEntity
  8
RUNDUNGEN
100
AcDbLine
 62
7
  6
CONTINUOUS
 10
61.0722067914
 20
134.3254151538
 11
61.4722067914
 21
133.9254151538
  0
SPLINE
  5
11C8
100
AcDbEntity
  8
BEZUGSACHSEN
100
AcDbSpline
 62
7
  6
CONTINUOUS
 70
0
 71
3
 72
10
 73
6
 74
4
 42
0.0000001
 43
0.0000001
 44
0.0000000001
 12
-0.1798298479
 22
-0.2460348785
 32
0.0
 13
0.257694929
 23
-0.1626814653
 33
0.0
 40
0.0
 40
0.0
 40
0.0
 40
0.0
 40
0.1137859514
 40
0.4617727251
 40
1.0
 40
1.0
 40
1.0
 40
1.0
 10
81.4845232562
 20
141.3702146197
 30
0.0
 10
81.4777025528
 20
141.3608828488
 30
0.0
 10
81.5559209856
 20
141.3400104472
 30
0.0
 10
81.6042986209
 20
141.281540252
 30
0.0
 10
81.6951489204
 20
141.2354809602
 30
0.0
 10
81.7413817335
 20
141.2062944263
 30
0.0
 11
81.4845232562
 21
141.3702146197
 31
0.0
 11
81.5128574575
 21
141.3502244088
 31
0.0
 11
81.6024927282
 21
141.2935514327
 31
0.0
 11
81.7413817335
 21
141.2062944263
 31
0.0
  0
SPLINE
  5
11C9
100
AcDbEntity
  8
0
100
AcDbSpline
 62
7
  6
CONTINUOUS
 70
0
 71
3
 72
9
 73
5
 74
3
 42
0.0000001
 43
0.0000001
 44
0.0000000001
 12
0.1174949823
 22
0.1466576853
 32
0.0
 13
0.1589038055
 23
0.100315144
 33
0.0
 40
0.0
 40
0.0
 40
0.0
 40
0.0
 40
0.5243358861
 40
1.0
 40
1.0
 40
1.0
 40
1.0
 10
64.8671439227
 20
141.0773969589
 30
0.0
 10
64.8876795346
 20
141.103029588
 30
0.0
 10
64.9291761086
 20
141.1501260299
 30
0.0
 10
64.9778369034
 20
141.1903889883
 30
0.0
 10
65.0030318493
 20
141.2062944263
 30
0.0
 11
64.8671439227
 21
141.0773969589
 31
0.0
 11
64.9331654661
 21
141.1505395804
 31
0.0
 11
65.0030318493
 21
141.2062944263
 31
0.0
  0
SPLINE
  5
11CA
100
AcDbEntity
  8
0
100
AcDbSpline
 62
7
  6
CONTINUOUS
 70
0
 71
3
 72
11
 73
7
 74
5
 42
0.0000001
 43
0.0000001
 44
0.0000000001
 12
0.4246253078
 22
1.0622590821
 32
0.0
 13
0.7152681135
 23
0.8928003894
 33
0.0
 40
0.0
 40
0.0
 40
0.0
 40
0.0
 40
0.3072310361
 40
0.5817178782
 40
0.8136141525
 40
1.0
 40
1.0
 40
1.0
 40
1.0
 10
64.3599053457
 20
140.0554213033
 30
0.0
 10
64.4033913701
 20
140.1642076228
 30
0.0
 10
64.4871142097
 20
140.3696360306
 30
0.0
 10
64.613822147
 20
140.6529924423
 30
0.0
 10
64.7355405894
 20
140.8875692917
 30
0.0
 10
64.8227053048
 20
141.0219285065
 30
0.0
 10
64.8671439227
 20
141.0773969589
 30
0.0
 11
64.3599053457
 21
140.0554213033
 31
0.0
 11
64.4937433855
 21
140.3804087765
 31
0.0
 11
64.6234253194
 21
140.6663879556
 31
0.0
 11
64.7477393083
 21
140.9007436323
 31
0.0
 11
64.8671439227
 21
141.0773969589
 31
0.0
  0
SPLINE
  5
11CB
100
AcDbEntity
  8
0
100
AcDbSpline
 62
7
  6
CONTINUOUS
 70
0
 71
3
 72
9
 73
5
 74
3
 42
0.0000001
 43
0.0000001
 44
0.0000000001
 12
0.3890881205
 22
-0.0243997792
 32
0.0
 13
0.3882236854
 23
-0.0355989445
 33
0.0
 40
0.0
 40
0.0
 40
0.0
 40
0.0
 40
0.5153983511
 40
1.0
 40
1.0
 40
1.0
 40
1.0
 10
82.3845083867
 20
140.055421195
 30
0.0
 10
82.451353512
 20
140.0512293264
 30
0.0
 10
82.5810276389
 20
140.0427138868
 30
0.0
 10
82.7105572365
 20
140.032152849
 30
0.0
 10
82.7732685159
 20
140.0264024133
 30
0.0
 11
82.3845083867
 21
140.055421195
 31
0.0
 11
82.5849827822
 21
140.0419082559
 31
0.0
 11
82.7732685159
 21
140.0264024133
 31
0.0
  0
SPLINE
  5
11CC
100
AcDbEntity
  8
0
100
AcDbSpline
 62
7
  6
CONTINUOUS
 70
0
 71
3
 72
11
 73
7
 74
5
 42
0.0000001
 43
0.0000001
 44
0.0000000001
 12
1.0715382603
 22
0.4006318438
 32
0.0
 13
1.1417413612
 23
0.0716015465
 33
0.0
 40
0.0
 40
0.0
 40
0.0
 40
0.0
 40
0.1865015046
 40
0.4187917972
 40
0.6935865092
 40
1.0
 40
1.0
 40
1.0
 40
1.0
 10
63.2306287159
 20
139.8927575148
 30
0.0
 10
63.2972432152
 20
139.917663662
 30
0.0
 10
63.4522966811
 20
139.9585438857
 30
0.0
 10
63.7134681253
 20
140.0009251923
 30
0.0
 10
64.0221834921
 20
140.0327530251
 30
0.0
 10
64.2432903603
 20
140.0481080767
 30
0.0
 10
64.3599053457
 20
140.0554213033
 30
0.0
 11
63.2306287159
 21
139.8927575148
 31
0.0
 11
63.4358680939
 21
139.9510418768
 31
0.0
 11
63.6977757283
 21
139.9959890989
 31
0.0
 11
64.010305961
 21
140.0298652265
 31
0.0
 11
64.3599053457
 21
140.0554213033
 31
0.0
  0
SPLINE
  5
11CD
100
AcDbEntity
  8
0
100
AcDbSpline
 62
7
  6
CONTINUOUS
 70
0
 71
3
 72
9
 73
5
 74
3
 42
0.0000001
 43
0.0000001
 44
0.0000000001
 12
0.1449283314
 22
0.1196226984
 32
0.0
 13
0.1760191451
 23
0.0658108789
 33
0.0
 40
0.0
 40
0.0
 40
0.0
 40
0.0
 40
0.4735224922
 40
1.0
 40
1.0
 40
1.0
 40
1.0
 10
63.0657371799
 20
139.8039269624
 30
0.0
 10
63.0886127881
 20
139.8228083084
 30
0.0
 10
63.1420382876
 20
139.8564862301
 30
0.0
 10
63.1997386757
 20
139.881208199
 30
0.0
 10
63.2306287159
 20
139.8927575148
 30
0.0
 11
63.0657371799
 21
139.8039269624
 31
0.0
 11
63.1401676701
 21
139.8526946797
 31
0.0
 11
63.2306287159
 21
139.8927575148
 31
0.0
  0
SPLINE
  5
11CE
100
AcDbEntity
  8
0
100
AcDbSpline
 62
9
  6
CONTINUOUS
 70
0
 71
3
 72
10
 73
6
 74
4
 42
0.0000001
 43
0.0000001
 44
0.0000000001
 12
-0.8123965575
 22
0.5880770324
 32
0.0
 13
-0.8147311454
 23
0.5848383738
 33
0.0
 40
0.0
 40
0.0
 40
0.0
 40
0.0
 40
0.3645136566
 40
0.7070675913
 40
1.0
 40
1.0
 40
1.0
 40
1.0
 10
82.6955272635
 20
140.4850772369
 30
0.0
 10
82.5968173836
 20
140.5565312733
 30
0.0
 10
82.4053849323
 20
140.6951910562
 30
0.0
 10
82.1344205703
 20
140.8909871306
 30
0.0
 10
81.962684425
 20
141.0160482314
 30
0.0
 10
81.883130706
 20
141.0731542692
 30
0.0
 11
82.6955272635
 21
140.4850772369
 31
0.0
 11
82.3993976237
 21
140.6994393463
 31
0.0
 11
82.1211079864
 21
140.9008874476
 31
0.0
 11
81.883130706
 21
141.0731542692
 31
0.0
  0
SPLINE
  5
11CF
100
AcDbEntity
  8
0
100
AcDbSpline
 62
9
  6
CONTINUOUS
 70
0
 71
3
 72
12
 73
8
 74
6
 42
0.0000001
 43
0.0000001
 44
0.0000000001
 12
0.3443475124
 22
-0.2492660282
 32
0.0
 13
0.3429132402
 23
-0.2512354907
 33
0.0
 40
0.0
 40
0.0
 40
0.0
 40
0.0
 40
0.2416928869
 40
0.4602236266
 40
0.658028986
 40
0.8372578277
 40
1.0
 40
1.0
 40
1.0
 40
1.0
 10
82.6955272635
 20
140.4850772369
 30
0.0
 10
82.7232693783
 20
140.4649952949
 30
0.0
 10
82.7760618054
 20
140.4267124852
 30
0.0
 10
82.851725303
 20
140.3722121466
 30
0.0
 10
82.9196648919
 20
140.3221767092
 30
0.0
 10
82.9829770066
 20
140.27910091
 30
0.0
 10
83.0191711796
 20
140.2466850278
 30
0.0
 10
83.0377733281
 20
140.233056158
 30
0.0
 11
82.6955272635
 21
140.4850772369
 31
0.0
 11
82.7787536079
 21
140.4248314109
 31
0.0
 11
82.8540041245
 21
140.3703591214
 31
0.0
 11
82.9221179079
 21
140.3210529651
 31
0.0
 11
82.9838349137
 21
140.2763773036
 31
0.0
 11
83.0377733281
 21
140.233056158
 31
0.0
  0
LINE
  5
11D0
100
AcDbEntity
  8
RUNDUNGEN
100
AcDbLine
 62
7
  6
CONTINUOUS
 10
61.0722067914
 20
120.0054151538
 11
61.4722067914
 21
120.4054151538
  0
LINE
  5
11D1
100
AcDbEntity
  8
RUNDUNGEN
100
AcDbLine
 62
7
  6
CONTINUOUS
 10
66.3722067914
 20
120.0054151538
 11
66.7722067914
 21
120.4054151538
  0
LINE
  5
11D2
100
AcDbEntity
  8
RUNDUNGEN
100
AcDbLine
 62
7
  6
CONTINUOUS
 10
66.3722067914
 20
116.8054151538
 11
66.7722067914
 21
117.2054151538
  0
LINE
  5
11D3
100
AcDbEntity
  8
RUNDUNGEN
100
AcDbLine
 62
9
  6
CONTINUOUS
 10
83.459826779
 20
145.0776854996
 11
83.5890022044
 21
145.1611741145
  0
LINE
  5
11D4
100
AcDbEntity
  8
RUNDUNGEN
100
AcDbLine
 62
9
  6
CONTINUOUS
 10
63.1554113784
 20
145.1611741145
 11
63.2845868038
 21
145.0776854997
  0
LINE
  5
11D5
100
AcDbEntity
  8
RUNDUNGEN
100
AcDbLine
 62
9
  6
CONTINUOUS
 10
62.8340496642
 20
143.8232364198
 11
62.9611659143
 21
143.7376880207
  0
LINE
  5
11D6
100
AcDbEntity
  8
RUNDUNGEN
100
AcDbLine
 62
9
  6
CONTINUOUS
 10
60.6807827051
 20
147.4833012778
 11
60.6881200031
 21
147.3397312282
  0
LINE
  5
11D7
100
AcDbEntity
  8
RUNDUNGEN
100
AcDbLine
 62
9
  6
CONTINUOUS
 10
62.0832708278
 20
147.1584258062
 11
62.0943736987
 21
146.9989452843
  0
LINE
  5
11D8
100
AcDbEntity
  8
RUNDUNGEN
100
AcDbLine
 62
9
  6
CONTINUOUS
 10
83.7832476686
 20
143.7376880207
 11
83.9103639186
 21
143.8232364198
  0
LINE
  5
11D9
100
AcDbEntity
  8
RUNDUNGEN
100
AcDbLine
 62
9
  6
CONTINUOUS
 10
84.6500398841
 20
146.9989452843
 11
84.6593036152
 21
147.131894427
  0
LINE
  5
11DA
100
AcDbEntity
  8
RUNDUNGEN
100
AcDbLine
 62
9
  6
CONTINUOUS
 10
84.6593036152
 20
147.131894427
 11
84.661142755
 21
147.1584258062
  0
LINE
  5
11DB
100
AcDbEntity
  8
RUNDUNGEN
100
AcDbLine
 62
9
  6
CONTINUOUS
 10
86.0562935797
 20
147.3397312282
 11
86.0636308777
 21
147.4833012778
  0
SPLINE
  5
11DC
100
AcDbEntity
  8
0
100
AcDbSpline
 62
7
  6
CONTINUOUS
 70
0
 71
3
 72
16
 73
12
 74
10
 42
0.0000001
 43
0.0000001
 44
0.0000000001
 12
-105.4099655676
 22
16.4722777224
 32
0.0
 13
110.9147766314
 23
-12.8956940769
 33
0.0
 40
0.0
 40
0.0
 40
0.0
 40
0.0
 40
0.0941270453
 40
0.2230962277
 40
0.3040761536
 40
0.4420744828
 40
0.5737968417
 40
0.7210985218
 40
0.83887147
 40
0.9466790919
 40
1.0
 40
1.0
 40
1.0
 40
1.0
 10
63.1776535351
 20
167.1466627913
 30
0.0
 10
59.8703440015
 20
167.6634917349
 30
0.0
 10
52.3476691195
 20
165.466747269
 30
0.0
 10
36.5426522428
 20
166.4748530278
 30
0.0
 10
40.0167622365
 20
151.1081854996
 30
0.0
 10
40.1603517536
 20
139.0237340985
 30
0.0
 10
34.4115927679
 20
123.7355587355
 30
0.0
 10
38.3941961016
 20
109.8138301949
 30
0.0
 10
33.1523638693
 20
93.7435775829
 30
0.0
 10
45.1185926192
 20
89.8053817925
 30
0.0
 10
51.2324792209
 20
88.7909949047
 30
0.0
 10
53.2038380907
 20
88.5617915319
 30
0.0
 11
63.1776535351
 21
167.1466627913
 31
0.0
 11
52.797449154
 21
166.3325291144
 31
0.0
 11
38.957176646
 21
162.8724609873
 31
0.0
 11
39.1607100652
 21
153.916990541
 31
0.0
 11
39.1607100652
 21
138.6519840982
 31
0.0
 11
36.1077087767
 21
124.4046447517
 31
0.0
 11
36.7183090344
 21
108.1219712128
 31
0.0
 11
36.5147756151
 21
95.0958323817
 31
0.0
 11
47.0985134154
 21
89.6004300624
 31
0.0
 11
53.2038380907
 21
88.5617915319
 31
0.0
  0
SPLINE
  5
11DD
100
AcDbEntity
  8
0
100
AcDbSpline
 62
7
  6
CONTINUOUS
 70
0
 71
3
 72
15
 73
11
 74
9
 42
0.0000001
 43
0.0000001
 44
0.0000000001
 12
108.2402699432
 22
-13.7502620151
 32
0.0
 13
-105.7218002328
 23
18.8594112626
 33
0.0
 40
0.0
 40
0.0
 40
0.0
 40
0.0
 40
0.187839851
 40
0.2873003689
 40
0.425003065
 40
0.5608417748
 40
0.6823300724
 40
0.8421189908
 40
0.9436550291
 40
1.0
 40
1.0
 40
1.0
 40
1.0
 10
82.7993370379
 20
88.1909719509
 30
0.0
 10
89.5766157625
 20
87.330022895
 30
0.0
 10
100.5226528367
 20
83.5908297509
 30
0.0
 10
111.0611566087
 20
97.202104398
 30
0.0
 10
106.4736822304
 20
110.3654949335
 30
0.0
 10
110.1873975856
 20
123.9048630503
 30
0.0
 10
105.0740539705
 20
138.2473570678
 30
0.0
 10
109.0645044435
 20
150.6063220387
 30
0.0
 10
107.4559770305
 20
163.5263131297
 30
0.0
 10
102.5111228247
 20
165.3990996409
 30
0.0
 10
100.5254922403
 20
165.7533106335
 30
0.0
 11
82.7993370379
 21
88.1909719509
 31
0.0
 11
102.2560700284
 21
87.9721627085
 31
0.0
 11
108.5656060247
 21
96.1134994779
 31
0.0
 11
107.955005767
 21
110.3608388244
 31
0.0
 11
108.769139444
 21
124.4046447517
 31
0.0
 11
106.7338052516
 21
136.8201833251
 31
0.0
 11
108.1585391862
 21
153.3063902832
 31
0.0
 11
105.5126047362
 21
163.483061245
 31
0.0
 11
100.5254922403
 21
165.7533106335
 31
0.0
  0
SPLINE
  5
11DE
100
AcDbEntity
  8
0
100
AcDbSpline
 62
7
  6
CONTINUOUS
 70
0
 71
3
 72
9
 73
5
 74
3
 42
0.0000001
 43
0.0000001
 44
0.0000000001
 12
29.949582965
 22
-3.4821389122
 32
0.0
 13
31.2193315428
 23
-3.9659360502
 33
0.0
 40
0.0
 40
0.0
 40
0.0
 40
0.0
 40
0.3565350095
 40
1.0
 40
1.0
 40
1.0
 40
1.0
 10
53.2038380907
 20
88.5617915319
 30
0.0
 10
56.7631963727
 20
88.1479567219
 30
0.0
 10
66.2722284967
 20
87.9608299002
 30
0.0
 10
76.1031547461
 20
89.0416189518
 30
0.0
 10
82.7993370379
 20
88.1909719509
 30
0.0
 11
53.2038380907
 21
88.5617915319
 31
0.0
 11
63.5847203735
 21
88.1756961277
 31
0.0
 11
82.7993370379
 21
88.1909719509
 31
0.0
  0
SPLINE
  5
11DF
100
AcDbEntity
  8
0
100
AcDbSpline
 62
7
  6
CONTINUOUS
 70
0
 71
3
 72
11
 73
7
 74
5
 42
0.0000001
 43
0.0000001
 44
0.0000000001
 12
-37.6981702121
 22
6.7248693676
 32
0.0
 13
-35.1887654177
 23
5.4989024382
 33
0.0
 40
0.0
 40
0.0
 40
0.0
 40
0.0
 40
0.1911448339
 40
0.4171941523
 40
0.8636466171
 40
1.0
 40
1.0
 40
1.0
 40
1.0
 10
100.5254922403
 20
165.7533106335
 30
0.0
 10
98.123555412
 20
166.181785313
 30
0.0
 10
92.1755735094
 20
166.1136465294
 30
0.0
 10
82.0352095343
 20
166.0677388169
 30
0.0
 10
71.7464360622
 20
164.385450624
 30
0.0
 10
64.7770226033
 20
166.8967314747
 30
0.0
 10
63.1776535351
 20
167.1466627913
 30
0.0
 11
100.5254922403
 21
165.7533106335
 31
0.0
 11
92.8935327435
 21
166.1289956951
 31
0.0
 11
84.5486625549
 21
165.9254622759
 31
0.0
 11
68.0624555967
 21
165.9254622759
 31
0.0
 11
63.1776535351
 21
167.1466627913
 31
0.0
  0
SPLINE
  5
11E0
100
AcDbEntity
  8
0
100
AcDbSpline
 62
3
  6
CONTINUOUS
 70
0
 71
3
 72
10
 73
6
 74
4
 42
0.0000001
 43
0.0000001
 44
0.0000000001
 12
0.093347443
 22
-0.3751851656
 32
0.0
 13
-0.0933474431
 23
-0.3751851656
 33
0.0
 40
0.0
 40
0.0
 40
0.0
 40
0.0
 40
0.3291302369
 40
0.6708697391
 40
1.0
 40
1.0
 40
1.0
 40
1.0
 10
86.9627460123
 20
127.7969256917
 30
0.0
 10
86.9729871676
 20
127.7557640975
 30
0.0
 10
86.9879674119
 20
127.6701918546
 30
0.0
 10
86.9879674125
 20
127.5406384592
 30
0.0
 10
86.9729871684
 20
127.455066213
 30
0.0
 10
86.9627460123
 20
127.4139046158
 30
0.0
 11
86.9627460123
 21
127.7969256917
 31
0.0
 11
86.9840802481
 21
127.6714774026
 31
0.0
 11
86.9840802488
 21
127.5393529142
 31
0.0
 11
86.9627460123
 21
127.4139046158
 31
0.0
  0
SPLINE
  5
11E1
100
AcDbEntity
  8
0
100
AcDbSpline
 62
3
  6
CONTINUOUS
 70
0
 71
3
 72
10
 73
6
 74
4
 42
0.0000001
 43
0.0000001
 44
0.0000000001
 12
-0.093347443
 22
0.3751851656
 32
0.0
 13
0.0933474431
 23
0.3751851656
 33
0.0
 40
0.0
 40
0.0
 40
0.0
 40
0.0
 40
0.3291302369
 40
0.6708697391
 40
1.0
 40
1.0
 40
1.0
 40
1.0
 10
59.7816675705
 20
127.4139046158
 30
0.0
 10
59.7714264152
 20
127.45506621
 30
0.0
 10
59.7564461709
 20
127.5406384529
 30
0.0
 10
59.7564461703
 20
127.6701918483
 30
0.0
 10
59.7714264144
 20
127.7557640945
 30
0.0
 10
59.7816675705
 20
127.7969256917
 30
0.0
 11
59.7816675705
 21
127.4139046158
 31
0.0
 11
59.7603333348
 21
127.5393529049
 31
0.0
 11
59.760333334
 21
127.6714773933
 31
0.0
 11
59.7816675705
 21
127.7969256917
 31
0.0
  0
LINE
  5
11E2
100
AcDbEntity
  8
0
100
AcDbLine
 62
7
  6
CONTINUOUS
 10
176.880684479
 20
159.8173114361
 11
176.7497955627
 21
159.9671331693
  0
SPLINE
  5
11E3
100
AcDbEntity
  8
RUNDUNGEN
100
AcDbSpline
 62
7
  6
CONTINUOUS
 70
0
 71
3
 72
9
 73
5
 74
3
 42
0.0000001
 43
0.0000001
 44
0.0000000001
 12
-0.0383274942
 22
0.0000000001
 32
0.0
 13
-0.0025921443
 23
-0.0390240633
 33
0.0
 40
0.0
 40
0.0
 40
0.0
 40
0.0
 40
0.4853220801
 40
1.0
 40
1.0
 40
1.0
 40
1.0
 10
176.8705497754
 20
149.8362538091
 30
0.0
 10
176.8643493824
 20
149.8362538091
 30
0.0
 10
176.870154066
 20
149.8157731665
 30
0.0
 10
176.87080045
 20
149.8010822754
 30
0.0
 10
176.8703557435
 20
149.7943873342
 30
0.0
 11
176.8705497754
 21
149.8362538091
 31
0.0
 11
176.8687686915
 21
149.8177380967
 31
0.0
 11
176.8703557435
 21
149.7943873342
 31
0.0
  0
SPLINE
  5
11E4
100
AcDbEntity
  8
RUNDUNGEN
100
AcDbSpline
 62
7
  6
CONTINUOUS
 70
0
 71
3
 72
11
 73
7
 74
5
 42
0.0000001
 43
0.0000001
 44
0.0000000001
 12
-0.0235080417
 22
-0.3539075036
 32
0.0
 13
-0.0593836588
 23
-0.3424801186
 33
0.0
 40
0.0
 40
0.0
 40
0.0
 40
0.0
 40
0.1012647733
 40
0.3428451829
 40
0.6551688249
 40
1.0
 40
1.0
 40
1.0
 40
1.0
 10
176.8703557435
 20
149.7943873342
 30
0.0
 10
176.8695622313
 20
149.7824412131
 30
0.0
 10
176.8584958332
 20
149.7513325936
 30
0.0
 10
176.8564310367
 20
149.669220504
 30
0.0
 10
176.8404892846
 20
149.5687980287
 30
0.0
 10
176.8291776919
 20
149.4928494261
 30
0.0
 10
176.8223519129
 20
149.4534834855
 30
0.0
 11
176.8703557435
 21
149.7943873342
 31
0.0
 11
176.8638961386
 21
149.7630296799
 31
0.0
 11
176.8551171141
 21
149.6795188378
 31
0.0
 11
176.8411438329
 21
149.5718611886
 31
0.0
 11
176.8223519129
 21
149.4534834855
 31
0.0
  0
SPLINE
  5
11E5
100
AcDbEntity
  8
RUNDUNGEN
100
AcDbSpline
 62
7
  6
CONTINUOUS
 70
0
 71
3
 72
16
 73
12
 74
10
 42
0.0000001
 43
0.0000001
 44
0.0000000001
 12
3.5069976578
 22
0.0
 32
0.0
 13
0.5991488339
 23
3.4554382134
 33
0.0
 40
0.0
 40
0.0
 40
0.0
 40
0.0
 40
0.0976998803
 40
0.1949409115
 40
0.2927674589
 40
0.392462297
 40
0.4999860514
 40
0.6143325744
 40
0.7335970771
 40
0.8610352797
 40
1.0
 40
1.0
 40
1.0
 40
1.0
 10
174.480684479
 20
147.2362444535
 30
0.0
 10
174.5948955628
 20
147.2362444535
 30
0.0
 10
174.823200403
 20
147.2551737532
 30
0.0
 10
175.1566875796
 20
147.3378571955
 30
0.0
 10
175.4755375547
 20
147.4720933538
 30
0.0
 10
175.7804855381
 20
147.6595379673
 30
0.0
 10
176.0677526501
 20
147.904417964
 30
0.0
 10
176.3275454443
 20
148.2092152069
 30
0.0
 10
176.5480123148
 20
148.5711733201
 30
0.0
 10
176.7205099503
 20
148.9895734134
 30
0.0
 10
176.7945985519
 20
149.2934213218
 30
0.0
 10
176.8223520686
 20
149.4534826567
 30
0.0
 11
174.480684479
 21
147.2362444535
 31
0.0
 11
174.8221678017
 21
147.2642923627
 31
0.0
 11
175.1532397867
 21
147.3460771793
 31
0.0
 11
175.4695418439
 21
147.4789499031
 31
0.0
 11
175.7675585568
 21
147.6617800724
 31
0.0
 11
176.0547904213
 21
147.9060982492
 31
0.0
 11
176.3153528352
 21
148.2109238475
 31
0.0
 11
176.5336025757
 21
148.5677273729
 31
0.0
 11
176.7050419322
 21
148.9804632814
 31
0.0
 11
176.8223520686
 21
149.4534826567
 31
0.0
  0
SPLINE
  5
11E6
100
AcDbEntity
  8
RUNDUNGEN
100
AcDbSpline
 62
7
  6
CONTINUOUS
 70
0
 71
3
 72
14
 73
10
 74
8
 42
0.0000001
 43
0.0000001
 44
0.0000000001
 12
1.3498376725
 22
0.0
 32
0.0
 13
0.3375436918
 23
1.3069529441
 33
0.0
 40
0.0
 40
0.0
 40
0.0
 40
0.0
 40
0.1267935438
 40
0.2538974434
 40
0.3832384764
 40
0.5178131947
 40
0.66568348
 40
0.8277911743
 40
1.0
 40
1.0
 40
1.0
 40
1.0
 10
174.480684479
 20
148.5998108077
 30
0.0
 10
174.5377347131
 20
148.5998108077
 30
0.0
 10
174.6522689853
 20
148.6112660355
 30
0.0
 10
174.8183639876
 20
148.6610392755
 30
0.0
 10
174.9756361469
 20
148.742090439
 30
0.0
 10
175.1230551792
 20
148.8559790405
 30
0.0
 10
175.2568543568
 20
149.00629633
 30
0.0
 10
175.3680755878
 20
149.1941332954
 30
0.0
 10
175.4187469446
 20
149.3368821844
 30
0.0
 10
175.4381229455
 20
149.4119051284
 30
0.0
 11
174.480684479
 21
148.5998108077
 31
0.0
 11
174.6510078566
 21
148.6166188378
 31
0.0
 11
174.8154296381
 21
148.6656251268
 31
0.0
 11
174.9707286387
 21
148.7453977954
 31
0.0
 11
175.1146389861
 21
148.8562490313
 31
0.0
 11
175.2476093004
 21
149.0051093938
 31
0.0
 11
175.3595285633
 21
149.1931409475
 31
0.0
 11
175.4381229455
 21
149.4119051284
 31
0.0
  0
SPLINE
  5
11E7
100
AcDbEntity
  8
RUNDUNGEN
100
AcDbSpline
 62
7
  6
CONTINUOUS
 70
0
 71
3
 72
12
 73
8
 74
6
 42
0.0000001
 43
0.0000001
 44
0.0000000001
 12
0.1070298744
 22
0.4144145297
 32
0.0
 13
0.3762531666
 23
0.0581845097
 33
0.0
 40
0.0
 40
0.0
 40
0.0
 40
0.0
 40
0.3015903957
 40
0.5850323475
 40
0.8060068156
 40
0.9521182028
 40
1.0
 40
1.0
 40
1.0
 40
1.0
 10
175.4381383329
 20
149.4119110026
 30
0.0
 10
175.4488980603
 20
149.4535721499
 30
0.0
 10
175.4662526704
 20
149.5359624782
 30
0.0
 10
175.4848848324
 20
149.6467998566
 30
0.0
 10
175.485974798
 20
149.7473353097
 30
0.0
 10
175.5004952126
 20
149.791095434
 30
0.0
 10
175.488968373
 20
149.8351495224
 30
0.0
 10
175.4949735989
 20
149.836078182
 30
0.0
 11
175.4381383329
 21
149.4119110026
 31
0.0
 11
175.4657730369
 21
149.5380027529
 31
0.0
 11
175.482913903
 21
149.6581024605
 31
0.0
 11
175.4905319445
 21
149.7523750188
 31
0.0
 11
175.4935427599
 21
149.8148400167
 31
0.0
 11
175.4949735989
 21
149.836078182
 31
0.0
  0
SPLINE
  5
11E8
100
AcDbEntity
  8
RUNDUNGEN
100
AcDbSpline
 62
9
  6
CONTINUOUS
 70
0
 71
3
 72
10
 73
6
 74
4
 42
0.0000001
 43
0.0000001
 44
0.0000000001
 12
-1.38494406
 22
-0.0110695807
 32
0.0
 13
-1.3833713791
 23
-0.0669045027
 33
0.0
 40
0.0
 40
0.0
 40
0.0
 40
0.0
 40
0.3648552597
 40
0.6952800441
 40
1.0
 40
1.0
 40
1.0
 40
1.0
 10
176.8223519129
 20
149.4534834855
 30
0.0
 10
176.6539172047
 20
149.4521372206
 30
0.0
 10
176.3329532
 20
149.4483170034
 30
0.0
 10
175.8714140368
 20
149.4354840747
 30
0.0
 10
175.5786519548
 20
149.418706715
 30
0.0
 10
175.4381383329
 20
149.4119110026
 30
0.0
 11
176.8223519129
 21
149.4534834855
 31
0.0
 11
176.3170768756
 21
149.4467227988
 31
0.0
 11
175.8596536625
 21
149.4328194634
 31
0.0
 11
175.4381383329
 21
149.4119110026
 31
0.0
  0
SPLINE
  5
11E9
100
AcDbEntity
  8
0
100
AcDbSpline
 62
7
  6
CONTINUOUS
 70
0
 71
3
 72
15
 73
11
 74
9
 42
0.0000001
 43
0.0000001
 44
0.0000000001
 12
-4.2258058712
 22
-0.0
 32
0.0
 13
0.0
 23
4.2258058712
 33
0.0
 40
0.0
 40
0.0
 40
0.0
 40
0.0
 40
0.0486777731
 40
0.1157768657
 40
0.2090490353
 40
0.3303909523
 40
0.4756664348
 40
0.638453993
 40
0.8161222603
 40
1.0
 40
1.0
 40
1.0
 40
1.0
 10
176.880684479
 20
149.8362444535
 30
0.0
 10
176.8121168725
 20
149.8362444535
 30
0.0
 10
176.6512931995
 20
149.9161989722
 30
0.0
 10
176.5009156263
 20
150.1766363664
 30
0.0
 10
176.3706413882
 20
150.5514678915
 30
0.0
 10
176.2659219265
 20
151.0488772835
 30
0.0
 10
176.1832095173
 20
151.6481299266
 30
0.0
 10
176.1241166505
 20
152.3300781091
 30
0.0
 10
176.088536959
 20
153.0679134266
 30
0.0
 10
176.080684479
 20
153.5772339094
 30
0.0
 10
176.080684479
 20
153.8362444535
 30
0.0
 11
176.880684479
 21
149.8362444535
 31
0.0
 11
176.6905890867
 21
149.9148408388
 31
0.0
 11
176.5269554011
 21
150.1464079727
 31
0.0
 11
176.3905721879
 21
150.5162104957
 31
0.0
 11
176.2783176951
 21
151.0165397078
 31
0.0
 11
176.1914443184
 21
151.6242679176
 31
0.0
 11
176.1301146307
 21
152.3094371941
 31
0.0
 11
176.0929865343
 21
153.0593102112
 31
0.0
 11
176.080684479
 21
153.8362444535
 31
0.0
  0
SPLINE
  5
11EA
100
AcDbEntity
  8
02___PRT_ALL_AXES
100
AcDbSpline
 62
7
  6
CONTINUOUS
 70
0
 71
3
 72
29
 73
25
 74
23
 42
0.0000001
 43
0.0000001
 44
0.0000000001
 12
-1.3409216645
 22
0.0
 32
0.0
 13
-1.3409216645
 23
0.0
 33
0.0
 40
0.0
 40
0.0
 40
0.0
 40
0.0
 40
0.048459843
 40
0.0953404017
 40
0.1392449821
 40
0.1823278783
 40
0.22300868
 40
0.261082209
 40
0.3363001449
 40
0.4089486545
 40
0.4781413015
 40
0.5470014715
 40
0.6166834683
 40
0.6857515961
 40
0.7516959784
 40
0.8133519615
 40
0.8697322661
 40
0.9174598039
 40
0.9373881883
 40
0.9553520555
 40
0.9707158984
 40
0.9828082232
 40
0.9925319132
 40
1.0
 40
1.0
 40
1.0
 40
1.0
 10
137.5700511624
 20
116.5921358253
 30
0.0
 10
137.548390878
 20
116.5921358253
 30
0.0
 10
137.5057697783
 20
116.5932661067
 30
0.0
 10
137.443681241
 20
116.5979180369
 30
0.0
 10
137.3842842219
 20
116.6053376966
 30
0.0
 10
137.3280256769
 20
116.6150021065
 30
0.0
 10
137.2747910212
 20
116.6265757229
 30
0.0
 10
137.2082854449
 20
116.6443553616
 30
0.0
 10
137.1295311716
 20
116.6713159788
 30
0.0
 10
137.0408793355
 20
116.7110190026
 30
0.0
 10
136.9580808358
 20
116.7560442233
 30
0.0
 10
136.8792620467
 20
116.8052062667
 30
0.0
 10
136.8029220609
 20
116.8580159495
 30
0.0
 10
136.7296769661
 20
116.9128606117
 30
0.0
 10
136.6598949396
 20
116.9663143918
 30
0.0
 10
136.5939136802
 20
117.0154157551
 30
0.0
 10
136.5328304315
 20
117.0573805972
 30
0.0
 10
136.4853344538
 20
117.0861145131
 30
0.0
 10
136.4511185184
 20
117.1033012365
 30
0.0
 10
136.4292297434
 20
117.1126945172
 30
0.0
 10
136.4100791174
 20
117.1194859407
 30
0.0
 10
136.3940000757
 20
117.1237696813
 30
0.0
 10
136.3810749474
 20
117.125953373
 30
0.0
 10
136.3733892022
 20
117.126459797
 30
0.0
 10
136.3700511624
 20
117.126459797
 30
0.0
 11
137.5700511624
 21
116.5921358253
 31
0.0
 11
137.5050920269
 21
116.5938157081
 31
0.0
 11
137.4424074306
 21
116.5985504597
 31
0.0
 11
137.3839869277
 21
116.6058325079
 31
0.0
 11
137.3270498036
 21
116.6156114623
 31
0.0
 11
137.2737568965
 21
116.6272537682
 31
0.0
 11
137.2244366031
 21
116.6404439447
 31
0.0
 11
137.1290215878
 21
116.6731393382
 31
0.0
 11
137.040043004
 21
116.7127963801
 31
0.0
 11
136.9584199533
 21
116.7569117079
 31
0.0
 11
136.8799747218
 21
116.8056179691
 31
0.0
 11
136.8030421483
 21
116.8586468055
 31
0.0
 11
136.7286654122
 21
116.9138340313
 31
0.0
 11
136.6582434503
 21
116.9673125236
 31
0.0
 11
136.5917039717
 21
117.0163817896
 31
0.0
 11
136.5292014976
 21
117.0589145819
 31
0.0
 11
136.47412711
 21
117.0915131964
 31
0.0
 11
136.4502141396
 21
117.103440335
 31
0.0
 11
136.4280582384
 21
117.1128930843
 31
0.0
 11
136.4086066041
 21
117.1196801581
 31
0.0
 11
136.3929160427
 21
117.123770143
 31
0.0
 11
136.3800481022
 21
117.1258734685
 31
0.0
 11
136.3700511624
 21
117.126459797
 31
0.0
  0
SPLINE
  5
11EB
100
AcDbEntity
  8
0
100
AcDbSpline
 62
7
  6
CONTINUOUS
 70
0
 71
3
 72
9
 73
5
 74
3
 42
0.0000001
 43
0.0000001
 44
0.0000000001
 12
0.0
 22
0.2813139183
 32
0.0
 13
0.1813442656
 23
0.2173645952
 33
0.0
 40
0.0
 40
0.0
 40
0.0
 40
0.0
 40
0.5890509781
 40
1.0
 40
1.0
 40
1.0
 40
1.0
 10
139.1700511624
 20
115.3313186195
 30
0.0
 10
139.1700511624
 20
115.3865546991
 30
0.0
 10
139.1920141366
 20
115.4813821931
 30
0.0
 10
139.2436899858
 20
115.5610987606
 30
0.0
 10
139.2685310686
 20
115.5908740165
 30
0.0
 11
139.1700511624
 21
115.3313186195
 31
0.0
 11
139.20623559
 21
115.4930279501
 31
0.0
 11
139.2685310686
 21
115.5908740165
 31
0.0
  0
SPLINE
  5
11EC
100
AcDbEntity
  8
RUNDUNGEN
100
AcDbSpline
 62
7
  6
CONTINUOUS
 70
0
 71
3
 72
10
 73
6
 74
4
 42
0.0000001
 43
0.0000001
 44
0.0000000001
 12
0.0
 22
0.4402085458
 32
0.0
 13
0.0521829027
 23
0.4371046882
 33
0.0
 40
0.0
 40
0.0
 40
0.0
 40
0.0
 40
0.36772415
 40
0.6992297958
 40
1.0
 40
1.0
 40
1.0
 40
1.0
 10
137.5700511624
 20
117.8529530311
 30
0.0
 10
137.5700511624
 20
117.9069114688
 30
0.0
 10
137.5675668664
 20
118.0095724423
 30
0.0
 10
137.5775257
 20
118.1560734614
 30
0.0
 10
137.5647295467
 20
118.2492909547
 30
0.0
 10
137.5699612342
 20
118.2931136435
 30
0.0
 11
137.5700511624
 21
117.8529530311
 31
0.0
 11
137.5700511624
 21
118.0148283444
 31
0.0
 11
137.5725832289
 21
118.160737994
 31
0.0
 11
137.5699612342
 21
118.2931136435
 31
0.0
  0
SPLINE
  5
11ED
100
AcDbEntity
  8
RUNDUNGEN
100
AcDbSpline
 62
7
  6
CONTINUOUS
 70
0
 71
3
 72
15
 73
11
 74
9
 42
0.0000001
 43
0.0000001
 44
0.0000000001
 12
-0.6424436984
 22
0.0
 32
0.0
 13
0.0
 23
0.6424436984
 33
0.0
 40
0.0
 40
0.0
 40
0.0
 40
0.0
 40
0.1521134507
 40
0.3006374298
 40
0.4422898245
 40
0.5744266921
 40
0.6954235944
 40
0.8051277475
 40
0.9053326865
 40
1.0
 40
1.0
 40
1.0
 40
1.0
 10
138.0700511624
 20
118.7886091057
 30
0.0
 10
138.0374763865
 20
118.7886091057
 30
0.0
 10
137.9730252679
 20
118.7924688275
 30
0.0
 10
137.8796445887
 20
118.809692606
 30
0.0
 10
137.7933461623
 20
118.8376996151
 30
0.0
 10
137.7173289013
 20
118.8755018671
 30
0.0
 10
137.6543749682
 20
118.9218286742
 30
0.0
 10
137.6068725511
 20
118.9752775843
 30
0.0
 10
137.5769749412
 20
119.0341749287
 30
0.0
 10
137.5700511624
 20
119.076167037
 30
0.0
 10
137.5700511624
 20
119.0964398433
 30
0.0
 11
138.0700511624
 21
118.7886091057
 31
0.0
 11
137.9725060014
 21
118.794523987
 31
0.0
 11
137.8787094463
 21
118.8120413253
 31
0.0
 11
137.7922660459
 21
118.8404879392
 31
0.0
 11
137.7164977718
 21
118.8787706413
 31
0.0
 11
137.6543163563
 21
118.9254182487
 31
0.0
 11
137.6081113962
 21
118.9786381201
 31
0.0
 11
137.5796585222
 21
119.0363850456
 31
0.0
 11
137.5700511624
 21
119.0964398433
 31
0.0
  0
SPLINE
  5
11EE
100
AcDbEntity
  8
0
100
AcDbSpline
 62
7
  6
CONTINUOUS
 70
0
 71
3
 72
9
 73
5
 74
3
 42
0.0000001
 43
0.0000001
 44
0.0000000001
 12
-0.0002411932
 22
0.3830236613
 32
0.0
 13
0.0002411932
 23
0.3830236613
 33
0.0
 40
0.0
 40
0.0
 40
0.0
 40
0.0
 40
0.5
 40
1.0
 40
1.0
 40
1.0
 40
1.0
 10
168.4700497711
 20
127.413904615
 30
0.0
 10
168.4700095722
 20
127.4777418919
 30
0.0
 10
168.468659515
 20
127.6054151538
 30
0.0
 10
168.4700095722
 20
127.7330884157
 30
0.0
 10
168.4700497711
 20
127.7969256926
 30
0.0
 11
168.4700497711
 21
127.413904615
 31
0.0
 11
168.4693345436
 21
127.6054151538
 31
0.0
 11
168.4700497711
 21
127.7969256926
 31
0.0
  0
SPLINE
  5
11EF
100
AcDbEntity
  8
0
100
AcDbSpline
 62
7
  6
CONTINUOUS
 70
0
 71
3
 72
9
 73
5
 74
3
 42
0.0000001
 43
0.0000001
 44
0.0000000001
 12
-0.1003073569
 22
0.1367090774
 32
0.0
 13
-0.0377870377
 23
0.1659207991
 33
0.0
 40
0.0
 40
0.0
 40
0.0
 40
0.0
 40
0.5127810717
 40
1.0
 40
1.0
 40
1.0
 40
1.0
 10
139.2504373825
 20
118.8773181885
 30
0.0
 10
139.2332921445
 20
118.9006854642
 30
0.0
 10
139.2041748967
 20
118.9493894082
 30
0.0
 10
139.1857252739
 20
119.0035185323
 30
0.0
 10
139.1795884205
 20
119.0304651169
 30
0.0
 11
139.2504373825
 21
118.8773181885
 31
0.0
 11
139.20623559
 21
118.9520609063
 31
0.0
 11
139.1795884205
 21
119.0304651169
 31
0.0
  0
SPLINE
  5
11F0
100
AcDbEntity
  8
RUNDUNGEN
100
AcDbSpline
 62
9
  6
CONTINUOUS
 70
0
 71
3
 72
9
 73
5
 74
3
 42
0.0000001
 43
0.0000001
 44
0.0000000001
 12
-0.1084542187
 22
0.4990181476
 32
0.0
 13
-0.1212851276
 23
0.4960557902
 33
0.0
 40
0.0
 40
0.0
 40
0.0
 40
0.0
 40
0.5237968762
 40
1.0
 40
1.0
 40
1.0
 40
1.0
 10
137.0371645098
 20
117.4696775001
 30
0.0
 10
137.0182285161
 20
117.556805549
 30
0.0
 10
136.9728274153
 20
117.7210181287
 30
0.0
 10
136.9222879936
 20
117.8836504923
 30
0.0
 10
136.9030358747
 20
117.9623915979
 30
0.0
 11
137.0371645098
 21
117.4696775001
 31
0.0
 11
136.9692568405
 21
117.7284000685
 31
0.0
 11
136.9030358747
 21
117.9623915979
 31
0.0
  0
SPLINE
  5
11F1
100
AcDbEntity
  8
RUNDUNGEN
100
AcDbSpline
 62
7
  6
CONTINUOUS
 70
0
 71
3
 72
17
 73
13
 74
11
 42
0.0000001
 43
0.0000001
 44
0.0000000001
 12
-0.572147067
 22
-0.5120618009
 32
0.0
 13
-0.7678278155
 23
0.0
 33
0.0
 40
0.0
 40
0.0
 40
0.0
 40
0.0
 40
0.0962463552
 40
0.2350484799
 40
0.3800619918
 40
0.5267422815
 40
0.5992284705
 40
0.6751834066
 40
0.7538904136
 40
0.8325530147
 40
0.9152688464
 40
1.0
 40
1.0
 40
1.0
 40
1.0
 10
137.0370595494
 20
117.469585889
 30
0.0
 10
137.0187038595
 20
117.4531578617
 30
0.0
 10
136.9736845318
 20
117.4132518544
 30
0.0
 10
136.8994154034
 20
117.3504002507
 30
0.0
 10
136.8116768147
 20
117.2836133988
 30
0.0
 10
136.7327267953
 20
117.2337459657
 30
0.0
 10
136.665811786
 20
117.1986307422
 30
0.0
 10
136.6126862228
 20
117.1748966341
 30
0.0
 10
136.5563812249
 20
117.1547980889
 30
0.0
 10
136.4968887809
 20
117.1390994151
 30
0.0
 10
136.4346309969
 20
117.1288666435
 30
0.0
 10
136.3917374746
 20
117.126459797
 30
0.0
 10
136.3700511624
 20
117.126459797
 30
0.0
 11
137.0370595494
 21
117.469585889
 31
0.0
 11
136.9816823716
 21
117.4206505123
 31
0.0
 11
136.9000593208
 21
117.3521220545
 31
0.0
 11
136.8110807371
 21
117.2851846842
 31
0.0
 11
136.7156657218
 21
117.2253481404
 31
0.0
 11
136.6663454284
 21
117.1995566587
 31
0.0
 11
136.6130525213
 21
117.1758685832
 31
0.0
 11
136.5561153971
 21
117.1556111583
 31
0.0
 11
136.4976948942
 21
117.1402773951
 31
0.0
 11
136.435010298
 21
117.1300620097
 31
0.0
 11
136.3700511624
 21
117.126459797
 31
0.0
  0
SPLINE
  5
11F2
100
AcDbEntity
  8
RUNDUNGEN
100
AcDbSpline
 62
7
  6
CONTINUOUS
 70
0
 71
3
 72
10
 73
6
 74
4
 42
0.0000001
 43
0.0000001
 44
0.0000000001
 12
-0.0000073966
 22
-0.0259984991
 32
0.0
 13
-0.0016652445
 23
-0.0259451146
 33
0.0
 40
0.0
 40
0.0
 40
0.0
 40
0.0
 40
0.3454102559
 40
0.6783951952
 40
1.0
 40
1.0
 40
1.0
 40
1.0
 10
137.5700511624
 20
118.319063315
 30
0.0
 10
137.5700503108
 20
118.3160699322
 30
0.0
 10
137.5695684768
 20
118.3102129543
 30
0.0
 10
137.5687799232
 20
118.3015322583
 30
0.0
 10
137.5701397511
 20
118.2958950013
 30
0.0
 10
137.5699612342
 20
118.2931136435
 30
0.0
 11
137.5700511624
 21
118.319063315
 31
0.0
 11
137.5695458815
 21
118.3100973928
 31
0.0
 11
137.5692564002
 21
118.3014451251
 31
0.0
 11
137.5699612342
 21
118.2931136435
 31
0.0
  0
SPLINE
  5
11F3
100
AcDbEntity
  8
RUNDUNGEN
100
AcDbSpline
 62
7
  6
CONTINUOUS
 70
0
 71
3
 72
15
 73
11
 74
9
 42
0.0000001
 43
0.0000001
 44
0.0000000001
 12
0.0
 22
-0.6424436984
 32
0.0
 13
0.6424436984
 23
0.0
 33
0.0
 40
0.0
 40
0.0
 40
0.0
 40
0.0
 40
0.0946673135
 40
0.1948722525
 40
0.3045764056
 40
0.4255733079
 40
0.5577101755
 40
0.6993625702
 40
0.8478865493
 40
1.0
 40
1.0
 40
1.0
 40
1.0
 10
137.5700511624
 20
114.8411817739
 30
0.0
 10
137.5700511624
 20
114.8209089675
 30
0.0
 10
137.5769749412
 20
114.7789168592
 30
0.0
 10
137.6068725511
 20
114.7200195148
 30
0.0
 10
137.6543749682
 20
114.6665706048
 30
0.0
 10
137.7173289013
 20
114.6202437976
 30
0.0
 10
137.7933461623
 20
114.5824415456
 30
0.0
 10
137.8796445887
 20
114.5544345365
 30
0.0
 10
137.9730252679
 20
114.5372107581
 30
0.0
 10
138.0374763865
 20
114.5333510362
 30
0.0
 10
138.0700511624
 20
114.5333510362
 30
0.0
 11
137.5700511624
 21
114.8411817739
 31
0.0
 11
137.5796585222
 21
114.7811269761
 31
0.0
 11
137.6081113962
 21
114.7233800506
 31
0.0
 11
137.6543163563
 21
114.6701601792
 31
0.0
 11
137.7164977718
 21
114.6235125718
 31
0.0
 11
137.7922660459
 21
114.5852298698
 31
0.0
 11
137.8787094463
 21
114.5567832559
 31
0.0
 11
137.9725060014
 21
114.5392659175
 31
0.0
 11
138.0700511624
 21
114.5333510362
 31
0.0
  0
SPLINE
  5
11F4
100
AcDbEntity
  8
RUNDUNGEN
100
AcDbSpline
 62
7
  6
CONTINUOUS
 70
0
 71
3
 72
15
 73
11
 74
9
 42
0.0000001
 43
0.0000001
 44
0.0000000001
 12
-0.0639257172
 22
-0.9960074228
 32
0.0
 13
-0.7436872748
 23
-0.6656173983
 33
0.0
 40
0.0
 40
0.0
 40
0.0
 40
0.0
 40
0.1173160273
 40
0.2364502577
 40
0.3595204319
 40
0.485919137
 40
0.6139336575
 40
0.74247185
 40
0.8713132041
 40
1.0
 40
1.0
 40
1.0
 40
1.0
 10
137.5688209287
 20
118.2919647892
 30
0.0
 10
137.5663210916
 20
118.2530155779
 30
0.0
 10
137.551131012
 20
118.174981723
 30
0.0
 10
137.5057978679
 20
118.0639000286
 30
0.0
 10
137.4474726514
 20
117.9558492012
 30
0.0
 10
137.3787963114
 20
117.8505684102
 30
0.0
 10
137.302318938
 20
117.7485821262
 30
0.0
 10
137.2196726407
 20
117.6504704766
 30
0.0
 10
137.1314478806
 20
117.5570314524
 30
0.0
 10
137.0690654206
 20
117.4982295568
 30
0.0
 10
137.0371645098
 20
117.4696775001
 30
0.0
 11
137.5688209287
 21
118.2919647892
 31
0.0
 11
137.5476476474
 21
118.1768070522
 31
0.0
 11
137.5044108041
 21
118.0660440938
 31
0.0
 11
137.4465604746
 21
117.9576891285
 31
0.0
 11
137.3779741669
 21
117.8518093933
 31
0.0
 11
137.3014819095
 21
117.7494716038
 31
0.0
 11
137.218834062
 21
117.6513530544
 31
0.0
 11
137.1305286154
 21
117.5578769122
 31
0.0
 11
137.0371645098
 21
117.4696775001
 31
0.0
  0
SPLINE
  5
11F5
100
AcDbEntity
  8
0
100
AcDbSpline
 62
7
  6
CONTINUOUS
 70
0
 71
3
 72
14
 73
10
 74
8
 42
0.0000001
 43
0.0000001
 44
0.0000000001
 12
0.0
 22
0.9171437581
 32
0.0
 13
-0.917111515
 23
0.0076903876
 33
0.0
 40
0.0
 40
0.0
 40
0.0
 40
0.0
 40
0.1401244443
 40
0.2806625477
 40
0.4221092521
 40
0.5648050795
 40
0.7088392783
 40
0.8540390676
 40
1.0
 40
1.0
 40
1.0
 40
1.0
 10
168.6700511624
 20
142.7308340706
 30
0.0
 10
168.6700511624
 20
142.7736721571
 30
0.0
 10
168.6600101163
 20
142.8598045429
 30
0.0
 10
168.6156472025
 20
142.9821464378
 30
0.0
 10
168.5442769683
 20
143.0919525773
 30
0.0
 10
168.4494794553
 20
143.1837826523
 30
0.0
 10
168.335890204
 20
143.2531975715
 30
0.0
 10
168.2091340814
 20
143.2967793396
 30
0.0
 10
168.119907901
 20
143.3071336858
 30
0.0
 10
168.0752870837
 20
143.3075078512
 30
0.0
 11
168.6700511624
 21
142.7308340706
 31
0.0
 11
168.6551752236
 21
142.8584844577
 31
0.0
 11
168.6113329458
 21
142.9796926514
 31
0.0
 11
168.5407309613
 21
143.0885248363
 31
0.0
 11
168.4468227769
 21
143.179677933
 31
0.0
 11
168.3341681477
 21
143.2486660628
 31
0.0
 11
168.2082560782
 21
143.2920268141
 31
0.0
 11
168.0752870837
 21
143.3075078512
 31
0.0
  0
SPLINE
  5
11F6
100
AcDbEntity
  8
RUNDUNGEN
100
AcDbSpline
 62
7
  6
CONTINUOUS
 70
0
 71
3
 72
15
 73
11
 74
9
 42
0.0000001
 43
0.0000001
 44
0.0000000001
 12
1.5137721688
 22
0.0
 32
0.0
 13
-0.0
 23
1.5137721688
 33
0.0
 40
0.0
 40
0.0
 40
0.0
 40
0.0
 40
0.1296750054
 40
0.258663473
 40
0.3863486479
 40
0.512316319
 40
0.636392198
 40
0.7587230932
 40
0.879714515
 40
1.0
 40
1.0
 40
1.0
 40
1.0
 10
146.0700511624
 20
147.143374262
 30
0.0
 10
146.1354839672
 20
147.143374262
 30
0.0
 10
146.2663201392
 20
147.1553392996
 30
0.0
 10
146.4549694111
 20
147.208543699
 30
0.0
 10
146.6289236559
 20
147.2949523187
 30
0.0
 10
146.7814176768
 20
147.4112558578
 30
0.0
 10
146.9066284093
 20
147.5530061974
 30
0.0
 10
146.9997310044
 20
147.7148253683
 30
0.0
 10
147.0571127055
 20
147.8904314273
 30
0.0
 10
147.0700511624
 20
148.0125620154
 30
0.0
 10
147.0700511624
 20
148.0732569552
 30
0.0
 11
146.0700511624
 21
147.143374262
 31
0.0
 11
146.2655278778
 21
147.1613164238
 31
0.0
 11
146.4534230343
 21
147.2144346572
 31
0.0
 11
146.6264327821
 21
147.3006159027
 31
0.0
 11
146.7779001578
 21
147.4164559647
 31
0.0
 11
146.9020396082
 21
147.5574053547
 31
0.0
 11
146.9941909257
 21
147.7180296872
 31
0.0
 11
147.0509027943
 21
147.8921817734
 31
0.0
 11
147.0700511624
 21
148.0732569552
 31
0.0
  0
SPLINE
  5
11F7
100
AcDbEntity
  8
0
100
AcDbSpline
 62
9
  6
CONTINUOUS
 70
0
 71
3
 72
8
 73
4
 74
2
 42
0.0000001
 43
0.0000001
 44
0.0000000001
 12
0.0
 22
-0.2191754472
 32
0.0
 13
-0.0864200018
 23
-0.2030738263
 33
0.0
 40
0.0
 40
0.0
 40
0.0
 40
0.0
 40
1.0
 40
1.0
 40
1.0
 40
1.0
 10
168.6700511624
 20
140.4850772369
 30
0.0
 10
168.6700511624
 20
140.4120187545
 30
0.0
 10
168.6535903529
 20
140.3383186762
 30
0.0
 10
168.6247836856
 20
140.2706274008
 30
0.0
 11
168.6700511624
 21
140.4850772369
 31
0.0
 11
168.6247836856
 21
140.2706274008
 31
0.0
  0
SPLINE
  5
11F8
100
AcDbEntity
  8
0
100
AcDbSpline
 62
9
  6
CONTINUOUS
 70
0
 71
3
 72
9
 73
5
 74
3
 42
0.0000001
 43
0.0000001
 44
0.0000000001
 12
-0.204186567
 22
-0.4798072965
 32
0.0
 13
-0.4354406289
 23
-0.2802875131
 33
0.0
 40
0.0
 40
0.0
 40
0.0
 40
0.0
 40
0.4662596708
 40
1.0
 40
1.0
 40
1.0
 40
1.0
 10
168.6247836856
 20
140.2706274008
 30
0.0
 10
168.5930490318
 20
140.1960558034
 30
0.0
 10
168.4928520937
 20
140.0517602125
 30
0.0
 10
168.3564005454
 20
139.9426244313
 30
0.0
 10
168.2789298039
 20
139.8927575148
 30
0.0
 11
168.6247836856
 21
140.2706274008
 31
0.0
 11
168.4917317664
 21
140.0691410491
 31
0.0
 11
168.2789298039
 21
139.8927575148
 31
0.0
  0
SPLINE
  5
11F9
100
AcDbEntity
  8
0
100
AcDbSpline
 62
7
  6
CONTINUOUS
 70
0
 71
3
 72
11
 73
7
 74
5
 42
0.0000001
 43
0.0000001
 44
0.0000000001
 12
0.3954568802
 22
0.1576906057
 32
0.0
 13
-0.0
 23
0.4257375615
 33
0.0
 40
0.0
 40
0.0
 40
0.0
 40
0.0
 40
0.3863311593
 40
0.6968063621
 40
0.9075486349
 40
1.0
 40
1.0
 40
1.0
 40
1.0
 10
168.2789298039
 20
139.8927575148
 30
0.0
 10
168.3298555755
 20
139.9130644463
 30
0.0
 10
168.4209194429
 20
139.9476633105
 30
0.0
 10
168.5475723378
 20
139.991082519
 30
0.0
 10
168.6184334941
 20
140.0208902214
 30
0.0
 10
168.6700511624
 20
140.0423012971
 30
0.0
 10
168.6700511624
 20
140.0554213033
 30
0.0
 11
168.2789298039
 21
139.8927575148
 31
0.0
 11
168.4327322236
 21
139.9510418768
 31
0.0
 11
168.5570364966
 21
139.9959890989
 31
0.0
 11
168.6401162662
 21
140.0298652265
 31
0.0
 11
168.6700511624
 21
140.0554213033
 31
0.0
  0
SPLINE
  5
11FA
100
AcDbEntity
  8
0
100
AcDbSpline
 62
7
  6
CONTINUOUS
 70
0
 71
3
 72
9
 73
5
 74
3
 42
0.0000001
 43
0.0000001
 44
0.0000000001
 12
0.2000532278
 22
0.0967245059
 32
0.0
 13
0.2064045104
 23
0.0823049336
 33
0.0
 40
0.0
 40
0.0
 40
0.0
 40
0.0
 40
0.5285793254
 40
1.0
 40
1.0
 40
1.0
 40
1.0
 10
168.0752870837
 20
139.8039269624
 30
0.0
 10
168.1105350838
 20
139.8209691537
 30
0.0
 10
168.1779906786
 20
139.8516327022
 30
0.0
 10
168.2464953527
 20
139.879824099
 30
0.0
 10
168.2789298039
 20
139.8927575148
 30
0.0
 11
168.0752870837
 21
139.8039269624
 31
0.0
 11
168.182139458
 21
139.8526946797
 31
0.0
 11
168.2789298039
 21
139.8927575148
 31
0.0
  0
SPLINE
  5
11FB
100
AcDbEntity
  8
RUNDUNGEN
100
AcDbSpline
 62
3
  6
CONTINUOUS
 70
0
 71
3
 72
10
 73
6
 74
4
 42
0.0000001
 43
0.0000001
 44
0.0000000001
 12
-0.0000606098
 22
-0.2309308888
 32
0.0
 13
-0.1208397576
 23
-0.197135017
 33
0.0
 40
0.0
 40
0.0
 40
0.0
 40
0.0
 40
0.4050186832
 40
0.7957154219
 40
1.0
 40
1.0
 40
1.0
 40
1.0
 10
137.5701121974
 20
118.6824026255
 30
0.0
 10
137.5701040147
 20
118.6512255173
 30
0.0
 10
137.5622603028
 20
118.5897075114
 30
0.0
 10
137.5347349604
 20
118.5172349757
 30
0.0
 10
137.5124415369
 20
118.4771250855
 30
0.0
 10
137.5042129706
 20
118.4637012043
 30
0.0
 11
137.5701121974
 21
118.6824026255
 31
0.0
 11
137.5584768103
 21
118.5895978463
 31
0.0
 11
137.5270528021
 21
118.5050230714
 31
0.0
 11
137.5042129706
 21
118.4637012043
 31
0.0
  0
SPLINE
  5
11FC
100
AcDbEntity
  8
RUNDUNGEN
100
AcDbSpline
 62
3
  6
CONTINUOUS
 70
0
 71
3
 72
9
 73
5
 74
3
 42
0.0000001
 43
0.0000001
 44
0.0000000001
 12
-0.0785325004
 22
-0.1281159951
 32
0.0
 13
-0.1031461769
 23
-0.109130064
 33
0.0
 40
0.0
 40
0.0
 40
0.0
 40
0.0
 40
0.3241366604
 40
1.0
 40
1.0
 40
1.0
 40
1.0
 10
137.5042129706
 20
118.4637012043
 30
0.0
 10
137.4957278831
 20
118.4498588407
 30
0.0
 10
137.467666724
 20
118.40829412
 30
0.0
 10
137.4350805676
 20
118.3701738964
 30
0.0
 10
137.4118429944
 20
118.3455882266
 30
0.0
 11
137.5042129706
 21
118.4637012043
 31
0.0
 11
137.4770611654
 21
118.4232754358
 31
0.0
 11
137.4118429944
 21
118.3455882266
 31
0.0
  0
SPLINE
  5
11FD
100
AcDbEntity
  8
RUNDUNGEN
100
AcDbSpline
 62
3
  6
CONTINUOUS
 70
0
 71
3
 72
12
 73
8
 74
6
 42
0.0000001
 43
0.0000001
 44
0.0000000001
 12
-0.4387577176
 22
-0.4642116579
 32
0.0
 13
-0.5380669645
 23
-0.3435683461
 33
0.0
 40
0.0
 40
0.0
 40
0.0
 40
0.0
 40
0.1704772933
 40
0.3543469177
 40
0.5511731556
 40
0.7653022611
 40
1.0
 40
1.0
 40
1.0
 40
1.0
 10
137.4118429944
 20
118.3455882266
 30
0.0
 10
137.3869102517
 20
118.3192090442
 30
0.0
 10
137.3321816638
 20
118.2671981362
 30
0.0
 10
137.2412350468
 20
118.1930184694
 30
0.0
 10
137.1392915707
 20
118.1179237207
 30
0.0
 10
137.0254941728
 20
118.0408877937
 30
0.0
 10
136.9451302414
 20
117.9892698359
 30
0.0
 10
136.9030358747
 20
117.9623915979
 30
0.0
 11
137.4118429944
 21
118.3455882266
 31
0.0
 11
137.3333842966
 21
118.2701640213
 31
0.0
 11
137.2428065145
 21
118.1955027217
 31
0.0
 11
137.1417981365
 21
118.1207616348
 31
0.0
 11
137.028833212
 21
118.0437820663
 31
0.0
 11
136.9030358747
 21
117.9623915979
 31
0.0
  0
SPLINE
  5
11FE
100
AcDbEntity
  8
RUNDUNGEN
100
AcDbSpline
 62
3
  6
CONTINUOUS
 70
0
 71
3
 72
15
 73
11
 74
9
 42
0.0000001
 43
0.0000001
 44
0.0000000001
 12
-0.534311137
 22
-0.3413513025
 32
0.0
 13
-0.6340418778
 23
0.0
 33
0.0
 40
0.0
 40
0.0
 40
0.0
 40
0.0
 40
0.1914306098
 40
0.4756896093
 40
0.6064264169
 40
0.72423217
 40
0.8254058071
 40
0.906209321
 40
0.9638261856
 40
1.0
 40
1.0
 40
1.0
 40
1.0
 10
136.9023576779
 20
117.9619095523
 30
0.0
 10
136.8682631757
 20
117.9401278563
 30
0.0
 10
136.7853811055
 20
117.8831094536
 30
0.0
 10
136.6836629308
 20
117.8051075655
 30
0.0
 10
136.5934821538
 20
117.7376763623
 30
0.0
 10
136.5328381758
 20
117.6953539133
 30
0.0
 10
136.4783538869
 20
117.6629029884
 30
0.0
 10
136.4326710252
 20
117.6408059709
 30
0.0
 10
136.3974884925
 20
117.6292699675
 30
0.0
 10
136.3776964002
 20
117.626459797
 30
0.0
 10
136.3700511624
 20
117.626459797
 30
0.0
 11
136.9023576779
 21
117.9619095523
 31
0.0
 11
136.8020560007
 21
117.8935614007
 31
0.0
 11
136.657615348
 21
117.7857629255
 31
0.0
 11
136.5910079838
 21
117.7364208136
 31
0.0
 11
136.5294256627
 21
117.6941505094
 31
0.0
 11
136.4741498466
 21
117.6615991426
 31
0.0
 11
136.427738642
 21
117.6399011914
 31
0.0
 11
136.3928307588
 21
117.6291313007
 31
0.0
 11
136.3700511624
 21
117.626459797
 31
0.0
  0
SPLINE
  5
11FF
100
AcDbEntity
  8
RUNDUNGEN
100
AcDbSpline
 62
3
  6
CONTINUOUS
 70
0
 71
3
 72
15
 73
11
 74
9
 42
0.0000001
 43
0.0000001
 44
0.0000000001
 12
-0.6424436984
 22
0.0
 32
0.0
 13
0.0
 23
0.6424436984
 33
0.0
 40
0.0
 40
0.0
 40
0.0
 40
0.0
 40
0.1521134507
 40
0.3006374298
 40
0.4422898245
 40
0.5744266921
 40
0.6954235944
 40
0.8051277475
 40
0.9053326865
 40
1.0
 40
1.0
 40
1.0
 40
1.0
 10
138.0700511624
 20
114.1393456594
 30
0.0
 10
138.0374763865
 20
114.1393456594
 30
0.0
 10
137.9730252679
 20
114.1432053813
 30
0.0
 10
137.8796445887
 20
114.1604291597
 30
0.0
 10
137.7933461623
 20
114.1884361688
 30
0.0
 10
137.7173289013
 20
114.2262384208
 30
0.0
 10
137.6543749682
 20
114.272565228
 30
0.0
 10
137.6068725511
 20
114.326014138
 30
0.0
 10
137.5769749412
 20
114.3849114824
 30
0.0
 10
137.5700511624
 20
114.4269035907
 30
0.0
 10
137.5700511624
 20
114.4471763971
 30
0.0
 11
138.0700511624
 21
114.1393456594
 31
0.0
 11
137.9725060014
 21
114.1452605407
 31
0.0
 11
137.8787094463
 21
114.1627778791
 31
0.0
 11
137.7922660459
 21
114.191224493
 31
0.0
 11
137.7164977718
 21
114.229507195
 31
0.0
 11
137.6543163563
 21
114.2761548024
 31
0.0
 11
137.6081113962
 21
114.3293746738
 31
0.0
 11
137.5796585222
 21
114.3871215993
 31
0.0
 11
137.5700511624
 21
114.4471763971
 31
0.0
  0
SPLINE
  5
1200
100
AcDbEntity
  8
RUNDUNGEN
100
AcDbSpline
 62
3
  6
CONTINUOUS
 70
0
 71
3
 72
15
 73
11
 74
9
 42
0.0000001
 43
0.0000001
 44
0.0000000001
 12
0.0
 22
-0.6424436984
 32
0.0
 13
0.6424436984
 23
0.0
 33
0.0
 40
0.0
 40
0.0
 40
0.0
 40
0.0
 40
0.0946673135
 40
0.1948722525
 40
0.3045764056
 40
0.4255733079
 40
0.5577101755
 40
0.6993625702
 40
0.8478865493
 40
1.0
 40
1.0
 40
1.0
 40
1.0
 10
137.5700511624
 20
119.4904452202
 30
0.0
 10
137.5700511624
 20
119.4701724138
 30
0.0
 10
137.5769749412
 20
119.4281803055
 30
0.0
 10
137.6068725511
 20
119.3692829611
 30
0.0
 10
137.6543749682
 20
119.315834051
 30
0.0
 10
137.7173289013
 20
119.2695072439
 30
0.0
 10
137.7933461623
 20
119.2317049919
 30
0.0
 10
137.8796445887
 20
119.2036979828
 30
0.0
 10
137.9730252679
 20
119.1864742043
 30
0.0
 10
138.0374763865
 20
119.1826144825
 30
0.0
 10
138.0700511624
 20
119.1826144825
 30
0.0
 11
137.5700511624
 21
119.4904452202
 31
0.0
 11
137.5796585222
 21
119.4303904224
 31
0.0
 11
137.6081113962
 21
119.3726434969
 31
0.0
 11
137.6543163563
 21
119.3194236255
 31
0.0
 11
137.7164977718
 21
119.2727760181
 31
0.0
 11
137.7922660459
 21
119.2344933161
 31
0.0
 11
137.8787094463
 21
119.2060467021
 31
0.0
 11
137.9725060014
 21
119.1885293638
 31
0.0
 11
138.0700511624
 21
119.1826144825
 31
0.0
  0
SPLINE
  5
1201
100
AcDbEntity
  8
0
100
AcDbSpline
 62
7
  6
CONTINUOUS
 70
0
 71
3
 72
20
 73
16
 74
14
 42
0.0000001
 43
0.0000001
 44
0.0000000001
 12
-3.0791837109
 22
3.8103760242
 32
0.0
 13
4.8782479237
 23
-0.5216700902
 33
0.0
 40
0.0
 40
0.0
 40
0.0
 40
0.0
 40
0.073806393
 40
0.1493334641
 40
0.2265253773
 40
0.3052891191
 40
0.3855499303
 40
0.4672682811
 40
0.5503930436
 40
0.634875414
 40
0.7206848408
 40
0.8077930164
 40
0.8961707611
 40
0.9858210626
 40
1.0
 40
1.0
 40
1.0
 40
1.0
 10
213.3181676221
 20
102.6891828605
 30
0.0
 10
213.2424131411
 20
102.7829262306
 30
0.0
 10
213.1082842757
 20
102.9889370544
 30
0.0
 10
212.9716012925
 20
103.3352110309
 30
0.0
 10
212.9046328088
 20
103.7098016213
 30
0.0
 10
212.9126567934
 20
104.0979524911
 30
0.0
 10
212.9977487263
 20
104.4843404224
 30
0.0
 10
213.1588548252
 20
104.8534925659
 30
0.0
 10
213.3918359918
 20
105.1904760216
 30
0.0
 10
213.6896900751
 20
105.4814197444
 30
0.0
 10
214.0428179379
 20
105.7140857389
 30
0.0
 10
214.4394149586
 20
105.8783182164
 30
0.0
 10
214.8659506913
 20
105.9664142255
 30
0.0
 10
215.1816311068
 20
105.9713773682
 30
0.0
 10
215.3507309737
 20
105.9557970643
 30
0.0
 10
215.3737870976
 20
105.9533314884
 30
0.0
 11
213.3181676221
 21
102.6891828605
 31
0.0
 11
213.1205832623
 21
102.9920020611
 31
0.0
 11
212.984337574
 21
103.3360124714
 31
0.0
 11
212.9174387473
 21
103.7082123568
 31
0.0
 11
212.9250694817
 21
104.0940015685
 31
0.0
 11
213.0093171135
 21
104.4780688283
 31
0.0
 11
213.1691578499
 21
104.845114503
 31
0.0
 11
213.4004989804
 21
105.1802518514
 31
0.0
 11
213.6963681024
 21
105.4696622439
 31
0.0
 11
214.0472493025
 21
105.701185582
 31
0.0
 11
214.4414197388
 21
105.864710052
 31
0.0
 11
214.8653800843
 21
105.9525467285
 31
0.0
 11
215.3045197136
 21
105.9597118114
 31
0.0
 11
215.3737870976
 21
105.9533314884
 31
0.0
  0
SPLINE
  5
1202
100
AcDbEntity
  8
0
100
AcDbSpline
 62
7
  6
CONTINUOUS
 70
0
 71
3
 72
14
 73
10
 74
8
 42
0.0000001
 43
0.0000001
 44
0.0000000001
 12
-2.263874004
 22
1.705759267
 32
0.0
 13
-2.3099539631
 23
-1.6432924343
 33
0.0
 40
0.0
 40
0.0
 40
0.0
 40
0.0
 40
0.0831202682
 40
0.241882584
 40
0.398242391
 40
0.552216216
 40
0.7038250261
 40
0.8530841903
 40
1.0
 40
1.0
 40
1.0
 40
1.0
 10
216.5286822098
 20
105.3546869407
 30
0.0
 10
216.465957605
 20
105.4019479966
 30
0.0
 10
216.2766828109
 20
105.5305209928
 30
0.0
 10
215.9366462255
 20
105.6956607779
 30
0.0
 10
215.5063107245
 20
105.8101328603
 30
0.0
 10
215.0687505181
 20
105.8394144607
 30
0.0
 10
214.6404213621
 20
105.7845666484
 30
0.0
 10
214.2371954436
 20
105.6497869485
 30
0.0
 10
213.9929820094
 20
105.5103285582
 30
0.0
 10
213.8798590904
 20
105.4298533454
 30
0.0
 11
216.5286822098
 21
105.3546869407
 31
0.0
 11
216.3338356301
 21
105.4869748881
 31
0.0
 11
215.9295134252
 21
105.6830077946
 31
0.0
 11
215.5017705944
 21
105.7964841838
 31
0.0
 11
215.0669376464
 21
105.8252911238
 31
0.0
 11
214.6413575632
 21
105.7705009245
 31
0.0
 11
214.2407970669
 21
105.6363038299
 31
0.0
 11
213.8798590904
 21
105.4298533454
 31
0.0
  0
SPLINE
  5
1203
100
AcDbEntity
  8
BEZUGSACHSEN
100
AcDbSpline
 62
7
  6
CONTINUOUS
 70
0
 71
3
 72
25
 73
21
 74
19
 42
0.0000001
 43
0.0000001
 44
0.0000000001
 12
4.8658116556
 22
2.3656580322
 32
0.0
 13
-5.3848484501
 23
-0.5940677992
 33
0.0
 40
0.0
 40
0.0
 40
0.0
 40
0.0
 40
0.0594564625
 40
0.1188688518
 40
0.1781928253
 40
0.2373837128
 40
0.296396524
 40
0.3551859565
 40
0.4137064063
 40
0.4719119784
 40
0.5297564571
 40
0.5871930956
 40
0.6441742448
 40
0.7006513106
 40
0.7565747827
 40
0.8118942683
 40
0.8665585298
 40
0.9205155306
 40
0.9737126123
 40
1.0
 40
1.0
 40
1.0
 40
1.0
 10
215.8075690399
 20
101.7195894339
 30
0.0
 10
215.9040036893
 20
101.7664739865
 30
0.0
 10
216.0896980299
 20
101.8757072249
 30
0.0
 10
216.3384587246
 20
102.0811869463
 30
0.0
 10
216.5513917033
 20
102.3230663252
 30
0.0
 10
216.7230210733
 20
102.5949328144
 30
0.0
 10
216.8491316758
 20
102.8896304915
 30
0.0
 10
216.9267359999
 20
103.1993910265
 30
0.0
 10
216.954197254
 20
103.5160765859
 30
0.0
 10
216.9312628062
 20
103.8314082366
 30
0.0
 10
216.8590644315
 20
104.1372059415
 30
0.0
 10
216.7400574239
 20
104.4256090627
 30
0.0
 10
216.5779778459
 20
104.6892998703
 30
0.0
 10
216.3777280297
 20
104.9217148952
 30
0.0
 10
216.1452317806
 20
105.1172341929
 30
0.0
 10
215.8872532188
 20
105.2713431677
 30
0.0
 10
215.6112044359
 20
105.3807615852
 30
0.0
 10
215.3248790986
 20
105.4435344062
 30
0.0
 10
215.083562209
 20
105.4565403516
 30
0.0
 10
214.9401946141
 20
105.4466330762
 30
0.0
 10
214.8930100811
 20
105.4414275793
 30
0.0
 11
215.8075690399
 21
101.7195894339
 31
0.0
 11
216.0848254474
 21
101.8827124256
 31
0.0
 11
216.3326579587
 21
102.0874217706
 31
0.0
 11
216.5447220497
 21
102.3283540923
 31
0.0
 11
216.7156570072
 21
102.5991660158
 31
0.0
 11
216.8412383397
 21
102.8927150275
 31
0.0
 11
216.9184969831
 21
103.2012640588
 31
0.0
 11
216.9458016243
 21
103.5167037307
 31
0.0
 11
216.9229015572
 21
103.8307856062
 31
0.0
 11
216.8509220377
 21
104.1353576443
 31
0.0
 11
216.7323163498
 21
104.4225885389
 31
0.0
 11
216.5708084127
 21
104.6851880745
 31
0.0
 11
216.3712851873
 21
104.9166176531
 31
0.0
 11
216.1396506322
 21
105.111279268
 31
0.0
 11
215.882648465
 21
105.2646767996
 31
0.0
 11
215.6076588879
 21
105.3735444181
 31
0.0
 11
215.3224752488
 21
105.4359375559
 31
0.0
 11
215.0350654893
 21
105.4512552248
 31
0.0
 11
214.8930100811
 21
105.4414275793
 31
0.0
  0
SPLINE
  5
1204
100
AcDbEntity
  8
0
100
AcDbSpline
 62
7
  6
CONTINUOUS
 70
0
 71
3
 72
13
 73
9
 74
7
 42
0.0000001
 43
0.0000001
 44
0.0000000001
 12
-1.9264466307
 22
-1.3704667816
 32
0.0
 13
0.5859535019
 23
-2.2864834232
 33
0.0
 40
0.0
 40
0.0
 40
0.0
 40
0.0
 40
0.1733639283
 40
0.3439488287
 40
0.5118250768
 40
0.6770791156
 40
0.8397504171
 40
1.0
 40
1.0
 40
1.0
 40
1.0
 10
213.8798590904
 20
105.4298533454
 30
0.0
 10
213.7685336386
 20
105.3506568438
 30
0.0
 10
213.5630726381
 20
105.1718256726
 30
0.0
 10
213.3157710293
 20
104.850633631
 30
0.0
 10
213.1398662789
 20
104.4925419144
 30
0.0
 10
213.0404329387
 20
104.1125760151
 30
0.0
 10
213.0193805315
 20
103.7265570666
 30
0.0
 10
213.057275659
 20
103.4732338115
 30
0.0
 10
213.0885752604
 20
103.3510978066
 30
0.0
 11
213.8798590904
 21
105.4298533454
 31
0.0
 11
213.571390153
 21
105.1609777887
 31
0.0
 11
213.3259796028
 21
104.8417670808
 31
0.0
 11
213.1515273693
 21
104.4859854512
 31
0.0
 11
213.0530250539
 21
104.1085670322
 31
0.0
 11
213.0324263879
 21
103.7251554531
 31
0.0
 11
213.0885752604
 21
103.3510978066
 31
0.0
  0
SPLINE
  5
1205
100
AcDbEntity
  8
0
100
AcDbSpline
 62
7
  6
CONTINUOUS
 70
0
 71
3
 72
20
 73
16
 74
14
 42
0.0000001
 43
0.0000001
 44
0.0000000001
 12
-3.0791837109
 22
3.8103760242
 32
0.0
 13
4.8782479237
 23
-0.5216700902
 33
0.0
 40
0.0
 40
0.0
 40
0.0
 40
0.0
 40
0.073806393
 40
0.1493334641
 40
0.2265253773
 40
0.3052891191
 40
0.3855499303
 40
0.4672682811
 40
0.5503930436
 40
0.634875414
 40
0.7206848408
 40
0.8077930164
 40
0.8961707611
 40
0.9858210626
 40
1.0
 40
1.0
 40
1.0
 40
1.0
 10
251.3181676221
 20
150.6891828605
 30
0.0
 10
251.2424131411
 20
150.7829262306
 30
0.0
 10
251.1082842757
 20
150.9889370544
 30
0.0
 10
250.9716012925
 20
151.3352110309
 30
0.0
 10
250.9046328088
 20
151.7098016213
 30
0.0
 10
250.9126567934
 20
152.0979524911
 30
0.0
 10
250.9977487263
 20
152.4843404224
 30
0.0
 10
251.1588548252
 20
152.8534925659
 30
0.0
 10
251.3918359918
 20
153.1904760216
 30
0.0
 10
251.6896900751
 20
153.4814197444
 30
0.0
 10
252.0428179379
 20
153.7140857389
 30
0.0
 10
252.4394149586
 20
153.8783182164
 30
0.0
 10
252.8659506913
 20
153.9664142255
 30
0.0
 10
253.1816311068
 20
153.9713773682
 30
0.0
 10
253.3507309737
 20
153.9557970643
 30
0.0
 10
253.3737870976
 20
153.9533314884
 30
0.0
 11
251.3181676221
 21
150.6891828605
 31
0.0
 11
251.1205832623
 21
150.9920020611
 31
0.0
 11
250.984337574
 21
151.3360124714
 31
0.0
 11
250.9174387473
 21
151.7082123568
 31
0.0
 11
250.9250694817
 21
152.0940015685
 31
0.0
 11
251.0093171135
 21
152.4780688283
 31
0.0
 11
251.1691578499
 21
152.845114503
 31
0.0
 11
251.4004989804
 21
153.1802518514
 31
0.0
 11
251.6963681024
 21
153.4696622439
 31
0.0
 11
252.0472493025
 21
153.701185582
 31
0.0
 11
252.4414197388
 21
153.864710052
 31
0.0
 11
252.8653800843
 21
153.9525467285
 31
0.0
 11
253.3045197136
 21
153.9597118114
 31
0.0
 11
253.3737870976
 21
153.9533314884
 31
0.0
  0
SPLINE
  5
1206
100
AcDbEntity
  8
0
100
AcDbSpline
 62
7
  6
CONTINUOUS
 70
0
 71
3
 72
14
 73
10
 74
8
 42
0.0000001
 43
0.0000001
 44
0.0000000001
 12
-2.263874004
 22
1.705759267
 32
0.0
 13
-2.3099539631
 23
-1.6432924343
 33
0.0
 40
0.0
 40
0.0
 40
0.0
 40
0.0
 40
0.0831202682
 40
0.241882584
 40
0.398242391
 40
0.552216216
 40
0.7038250261
 40
0.8530841903
 40
1.0
 40
1.0
 40
1.0
 40
1.0
 10
254.5286822098
 20
153.3546869407
 30
0.0
 10
254.465957605
 20
153.4019479966
 30
0.0
 10
254.2766828109
 20
153.5305209928
 30
0.0
 10
253.9366462255
 20
153.6956607779
 30
0.0
 10
253.5063107245
 20
153.8101328603
 30
0.0
 10
253.0687505181
 20
153.8394144607
 30
0.0
 10
252.6404213621
 20
153.7845666484
 30
0.0
 10
252.2371954436
 20
153.6497869485
 30
0.0
 10
251.9929820094
 20
153.5103285582
 30
0.0
 10
251.8798590904
 20
153.4298533454
 30
0.0
 11
254.5286822098
 21
153.3546869407
 31
0.0
 11
254.3338356301
 21
153.4869748881
 31
0.0
 11
253.9295134252
 21
153.6830077946
 31
0.0
 11
253.5017705944
 21
153.7964841838
 31
0.0
 11
253.0669376464
 21
153.8252911238
 31
0.0
 11
252.6413575632
 21
153.7705009245
 31
0.0
 11
252.2407970669
 21
153.6363038299
 31
0.0
 11
251.8798590904
 21
153.4298533454
 31
0.0
  0
SPLINE
  5
1207
100
AcDbEntity
  8
BEZUGSACHSEN
100
AcDbSpline
 62
7
  6
CONTINUOUS
 70
0
 71
3
 72
25
 73
21
 74
19
 42
0.0000001
 43
0.0000001
 44
0.0000000001
 12
4.8658116556
 22
2.3656580322
 32
0.0
 13
-5.3848484501
 23
-0.5940677992
 33
0.0
 40
0.0
 40
0.0
 40
0.0
 40
0.0
 40
0.0594564625
 40
0.1188688518
 40
0.1781928253
 40
0.2373837128
 40
0.296396524
 40
0.3551859565
 40
0.4137064063
 40
0.4719119784
 40
0.5297564571
 40
0.5871930956
 40
0.6441742448
 40
0.7006513106
 40
0.7565747827
 40
0.8118942683
 40
0.8665585298
 40
0.9205155306
 40
0.9737126123
 40
1.0
 40
1.0
 40
1.0
 40
1.0
 10
253.8075690399
 20
149.7195894339
 30
0.0
 10
253.9040036893
 20
149.7664739865
 30
0.0
 10
254.0896980299
 20
149.8757072249
 30
0.0
 10
254.3384587246
 20
150.0811869463
 30
0.0
 10
254.5513917033
 20
150.3230663252
 30
0.0
 10
254.7230210733
 20
150.5949328144
 30
0.0
 10
254.8491316758
 20
150.8896304915
 30
0.0
 10
254.9267359999
 20
151.1993910265
 30
0.0
 10
254.954197254
 20
151.5160765859
 30
0.0
 10
254.9312628062
 20
151.8314082366
 30
0.0
 10
254.8590644315
 20
152.1372059415
 30
0.0
 10
254.7400574239
 20
152.4256090627
 30
0.0
 10
254.5779778459
 20
152.6892998703
 30
0.0
 10
254.3777280297
 20
152.9217148952
 30
0.0
 10
254.1452317806
 20
153.1172341929
 30
0.0
 10
253.8872532188
 20
153.2713431677
 30
0.0
 10
253.6112044359
 20
153.3807615852
 30
0.0
 10
253.3248790986
 20
153.4435344062
 30
0.0
 10
253.083562209
 20
153.4565403516
 30
0.0
 10
252.9401946141
 20
153.4466330762
 30
0.0
 10
252.8930100811
 20
153.4414275793
 30
0.0
 11
253.8075690399
 21
149.7195894339
 31
0.0
 11
254.0848254474
 21
149.8827124256
 31
0.0
 11
254.3326579587
 21
150.0874217706
 31
0.0
 11
254.5447220497
 21
150.3283540923
 31
0.0
 11
254.7156570072
 21
150.5991660158
 31
0.0
 11
254.8412383397
 21
150.8927150275
 31
0.0
 11
254.9184969831
 21
151.2012640588
 31
0.0
 11
254.9458016243
 21
151.5167037307
 31
0.0
 11
254.9229015572
 21
151.8307856062
 31
0.0
 11
254.8509220377
 21
152.1353576443
 31
0.0
 11
254.7323163498
 21
152.4225885389
 31
0.0
 11
254.5708084127
 21
152.6851880745
 31
0.0
 11
254.3712851873
 21
152.9166176531
 31
0.0
 11
254.1396506322
 21
153.111279268
 31
0.0
 11
253.882648465
 21
153.2646767996
 31
0.0
 11
253.6076588879
 21
153.3735444181
 31
0.0
 11
253.3224752488
 21
153.4359375559
 31
0.0
 11
253.0350654893
 21
153.4512552248
 31
0.0
 11
252.8930100811
 21
153.4414275793
 31
0.0
  0
SPLINE
  5
1208
100
AcDbEntity
  8
0
100
AcDbSpline
 62
7
  6
CONTINUOUS
 70
0
 71
3
 72
13
 73
9
 74
7
 42
0.0000001
 43
0.0000001
 44
0.0000000001
 12
-1.9264466307
 22
-1.3704667816
 32
0.0
 13
0.5859535019
 23
-2.2864834232
 33
0.0
 40
0.0
 40
0.0
 40
0.0
 40
0.0
 40
0.1733639283
 40
0.3439488287
 40
0.5118250768
 40
0.6770791156
 40
0.8397504171
 40
1.0
 40
1.0
 40
1.0
 40
1.0
 10
251.8798590904
 20
153.4298533454
 30
0.0
 10
251.7685336386
 20
153.3506568438
 30
0.0
 10
251.5630726381
 20
153.1718256726
 30
0.0
 10
251.3157710293
 20
152.850633631
 30
0.0
 10
251.1398662789
 20
152.4925419144
 30
0.0
 10
251.0404329387
 20
152.1125760151
 30
0.0
 10
251.0193805315
 20
151.7265570666
 30
0.0
 10
251.057275659
 20
151.4732338115
 30
0.0
 10
251.0885752604
 20
151.3510978066
 30
0.0
 11
251.8798590904
 21
153.4298533454
 31
0.0
 11
251.571390153
 21
153.1609777887
 31
0.0
 11
251.3259796028
 21
152.8417670808
 31
0.0
 11
251.1515273693
 21
152.4859854512
 31
0.0
 11
251.0530250539
 21
152.1085670322
 31
0.0
 11
251.0324263879
 21
151.7251554531
 31
0.0
 11
251.0885752604
 21
151.3510978066
 31
0.0
  0
SPLINE
  5
1209
100
AcDbEntity
  8
RUNDUNGEN
100
AcDbSpline
 62
7
  6
CONTINUOUS
 70
0
 71
3
 72
11
 73
7
 74
5
 42
0.0000001
 43
0.0000001
 44
0.0000000001
 12
0.0
 22
0.4169431601
 32
0.0
 13
0.4016243431
 23
0.1119798452
 33
0.0
 40
0.0
 40
0.0
 40
0.0
 40
0.0
 40
0.2254097489
 40
0.4639069601
 40
0.7224174273
 40
1.0
 40
1.0
 40
1.0
 40
1.0
 10
230.8907191745
 20
146.5565083535
 30
0.0
 10
230.8907191745
 20
146.5878360379
 30
0.0
 10
230.9041996877
 20
146.65292275
 30
0.0
 10
230.9608958155
 20
146.7382071937
 30
0.0
 10
231.0469533243
 20
146.8054062536
 30
0.0
 10
231.116749811
 20
146.8340856598
 30
0.0
 10
231.1539111171
 20
146.8444468777
 30
0.0
 11
230.8907191745
 21
146.5565083535
 31
0.0
 11
230.9092323942
 21
146.6486499562
 31
0.0
 11
230.9630583567
 21
146.7322623702
 31
0.0
 11
231.0472146029
 21
146.7996059206
 31
0.0
 11
231.1539111171
 21
146.8444468777
 31
0.0
  0
SPLINE
  5
120A
100
AcDbEntity
  8
RUNDUNGEN
100
AcDbSpline
 62
7
  6
CONTINUOUS
 70
0
 71
3
 72
11
 73
7
 74
5
 42
0.0000001
 43
0.0000001
 44
0.0000000001
 12
0.4016243431
 22
-0.1119798452
 32
0.0
 13
0.0
 23
-0.4169431601
 33
0.0
 40
0.0
 40
0.0
 40
0.0
 40
0.0
 40
0.2775825727
 40
0.5360930399
 40
0.7745902511
 40
1.0
 40
1.0
 40
1.0
 40
1.0
 10
236.6275272318
 20
146.8444468777
 30
0.0
 10
236.6646885379
 20
146.8340856598
 30
0.0
 10
236.7344850246
 20
146.8054062536
 30
0.0
 10
236.8205425334
 20
146.7382071937
 30
0.0
 10
236.8772386613
 20
146.65292275
 30
0.0
 10
236.8907191745
 20
146.5878360379
 30
0.0
 10
236.8907191745
 20
146.5565083535
 30
0.0
 11
236.6275272318
 21
146.8444468777
 31
0.0
 11
236.7342237461
 21
146.7996059206
 31
0.0
 11
236.8183799922
 21
146.7322623702
 31
0.0
 11
236.8722059548
 21
146.6486499562
 31
0.0
 11
236.8907191745
 21
146.5565083535
 31
0.0
  0
SPLINE
  5
120B
100
AcDbEntity
  8
4171
100
AcDbSpline
 62
7
  6
CONTINUOUS
 70
0
 71
3
 72
11
 73
7
 74
5
 42
0.0000001
 43
0.0000001
 44
0.0000000001
 12
-0.7619848934
 22
0.5300191131
 32
0.0
 13
-0.9281924575
 23
-0.0
 33
0.0
 40
0.0
 40
0.0
 40
0.0
 40
0.0
 40
0.2295184315
 40
0.4759298339
 40
0.7347110449
 40
1.0
 40
1.0
 40
1.0
 40
1.0
 10
233.1720306499
 20
146.8578031992
 30
0.0
 10
233.113734124
 20
146.8983529177
 30
0.0
 10
232.9842475814
 20
146.9704080718
 30
0.0
 10
232.7695188898
 20
147.0474618312
 30
0.0
 10
232.5351536102
 20
147.0949902262
 30
0.0
 10
232.3727989102
 20
147.1056452415
 30
0.0
 10
232.2907191745
 20
147.1056452415
 30
0.0
 11
233.1720306499
 21
146.8578031992
 31
0.0
 11
232.9866086804
 21
146.962701124
 31
0.0
 11
232.7717017753
 21
147.04097361
 31
0.0
 11
232.5364155702
 21
147.089304241
 31
0.0
 11
232.2907191745
 21
147.1056452415
 31
0.0
  0
SPLINE
  5
120C
100
AcDbEntity
  8
4171
100
AcDbSpline
 62
7
  6
CONTINUOUS
 70
0
 71
3
 72
14
 73
10
 74
8
 42
0.0000001
 43
0.0000001
 44
0.0000000001
 12
1.2423974942
 22
-0.8641830352
 32
0.0
 13
1.2423974942
 23
0.8641830352
 33
0.0
 40
0.0
 40
0.0
 40
0.0
 40
0.0
 40
0.1318725029
 40
0.2744080881
 40
0.4239854977
 40
0.5760145023
 40
0.7255919119
 40
0.8681274971
 40
1.0
 40
1.0
 40
1.0
 40
1.0
 10
233.1720306499
 20
146.8578031992
 30
0.0
 10
233.2266433389
 20
146.8198158726
 30
0.0
 10
233.3495597643
 20
146.7537376147
 30
0.0
 10
233.5540734733
 20
146.6879996102
 30
0.0
 10
233.7764967275
 20
146.6542287259
 30
0.0
 10
234.0049416214
 20
146.6542287259
 30
0.0
 10
234.2273648757
 20
146.6879996102
 30
0.0
 10
234.4318785846
 20
146.7537376147
 30
0.0
 10
234.55479501
 20
146.8198158726
 30
0.0
 10
234.609407699
 20
146.8578031992
 30
0.0
 11
233.1720306499
 21
146.8578031992
 31
0.0
 11
233.34696521
 21
146.761739966
 31
0.0
 11
233.551958786
 21
146.6945866638
 31
0.0
 11
233.7756792212
 21
146.6600555636
 31
0.0
 11
234.0057591277
 21
146.6600555636
 31
0.0
 11
234.2294795629
 21
146.6945866638
 31
0.0
 11
234.4344731389
 21
146.761739966
 31
0.0
 11
234.609407699
 21
146.8578031992
 31
0.0
  0
SPLINE
  5
120D
100
AcDbEntity
  8
4171
100
AcDbSpline
 62
7
  6
CONTINUOUS
 70
0
 71
3
 72
11
 73
7
 74
5
 42
0.0000001
 43
0.0000001
 44
0.0000000001
 12
-0.9281924575
 22
0.0
 32
0.0
 13
-0.7619848934
 23
-0.5300191131
 33
0.0
 40
0.0
 40
0.0
 40
0.0
 40
0.0
 40
0.2652889551
 40
0.5240701661
 40
0.7704815685
 40
1.0
 40
1.0
 40
1.0
 40
1.0
 10
235.4907191745
 20
147.1056452415
 30
0.0
 10
235.4086394387
 20
147.1056452415
 30
0.0
 10
235.2462847388
 20
147.0949902262
 30
0.0
 10
235.0119194591
 20
147.0474618312
 30
0.0
 10
234.7971907675
 20
146.9704080718
 30
0.0
 10
234.6677042249
 20
146.8983529177
 30
0.0
 10
234.609407699
 20
146.8578031992
 30
0.0
 11
235.4907191745
 21
147.1056452415
 31
0.0
 11
235.2450227787
 21
147.089304241
 31
0.0
 11
235.0097365736
 21
147.04097361
 31
0.0
 11
234.7948296685
 21
146.962701124
 31
0.0
 11
234.609407699
 21
146.8578031992
 31
0.0
  0
SPLINE
  5
120E
100
AcDbEntity
  8
RUNDUNGEN
100
AcDbSpline
 62
7
  6
CONTINUOUS
 70
0
 71
3
 72
11
 73
7
 74
5
 42
0.0000001
 43
0.0000001
 44
0.0000000001
 12
0.0
 22
0.4169431601
 32
0.0
 13
-0.4016243431
 23
0.1119798452
 33
0.0
 40
0.0
 40
0.0
 40
0.0
 40
0.0
 40
0.2254097489
 40
0.4639069601
 40
0.7224174273
 40
1.0
 40
1.0
 40
1.0
 40
1.0
 10
236.8907191745
 20
146.0422782658
 30
0.0
 10
236.8907191745
 20
146.0736059501
 30
0.0
 10
236.8772386613
 20
146.1386926623
 30
0.0
 10
236.8205425334
 20
146.223977106
 30
0.0
 10
236.7344850246
 20
146.2911761659
 30
0.0
 10
236.6646885379
 20
146.3198555721
 30
0.0
 10
236.6275272318
 20
146.3302167899
 30
0.0
 11
236.8907191745
 21
146.0422782658
 31
0.0
 11
236.8722059548
 21
146.1344198685
 31
0.0
 11
236.8183799922
 21
146.2180322825
 31
0.0
 11
236.7342237461
 21
146.2853758329
 31
0.0
 11
236.6275272318
 21
146.3302167899
 31
0.0
  0
SPLINE
  5
120F
100
AcDbEntity
  8
4171
100
AcDbSpline
 62
7
  6
CONTINUOUS
 70
0
 71
3
 72
10
 73
6
 74
4
 42
0.0000001
 43
0.0000001
 44
0.0000000001
 12
0.2538064587
 22
0.1765419174
 32
0.0
 13
0.3091678623
 23
0.0
 33
0.0
 40
0.0
 40
0.0
 40
0.0
 40
0.0
 40
0.3098937063
 40
0.647362076
 40
1.0
 40
1.0
 40
1.0
 40
1.0
 10
235.1969486827
 20
146.5088011397
 30
0.0
 10
235.2231663574
 20
146.5270375494
 30
0.0
 10
235.2831708528
 20
146.5578106258
 30
0.0
 10
235.3830749246
 20
146.5852128562
 30
0.0
 10
235.4543777367
 20
146.5914151538
 30
0.0
 10
235.4907191745
 20
146.5914151538
 30
0.0
 11
235.1969486827
 21
146.5088011397
 31
0.0
 11
235.2816850048
 21
146.553513036
 31
0.0
 11
235.3821233847
 21
146.5817582749
 31
0.0
 11
235.4907191745
 21
146.5914151538
 31
0.0
  0
SPLINE
  5
1210
100
AcDbEntity
  8
4171
100
AcDbSpline
 62
7
  6
CONTINUOUS
 70
0
 71
3
 72
14
 73
10
 74
8
 42
0.0000001
 43
0.0000001
 44
0.0000000001
 12
2.2627669459
 22
-1.5639088532
 32
0.0
 13
2.2627669459
 23
1.5639088532
 33
0.0
 40
0.0
 40
0.0
 40
0.0
 40
0.0
 40
0.1318725029
 40
0.2744080881
 40
0.4239854977
 40
0.5760145023
 40
0.7255919119
 40
0.8681274971
 40
1.0
 40
1.0
 40
1.0
 40
1.0
 10
232.5844896663
 20
146.5088011397
 30
0.0
 10
232.6839552465
 20
146.4400556147
 30
0.0
 10
232.9070484344
 20
146.3195109915
 30
0.0
 10
233.2788902325
 20
146.2002227493
 30
0.0
 10
233.6831071479
 20
146.1387919094
 30
0.0
 10
234.098331201
 20
146.1387919094
 30
0.0
 10
234.5025481164
 20
146.2002227493
 30
0.0
 10
234.8743899145
 20
146.3195109915
 30
0.0
 10
235.0974831024
 20
146.4400556147
 30
0.0
 10
235.1969486827
 20
146.5088011397
 30
0.0
 11
232.5844896663
 21
146.5088011397
 31
0.0
 11
232.9024364215
 21
146.3342044604
 31
0.0
 11
233.2750159867
 21
146.2121521081
 31
0.0
 11
233.6816319601
 21
146.1493912034
 31
0.0
 11
234.0998063888
 21
146.1493912034
 31
0.0
 11
234.5064223622
 21
146.2121521081
 31
0.0
 11
234.8790019274
 21
146.3342044604
 31
0.0
 11
235.1969486827
 21
146.5088011397
 31
0.0
  0
SPLINE
  5
1211
100
AcDbEntity
  8
4171
100
AcDbSpline
 62
7
  6
CONTINUOUS
 70
0
 71
3
 72
10
 73
6
 74
4
 42
0.0000001
 43
0.0000001
 44
0.0000000001
 12
0.3091678623
 22
0.0
 32
0.0
 13
0.2538064587
 23
-0.1765419174
 33
0.0
 40
0.0
 40
0.0
 40
0.0
 40
0.0
 40
0.352637924
 40
0.6901062937
 40
1.0
 40
1.0
 40
1.0
 40
1.0
 10
232.2907191745
 20
146.5914151538
 30
0.0
 10
232.3270606122
 20
146.5914151538
 30
0.0
 10
232.3983634243
 20
146.5852128562
 30
0.0
 10
232.4982674961
 20
146.5578106258
 30
0.0
 10
232.5582719915
 20
146.5270375494
 30
0.0
 10
232.5844896663
 20
146.5088011397
 30
0.0
 11
232.2907191745
 21
146.5914151538
 31
0.0
 11
232.3993149642
 21
146.5817582749
 31
0.0
 11
232.4997533441
 21
146.553513036
 31
0.0
 11
232.5844896663
 21
146.5088011397
 31
0.0
  0
SPLINE
  5
1212
100
AcDbEntity
  8
RUNDUNGEN
100
AcDbSpline
 62
7
  6
CONTINUOUS
 70
0
 71
3
 72
10
 73
6
 74
4
 42
0.0000001
 43
0.0000001
 44
0.0000000001
 12
-0.1384271337
 22
0.0
 32
0.0
 13
-0.1333412129
 23
-0.037177847
 33
0.0
 40
0.0
 40
0.0
 40
0.0
 40
0.0
 40
0.3357966167
 40
0.6697281854
 40
1.0
 40
1.0
 40
1.0
 40
1.0
 10
232.1612499667
 20
146.5914151538
 30
0.0
 10
232.1457555123
 20
146.5914151538
 30
0.0
 10
232.114834051
 20
146.5900395572
 30
0.0
 10
232.0690491169
 20
146.5838727656
 30
0.0
 10
232.0391215242
 20
146.5770288323
 30
0.0
 10
232.0244419094
 20
146.5729359007
 30
0.0
 11
232.1612499667
 21
146.5914151538
 31
0.0
 11
232.1148128013
 21
146.5893432664
 31
0.0
 11
232.0690036182
 21
146.5831556229
 31
0.0
 11
232.0244419094
 21
146.5729359007
 31
0.0
  0
SPLINE
  5
1213
100
AcDbEntity
  8
4171
100
AcDbSpline
 62
9
  6
CONTINUOUS
 70
0
 71
3
 72
14
 73
10
 74
8
 42
0.0000001
 43
0.0000001
 44
0.0000000001
 12
2.2580801172
 22
-1.5706684363
 32
0.0
 13
2.2580801172
 23
1.5706684363
 33
0.0
 40
0.0
 40
0.0
 40
0.0
 40
0.0
 40
0.1318725029
 40
0.2744080881
 40
0.4239854977
 40
0.5760145023
 40
0.7255919119
 40
0.8681274971
 40
1.0
 40
1.0
 40
1.0
 40
1.0
 10
232.5844896663
 20
140.8372259203
 30
0.0
 10
232.6837492252
 20
140.768183261
 30
0.0
 10
232.9071520714
 20
140.6480848214
 30
0.0
 10
233.2788594694
 20
140.5286047987
 30
0.0
 10
233.6831177928
 20
140.4672256002
 30
0.0
 10
234.0983205561
 20
140.4672256002
 30
0.0
 10
234.5025788796
 20
140.5286047987
 30
0.0
 10
234.8742862775
 20
140.6480848214
 30
0.0
 10
235.0976891237
 20
140.768183261
 30
0.0
 10
235.1969486827
 20
140.8372259203
 30
0.0
 11
232.5844896663
 21
140.8372259203
 31
0.0
 11
232.9024364215
 21
140.662629241
 31
0.0
 11
233.2750159867
 21
140.5405768887
 31
0.0
 11
233.6816319601
 21
140.4778159841
 31
0.0
 11
234.0998063888
 21
140.4778159841
 31
0.0
 11
234.5064223622
 21
140.5405768887
 31
0.0
 11
234.8790019274
 21
140.662629241
 31
0.0
 11
235.1969486827
 21
140.8372259203
 31
0.0
  0
SPLINE
  5
1214
100
AcDbEntity
  8
4171
100
AcDbSpline
 62
9
  6
CONTINUOUS
 70
0
 71
3
 72
10
 73
6
 74
4
 42
0.0000001
 43
0.0000001
 44
0.0000000001
 12
0.2538064587
 22
0.1765419174
 32
0.0
 13
0.3091678623
 23
0.0
 33
0.0
 40
0.0
 40
0.0
 40
0.0
 40
0.0
 40
0.3098937063
 40
0.647362076
 40
1.0
 40
1.0
 40
1.0
 40
1.0
 10
235.1969486827
 20
140.8372259203
 30
0.0
 10
235.2231663574
 20
140.85546233
 30
0.0
 10
235.2831708528
 20
140.8862354064
 30
0.0
 10
235.3830749246
 20
140.9136376368
 30
0.0
 10
235.4543777367
 20
140.9198399344
 30
0.0
 10
235.4907191745
 20
140.9198399344
 30
0.0
 11
235.1969486827
 21
140.8372259203
 31
0.0
 11
235.2816850048
 21
140.8819378166
 31
0.0
 11
235.3821233847
 21
140.9101830556
 31
0.0
 11
235.4907191745
 21
140.9198399344
 31
0.0
  0
SPLINE
  5
1215
100
AcDbEntity
  8
4171
100
AcDbSpline
 62
9
  6
CONTINUOUS
 70
0
 71
3
 72
10
 73
6
 74
4
 42
0.0000001
 43
0.0000001
 44
0.0000000001
 12
0.3091678623
 22
0.0
 32
0.0
 13
0.2538064587
 23
-0.1765419174
 33
0.0
 40
0.0
 40
0.0
 40
0.0
 40
0.0
 40
0.352637924
 40
0.6901062937
 40
1.0
 40
1.0
 40
1.0
 40
1.0
 10
232.2907191745
 20
140.9198399344
 30
0.0
 10
232.3270606122
 20
140.9198399344
 30
0.0
 10
232.3983634243
 20
140.9136376368
 30
0.0
 10
232.4982674961
 20
140.8862354064
 30
0.0
 10
232.5582719915
 20
140.85546233
 30
0.0
 10
232.5844896663
 20
140.8372259203
 30
0.0
 11
232.2907191745
 21
140.9198399344
 31
0.0
 11
232.3993149642
 21
140.9101830556
 31
0.0
 11
232.4997533441
 21
140.8819378166
 31
0.0
 11
232.5844896663
 21
140.8372259203
 31
0.0
  0
SPLINE
  5
1216
100
AcDbEntity
  8
RUNDUNGEN
100
AcDbSpline
 62
7
  6
CONTINUOUS
 70
0
 71
3
 72
11
 73
7
 74
5
 42
0.0000001
 43
0.0000001
 44
0.0000000001
 12
-0.4016243431
 22
-0.1119798452
 32
0.0
 13
0.0
 23
-0.4169431601
 33
0.0
 40
0.0
 40
0.0
 40
0.0
 40
0.0
 40
0.2775825727
 40
0.5360930399
 40
0.7745902511
 40
1.0
 40
1.0
 40
1.0
 40
1.0
 10
231.1539111171
 20
146.3302167899
 30
0.0
 10
231.116749811
 20
146.3198555721
 30
0.0
 10
231.0469533243
 20
146.2911761659
 30
0.0
 10
230.9608958155
 20
146.223977106
 30
0.0
 10
230.9041996877
 20
146.1386926623
 30
0.0
 10
230.8907191745
 20
146.0736059501
 30
0.0
 10
230.8907191745
 20
146.0422782658
 30
0.0
 11
231.1539111171
 21
146.3302167899
 31
0.0
 11
231.0472146029
 21
146.2853758329
 31
0.0
 11
230.9630583567
 21
146.2180322825
 31
0.0
 11
230.9092323942
 21
146.1344198685
 31
0.0
 11
230.8907191745
 21
146.0422782658
 31
0.0
  0
SPLINE
  5
1217
100
AcDbEntity
  8
RUNDUNGEN
100
AcDbSpline
 62
7
  6
CONTINUOUS
 70
0
 71
3
 72
10
 73
6
 74
4
 42
0.0000001
 43
0.0000001
 44
0.0000000001
 12
-0.1333412129
 22
0.037177847
 32
0.0
 13
-0.1384271337
 23
0.0
 33
0.0
 40
0.0
 40
0.0
 40
0.0
 40
0.0
 40
0.3302718146
 40
0.6642033833
 40
1.0
 40
1.0
 40
1.0
 40
1.0
 10
235.7569964395
 20
146.5729359007
 30
0.0
 10
235.7423168247
 20
146.5770288323
 30
0.0
 10
235.712389232
 20
146.5838727656
 30
0.0
 10
235.6666042979
 20
146.5900395572
 30
0.0
 10
235.6356828366
 20
146.5914151538
 30
0.0
 10
235.6201883822
 20
146.5914151538
 30
0.0
 11
235.7569964395
 21
146.5729359007
 31
0.0
 11
235.7124347307
 21
146.5831556229
 31
0.0
 11
235.6666255476
 21
146.5893432664
 31
0.0
 11
235.6201883822
 21
146.5914151538
 31
0.0
  0
SPLINE
  5
1218
100
AcDbEntity
  8
RUNDUNGEN
100
AcDbSpline
 62
7
  6
CONTINUOUS
 70
0
 71
3
 72
11
 73
7
 74
5
 42
0.0000001
 43
0.0000001
 44
0.0000000001
 12
-0.3001578207
 22
-0.3842021416
 32
0.0
 13
-0.0949919468
 23
-0.4782871894
 33
0.0
 40
0.0
 40
0.0
 40
0.0
 40
0.0
 40
0.2827755551
 40
0.5394172801
 40
0.7762275698
 40
1.0
 40
1.0
 40
1.0
 40
1.0
 10
248.0181722559
 20
118.2919647892
 30
0.0
 10
247.9898798245
 20
118.2557504646
 30
0.0
 10
247.9434978292
 20
118.1810389161
 30
0.0
 10
247.8826089886
 20
118.0703223474
 30
0.0
 10
247.8430512193
 20
117.9602323532
 30
0.0
 10
247.8250648414
 20
117.8874852222
 30
0.0
 10
247.8179793151
 20
117.8518093933
 30
0.0
 11
248.0181722559
 21
118.2919647892
 31
0.0
 11
247.9423689151
 21
118.1768070522
 31
0.0
 11
247.884161811
 21
118.0660440938
 31
0.0
 11
247.8442927331
 21
117.9576891285
 31
0.0
 11
247.8179793151
 21
117.8518093933
 31
0.0
  0
SPLINE
  5
1219
100
AcDbEntity
  8
02___PRT_ALL_AXES
100
AcDbSpline
 62
7
  6
CONTINUOUS
 70
0
 71
3
 72
9
 73
5
 74
3
 42
0.0000001
 43
0.0000001
 44
0.0000000001
 12
-0.0492276188
 22
0.0820189459
 32
0.0
 13
-0.0438476004
 23
0.085008653
 33
0.0
 40
0.0
 40
0.0
 40
0.0
 40
0.0
 40
0.5958474042
 40
1.0
 40
1.0
 40
1.0
 40
1.0
 10
246.2709773052
 20
116.966879669
 30
0.0
 10
246.2611999222
 20
116.9831699277
 30
0.0
 10
246.2454449548
 20
117.0108988998
 30
0.0
 10
246.2305656864
 20
117.0390993472
 30
0.0
 10
246.2246586459
 20
117.0505515032
 30
0.0
 11
246.2709773052
 21
116.966879669
 31
0.0
 11
246.2427357124
 21
117.0163817896
 31
0.0
 11
246.2246586459
 21
117.0505515032
 31
0.0
  0
LINE
  5
121A
100
AcDbEntity
  8
02___PRT_ALL_AXES
100
AcDbLine
 62
7
  6
CONTINUOUS
 10
246.2134789417
 20
117.0724973994
 11
246.1990186908
 21
117.1009653506
  0
SPLINE
  5
121B
100
AcDbEntity
  8
02___PRT_ALL_AXES
100
AcDbSpline
 62
7
  6
CONTINUOUS
 70
0
 71
3
 72
12
 73
8
 74
6
 42
0.0000001
 43
0.0000001
 44
0.0000000001
 12
-0.0129530592
 22
0.0250661232
 32
0.0
 13
-0.0186404843
 23
0.0211791872
 33
0.0
 40
0.0
 40
0.0
 40
0.0
 40
0.0
 40
0.0987979187
 40
0.4792512766
 40
0.7609243635
 40
0.939524326
 40
1.0
 40
1.0
 40
1.0
 40
1.0
 10
246.1990186908
 20
117.1009653506
 30
0.0
 10
246.1985921123
 20
117.1017908442
 30
0.0
 10
246.1965181012
 20
117.1057928579
 30
0.0
 10
246.1931830192
 20
117.1121266768
 30
0.0
 10
246.1891137962
 20
117.1189100629
 30
0.0
 10
246.1862943648
 20
117.1229257757
 30
0.0
 10
246.1848526467
 20
117.1246501593
 30
0.0
 10
246.1844768814
 20
117.1250771012
 30
0.0
 11
246.1990186908
 21
117.1009653506
 31
0.0
 11
246.1977358684
 21
117.103440335
 31
0.0
 11
246.1926501267
 21
117.1128930843
 31
0.0
 11
246.1885159553
 21
117.1196801581
 31
0.0
 11
246.1855726035
 21
117.123770143
 31
0.0
 11
246.1844768814
 21
117.1250771012
 31
0.0
  0
SPLINE
  5
121C
100
AcDbEntity
  8
RUNDUNGEN
100
AcDbSpline
 62
9
  6
CONTINUOUS
 70
0
 71
3
 72
9
 73
5
 74
3
 42
0.0000001
 43
0.0000001
 44
0.0000000001
 12
-0.3088738576
 22
0.4004572175
 32
0.0
 13
-0.3823194574
 23
0.3310602293
 33
0.0
 40
0.0
 40
0.0
 40
0.0
 40
0.0
 40
0.4861369661
 40
1.0
 40
1.0
 40
1.0
 40
1.0
 10
248.0364951699
 20
118.3185680372
 30
0.0
 10
247.9864435032
 20
118.3834603895
 30
0.0
 10
247.8752140718
 20
118.5106628053
 30
0.0
 10
247.7520960221
 20
118.6261627714
 30
0.0
 10
247.68660941
 20
118.6828693094
 30
0.0
 11
248.0364951699
 21
118.3185680372
 31
0.0
 11
247.8754883995
 21
118.5043703525
 31
0.0
 11
247.68660941
 21
118.6828693094
 31
0.0
  0
SPLINE
  5
121D
100
AcDbEntity
  8
0
100
AcDbSpline
 62
7
  6
CONTINUOUS
 70
0
 71
3
 72
9
 73
5
 74
3
 42
0.0000001
 43
0.0000001
 44
0.0000000001
 12
-0.0440755032
 22
-0.097335179
 32
0.0
 13
-0.0514516861
 23
-0.0936456675
 33
0.0
 40
0.0
 40
0.0
 40
0.0
 40
0.0
 40
0.2643952013
 40
1.0
 40
1.0
 40
1.0
 40
1.0
 10
227.0881520183
 20
132.3540614521
 30
0.0
 10
227.0842675678
 20
132.3454831341
 30
0.0
 10
227.0693273956
 20
132.3131529378
 30
0.0
 10
227.0533352102
 20
132.281294988
 30
0.0
 10
227.0407191745
 20
132.2583329205
 30
0.0
 11
227.0881520183
 21
132.3540614521
 31
0.0
 11
227.0762938073
 21
132.3284202489
 31
0.0
 11
227.0407191745
 21
132.2583329205
 31
0.0
  0
SPLINE
  5
121E
100
AcDbEntity
  8
0
100
AcDbSpline
 62
7
  6
CONTINUOUS
 70
0
 71
3
 72
9
 73
5
 74
3
 42
0.0000001
 43
0.0000001
 44
0.0000000001
 12
-0.0119621804
 22
-0.1342647769
 32
0.0
 13
-0.0162294164
 23
-0.1338160309
 33
0.0
 40
0.0
 40
0.0
 40
0.0
 40
0.0
 40
0.2778845915
 40
1.0
 40
1.0
 40
1.0
 40
1.0
 10
232.1344355076
 20
132.3540614521
 30
0.0
 10
232.1333274724
 20
132.3416247479
 30
0.0
 10
232.1292183877
 20
132.2968814574
 30
0.0
 10
232.1246256783
 20
132.2521774743
 30
0.0
 10
232.1207191745
 20
132.2199672684
 30
0.0
 11
232.1344355076
 21
132.3540614521
 31
0.0
 11
232.1310064243
 21
132.3167608412
 31
0.0
 11
232.1207191745
 21
132.2199672684
 31
0.0
  0
SPLINE
  5
121F
100
AcDbEntity
  8
0
100
AcDbSpline
 62
7
  6
CONTINUOUS
 70
0
 71
3
 72
9
 73
5
 74
3
 42
0.0000001
 43
0.0000001
 44
0.0000000001
 12
0.0313753834
 22
-0.116432238
 32
0.0
 13
0.0393773494
 23
-0.1139750196
 33
0.0
 40
0.0
 40
0.0
 40
0.0
 40
0.0
 40
0.2709667551
 40
1.0
 40
1.0
 40
1.0
 40
1.0
 10
238.1658740292
 20
132.3540614521
 30
0.0
 10
238.1687079245
 20
132.3435450302
 30
0.0
 10
238.1794134602
 20
132.3048035924
 30
0.0
 10
238.1911500422
 20
132.2663300471
 30
0.0
 10
238.2007191745
 20
132.2386328543
 30
0.0
 11
238.1658740292
 21
132.3540614521
 31
0.0
 11
238.1745853156
 21
132.3225694163
 31
0.0
 11
238.2007191745
 21
132.2386328543
 31
0.0
  0
SPLINE
  5
1220
100
AcDbEntity
  8
0
100
AcDbSpline
 62
7
  6
CONTINUOUS
 70
0
 71
3
 72
9
 73
5
 74
3
 42
0.0000001
 43
0.0000001
 44
0.0000000001
 12
-0.0127544189
 22
-0.1431569457
 32
0.0
 13
-0.0178530253
 23
-0.1426108544
 33
0.0
 40
0.0
 40
0.0
 40
0.0
 40
0.0
 40
0.2806434399
 40
1.0
 40
1.0
 40
1.0
 40
1.0
 10
233.1355272232
 20
132.3540614521
 30
0.0
 10
233.1343340752
 20
132.3406694329
 30
0.0
 10
233.1299411501
 20
132.2929642132
 30
0.0
 10
233.1250000714
 20
132.24530196
 30
0.0
 10
233.1207191745
 20
132.2111059422
 30
0.0
 11
233.1355272232
 21
132.3540614521
 31
0.0
 11
233.131825211
 21
132.3138965031
 31
0.0
 11
233.1207191745
 21
132.2111059422
 31
0.0
  0
SPLINE
  5
1221
100
AcDbEntity
  8
0
100
AcDbSpline
 62
7
  6
CONTINUOUS
 70
0
 71
3
 72
9
 73
5
 74
3
 42
0.0000001
 43
0.0000001
 44
0.0000000001
 12
0.0389898855
 22
-0.1446892163
 32
0.0
 13
0.0530630191
 23
-0.140140988
 33
0.0
 40
0.0
 40
0.0
 40
0.0
 40
0.0
 40
0.5381336357
 40
1.0
 40
1.0
 40
1.0
 40
1.0
 10
237.1559307921
 20
132.3540614521
 30
0.0
 10
237.1629247151
 20
132.3281074075
 30
0.0
 10
237.1766469233
 20
132.2800690541
 30
0.0
 10
237.1925498332
 20
132.2326814117
 30
0.0
 10
237.2007191745
 20
132.2111059422
 30
0.0
 11
237.1559307921
 21
132.3540614521
 31
0.0
 11
237.1783249833
 21
132.276593738
 31
0.0
 11
237.2007191745
 21
132.2111059422
 31
0.0
  0
SPLINE
  5
1222
100
AcDbEntity
  8
0
100
AcDbSpline
 62
7
  6
CONTINUOUS
 70
0
 71
3
 72
9
 73
5
 74
3
 42
0.0000001
 43
0.0000001
 44
0.0000000001
 12
0.0381105661
 22
-0.0585407647
 32
0.0
 13
0.0409135155
 23
-0.0566173173
 33
0.0
 40
0.0
 40
0.0
 40
0.0
 40
0.0
 40
0.2566370011
 40
1.0
 40
1.0
 40
1.0
 40
1.0
 10
242.2412649766
 20
132.3540614521
 30
0.0
 10
242.2445251704
 20
132.3490535434
 30
0.0
 10
242.257334097
 20
132.329609022
 30
0.0
 10
242.2705813099
 20
132.3104513115
 30
0.0
 10
242.2807191745
 20
132.2964222385
 30
0.0
 11
242.2412649766
 21
132.3540614521
 31
0.0
 11
242.2511285261
 21
132.3390920662
 31
0.0
 11
242.2807191745
 21
132.2964222385
 31
0.0
  0
SPLINE
  5
1223
100
AcDbEntity
  8
0
100
AcDbSpline
 62
7
  6
CONTINUOUS
 70
0
 71
3
 72
9
 73
5
 74
3
 42
0.0000001
 43
0.0000001
 44
0.0000000001
 12
-0.0666824162
 22
-0.1472596895
 32
0.0
 13
-0.0867784609
 23
-0.1363871676
 33
0.0
 40
0.0
 40
0.0
 40
0.0
 40
0.0
 40
0.5327682136
 40
1.0
 40
1.0
 40
1.0
 40
1.0
 10
228.1159813952
 20
132.3540614521
 30
0.0
 10
228.1041393046
 20
132.3279096916
 30
0.0
 10
228.0807912013
 20
132.2793182523
 30
0.0
 10
228.0542343929
 20
132.2323474155
 30
0.0
 10
228.0407191745
 20
132.2111059422
 30
0.0
 11
228.1159813952
 21
132.3540614521
 31
0.0
 11
228.0783502848
 21
132.276593738
 31
0.0
 11
228.0407191745
 21
132.2111059422
 31
0.0
  0
SPLINE
  5
1224
100
AcDbEntity
  8
0
100
AcDbSpline
 62
7
  6
CONTINUOUS
 70
0
 71
3
 72
8
 73
4
 74
2
 42
0.0000001
 43
0.0000001
 44
0.0000000001
 12
0.1056059374
 22
0.0816565328
 32
0.0
 13
0.1328038599
 23
-0.0029152087
 33
0.0
 40
0.0
 40
0.0
 40
0.0
 40
0.0
 40
1.0
 40
1.0
 40
1.0
 40
1.0
 10
235.5010007576
 20
147.6501041478
 30
0.0
 10
235.5362027367
 20
147.6773229921
 30
0.0
 10
235.5824173898
 20
147.6937747526
 30
0.0
 10
235.6266853431
 20
147.6928030163
 30
0.0
 11
235.5010007576
 21
147.6501041478
 31
0.0
 11
235.6266853431
 21
147.6928030163
 31
0.0
  0
SPLINE
  5
1225
100
AcDbEntity
  8
RUNDUNGEN
100
AcDbSpline
 62
7
  6
CONTINUOUS
 70
0
 71
3
 72
12
 73
8
 74
6
 42
0.0000001
 43
0.0000001
 44
0.0000000001
 12
-0.5026059529
 22
0.0
 32
0.0
 13
-0.0
 23
-0.5026059529
 33
0.0
 40
0.0
 40
0.0
 40
0.0
 40
0.0
 40
0.2461772467
 40
0.4796335397
 40
0.6804333001
 40
0.8530804008
 40
1.0
 40
1.0
 40
1.0
 40
1.0
 10
232.7907191745
 20
152.967134721
 30
0.0
 10
232.7494757912
 20
152.967134721
 30
0.0
 10
232.668926277
 20
152.9600244047
 30
0.0
 10
232.5584842678
 20
152.9286859743
 30
0.0
 10
232.4685522492
 20
152.8790495226
 30
0.0
 10
232.4068836265
 20
152.8145066363
 30
0.0
 10
232.3907191745
 20
152.7605013189
 30
0.0
 10
232.3907191745
 20
152.7358870971
 30
0.0
 11
232.7907191745
 21
152.967134721
 31
0.0
 11
232.6675010914
 21
152.9558895468
 31
0.0
 11
232.5549570798
 21
152.9226976053
 31
0.0
 11
232.4675841644
 21
152.8721856576
 31
0.0
 11
232.4101704864
 21
152.8071218194
 31
0.0
 11
232.3907191745
 21
152.7358870971
 31
0.0
  0
SPLINE
  5
1226
100
AcDbEntity
  8
RUNDUNGEN
100
AcDbSpline
 62
7
  6
CONTINUOUS
 70
0
 71
3
 72
12
 73
8
 74
6
 42
0.0000001
 43
0.0000001
 44
0.0000000001
 12
0.0
 22
0.5026059529
 32
0.0
 13
-0.5026059529
 23
-0.0
 33
0.0
 40
0.0
 40
0.0
 40
0.0
 40
0.0
 40
0.1469195992
 40
0.3195666999
 40
0.5203664603
 40
0.7538227533
 40
1.0
 40
1.0
 40
1.0
 40
1.0
 10
235.3907191745
 20
152.7358870971
 30
0.0
 10
235.3907191745
 20
152.7605013189
 30
0.0
 10
235.3745547224
 20
152.8145066363
 30
0.0
 10
235.3128860997
 20
152.8790495226
 30
0.0
 10
235.2229540811
 20
152.9286859743
 30
0.0
 10
235.1125120719
 20
152.9600244047
 30
0.0
 10
235.0319625577
 20
152.967134721
 30
0.0
 10
234.9907191745
 20
152.967134721
 30
0.0
 11
235.3907191745
 21
152.7358870971
 31
0.0
 11
235.3712678626
 21
152.8071218194
 31
0.0
 11
235.3138541845
 21
152.8721856576
 31
0.0
 11
235.2264812691
 21
152.9226976053
 31
0.0
 11
235.1139372575
 21
152.9558895468
 31
0.0
 11
234.9907191745
 21
152.967134721
 31
0.0
  0
SPLINE
  5
1227
100
AcDbEntity
  8
RUNDUNGEN
100
AcDbSpline
 62
7
  6
CONTINUOUS
 70
0
 71
3
 72
10
 73
6
 74
4
 42
0.0000001
 43
0.0000001
 44
0.0000000001
 12
-0.1210305051
 22
0.4104818112
 32
0.0
 13
0.0
 23
0.4279529185
 33
0.0
 40
0.0
 40
0.0
 40
0.0
 40
0.0
 40
0.1183588518
 40
0.450840226
 40
1.0
 40
1.0
 40
1.0
 40
1.0
 10
235.4464193874
 20
149.111877252
 30
0.0
 10
235.4416443768
 20
149.1280719706
 30
0.0
 10
235.4263849197
 20
149.1905936282
 30
0.0
 10
235.4003349565
 20
149.330934942
 30
0.0
 10
235.3907191745
 20
149.4568917034
 30
0.0
 10
235.3907191745
 20
149.5352298794
 30
0.0
 11
235.4464193874
 21
149.111877252
 31
0.0
 11
235.4338745278
 21
149.1609512087
 31
0.0
 11
235.4078781486
 21
149.3008425974
 31
0.0
 11
235.3907191745
 21
149.5352298794
 31
0.0
  0
SPLINE
  5
1228
100
AcDbEntity
  8
RUNDUNGEN
100
AcDbSpline
 62
7
  6
CONTINUOUS
 70
0
 71
3
 72
10
 73
6
 74
4
 42
0.0000001
 43
0.0000001
 44
0.0000000001
 12
0.1210294547
 22
0.4104817773
 32
0.0
 13
0.0
 23
0.427952589
 33
0.0
 40
0.0
 40
0.0
 40
0.0
 40
0.0
 40
0.1183648934
 40
0.4508464678
 40
1.0
 40
1.0
 40
1.0
 40
1.0
 10
232.3350190567
 20
149.1118775746
 30
0.0
 10
232.3397942695
 20
149.1280731185
 30
0.0
 10
232.355053884
 20
149.190595603
 30
0.0
 10
232.3811035638
 20
149.3309368618
 30
0.0
 10
232.3907191745
 20
149.4568926541
 30
0.0
 10
232.3907191745
 20
149.5352298794
 30
0.0
 11
232.3350190567
 21
149.1118775746
 31
0.0
 11
232.3475644727
 21
149.1609540175
 31
0.0
 11
232.3735606062
 21
149.3008454275
 31
0.0
 11
232.3907191745
 21
149.5352298794
 31
0.0
  0
SPLINE
  5
1229
100
AcDbEntity
  8
0
100
AcDbSpline
 62
7
  6
CONTINUOUS
 70
0
 71
3
 72
8
 73
4
 74
2
 42
0.0000001
 43
0.0000001
 44
0.0000000001
 12
0.1328154857
 22
0.002924923
 32
0.0
 13
0.1056193291
 23
-0.0816609966
 33
0.0
 40
0.0
 40
0.0
 40
0.0
 40
0.0
 40
1.0
 40
1.0
 40
1.0
 40
1.0
 10
232.1547408447
 20
147.692802756
 30
0.0
 10
232.1990126732
 20
147.6937777303
 30
0.0
 10
232.2452322972
 20
147.6773243432
 30
0.0
 10
232.2804387403
 20
147.650104011
 30
0.0
 11
232.1547408447
 21
147.692802756
 31
0.0
 11
232.2804387403
 21
147.650104011
 31
0.0
  0
SPLINE
  5
122A
100
AcDbEntity
  8
RUNDUNGEN
100
AcDbSpline
 62
7
  6
CONTINUOUS
 70
0
 71
3
 72
14
 73
10
 74
8
 42
0.0000001
 43
0.0000001
 44
0.0000000001
 12
-0.0902928679
 22
0.8116778863
 32
0.0
 13
-0.0840974806
 23
0.8123427278
 33
0.0
 40
0.0
 40
0.0
 40
0.0
 40
0.0
 40
0.0207063576
 40
0.0810674893
 40
0.1793104444
 40
0.3158174086
 40
0.4991239165
 40
0.7306584625
 40
1.0
 40
1.0
 40
1.0
 40
1.0
 10
238.8317176766
 20
148.5998108077
 30
0.0
 10
238.8310944644
 20
148.6054131052
 30
0.0
 10
238.8286690168
 20
148.6273482637
 30
0.0
 10
238.8234036802
 20
148.6758768316
 30
0.0
 10
238.8148134865
 20
148.7557537568
 30
0.0
 10
238.8027256123
 20
148.8689166891
 30
0.0
 10
238.7868214878
 20
149.0181641042
 30
0.0
 10
238.7671179412
 20
149.2033726281
 30
0.0
 10
238.7528101629
 20
149.338972582
 30
0.0
 10
238.745259848
 20
149.4119051284
 30
0.0
 11
238.8317176766
 21
148.5998108077
 31
0.0
 11
238.8298583755
 21
148.6166188378
 31
0.0
 11
238.824521937
 21
148.6656251268
 31
0.0
 11
238.81593526
 21
148.7453977954
 31
0.0
 11
238.8040827907
 21
148.8562490313
 31
0.0
 11
238.7882164935
 21
149.0051093938
 31
0.0
 11
238.7682316873
 21
149.1931409475
 31
0.0
 11
238.745259848
 21
149.4119051284
 31
0.0
  0
SPLINE
  5
122B
100
AcDbEntity
  8
RUNDUNGEN
100
AcDbSpline
 62
7
  6
CONTINUOUS
 70
0
 71
3
 72
14
 73
10
 74
8
 42
0.0000001
 43
0.0000001
 44
0.0000000001
 12
0.0902883751
 22
0.8116373336
 32
0.0
 13
0.0840950746
 23
0.812301958
 33
0.0
 40
0.0
 40
0.0
 40
0.0
 40
0.0
 40
0.0207065178
 40
0.0810681486
 40
0.1793119099
 40
0.3158197986
 40
0.499126702
 40
0.7306626119
 40
1.0
 40
1.0
 40
1.0
 40
1.0
 10
228.9497206723
 20
148.5998108077
 30
0.0
 10
228.9503438583
 20
148.6054128686
 30
0.0
 10
228.9527692052
 20
148.6273471096
 30
0.0
 10
228.9580343247
 20
148.6758736493
 30
0.0
 10
228.966624158
 20
148.7557471871
 30
0.0
 10
228.9787114956
 20
148.8689050408
 30
0.0
 10
228.9946148956
 20
149.0181457267
 30
0.0
 10
229.0143174452
 20
149.2033443451
 30
0.0
 10
229.0286243168
 20
149.3389367819
 30
0.0
 10
229.0361742994
 20
149.4118645445
 30
0.0
 11
228.9497206723
 21
148.5998108077
 31
0.0
 11
228.9515798954
 21
148.6166181281
 31
0.0
 11
228.956916114
 21
148.6656223736
 31
0.0
 11
228.9655024366
 21
148.7453917111
 31
0.0
 11
228.977354398
 21
148.8562381592
 31
0.0
 11
228.99321994
 21
149.0050914056
 31
0.0
 11
229.0132038773
 21
149.1931146717
 31
0.0
 11
229.0361742994
 21
149.4118645445
 31
0.0
  0
SPLINE
  5
122C
100
AcDbEntity
  8
0
100
AcDbSpline
 62
7
  6
CONTINUOUS
 70
0
 71
3
 72
10
 73
6
 74
4
 42
0.0000001
 43
0.0000001
 44
0.0000000001
 12
0.003925971
 22
0.6691386111
 32
0.0
 13
-0.0455763521
 23
0.6485694218
 33
0.0
 40
0.0
 40
0.0
 40
0.0
 40
0.0
 40
0.2493585382
 40
0.6837231498
 40
1.0
 40
1.0
 40
1.0
 40
1.0
 10
232.0914622016
 20
146.9646858947
 30
0.0
 10
232.0917885264
 20
147.02030437
 30
0.0
 10
232.0925588589
 20
147.1727084494
 30
0.0
 10
232.0890536647
 20
147.394174785
 30
0.0
 10
232.1077866203
 20
147.5648170241
 30
0.0
 10
232.1029817053
 20
147.6331928554
 30
0.0
 11
232.0914622016
 21
146.9646858947
 31
0.0
 11
232.0919291827
 21
147.1313393306
 31
0.0
 11
232.0957934054
 21
147.421800709
 31
0.0
 11
232.1029817053
 21
147.6331928554
 31
0.0
  0
SPLINE
  5
122D
100
AcDbEntity
  8
0
100
AcDbSpline
 62
7
  6
CONTINUOUS
 70
0
 71
3
 72
8
 73
4
 74
2
 42
0.0000001
 43
0.0000001
 44
0.0000000001
 12
-0.0037475201
 22
0.0533286853
 32
0.0
 13
-0.0000276089
 23
0.0537369665
 33
0.0
 40
0.0
 40
0.0
 40
0.0
 40
0.0
 40
1.0
 40
1.0
 40
1.0
 40
1.0
 10
232.1029817053
 20
147.6331928554
 30
0.0
 10
232.1017325319
 20
147.6509690838
 30
0.0
 10
232.0996251243
 20
147.6685072021
 30
0.0
 10
232.0996159213
 20
147.6864195243
 30
0.0
 11
232.1029817053
 21
147.6331928554
 31
0.0
 11
232.0996159213
 21
147.6864195243
 31
0.0
  0
SPLINE
  5
122E
100
AcDbEntity
  8
0
100
AcDbSpline
 62
7
  6
CONTINUOUS
 70
0
 71
3
 72
11
 73
7
 74
5
 42
0.0000001
 43
0.0000001
 44
0.0000000001
 12
0.0
 22
1.0901882934
 32
0.0
 13
0.8714015494
 23
0.6737843628
 33
0.0
 40
0.0
 40
0.0
 40
0.0
 40
0.0
 40
0.3400871338
 40
0.6234757156
 40
0.8419178942
 40
1.0
 40
1.0
 40
1.0
 40
1.0
 10
235.2907191745
 20
146.5999721591
 30
0.0
 10
235.2907191745
 20
146.7235584964
 30
0.0
 10
235.297181541
 20
146.9499094464
 30
0.0
 10
235.3309716268
 20
147.2556752593
 30
0.0
 10
235.3897706179
 20
147.4864396255
 30
0.0
 10
235.4550830936
 20
147.6145997308
 30
0.0
 10
235.5010007576
 20
147.6501041478
 30
0.0
 11
235.2907191745
 21
146.5999721591
 31
0.0
 11
235.3032916999
 21
146.9705179411
 31
0.0
 11
235.3414144438
 21
147.2771037404
 31
0.0
 11
235.4058397744
 21
147.5063667241
 31
0.0
 11
235.5010007576
 21
147.6501041478
 31
0.0
  0
SPLINE
  5
122F
100
AcDbEntity
  8
0
100
AcDbSpline
 62
7
  6
CONTINUOUS
 70
0
 71
3
 72
8
 73
4
 74
2
 42
0.0000001
 43
0.0000001
 44
0.0000000001
 12
-0.0000373094
 22
-0.053576092
 32
0.0
 13
-0.0037287144
 23
-0.0531697925
 33
0.0
 40
0.0
 40
0.0
 40
0.0
 40
0.0
 40
1.0
 40
1.0
 40
1.0
 40
1.0
 10
235.6817987951
 20
147.6864158707
 30
0.0
 10
235.6817863586
 20
147.6685571734
 30
0.0
 10
235.67969175
 20
147.6510713615
 30
0.0
 10
235.6784488452
 20
147.6333480973
 30
0.0
 11
235.6817987951
 21
147.6864158707
 31
0.0
 11
235.6784488452
 21
147.6333480973
 31
0.0
  0
SPLINE
  5
1230
100
AcDbEntity
  8
0
100
AcDbSpline
 62
7
  6
CONTINUOUS
 70
0
 71
3
 72
10
 73
6
 74
4
 42
0.0000001
 43
0.0000001
 44
0.0000000001
 12
-0.0454933174
 22
-0.6487142679
 32
0.0
 13
0.0039245479
 23
-0.6693646095
 33
0.0
 40
0.0
 40
0.0
 40
0.0
 40
0.0
 40
0.316398072
 40
0.7507478022
 40
1.0
 40
1.0
 40
1.0
 40
1.0
 10
235.6784488452
 20
147.6333480973
 30
0.0
 10
235.6736508459
 20
147.5649307828
 30
0.0
 10
235.6923819114
 20
147.3941943433
 30
0.0
 10
235.6888807121
 20
147.1726588962
 30
0.0
 10
235.6896510946
 20
147.0202306646
 30
0.0
 10
235.689977162
 20
146.9646171313
 30
0.0
 11
235.6784488452
 21
147.6333480973
 31
0.0
 11
235.6856452507
 21
147.4218040394
 31
0.0
 11
235.6895099191
 21
147.131255101
 31
0.0
 11
235.689977162
 21
146.9646171313
 31
0.0
  0
SPLINE
  5
1231
100
AcDbEntity
  8
0
100
AcDbSpline
 62
7
  6
CONTINUOUS
 70
0
 71
3
 72
11
 73
7
 74
5
 42
0.0000001
 43
0.0000001
 44
0.0000000001
 12
0.8714247355
 22
-0.6737536869
 32
0.0
 13
0.0
 23
-1.0901857545
 33
0.0
 40
0.0
 40
0.0
 40
0.0
 40
0.0
 40
0.1582170017
 40
0.3768380582
 40
0.6601689166
 40
1.0
 40
1.0
 40
1.0
 40
1.0
 10
232.2804387403
 20
147.650104011
 30
0.0
 10
232.3263968099
 20
147.6145709149
 30
0.0
 10
232.3917327033
 20
147.486279449
 30
0.0
 10
232.4505092154
 20
147.255420816
 30
0.0
 10
232.484264482
 20
146.9497011841
 30
0.0
 10
232.4907191745
 20
146.7234651611
 30
0.0
 10
232.4907191745
 20
146.5999721591
 30
0.0
 11
232.2804387403
 21
147.650104011
 31
0.0
 11
232.3756569075
 21
147.5062287683
 31
0.0
 11
232.4400886233
 21
147.2767655965
 31
0.0
 11
232.4781674744
 21
146.9702384805
 31
0.0
 11
232.4907191745
 21
146.5999721591
 31
0.0
  0
SPLINE
  5
1232
100
AcDbEntity
  8
RUNDUNGEN
100
AcDbSpline
 62
9
  6
CONTINUOUS
 70
0
 71
3
 72
12
 73
8
 74
6
 42
0.0000001
 43
0.0000001
 44
0.0000000001
 12
-0.8768624767
 22
0.0
 32
0.0
 13
0.0
 23
0.8768624767
 33
0.0
 40
0.0
 40
0.0
 40
0.0
 40
0.0
 40
0.1854405844
 40
0.3772604793
 40
0.5776803335
 40
0.7863777404
 40
1.0
 40
1.0
 40
1.0
 40
1.0
 10
248.137129336
 20
98.8054151538
 30
0.0
 10
248.0829273726
 20
98.8054151538
 30
0.0
 10
247.9717070453
 20
98.8259537744
 30
0.0
 10
247.8240164949
 20
98.9141325412
 30
0.0
 10
247.7080085974
 20
99.0498396068
 30
0.0
 10
247.634303554
 20
99.2188553016
 30
0.0
 10
247.6175140937
 20
99.3429760392
 30
0.0
 10
247.6175140937
 20
99.4054151538
 30
0.0
 11
248.137129336
 21
98.8054151538
 31
0.0
 11
247.9771562646
 21
98.8345577677
 31
0.0
 11
247.8320890355
 21
98.9196848924
 31
0.0
 11
247.7169396673
 21
99.0524455756
 31
0.0
 11
247.6429926863
 21
99.2198386775
 31
0.0
 11
247.6175140937
 21
99.4054151538
 31
0.0
  0
SPLINE
  5
1233
100
AcDbEntity
  8
RUNDUNGEN
100
AcDbSpline
 62
9
  6
CONTINUOUS
 70
0
 71
3
 72
12
 73
8
 74
6
 42
0.0000001
 43
0.0000001
 44
0.0000000001
 12
0.8768624767
 22
0.0
 32
0.0
 13
0.0
 23
0.8768624767
 33
0.0
 40
0.0
 40
0.0
 40
0.0
 40
0.0
 40
0.1854405844
 40
0.3772604793
 40
0.5776803335
 40
0.7863777404
 40
1.0
 40
1.0
 40
1.0
 40
1.0
 10
230.6443090129
 20
98.8054151538
 30
0.0
 10
230.6985109763
 20
98.8054151538
 30
0.0
 10
230.8097313037
 20
98.8259537744
 30
0.0
 10
230.957421854
 20
98.9141325412
 30
0.0
 10
231.0734297515
 20
99.0498396068
 30
0.0
 10
231.147134795
 20
99.2188553016
 30
0.0
 10
231.1639242552
 20
99.3429760392
 30
0.0
 10
231.1639242552
 20
99.4054151538
 30
0.0
 11
230.6443090129
 21
98.8054151538
 31
0.0
 11
230.8042820843
 21
98.8345577677
 31
0.0
 11
230.9493493134
 21
98.9196848924
 31
0.0
 11
231.0644986816
 21
99.0524455756
 31
0.0
 11
231.1384456627
 21
99.2198386775
 31
0.0
 11
231.1639242552
 21
99.4054151538
 31
0.0
  0
SPLINE
  5
1234
100
AcDbEntity
  8
RUNDUNGEN
100
AcDbSpline
 62
9
  6
CONTINUOUS
 70
0
 71
3
 72
12
 73
8
 74
6
 42
0.0000001
 43
0.0000001
 44
0.0000000001
 12
0.8768624767
 22
0.0
 32
0.0
 13
0.0
 23
0.8768624767
 33
0.0
 40
0.0
 40
0.0
 40
0.0
 40
0.0
 40
0.1854405844
 40
0.3772604793
 40
0.5776803335
 40
0.7863777404
 40
1.0
 40
1.0
 40
1.0
 40
1.0
 10
241.6443090129
 20
98.8054151538
 30
0.0
 10
241.6985109763
 20
98.8054151538
 30
0.0
 10
241.8097313037
 20
98.8259537744
 30
0.0
 10
241.957421854
 20
98.9141325412
 30
0.0
 10
242.0734297515
 20
99.0498396068
 30
0.0
 10
242.147134795
 20
99.2188553016
 30
0.0
 10
242.1639242552
 20
99.3429760392
 30
0.0
 10
242.1639242552
 20
99.4054151538
 30
0.0
 11
241.6443090129
 21
98.8054151538
 31
0.0
 11
241.8042820843
 21
98.8345577677
 31
0.0
 11
241.9493493134
 21
98.9196848924
 31
0.0
 11
242.0644986816
 21
99.0524455756
 31
0.0
 11
242.1384456627
 21
99.2198386775
 31
0.0
 11
242.1639242552
 21
99.4054151538
 31
0.0
  0
SPLINE
  5
1235
100
AcDbEntity
  8
RUNDUNGEN
100
AcDbSpline
 62
9
  6
CONTINUOUS
 70
0
 71
3
 72
12
 73
8
 74
6
 42
0.0000001
 43
0.0000001
 44
0.0000000001
 12
-0.8768609721
 22
0.0
 32
0.0
 13
-0.0
 23
0.8768609721
 33
0.0
 40
0.0
 40
0.0
 40
0.0
 40
0.0
 40
0.1861562907
 40
0.377820924
 40
0.5780775862
 40
0.7865725019
 40
1.0
 40
1.0
 40
1.0
 40
1.0
 10
237.137129336
 20
98.8054151538
 30
0.0
 10
237.082718274
 20
98.8054151538
 30
0.0
 10
236.9713247726
 20
98.8260700077
 30
0.0
 10
236.8236452498
 20
98.9144735222
 30
0.0
 10
236.7078408309
 20
99.0501427692
 30
0.0
 10
236.634272359
 20
99.2190305569
 30
0.0
 10
236.6175140937
 20
99.3430330726
 30
0.0
 10
236.6175140937
 20
99.4054151538
 30
0.0
 11
237.137129336
 21
98.8054151538
 31
0.0
 11
236.9765593956
 21
98.834781244
 31
0.0
 11
236.8317071597
 21
98.9200049571
 31
0.0
 11
236.7167517744
 21
99.0527440024
 31
0.0
 11
236.6429458738
 21
99.2200049571
 31
0.0
 11
236.6175140937
 21
99.4054151538
 31
0.0
  0
SPLINE
  5
1236
100
AcDbEntity
  8
0
100
AcDbSpline
 62
7
  6
CONTINUOUS
 70
0
 71
3
 72
16
 73
12
 74
10
 42
0.0000001
 43
0.0000001
 44
0.0000000001
 12
105.4099655676
 22
16.4722777224
 32
0.0
 13
-110.9147766314
 23
-12.8956940769
 33
0.0
 40
0.0
 40
0.0
 40
0.0
 40
0.0
 40
0.0941270453
 40
0.2230962277
 40
0.3040761536
 40
0.4420744828
 40
0.5737968417
 40
0.7210985218
 40
0.83887147
 40
0.9466790919
 40
1.0
 40
1.0
 40
1.0
 40
1.0
 10
244.0852724308
 20
167.1466627913
 30
0.0
 10
247.3925819644
 20
167.6634917349
 30
0.0
 10
254.9152568463
 20
165.466747269
 30
0.0
 10
270.7202737231
 20
166.4748530278
 30
0.0
 10
267.2461637294
 20
151.1081854996
 30
0.0
 10
267.1025742123
 20
139.0237340985
 30
0.0
 10
272.851333198
 20
123.7355587355
 30
0.0
 10
268.8687298642
 20
109.8138301949
 30
0.0
 10
274.1105620965
 20
93.7435775829
 30
0.0
 10
262.1443333466
 20
89.8053817925
 30
0.0
 10
256.0304467449
 20
88.7909949047
 30
0.0
 10
254.0590878752
 20
88.5617915319
 30
0.0
 11
244.0852724308
 21
167.1466627913
 31
0.0
 11
254.4654768118
 21
166.3325291144
 31
0.0
 11
268.3057493199
 21
162.8724609873
 31
0.0
 11
268.1022159006
 21
153.916990541
 31
0.0
 11
268.1022159006
 21
138.6519840982
 31
0.0
 11
271.1552171892
 21
124.4046447517
 31
0.0
 11
270.5446169315
 21
108.1219712128
 31
0.0
 11
270.7481503507
 21
95.0958323817
 31
0.0
 11
260.1644125504
 21
89.6004300624
 31
0.0
 11
254.0590878752
 21
88.5617915319
 31
0.0
  0
SPLINE
  5
1237
100
AcDbEntity
  8
0
100
AcDbSpline
 62
7
  6
CONTINUOUS
 70
0
 71
3
 72
15
 73
11
 74
9
 42
0.0000001
 43
0.0000001
 44
0.0000000001
 12
-108.2402699432
 22
-13.7502620151
 32
0.0
 13
105.7218002328
 23
18.8594112626
 33
0.0
 40
0.0
 40
0.0
 40
0.0
 40
0.0
 40
0.187839851
 40
0.2873003689
 40
0.425003065
 40
0.5608417748
 40
0.6823300724
 40
0.8421189908
 40
0.9436550291
 40
1.0
 40
1.0
 40
1.0
 40
1.0
 10
224.463588928
 20
88.1909719509
 30
0.0
 10
217.6863102033
 20
87.330022895
 30
0.0
 10
206.7402731292
 20
83.5908297509
 30
0.0
 10
196.2017693572
 20
97.202104398
 30
0.0
 10
200.7892437355
 20
110.3654949335
 30
0.0
 10
197.0755283802
 20
123.9048630503
 30
0.0
 10
202.1888719954
 20
138.2473570678
 30
0.0
 10
198.1984215224
 20
150.6063220387
 30
0.0
 10
199.8069489354
 20
163.5263131297
 30
0.0
 10
204.7518031412
 20
165.3990996409
 30
0.0
 10
206.7374337255
 20
165.7533106335
 30
0.0
 11
224.463588928
 21
88.1909719509
 31
0.0
 11
205.0068559375
 21
87.9721627085
 31
0.0
 11
198.6973199411
 21
96.1134994779
 31
0.0
 11
199.3079201989
 21
110.3608388244
 31
0.0
 11
198.4937865219
 21
124.4046447517
 31
0.0
 11
200.5291207143
 21
136.8201833251
 31
0.0
 11
199.1043867796
 21
153.3063902832
 31
0.0
 11
201.7503212297
 21
163.483061245
 31
0.0
 11
206.7374337255
 21
165.7533106335
 31
0.0
  0
SPLINE
  5
1238
100
AcDbEntity
  8
0
100
AcDbSpline
 62
7
  6
CONTINUOUS
 70
0
 71
3
 72
9
 73
5
 74
3
 42
0.0000001
 43
0.0000001
 44
0.0000000001
 12
-29.949582965
 22
-3.4821389122
 32
0.0
 13
-31.2193315428
 23
-3.9659360502
 33
0.0
 40
0.0
 40
0.0
 40
0.0
 40
0.0
 40
0.3565350095
 40
1.0
 40
1.0
 40
1.0
 40
1.0
 10
254.0590878752
 20
88.5617915319
 30
0.0
 10
250.4997295931
 20
88.1479567219
 30
0.0
 10
240.9906974692
 20
87.9608299002
 30
0.0
 10
231.1597712198
 20
89.0416189518
 30
0.0
 10
224.463588928
 20
88.1909719509
 30
0.0
 11
254.0590878752
 21
88.5617915319
 31
0.0
 11
243.6782055923
 21
88.1756961277
 31
0.0
 11
224.463588928
 21
88.1909719509
 31
0.0
  0
SPLINE
  5
1239
100
AcDbEntity
  8
0
100
AcDbSpline
 62
7
  6
CONTINUOUS
 70
0
 71
3
 72
11
 73
7
 74
5
 42
0.0000001
 43
0.0000001
 44
0.0000000001
 12
37.6981702121
 22
6.7248693676
 32
0.0
 13
35.1887654177
 23
5.4989024382
 33
0.0
 40
0.0
 40
0.0
 40
0.0
 40
0.0
 40
0.1911448339
 40
0.4171941523
 40
0.8636466171
 40
1.0
 40
1.0
 40
1.0
 40
1.0
 10
206.7374337255
 20
165.7533106335
 30
0.0
 10
209.1393705539
 20
166.181785313
 30
0.0
 10
215.0873524565
 20
166.1136465294
 30
0.0
 10
225.2277164315
 20
166.0677388169
 30
0.0
 10
235.5164899036
 20
164.385450624
 30
0.0
 10
242.4859033626
 20
166.8967314747
 30
0.0
 10
244.0852724308
 20
167.1466627913
 30
0.0
 11
206.7374337255
 21
165.7533106335
 31
0.0
 11
214.3693932223
 21
166.1289956951
 31
0.0
 11
222.714263411
 21
165.9254622759
 31
0.0
 11
239.2004703691
 21
165.9254622759
 31
0.0
 11
244.0852724308
 21
167.1466627913
 31
0.0
  0
SPLINE
  5
123A
100
AcDbEntity
  8
0
100
AcDbSpline
 62
7
  6
CONTINUOUS
 70
0
 71
3
 72
12
 73
8
 74
6
 42
0.0000001
 43
0.0000001
 44
0.0000000001
 12
0.0
 22
-0.3900341248
 32
0.0
 13
-0.3900341248
 23
0.0
 33
0.0
 40
0.0
 40
0.0
 40
0.0
 40
0.0
 40
0.2466509828
 40
0.4693485974
 40
0.6696992081
 40
0.8471992686
 40
1.0
 40
1.0
 40
1.0
 40
1.0
 10
219.6907191745
 20
151.9054151538
 30
0.0
 10
219.6907191745
 20
151.8733477204
 30
0.0
 10
219.6838404649
 20
151.8121463408
 30
0.0
 10
219.6562151998
 20
151.7288719896
 30
0.0
 10
219.6133697388
 20
151.6623201682
 30
0.0
 10
219.558929159
 20
151.61785689
 30
0.0
 10
219.5158758237
 20
151.6054151538
 30
0.0
 10
219.4960099905
 20
151.6054151538
 30
0.0
 11
219.6907191745
 21
151.9054151538
 31
0.0
 11
219.680042257
 21
151.809807173
 31
0.0
 11
219.6517654815
 21
151.7276790651
 31
0.0
 11
219.6084199014
 21
151.6626592295
 31
0.0
 11
219.5537478593
 21
151.6201867637
 31
0.0
 11
219.4960099905
 21
151.6054151538
 31
0.0
  0
SPLINE
  5
123B
100
AcDbEntity
  8
02___PRT_ALL_AXES
100
AcDbSpline
 62
3
  6
CONTINUOUS
 70
0
 71
3
 72
9
 73
5
 74
3
 42
0.0000001
 43
0.0000001
 44
0.0000000001
 12
-0.0169153233
 22
0.0799782715
 32
0.0
 13
-0.009495694
 23
0.0811759645
 33
0.0
 40
0.0
 40
0.0
 40
0.0
 40
0.0
 40
0.7122132226
 40
1.0
 40
1.0
 40
1.0
 40
1.0
 10
246.1803471906
 20
117.2041878108
 30
0.0
 10
246.1763314183
 20
117.223175005
 30
0.0
 10
246.1716770349
 20
117.2500420043
 30
0.0
 10
246.1681907096
 20
117.2770626014
 30
0.0
 10
246.1672797978
 20
117.2848497245
 30
0.0
 11
246.1803471906
 21
117.2041878108
 31
0.0
 11
246.1702940862
 21
117.2615229814
 31
0.0
 11
246.1672797978
 21
117.2848497245
 31
0.0
  0
SPLINE
  5
123C
100
AcDbEntity
  8
02___PRT_ALL_AXES
100
AcDbSpline
 62
3
  6
CONTINUOUS
 70
0
 71
3
 72
12
 73
8
 74
6
 42
0.0000001
 43
0.0000001
 44
0.0000000001
 12
-0.0002752845
 22
0.2221484722
 32
0.0
 13
0.0429144613
 23
0.2177753091
 33
0.0
 40
0.0
 40
0.0
 40
0.0
 40
0.0
 40
0.2793552171
 40
0.5490238724
 40
0.775161935
 40
0.9370332159
 40
1.0
 40
1.0
 40
1.0
 40
1.0
 10
246.1601616892
 20
117.4060113293
 30
0.0
 10
246.1601360552
 20
117.4266974408
 30
0.0
 10
246.1613167136
 20
117.4673476809
 30
0.0
 10
246.1666066651
 20
117.52448241
 30
0.0
 10
246.1734948928
 20
117.5726648417
 30
0.0
 10
246.1791569035
 20
117.6055503083
 30
0.0
 10
246.1822842609
 20
117.6218889267
 30
0.0
 10
246.1831849894
 20
117.626459797
 30
0.0
 11
246.1601616892
 21
117.4060113293
 31
0.0
 11
246.1620018944
 21
117.4680173928
 31
0.0
 11
246.1674389744
 21
117.5276255843
 31
0.0
 11
246.1744423239
 21
117.5773282025
 31
0.0
 11
246.1805564864
 21
117.6127330898
 31
0.0
 11
246.1831849894
 21
117.626459797
 31
0.0
  0
SPLINE
  5
123D
100
AcDbEntity
  8
RUNDUNGEN
100
AcDbSpline
 62
3
  6
CONTINUOUS
 70
0
 71
3
 72
13
 73
9
 74
7
 42
0.0000001
 43
0.0000001
 44
0.0000000001
 12
0.2426874424
 22
-0.2553422622
 32
0.0
 13
0.1658144216
 23
-0.3105952081
 33
0.0
 40
0.0
 40
0.0
 40
0.0
 40
0.0
 40
0.1820412173
 40
0.5547292991
 40
0.7158782246
 40
0.851273763
 40
0.9547785234
 40
1.0
 40
1.0
 40
1.0
 40
1.0
 10
247.5786476326
 20
117.9416452545
 30
0.0
 10
247.5933740051
 20
117.9261509824
 30
0.0
 10
247.6366180138
 20
117.8773601819
 30
0.0
 10
247.684073529
 20
117.807601245
 30
0.0
 10
247.7227473301
 20
117.7392372673
 30
0.0
 10
247.7443260888
 20
117.6975229211
 30
0.0
 10
247.7592627009
 20
117.6677224217
 30
0.0
 10
247.7670858098
 20
117.6521020956
 30
0.0
 10
247.7695852674
 20
117.6474202376
 30
0.0
 11
247.5786476326
 21
117.9416452545
 31
0.0
 11
247.6210592381
 21
117.8935614007
 31
0.0
 11
247.6958844441
 21
117.7857629255
 31
0.0
 11
247.723898595
 21
117.7364208136
 31
0.0
 11
247.7459412284
 21
117.6941505094
 31
0.0
 11
247.7623288508
 21
117.6615991426
 31
0.0
 11
247.7695852674
 21
117.6474202376
 31
0.0
  0
SPLINE
  5
123E
100
AcDbEntity
  8
RUNDUNGEN
100
AcDbSpline
 62
3
  6
CONTINUOUS
 70
0
 71
3
 72
11
 73
7
 74
5
 42
0.0000001
 43
0.0000001
 44
0.0000000001
 12
0.01090759
 22
-0.0204315473
 32
0.0
 13
0.0153226487
 23
-0.0173669609
 33
0.0
 40
0.0
 40
0.0
 40
0.0
 40
0.0
 40
0.3714481953
 40
0.7074314305
 40
0.9273218298
 40
1.0
 40
1.0
 40
1.0
 40
1.0
 10
247.7695852674
 20
117.6474202376
 30
0.0
 10
247.7709358023
 20
117.6448904838
 30
0.0
 10
247.773575082
 20
117.6401101186
 30
0.0
 10
247.7772926655
 20
117.6339899488
 30
0.0
 10
247.7800651011
 20
117.6299952271
 30
0.0
 10
247.7815125921
 20
117.6282627052
 30
0.0
 10
247.7818837995
 20
117.6278419722
 30
0.0
 11
247.7695852674
 21
117.6474202376
 31
0.0
 11
247.7737616442
 21
117.6399011914
 31
0.0
 11
247.7778396886
 21
117.6332733865
 31
0.0
 11
247.7808031273
 21
117.6291313007
 31
0.0
 11
247.7818837995
 21
117.6278419722
 31
0.0
  0
LINE
  5
123F
100
AcDbEntity
  8
RUNDUNGEN
100
AcDbLine
 62
3
  6
CONTINUOUS
 10
247.6862144772
 20
118.6824026255
 11
247.6492381457
 21
118.6350581476
  0
SPLINE
  5
1240
100
AcDbEntity
  8
RUNDUNGEN
100
AcDbSpline
 62
3
  6
CONTINUOUS
 70
0
 71
3
 72
16
 73
12
 74
10
 42
0.0000001
 43
0.0000001
 44
0.0000000001
 12
-0.4407970141
 22
-0.5653263507
 32
0.0
 13
0.4654217273
 23
-0.546600216
 33
0.0
 40
0.0
 40
0.0
 40
0.0
 40
0.0
 40
0.0802922217
 40
0.2279956936
 40
0.365475841
 40
0.4878192378
 40
0.5979001341
 40
0.7021611615
 40
0.8095479429
 40
0.9320822095
 40
1.0
 40
1.0
 40
1.0
 40
1.0
 10
247.6492381457
 20
118.6350581476
 30
0.0
 10
247.6374406218
 20
118.6199277113
 30
0.0
 10
247.6039991275
 20
118.5769178211
 30
0.0
 10
247.5509933626
 20
118.507499308
 30
0.0
 10
247.4957033976
 20
118.4272466386
 30
0.0
 10
247.4532847528
 20
118.3493667693
 30
0.0
 10
247.4282474012
 20
118.2722239239
 30
0.0
 10
247.4239759162
 20
118.1943740502
 30
0.0
 10
247.4442026407
 20
118.1159333282
 30
0.0
 10
247.4798187358
 20
118.0535815803
 30
0.0
 10
247.5079284408
 20
118.0176590515
 30
0.0
 10
247.518465246
 20
118.0052844252
 30
0.0
 11
247.6492381457
 21
118.6350581476
 31
0.0
 11
247.6139332195
 21
118.5895978463
 31
0.0
 11
247.5502267066
 21
118.5050230714
 31
0.0
 11
247.4951772085
 21
118.4232754358
 31
0.0
 11
247.4544745043
 21
118.3455882266
 31
0.0
 11
247.4312681927
 21
118.2701640213
 31
0.0
 11
247.4278079694
 21
118.1955027217
 31
0.0
 11
247.4462478214
 21
118.1207616348
 31
0.0
 11
247.488558319
 21
118.0437820663
 31
0.0
 11
247.518465246
 21
118.0052844252
 31
0.0
  0
SPLINE
  5
1241
100
AcDbEntity
  8
0
100
AcDbSpline
 62
3
  6
CONTINUOUS
 70
0
 71
3
 72
9
 73
5
 74
3
 42
0.0000001
 43
0.0000001
 44
0.0000000001
 12
0.0378050823
 22
-0.0929144287
 32
0.0
 13
0.0412891764
 23
-0.0914194685
 33
0.0
 40
0.0
 40
0.0
 40
0.0
 40
0.0
 40
0.2582219496
 40
1.0
 40
1.0
 40
1.0
 40
1.0
 10
242.2412649766
 20
131.9152492312
 30
0.0
 10
242.2445190107
 20
131.9072517162
 30
0.0
 10
242.2572484268
 20
131.8763325883
 30
0.0
 10
242.2705100395
 20
131.8456308078
 30
0.0
 10
242.2807191745
 20
131.8230264894
 30
0.0
 11
242.2412649766
 21
131.9152492312
 31
0.0
 11
242.2511285261
 21
131.8912982136
 31
0.0
 11
242.2807191745
 21
131.8230264894
 31
0.0
  0
SPLINE
  5
1242
100
AcDbEntity
  8
0
100
AcDbSpline
 62
3
  6
CONTINUOUS
 70
0
 71
3
 72
9
 73
5
 74
3
 42
0.0000001
 43
0.0000001
 44
0.0000000001
 12
0.0387139946
 22
-0.2298646414
 32
0.0
 13
0.0536809383
 23
-0.2268366893
 33
0.0
 40
0.0
 40
0.0
 40
0.0
 40
0.0
 40
0.5403434333
 40
1.0
 40
1.0
 40
1.0
 40
1.0
 10
237.1559307921
 20
131.9152492312
 30
0.0
 10
237.162903743
 20
131.8738472813
 30
0.0
 10
237.1765559676
 20
131.7973492092
 30
0.0
 10
237.1924942425
 20
131.7212760731
 30
0.0
 10
237.2007191745
 20
131.6865204152
 30
0.0
 11
237.1559307921
 21
131.9152492312
 31
0.0
 11
237.1783249833
 21
131.7913008885
 31
0.0
 11
237.2007191745
 21
131.6865204152
 31
0.0
  0
SPLINE
  5
1243
100
AcDbEntity
  8
0
100
AcDbSpline
 62
3
  6
CONTINUOUS
 70
0
 71
3
 72
9
 73
5
 74
3
 42
0.0000001
 43
0.0000001
 44
0.0000000001
 12
-0.0127435202
 22
-0.2288553881
 32
0.0
 13
-0.0178791712
 23
-0.2285115341
 33
0.0
 40
0.0
 40
0.0
 40
0.0
 40
0.0
 40
0.2808362783
 40
1.0
 40
1.0
 40
1.0
 40
1.0
 10
233.1355272232
 20
131.9152492312
 30
0.0
 10
233.1343342756
 20
131.8938255993
 30
0.0
 10
233.1299442351
 20
131.8175491234
 30
0.0
 10
233.1250051915
 20
131.7412994836
 30
0.0
 10
233.1207191745
 20
131.6865204152
 30
0.0
 11
233.1355272232
 21
131.9152492312
 31
0.0
 11
233.131825211
 21
131.8509853126
 31
0.0
 11
233.1207191745
 21
131.6865204152
 31
0.0
  0
SPLINE
  5
1244
100
AcDbEntity
  8
0
100
AcDbSpline
 62
3
  6
CONTINUOUS
 70
0
 71
3
 72
9
 73
5
 74
3
 42
0.0000001
 43
0.0000001
 44
0.0000000001
 12
-0.0655926479
 22
-0.2317649182
 32
0.0
 13
-0.0890055891
 23
-0.2238199675
 33
0.0
 40
0.0
 40
0.0
 40
0.0
 40
0.0
 40
0.5377838902
 40
1.0
 40
1.0
 40
1.0
 40
1.0
 10
228.1159813952
 20
131.9152492312
 30
0.0
 10
228.1042231721
 20
131.8737027514
 30
0.0
 10
228.0811457159
 20
131.7967837838
 30
0.0
 10
228.0544324468
 20
131.7210048134
 30
0.0
 10
228.0407191745
 20
131.6865204152
 30
0.0
 11
228.1159813952
 21
131.9152492312
 31
0.0
 11
228.0783502848
 21
131.7913008885
 31
0.0
 11
228.0407191745
 21
131.6865204152
 31
0.0
  0
SPLINE
  5
1245
100
AcDbEntity
  8
0
100
AcDbSpline
 62
3
  6
CONTINUOUS
 70
0
 71
3
 72
12
 73
8
 74
6
 42
0.0000001
 43
0.0000001
 44
0.0000000001
 12
0.0
 22
-0.4745342182
 32
0.0
 13
-0.4712964652
 23
-0.0682508406
 33
0.0
 40
0.0
 40
0.0
 40
0.0
 40
0.0
 40
0.1845169169
 40
0.389706785
 40
0.6177848563
 40
0.868373997
 40
1.0
 40
1.0
 40
1.0
 40
1.0
 10
219.6907191745
 20
151.9054151538
 30
0.0
 10
219.6907191745
 20
151.8762286235
 30
0.0
 10
219.6775368969
 20
151.8141771304
 30
0.0
 10
219.6233907804
 20
151.7305867936
 30
0.0
 10
219.5369983249
 20
151.662603379
 30
0.0
 10
219.4467241271
 20
151.6258344304
 30
0.0
 10
219.3871653647
 20
151.6131813497
 30
0.0
 10
219.3664870747
 20
151.6101868212
 30
0.0
 11
219.6907191745
 21
151.9054151538
 31
0.0
 11
219.6735342806
 21
151.819558521
 31
0.0
 11
219.621637554
 21
151.7371718023
 31
0.0
 11
219.5374960532
 21
151.6690973976
 31
0.0
 11
219.4278283055
 21
151.6231265843
 31
0.0
 11
219.3664870747
 21
151.6101868212
 31
0.0
  0
SPLINE
  5
1246
100
AcDbEntity
  8
0
100
AcDbSpline
 62
7
  6
CONTINUOUS
 70
0
 71
3
 72
20
 73
16
 74
14
 42
0.0000001
 43
0.0000001
 44
0.0000000001
 12
-3.0791837109
 22
3.8103760242
 32
0.0
 13
4.8782479237
 23
-0.5216700902
 33
0.0
 40
0.0
 40
0.0
 40
0.0
 40
0.0
 40
0.073806393
 40
0.1493334641
 40
0.2265253773
 40
0.3052891191
 40
0.3855499303
 40
0.4672682811
 40
0.5503930436
 40
0.634875414
 40
0.7206848408
 40
0.8077930164
 40
0.8961707611
 40
0.9858210626
 40
1.0
 40
1.0
 40
1.0
 40
1.0
 10
210.2660394496
 20
199.3291472686
 30
0.0
 10
210.1902849686
 20
199.4228906387
 30
0.0
 10
210.0561561032
 20
199.6289014625
 30
0.0
 10
209.91947312
 20
199.975175439
 30
0.0
 10
209.8525046363
 20
200.3497660294
 30
0.0
 10
209.8605286209
 20
200.7379168992
 30
0.0
 10
209.9456205538
 20
201.1243048305
 30
0.0
 10
210.1067266527
 20
201.493456974
 30
0.0
 10
210.3397078193
 20
201.8304404297
 30
0.0
 10
210.6375619026
 20
202.1213841525
 30
0.0
 10
210.9906897654
 20
202.354050147
 30
0.0
 10
211.3872867862
 20
202.5182826244
 30
0.0
 10
211.8138225188
 20
202.6063786336
 30
0.0
 10
212.1295029343
 20
202.6113417763
 30
0.0
 10
212.2986028012
 20
202.5957614723
 30
0.0
 10
212.3216589251
 20
202.5932958965
 30
0.0
 11
210.2660394496
 21
199.3291472686
 31
0.0
 11
210.0684550898
 21
199.6319664692
 31
0.0
 11
209.9322094015
 21
199.9759768795
 31
0.0
 11
209.8653105748
 21
200.3481767649
 31
0.0
 11
209.8729413092
 21
200.7339659766
 31
0.0
 11
209.957188941
 21
201.1180332364
 31
0.0
 11
210.1170296774
 21
201.4850789111
 31
0.0
 11
210.3483708079
 21
201.8202162595
 31
0.0
 11
210.6442399299
 21
202.109626652
 31
0.0
 11
210.99512113
 21
202.3411499901
 31
0.0
 11
211.3892915663
 21
202.5046744601
 31
0.0
 11
211.8132519118
 21
202.5925111366
 31
0.0
 11
212.2523915411
 21
202.5996762195
 31
0.0
 11
212.3216589251
 21
202.5932958965
 31
0.0
  0
SPLINE
  5
1247
100
AcDbEntity
  8
0
100
AcDbSpline
 62
7
  6
CONTINUOUS
 70
0
 71
3
 72
14
 73
10
 74
8
 42
0.0000001
 43
0.0000001
 44
0.0000000001
 12
-2.263874004
 22
1.705759267
 32
0.0
 13
-2.3099539631
 23
-1.6432924343
 33
0.0
 40
0.0
 40
0.0
 40
0.0
 40
0.0
 40
0.0831202682
 40
0.241882584
 40
0.398242391
 40
0.552216216
 40
0.7038250261
 40
0.8530841903
 40
1.0
 40
1.0
 40
1.0
 40
1.0
 10
213.4765540373
 20
201.9946513488
 30
0.0
 10
213.4138294325
 20
202.0419124047
 30
0.0
 10
213.2245546385
 20
202.1704854009
 30
0.0
 10
212.884518053
 20
202.335625186
 30
0.0
 10
212.454182552
 20
202.4500972684
 30
0.0
 10
212.0166223456
 20
202.4793788688
 30
0.0
 10
211.5882931896
 20
202.4245310565
 30
0.0
 10
211.1850672711
 20
202.2897513566
 30
0.0
 10
210.9408538369
 20
202.1502929663
 30
0.0
 10
210.8277309179
 20
202.0698177535
 30
0.0
 11
213.4765540373
 21
201.9946513488
 31
0.0
 11
213.2817074576
 21
202.1269392962
 31
0.0
 11
212.8773852527
 21
202.3229722027
 31
0.0
 11
212.449642422
 21
202.4364485919
 31
0.0
 11
212.0148094739
 21
202.4652555319
 31
0.0
 11
211.5892293907
 21
202.4104653326
 31
0.0
 11
211.1886688944
 21
202.276268238
 31
0.0
 11
210.8277309179
 21
202.0698177535
 31
0.0
  0
SPLINE
  5
1248
100
AcDbEntity
  8
BEZUGSACHSEN
100
AcDbSpline
 62
7
  6
CONTINUOUS
 70
0
 71
3
 72
25
 73
21
 74
19
 42
0.0000001
 43
0.0000001
 44
0.0000000001
 12
4.8658116556
 22
2.3656580322
 32
0.0
 13
-5.3848484501
 23
-0.5940677992
 33
0.0
 40
0.0
 40
0.0
 40
0.0
 40
0.0
 40
0.0594564625
 40
0.1188688518
 40
0.1781928253
 40
0.2373837128
 40
0.296396524
 40
0.3551859565
 40
0.4137064063
 40
0.4719119784
 40
0.5297564571
 40
0.5871930956
 40
0.6441742448
 40
0.7006513106
 40
0.7565747827
 40
0.8118942683
 40
0.8665585298
 40
0.9205155306
 40
0.9737126123
 40
1.0
 40
1.0
 40
1.0
 40
1.0
 10
212.7554408674
 20
198.3595538419
 30
0.0
 10
212.8518755168
 20
198.4064383946
 30
0.0
 10
213.0375698574
 20
198.515671633
 30
0.0
 10
213.2863305521
 20
198.7211513544
 30
0.0
 10
213.4992635308
 20
198.9630307333
 30
0.0
 10
213.6708929008
 20
199.2348972225
 30
0.0
 10
213.7970035033
 20
199.5295948996
 30
0.0
 10
213.8746078274
 20
199.8393554346
 30
0.0
 10
213.9020690815
 20
200.156040994
 30
0.0
 10
213.8791346337
 20
200.4713726447
 30
0.0
 10
213.806936259
 20
200.7771703496
 30
0.0
 10
213.6879292514
 20
201.0655734708
 30
0.0
 10
213.5258496734
 20
201.3292642784
 30
0.0
 10
213.3255998572
 20
201.5616793033
 30
0.0
 10
213.0931036081
 20
201.757198601
 30
0.0
 10
212.8351250463
 20
201.9113075758
 30
0.0
 10
212.5590762634
 20
202.0207259932
 30
0.0
 10
212.2727509261
 20
202.0834988143
 30
0.0
 10
212.0314340365
 20
202.0965047597
 30
0.0
 10
211.8880664417
 20
202.0865974843
 30
0.0
 10
211.8408819086
 20
202.0813919874
 30
0.0
 11
212.7554408674
 21
198.3595538419
 31
0.0
 11
213.0326972749
 21
198.5226768336
 31
0.0
 11
213.2805297862
 21
198.7273861787
 31
0.0
 11
213.4925938772
 21
198.9683185004
 31
0.0
 11
213.6635288347
 21
199.2391304239
 31
0.0
 11
213.7891101672
 21
199.5326794356
 31
0.0
 11
213.8663688106
 21
199.8412284669
 31
0.0
 11
213.8936734519
 21
200.1566681388
 31
0.0
 11
213.8707733847
 21
200.4707500143
 31
0.0
 11
213.7987938652
 21
200.7753220524
 31
0.0
 11
213.6801881773
 21
201.062552947
 31
0.0
 11
213.5186802402
 21
201.3251524826
 31
0.0
 11
213.3191570148
 21
201.5565820612
 31
0.0
 11
213.0875224597
 21
201.7512436761
 31
0.0
 11
212.8305202925
 21
201.9046412077
 31
0.0
 11
212.5555307154
 21
202.0135088262
 31
0.0
 11
212.2703470763
 21
202.075901964
 31
0.0
 11
211.9829373169
 21
202.0912196329
 31
0.0
 11
211.8408819086
 21
202.0813919874
 31
0.0
  0
SPLINE
  5
1249
100
AcDbEntity
  8
0
100
AcDbSpline
 62
7
  6
CONTINUOUS
 70
0
 71
3
 72
13
 73
9
 74
7
 42
0.0000001
 43
0.0000001
 44
0.0000000001
 12
-1.9264466307
 22
-1.3704667816
 32
0.0
 13
0.5859535019
 23
-2.2864834232
 33
0.0
 40
0.0
 40
0.0
 40
0.0
 40
0.0
 40
0.1733639283
 40
0.3439488287
 40
0.5118250768
 40
0.6770791156
 40
0.8397504171
 40
1.0
 40
1.0
 40
1.0
 40
1.0
 10
210.8277309179
 20
202.0698177535
 30
0.0
 10
210.7164054661
 20
201.9906212519
 30
0.0
 10
210.5109444656
 20
201.8117900807
 30
0.0
 10
210.2636428568
 20
201.4905980391
 30
0.0
 10
210.0877381064
 20
201.1325063225
 30
0.0
 10
209.9883047662
 20
200.7525404232
 30
0.0
 10
209.967252359
 20
200.3665214747
 30
0.0
 10
210.0051474865
 20
200.1131982196
 30
0.0
 10
210.0364470879
 20
199.9910622147
 30
0.0
 11
210.8277309179
 21
202.0698177535
 31
0.0
 11
210.5192619805
 21
201.8009421968
 31
0.0
 11
210.2738514303
 21
201.4817314889
 31
0.0
 11
210.0993991968
 21
201.1259498593
 31
0.0
 11
210.0008968814
 21
200.7485314403
 31
0.0
 11
209.9802982155
 21
200.3651198611
 31
0.0
 11
210.0364470879
 21
199.9910622147
 31
0.0
  0
SPLINE
  5
124A
100
AcDbEntity
  8
0
100
AcDbSpline
 62
7
  6
CONTINUOUS
 70
0
 71
3
 72
20
 73
16
 74
14
 42
0.0000001
 43
0.0000001
 44
0.0000000001
 12
-3.0791837109
 22
3.8103760242
 32
0.0
 13
4.8782479237
 23
-0.5216700902
 33
0.0
 40
0.0
 40
0.0
 40
0.0
 40
0.0
 40
0.073806393
 40
0.1493334641
 40
0.2265253773
 40
0.3052891191
 40
0.3855499303
 40
0.4672682811
 40
0.5503930436
 40
0.634875414
 40
0.7206848408
 40
0.8077930164
 40
0.8961707611
 40
0.9858210626
 40
1.0
 40
1.0
 40
1.0
 40
1.0
 10
248.2660394496
 20
247.3291472686
 30
0.0
 10
248.1902849686
 20
247.4228906387
 30
0.0
 10
248.0561561032
 20
247.6289014625
 30
0.0
 10
247.91947312
 20
247.975175439
 30
0.0
 10
247.8525046363
 20
248.3497660294
 30
0.0
 10
247.8605286209
 20
248.7379168992
 30
0.0
 10
247.9456205538
 20
249.1243048305
 30
0.0
 10
248.1067266527
 20
249.493456974
 30
0.0
 10
248.3397078193
 20
249.8304404297
 30
0.0
 10
248.6375619026
 20
250.1213841525
 30
0.0
 10
248.9906897654
 20
250.354050147
 30
0.0
 10
249.3872867862
 20
250.5182826244
 30
0.0
 10
249.8138225188
 20
250.6063786336
 30
0.0
 10
250.1295029343
 20
250.6113417763
 30
0.0
 10
250.2986028012
 20
250.5957614723
 30
0.0
 10
250.3216589251
 20
250.5932958965
 30
0.0
 11
248.2660394496
 21
247.3291472686
 31
0.0
 11
248.0684550898
 21
247.6319664692
 31
0.0
 11
247.9322094015
 21
247.9759768795
 31
0.0
 11
247.8653105748
 21
248.3481767649
 31
0.0
 11
247.8729413092
 21
248.7339659766
 31
0.0
 11
247.957188941
 21
249.1180332364
 31
0.0
 11
248.1170296774
 21
249.4850789111
 31
0.0
 11
248.3483708079
 21
249.8202162595
 31
0.0
 11
248.6442399299
 21
250.109626652
 31
0.0
 11
248.99512113
 21
250.3411499901
 31
0.0
 11
249.3892915663
 21
250.5046744601
 31
0.0
 11
249.8132519118
 21
250.5925111366
 31
0.0
 11
250.2523915411
 21
250.5996762195
 31
0.0
 11
250.3216589251
 21
250.5932958965
 31
0.0
  0
SPLINE
  5
124B
100
AcDbEntity
  8
0
100
AcDbSpline
 62
7
  6
CONTINUOUS
 70
0
 71
3
 72
14
 73
10
 74
8
 42
0.0000001
 43
0.0000001
 44
0.0000000001
 12
-2.263874004
 22
1.705759267
 32
0.0
 13
-2.3099539631
 23
-1.6432924343
 33
0.0
 40
0.0
 40
0.0
 40
0.0
 40
0.0
 40
0.0831202682
 40
0.241882584
 40
0.398242391
 40
0.552216216
 40
0.7038250261
 40
0.8530841903
 40
1.0
 40
1.0
 40
1.0
 40
1.0
 10
251.4765540373
 20
249.9946513488
 30
0.0
 10
251.4138294325
 20
250.0419124047
 30
0.0
 10
251.2245546385
 20
250.1704854009
 30
0.0
 10
250.884518053
 20
250.335625186
 30
0.0
 10
250.454182552
 20
250.4500972684
 30
0.0
 10
250.0166223456
 20
250.4793788688
 30
0.0
 10
249.5882931896
 20
250.4245310565
 30
0.0
 10
249.1850672711
 20
250.2897513566
 30
0.0
 10
248.9408538369
 20
250.1502929663
 30
0.0
 10
248.8277309179
 20
250.0698177535
 30
0.0
 11
251.4765540373
 21
249.9946513488
 31
0.0
 11
251.2817074576
 21
250.1269392962
 31
0.0
 11
250.8773852527
 21
250.3229722027
 31
0.0
 11
250.449642422
 21
250.4364485919
 31
0.0
 11
250.0148094739
 21
250.4652555319
 31
0.0
 11
249.5892293907
 21
250.4104653326
 31
0.0
 11
249.1886688944
 21
250.276268238
 31
0.0
 11
248.8277309179
 21
250.0698177535
 31
0.0
  0
SPLINE
  5
124C
100
AcDbEntity
  8
BEZUGSACHSEN
100
AcDbSpline
 62
7
  6
CONTINUOUS
 70
0
 71
3
 72
25
 73
21
 74
19
 42
0.0000001
 43
0.0000001
 44
0.0000000001
 12
4.8658116556
 22
2.3656580322
 32
0.0
 13
-5.3848484501
 23
-0.5940677992
 33
0.0
 40
0.0
 40
0.0
 40
0.0
 40
0.0
 40
0.0594564625
 40
0.1188688518
 40
0.1781928253
 40
0.2373837128
 40
0.296396524
 40
0.3551859565
 40
0.4137064063
 40
0.4719119784
 40
0.5297564571
 40
0.5871930956
 40
0.6441742448
 40
0.7006513106
 40
0.7565747827
 40
0.8118942683
 40
0.8665585298
 40
0.9205155306
 40
0.9737126123
 40
1.0
 40
1.0
 40
1.0
 40
1.0
 10
250.7554408674
 20
246.3595538419
 30
0.0
 10
250.8518755168
 20
246.4064383946
 30
0.0
 10
251.0375698574
 20
246.515671633
 30
0.0
 10
251.2863305521
 20
246.7211513544
 30
0.0
 10
251.4992635308
 20
246.9630307333
 30
0.0
 10
251.6708929008
 20
247.2348972225
 30
0.0
 10
251.7970035033
 20
247.5295948996
 30
0.0
 10
251.8746078274
 20
247.8393554346
 30
0.0
 10
251.9020690815
 20
248.156040994
 30
0.0
 10
251.8791346337
 20
248.4713726447
 30
0.0
 10
251.806936259
 20
248.7771703496
 30
0.0
 10
251.6879292514
 20
249.0655734708
 30
0.0
 10
251.5258496734
 20
249.3292642784
 30
0.0
 10
251.3255998572
 20
249.5616793033
 30
0.0
 10
251.0931036081
 20
249.757198601
 30
0.0
 10
250.8351250463
 20
249.9113075758
 30
0.0
 10
250.5590762634
 20
250.0207259932
 30
0.0
 10
250.2727509261
 20
250.0834988143
 30
0.0
 10
250.0314340365
 20
250.0965047597
 30
0.0
 10
249.8880664417
 20
250.0865974843
 30
0.0
 10
249.8408819086
 20
250.0813919874
 30
0.0
 11
250.7554408674
 21
246.3595538419
 31
0.0
 11
251.0326972749
 21
246.5226768336
 31
0.0
 11
251.2805297862
 21
246.7273861787
 31
0.0
 11
251.4925938772
 21
246.9683185004
 31
0.0
 11
251.6635288347
 21
247.2391304239
 31
0.0
 11
251.7891101672
 21
247.5326794356
 31
0.0
 11
251.8663688106
 21
247.8412284669
 31
0.0
 11
251.8936734519
 21
248.1566681388
 31
0.0
 11
251.8707733847
 21
248.4707500143
 31
0.0
 11
251.7987938652
 21
248.7753220524
 31
0.0
 11
251.6801881773
 21
249.062552947
 31
0.0
 11
251.5186802402
 21
249.3251524826
 31
0.0
 11
251.3191570148
 21
249.5565820612
 31
0.0
 11
251.0875224597
 21
249.7512436761
 31
0.0
 11
250.8305202925
 21
249.9046412077
 31
0.0
 11
250.5555307154
 21
250.0135088262
 31
0.0
 11
250.2703470763
 21
250.075901964
 31
0.0
 11
249.9829373169
 21
250.0912196329
 31
0.0
 11
249.8408819086
 21
250.0813919874
 31
0.0
  0
SPLINE
  5
124D
100
AcDbEntity
  8
0
100
AcDbSpline
 62
7
  6
CONTINUOUS
 70
0
 71
3
 72
13
 73
9
 74
7
 42
0.0000001
 43
0.0000001
 44
0.0000000001
 12
-1.9264466307
 22
-1.3704667816
 32
0.0
 13
0.5859535019
 23
-2.2864834232
 33
0.0
 40
0.0
 40
0.0
 40
0.0
 40
0.0
 40
0.1733639283
 40
0.3439488287
 40
0.5118250768
 40
0.6770791156
 40
0.8397504171
 40
1.0
 40
1.0
 40
1.0
 40
1.0
 10
248.8277309179
 20
250.0698177535
 30
0.0
 10
248.7164054661
 20
249.9906212519
 30
0.0
 10
248.5109444656
 20
249.8117900807
 30
0.0
 10
248.2636428568
 20
249.4905980391
 30
0.0
 10
248.0877381064
 20
249.1325063225
 30
0.0
 10
247.9883047662
 20
248.7525404232
 30
0.0
 10
247.967252359
 20
248.3665214747
 30
0.0
 10
248.0051474865
 20
248.1131982196
 30
0.0
 10
248.0364470879
 20
247.9910622147
 30
0.0
 11
248.8277309179
 21
250.0698177535
 31
0.0
 11
248.5192619805
 21
249.8009421968
 31
0.0
 11
248.2738514303
 21
249.4817314889
 31
0.0
 11
248.0993991968
 21
249.1259498593
 31
0.0
 11
248.0008968814
 21
248.7485314403
 31
0.0
 11
247.9802982155
 21
248.3651198611
 31
0.0
 11
248.0364470879
 21
247.9910622147
 31
0.0
  0
SPLINE
  5
124E
100
AcDbEntity
  8
RUNDUNGEN
100
AcDbSpline
 62
7
  6
CONTINUOUS
 70
0
 71
3
 72
11
 73
7
 74
5
 42
0.0000001
 43
0.0000001
 44
0.0000000001
 12
0.0
 22
0.4169431601
 32
0.0
 13
0.4016243431
 23
0.1119798452
 33
0.0
 40
0.0
 40
0.0
 40
0.0
 40
0.0
 40
0.2254097489
 40
0.4639069601
 40
0.7224174273
 40
1.0
 40
1.0
 40
1.0
 40
1.0
 10
227.838591002
 20
243.1964727616
 30
0.0
 10
227.838591002
 20
243.227800446
 30
0.0
 10
227.8520715152
 20
243.2928871581
 30
0.0
 10
227.908767643
 20
243.3781716018
 30
0.0
 10
227.9948251518
 20
243.4453706617
 30
0.0
 10
228.0646216385
 20
243.4740500679
 30
0.0
 10
228.1017829446
 20
243.4844112858
 30
0.0
 11
227.838591002
 21
243.1964727616
 31
0.0
 11
227.8571042217
 21
243.2886143643
 31
0.0
 11
227.9109301843
 21
243.3722267783
 31
0.0
 11
227.9950864304
 21
243.4395703287
 31
0.0
 11
228.1017829446
 21
243.4844112858
 31
0.0
  0
SPLINE
  5
124F
100
AcDbEntity
  8
RUNDUNGEN
100
AcDbSpline
 62
7
  6
CONTINUOUS
 70
0
 71
3
 72
10
 73
6
 74
4
 42
0.0000001
 43
0.0000001
 44
0.0000000001
 12
0.1333412129
 22
0.037177847
 32
0.0
 13
0.1384271337
 23
0.0
 33
0.0
 40
0.0
 40
0.0
 40
0.0
 40
0.0
 40
0.3302718146
 40
0.6642033833
 40
1.0
 40
1.0
 40
1.0
 40
1.0
 10
228.9723137369
 20
243.7271303965
 30
0.0
 10
228.9869933517
 20
243.7312233282
 30
0.0
 10
229.0169209444
 20
243.7380672614
 30
0.0
 10
229.0627058785
 20
243.744234053
 30
0.0
 10
229.0936273399
 20
243.7456096496
 30
0.0
 10
229.1091217942
 20
243.7456096496
 30
0.0
 11
228.9723137369
 21
243.7271303965
 31
0.0
 11
229.0168754458
 21
243.7373501187
 31
0.0
 11
229.0626846288
 21
243.7435377622
 31
0.0
 11
229.1091217942
 21
243.7456096496
 31
0.0
  0
SPLINE
  5
1250
100
AcDbEntity
  8
RUNDUNGEN
100
AcDbSpline
 62
7
  6
CONTINUOUS
 70
0
 71
3
 72
10
 73
6
 74
4
 42
0.0000001
 43
0.0000001
 44
0.0000000001
 12
0.1384271337
 22
0.0
 32
0.0
 13
0.1333412129
 23
-0.037177847
 33
0.0
 40
0.0
 40
0.0
 40
0.0
 40
0.0
 40
0.3357966167
 40
0.6697281854
 40
1.0
 40
1.0
 40
1.0
 40
1.0
 10
232.5680602097
 20
243.7456096496
 30
0.0
 10
232.5835546641
 20
243.7456096496
 30
0.0
 10
232.6144761254
 20
243.744234053
 30
0.0
 10
232.6602610595
 20
243.7380672614
 30
0.0
 10
232.6901886522
 20
243.7312233282
 30
0.0
 10
232.704868267
 20
243.7271303965
 30
0.0
 11
232.5680602097
 21
243.7456096496
 31
0.0
 11
232.6144973751
 21
243.7435377622
 31
0.0
 11
232.6603065582
 21
243.7373501187
 31
0.0
 11
232.704868267
 21
243.7271303965
 31
0.0
  0
SPLINE
  5
1251
100
AcDbEntity
  8
RUNDUNGEN
100
AcDbSpline
 62
7
  6
CONTINUOUS
 70
0
 71
3
 72
11
 73
7
 74
5
 42
0.0000001
 43
0.0000001
 44
0.0000000001
 12
0.4016243431
 22
-0.1119798452
 32
0.0
 13
0.0
 23
-0.4169431601
 33
0.0
 40
0.0
 40
0.0
 40
0.0
 40
0.0
 40
0.2775825727
 40
0.5360930399
 40
0.7745902511
 40
1.0
 40
1.0
 40
1.0
 40
1.0
 10
233.5753990593
 20
243.4844112858
 30
0.0
 10
233.6125603654
 20
243.4740500679
 30
0.0
 10
233.6823568521
 20
243.4453706617
 30
0.0
 10
233.7684143609
 20
243.3781716018
 30
0.0
 10
233.8251104888
 20
243.2928871581
 30
0.0
 10
233.838591002
 20
243.227800446
 30
0.0
 10
233.838591002
 20
243.1964727616
 30
0.0
 11
233.5753990593
 21
243.4844112858
 31
0.0
 11
233.6820955736
 21
243.4395703287
 31
0.0
 11
233.7662518197
 21
243.3722267783
 31
0.0
 11
233.8200777823
 21
243.2886143643
 31
0.0
 11
233.838591002
 21
243.1964727616
 31
0.0
  0
SPLINE
  5
1252
100
AcDbEntity
  8
4171
100
AcDbSpline
 62
7
  6
CONTINUOUS
 70
0
 71
3
 72
11
 73
7
 74
5
 42
0.0000001
 43
0.0000001
 44
0.0000000001
 12
-0.7619848934
 22
0.5300191131
 32
0.0
 13
-0.9281924575
 23
0.0
 33
0.0
 40
0.0
 40
0.0
 40
0.0
 40
0.0
 40
0.2295184315
 40
0.4759298339
 40
0.7347110449
 40
1.0
 40
1.0
 40
1.0
 40
1.0
 10
230.1199024774
 20
243.4977676073
 30
0.0
 10
230.0616059515
 20
243.5383173258
 30
0.0
 10
229.9321194089
 20
243.6103724799
 30
0.0
 10
229.7173907173
 20
243.6874262393
 30
0.0
 10
229.4830254377
 20
243.7349546343
 30
0.0
 10
229.3206707377
 20
243.7456096496
 30
0.0
 10
229.238591002
 20
243.7456096496
 30
0.0
 11
230.1199024774
 21
243.4977676073
 31
0.0
 11
229.9344805079
 21
243.6026655321
 31
0.0
 11
229.7195736028
 21
243.6809380181
 31
0.0
 11
229.4842873977
 21
243.7292686491
 31
0.0
 11
229.238591002
 21
243.7456096496
 31
0.0
  0
SPLINE
  5
1253
100
AcDbEntity
  8
4171
100
AcDbSpline
 62
7
  6
CONTINUOUS
 70
0
 71
3
 72
14
 73
10
 74
8
 42
0.0000001
 43
0.0000001
 44
0.0000000001
 12
1.2423974942
 22
-0.8641830352
 32
0.0
 13
1.2423974942
 23
0.8641830352
 33
0.0
 40
0.0
 40
0.0
 40
0.0
 40
0.0
 40
0.1318725029
 40
0.2744080881
 40
0.4239854977
 40
0.5760145023
 40
0.7255919119
 40
0.8681274971
 40
1.0
 40
1.0
 40
1.0
 40
1.0
 10
230.1199024774
 20
243.4977676073
 30
0.0
 10
230.1745151664
 20
243.4597802807
 30
0.0
 10
230.2974315918
 20
243.3937020228
 30
0.0
 10
230.5019453008
 20
243.3279640183
 30
0.0
 10
230.724368555
 20
243.294193134
 30
0.0
 10
230.9528134489
 20
243.294193134
 30
0.0
 10
231.1752367032
 20
243.3279640183
 30
0.0
 10
231.3797504121
 20
243.3937020228
 30
0.0
 10
231.5026668375
 20
243.4597802807
 30
0.0
 10
231.5572795266
 20
243.4977676073
 30
0.0
 11
230.1199024774
 21
243.4977676073
 31
0.0
 11
230.2948370375
 21
243.4017043741
 31
0.0
 11
230.4998306135
 21
243.3345510719
 31
0.0
 11
230.7235510487
 21
243.3000199717
 31
0.0
 11
230.9536309552
 21
243.3000199717
 31
0.0
 11
231.1773513904
 21
243.3345510719
 31
0.0
 11
231.3823449664
 21
243.4017043741
 31
0.0
 11
231.5572795266
 21
243.4977676073
 31
0.0
  0
SPLINE
  5
1254
100
AcDbEntity
  8
4171
100
AcDbSpline
 62
7
  6
CONTINUOUS
 70
0
 71
3
 72
11
 73
7
 74
5
 42
0.0000001
 43
0.0000001
 44
0.0000000001
 12
-0.9281924575
 22
0.0
 32
0.0
 13
-0.7619848934
 23
-0.5300191131
 33
0.0
 40
0.0
 40
0.0
 40
0.0
 40
0.0
 40
0.2652889551
 40
0.5240701661
 40
0.7704815685
 40
1.0
 40
1.0
 40
1.0
 40
1.0
 10
232.438591002
 20
243.7456096496
 30
0.0
 10
232.3565112662
 20
243.7456096496
 30
0.0
 10
232.1941565663
 20
243.7349546343
 30
0.0
 10
231.9597912866
 20
243.6874262393
 30
0.0
 10
231.745062595
 20
243.6103724799
 30
0.0
 10
231.6155760524
 20
243.5383173258
 30
0.0
 10
231.5572795266
 20
243.4977676073
 30
0.0
 11
232.438591002
 21
243.7456096496
 31
0.0
 11
232.1928946062
 21
243.7292686491
 31
0.0
 11
231.9576084011
 21
243.6809380181
 31
0.0
 11
231.742701496
 21
243.6026655321
 31
0.0
 11
231.5572795266
 21
243.4977676073
 31
0.0
  0
SPLINE
  5
1255
100
AcDbEntity
  8
RUNDUNGEN
100
AcDbSpline
 62
7
  6
CONTINUOUS
 70
0
 71
3
 72
11
 73
7
 74
5
 42
0.0000001
 43
0.0000001
 44
0.0000000001
 12
0.0
 22
0.4169431601
 32
0.0
 13
-0.4016243431
 23
0.1119798452
 33
0.0
 40
0.0
 40
0.0
 40
0.0
 40
0.0
 40
0.2254097489
 40
0.4639069601
 40
0.7224174273
 40
1.0
 40
1.0
 40
1.0
 40
1.0
 10
233.838591002
 20
242.6822426739
 30
0.0
 10
233.838591002
 20
242.7135703582
 30
0.0
 10
233.8251104888
 20
242.7786570703
 30
0.0
 10
233.7684143609
 20
242.8639415141
 30
0.0
 10
233.6823568521
 20
242.9311405739
 30
0.0
 10
233.6125603654
 20
242.9598199802
 30
0.0
 10
233.5753990593
 20
242.970181198
 30
0.0
 11
233.838591002
 21
242.6822426739
 31
0.0
 11
233.8200777823
 21
242.7743842766
 31
0.0
 11
233.7662518197
 21
242.8579966906
 31
0.0
 11
233.6820955736
 21
242.925340241
 31
0.0
 11
233.5753990593
 21
242.970181198
 31
0.0
  0
SPLINE
  5
1256
100
AcDbEntity
  8
4171
100
AcDbSpline
 62
7
  6
CONTINUOUS
 70
0
 71
3
 72
10
 73
6
 74
4
 42
0.0000001
 43
0.0000001
 44
0.0000000001
 12
0.2538064587
 22
0.1765419174
 32
0.0
 13
0.3091678623
 23
0.0
 33
0.0
 40
0.0
 40
0.0
 40
0.0
 40
0.0
 40
0.3098937063
 40
0.647362076
 40
1.0
 40
1.0
 40
1.0
 40
1.0
 10
232.1448205102
 20
243.1487655478
 30
0.0
 10
232.1710381849
 20
243.1670019575
 30
0.0
 10
232.2310426803
 20
243.1977750339
 30
0.0
 10
232.3309467521
 20
243.2251772643
 30
0.0
 10
232.4022495643
 20
243.2313795619
 30
0.0
 10
232.438591002
 20
243.2313795619
 30
0.0
 11
232.1448205102
 21
243.1487655478
 31
0.0
 11
232.2295568323
 21
243.1934774441
 31
0.0
 11
232.3299952122
 21
243.221722683
 31
0.0
 11
232.438591002
 21
243.2313795619
 31
0.0
  0
SPLINE
  5
1257
100
AcDbEntity
  8
4171
100
AcDbSpline
 62
7
  6
CONTINUOUS
 70
0
 71
3
 72
14
 73
10
 74
8
 42
0.0000001
 43
0.0000001
 44
0.0000000001
 12
2.2627669459
 22
-1.5639088532
 32
0.0
 13
2.2627669459
 23
1.5639088532
 33
0.0
 40
0.0
 40
0.0
 40
0.0
 40
0.0
 40
0.1318725029
 40
0.2744080881
 40
0.4239854977
 40
0.5760145023
 40
0.7255919119
 40
0.8681274971
 40
1.0
 40
1.0
 40
1.0
 40
1.0
 10
229.5323614938
 20
243.1487655478
 30
0.0
 10
229.631827074
 20
243.0800200228
 30
0.0
 10
229.8549202619
 20
242.9594753996
 30
0.0
 10
230.2267620601
 20
242.8401871573
 30
0.0
 10
230.6309789754
 20
242.7787563175
 30
0.0
 10
231.0462030285
 20
242.7787563175
 30
0.0
 10
231.4504199439
 20
242.8401871573
 30
0.0
 10
231.822261742
 20
242.9594753996
 30
0.0
 10
232.04535493
 20
243.0800200228
 30
0.0
 10
232.1448205102
 20
243.1487655478
 30
0.0
 11
229.5323614938
 21
243.1487655478
 31
0.0
 11
229.850308249
 21
242.9741688685
 31
0.0
 11
230.2228878142
 21
242.8521165162
 31
0.0
 11
230.6295037876
 21
242.7893556115
 31
0.0
 11
231.0476782163
 21
242.7893556115
 31
0.0
 11
231.4542941897
 21
242.8521165162
 31
0.0
 11
231.8268737549
 21
242.9741688685
 31
0.0
 11
232.1448205102
 21
243.1487655478
 31
0.0
  0
SPLINE
  5
1258
100
AcDbEntity
  8
4171
100
AcDbSpline
 62
7
  6
CONTINUOUS
 70
0
 71
3
 72
10
 73
6
 74
4
 42
0.0000001
 43
0.0000001
 44
0.0000000001
 12
0.3091678623
 22
0.0
 32
0.0
 13
0.2538064587
 23
-0.1765419174
 33
0.0
 40
0.0
 40
0.0
 40
0.0
 40
0.0
 40
0.352637924
 40
0.6901062937
 40
1.0
 40
1.0
 40
1.0
 40
1.0
 10
229.238591002
 20
243.2313795619
 30
0.0
 10
229.2749324397
 20
243.2313795619
 30
0.0
 10
229.3462352518
 20
243.2251772643
 30
0.0
 10
229.4461393236
 20
243.1977750339
 30
0.0
 10
229.5061438191
 20
243.1670019575
 30
0.0
 10
229.5323614938
 20
243.1487655478
 30
0.0
 11
229.238591002
 21
243.2313795619
 31
0.0
 11
229.3471867917
 21
243.221722683
 31
0.0
 11
229.4476251717
 21
243.1934774441
 31
0.0
 11
229.5323614938
 21
243.1487655478
 31
0.0
  0
SPLINE
  5
1259
100
AcDbEntity
  8
RUNDUNGEN
100
AcDbSpline
 62
7
  6
CONTINUOUS
 70
0
 71
3
 72
10
 73
6
 74
4
 42
0.0000001
 43
0.0000001
 44
0.0000000001
 12
-0.1384271337
 22
0.0
 32
0.0
 13
-0.1333412129
 23
-0.037177847
 33
0.0
 40
0.0
 40
0.0
 40
0.0
 40
0.0
 40
0.3357966167
 40
0.6697281854
 40
1.0
 40
1.0
 40
1.0
 40
1.0
 10
229.1091217942
 20
243.2313795619
 30
0.0
 10
229.0936273399
 20
243.2313795619
 30
0.0
 10
229.0627058785
 20
243.2300039653
 30
0.0
 10
229.0169209444
 20
243.2238371737
 30
0.0
 10
228.9869933517
 20
243.2169932404
 30
0.0
 10
228.9723137369
 20
243.2129003088
 30
0.0
 11
229.1091217942
 21
243.2313795619
 31
0.0
 11
229.0626846288
 21
243.2293076745
 31
0.0
 11
229.0168754458
 21
243.223120031
 31
0.0
 11
228.9723137369
 21
243.2129003088
 31
0.0
  0
SPLINE
  5
125A
100
AcDbEntity
  8
4171
100
AcDbSpline
 62
9
  6
CONTINUOUS
 70
0
 71
3
 72
14
 73
10
 74
8
 42
0.0000001
 43
0.0000001
 44
0.0000000001
 12
2.2580801172
 22
-1.5706684363
 32
0.0
 13
2.2580801172
 23
1.5706684363
 33
0.0
 40
0.0
 40
0.0
 40
0.0
 40
0.0
 40
0.1318725029
 40
0.2744080881
 40
0.4239854977
 40
0.5760145023
 40
0.7255919119
 40
0.8681274971
 40
1.0
 40
1.0
 40
1.0
 40
1.0
 10
229.5323614938
 20
237.4771903284
 30
0.0
 10
229.6316210527
 20
237.4081476691
 30
0.0
 10
229.8550238989
 20
237.2880492295
 30
0.0
 10
230.2267312969
 20
237.1685692068
 30
0.0
 10
230.6309896203
 20
237.1071900083
 30
0.0
 10
231.0461923836
 20
237.1071900083
 30
0.0
 10
231.4504507071
 20
237.1685692068
 30
0.0
 10
231.8221581051
 20
237.2880492295
 30
0.0
 10
232.0455609512
 20
237.4081476691
 30
0.0
 10
232.1448205102
 20
237.4771903284
 30
0.0
 11
229.5323614938
 21
237.4771903284
 31
0.0
 11
229.850308249
 21
237.3025936491
 31
0.0
 11
230.2228878142
 21
237.1805412968
 31
0.0
 11
230.6295037876
 21
237.1177803921
 31
0.0
 11
231.0476782163
 21
237.1177803921
 31
0.0
 11
231.4542941897
 21
237.1805412968
 31
0.0
 11
231.8268737549
 21
237.3025936491
 31
0.0
 11
232.1448205102
 21
237.4771903284
 31
0.0
  0
SPLINE
  5
125B
100
AcDbEntity
  8
4171
100
AcDbSpline
 62
9
  6
CONTINUOUS
 70
0
 71
3
 72
10
 73
6
 74
4
 42
0.0000001
 43
0.0000001
 44
0.0000000001
 12
0.2538064587
 22
0.1765419174
 32
0.0
 13
0.3091678623
 23
-0.0
 33
0.0
 40
0.0
 40
0.0
 40
0.0
 40
0.0
 40
0.3098937063
 40
0.647362076
 40
1.0
 40
1.0
 40
1.0
 40
1.0
 10
232.1448205102
 20
237.4771903284
 30
0.0
 10
232.1710381849
 20
237.4954267381
 30
0.0
 10
232.2310426803
 20
237.5261998145
 30
0.0
 10
232.3309467521
 20
237.5536020449
 30
0.0
 10
232.4022495643
 20
237.5598043425
 30
0.0
 10
232.438591002
 20
237.5598043425
 30
0.0
 11
232.1448205102
 21
237.4771903284
 31
0.0
 11
232.2295568323
 21
237.5219022247
 31
0.0
 11
232.3299952122
 21
237.5501474637
 31
0.0
 11
232.438591002
 21
237.5598043425
 31
0.0
  0
SPLINE
  5
125C
100
AcDbEntity
  8
4171
100
AcDbSpline
 62
9
  6
CONTINUOUS
 70
0
 71
3
 72
10
 73
6
 74
4
 42
0.0000001
 43
0.0000001
 44
0.0000000001
 12
0.3091678623
 22
0.0
 32
0.0
 13
0.2538064587
 23
-0.1765419174
 33
0.0
 40
0.0
 40
0.0
 40
0.0
 40
0.0
 40
0.352637924
 40
0.6901062937
 40
1.0
 40
1.0
 40
1.0
 40
1.0
 10
229.238591002
 20
237.5598043425
 30
0.0
 10
229.2749324397
 20
237.5598043425
 30
0.0
 10
229.3462352518
 20
237.5536020449
 30
0.0
 10
229.4461393236
 20
237.5261998145
 30
0.0
 10
229.5061438191
 20
237.4954267381
 30
0.0
 10
229.5323614938
 20
237.4771903284
 30
0.0
 11
229.238591002
 21
237.5598043425
 31
0.0
 11
229.3471867917
 21
237.5501474637
 31
0.0
 11
229.4476251717
 21
237.5219022247
 31
0.0
 11
229.5323614938
 21
237.4771903284
 31
0.0
  0
SPLINE
  5
125D
100
AcDbEntity
  8
RUNDUNGEN
100
AcDbSpline
 62
7
  6
CONTINUOUS
 70
0
 71
3
 72
11
 73
7
 74
5
 42
0.0000001
 43
0.0000001
 44
0.0000000001
 12
-0.4016243431
 22
-0.1119798452
 32
0.0
 13
0.0
 23
-0.4169431601
 33
0.0
 40
0.0
 40
0.0
 40
0.0
 40
0.0
 40
0.2775825727
 40
0.5360930399
 40
0.7745902511
 40
1.0
 40
1.0
 40
1.0
 40
1.0
 10
228.1017829446
 20
242.970181198
 30
0.0
 10
228.0646216385
 20
242.9598199802
 30
0.0
 10
227.9948251518
 20
242.9311405739
 30
0.0
 10
227.908767643
 20
242.8639415141
 30
0.0
 10
227.8520715152
 20
242.7786570703
 30
0.0
 10
227.838591002
 20
242.7135703582
 30
0.0
 10
227.838591002
 20
242.6822426739
 30
0.0
 11
228.1017829446
 21
242.970181198
 31
0.0
 11
227.9950864304
 21
242.925340241
 31
0.0
 11
227.9109301843
 21
242.8579966906
 31
0.0
 11
227.8571042217
 21
242.7743842766
 31
0.0
 11
227.838591002
 21
242.6822426739
 31
0.0
  0
SPLINE
  5
125E
100
AcDbEntity
  8
RUNDUNGEN
100
AcDbSpline
 62
7
  6
CONTINUOUS
 70
0
 71
3
 72
10
 73
6
 74
4
 42
0.0000001
 43
0.0000001
 44
0.0000000001
 12
-0.1333412129
 22
0.037177847
 32
0.0
 13
-0.1384271337
 23
0.0
 33
0.0
 40
0.0
 40
0.0
 40
0.0
 40
0.0
 40
0.3302718146
 40
0.6642033833
 40
1.0
 40
1.0
 40
1.0
 40
1.0
 10
232.704868267
 20
243.2129003088
 30
0.0
 10
232.6901886522
 20
243.2169932404
 30
0.0
 10
232.6602610595
 20
243.2238371737
 30
0.0
 10
232.6144761254
 20
243.2300039653
 30
0.0
 10
232.5835546641
 20
243.2313795619
 30
0.0
 10
232.5680602097
 20
243.2313795619
 30
0.0
 11
232.704868267
 21
243.2129003088
 31
0.0
 11
232.6603065582
 21
243.223120031
 31
0.0
 11
232.6144973751
 21
243.2293076745
 31
0.0
 11
232.5680602097
 21
243.2313795619
 31
0.0
  0
SPLINE
  5
125F
100
AcDbEntity
  8
RUNDUNGEN
100
AcDbSpline
 62
7
  6
CONTINUOUS
 70
0
 71
3
 72
11
 73
7
 74
5
 42
0.0000001
 43
0.0000001
 44
0.0000000001
 12
-0.3001578207
 22
-0.3842021416
 32
0.0
 13
-0.0949919468
 23
-0.4782871894
 33
0.0
 40
0.0
 40
0.0
 40
0.0
 40
0.0
 40
0.2827755551
 40
0.5394172801
 40
0.7762275698
 40
1.0
 40
1.0
 40
1.0
 40
1.0
 10
244.9660440834
 20
214.9319291973
 30
0.0
 10
244.937751652
 20
214.8957148727
 30
0.0
 10
244.8913696567
 20
214.8210033242
 30
0.0
 10
244.8304808161
 20
214.7102867555
 30
0.0
 10
244.7909230468
 20
214.6001967613
 30
0.0
 10
244.7729366689
 20
214.5274496303
 30
0.0
 10
244.7658511427
 20
214.4917738014
 30
0.0
 11
244.9660440834
 21
214.9319291973
 31
0.0
 11
244.8902407427
 21
214.8167714603
 31
0.0
 11
244.8320336385
 21
214.7060085018
 31
0.0
 11
244.7921645606
 21
214.5976535366
 31
0.0
 11
244.7658511427
 21
214.4917738014
 31
0.0
  0
SPLINE
  5
1260
100
AcDbEntity
  8
02___PRT_ALL_AXES
100
AcDbSpline
 62
7
  6
CONTINUOUS
 70
0
 71
3
 72
9
 73
5
 74
3
 42
0.0000001
 43
0.0000001
 44
0.0000000001
 12
-0.0492276188
 22
0.0820189459
 32
0.0
 13
-0.0438476004
 23
0.085008653
 33
0.0
 40
0.0
 40
0.0
 40
0.0
 40
0.0
 40
0.5958474042
 40
1.0
 40
1.0
 40
1.0
 40
1.0
 10
243.2188491327
 20
213.6068440771
 30
0.0
 10
243.2090717497
 20
213.6231343358
 30
0.0
 10
243.1933167823
 20
213.6508633079
 30
0.0
 10
243.178437514
 20
213.6790637553
 30
0.0
 10
243.1725304734
 20
213.6905159112
 30
0.0
 11
243.2188491327
 21
213.6068440771
 31
0.0
 11
243.1906075399
 21
213.6563461977
 31
0.0
 11
243.1725304734
 21
213.6905159112
 31
0.0
  0
LINE
  5
1261
100
AcDbEntity
  8
02___PRT_ALL_AXES
100
AcDbLine
 62
7
  6
CONTINUOUS
 10
243.1613507692
 20
213.7124618075
 11
243.1468905183
 21
213.7409297587
  0
SPLINE
  5
1262
100
AcDbEntity
  8
02___PRT_ALL_AXES
100
AcDbSpline
 62
7
  6
CONTINUOUS
 70
0
 71
3
 72
12
 73
8
 74
6
 42
0.0000001
 43
0.0000001
 44
0.0000000001
 12
-0.0129530592
 22
0.0250661232
 32
0.0
 13
-0.0186404843
 23
0.0211791872
 33
0.0
 40
0.0
 40
0.0
 40
0.0
 40
0.0
 40
0.0987979187
 40
0.4792512766
 40
0.7609243635
 40
0.939524326
 40
1.0
 40
1.0
 40
1.0
 40
1.0
 10
243.1468905183
 20
213.7409297587
 30
0.0
 10
243.1464639399
 20
213.7417552523
 30
0.0
 10
243.1443899287
 20
213.745757266
 30
0.0
 10
243.1410548467
 20
213.7520910849
 30
0.0
 10
243.1369856237
 20
213.758874471
 30
0.0
 10
243.1341661923
 20
213.7628901838
 30
0.0
 10
243.1327244742
 20
213.7646145674
 30
0.0
 10
243.1323487089
 20
213.7650415093
 30
0.0
 11
243.1468905183
 21
213.7409297587
 31
0.0
 11
243.1456076959
 21
213.7434047431
 31
0.0
 11
243.1405219542
 21
213.7528574924
 31
0.0
 11
243.1363877828
 21
213.7596445662
 31
0.0
 11
243.133444431
 21
213.7637345511
 31
0.0
 11
243.1323487089
 21
213.7650415093
 31
0.0
  0
SPLINE
  5
1263
100
AcDbEntity
  8
RUNDUNGEN
100
AcDbSpline
 62
9
  6
CONTINUOUS
 70
0
 71
3
 72
9
 73
5
 74
3
 42
0.0000001
 43
0.0000001
 44
0.0000000001
 12
-0.3088738576
 22
0.4004572175
 32
0.0
 13
-0.3823194574
 23
0.3310602293
 33
0.0
 40
0.0
 40
0.0
 40
0.0
 40
0.0
 40
0.4861369661
 40
1.0
 40
1.0
 40
1.0
 40
1.0
 10
244.9843669974
 20
214.9585324453
 30
0.0
 10
244.9343153307
 20
215.0234247976
 30
0.0
 10
244.8230858993
 20
215.1506272134
 30
0.0
 10
244.6999678496
 20
215.2661271795
 30
0.0
 10
244.6344812375
 20
215.3228337175
 30
0.0
 11
244.9843669974
 21
214.9585324453
 31
0.0
 11
244.823360227
 21
215.1443347606
 31
0.0
 11
244.6344812375
 21
215.3228337175
 31
0.0
  0
SPLINE
  5
1264
100
AcDbEntity
  8
0
100
AcDbSpline
 62
7
  6
CONTINUOUS
 70
0
 71
3
 72
9
 73
5
 74
3
 42
0.0000001
 43
0.0000001
 44
0.0000000001
 12
-0.0440755032
 22
-0.097335179
 32
0.0
 13
-0.0514516861
 23
-0.0936456675
 33
0.0
 40
0.0
 40
0.0
 40
0.0
 40
0.0
 40
0.2643952013
 40
1.0
 40
1.0
 40
1.0
 40
1.0
 10
224.0360238458
 20
228.9940258602
 30
0.0
 10
224.0321393953
 20
228.9854475422
 30
0.0
 10
224.0171992232
 20
228.9531173459
 30
0.0
 10
224.0012070377
 20
228.9212593961
 30
0.0
 10
223.988591002
 20
228.8982973286
 30
0.0
 11
224.0360238458
 21
228.9940258602
 31
0.0
 11
224.0241656348
 21
228.968384657
 31
0.0
 11
223.988591002
 21
228.8982973286
 31
0.0
  0
SPLINE
  5
1265
100
AcDbEntity
  8
0
100
AcDbSpline
 62
7
  6
CONTINUOUS
 70
0
 71
3
 72
9
 73
5
 74
3
 42
0.0000001
 43
0.0000001
 44
0.0000000001
 12
-0.0119621804
 22
-0.1342647769
 32
0.0
 13
-0.0162294164
 23
-0.1338160309
 33
0.0
 40
0.0
 40
0.0
 40
0.0
 40
0.0
 40
0.2778845915
 40
1.0
 40
1.0
 40
1.0
 40
1.0
 10
229.0823073351
 20
228.9940258602
 30
0.0
 10
229.0811992999
 20
228.981589156
 30
0.0
 10
229.0770902152
 20
228.9368458655
 30
0.0
 10
229.0724975059
 20
228.8921418824
 30
0.0
 10
229.068591002
 20
228.8599316765
 30
0.0
 11
229.0823073351
 21
228.9940258602
 31
0.0
 11
229.0788782518
 21
228.9567252493
 31
0.0
 11
229.068591002
 21
228.8599316765
 31
0.0
  0
SPLINE
  5
1266
100
AcDbEntity
  8
0
100
AcDbSpline
 62
7
  6
CONTINUOUS
 70
0
 71
3
 72
9
 73
5
 74
3
 42
0.0000001
 43
0.0000001
 44
0.0000000001
 12
0.0313753834
 22
-0.116432238
 32
0.0
 13
0.0393773494
 23
-0.1139750196
 33
0.0
 40
0.0
 40
0.0
 40
0.0
 40
0.0
 40
0.2709667551
 40
1.0
 40
1.0
 40
1.0
 40
1.0
 10
235.1137458568
 20
228.9940258602
 30
0.0
 10
235.116579752
 20
228.9835094383
 30
0.0
 10
235.1272852877
 20
228.9447680005
 30
0.0
 10
235.1390218697
 20
228.9062944552
 30
0.0
 10
235.148591002
 20
228.8785972624
 30
0.0
 11
235.1137458568
 21
228.9940258602
 31
0.0
 11
235.1224571431
 21
228.9625338244
 31
0.0
 11
235.148591002
 21
228.8785972624
 31
0.0
  0
SPLINE
  5
1267
100
AcDbEntity
  8
0
100
AcDbSpline
 62
7
  6
CONTINUOUS
 70
0
 71
3
 72
9
 73
5
 74
3
 42
0.0000001
 43
0.0000001
 44
0.0000000001
 12
-0.0127544189
 22
-0.1431569457
 32
0.0
 13
-0.0178530253
 23
-0.1426108544
 33
0.0
 40
0.0
 40
0.0
 40
0.0
 40
0.0
 40
0.2806434399
 40
1.0
 40
1.0
 40
1.0
 40
1.0
 10
230.0833990507
 20
228.9940258602
 30
0.0
 10
230.0822059027
 20
228.980633841
 30
0.0
 10
230.0778129776
 20
228.9329286212
 30
0.0
 10
230.0728718989
 20
228.8852663681
 30
0.0
 10
230.068591002
 20
228.8510703503
 30
0.0
 11
230.0833990507
 21
228.9940258602
 31
0.0
 11
230.0796970385
 21
228.9538609111
 31
0.0
 11
230.068591002
 21
228.8510703503
 31
0.0
  0
SPLINE
  5
1268
100
AcDbEntity
  8
0
100
AcDbSpline
 62
7
  6
CONTINUOUS
 70
0
 71
3
 72
9
 73
5
 74
3
 42
0.0000001
 43
0.0000001
 44
0.0000000001
 12
0.0389898855
 22
-0.1446892163
 32
0.0
 13
0.0530630191
 23
-0.140140988
 33
0.0
 40
0.0
 40
0.0
 40
0.0
 40
0.0
 40
0.5381336357
 40
1.0
 40
1.0
 40
1.0
 40
1.0
 10
234.1038026196
 20
228.9940258602
 30
0.0
 10
234.1107965426
 20
228.9680718156
 30
0.0
 10
234.1245187508
 20
228.9200334622
 30
0.0
 10
234.1404216607
 20
228.8726458198
 30
0.0
 10
234.148591002
 20
228.8510703503
 30
0.0
 11
234.1038026196
 21
228.9940258602
 31
0.0
 11
234.1261968108
 21
228.916558146
 31
0.0
 11
234.148591002
 21
228.8510703503
 31
0.0
  0
SPLINE
  5
1269
100
AcDbEntity
  8
0
100
AcDbSpline
 62
7
  6
CONTINUOUS
 70
0
 71
3
 72
9
 73
5
 74
3
 42
0.0000001
 43
0.0000001
 44
0.0000000001
 12
0.0381105661
 22
-0.0585407647
 32
0.0
 13
0.0409135155
 23
-0.0566173173
 33
0.0
 40
0.0
 40
0.0
 40
0.0
 40
0.0
 40
0.256637001
 40
1.0
 40
1.0
 40
1.0
 40
1.0
 10
239.1891368041
 20
228.9940258602
 30
0.0
 10
239.1923969979
 20
228.9890179515
 30
0.0
 10
239.2052059245
 20
228.9695734301
 30
0.0
 10
239.2184531374
 20
228.9504157196
 30
0.0
 10
239.228591002
 20
228.9363866466
 30
0.0
 11
239.1891368041
 21
228.9940258602
 31
0.0
 11
239.1990003536
 21
228.9790564743
 31
0.0
 11
239.228591002
 21
228.9363866466
 31
0.0
  0
SPLINE
  5
126A
100
AcDbEntity
  8
0
100
AcDbSpline
 62
7
  6
CONTINUOUS
 70
0
 71
3
 72
9
 73
5
 74
3
 42
0.0000001
 43
0.0000001
 44
0.0000000001
 12
-0.0666824162
 22
-0.1472596895
 32
0.0
 13
-0.0867784609
 23
-0.1363871676
 33
0.0
 40
0.0
 40
0.0
 40
0.0
 40
0.0
 40
0.5327682136
 40
1.0
 40
1.0
 40
1.0
 40
1.0
 10
225.0638532227
 20
228.9940258602
 30
0.0
 10
225.0520111321
 20
228.9678740997
 30
0.0
 10
225.0286630288
 20
228.9192826604
 30
0.0
 10
225.0021062204
 20
228.8723118236
 30
0.0
 10
224.988591002
 20
228.8510703503
 30
0.0
 11
225.0638532227
 21
228.9940258602
 31
0.0
 11
225.0262221123
 21
228.916558146
 31
0.0
 11
224.988591002
 21
228.8510703503
 31
0.0
  0
SPLINE
  5
126B
100
AcDbEntity
  8
0
100
AcDbSpline
 62
7
  6
CONTINUOUS
 70
0
 71
3
 72
8
 73
4
 74
2
 42
0.0000001
 43
0.0000001
 44
0.0000000001
 12
0.1056059374
 22
0.0816565328
 32
0.0
 13
0.1328038599
 23
-0.0029152087
 33
0.0
 40
0.0
 40
0.0
 40
0.0
 40
0.0
 40
1.0
 40
1.0
 40
1.0
 40
1.0
 10
232.4488725851
 20
244.2900685559
 30
0.0
 10
232.4840745643
 20
244.3172874002
 30
0.0
 10
232.5302892173
 20
244.3337391607
 30
0.0
 10
232.5745571706
 20
244.3327674244
 30
0.0
 11
232.4488725851
 21
244.2900685559
 31
0.0
 11
232.5745571706
 21
244.3327674244
 31
0.0
  0
SPLINE
  5
126C
100
AcDbEntity
  8
RUNDUNGEN
100
AcDbSpline
 62
7
  6
CONTINUOUS
 70
0
 71
3
 72
10
 73
6
 74
4
 42
0.0000001
 43
0.0000001
 44
0.0000000001
 12
-0.1210305051
 22
0.4104818112
 32
0.0
 13
0.0
 23
0.4279529185
 33
0.0
 40
0.0
 40
0.0
 40
0.0
 40
0.0
 40
0.1183588518
 40
0.450840226
 40
1.0
 40
1.0
 40
1.0
 40
1.0
 10
232.3942912149
 20
245.75184166
 30
0.0
 10
232.3895162043
 20
245.7680363787
 30
0.0
 10
232.3742567472
 20
245.8305580363
 30
0.0
 10
232.348206784
 20
245.9708993501
 30
0.0
 10
232.338591002
 20
246.0968561115
 30
0.0
 10
232.338591002
 20
246.1751942875
 30
0.0
 11
232.3942912149
 21
245.75184166
 31
0.0
 11
232.3817463553
 21
245.8009156168
 31
0.0
 11
232.3557499761
 21
245.9408070055
 31
0.0
 11
232.338591002
 21
246.1751942875
 31
0.0
  0
SPLINE
  5
126D
100
AcDbEntity
  8
RUNDUNGEN
100
AcDbSpline
 62
7
  6
CONTINUOUS
 70
0
 71
3
 72
10
 73
6
 74
4
 42
0.0000001
 43
0.0000001
 44
0.0000000001
 12
0.1210294547
 22
0.4104817773
 32
0.0
 13
-0.0
 23
0.427952589
 33
0.0
 40
0.0
 40
0.0
 40
0.0
 40
0.0
 40
0.1183648934
 40
0.4508464678
 40
1.0
 40
1.0
 40
1.0
 40
1.0
 10
229.2828908842
 20
245.7518419827
 30
0.0
 10
229.287666097
 20
245.7680375266
 30
0.0
 10
229.3029257115
 20
245.8305600111
 30
0.0
 10
229.3289753914
 20
245.9709012699
 30
0.0
 10
229.338591002
 20
246.0968570622
 30
0.0
 10
229.338591002
 20
246.1751942875
 30
0.0
 11
229.2828908842
 21
245.7518419827
 31
0.0
 11
229.2954363002
 21
245.8009184256
 31
0.0
 11
229.3214324337
 21
245.9408098356
 31
0.0
 11
229.338591002
 21
246.1751942875
 31
0.0
  0
SPLINE
  5
126E
100
AcDbEntity
  8
0
100
AcDbSpline
 62
7
  6
CONTINUOUS
 70
0
 71
3
 72
8
 73
4
 74
2
 42
0.0000001
 43
0.0000001
 44
0.0000000001
 12
0.1328154857
 22
0.002924923
 32
0.0
 13
0.1056193291
 23
-0.0816609966
 33
0.0
 40
0.0
 40
0.0
 40
0.0
 40
0.0
 40
1.0
 40
1.0
 40
1.0
 40
1.0
 10
229.1026126722
 20
244.3327671641
 30
0.0
 10
229.1468845007
 20
244.3337421384
 30
0.0
 10
229.1931041247
 20
244.3172887513
 30
0.0
 10
229.2283105678
 20
244.2900684191
 30
0.0
 11
229.1026126722
 21
244.3327671641
 31
0.0
 11
229.2283105678
 21
244.2900684191
 31
0.0
  0
SPLINE
  5
126F
100
AcDbEntity
  8
RUNDUNGEN
100
AcDbSpline
 62
7
  6
CONTINUOUS
 70
0
 71
3
 72
14
 73
10
 74
8
 42
0.0000001
 43
0.0000001
 44
0.0000000001
 12
-0.0902928679
 22
0.8116778863
 32
0.0
 13
-0.0840974806
 23
0.8123427278
 33
0.0
 40
0.0
 40
0.0
 40
0.0
 40
0.0
 40
0.0207063576
 40
0.0810674893
 40
0.1793104444
 40
0.3158174086
 40
0.4991239165
 40
0.7306584625
 40
1.0
 40
1.0
 40
1.0
 40
1.0
 10
235.7795895041
 20
245.2397752157
 30
0.0
 10
235.778966292
 20
245.2453775133
 30
0.0
 10
235.7765408443
 20
245.2673126718
 30
0.0
 10
235.7712755077
 20
245.3158412397
 30
0.0
 10
235.762685314
 20
245.3957181649
 30
0.0
 10
235.7505974398
 20
245.5088810972
 30
0.0
 10
235.7346933153
 20
245.6581285122
 30
0.0
 10
235.7149897688
 20
245.8433370362
 30
0.0
 10
235.7006819904
 20
245.9789369901
 30
0.0
 10
235.6931316755
 20
246.0518695365
 30
0.0
 11
235.7795895041
 21
245.2397752157
 31
0.0
 11
235.777730203
 21
245.2565832459
 31
0.0
 11
235.7723937645
 21
245.3055895349
 31
0.0
 11
235.7638070875
 21
245.3853622035
 31
0.0
 11
235.7519546182
 21
245.4962134394
 31
0.0
 11
235.736088321
 21
245.6450738019
 31
0.0
 11
235.7161035148
 21
245.8331053556
 31
0.0
 11
235.6931316755
 21
246.0518695365
 31
0.0
  0
SPLINE
  5
1270
100
AcDbEntity
  8
RUNDUNGEN
100
AcDbSpline
 62
7
  6
CONTINUOUS
 70
0
 71
3
 72
14
 73
10
 74
8
 42
0.0000001
 43
0.0000001
 44
0.0000000001
 12
0.0902883751
 22
0.8116373336
 32
0.0
 13
0.0840950746
 23
0.812301958
 33
0.0
 40
0.0
 40
0.0
 40
0.0
 40
0.0
 40
0.0207065178
 40
0.0810681486
 40
0.1793119099
 40
0.3158197986
 40
0.499126702
 40
0.7306626119
 40
1.0
 40
1.0
 40
1.0
 40
1.0
 10
225.8975924998
 20
245.2397752157
 30
0.0
 10
225.8982156858
 20
245.2453772767
 30
0.0
 10
225.9006410327
 20
245.2673115177
 30
0.0
 10
225.9059061522
 20
245.3158380574
 30
0.0
 10
225.9144959855
 20
245.3957115952
 30
0.0
 10
225.9265833231
 20
245.5088694489
 30
0.0
 10
225.9424867231
 20
245.6581101348
 30
0.0
 10
225.9621892727
 20
245.8433087532
 30
0.0
 10
225.9764961444
 20
245.97890119
 30
0.0
 10
225.9840461269
 20
246.0518289526
 30
0.0
 11
225.8975924998
 21
245.2397752157
 31
0.0
 11
225.8994517229
 21
245.2565825362
 31
0.0
 11
225.9047879415
 21
245.3055867817
 31
0.0
 11
225.9133742641
 21
245.3853561192
 31
0.0
 11
225.9252262255
 21
245.4962025673
 31
0.0
 11
225.9410917675
 21
245.6450558137
 31
0.0
 11
225.9610757048
 21
245.8330790798
 31
0.0
 11
225.9840461269
 21
246.0518289526
 31
0.0
  0
SPLINE
  5
1271
100
AcDbEntity
  8
0
100
AcDbSpline
 62
7
  6
CONTINUOUS
 70
0
 71
3
 72
9
 73
5
 74
3
 42
0.0000001
 43
0.0000001
 44
0.0000000001
 12
-0.0012669343
 22
0.5007810689
 32
0.0
 13
-0.0342114996
 23
0.4868430988
 33
0.0
 40
0.0
 40
0.0
 40
0.0
 40
0.0
 40
0.5786578995
 40
1.0
 40
1.0
 40
1.0
 40
1.0
 10
229.0398010102
 20
243.7713037387
 30
0.0
 10
229.0395566363
 20
243.8678973792
 30
0.0
 10
229.0369254922
 20
244.0341391931
 30
0.0
 10
229.0556584478
 20
244.2047814322
 30
0.0
 10
229.0508535328
 20
244.2731572635
 30
0.0
 11
229.0398010102
 21
243.7713037387
 31
0.0
 11
229.0436652329
 21
244.0617651171
 31
0.0
 11
229.0508535328
 21
244.2731572635
 31
0.0
  0
SPLINE
  5
1272
100
AcDbEntity
  8
0
100
AcDbSpline
 62
7
  6
CONTINUOUS
 70
0
 71
3
 72
8
 73
4
 74
2
 42
0.0000001
 43
0.0000001
 44
0.0000000001
 12
-0.0037475201
 22
0.0533286853
 32
0.0
 13
-0.0000276089
 23
0.0537369665
 33
0.0
 40
0.0
 40
0.0
 40
0.0
 40
0.0
 40
1.0
 40
1.0
 40
1.0
 40
1.0
 10
229.0508535328
 20
244.2731572635
 30
0.0
 10
229.0496043594
 20
244.2909334919
 30
0.0
 10
229.0474969518
 20
244.3084716102
 30
0.0
 10
229.0474877488
 20
244.3263839324
 30
0.0
 11
229.0508535328
 21
244.2731572635
 31
0.0
 11
229.0474877488
 21
244.3263839324
 31
0.0
  0
SPLINE
  5
1273
100
AcDbEntity
  8
0
100
AcDbSpline
 62
7
  6
CONTINUOUS
 70
0
 71
3
 72
10
 73
6
 74
4
 42
0.0000001
 43
0.0000001
 44
0.0000000001
 12
0.065319631
 22
0.5907848931
 32
0.0
 13
0.4741920602
 23
0.3666543803
 33
0.0
 40
0.0
 40
0.0
 40
0.0
 40
0.0
 40
0.3080781556
 40
0.7094995815
 40
1.0
 40
1.0
 40
1.0
 40
1.0
 10
232.2625923885
 20
243.7364257719
 30
0.0
 10
232.269300239
 20
243.7970950786
 30
0.0
 10
232.2891561248
 20
243.9361130978
 30
0.0
 10
232.3376424454
 20
244.1264040336
 30
0.0
 10
232.4029549212
 20
244.2545641389
 30
0.0
 10
232.4488725851
 20
244.2900685559
 30
0.0
 11
232.2625923885
 21
243.7364257719
 31
0.0
 11
232.2892862713
 21
243.9170681485
 31
0.0
 11
232.3537116019
 21
244.1463311322
 31
0.0
 11
232.4488725851
 21
244.2900685559
 31
0.0
  0
SPLINE
  5
1274
100
AcDbEntity
  8
0
100
AcDbSpline
 62
7
  6
CONTINUOUS
 70
0
 71
3
 72
8
 73
4
 74
2
 42
0.0000001
 43
0.0000001
 44
0.0000000001
 12
-0.0000373094
 22
-0.053576092
 32
0.0
 13
-0.0037287144
 23
-0.0531697925
 33
0.0
 40
0.0
 40
0.0
 40
0.0
 40
0.0
 40
1.0
 40
1.0
 40
1.0
 40
1.0
 10
232.6296706226
 20
244.3263802788
 30
0.0
 10
232.6296581861
 20
244.3085215815
 30
0.0
 10
232.6275635775
 20
244.2910357696
 30
0.0
 10
232.6263206727
 20
244.2733125054
 30
0.0
 11
232.6296706226
 21
244.3263802788
 31
0.0
 11
232.6263206727
 21
244.2733125054
 31
0.0
  0
SPLINE
  5
1275
100
AcDbEntity
  8
0
100
AcDbSpline
 62
7
  6
CONTINUOUS
 70
0
 71
3
 72
9
 73
5
 74
3
 42
0.0000001
 43
0.0000001
 44
0.0000000001
 12
-0.0341540081
 22
-0.4870208109
 32
0.0
 13
-0.0012624945
 23
-0.5010161857
 33
0.0
 40
0.0
 40
0.0
 40
0.0
 40
0.0
 40
0.4214438871
 40
1.0
 40
1.0
 40
1.0
 40
1.0
 10
232.6263206727
 20
244.2733125054
 30
0.0
 10
232.6215226734
 20
244.2048951909
 30
0.0
 10
232.6402537389
 20
244.0341587514
 30
0.0
 10
232.6376252212
 20
243.8678415013
 30
0.0
 10
232.6373817466
 20
243.771219509
 30
0.0
 11
232.6263206727
 21
244.2733125054
 31
0.0
 11
232.6335170782
 21
244.0617684475
 31
0.0
 11
232.6373817466
 21
243.771219509
 31
0.0
  0
SPLINE
  5
1276
100
AcDbEntity
  8
0
100
AcDbSpline
 62
7
  6
CONTINUOUS
 70
0
 71
3
 72
10
 73
6
 74
4
 42
0.0000001
 43
0.0000001
 44
0.0000000001
 12
0.4742052146
 22
-0.3666381027
 32
0.0
 13
0.0653210778
 23
-0.5907813339
 33
0.0
 40
0.0
 40
0.0
 40
0.0
 40
0.0
 40
0.2907479813
 40
0.6924976679
 40
1.0
 40
1.0
 40
1.0
 40
1.0
 10
229.2283105678
 20
244.2900684191
 30
0.0
 10
229.2742686374
 20
244.254535323
 30
0.0
 10
229.3396045308
 20
244.1262438571
 30
0.0
 10
229.3880535713
 20
243.9359488079
 30
0.0
 10
229.4078946308
 20
243.7969798681
 30
0.0
 10
229.414590092
 20
243.7364243221
 30
0.0
 11
229.2283105678
 21
244.2900684191
 31
0.0
 11
229.323528735
 21
244.1461931764
 31
0.0
 11
229.3879604508
 21
243.9167300046
 31
0.0
 11
229.414590092
 21
243.7364243221
 31
0.0
  0
SPLINE
  5
1277
100
AcDbEntity
  8
0
100
AcDbSpline
 62
7
  6
CONTINUOUS
 70
0
 71
3
 72
12
 73
8
 74
6
 42
0.0000001
 43
0.0000001
 44
0.0000000001
 12
0.0
 22
-0.3900341248
 32
0.0
 13
-0.3900341248
 23
0.0
 33
0.0
 40
0.0
 40
0.0
 40
0.0
 40
0.0
 40
0.2466509828
 40
0.4693485974
 40
0.6696992081
 40
0.8471992686
 40
1.0
 40
1.0
 40
1.0
 40
1.0
 10
216.638591002
 20
248.5453795619
 30
0.0
 10
216.638591002
 20
248.5133121285
 30
0.0
 10
216.6317122924
 20
248.4521107489
 30
0.0
 10
216.6040870273
 20
248.3688363977
 30
0.0
 10
216.5612415663
 20
248.3022845763
 30
0.0
 10
216.5068009865
 20
248.2578212981
 30
0.0
 10
216.4637476512
 20
248.2453795619
 30
0.0
 10
216.443881818
 20
248.2453795619
 30
0.0
 11
216.638591002
 21
248.5453795619
 31
0.0
 11
216.6279140845
 21
248.4497715811
 31
0.0
 11
216.599637309
 21
248.3676434732
 31
0.0
 11
216.5562917289
 21
248.3026236376
 31
0.0
 11
216.5016196868
 21
248.2601511718
 31
0.0
 11
216.443881818
 21
248.2453795619
 31
0.0
  0
SPLINE
  5
1278
100
AcDbEntity
  8
0
100
AcDbSpline
 62
7
  6
CONTINUOUS
 70
0
 71
3
 72
16
 73
12
 74
10
 42
0.0000001
 43
0.0000001
 44
0.0000000001
 12
105.4099655676
 22
16.4722777224
 32
0.0
 13
-110.9147766314
 23
-12.8956940769
 33
0.0
 40
0.0
 40
0.0
 40
0.0
 40
0.0
 40
0.0941270453
 40
0.2230962277
 40
0.3040761536
 40
0.4420744828
 40
0.5737968417
 40
0.7210985218
 40
0.83887147
 40
0.9466790919
 40
1.0
 40
1.0
 40
1.0
 40
1.0
 10
241.0331442583
 20
263.7866271994
 30
0.0
 10
244.3404537919
 20
264.303456143
 30
0.0
 10
251.8631286738
 20
262.1067116771
 30
0.0
 10
267.6681455506
 20
263.1148174359
 30
0.0
 10
264.1940355569
 20
247.7481499077
 30
0.0
 10
264.0504460398
 20
235.6636985066
 30
0.0
 10
269.7992050255
 20
220.3755231436
 30
0.0
 10
265.8166016918
 20
206.4537946029
 30
0.0
 10
271.058433924
 20
190.383541991
 30
0.0
 10
259.0922051742
 20
186.4453462006
 30
0.0
 10
252.9783185724
 20
185.4309593128
 30
0.0
 10
251.0069597027
 20
185.20175594
 30
0.0
 11
241.0331442583
 21
263.7866271994
 31
0.0
 11
251.4133486393
 21
262.9724935224
 31
0.0
 11
265.2536211474
 21
259.5124253954
 31
0.0
 11
265.0500877282
 21
250.556954949
 31
0.0
 11
265.0500877282
 21
235.2919485063
 31
0.0
 11
268.1030890167
 21
221.0446091598
 31
0.0
 11
267.492488759
 21
204.7619356209
 31
0.0
 11
267.6960221782
 21
191.7357967898
 31
0.0
 11
257.1122843779
 21
186.2403944704
 31
0.0
 11
251.0069597027
 21
185.20175594
 31
0.0
  0
SPLINE
  5
1279
100
AcDbEntity
  8
0
100
AcDbSpline
 62
7
  6
CONTINUOUS
 70
0
 71
3
 72
15
 73
11
 74
9
 42
0.0000001
 43
0.0000001
 44
0.0000000001
 12
-108.2402699432
 22
-13.7502620151
 32
0.0
 13
105.7218002328
 23
18.8594112626
 33
0.0
 40
0.0
 40
0.0
 40
0.0
 40
0.0
 40
0.187839851
 40
0.2873003689
 40
0.425003065
 40
0.5608417748
 40
0.6823300724
 40
0.8421189908
 40
0.9436550291
 40
1.0
 40
1.0
 40
1.0
 40
1.0
 10
221.4114607555
 20
184.830936359
 30
0.0
 10
214.6341820308
 20
183.9699873031
 30
0.0
 10
203.6881449567
 20
180.230794159
 30
0.0
 10
193.1496411847
 20
193.8420688061
 30
0.0
 10
197.737115563
 20
207.0054593416
 30
0.0
 10
194.0234002078
 20
220.5448274584
 30
0.0
 10
199.1367438229
 20
234.8873214759
 30
0.0
 10
195.1462933499
 20
247.2462864468
 30
0.0
 10
196.7548207629
 20
260.1662775378
 30
0.0
 10
201.6996749687
 20
262.039064049
 30
0.0
 10
203.6853055531
 20
262.3932750416
 30
0.0
 11
221.4114607555
 21
184.830936359
 31
0.0
 11
201.954727765
 21
184.6121271166
 31
0.0
 11
195.6451917687
 21
192.753463886
 31
0.0
 11
196.2557920264
 21
207.0008032325
 31
0.0
 11
195.4416583494
 21
221.0446091598
 31
0.0
 11
197.4769925418
 21
233.4601477332
 31
0.0
 11
196.0522586071
 21
249.9463546913
 31
0.0
 11
198.6981930572
 21
260.1230256531
 31
0.0
 11
203.6853055531
 21
262.3932750416
 31
0.0
  0
SPLINE
  5
127A
100
AcDbEntity
  8
0
100
AcDbSpline
 62
7
  6
CONTINUOUS
 70
0
 71
3
 72
9
 73
5
 74
3
 42
0.0000001
 43
0.0000001
 44
0.0000000001
 12
-29.949582965
 22
-3.4821389122
 32
0.0
 13
-31.2193315428
 23
-3.9659360502
 33
0.0
 40
0.0
 40
0.0
 40
0.0
 40
0.0
 40
0.3565350095
 40
1.0
 40
1.0
 40
1.0
 40
1.0
 10
251.0069597027
 20
185.20175594
 30
0.0
 10
247.4476014206
 20
184.78792113
 30
0.0
 10
237.9385692967
 20
184.6007943083
 30
0.0
 10
228.1076430473
 20
185.6815833599
 30
0.0
 10
221.4114607555
 20
184.830936359
 30
0.0
 11
251.0069597027
 21
185.20175594
 31
0.0
 11
240.6260774198
 21
184.8156605358
 31
0.0
 11
221.4114607555
 21
184.830936359
 31
0.0
  0
SPLINE
  5
127B
100
AcDbEntity
  8
0
100
AcDbSpline
 62
7
  6
CONTINUOUS
 70
0
 71
3
 72
11
 73
7
 74
5
 42
0.0000001
 43
0.0000001
 44
0.0000000001
 12
37.6981702121
 22
6.7248693676
 32
0.0
 13
35.1887654177
 23
5.4989024382
 33
0.0
 40
0.0
 40
0.0
 40
0.0
 40
0.0
 40
0.1911448339
 40
0.4171941523
 40
0.8636466171
 40
1.0
 40
1.0
 40
1.0
 40
1.0
 10
203.6853055531
 20
262.3932750416
 30
0.0
 10
206.0872423814
 20
262.8217497211
 30
0.0
 10
212.035224284
 20
262.7536109375
 30
0.0
 10
222.175588259
 20
262.707703225
 30
0.0
 10
232.4643617312
 20
261.0254150321
 30
0.0
 10
239.4337751901
 20
263.5366958828
 30
0.0
 10
241.0331442583
 20
263.7866271994
 30
0.0
 11
203.6853055531
 21
262.3932750416
 31
0.0
 11
211.3172650498
 21
262.7689601032
 31
0.0
 11
219.6621352385
 21
262.565426684
 31
0.0
 11
236.1483421966
 21
262.565426684
 31
0.0
 11
241.0331442583
 21
263.7866271994
 31
0.0
  0
SPLINE
  5
127C
100
AcDbEntity
  8
02___PRT_ALL_AXES
100
AcDbSpline
 62
3
  6
CONTINUOUS
 70
0
 71
3
 72
9
 73
5
 74
3
 42
0.0000001
 43
0.0000001
 44
0.0000000001
 12
-0.0169153233
 22
0.0799782715
 32
0.0
 13
-0.009495694
 23
0.0811759645
 33
0.0
 40
0.0
 40
0.0
 40
0.0
 40
0.0
 40
0.7122132226
 40
1.0
 40
1.0
 40
1.0
 40
1.0
 10
243.1282190182
 20
213.8441522189
 30
0.0
 10
243.1242032459
 20
213.8631394131
 30
0.0
 10
243.1195488624
 20
213.8900064124
 30
0.0
 10
243.1160625371
 20
213.9170270095
 30
0.0
 10
243.1151516253
 20
213.9248141326
 30
0.0
 11
243.1282190182
 21
213.8441522189
 31
0.0
 11
243.1181659138
 21
213.9014873895
 31
0.0
 11
243.1151516253
 21
213.9248141326
 31
0.0
  0
SPLINE
  5
127D
100
AcDbEntity
  8
02___PRT_ALL_AXES
100
AcDbSpline
 62
3
  6
CONTINUOUS
 70
0
 71
3
 72
12
 73
8
 74
6
 42
0.0000001
 43
0.0000001
 44
0.0000000001
 12
-0.0002752845
 22
0.2221484722
 32
0.0
 13
0.0429144613
 23
0.2177753091
 33
0.0
 40
0.0
 40
0.0
 40
0.0
 40
0.0
 40
0.2793552171
 40
0.5490238724
 40
0.775161935
 40
0.9370332159
 40
1.0
 40
1.0
 40
1.0
 40
1.0
 10
243.1080335167
 20
214.0459757374
 30
0.0
 10
243.1080078827
 20
214.0666618489
 30
0.0
 10
243.1091885411
 20
214.107312089
 30
0.0
 10
243.1144784926
 20
214.1644468181
 30
0.0
 10
243.1213667203
 20
214.2126292498
 30
0.0
 10
243.127028731
 20
214.2455147164
 30
0.0
 10
243.1301560884
 20
214.2618533348
 30
0.0
 10
243.1310568169
 20
214.2664242051
 30
0.0
 11
243.1080335167
 21
214.0459757374
 31
0.0
 11
243.1098737219
 21
214.1079818009
 31
0.0
 11
243.115310802
 21
214.1675899924
 31
0.0
 11
243.1223141514
 21
214.2172926106
 31
0.0
 11
243.1284283139
 21
214.2526974979
 31
0.0
 11
243.1310568169
 21
214.2664242051
 31
0.0
  0
SPLINE
  5
127E
100
AcDbEntity
  8
RUNDUNGEN
100
AcDbSpline
 62
3
  6
CONTINUOUS
 70
0
 71
3
 72
13
 73
9
 74
7
 42
0.0000001
 43
0.0000001
 44
0.0000000001
 12
0.2426874424
 22
-0.2553422622
 32
0.0
 13
0.1658144216
 23
-0.3105952081
 33
0.0
 40
0.0
 40
0.0
 40
0.0
 40
0.0
 40
0.1820412173
 40
0.5547292991
 40
0.7158782246
 40
0.851273763
 40
0.9547785234
 40
1.0
 40
1.0
 40
1.0
 40
1.0
 10
244.5265194601
 20
214.5816096626
 30
0.0
 10
244.5412458326
 20
214.5661153905
 30
0.0
 10
244.5844898413
 20
214.51732459
 30
0.0
 10
244.6319453565
 20
214.4475656531
 30
0.0
 10
244.6706191576
 20
214.3792016754
 30
0.0
 10
244.6921979163
 20
214.3374873292
 30
0.0
 10
244.7071345284
 20
214.3076868298
 30
0.0
 10
244.7149576373
 20
214.2920665037
 30
0.0
 10
244.717457095
 20
214.2873846457
 30
0.0
 11
244.5265194601
 21
214.5816096626
 31
0.0
 11
244.5689310656
 21
214.5335258088
 31
0.0
 11
244.6437562717
 21
214.4257273336
 31
0.0
 11
244.6717704226
 21
214.3763852217
 31
0.0
 11
244.6938130559
 21
214.3341149175
 31
0.0
 11
244.7102006783
 21
214.3015635507
 31
0.0
 11
244.717457095
 21
214.2873846457
 31
0.0
  0
SPLINE
  5
127F
100
AcDbEntity
  8
RUNDUNGEN
100
AcDbSpline
 62
3
  6
CONTINUOUS
 70
0
 71
3
 72
11
 73
7
 74
5
 42
0.0000001
 43
0.0000001
 44
0.0000000001
 12
0.01090759
 22
-0.0204315473
 32
0.0
 13
0.0153226487
 23
-0.0173669609
 33
0.0
 40
0.0
 40
0.0
 40
0.0
 40
0.0
 40
0.3714481953
 40
0.7074314305
 40
0.9273218298
 40
1.0
 40
1.0
 40
1.0
 40
1.0
 10
244.717457095
 20
214.2873846457
 30
0.0
 10
244.7188076298
 20
214.2848548919
 30
0.0
 10
244.7214469095
 20
214.2800745267
 30
0.0
 10
244.725164493
 20
214.2739543569
 30
0.0
 10
244.7279369286
 20
214.2699596352
 30
0.0
 10
244.7293844196
 20
214.2682271133
 30
0.0
 10
244.729755627
 20
214.2678063803
 30
0.0
 11
244.717457095
 21
214.2873846457
 31
0.0
 11
244.7216334717
 21
214.2798655995
 31
0.0
 11
244.7257115161
 21
214.2732377946
 31
0.0
 11
244.7286749548
 21
214.2690957088
 31
0.0
 11
244.729755627
 21
214.2678063803
 31
0.0
  0
LINE
  5
1280
100
AcDbEntity
  8
RUNDUNGEN
100
AcDbLine
 62
3
  6
CONTINUOUS
 10
244.6340863047
 20
215.3223670336
 11
244.5971099732
 21
215.2750225557
  0
SPLINE
  5
1281
100
AcDbEntity
  8
RUNDUNGEN
100
AcDbSpline
 62
3
  6
CONTINUOUS
 70
0
 71
3
 72
16
 73
12
 74
10
 42
0.0000001
 43
0.0000001
 44
0.0000000001
 12
-0.4407970141
 22
-0.5653263507
 32
0.0
 13
0.4654217273
 23
-0.546600216
 33
0.0
 40
0.0
 40
0.0
 40
0.0
 40
0.0
 40
0.0802922217
 40
0.2279956936
 40
0.365475841
 40
0.4878192378
 40
0.5979001341
 40
0.7021611615
 40
0.8095479429
 40
0.9320822095
 40
1.0
 40
1.0
 40
1.0
 40
1.0
 10
244.5971099732
 20
215.2750225557
 30
0.0
 10
244.5853124493
 20
215.2598921194
 30
0.0
 10
244.551870955
 20
215.2168822292
 30
0.0
 10
244.4988651901
 20
215.1474637161
 30
0.0
 10
244.4435752251
 20
215.0672110467
 30
0.0
 10
244.4011565803
 20
214.9893311774
 30
0.0
 10
244.3761192287
 20
214.912188332
 30
0.0
 10
244.3718477437
 20
214.8343384583
 30
0.0
 10
244.3920744682
 20
214.7558977363
 30
0.0
 10
244.4276905633
 20
214.6935459884
 30
0.0
 10
244.4558002683
 20
214.6576234596
 30
0.0
 10
244.4663370735
 20
214.6452488333
 30
0.0
 11
244.5971099732
 21
215.2750225557
 31
0.0
 11
244.561805047
 21
215.2295622544
 31
0.0
 11
244.4980985341
 21
215.1449874795
 31
0.0
 11
244.443049036
 21
215.0632398439
 31
0.0
 11
244.4023463318
 21
214.9855526347
 31
0.0
 11
244.3791400202
 21
214.9101284294
 31
0.0
 11
244.3756797969
 21
214.8354671298
 31
0.0
 11
244.3941196489
 21
214.7607260429
 31
0.0
 11
244.4364301465
 21
214.6837464744
 31
0.0
 11
244.4663370735
 21
214.6452488333
 31
0.0
  0
SPLINE
  5
1282
100
AcDbEntity
  8
0
100
AcDbSpline
 62
3
  6
CONTINUOUS
 70
0
 71
3
 72
9
 73
5
 74
3
 42
0.0000001
 43
0.0000001
 44
0.0000000001
 12
0.0378050823
 22
-0.0929144287
 32
0.0
 13
0.0412891764
 23
-0.0914194685
 33
0.0
 40
0.0
 40
0.0
 40
0.0
 40
0.0
 40
0.2582219496
 40
1.0
 40
1.0
 40
1.0
 40
1.0
 10
239.1891368041
 20
228.5552136393
 30
0.0
 10
239.1923908382
 20
228.5472161243
 30
0.0
 10
239.2051202544
 20
228.5162969964
 30
0.0
 10
239.218381867
 20
228.4855952159
 30
0.0
 10
239.228591002
 20
228.4629908975
 30
0.0
 11
239.1891368041
 21
228.5552136393
 31
0.0
 11
239.1990003536
 21
228.5312626217
 31
0.0
 11
239.228591002
 21
228.4629908975
 31
0.0
  0
SPLINE
  5
1283
100
AcDbEntity
  8
0
100
AcDbSpline
 62
3
  6
CONTINUOUS
 70
0
 71
3
 72
9
 73
5
 74
3
 42
0.0000001
 43
0.0000001
 44
0.0000000001
 12
0.0387139946
 22
-0.2298646414
 32
0.0
 13
0.0536809383
 23
-0.2268366893
 33
0.0
 40
0.0
 40
0.0
 40
0.0
 40
0.0
 40
0.5403434333
 40
1.0
 40
1.0
 40
1.0
 40
1.0
 10
234.1038026196
 20
228.5552136393
 30
0.0
 10
234.1107755705
 20
228.5138116894
 30
0.0
 10
234.1244277951
 20
228.4373136173
 30
0.0
 10
234.14036607
 20
228.3612404812
 30
0.0
 10
234.148591002
 20
228.3264848233
 30
0.0
 11
234.1038026196
 21
228.5552136393
 31
0.0
 11
234.1261968108
 21
228.4312652966
 31
0.0
 11
234.148591002
 21
228.3264848233
 31
0.0
  0
SPLINE
  5
1284
100
AcDbEntity
  8
0
100
AcDbSpline
 62
3
  6
CONTINUOUS
 70
0
 71
3
 72
9
 73
5
 74
3
 42
0.0000001
 43
0.0000001
 44
0.0000000001
 12
-0.0127435202
 22
-0.2288553881
 32
0.0
 13
-0.0178791712
 23
-0.2285115341
 33
0.0
 40
0.0
 40
0.0
 40
0.0
 40
0.0
 40
0.2808362783
 40
1.0
 40
1.0
 40
1.0
 40
1.0
 10
230.0833990507
 20
228.5552136393
 30
0.0
 10
230.0822061031
 20
228.5337900074
 30
0.0
 10
230.0778160626
 20
228.4575135315
 30
0.0
 10
230.0728770191
 20
228.3812638917
 30
0.0
 10
230.068591002
 20
228.3264848233
 30
0.0
 11
230.0833990507
 21
228.5552136393
 31
0.0
 11
230.0796970385
 21
228.4909497207
 31
0.0
 11
230.068591002
 21
228.3264848233
 31
0.0
  0
SPLINE
  5
1285
100
AcDbEntity
  8
0
100
AcDbSpline
 62
3
  6
CONTINUOUS
 70
0
 71
3
 72
9
 73
5
 74
3
 42
0.0000001
 43
0.0000001
 44
0.0000000001
 12
-0.0655926479
 22
-0.2317649182
 32
0.0
 13
-0.0890055891
 23
-0.2238199675
 33
0.0
 40
0.0
 40
0.0
 40
0.0
 40
0.0
 40
0.5377838902
 40
1.0
 40
1.0
 40
1.0
 40
1.0
 10
225.0638532227
 20
228.5552136393
 30
0.0
 10
225.0520949996
 20
228.5136671595
 30
0.0
 10
225.0290175434
 20
228.4367481919
 30
0.0
 10
225.0023042743
 20
228.3609692215
 30
0.0
 10
224.988591002
 20
228.3264848233
 30
0.0
 11
225.0638532227
 21
228.5552136393
 31
0.0
 11
225.0262221123
 21
228.4312652966
 31
0.0
 11
224.988591002
 21
228.3264848233
 31
0.0
  0
SPLINE
  5
1286
100
AcDbEntity
  8
0
100
AcDbSpline
 62
3
  6
CONTINUOUS
 70
0
 71
3
 72
12
 73
8
 74
6
 42
0.0000001
 43
0.0000001
 44
0.0000000001
 12
0.0
 22
-0.4745342182
 32
0.0
 13
-0.4712964652
 23
-0.0682508406
 33
0.0
 40
0.0
 40
0.0
 40
0.0
 40
0.0
 40
0.1845169169
 40
0.389706785
 40
0.6177848563
 40
0.868373997
 40
1.0
 40
1.0
 40
1.0
 40
1.0
 10
216.638591002
 20
248.5453795619
 30
0.0
 10
216.638591002
 20
248.5161930316
 30
0.0
 10
216.6254087245
 20
248.4541415385
 30
0.0
 10
216.5712626079
 20
248.3705512017
 30
0.0
 10
216.4848701524
 20
248.3025677871
 30
0.0
 10
216.3945959546
 20
248.2657988385
 30
0.0
 10
216.3350371922
 20
248.2531457578
 30
0.0
 10
216.3143589023
 20
248.2501512293
 30
0.0
 11
216.638591002
 21
248.5453795619
 31
0.0
 11
216.6214061082
 21
248.4595229291
 31
0.0
 11
216.5695093815
 21
248.3771362104
 31
0.0
 11
216.4853678807
 21
248.3090618057
 31
0.0
 11
216.375700133
 21
248.2630909924
 31
0.0
 11
216.3143589023
 21
248.2501512293
 31
0.0
  0
ELLIPSE
  5
1287
100
AcDbEntity
  8
RUNDUNGEN
100
AcDbEllipse
 62
7
  6
CONTINUOUS
 10
77.5796903427
 20
211.0053773851
 30
0.0
 11
0.4
 21
0.0
 31
0.0
 40
0.1405408347
 41
-3.1415926536
 42
-1.5707963268
  0
ELLIPSE
  5
1288
100
AcDbEntity
  8
RUNDUNGEN
100
AcDbEllipse
 62
7
  6
CONTINUOUS
 10
61.1796903427
 20
220.2523615878
 30
0.0
 11
0.4
 21
0.0
 31
0.0
 40
0.0174550649
 41
-1.5707963268
 42
-0.0
  0
ELLIPSE
  5
1289
100
AcDbEntity
  8
RUNDUNGEN
100
AcDbEllipse
 62
7
  6
CONTINUOUS
 10
85.7796903427
 20
220.2523615878
 30
0.0
 11
0.4
 21
0.0
 31
0.0
 40
0.0174550649
 41
3.1415926536
 42
4.7123889804
  0
ELLIPSE
  5
128A
100
AcDbEntity
  8
RUNDUNGEN
100
AcDbEllipse
 62
7
  6
CONTINUOUS
 10
85.7796903427
 20
228.2383975359
 30
0.0
 11
0.4
 21
0.0
 31
0.0
 40
0.0174550649
 41
1.5707963268
 42
3.1415926536
  0
ELLIPSE
  5
128B
100
AcDbEntity
  8
RUNDUNGEN
100
AcDbEllipse
 62
7
  6
CONTINUOUS
 10
61.1796903427
 20
228.2383975359
 30
0.0
 11
0.4
 21
0.0
 31
0.0
 40
0.0174550649
 41
-0.0
 42
1.5707963268
  0
ELLIPSE
  5
128C
100
AcDbEntity
  8
RUNDUNGEN
100
AcDbEllipse
 62
7
  6
CONTINUOUS
 10
69.3796903427
 20
211.0053773851
 30
0.0
 11
0.4
 21
0.0
 31
0.0
 40
0.1405408347
 41
-1.5707963268
 42
0.0
  0
ELLIPSE
  5
128D
100
AcDbEntity
  8
RUNDUNGEN
100
AcDbEllipse
 62
7
  6
CONTINUOUS
 10
77.4722067914
 20
114.365412977
 30
0.0
 11
0.4
 21
-0.0
 31
0.0
 40
0.1405408347
 41
3.1415926536
 42
4.7123889804
  0
ELLIPSE
  5
128E
100
AcDbEntity
  8
RUNDUNGEN
100
AcDbEllipse
 62
7
  6
CONTINUOUS
 10
61.0722067914
 20
123.6123971797
 30
0.0
 11
0.4
 21
-0.0
 31
0.0
 40
0.0174550649
 41
-1.5707963268
 42
0.0
  0
ELLIPSE
  5
128F
100
AcDbEntity
  8
RUNDUNGEN
100
AcDbEllipse
 62
7
  6
CONTINUOUS
 10
85.6722067914
 20
123.6123971797
 30
0.0
 11
0.4
 21
0.0
 31
0.0
 40
0.0174550649
 41
-3.1415926536
 42
-1.5707963268
  0
ELLIPSE
  5
1290
100
AcDbEntity
  8
RUNDUNGEN
100
AcDbEllipse
 62
7
  6
CONTINUOUS
 10
85.6722067914
 20
131.5984331278
 30
0.0
 11
0.4
 21
0.0
 31
0.0
 40
0.0174550649
 41
1.5707963268
 42
3.1415926536
  0
ELLIPSE
  5
1291
100
AcDbEntity
  8
RUNDUNGEN
100
AcDbEllipse
 62
7
  6
CONTINUOUS
 10
61.0722067914
 20
131.5984331278
 30
0.0
 11
0.4
 21
0.0
 31
0.0
 40
0.0174550649
 41
0.0
 42
1.5707963268
  0
ELLIPSE
  5
1292
100
AcDbEntity
  8
RUNDUNGEN
100
AcDbEllipse
 62
7
  6
CONTINUOUS
 10
69.2722067914
 20
114.365412977
 30
0.0
 11
0.4
 21
0.0
 31
0.0
 40
0.1405408347
 41
-1.5707963268
 42
-0.0
  0
ELLIPSE
  5
1293
100
AcDbEntity
  8
RUNDUNGEN
100
AcDbEllipse
 62
7
  6
CONTINUOUS
 10
247.2133689053
 20
99.4054151538
 30
0.0
 11
0.692820323
 21
-0.0
 31
0.0
 40
0.8660254038
 41
-3.1415926536
 42
-1.5707963268
  0
ELLIPSE
  5
1294
100
AcDbEntity
  8
RUNDUNGEN
100
AcDbEllipse
 62
7
  6
CONTINUOUS
 10
242.5680694436
 20
99.4054151538
 30
0.0
 11
0.692820323
 21
0.0
 31
0.0
 40
0.8660254038
 41
-1.5707963268
 42
-1.3304234982
  0
ELLIPSE
  5
1295
100
AcDbEntity
  8
RUNDUNGEN
100
AcDbEllipse
 62
7
  6
CONTINUOUS
 10
236.2133689053
 20
99.4054151538
 30
0.0
 11
0.692820323
 21
-0.0
 31
0.0
 40
0.8660254038
 41
-3.1415926536
 42
-1.5707963268
  0
ELLIPSE
  5
1296
100
AcDbEntity
  8
RUNDUNGEN
100
AcDbEllipse
 62
7
  6
CONTINUOUS
 10
231.5680694436
 20
99.4054151538
 30
0.0
 11
0.692820323
 21
-0.0
 31
0.0
 40
0.8660254038
 41
-1.5707963268
 42
0.0
  0
ENDSEC
  0
SECTION
  2
OBJECTS
  0
DICTIONARY
  5
C
100
AcDbDictionary
280
0
281
1
  3
ACAD_GROUP
350
D
  3
ACAD_MLINESTYLE
350
17
  3
ACAD_LAYOUT
350
1A
  3
ACAD_PLOTSETTINGS
350
19
  3
ACAD_PLOTSTYLENAME
350
E
  3
ACAD_TABLESTYLE
350
      1297
  0
DICTIONARY
  5
D
102
{ACAD_REACTORS
330
C
102
}
100
AcDbDictionary
280
0
281
1
  0
ACDBDICTIONARYWDFLT
  5
E
102
{ACAD_REACTORS
330
C
102
}
100
AcDbDictionary
281
1
  3
Normal
350
F
100
AcDbDictionaryWithDefault
340
F
  0
DICTIONARY
  5
17
102
{ACAD_REACTORS
330
C
102
}
100
AcDbDictionary
280
0
281
1
  3
Standard
350
18
  0
DICTIONARY
  5
1297
330
C
100
AcDbDictionary
281
1
  3
Standard
350
      129A
  3
Standard1
350
      129B
  0
DICTIONARY
  5
19
102
{ACAD_REACTORS
330
C
102
}
100
AcDbDictionary
281
1
  0
DICTIONARY
  5
1A
102
{ACAD_REACTORS
330
C
102
}
100
AcDbDictionary
281
1
  3
Model
350
1298
  3
Layout1
350
1299
  0
ACDBPLACEHOLDER
  5
F
102
{ACAD_REACTORS
330
E
102
}
  0
MLINESTYLE
  5
18
102
{ACAD_REACTORS
330
17
102
}
100
AcDbMlineStyle
  2
STANDARD
 70
0
  3

 62
256
 51
90.0
 52
90.0
 71
2
 49
0.5
 62
256
  6
BYLAYER
 49
-0.5
 62
256
  6
BYLAYER
  0
LAYOUT
  5
1298
102
{ACAD_REACTORS
330
1A
102
}
100
AcDbPlotSettings
  1

  2
none_device
  4
ISO_A3_(420.00_x_297.00_MM)
  6

 40
0.0
 41
0.0
 42
0.0
 43
0.0
 44
420.0
 45
297.0
 46
0.0
 47
0.0
 48
0.0
 49
0.0
140
0.0
141
0.0
142
1.0
143
1.0
 70
1024
 72
1
 73
0
 74
0
  7

 75
0
147
1.0
148
0.0
149
0.0
100
AcDbLayout
  1
Model
 70
0
 71
0
 10
0.0
 20
0.0
 11
420.0
 21
297.0
 12
0.0
 22
0.0
 32
0.0
 14
0.0
 24
0.0
 34
0.0
 15
0.0
 25
0.0
 35
0.0
146
0.0
 13
0.0
 23
0.0
 33
0.0
 16
1.0
 26
0.0
 36
0.0
 17
0.0
 27
1.0
 37
0.0
 76
0
330
224
345
0
346
0
  0
LAYOUT
  5
1299
102
{ACAD_REACTORS
330
1A
102
}
100
AcDbPlotSettings
  1

  2
none_device
  4
ISO_A3_(420.00_x_297.00_MM)
  6

 40
0.0
 41
0.0
 42
0.0
 43
0.0
 44
420.0
 45
297.0
 46
0.0
 47
0.0
 48
0.0
 49
0.0
140
0.0
141
0.0
142
1.0
143
1.0
 70
0
 72
1
 73
0
 74
0
  7

 75
0
147
1.0
148
0.0
149
0.0
100
AcDbLayout
  1
Layout1
 70
0
 71
1
 10
0.0
 20
0.0
 11
420.0
 21
297.0
 12
0.0
 22
0.0
 32
0.0
 14
0.0
 24
0.0
 34
0.0
 15
0.0
 25
0.0
 35
0.0
146
0.0
 13
0.0
 23
0.0
 33
0.0
 16
1.0
 26
0.0
 36
0.0
 17
0.0
 27
1.0
 37
0.0
 76
0
330
225
345
0
346
0
  0
TABLESTYLE
  5
129A
102
{ACAD_REACTORS
330
1297
330
3BC
102
}
330
1297
100
AcDbTableStyle
  3
Standard
 70
0
 71
0
 40
0.06
 41
0.06
280
1
281
1
  7
Standard
140
0.18
170
1
 62
0
 63
7
283
0
  7
Standard
140
0.18
170
1
 62
0
 63
7
283
0
  7
Standard
140
0.18
170
1
 62
0
 63
7
283
0
  0
TABLESTYLE
  5
129B
102
{ACAD_REACTORS
330
1297
102
}
330
1297
100
AcDbTableStyle
  3
Standard1
 70
1
 71
0
 40
0.06
 41
0.06
280
1
281
1
  7
Standard
140
0.18
170
1
 62
0
 63
7
283
0
  7
Standard
140
0.18
170
1
 62
0
 63
7
283
0
  7
Standard
140
0.18
170
1
 62
0
 63
7
283
0
  0
ENDSEC
  0
EOF
